Feature,Block,MissingRate,NonMissingRows,UniqueValues,GlobalCorrelation,MedianAbsoluteSeasonCorrelation,SeasonSignConsistency,SeasonCoverage,SeasonCorrelationIQR,StabilityScore,Mandatory,InPrecorrelationPool,Selected,SelectionRank,ExclusionReason
matchup__seed_diff,matchup_context,0.0,1745,29,-0.5405491874541745,0.5533524224025029,1.0,1.0,0.16568737375827525,0.6379024890427888,True,True,True,1.0,selected
diff__norm__rating__elo_mov_538__pct,within_season_normalization,0.0,1745,1026,0.48300005216155983,0.4896312601876689,1.0,1.0,0.06967804093043672,0.5984958947284067,True,True,True,2.0,selected
diff__adj__net_rtg_a50p0,opponent_adjusted_efficiency,0.0,1745,1745,0.47631437344163063,0.49438928076267047,1.0,1.0,0.12741636871690432,0.5969993621745644,True,True,True,5.0,selected
diff__norm__schedule__opponent_strength_mean__pct,within_season_normalization,0.0,1745,1353,0.45893390661391414,0.4719888320290583,1.0,1.0,0.1307967275492602,0.5822882297270386,True,True,True,4.0,selected
diff__compact__margin_trim02,compact_performance,0.0,1745,1705,0.44652207081372997,0.4687077219427502,1.0,1.0,0.1291141387993418,0.578049996559567,True,True,True,3.0,selected
context__women,matchup_context,0.0,1745,2,0.0372853422849689,0.0,0.0,1.0,0.0,0.10820277530269316,True,True,True,6.0,selected
diff__rating__margin_ridge_a5p0_z,global_strength_ratings,0.0,1745,1745,0.5597419469253403,0.5713862541057134,1.0,1.0,0.1361011122645207,0.6519645858037365,False,True,True,60.0,selected
diff__rating__margin_ridge_a5p0,global_strength_ratings,0.0,1745,1745,0.5518224382478357,0.571386250604848,1.0,1.0,0.1361011172708556,0.6502222920140166,False,True,False,,correlation_pruned_or_cap
seedprior__team1_prob_pc2p0,prequential_seed_priors,0.0,1745,987,0.5519028242885964,0.5613450409586608,1.0,1.0,0.18350011915327313,0.6435242362375174,False,True,False,,correlation_pruned_or_cap
seedprior__team1_prob_pc8p0,prequential_seed_priors,0.0,1745,987,0.5506412336976493,0.5580911771227595,1.0,1.0,0.18370803753821874,0.6416765149308786,False,True,False,,correlation_pruned_or_cap
diff__seed__number,selection_committee_prior,0.0,1745,29,-0.5405491874541745,0.5533524224025029,1.0,1.0,0.16568737375827525,0.6379024890427888,False,True,False,,correlation_pruned_or_cap
diff__seed__strength,selection_committee_prior,0.0,1745,29,0.5405491874541745,0.5533524224025029,1.0,1.0,0.16568737375827525,0.6379024890427888,False,True,False,,correlation_pruned_or_cap
diff__rating__elo_mov_log_z,dynamic_ratings,0.0,1745,1745,0.5343122062470954,0.5448740651845356,1.0,1.0,0.13199363465615538,0.6338084912766918,False,True,False,,correlation_pruned_or_cap
diff__rating__elo_mov_log,dynamic_ratings,0.0,1745,1745,0.5326480933019343,0.5448740624778902,1.0,1.0,0.13199363204569792,0.6334423852339849,False,True,False,,correlation_pruned_or_cap
diff__norm__schedule__quality_win_points_sum__z,within_season_normalization,0.0,1745,1745,0.5361619007191868,0.541318842993232,1.0,1.0,0.11095901520888751,0.6333503021866169,False,True,True,13.0,selected
diff__schedule__quality_win_points_sum,schedule_and_accomplishment,0.0,1745,1745,0.5357889114574232,0.5413188417818129,1.0,1.0,0.11095901758960769,0.6332682438723191,False,False,False,,below_bounded_prescreen
diff__norm__rating__margin_ridge_a25p0__z,within_season_normalization,0.0,1745,1745,0.5379456046468583,0.539552533044657,1.0,1.0,0.1427162885833334,0.6316245973404109,False,True,True,14.0,selected
diff__rating__margin_ridge_a25p0_z,global_strength_ratings,0.0,1745,1745,0.5379456046468583,0.539552533044657,1.0,1.0,0.1427162885833334,0.6316245973404109,False,True,False,,correlation_pruned_or_cap
diff__norm__rating__elo_mov_538__z,within_season_normalization,0.0,1745,1745,0.5334850793212408,0.5397234072795248,1.0,1.0,0.13079915571661116,0.6312019867161804,False,True,True,15.0,selected
diff__rating__elo_mov_538_z,dynamic_ratings,0.0,1745,1745,0.5334850793212408,0.5397234072795248,1.0,1.0,0.13079915571661116,0.6312019867161804,False,True,False,,correlation_pruned_or_cap
diff__schedule__quality_win_points_mean,schedule_and_accomplishment,0.0,1745,1745,0.530892726368925,0.541020046778747,1.0,1.0,0.14052311039230458,0.6308650978392699,False,False,False,,below_bounded_prescreen
diff__rating__elo_mov_538,dynamic_ratings,0.0,1745,1745,0.5319275998348874,0.5397234094164988,1.0,1.0,0.1307991531668954,0.6308593423569188,False,True,False,,correlation_pruned_or_cap
diff__adj__net_rtg_a10p0_z,opponent_adjusted_efficiency,0.0,1745,1745,0.5395760776611647,0.5348540616113153,1.0,1.0,0.13362187792935176,0.6300918115417136,False,True,False,,correlation_pruned_or_cap
diff__norm__adj__net_rtg_a10p0__z,within_season_normalization,0.0,1745,1745,0.5395760776611647,0.5348540616113153,1.0,1.0,0.13362187792935176,0.6300918115417136,False,True,False,,correlation_pruned_or_cap
diff__rating__margin_ridge_a25p0,global_strength_ratings,0.0,1745,1745,0.5283010511833771,0.5395525334005822,1.0,1.0,0.1427162844411063,0.6295027959149782,False,True,False,,correlation_pruned_or_cap
diff__rating__colley,global_strength_ratings,0.0,1745,1745,0.5330218586912069,0.5363307033687293,1.0,1.0,0.14274713790492888,0.6289936610128585,False,True,False,,correlation_pruned_or_cap
diff__norm__rating__colley__z,within_season_normalization,0.0,1745,1745,0.5327856868802108,0.5363307010780687,1.0,1.0,0.14274714230971886,0.6289417019387306,False,True,True,16.0,selected
diff__rating__colley_z,global_strength_ratings,0.0,1745,1745,0.5327856868802108,0.5363307010780687,1.0,1.0,0.14274714230971886,0.6289417019387306,False,True,False,,correlation_pruned_or_cap
diff__adj__net_rtg_a10p0,opponent_adjusted_efficiency,0.0,1745,1745,0.5313972419443094,0.534854059920827,1.0,1.0,0.13362187725643704,0.6282924668994875,False,True,False,,correlation_pruned_or_cap
diff__schedule__quality_wins,schedule_and_accomplishment,0.0,1745,44,0.5231265569390021,0.5355674341124791,1.0,1.0,0.14339953905093045,0.6264242293385331,False,False,False,,below_bounded_prescreen
diff__norm__rating__bt_c1p0__z,within_season_normalization,0.0,1745,1745,0.524153594669939,0.5321149283625279,1.0,1.0,0.1537485880522545,0.6245790129193097,False,True,True,17.0,selected
diff__rating__bt_c1p0_z,global_strength_ratings,0.0,1745,1745,0.524153594669939,0.5321149283625279,1.0,1.0,0.1537485880522545,0.6245790129193097,False,True,False,,correlation_pruned_or_cap
diff__rating__bt_c1p0,global_strength_ratings,0.0,1745,1745,0.5230826550033872,0.5321149296898822,1.0,1.0,0.15374858557372922,0.6243434069289394,False,True,False,,correlation_pruned_or_cap
diff__norm__schedule__rpi__z,within_season_normalization,0.0,1745,1745,0.5156712329089964,0.5306964941502839,1.0,1.0,0.10612596083803577,0.6239369499985941,False,True,True,18.0,selected
diff__schedule__rpi,schedule_and_accomplishment,0.0,1745,1745,0.5152562601927578,0.530696497002026,1.0,1.0,0.10612596338796737,0.6238456572678605,False,False,False,,below_bounded_prescreen
diff__compact__half_marginmean_first,compact_performance,0.0,1745,1501,0.5031700851269092,0.5240734400399752,1.0,1.0,0.12179318827701402,0.6173809424160276,False,True,True,37.0,selected
diff__rating__elo_standard_z,dynamic_ratings,0.0,1745,1745,0.5069419336929561,0.5159063051527719,1.0,1.0,0.14417006090754303,0.6133954494494792,False,True,False,,correlation_pruned_or_cap
diff__rating__elo_standard,dynamic_ratings,0.0,1745,1745,0.5059156449657767,0.5159063129286613,1.0,1.0,0.14417006084376083,0.613169669664478,False,True,False,,correlation_pruned_or_cap
diff__rating__margin_ridge_a5p0_percentile,global_strength_ratings,0.0,1745,1088,0.493856509579499,0.5127521467187919,1.0,1.0,0.07569118673377834,0.6117418150631587,False,True,False,,correlation_pruned_or_cap
diff__norm__rating__pagerank_margin__pct,within_season_normalization,0.0,1745,1161,0.48492916309125805,0.5134387560029133,1.0,1.0,0.11133397020822677,0.608681659953146,False,True,True,19.0,selected
diff__rating__pagerank_margin_percentile,global_strength_ratings,0.0,1745,1161,0.48492916309125805,0.5134387560029133,1.0,1.0,0.11133397020822677,0.608681659953146,False,True,False,,correlation_pruned_or_cap
diff__rating__pagerank_binary_percentile,global_strength_ratings,0.0,1745,1145,0.48147058941984283,0.5112438487108444,1.0,1.0,0.1095120999276698,0.6069400930564639,False,True,False,,correlation_pruned_or_cap
diff__rating__bt_c0p25_z,global_strength_ratings,0.0,1745,1745,0.48848176598175347,0.5082287054676596,1.0,1.0,0.1695089865584306,0.6046354076781252,False,True,False,,correlation_pruned_or_cap
diff__rating__bt_c0p25,global_strength_ratings,0.0,1745,1745,0.488308835646222,0.5082287020399839,1.0,1.0,0.16950898631643874,0.6045973613687036,False,True,False,,correlation_pruned_or_cap
diff__rating__elo_mov_log_percentile,dynamic_ratings,0.0,1745,1047,0.48467225571550837,0.49548474881211513,1.0,1.0,0.0678139063707498,0.6017480194323971,False,True,False,,correlation_pruned_or_cap
diff__norm__rating__colley__pct,within_season_normalization,0.0,1745,1044,0.4840634068708757,0.4959876135050095,1.0,1.0,0.07548246761490629,0.6015487052894009,False,True,True,20.0,selected
diff__rating__colley_percentile,global_strength_ratings,0.0,1745,1044,0.4840634068708757,0.4959876135050095,1.0,1.0,0.07548246761490629,0.6015487052894009,False,True,False,,correlation_pruned_or_cap
diff__adj__net_rtg_a10p0_percentile,opponent_adjusted_efficiency,0.0,1745,1036,0.4786955998638037,0.49858844964630183,1.0,1.0,0.08356487409586999,0.6012928928364268,False,True,False,,correlation_pruned_or_cap
diff__norm__adj__net_rtg_a10p0__pct,within_season_normalization,0.0,1745,1036,0.4786955998638037,0.49858844964630183,1.0,1.0,0.08356487409586999,0.6012928928364268,False,True,True,21.0,selected
diff__norm__rating__margin_ridge_a25p0__pct,within_season_normalization,0.0,1745,1050,0.475586185917026,0.4956894293891593,1.0,1.0,0.08268684308730573,0.5992524132850499,False,True,False,,correlation_pruned_or_cap
diff__rating__margin_ridge_a25p0_percentile,global_strength_ratings,0.0,1745,1050,0.475586185917026,0.4956894293891593,1.0,1.0,0.08268684308730573,0.5992524132850499,False,True,False,,correlation_pruned_or_cap
diff__adj__net_rtg_a50p0_z,opponent_adjusted_efficiency,0.0,1745,1745,0.48509645517162464,0.49438928342843336,1.0,1.0,0.12741637071537976,0.5989314213547902,False,True,False,,correlation_pruned_or_cap
diff__norm__adj__net_rtg_a50p0__z,within_season_normalization,0.0,1745,1745,0.48509645517162464,0.49438928342843336,1.0,1.0,0.12741637071537976,0.5989314213547902,False,True,False,,correlation_pruned_or_cap
diff__rating__elo_mov_538_percentile,dynamic_ratings,0.0,1745,1026,0.48300005216155983,0.4896312601876689,1.0,1.0,0.06967804093043672,0.5984958947284067,False,True,False,,correlation_pruned_or_cap
diff__norm__schedule__rpi__pct,within_season_normalization,0.0,1745,1055,0.47545160013228965,0.48900403094468914,1.0,1.0,0.05402069277075383,0.5971604591717243,False,True,True,22.0,selected
diff__norm__rating__bt_c1p0__pct,within_season_normalization,0.0,1745,1041,0.47689548159294176,0.48989783960010236,1.0,1.0,0.08713079981188887,0.5965827369660208,False,True,False,,correlation_pruned_or_cap
diff__rating__bt_c1p0_percentile,global_strength_ratings,0.0,1745,1041,0.47689548159294176,0.48989783960010236,1.0,1.0,0.08713079981188887,0.5965827369660208,False,True,False,,correlation_pruned_or_cap
diff__rating__pagerank_binary_z,global_strength_ratings,0.0,1745,1745,0.4756360280936158,0.49436276176115046,1.0,1.0,0.13409646232120986,0.5965701933330994,False,True,False,,correlation_pruned_or_cap
diff__rating__elo_season_reset_mov_z,dynamic_ratings,0.0,1745,1745,0.4709186793532114,0.4963227768912119,1.0,1.0,0.1469037340370365,0.5959608930040067,False,True,False,,correlation_pruned_or_cap
diff__rating__elo_season_reset_mov,dynamic_ratings,0.0,1745,1745,0.4700172990634679,0.49632277653319606,1.0,1.0,0.1469037272109518,0.595762589441459,False,True,False,,correlation_pruned_or_cap
diff__rating__elo_season_reset_mov_delta,dynamic_ratings,0.0,1745,1745,0.4700172990634679,0.49632277653319606,1.0,1.0,0.1469037272109518,0.595762589441459,False,False,False,,below_bounded_prescreen
matchup__team1_seed,matchup_context,0.0,1745,16,-0.4644965141119112,0.495839556277986,1.0,1.0,0.15442329361170787,0.5940152883735854,False,True,True,7.0,selected
diff__norm__schedule__quality_win_points_sum__pct,within_season_normalization,0.0,1745,1059,0.47870450190271585,0.4834618308032896,1.0,1.0,0.08642931222653344,0.5939194967151151,False,True,True,23.0,selected
diff__schedule__oowp,schedule_and_accomplishment,0.0,1745,1745,0.4836854004942824,0.48589430308177467,1.0,1.0,0.15029920452776452,0.5936280854068833,False,False,False,,below_bounded_prescreen
diff__norm__rating__pagerank_margin__z,within_season_normalization,0.0,1745,1745,0.47976330838647646,0.48281198709413,1.0,1.0,0.1269214546841103,0.5922208234628428,False,True,True,24.0,selected
diff__rating__pagerank_margin_z,global_strength_ratings,0.0,1745,1745,0.47976330838647646,0.48281198709413,1.0,1.0,0.1269214546841103,0.5922208234628428,False,True,False,,correlation_pruned_or_cap
diff__seed__top4,selection_committee_prior,0.0,1745,3,0.48241738578205773,0.47886535560148424,1.0,1.0,0.14406580772446387,0.5902245632517865,False,True,False,,correlation_pruned_or_cap
diff__rating__elo_mov_538_preseason,dynamic_ratings,0.0,1745,1745,0.4738809211255122,0.48129212633626894,1.0,1.0,0.17350590203036909,0.588333787207807,False,False,False,,below_bounded_prescreen
diff__rating__elo_mov_log_preseason,dynamic_ratings,0.0,1745,1745,0.47495536970511926,0.4803260481165639,1.0,1.0,0.17345469986720985,0.5881084964363885,False,False,False,,below_bounded_prescreen
diff__conference__strength_max,conference_context,0.0,1745,1484,0.44058861990784864,0.4907600631948379,1.0,1.0,0.11019230206483188,0.5880866346306556,False,False,False,,below_bounded_prescreen
diff__schedule__bad_loss_penalty_sum,schedule_and_accomplishment,0.0,1745,1744,-0.4550958494686943,0.4800315447384844,1.0,1.0,0.07053251910017888,0.5877149275935781,False,False,False,,below_bounded_prescreen
diff__rating__pagerank_binary,global_strength_ratings,0.0,1745,1745,0.4315406254414692,0.4943627585386954,1.0,1.0,0.134096469052095,0.5868692029336132,False,True,False,,correlation_pruned_or_cap
diff__rating__elo_standard_percentile,dynamic_ratings,0.0,1745,1047,0.4601424830641058,0.47336590781018195,1.0,1.0,0.06855689836183587,0.5857047060885172,False,False,False,,below_bounded_prescreen
diff__rating__pagerank_margin,global_strength_ratings,0.0,1745,1745,0.433270271659216,0.4828119849134036,1.0,1.0,0.1269214583770164,0.5819923541883806,False,True,False,,correlation_pruned_or_cap
diff__norm__compact__margin_mean__z,within_season_normalization,0.0,1745,1742,0.4549378426602015,0.46870772371299424,1.0,1.0,0.12911414209464855,0.5799014670836955,False,False,False,,below_bounded_prescreen
diff__norm__compact__margin_trim02__z,within_season_normalization,0.0,1745,1742,0.4549378426602015,0.46870772371299424,1.0,1.0,0.12911414209464855,0.5799014670836955,False,False,False,,below_bounded_prescreen
diff__compact__margin_mean,compact_performance,0.0,1745,1705,0.44652207081372997,0.4687077219427502,1.0,1.0,0.1291141387993418,0.578049996559567,False,True,False,,correlation_pruned_or_cap
diff__rating__elo_standard_preseason,dynamic_ratings,0.0,1745,1745,0.44805813154652424,0.4725673578182016,1.0,1.0,0.19700305714668886,0.5775249984071046,False,False,False,,below_bounded_prescreen
diff__adj__off_rtg_a10p0,opponent_adjusted_efficiency,0.0,1745,1745,0.46155815084899227,0.46221714795308133,1.0,1.0,0.15490122592055855,0.5772109751674349,False,True,True,25.0,selected
diff__norm__detailed__all__net_rtg_ros__z,within_season_normalization,0.0,1745,1745,0.45005882080670356,0.4618482618144687,1.0,1.0,0.1289898003485569,0.5755405142344775,False,False,False,,below_bounded_prescreen
diff__compact__margin_winsor02,compact_performance,0.0,1745,1742,0.445123258060629,0.46383011438886235,1.0,1.0,0.12648997909398862,0.5755059725162328,False,True,False,,correlation_pruned_or_cap
diff__norm__detailed__clean__net_rtg_ros__z,within_season_normalization,0.0,1745,1745,0.44940352058857663,0.4617406623848721,1.0,1.0,0.1286983852057536,0.5753563570659953,False,False,False,,below_bounded_prescreen
diff__compact__home_margin_mean,compact_performance,0.008022922636103151,1731,1651,0.43936061529343773,0.4679812842755684,1.0,1.0,0.13969530113826445,0.5750607059604103,False,True,True,38.0,selected
diff__detailed__all__net_rtg_ros,detailed_efficiency,0.0,1745,1745,0.4429997991429639,0.4618482630734337,1.0,1.0,0.12898980047429243,0.5739875300677285,False,False,False,,below_bounded_prescreen
diff__detailed__clean__net_rtg_ros,detailed_efficiency,0.0,1745,1745,0.4423588678249764,0.46174066317043727,1.0,1.0,0.12869838418682283,0.5738065338758318,False,False,False,,below_bounded_prescreen
matchup__team1_is_seed_favorite,matchup_context,0.0,1745,2,0.46162092907343133,0.4584002243523897,1.0,1.0,0.21533292388165115,0.5729753951300359,False,True,True,8.0,selected
diff__rating__bt_c0p25_percentile,global_strength_ratings,0.0,1745,1054,0.4449496645884945,0.45465038013858666,1.0,1.0,0.0836210056895133,0.5727762684484099,False,False,False,,below_bounded_prescreen
diff__compact__upside_tail_mean,compact_performance,0.0,1745,1704,0.4422683368634835,0.46009554965499583,1.0,1.0,0.13493578882948637,0.5727474663911849,False,True,False,,correlation_pruned_or_cap
diff__detailed__poss0p44__net_rtg_mean,detailed_efficiency,0.0,1745,1745,0.4390034003454789,0.46024839966670195,1.0,1.0,0.12196062442659228,0.5726215549389586,False,False,False,,below_bounded_prescreen
diff__detailed__all__netrtg_mean,detailed_efficiency,0.0,1745,1745,0.4389557676227687,0.4601376643977095,1.0,1.0,0.12130702876451527,0.5725840666373291,False,False,False,,below_bounded_prescreen
diff__detailed__all__netrtg_trim02,detailed_efficiency,0.0,1745,1745,0.4389557676227687,0.4601376643977095,1.0,1.0,0.12130702876451527,0.5725840666373291,False,False,False,,below_bounded_prescreen
diff__detailed__poss0p475__net_rtg_mean,detailed_efficiency,0.0,1745,1745,0.4389557676227687,0.4601376643977095,1.0,1.0,0.12130702876451527,0.5725840666373291,False,False,False,,below_bounded_prescreen
diff__detailed__clean__netrtg_mean,detailed_efficiency,0.0,1745,1745,0.4383504549359812,0.4598177162754424,1.0,1.0,0.12155869178377265,0.5722872562267773,False,False,False,,below_bounded_prescreen
diff__detailed__clean__netrtg_trim02,detailed_efficiency,0.0,1745,1745,0.4383504549359812,0.4598177162754424,1.0,1.0,0.12155869178377265,0.5722872562267773,False,False,False,,below_bounded_prescreen
diff__compact__margin_q75,compact_performance,0.0,1745,209,0.4255526522455165,0.46616992681897557,1.0,1.0,0.14729314542431438,0.5714914225501493,False,True,True,39.0,selected
diff__compact__margin_q90,compact_performance,0.0,1745,487,0.43591588187145747,0.46334301680462964,1.0,1.0,0.1733602199450115,0.5713717332801423,False,True,True,40.0,selected
diff__compact__pythag_exp8p0,compact_performance,0.0,1745,1745,0.4383962454113484,0.4531885671046634,1.0,1.0,0.07338311752931309,0.5710423614995626,False,True,True,41.0,selected
diff__schedule__top_quartile_games,schedule_and_accomplishment,0.0,1745,48,0.45893992860257254,0.45149701606566267,1.0,1.0,0.166454861077306,0.5710271575609918,False,False,False,,below_bounded_prescreen
diff__conference__strength_percentile,conference_context,0.0,1745,121,0.44676217389067086,0.45405613577692755,1.0,1.0,0.13528063225560982,0.5708233981386484,False,False,False,,below_bounded_prescreen
diff__detailed__home__net_rtg_mean,detailed_efficiency,0.008022922636103151,1731,1731,0.4315043708441994,0.4602917560200992,1.0,1.0,0.12852911692747315,0.5700880059873843,False,False,False,,below_bounded_prescreen
diff__norm__conference__strength_mean__z,within_season_normalization,0.0,1745,1484,0.4404200111726562,0.4540697897531997,1.0,1.0,0.1289679636137604,0.5696871829949698,False,False,False,,below_bounded_prescreen
diff__conference__strength_mean,conference_context,0.0,1745,1484,0.43828838263410064,0.45406978896866484,1.0,1.0,0.12896796009984401,0.5692182244804675,False,False,False,,below_bounded_prescreen
diff__norm__conference__strength_mean__pct,within_season_normalization,0.0,1745,1262,0.44563886380927215,0.4503323301910079,1.0,1.0,0.13499138205912153,0.5688004132473587,False,False,False,,below_bounded_prescreen
diff__norm__schedule__opponent_strength_mean__z,within_season_normalization,0.0,1745,1745,0.46198272626742887,0.4431330716254833,1.0,1.0,0.16172804622754677,0.5678709523099644,False,False,False,,below_bounded_prescreen
diff__schedule__elite_wins,schedule_and_accomplishment,0.0,1745,30,0.454995502042994,0.44503055829103927,1.0,1.0,0.14962001042348505,0.5677288780122182,False,False,False,,below_bounded_prescreen
diff__schedule__opponent_strength_mean,schedule_and_accomplishment,0.0,1745,1745,0.4610713310787184,0.44313307062104823,1.0,1.0,0.16172804788509265,0.5676704448200175,False,False,False,,below_bounded_prescreen
diff__schedule__owp,schedule_and_accomplishment,0.0,1745,1745,0.4383830124856678,0.4492144770941147,1.0,1.0,0.13053767382181192,0.5668457047991495,False,False,False,,below_bounded_prescreen
diff__compact__pythag_exp10p0,compact_performance,0.0,1745,1745,0.43089509228481465,0.4468818710971013,1.0,1.0,0.0647219053651138,0.5667113422146632,False,True,False,,correlation_pruned_or_cap
diff__adj__net_rtg_a50p0_percentile,opponent_adjusted_efficiency,0.0,1745,1057,0.4328458971011407,0.44448217302800735,1.0,1.0,0.08472149944071278,0.5651886804380659,False,True,True,26.0,selected
diff__norm__adj__net_rtg_a50p0__pct,within_season_normalization,0.0,1745,1057,0.4328458971011407,0.44448217302800735,1.0,1.0,0.08472149944071278,0.5651886804380659,False,False,False,,below_bounded_prescreen
diff__rating__elo_season_reset_mov_percentile,dynamic_ratings,0.0,1745,1021,0.41644993846097883,0.4532537224286164,1.0,1.0,0.103140736215317,0.5650551437785385,False,False,False,,below_bounded_prescreen
diff__schedule__opponent_strength_median,schedule_and_accomplishment,0.0,1745,1735,0.43981155873951117,0.4471807598932178,1.0,1.0,0.16546960402027477,0.5647865235106261,False,False,False,,below_bounded_prescreen
diff__schedule__opponent_strength_pct_mean,schedule_and_accomplishment,0.0,1745,1745,0.4586569023003373,0.4345528111451935,1.0,1.0,0.14075085153058986,0.5638598337945434,False,False,False,,below_bounded_prescreen
interaction__strength_gap_squared_signed,matchup_interactions,0.0,1745,1745,0.3905760739078888,0.4533751193663474,1.0,1.0,0.05402980223567533,0.5613856014661552,False,False,False,,below_bounded_prescreen
diff__detailed__all__fourfactoredge_mean,detailed_efficiency,0.0,1745,1745,0.4199840172993636,0.4413888237397839,1.0,1.0,0.12693715084645552,0.559185633167098,False,False,False,,below_bounded_prescreen
diff__detailed__clean__fourfactoredge_mean,detailed_efficiency,0.0,1745,1745,0.4194820765380119,0.44145834372473797,1.0,1.0,0.12503031308264573,0.559184849302931,False,False,False,,below_bounded_prescreen
diff__adj__def_rtg_a10p0,opponent_adjusted_efficiency,0.0,1745,1745,-0.43986629652524406,0.4344456069682207,1.0,1.0,0.17032366354061573,0.5584915300386749,False,True,True,27.0,selected
diff__prior__program_win_pct_smoothed,prior_program_history,0.0,1745,1343,0.4325125417374301,0.431197063895557,1.0,1.0,0.10168050218196067,0.5580601297648236,False,False,False,,below_bounded_prescreen
diff__seed__top8,selection_committee_prior,0.0,1745,3,0.43157216485149036,0.43457051971942107,1.0,1.0,0.15910425457519195,0.5571755555496423,False,True,False,,correlation_pruned_or_cap
diff__compact__pythag_exp11p5,compact_performance,0.0,1745,1745,0.4239262295216937,0.42965975514474836,1.0,1.0,0.06300860636314576,0.5569801087097259,False,True,False,,correlation_pruned_or_cap
diff__compact__blowout_win20_rate,compact_performance,0.0,1745,1256,0.42180003230833324,0.43422063152719814,1.0,1.0,0.1469913829035323,0.5553422549247471,False,True,True,42.0,selected
diff__compact__half_winpct_first,compact_performance,0.0,1745,450,0.42238086690113935,0.4281268509439524,1.0,1.0,0.11495870930562058,0.553826330799123,False,True,True,43.0,selected
matchup__team2_seed,matchup_context,0.0,1745,16,0.40219013932382003,0.4357670773131341,1.0,1.0,0.12001395239503065,0.5528494696657434,False,True,True,9.0,selected
diff__adj__off_rtg_a50p0,opponent_adjusted_efficiency,0.0,1745,1745,0.4115426630377861,0.4192324715422177,1.0,1.0,0.14847907557516749,0.5458318091855707,False,True,False,,correlation_pruned_or_cap
diff__prior__program_tournament_games,prior_program_history,0.0,1745,203,0.40238877417984736,0.42118715889008335,1.0,1.0,0.12861171109845565,0.5455508981428682,False,False,False,,below_bounded_prescreen
diff__conference__strength_median,conference_context,0.0,1745,1484,0.4026062075835919,0.4191452961619551,1.0,1.0,0.10611954463454026,0.5455183260407471,False,False,False,,below_bounded_prescreen
diff__compact__pythag_exp13p91,compact_performance,0.0,1745,1745,0.4110413037406642,0.40976025195919974,1.0,1.0,0.06042693056048887,0.5446969305409424,False,True,True,44.0,selected
diff__norm__compact__margin_mean__pct,within_season_normalization,0.0,1745,1196,0.40382933006210653,0.41285432670915634,1.0,1.0,0.06335447264441124,0.544478350528282,False,False,False,,below_bounded_prescreen
diff__norm__compact__margin_trim02__pct,within_season_normalization,0.0,1745,1196,0.40382933006210653,0.41285432670915634,1.0,1.0,0.06335447264441124,0.544478350528282,False,False,False,,below_bounded_prescreen
diff__detailed__all__netrtg_median,detailed_efficiency,0.0,1745,1745,0.3814655718471513,0.4272381559449521,1.0,1.0,0.1411954950059855,0.5433489208597109,False,False,False,,below_bounded_prescreen
diff__detailed__clean__netrtg_median,detailed_efficiency,0.0,1745,1745,0.3812728645736774,0.4265227287220703,1.0,1.0,0.14661077952549906,0.5427465088117828,False,False,False,,below_bounded_prescreen
diff__prior__program_tournament_wins,prior_program_history,0.0,1745,170,0.3976058037431292,0.4159176533288078,1.0,1.0,0.11569096288397879,0.542486111905957,False,False,False,,below_bounded_prescreen
diff__compact__margin_median,compact_performance,0.0,1745,105,0.3838433132396421,0.4231078379969995,1.0,1.0,0.13214759965658757,0.5422513871650175,False,True,True,45.0,selected
diff__norm__detailed__all__net_rtg_ros__pct,within_season_normalization,0.0,1745,1095,0.40359579658581574,0.4058797997621536,1.0,1.0,0.06372909498658769,0.5410642153352497,False,False,False,,below_bounded_prescreen
diff__norm__detailed__clean__net_rtg_ros__pct,within_season_normalization,0.0,1745,1101,0.4027075351195277,0.404985994504242,1.0,1.0,0.06795420638139876,0.5402707668330763,False,False,False,,below_bounded_prescreen
diff__detailed__ewm_h20__netrtg,detailed_efficiency,0.0,1745,1745,0.3860871773959653,0.4126048875701829,1.0,1.0,0.12171382262575114,0.53812097215577,False,False,False,,below_bounded_prescreen
diff__detailed__clean__off_rtg_ros,detailed_efficiency,0.0,1745,1745,0.388758386817561,0.4085831996545653,1.0,1.0,0.1150455719899191,0.537044958054458,False,False,False,,below_bounded_prescreen
diff__detailed__all__off_rtg_ros,detailed_efficiency,0.0,1745,1745,0.3886592009108101,0.40662031484110644,1.0,1.0,0.11425028159879175,0.5361127640601576,False,False,False,,below_bounded_prescreen
diff__compact__blowout_win10_rate,compact_performance,0.0,1745,1208,0.39496925196272886,0.40594279947394163,1.0,1.0,0.15199439225480543,0.5356660034891001,False,True,True,46.0,selected
diff__compact__wins,compact_performance,0.0,1745,36,0.39787475646297316,0.398012051445515,1.0,1.0,0.07946548030663086,0.535399611903436,False,True,True,47.0,selected
diff__detailed__clean__offrtg_mean,detailed_efficiency,0.0,1745,1745,0.3858107980428416,0.40403174451183377,1.0,1.0,0.12156846451544767,0.5339508743544874,False,False,False,,below_bounded_prescreen
diff__detailed__clean__offrtg_trim02,detailed_efficiency,0.0,1745,1745,0.3858107980428416,0.40403174451183377,1.0,1.0,0.12156846451544767,0.5339508743544874,False,False,False,,below_bounded_prescreen
diff__prior__program_appearances,prior_program_history,0.0,1745,61,0.3804375836112568,0.40492823574295916,1.0,1.0,0.1365346894211959,0.5326004339742489,False,False,False,,below_bounded_prescreen
diff__detailed__all__offrtg_mean,detailed_efficiency,0.0,1745,1745,0.3856609210476108,0.4007659424702966,1.0,1.0,0.1207779732730358,0.5323819360852953,False,False,False,,below_bounded_prescreen
diff__detailed__all__offrtg_trim02,detailed_efficiency,0.0,1745,1745,0.3856609210476108,0.4007659424702966,1.0,1.0,0.1207779732730358,0.5323819360852953,False,False,False,,below_bounded_prescreen
diff__detailed__poss0p475__off_rtg_mean,detailed_efficiency,0.0,1745,1745,0.3856609210476108,0.4007659424702966,1.0,1.0,0.1207779732730358,0.5323819360852953,False,False,False,,below_bounded_prescreen
diff__detailed__poss0p44__off_rtg_mean,detailed_efficiency,0.0,1745,1745,0.3850204049643683,0.39976622524561034,1.0,1.0,0.12531582988099987,0.531579644014814,False,False,False,,below_bounded_prescreen
diff__compact__ewm_h20_margin,compact_performance,0.0,1745,1745,0.38512849066025734,0.3998627040554468,1.0,1.0,0.13128703608900893,0.5314108844483107,False,True,True,48.0,selected
diff__schedule__top_decile_games,schedule_and_accomplishment,0.0,1745,32,0.3962424573540823,0.39457560847452805,1.0,1.0,0.18546345102746042,0.5291510946445732,False,False,False,,below_bounded_prescreen
diff__compact__ewm_h10_margin,compact_performance,0.0,1745,1745,0.36428197146002544,0.3980841619510667,1.0,1.0,0.16123185940716495,0.524773157081431,False,True,True,49.0,selected
diff__detailed__ewm_h20__fourfactoredge,detailed_efficiency,0.0,1745,1745,0.3713563022896961,0.390715957419652,1.0,1.0,0.1452002363270089,0.5234340366120858,False,False,False,,below_bounded_prescreen
diff__detailed__clean__offrtg_median,detailed_efficiency,0.0,1745,1745,0.3607102442482524,0.39400590587488005,1.0,1.0,0.17906508077655153,0.5213164853234958,False,False,False,,below_bounded_prescreen
diff__detailed__all__offrtg_median,detailed_efficiency,0.0,1745,1745,0.36083926756430706,0.39230180573015905,1.0,1.0,0.1808130645425295,0.5204569830329228,False,False,False,,below_bounded_prescreen
diff__compact__margin_q25,compact_performance,0.0,1745,205,0.3700723701260333,0.38396491829656726,1.0,1.0,0.13969847544526864,0.5201311431922688,False,True,True,50.0,selected
diff__detailed__ewm_h10__netrtg,detailed_efficiency,0.0,1745,1745,0.35609601965525,0.3909169490571466,1.0,1.0,0.16701512714098965,0.5193006547859458,False,False,False,,below_bounded_prescreen
diff__detailed__clean__fourfactorcomposite_mean,detailed_efficiency,0.0,1745,1745,0.37935159346072267,0.38008831148607036,1.0,1.0,0.19154467928443497,0.5182379529032953,False,False,False,,below_bounded_prescreen
diff__detailed__all__fourfactorcomposite_mean,detailed_efficiency,0.0,1745,1745,0.37902005438318437,0.37707976939559296,1.0,1.0,0.1937960534708268,0.5166308591353521,False,False,False,,below_bounded_prescreen
diff__detailed__all__fourfactoredge_median,detailed_efficiency,0.0,1745,1745,0.36263124131315755,0.38156505138466607,1.0,1.0,0.16434449772796444,0.5163563178444158,False,False,False,,below_bounded_prescreen
diff__detailed__clean__fourfactoredge_median,detailed_efficiency,0.0,1745,1745,0.3623940656100248,0.37871758658217103,1.0,1.0,0.16391476883719913,0.5149545452401596,False,False,False,,below_bounded_prescreen
diff__detailed__home__off_rtg_mean,detailed_efficiency,0.008022922636103151,1731,1731,0.3546241336046326,0.37888025912640483,1.0,1.0,0.13341207660608356,0.5139015168985619,False,False,False,,below_bounded_prescreen
diff__norm__compact__win_pct__z,within_season_normalization,0.0,1745,1614,0.35997771704384696,0.3742338392522387,1.0,1.0,0.12338808344500962,0.5138918172529205,False,False,False,,below_bounded_prescreen
diff__compact__win_pct,compact_performance,0.0,1745,1178,0.3592612448491469,0.3742338395942234,1.0,1.0,0.12338808463323975,0.51373419348671,False,True,True,51.0,selected
diff__schedule__wp,schedule_and_accomplishment,0.0,1745,1178,0.3592612448491469,0.3742338395942234,1.0,1.0,0.12338808463323975,0.51373419348671,False,False,False,,below_bounded_prescreen
diff__detailed__ewm_h20__offrtg,detailed_efficiency,0.0,1745,1745,0.3548716649908638,0.37434926274082847,1.0,1.0,0.11234524604951585,0.513265602571607,False,False,False,,below_bounded_prescreen
diff__compact__half_pointsformean_first,compact_performance,0.0,1745,1482,0.38509484640940317,0.3647078219364894,1.0,1.0,0.19751251278918713,0.5118801202280161,False,True,True,52.0,selected
diff__compact__downside_tail_mean,compact_performance,0.0,1745,1596,-0.3613945073177457,0.36097402336637274,1.0,1.0,0.09428872517709597,0.5090027738186791,False,True,True,53.0,selected
diff__compact__margin_q10,compact_performance,0.0,1745,427,0.3486576147717544,0.3682997662521145,1.0,1.0,0.1428155687490701,0.5077759403008382,False,True,True,54.0,selected
diff__compact__margin_slope,compact_performance,0.0,1745,1743,-0.34812813371330514,0.3614064899645461,1.0,1.0,0.10536726852029887,0.5058486138590973,False,True,True,55.0,selected
diff__detailed__away__net_rtg_mean,detailed_efficiency,0.0,1745,1745,0.32278415043084463,0.37660559683248424,1.0,1.0,0.172103191090395,0.5048990719307624,False,False,False,,below_bounded_prescreen
diff__detailed__ewm_h10__fourfactoredge,detailed_efficiency,0.0,1745,1745,0.34030733066338986,0.36747561143638285,1.0,1.0,0.16561059721080373,0.5046314823469774,False,False,False,,below_bounded_prescreen
diff__compact__away_margin_mean,compact_performance,0.0,1745,1601,0.3239012409098094,0.3732951340271415,1.0,1.0,0.1751665772172013,0.5034332742444979,False,True,True,56.0,selected
diff__detailed__ewm_h10__offrtg,detailed_efficiency,0.0,1745,1745,0.3304060256347414,0.36317813885065475,1.0,1.0,0.15230938860384324,0.5009224567438036,False,False,False,,below_bounded_prescreen
diff__compact__half_delta_marginmean,compact_performance,0.0,1745,1690,-0.3319474870496085,0.35368338935665483,1.0,1.0,0.0888284467881521,0.4992433361705821,False,True,True,57.0,selected
diff__norm__compact__win_pct__pct,within_season_normalization,0.0,1745,1274,0.3328610666821771,0.3491167765902979,1.0,1.0,0.10180875399215261,0.4967331372737358,False,False,False,,below_bounded_prescreen
diff__compact__losses,compact_performance,0.0,1745,35,-0.3421746541195433,0.3480354856087891,1.0,1.0,0.1419034041781958,0.4966593208313904,False,True,False,,correlation_pruned_or_cap
diff__prior__program_final_appearances,prior_program_history,0.0,1745,20,0.32785704809843863,0.34754528107600813,1.0,1.0,0.09007649696912767,0.4953472256193753,False,False,False,,below_bounded_prescreen
diff__detailed__clean__fourfactorcomposite_median,detailed_efficiency,0.0,1745,1745,0.35701375488451675,0.34182912186160963,1.0,1.0,0.20747200800559878,0.4943221242479423,False,False,False,,below_bounded_prescreen
diff__detailed__all__fourfactorcomposite_median,detailed_efficiency,0.0,1745,1745,0.35645673493929614,0.34182912186160963,1.0,1.0,0.21020074558869117,0.49409043035667005,False,False,False,,below_bounded_prescreen
diff__adj__def_rtg_a50p0,opponent_adjusted_efficiency,0.0,1745,1745,-0.3530392804423893,0.33215929917057546,1.0,1.0,0.14987953433281853,0.4911099239258891,False,True,True,28.0,selected
diff__compact__ewm_h20_win,compact_performance,0.0,1745,1745,0.32280186662790256,0.33885295938599197,1.0,1.0,0.10682132013367368,0.4893929783580677,False,True,True,58.0,selected
diff__compact__away_games,compact_performance,0.0,1745,22,-0.3174112001918998,0.3257488892014715,1.0,1.0,0.14043204343837717,0.4805726491213892,False,True,True,59.0,selected
diff__schedule__bad_losses,schedule_and_accomplishment,0.0,1745,14,-0.2992551056719357,0.32865257040041373,1.0,1.0,0.09018330481816111,0.4799820248472979,False,False,False,,below_bounded_prescreen
diff__detailed__away__games,detailed_efficiency,0.0,1745,22,-0.3145318641387457,0.3257488892014715,1.0,1.0,0.14043204343837717,0.4799391951896953,False,False,False,,below_bounded_prescreen
diff__detailed__away__off_rtg_mean,detailed_efficiency,0.0,1745,1745,0.3159976014417826,0.3225927148542665,1.0,1.0,0.15837129693582386,0.47802912356980715,False,False,False,,below_bounded_prescreen
diff__compact__blowout_loss10_rate,compact_performance,0.0,1745,849,-0.3172760251528194,0.3145662207397389,1.0,1.0,0.1299492922153298,0.47559453980008176,False,False,False,,below_bounded_prescreen
diff__detailed__clean__assist_to_turnover_ros,detailed_efficiency,0.0,1745,1745,0.2931866406738679,0.3222015488797519,1.0,1.0,0.1557405785436459,0.47292818126878594,False,False,False,,below_bounded_prescreen
diff__detailed__all__assist_to_turnover_ros,detailed_efficiency,0.0,1745,1745,0.29313545077205494,0.32152506339075165,1.0,1.0,0.15663511690271242,0.47255642492130445,False,False,False,,below_bounded_prescreen
diff__detailed__all__oppfourfactorcomposite_mean,detailed_efficiency,0.0,1745,1745,-0.31422091128101765,0.3092923880386031,1.0,1.0,0.15347643374682213,0.47144988939048044,False,False,False,,below_bounded_prescreen
diff__prior__program_championships,prior_program_history,0.0,1745,17,0.2927422040673644,0.31500753207287235,1.0,1.0,0.10810979517544184,0.47128250848278125,False,False,False,,below_bounded_prescreen
diff__detailed__clean__oppfourfactorcomposite_mean,detailed_efficiency,0.0,1745,1745,-0.3132361982642802,0.30609748915118423,1.0,1.0,0.15438336562099497,0.4696634237858703,False,False,False,,below_bounded_prescreen
diff__compact__points_for_mean,compact_performance,0.0,1745,1708,0.3182262692658504,0.33189350151538755,0.9259259259259259,1.0,0.23554615623341527,0.4680449618646846,False,False,False,,below_bounded_prescreen
diff__detailed__clean__fgpct_median,detailed_efficiency,0.0,1745,1714,0.305846553924943,0.3094136108487882,1.0,1.0,0.2735874470381036,0.46486127718938164,False,False,False,,below_bounded_prescreen
diff__detailed__all__fgpct_median,detailed_efficiency,0.0,1745,1716,0.30617176991055967,0.308985782435213,1.0,1.0,0.27113600137717475,0.46482552489413836,False,False,False,,below_bounded_prescreen
diff__detailed__all__assistturnoverratio_mean,detailed_efficiency,0.0,1745,1745,0.27697169549360023,0.3119054960815707,1.0,1.0,0.16403925419646126,0.46408684095988745,False,False,False,,below_bounded_prescreen
diff__detailed__clean__assistturnoverratio_median,detailed_efficiency,0.0,1745,1476,0.27642025755715416,0.3115056186750992,1.0,1.0,0.16317495515616093,0.46380815542037507,False,False,False,,below_bounded_prescreen
diff__detailed__clean__assistturnoverratio_mean,detailed_efficiency,0.0,1745,1745,0.2772436162403403,0.3111520030252915,1.0,1.0,0.16465882712158053,0.4637602039401516,False,False,False,,below_bounded_prescreen
diff__detailed__all__assistturnoverratio_median,detailed_efficiency,0.0,1745,1470,0.27639786556934703,0.31067355262545,1.0,1.0,0.16318474307976244,0.46340344596228183,False,False,False,,below_bounded_prescreen
diff__detailed__all__def_rtg_ros,detailed_efficiency,0.0,1745,1745,-0.2977906673537259,0.2969751155846721,1.0,1.0,0.18841045581110255,0.4605255840660182,False,False,False,,below_bounded_prescreen
diff__compact__home_games,compact_performance,0.008022922636103151,1731,23,0.2863510244862558,0.2973006332772774,1.0,1.0,0.12255227379046271,0.4601576045975626,False,False,False,,below_bounded_prescreen
diff__detailed__clean__def_rtg_ros,detailed_efficiency,0.0,1745,1745,-0.2968707647767012,0.2948259262398352,1.0,1.0,0.18387148614949483,0.4594731534000154,False,False,False,,below_bounded_prescreen
diff__detailed__home__games,detailed_efficiency,0.008022922636103151,1731,24,0.2830107126342309,0.29598011539217295,1.0,1.0,0.11044959443923288,0.45927299457931625,False,False,False,,below_bounded_prescreen
diff__compact__half_delta_pointsformean,compact_performance,0.0,1745,1656,-0.28777800784164026,0.28997263920718286,1.0,1.0,0.08300313595370945,0.4591779031064603,False,False,False,,below_bounded_prescreen
diff__detailed__all__defrtg_mean,detailed_efficiency,0.0,1745,1745,-0.29235486536641275,0.2924972925902804,1.0,1.0,0.1850146187880614,0.4573161860724229,False,False,False,,below_bounded_prescreen
diff__detailed__all__defrtg_trim02,detailed_efficiency,0.0,1745,1745,-0.29235486536641275,0.2924972925902804,1.0,1.0,0.1850146187880614,0.4573161860724229,False,False,False,,below_bounded_prescreen
diff__detailed__poss0p475__def_rtg_mean,detailed_efficiency,0.0,1745,1745,-0.29235486536641275,0.2924972925902804,1.0,1.0,0.1850146187880614,0.4573161860724229,False,False,False,,below_bounded_prescreen
diff__detailed__clean__fg_pct_ros,detailed_efficiency,0.0,1745,1745,0.3256808458260038,0.28440933322922163,1.0,1.0,0.28615959930404444,0.45671988205958547,False,False,False,,below_bounded_prescreen
diff__detailed__clean__fgpct_mean,detailed_efficiency,0.0,1745,1745,0.3211290531697278,0.286578184328706,1.0,1.0,0.29232659528577887,0.4565128563636878,False,False,False,,below_bounded_prescreen
diff__detailed__all__fg_pct_ros,detailed_efficiency,0.0,1745,1745,0.32548108882378984,0.28383877185805023,1.0,1.0,0.2850108216021855,0.4564480171690104,False,False,False,,below_bounded_prescreen
diff__detailed__clean__defrtg_mean,detailed_efficiency,0.0,1745,1745,-0.2914281790730414,0.29085156635377546,1.0,1.0,0.18395736989317124,0.4563646564501545,False,False,False,,below_bounded_prescreen
diff__detailed__clean__defrtg_trim02,detailed_efficiency,0.0,1745,1745,-0.2914281790730414,0.29085156635377546,1.0,1.0,0.18395736989317124,0.4563646564501545,False,False,False,,below_bounded_prescreen
diff__detailed__all__fgpct_mean,detailed_efficiency,0.0,1745,1745,0.3209320130481138,0.2860919643812086,1.0,1.0,0.291209654303465,0.45628079960142653,False,False,False,,below_bounded_prescreen
diff__detailed__poss0p44__def_rtg_mean,detailed_efficiency,0.0,1745,1745,-0.29426425603157136,0.28813530936859655,1.0,1.0,0.18367742451832653,0.45569598784313897,False,False,False,,below_bounded_prescreen
diff__detailed__clean__reboundshare_median,detailed_efficiency,0.0,1745,1722,0.2673533517714958,0.2976116868735612,1.0,1.0,0.20979800413480573,0.4532794269236462,False,False,False,,below_bounded_prescreen
diff__detailed__all__rebound_share_ros,detailed_efficiency,0.0,1745,1745,0.28879622933666815,0.3117531809838099,0.9259259259259259,1.0,0.211673938216212,0.4528578879457954,False,False,False,,below_bounded_prescreen
diff__detailed__all__reboundshare_median,detailed_efficiency,0.0,1745,1721,0.26727940892423535,0.2961559691212463,1.0,1.0,0.2112589371759504,0.45250597765449196,False,False,False,,below_bounded_prescreen
diff__detailed__clean__rebound_share_ros,detailed_efficiency,0.0,1745,1745,0.28870086480964047,0.31101732501470786,0.9259259259259259,1.0,0.2118272607225184,0.4524775639844281,False,False,False,,below_bounded_prescreen
diff__detailed__all__reboundshare_mean,detailed_efficiency,0.0,1745,1745,0.28571562012757107,0.3091601897017165,0.9259259259259259,1.0,0.20401899860696388,0.45124171568875915,False,False,False,,below_bounded_prescreen
diff__compact__ewm_h20_points_for,compact_performance,0.0,1745,1745,0.31100379124620997,0.2941288154047408,0.9259259259259259,1.0,0.16631961181299204,0.4510980291440702,False,False,False,,below_bounded_prescreen
diff__detailed__clean__reboundshare_mean,detailed_efficiency,0.0,1745,1745,0.2856024455547487,0.308491473952064,0.9259259259259259,1.0,0.2037898330917804,0.45090500034351233,False,False,False,,below_bounded_prescreen
diff__detailed__clean__efg_ros,detailed_efficiency,0.0,1745,1745,0.27211173890404383,0.2951770611419252,1.0,1.0,0.27659845186654897,0.4504856338323518,False,False,False,,below_bounded_prescreen
diff__detailed__all__efg_ros,detailed_efficiency,0.0,1745,1745,0.27187929380570863,0.2942831398902457,1.0,1.0,0.27720449725530383,0.4499811718943617,False,False,False,,below_bounded_prescreen
diff__detailed__all__blockpct_mean,detailed_efficiency,0.0,1745,1745,0.2602858518942526,0.29236825126131627,1.0,1.0,0.21672396082909867,0.4489306895890034,False,False,False,,below_bounded_prescreen
diff__detailed__clean__blockpct_mean,detailed_efficiency,0.0,1745,1745,0.2602224131284515,0.2922159996817834,1.0,1.0,0.21554115773674215,0.4488909644260457,False,False,False,,below_bounded_prescreen
diff__detailed__clean__opptrueshootingpct_mean,detailed_efficiency,0.0,1745,1745,-0.28623738139584554,0.2758451241229972,1.0,1.0,0.16444920374747518,0.4487999153362256,False,False,False,,below_bounded_prescreen
diff__norm__detailed__all__efg_ros__z,within_season_normalization,0.0,1745,1745,0.26450753614857114,0.29428314020273677,1.0,1.0,0.2772044981972651,0.4483593853221087,False,False,False,,below_bounded_prescreen
diff__detailed__all__opptrueshootingpct_mean,detailed_efficiency,0.0,1745,1745,-0.2866802909811766,0.2734503629641601,1.0,1.0,0.1642266510710576,0.4477567721958134,False,False,False,,below_bounded_prescreen
diff__detailed__clean__orb_pct_ros,detailed_efficiency,0.0,1745,1745,0.26508284326966686,0.30840245293349033,0.9259259259259259,1.0,0.17092358320881254,0.4476626077471977,False,False,False,,below_bounded_prescreen
diff__detailed__all__true_shooting_ros,detailed_efficiency,0.0,1745,1745,0.2599737547002891,0.3199476583343985,0.9259259259259259,1.0,0.284873742897385,0.4475223004668276,False,False,False,,below_bounded_prescreen
diff__detailed__all__orb_pct_ros,detailed_efficiency,0.0,1745,1745,0.26476720037017193,0.308216927405889,0.9259259259259259,1.0,0.17048821170373615,0.44752152891626323,False,False,False,,below_bounded_prescreen
diff__compact__win_slope,compact_performance,0.0,1745,1617,-0.2773412478262584,0.27110169506900245,1.0,1.0,0.09849152909970149,0.44720422699090995,False,False,False,,below_bounded_prescreen
diff__compact__blowout_loss20_rate,compact_performance,0.0,1745,238,-0.2611988442014165,0.2756305217985859,1.0,1.0,0.07459150983997398,0.4467827357940338,False,False,False,,below_bounded_prescreen
diff__detailed__clean__true_shooting_ros,detailed_efficiency,0.0,1745,1745,0.2601126099140245,0.3175554862569639,0.9259259259259259,1.0,0.28427969612145443,0.44642836788771806,False,False,False,,below_bounded_prescreen
diff__detailed__all__trueshootingpct_mean,detailed_efficiency,0.0,1745,1745,0.257602148740721,0.3172064231106454,0.9259259259259259,1.0,0.2988890078929927,0.4451241436484969,False,False,False,,below_bounded_prescreen
diff__compact__away_win_pct,compact_performance,0.0,1745,767,0.2752523815075249,0.2709783316815262,1.0,1.0,0.14345866072098368,0.44488677670994864,False,False,False,,below_bounded_prescreen
diff__detailed__clean__blockpct_median,detailed_efficiency,0.0,1745,1683,0.253912245943876,0.309963183892175,0.9259259259259259,1.0,0.2001896290074791,0.4447835853637457,False,False,False,,below_bounded_prescreen
diff__detailed__all__blockpct_median,detailed_efficiency,0.0,1745,1684,0.25383703856903744,0.30940938329555556,0.9259259259259259,1.0,0.19971967754534267,0.4445200135133893,False,False,False,,below_bounded_prescreen
diff__detailed__all__oppfourfactorcomposite_median,detailed_efficiency,0.0,1745,1745,-0.2687946683989893,0.26930990690241635,1.0,1.0,0.10349819168884908,0.4442636546933835,False,False,False,,below_bounded_prescreen
diff__detailed__clean__trueshootingpct_mean,detailed_efficiency,0.0,1745,1745,0.2577509557303998,0.31490263952682934,0.9259259259259259,1.0,0.2983878031297169,0.44407111325652554,False,False,False,,below_bounded_prescreen
diff__compact__home_win_pct,compact_performance,0.008022922636103151,1731,637,0.27674786703210524,0.26593942767919204,1.0,1.0,0.10248216444910074,0.44379433564422305,False,False,False,,below_bounded_prescreen
diff__detailed__clean__orbpct_mean,detailed_efficiency,0.0,1745,1745,0.2630857469884388,0.301425126190949,0.9259259259259259,1.0,0.19263470949816863,0.4430056846773335,False,False,False,,below_bounded_prescreen
diff__detailed__clean__orbpct_trim02,detailed_efficiency,0.0,1745,1745,0.2630857469884388,0.301425126190949,0.9259259259259259,1.0,0.19263470949816863,0.4430056846773335,False,False,False,,below_bounded_prescreen
diff__detailed__clean__oppfourfactorcomposite_median,detailed_efficiency,0.0,1745,1745,-0.2678334829845313,0.26589522836861695,1.0,1.0,0.10499724267894261,0.4423531861663753,False,False,False,,below_bounded_prescreen
diff__detailed__all__orbpct_mean,detailed_efficiency,0.0,1745,1745,0.2628106492869573,0.29812709548118227,0.9259259259259259,1.0,0.1934203099096225,0.4413306844258613,False,False,False,,below_bounded_prescreen
diff__detailed__all__orbpct_trim02,detailed_efficiency,0.0,1745,1745,0.2628106492869573,0.29812709548118227,0.9259259259259259,1.0,0.1934203099096225,0.4413306844258613,False,False,False,,below_bounded_prescreen
diff__detailed__home__def_rtg_mean,detailed_efficiency,0.008022922636103151,1731,1731,-0.2766399887655177,0.28796878482266725,0.9259259259259259,1.0,0.14647519723716568,0.44073312069106746,False,False,False,,below_bounded_prescreen
diff__compact__half_pointsagainstmean_first,compact_performance,0.0,1745,1444,-0.27156608239096347,0.265446943045056,1.0,1.0,0.16857535408934443,0.4404160566240651,False,False,False,,below_bounded_prescreen
diff__detailed__clean__orbpct_median,detailed_efficiency,0.0,1745,1670,0.25133442719359306,0.2722830280234579,1.0,1.0,0.1794730307920085,0.43881050620216994,False,False,False,,below_bounded_prescreen
diff__detailed__all__orbpct_median,detailed_efficiency,0.0,1745,1671,0.2513138123377543,0.2700631160499608,1.0,1.0,0.1785643487646734,0.4377767604677002,False,False,False,,below_bounded_prescreen
diff__compact__games,compact_performance,0.0,1745,15,0.26662517964547766,0.2821760604310269,0.9259259259259259,1.0,0.14395556537311865,0.43649197406212137,False,False,False,,below_bounded_prescreen
diff__quality__CompactGames,detailed_efficiency,0.0,1745,15,0.26662517964547766,0.2821760604310269,0.9259259259259259,1.0,0.14395556537311865,0.43649197406212137,False,False,False,,below_bounded_prescreen
diff__detailed__all__games,detailed_efficiency,0.0,1745,15,0.2616641854812073,0.2821760604310269,0.9259259259259259,1.0,0.11679470890846705,0.43648698960456794,False,False,False,,below_bounded_prescreen
diff__quality__DetailedGames,detailed_efficiency,0.0,1745,15,0.2616641854812073,0.2821760604310269,0.9259259259259259,1.0,0.11679470890846705,0.43648698960456794,False,False,False,,below_bounded_prescreen
diff__compact__ewm_h10_win,compact_performance,0.0,1745,1745,0.2561634079961608,0.2572798647946735,1.0,1.0,0.10460556452195685,0.4356660622797204,False,False,False,,below_bounded_prescreen
diff__detailed__clean__games,detailed_efficiency,0.0,1745,15,0.2665964099089416,0.2772548531344192,0.9259259259259259,1.0,0.10838299228829029,0.43554636814110487,False,False,False,,below_bounded_prescreen
diff__detailed__clean__efg_mean,detailed_efficiency,0.0,1745,1745,0.26627387976283207,0.2922142379088566,0.9259259259259259,1.0,0.2886632599599758,0.4354447054938233,False,False,False,,below_bounded_prescreen
diff__detailed__clean__efg_trim02,detailed_efficiency,0.0,1745,1745,0.26627387976283207,0.2922142379088566,0.9259259259259259,1.0,0.2886632599599758,0.4354447054938233,False,False,False,,below_bounded_prescreen
diff__detailed__all__efg_mean,detailed_efficiency,0.0,1745,1745,0.266052014177483,0.2915435422452266,0.9259259259259259,1.0,0.2895102832998215,0.4350400802129103,False,False,False,,below_bounded_prescreen
diff__detailed__all__efg_trim02,detailed_efficiency,0.0,1745,1745,0.266052014177483,0.2915435422452266,0.9259259259259259,1.0,0.2895102832998215,0.4350400802129103,False,False,False,,below_bounded_prescreen
diff__compact__ewm_h10_points_for,compact_performance,0.0,1745,1745,0.26960433141492246,0.28287237533686366,0.9259259259259259,1.0,0.22463719300997348,0.43425435350072666,False,False,False,,below_bounded_prescreen
diff__detailed__clean__tov_pct_ros,detailed_efficiency,0.0,1745,1745,-0.24206184772525824,0.2609031697341976,1.0,1.0,0.15583717322119595,0.4322536410431238,False,False,False,,below_bounded_prescreen
diff__detailed__all__opptrueshootingpct_median,detailed_efficiency,0.0,1745,1745,-0.25690446554885865,0.2513904338629689,1.0,1.0,0.1251962558496063,0.43217854044098974,False,False,False,,below_bounded_prescreen
diff__detailed__clean__opptrueshootingpct_median,detailed_efficiency,0.0,1745,1745,-0.25648227747673075,0.2513904338629689,1.0,1.0,0.12320639830688285,0.43216525336683054,False,False,False,,below_bounded_prescreen
diff__detailed__all__tov_pct_ros,detailed_efficiency,0.0,1745,1745,-0.24166605923843576,0.2600014099504974,1.0,1.0,0.15566554366545046,0.4317405880620766,False,False,False,,below_bounded_prescreen
diff__detailed__ewm_h20__orbpct,detailed_efficiency,0.0,1745,1745,0.24775878813140614,0.2509670920255831,1.0,1.0,0.11375032620747888,0.43042112451289005,False,False,False,,below_bounded_prescreen
interaction__rebounding_matchup_edge,matchup_interactions,0.0,1745,1745,0.2559330733507909,0.29783533824869995,0.8518518518518519,1.0,0.2083756051544573,0.42722751058666797,False,False,False,,below_bounded_prescreen
diff__detailed__clean__efg_median,detailed_efficiency,0.0,1745,1711,0.25491997412687406,0.27804417880775,0.9259259259259259,1.0,0.2826384325223722,0.42638621098288554,False,False,False,,below_bounded_prescreen
diff__detailed__clean__fg2pct_mean,detailed_efficiency,0.0,1745,1745,0.2791712284909986,0.2926480697573417,0.8518518518518519,1.0,0.303472649823757,0.4260461340548897,False,False,False,,below_bounded_prescreen
diff__detailed__clean__defrtg_median,detailed_efficiency,0.0,1745,1745,-0.2489260375478485,0.2481900130463341,1.0,1.0,0.1997236428715724,0.42590598880790415,False,False,False,,below_bounded_prescreen
diff__detailed__ewm_h20__efg,detailed_efficiency,0.0,1745,1745,0.2690324472077846,0.2377769566622095,1.0,1.0,0.19004254823940414,0.425718375653997,False,False,False,,below_bounded_prescreen
diff__detailed__all__fg2pct_mean,detailed_efficiency,0.0,1745,1745,0.2792284276617688,0.29161885849431063,0.8518518518518519,1.0,0.3018651969762054,0.4256289945801063,False,False,False,,below_bounded_prescreen
diff__detailed__all__defrtg_median,detailed_efficiency,0.0,1745,1745,-0.25030412753520265,0.24689580533546146,1.0,1.0,0.2004875550889898,0.42555739241520646,False,False,False,,below_bounded_prescreen
diff__detailed__clean__oppfgpct_mean,detailed_efficiency,0.0,1745,1745,-0.2463292645198629,0.26816674840283966,0.9259259259259259,1.0,0.1528091278527157,0.42494826046177236,False,False,False,,below_bounded_prescreen
diff__detailed__all__oppfgpct_mean,detailed_efficiency,0.0,1745,1745,-0.2466188138513468,0.26720433708977265,0.9259259259259259,1.0,0.15158754361108598,0.42459886725409185,False,False,False,,below_bounded_prescreen
diff__detailed__clean__tovpct_mean,detailed_efficiency,0.0,1745,1745,-0.23777850968694725,0.24648376996832533,1.0,1.0,0.15823764473143864,0.424293975926667,False,False,False,,below_bounded_prescreen
diff__detailed__clean__tovpct_trim02,detailed_efficiency,0.0,1745,1745,-0.23777850968694725,0.24648376996832533,1.0,1.0,0.15823764473143864,0.424293975926667,False,False,False,,below_bounded_prescreen
diff__detailed__all__tovpct_mean,detailed_efficiency,0.0,1745,1745,-0.23738643456691236,0.2458520101465141,1.0,1.0,0.15853465789451998,0.42389259415926667,False,False,False,,below_bounded_prescreen
diff__detailed__all__tovpct_trim02,detailed_efficiency,0.0,1745,1745,-0.23738643456691236,0.2458520101465141,1.0,1.0,0.15853465789451998,0.42389259415926667,False,False,False,,below_bounded_prescreen
diff__detailed__all__efg_median,detailed_efficiency,0.0,1745,1709,0.2542264017004872,0.2728553376047313,0.9259259259259259,1.0,0.282441042307241,0.4237508768802367,False,False,False,,below_bounded_prescreen
diff__detailed__clean__oppefg_mean,detailed_efficiency,0.0,1745,1745,-0.25307281893285066,0.26349412990124343,0.9259259259259259,1.0,0.1765569482145474,0.4232390727373902,False,False,False,,below_bounded_prescreen
diff__detailed__all__oppefg_mean,detailed_efficiency,0.0,1745,1745,-0.253371309361173,0.26237933719712375,0.9259259259259259,1.0,0.17892509611188118,0.4226749142177503,False,False,False,,below_bounded_prescreen
diff__detailed__last20__off_rtg_mean,detailed_efficiency,0.0,1745,1745,0.2485396177521682,0.2641400854101771,0.9259259259259259,1.0,0.17430095794846406,0.42264206673257154,False,False,False,,below_bounded_prescreen
diff__detailed__all__opp_efg_ros,detailed_efficiency,0.0,1745,1745,-0.25064248713544307,0.26303049839041565,0.9259259259259259,1.0,0.17493636507130128,0.42254667994249306,False,False,False,,below_bounded_prescreen
diff__detailed__clean__opp_efg_ros,detailed_efficiency,0.0,1745,1745,-0.2503735823616423,0.26268238320958565,0.9259259259259259,1.0,0.17240253689102025,0.42242177873266973,False,False,False,,below_bounded_prescreen
diff__detailed__ewm_h20__defrtg,detailed_efficiency,0.0,1745,1745,-0.2528844590652634,0.23552178026879605,1.0,1.0,0.1838415891253702,0.4213313719583652,False,False,False,,below_bounded_prescreen
diff__geography__games_with_city,geography_and_schedule_dispersion,0.0,1745,15,0.24451238274063358,0.24613420870767494,1.0,1.0,0.2819601756864541,0.4206587373551652,False,False,False,,below_bounded_prescreen
diff__conference__team_count,conference_context,0.0,1745,17,0.23521618523372123,0.237376371278713,1.0,1.0,0.144713490991626,0.4198996793255359,False,False,False,,below_bounded_prescreen
diff__detailed__last20__net_rtg_mean,detailed_efficiency,0.0,1745,1745,0.23369981677319895,0.24149288913543152,1.0,1.0,0.19580157670460224,0.41949848340692686,False,False,False,,below_bounded_prescreen
diff__detailed__clean__oppfg2pct_mean,detailed_efficiency,0.0,1745,1745,-0.246437315025702,0.2536001982119948,0.9259259259259259,1.0,0.14869564549664524,0.41814462677569425,False,False,False,,below_bounded_prescreen
diff__detailed__all__oppfg2pct_mean,detailed_efficiency,0.0,1745,1745,-0.2464446553904075,0.25286228340020767,0.9259259259259259,1.0,0.15079329816902298,0.4177081364393765,False,False,False,,below_bounded_prescreen
diff__compact__last20_margin_mean,compact_performance,0.0,1745,638,0.2376620635967355,0.23165797957320813,1.0,1.0,0.1911175103827241,0.4158367837711128,False,False,False,,below_bounded_prescreen
diff__compact__half_delta_winpct,compact_performance,0.0,1745,920,-0.24095767593855813,0.21170821958342195,1.0,1.0,0.10792494127132052,0.41031363645567254,False,False,False,,below_bounded_prescreen
diff__detailed__clean__fg2pct_median,detailed_efficiency,0.0,1745,1616,0.26049517491089225,0.26881526173000675,0.8518518518518519,1.0,0.3164894327390804,0.4099769830975326,False,False,False,,below_bounded_prescreen
diff__norm__detailed__all__efg_ros__pct,within_season_normalization,0.0,1745,1318,0.23097488436322294,0.22447149327786675,1.0,1.0,0.23066709006604377,0.4093341077306433,False,False,False,,below_bounded_prescreen
diff__detailed__all__fg2pct_median,detailed_efficiency,0.0,1745,1615,0.25981036846023825,0.2674901611120612,0.8518518518518519,1.0,0.31627646714616264,0.4091987960054916,False,False,False,,below_bounded_prescreen
diff__detailed__clean__tovpct_median,detailed_efficiency,0.0,1745,1745,-0.21161036437848524,0.22293653855054602,1.0,1.0,0.11825922119151921,0.408833449819868,False,False,False,,below_bounded_prescreen
diff__compact__last20_margin_median,compact_performance,0.0,1745,117,0.22174447705211955,0.22337104428798105,1.0,1.0,0.1822627794446704,0.4087113750319104,False,False,False,,below_bounded_prescreen
diff__compact__close5_games,compact_performance,0.0,1745,26,-0.23749212402085126,0.26314281110306026,0.8518518518518519,1.0,0.15539914253959963,0.40863714720876854,False,False,False,,below_bounded_prescreen
diff__detailed__all__tovpct_median,detailed_efficiency,0.0,1745,1745,-0.2112830137814332,0.22179543067040233,1.0,1.0,0.11826554049662416,0.40821344813384347,False,False,False,,below_bounded_prescreen
diff__detailed__ewm_h5__offrtg,detailed_efficiency,0.0,1745,1745,0.21842989333854673,0.24506706619590574,0.9259259259259259,1.0,0.16774402476381536,0.40712515546611056,False,False,False,,below_bounded_prescreen
diff__detailed__clean__trueshootingpct_median,detailed_efficiency,0.0,1745,1744,0.23112812364229293,0.2722269326770263,0.8518518518518519,1.0,0.27201233788939916,0.40693291766699746,False,False,False,,below_bounded_prescreen
diff__detailed__all__trueshootingpct_median,detailed_efficiency,0.0,1745,1744,0.2309685761521116,0.26972254914444194,0.8518518518518519,1.0,0.27107063810550375,0.40573338111487284,False,False,False,,below_bounded_prescreen
diff__detailed__ewm_h10__orbpct,detailed_efficiency,0.0,1745,1745,0.23278453636286361,0.23471111674187572,0.9259259259259259,1.0,0.15768106619268069,0.4057148395363712,False,False,False,,below_bounded_prescreen
diff__detailed__ewm_h5__netrtg,detailed_efficiency,0.0,1745,1745,0.19746632651399051,0.22531050765956082,1.0,1.0,0.1777986744231497,0.4044796885327411,False,False,False,,below_bounded_prescreen
diff__compact__rest_days_std,compact_performance,0.0,1745,1744,-0.2358974924021828,0.201567717802917,1.0,1.0,0.12304151622623966,0.4037282922248308,False,False,False,,below_bounded_prescreen
diff__compact__ewm_h5_margin,compact_performance,0.0,1745,1745,0.20343349247698916,0.22085440148663615,1.0,1.0,0.18601049704604172,0.40332506117668127,False,False,False,,below_bounded_prescreen
diff__detailed__clean__oppftrate_mean,detailed_efficiency,0.0,1745,1745,-0.21208678150387267,0.23930918244109217,0.9259259259259259,1.0,0.21177566548236268,0.4012046210314299,False,False,False,,below_bounded_prescreen
diff__detailed__last20__four_factor_edge_mean,detailed_efficiency,0.0,1745,1745,0.22613725160560788,0.20734078948578805,1.0,1.0,0.21272695857626994,0.4007646959633612,False,False,False,,below_bounded_prescreen
diff__detailed__all__oppftrate_mean,detailed_efficiency,0.0,1745,1745,-0.2123572003026647,0.23745720951718255,0.9259259259259259,1.0,0.21163044979585693,0.4003809747911477,False,False,False,,below_bounded_prescreen
diff__detailed__clean__opp_ft_rate_ros,detailed_efficiency,0.0,1745,1745,-0.21176397997791543,0.23651437343580636,0.9259259259259259,1.0,0.20760373215448452,0.3999589737062972,False,False,False,,below_bounded_prescreen
diff__detailed__clean__oppefg_median,detailed_efficiency,0.0,1745,1727,-0.22752205880131543,0.22576455841991394,0.9259259259259259,1.0,0.1670287845579651,0.39988883774367756,False,False,False,,below_bounded_prescreen
diff__detailed__all__oppefg_median,detailed_efficiency,0.0,1745,1725,-0.22829956332459778,0.22513299317997182,0.9259259259259259,1.0,0.16540581904332674,0.39982165604421305,False,False,False,,below_bounded_prescreen
diff__detailed__all__opp_ft_rate_ros,detailed_efficiency,0.0,1745,1745,-0.2120541500156796,0.23505564081209313,0.9259259259259259,1.0,0.20937242176221882,0.3992518718709136,False,False,False,,below_bounded_prescreen
diff__detailed__clean__oppfg2pct_median,detailed_efficiency,0.0,1745,1688,-0.21793033622790298,0.22527540558242218,0.9259259259259259,1.0,0.14620568478691365,0.39837678940637283,False,False,False,,below_bounded_prescreen
diff__detailed__clean__oppftrate_median,detailed_efficiency,0.0,1745,1742,-0.21011612167126129,0.2074978658217083,1.0,1.0,0.20088513406890446,0.3977891169993413,False,False,False,,below_bounded_prescreen
diff__detailed__all__oppftrate_median,detailed_efficiency,0.0,1745,1742,-0.21019070964473663,0.20684140116745192,1.0,1.0,0.2015089882916842,0.3974654691505516,False,False,False,,below_bounded_prescreen
diff__detailed__all__oppfgpct_median,detailed_efficiency,0.0,1745,1715,-0.2103358533089329,0.22654793332895645,0.9259259259259259,1.0,0.14922365990512096,0.3971960974778076,False,False,False,,below_bounded_prescreen
diff__compact__home_margin_std,compact_performance,0.010315186246418338,1727,1726,0.21951824420335755,0.24443973586987586,0.8518518518518519,1.0,0.10195554243318267,0.3970179466415346,False,False,False,,below_bounded_prescreen
diff__detailed__all__oppfg2pct_median,detailed_efficiency,0.0,1745,1688,-0.21625162781468563,0.22288289417226118,0.9259259259259259,1.0,0.14704098795554232,0.39682565595184266,False,False,False,,below_bounded_prescreen
diff__detailed__clean__oppfgpct_median,detailed_efficiency,0.0,1745,1715,-0.20861238331667223,0.22312216186712625,0.9259259259259259,1.0,0.13999838426302708,0.3955415748035156,False,False,False,,below_bounded_prescreen
diff__detailed__clean__foul_rate_ros,detailed_efficiency,0.0,1745,1745,-0.234940695195741,0.21166203760865776,0.9259259259259259,1.0,0.15438496987476658,0.3952574803483762,False,False,False,,below_bounded_prescreen
diff__detailed__all__foul_rate_ros,detailed_efficiency,0.0,1745,1745,-0.23515994395479695,0.21166203760865776,0.9259259259259259,1.0,0.1558085706872664,0.3952487710428686,False,False,False,,below_bounded_prescreen
diff__detailed__clean__foulrate_mean,detailed_efficiency,0.0,1745,1745,-0.23304705451775254,0.21144102556975147,0.9259259259259259,1.0,0.14886413156989464,0.3949556271527386,False,False,False,,below_bounded_prescreen
diff__detailed__all__foulrate_mean,detailed_efficiency,0.0,1745,1745,-0.23330620461464535,0.21123708705774805,0.9259259259259259,1.0,0.1498982652877872,0.39487338433957764,False,False,False,,below_bounded_prescreen
diff__detailed__all__oppftmaderate_median,detailed_efficiency,0.0,1745,1727,-0.21695816690166178,0.22206833187830802,0.9259259259259259,1.0,0.1917670389214688,0.39480106261124287,False,False,False,,below_bounded_prescreen
diff__detailed__clean__oppftmaderate_median,detailed_efficiency,0.0,1745,1727,-0.21596481839336765,0.2207736314415442,0.9259259259259259,1.0,0.18607985477764266,0.39418855709552447,False,False,False,,below_bounded_prescreen
diff__prior__program_years_since_appearance,prior_program_history,0.07163323782234957,1620,51,-0.19207251789440846,0.23565377695153994,0.9259259259259259,1.0,0.11420233286161058,0.3932191626814047,False,False,False,,below_bounded_prescreen
diff__detailed__clean__oppftmaderate_mean,detailed_efficiency,0.0,1745,1745,-0.21584161595856108,0.23787209219252345,0.8518518518518519,1.0,0.20379236881354418,0.38980836130704916,False,False,False,,below_bounded_prescreen
diff__detailed__all__oppftmaderate_mean,detailed_efficiency,0.0,1745,1745,-0.21617794401737192,0.23699065697035523,0.8518518518518519,1.0,0.20252999537152058,0.3895097595110278,False,False,False,,below_bounded_prescreen
diff__detailed__clean__opp_ftmade_rate_ros,detailed_efficiency,0.0,1745,1745,-0.21539967815238759,0.23563195149583538,0.8518518518518519,1.0,0.2006160968611168,0.38876291833337784,False,False,False,,below_bounded_prescreen
diff__detailed__all__opp_ftmade_rate_ros,detailed_efficiency,0.0,1745,1745,-0.2157687216614994,0.23507784565081427,0.8518518518518519,1.0,0.1990242602260748,0.388641810565174,False,False,False,,below_bounded_prescreen
diff__rating__elo_standard_delta,dynamic_ratings,0.0,1745,1745,0.1970113601070208,0.2139781786793908,0.9259259259259259,1.0,0.1500398374100052,0.3881985796414001,False,False,False,,below_bounded_prescreen
diff__compact__half_delta_pointsagainstmean,compact_performance,0.0,1745,1658,0.21053150021126601,0.22899100501979136,0.8518518518518519,1.0,0.1363595679679574,0.38707452603355635,False,False,False,,below_bounded_prescreen
diff__prior__program_has_tournament_history,prior_program_history,0.0,1745,3,0.19639578066636215,0.21081851067789195,0.9259259259259259,1.0,0.1427691066192108,0.3868373407553675,False,False,False,,below_bounded_prescreen
diff__detailed__ewm_h10__efg,detailed_efficiency,0.0,1745,1745,0.22851291593715894,0.22961699108469485,0.8518518518518519,1.0,0.27140019452707387,0.38592928574204177,False,False,False,,below_bounded_prescreen
diff__compact__half_marginmean_second,compact_performance,0.0,1745,1504,0.19526146293374932,0.2087450658252128,0.9259259259259259,1.0,0.17542908878029334,0.38428613803846334,False,False,False,,below_bounded_prescreen
diff__detailed__all__foulrate_median,detailed_efficiency,0.0,1745,1745,-0.2035250327140769,0.19219879917675778,0.9259259259259259,1.0,0.1870922341054555,0.3776953895858705,False,False,False,,below_bounded_prescreen
diff__detailed__clean__foulrate_median,detailed_efficiency,0.0,1745,1745,-0.20298394903562675,0.19110648389659954,0.9259259259259259,1.0,0.18053544103212826,0.37731431156506867,False,False,False,,below_bounded_prescreen
diff__compact__neutral_margin_mean,compact_performance,0.053868194842406875,1651,1053,0.20669858195745983,0.2238591228890049,0.8518518518518519,1.0,0.19008811805646075,0.3773093830040088,False,False,False,,below_bounded_prescreen
diff__rating__elo_mov_538_delta,dynamic_ratings,0.0,1745,1745,0.17107401226441757,0.22499778413777702,0.8518518518518519,1.0,0.12607782496787429,0.37688840238188615,False,False,False,,below_bounded_prescreen
diff__rating__elo_mov_log_delta,dynamic_ratings,0.0,1745,1745,0.17156400788756654,0.22425613401135552,0.8518518518518519,1.0,0.12463580320625015,0.37669789022876166,False,False,False,,below_bounded_prescreen
diff__detailed__ewm_h20__tovpct,detailed_efficiency,0.0,1745,1745,-0.21245979185163424,0.18283306643861014,0.9259259259259259,1.0,0.19158259203041184,0.374985870564824,False,False,False,,below_bounded_prescreen
diff__compact__ewm_h20_points_against,compact_performance,0.0,1745,1745,-0.18211111177249797,0.19332032347883474,0.9259259259259259,1.0,0.15251551620799683,0.3749057273596184,False,False,False,,below_bounded_prescreen
interaction__free_throw_pressure_edge,matchup_interactions,0.0,1745,1745,-0.18663481286302178,0.1894537860413012,0.9259259259259259,1.0,0.13732999927119988,0.3746524243069895,False,False,False,,below_bounded_prescreen
diff__detailed__last20__orb_pct_mean,detailed_efficiency,0.0,1745,1745,0.19321860322274814,0.20643798391721332,0.8518518518518519,1.0,0.1356828185895155,0.3724673085419827,False,False,False,,below_bounded_prescreen
diff__detailed__away__def_rtg_mean,detailed_efficiency,0.0,1745,1745,-0.1753188032666066,0.1934302808281063,0.9259259259259259,1.0,0.17845656684828068,0.3724265569903613,False,False,False,,below_bounded_prescreen
diff__conference__strength_std,conference_context,0.0,1745,1484,0.2070989047478865,0.2289458670274225,0.7777777777777778,1.0,0.1894255053859625,0.3723231994467038,False,False,False,,below_bounded_prescreen
diff__detailed__ewm_h10__defrtg,detailed_efficiency,0.0,1745,1745,-0.19956145896235186,0.18121943000482021,0.9259259259259259,1.0,0.17915463995035874,0.37187080992416494,False,False,False,,below_bounded_prescreen
diff__compact__points_against_mean,compact_performance,0.0,1745,1696,-0.1856000612426112,0.21326861282126505,0.8518518518518519,1.0,0.2148768546967217,0.3709021697360091,False,False,False,,below_bounded_prescreen
diff__detailed__ewm_h5__fourfactoredge,detailed_efficiency,0.0,1745,1745,0.1840701018851056,0.182689570769172,0.9259259259259259,1.0,0.18733603127176107,0.3688411232812035,False,False,False,,below_bounded_prescreen
diff__detailed__ewm_h10__tovpct,detailed_efficiency,0.0,1745,1745,-0.19794720879466154,0.17423965854851609,0.9259259259259259,1.0,0.1925089164349593,0.367631213528863,False,False,False,,below_bounded_prescreen
diff__detailed__neutral__net_rtg_mean,detailed_efficiency,0.053868194842406875,1651,1651,0.19635836823855862,0.20902038550836868,0.8518518518518519,1.0,0.2001904025031645,0.3675078506652771,False,False,False,,below_bounded_prescreen
diff__detailed__ewm_h20__oppefg,detailed_efficiency,0.0,1745,1745,-0.20046539072286496,0.17952348425467485,0.8518518518518519,1.0,0.10190045652246865,0.3624939364366717,False,False,False,,below_bounded_prescreen
diff__compact__rest_days_mean,compact_performance,0.0,1745,1104,-0.22691800910181673,0.23267983432625491,0.7037037037037037,1.0,0.29560531096131043,0.36237666263314217,False,False,False,,below_bounded_prescreen
diff__detailed__ewm_h10__oppefg,detailed_efficiency,0.0,1745,1745,-0.17568904994388543,0.18995233751958665,0.8518518518518519,1.0,0.16872215678942065,0.35937612302177585,False,False,False,,below_bounded_prescreen
diff__compact__close3_games,compact_performance,0.0,1745,19,-0.1752336501904337,0.21164520679393728,0.7777777777777778,1.0,0.1350227815129017,0.35918463548691365,False,False,False,,below_bounded_prescreen
diff__schedule__opponent_strength_std,schedule_and_accomplishment,0.0,1745,1745,0.18766124040664042,0.2037306455904915,0.7777777777777778,1.0,0.16197667121924972,0.35704156036857126,False,False,False,,below_bounded_prescreen
diff__compact__day90plus_margin_mean,compact_performance,0.0,1745,1562,0.16558201759462476,0.1872829714693869,0.8518518518518519,1.0,0.1668738793331074,0.3559452112990952,False,False,False,,below_bounded_prescreen
diff__compact__close5_wins,compact_performance,0.0,1745,20,-0.17931176705801108,0.18067328514951617,0.8518518518518519,1.0,0.1930870286347583,0.35474458077543614,False,False,False,,below_bounded_prescreen
diff__detailed__ewm_h5__orbpct,detailed_efficiency,0.0,1745,1745,0.17405278833939486,0.1706892114153835,0.8518518518518519,1.0,0.13279084456633827,0.35120709742769374,False,False,False,,below_bounded_prescreen
diff__compact__last20_win_pct,compact_performance,0.0,1745,23,0.15521010716563158,0.1523385754812402,0.9259259259259259,1.0,0.1096160655454565,0.3510322453337641,False,False,False,,below_bounded_prescreen
diff__compact__pythag_residual_exp10p0,compact_performance,0.0,1745,1745,-0.14642364468805547,0.15748249648451154,0.9259259259259259,1.0,0.12867667152397472,0.3508058814311269,False,False,False,,below_bounded_prescreen
diff__compact__neutral_games,compact_performance,0.053868194842406875,1651,30,0.15849958965717126,0.18299697051487218,0.8518518518518519,1.0,0.17730595622610434,0.34760305803157593,False,False,False,,below_bounded_prescreen
diff__detailed__neutral__games,detailed_efficiency,0.053868194842406875,1651,30,0.15766071754771735,0.18299697051487218,0.8518518518518519,1.0,0.1786327499158536,0.3473654344199061,False,False,False,,below_bounded_prescreen
diff__compact__margin_std,compact_performance,0.0,1745,1745,0.16952516343162208,0.1907502176355424,0.7777777777777778,1.0,0.15428538734696445,0.34712866937058307,False,False,False,,below_bounded_prescreen
diff__compact__overtime_rate,compact_performance,0.0,1745,411,-0.17067405890258755,0.1904915663358245,0.7777777777777778,1.0,0.18677725330513684,0.34595759911200397,False,False,False,,below_bounded_prescreen
diff__geography__neutral_games_with_city,geography_and_schedule_dispersion,0.0,1745,30,0.1580435837050923,0.19039324318714607,0.8,1.0,0.24689897239912728,0.3442823862489853,False,False,False,,below_bounded_prescreen
diff__detailed__neutral__off_rtg_mean,detailed_efficiency,0.053868194842406875,1651,1651,0.19633241681449876,0.18129846883386055,0.7777777777777778,1.0,0.1630015000001809,0.34383132559648755,False,False,False,,below_bounded_prescreen
diff__compact__ewm_h5_points_for,compact_performance,0.0,1745,1745,0.17117132179723252,0.17845917690855848,0.7777777777777778,1.0,0.2272407311897544,0.3386729109083535,False,False,False,,below_bounded_prescreen
diff__compact__pythag_residual_exp11p5,compact_performance,0.0,1745,1745,-0.14347525429460423,0.13376169087529965,0.9259259259259259,1.0,0.13685308590782286,0.338444192276792,False,False,False,,below_bounded_prescreen
diff__geography__games_per_distinct_city,geography_and_schedule_dispersion,0.25673352435530084,1297,562,0.15984451244995182,0.1414347317085794,1.0,1.0,0.2080588347699847,0.334193428619884,False,False,False,,below_bounded_prescreen
diff__detailed__last20__tov_pct_mean,detailed_efficiency,0.0,1745,1745,-0.15363737768973068,0.14586546178295123,0.8518518518518519,1.0,0.15288986814884076,0.33399634631790004,False,False,False,,below_bounded_prescreen
diff__compact__last20_points_for_mean,compact_performance,0.0,1745,634,0.19195652110775266,0.18398834392500876,0.7037037037037037,1.0,0.2615361161676613,0.3326759876735959,False,False,False,,below_bounded_prescreen
diff__detailed__clean__fg3_pct_ros,detailed_efficiency,0.0,1745,1742,0.15696960509732114,0.1288875197660815,0.8518518518518519,1.0,0.12105894411628704,0.3278532611407746,False,False,False,,below_bounded_prescreen
diff__detailed__last10__off_rtg_mean,detailed_efficiency,0.0,1745,1745,0.16711063830978715,0.16952629786053203,0.7037037037037037,1.0,0.13703124087789945,0.3252483063586852,False,False,False,,below_bounded_prescreen
diff__detailed__last10__orb_pct_mean,detailed_efficiency,0.0,1745,1745,0.14677692857164593,0.15574659887481945,0.7777777777777778,1.0,0.1600740486057856,0.3250907742458885,False,False,False,,below_bounded_prescreen
diff__context__d1_tenure,availability_and_context,0.36103151862464183,1115,35,0.14990567359607954,0.14285714285714285,1.0,1.0,0.2104195940208905,0.3242513715117591,False,False,False,,below_bounded_prescreen
diff__detailed__all__oppstealpct_mean,detailed_efficiency,0.0,1745,1745,-0.14710428248459495,0.14784224757000544,0.7777777777777778,1.0,0.13705242468299683,0.3222895684373381,False,False,False,,below_bounded_prescreen
diff__detailed__clean__oppstealpct_mean,detailed_efficiency,0.0,1745,1745,-0.14760114519910814,0.1450377353241478,0.7777777777777778,1.0,0.1377441712679695,0.32102504249312036,False,False,False,,below_bounded_prescreen
diff__detailed__all__fg3_pct_ros,detailed_efficiency,0.0,1745,1743,0.15646356410709195,0.1325183330468838,0.7777777777777778,1.0,0.11881412492428284,0.3177226634135376,False,False,False,,below_bounded_prescreen
diff__compact__last10_margin_mean,compact_performance,0.0,1745,422,0.1430715249503644,0.13985750918562656,0.7777777777777778,1.0,0.15482554055566616,0.31685876272039876,False,False,False,,below_bounded_prescreen
diff__compact__pythag_residual_exp13p91,compact_performance,0.0,1745,1745,-0.11834625500956181,0.11275342755896268,0.8518518518518519,1.0,0.16402232110820292,0.3098932247823739,False,False,False,,below_bounded_prescreen
diff__detailed__all__ftrate_std,detailed_efficiency,0.0,1745,1745,-0.13966782380867016,0.1777681799469441,0.6296296296296297,1.0,0.18279855611894688,0.30948444610842346,False,False,False,,below_bounded_prescreen
diff__detailed__last20__opp_efg_mean,detailed_efficiency,0.0,1745,1745,-0.1272830207340805,0.1832219256145636,0.6296296296296297,1.0,0.1878553921558876,0.30917531391099345,False,False,False,,below_bounded_prescreen
diff__detailed__clean__ftrate_std,detailed_efficiency,0.0,1745,1745,-0.1384981560153858,0.17771732995714254,0.6296296296296297,1.0,0.1841100010703686,0.30915025340073926,False,False,False,,below_bounded_prescreen
diff__detailed__last5__ft_rate_mean,detailed_efficiency,0.0,1745,1745,-0.11134255110729252,0.1334385183145354,0.7777777777777778,1.0,0.11040530617935548,0.3085740822318516,False,False,False,,below_bounded_prescreen
diff__detailed__last10__net_rtg_mean,detailed_efficiency,0.0,1745,1745,0.1402719400856448,0.1477681638463719,0.7037037037037037,1.0,0.14802462508050185,0.3084601530544729,False,False,False,,below_bounded_prescreen
diff__detailed__clean__tovpct_std,detailed_efficiency,0.0,1745,1745,-0.12527173297950397,0.1545355773112369,0.7037037037037037,1.0,0.16341546494177017,0.3077928323598064,False,False,False,,below_bounded_prescreen
diff__conference__tourney_champion,conference_context,0.016045845272206302,1717,3,-0.1424264569852704,0.14779939172464399,0.7037037037037037,1.0,0.15196485045941177,0.3075078595170282,False,False,False,,below_bounded_prescreen
diff__detailed__all__tovpct_std,detailed_efficiency,0.0,1745,1745,-0.12558167836847084,0.15219678518618052,0.7037037037037037,1.0,0.16473795359217477,0.30668550057933586,False,False,False,,below_bounded_prescreen
diff__compact__last10_margin_median,compact_performance,0.0,1745,125,0.1382845415226282,0.1441188028605183,0.7037037037037037,1.0,0.14112531288364016,0.306547204585274,False,False,False,,below_bounded_prescreen
diff__detailed__clean__fg3pct_mean,detailed_efficiency,0.0,1745,1745,0.14000029332195862,0.11857800229657572,0.7777777777777778,1.0,0.14413681911847076,0.3063964773128929,False,False,False,,below_bounded_prescreen
diff__detailed__all__fg3pct_mean,detailed_efficiency,0.0,1745,1745,0.13940219578115928,0.11857800229657572,0.7777777777777778,1.0,0.14476872789958956,0.30623961950267226,False,False,False,,below_bounded_prescreen
diff__compact__day90plus_games,compact_performance,0.0,1745,11,0.13281743282637373,0.1534761812228851,0.6923076923076923,1.0,0.19267614775803163,0.30595058706769657,False,False,False,,below_bounded_prescreen
diff__seed__playin,selection_committee_prior,0.0,1745,3,-0.09441485331986318,0.10175855897492644,0.8823529411764706,1.0,0.14285714285714285,0.30507756091228416,False,True,False,,correlation_pruned_or_cap
diff__detailed__clean__oppblockpct_mean,detailed_efficiency,0.0,1745,1745,-0.14108636572844455,0.1400495143612695,0.7037037037037037,1.0,0.16093731308302084,0.30441786742293897,False,False,False,,below_bounded_prescreen
diff__detailed__all__oppblockpct_mean,detailed_efficiency,0.0,1745,1745,-0.1408907700090687,0.13833937066442534,0.7037037037037037,1.0,0.1596819314896641,0.3036041826539253,False,False,False,,below_bounded_prescreen
diff__compact__half_pointsformean_second,compact_performance,0.0,1745,1494,0.16635451143118443,0.18287274198646025,0.5555555555555556,1.0,0.24633241907691525,0.30341250079417376,False,False,False,,below_bounded_prescreen
diff__detailed__ewm_h5__ftrate,detailed_efficiency,0.0,1745,1745,-0.11467560509976868,0.12170172400718174,0.7777777777777778,1.0,0.1266686883221561,0.3030231575569546,False,False,False,,below_bounded_prescreen
diff__detailed__last10__ft_rate_mean,detailed_efficiency,0.0,1745,1745,-0.11362875788339469,0.12191512304919688,0.7777777777777778,1.0,0.14582295179231702,0.3021291121707131,False,False,False,,below_bounded_prescreen
diff__detailed__clean__oppstealpct_median,detailed_efficiency,0.0,1745,1745,-0.12075246476481707,0.1368713978879547,0.7037037037037037,1.0,0.11896723271872203,0.30009771651832173,False,False,False,,below_bounded_prescreen
diff__detailed__all__oppstealpct_median,detailed_efficiency,0.0,1745,1745,-0.12161453583226474,0.1368713978879547,0.7037037037037037,1.0,0.1250674489594295,0.3000433635035319,False,False,False,,below_bounded_prescreen
diff__detailed__all__oppblockpct_median,detailed_efficiency,0.0,1745,1651,-0.12396978721783052,0.13961917576192462,0.7037037037037037,1.0,0.20603909681361354,0.2986415862736946,False,False,False,,below_bounded_prescreen
diff__compact__half_winpct_second,compact_performance,0.0,1745,492,0.1095249702919407,0.1124349706614824,0.7777777777777778,1.0,0.09911555473631602,0.29854410163673034,False,False,False,,below_bounded_prescreen
diff__detailed__all__netrtg_std,detailed_efficiency,0.0,1745,1745,0.12898669743747834,0.1291169583263607,0.7037037037037037,1.0,0.13471142948688794,0.2975573488460154,False,False,False,,below_bounded_prescreen
diff__detailed__clean__oppblockpct_median,detailed_efficiency,0.0,1745,1649,-0.12456042496864016,0.136177841346714,0.7037037037037037,1.0,0.19788965944062725,0.29744566355449104,False,False,False,,below_bounded_prescreen
diff__compact__close3_wins,compact_performance,0.0,1745,17,-0.12824668280616916,0.15984947636803395,0.6296296296296297,1.0,0.21592631185585157,0.29704570714052014,False,False,False,,below_bounded_prescreen
diff__compact__pythag_residual_exp8p0,compact_performance,0.0,1745,1745,-0.12012076642181953,0.1164956293192839,0.7037037037037037,1.0,0.10837588407696383,0.2906020279155706,False,False,False,,below_bounded_prescreen
diff__compact__overtime_periods_mean,compact_performance,0.0,1745,500,-0.1502482051684609,0.11191678702388283,0.7037037037037037,1.0,0.22215298543136786,0.29048113608386306,False,False,False,,below_bounded_prescreen
diff__detailed__last5__orb_pct_mean,detailed_efficiency,0.0,1745,1745,0.1138230818596038,0.1112189963437766,0.7037037037037037,1.0,0.10401351020083253,0.28685824843868485,False,False,False,,below_bounded_prescreen
diff__detailed__clean__fg3attemptrate_median,detailed_efficiency,0.0,1745,1733,-0.13117284729241657,0.1881527090780019,0.48148148148148145,1.0,0.2588261009875432,0.28585531975930784,False,False,False,,below_bounded_prescreen
diff__detailed__clean__netrtg_std,detailed_efficiency,0.0,1745,1745,0.1289255092579252,0.1291169583263607,0.6296296296296297,1.0,0.14496998922759374,0.28528169320503366,False,False,False,,below_bounded_prescreen
interaction__adjusted_offense_defense_edge,matchup_interactions,0.0,1745,1745,0.12933765916349474,0.1043864075125664,0.7037037037037037,1.0,0.16282545199706383,0.2846393351347108,False,False,False,,below_bounded_prescreen
diff__compact__ewm_h10_points_against,compact_performance,0.0,1745,1745,-0.13089034993249743,0.15617097620531256,0.5555555555555556,1.0,0.20753718312183134,0.2843453471277151,False,False,False,,below_bounded_prescreen
mean__detailed__all__opp_ftmade_rate_ros,detailed_efficiency,0.0,1745,1745,-0.08025951270057845,0.0941418505905982,0.7777777777777778,1.0,0.0757285607611257,0.2842604830916138,False,False,False,,below_bounded_prescreen
mean__detailed__clean__opp_ftmade_rate_ros,detailed_efficiency,0.0,1745,1745,-0.08017433197785816,0.09344191158142633,0.7777777777777778,1.0,0.07531523449521851,0.28392230565884913,False,False,False,,below_bounded_prescreen
mean__detailed__clean__oppftmaderate_mean,detailed_efficiency,0.0,1745,1745,-0.08138241893266526,0.09182733319083135,0.7777777777777778,1.0,0.08274080452860899,0.28311606436008546,False,False,False,,below_bounded_prescreen
mean__detailed__all__oppftmaderate_mean,detailed_efficiency,0.0,1745,1745,-0.08147413032944639,0.0914249036531146,0.7777777777777778,1.0,0.08221057605026369,0.28296428382840716,False,False,False,,below_bounded_prescreen
diff__detailed__clean__orbpct_std,detailed_efficiency,0.0,1745,1745,0.12338934370420038,0.12736573985499455,0.6296296296296297,1.0,0.20549081699819066,0.2808023188061346,False,False,False,,below_bounded_prescreen
diff__compact__day110plus_margin_mean,compact_performance,0.0,1745,1305,0.11109393722998649,0.09885907126198352,0.7037037037037037,1.0,0.14485932607463536,0.2786912399459563,False,False,False,,below_bounded_prescreen
diff__detailed__all__orbpct_std,detailed_efficiency,0.0,1745,1745,0.12277982953584947,0.12177211590198458,0.6296296296296297,1.0,0.20464320056491286,0.2780171908489837,False,False,False,,below_bounded_prescreen
diff__detailed__clean__fg3_attempt_rate_ros,detailed_efficiency,0.0,1745,1745,-0.1348488744065731,0.16733427141456275,0.48148148148148145,1.0,0.22958949480200366,0.27784065989339307,False,False,False,,below_bounded_prescreen
diff__detailed__all__fg3_attempt_rate_ros,detailed_efficiency,0.0,1745,1745,-0.13448685848920366,0.16733427141456275,0.48148148148148145,1.0,0.22848605546098177,0.2778051539652127,False,False,False,,below_bounded_prescreen
diff__detailed__ewm_h5__efg,detailed_efficiency,0.0,1745,1745,0.13723665901746496,0.1438414307984781,0.5555555555555556,1.0,0.2603887444232436,0.27770929087907087,False,False,False,,below_bounded_prescreen
mean__detailed__all__oppftmaderate_median,detailed_efficiency,0.0,1745,1728,-0.07938482448307743,0.08212395250296622,0.7777777777777778,1.0,0.09673503570539163,0.27745920160392956,False,False,False,,below_bounded_prescreen
diff__detailed__ewm_h5__tovpct,detailed_efficiency,0.0,1745,1745,-0.13065116666443827,0.11511562135397503,0.6296296296296297,1.0,0.18517601727281827,0.27733245496591247,False,False,False,,below_bounded_prescreen
mean__detailed__clean__oppftmaderate_median,detailed_efficiency,0.0,1745,1729,-0.07894316127951514,0.07923805734114117,0.7777777777777778,1.0,0.09565304761707755,0.27602008554500246,False,False,False,,below_bounded_prescreen
diff__detailed__last10__tov_pct_mean,detailed_efficiency,0.0,1745,1745,-0.10436365002103917,0.12305852391037578,0.6296296296296297,1.0,0.1745413106002072,0.27578718279834147,False,False,False,,below_bounded_prescreen
diff__detailed__clean__fg3pct_median,detailed_efficiency,0.0,1745,1265,0.13107914445177316,0.13595652717689152,0.5555555555555556,1.0,0.18993124194509498,0.2753881840353832,False,False,False,,below_bounded_prescreen
diff__detailed__all__fg3attemptrate_median,detailed_efficiency,0.0,1745,1733,-0.13115190650664788,0.19061045601641152,0.4074074074074074,1.0,0.2591370850667934,0.2751661401018535,False,False,False,,below_bounded_prescreen
diff__detailed__all__fg3pct_median,detailed_efficiency,0.0,1745,1269,0.1301666322987653,0.13515591147151942,0.5555555555555556,1.0,0.18628673913991434,0.27494891593535004,False,False,False,,below_bounded_prescreen
diff__compact__ewm_h5_win,compact_performance,0.0,1745,1745,0.0751988977331093,0.09641565654636551,0.7037037037037037,1.0,0.11548012093538645,0.2707966603987166,False,False,False,,below_bounded_prescreen
diff__detailed__clean__defrtg_std,detailed_efficiency,0.0,1745,1745,0.10568555079826725,0.13489613926725294,0.5555555555555556,1.0,0.19690206285526246,0.2690137743985786,False,False,False,,below_bounded_prescreen
diff__detailed__clean__steal_pct_ros,detailed_efficiency,0.0,1745,1745,0.08852740942206279,0.11437025129695991,0.6296296296296297,1.0,0.15436547334609663,0.26893987250229145,False,False,False,,below_bounded_prescreen
diff__compact__last20_margin_std,compact_performance,0.0,1745,1745,0.11059022503432589,0.1293416272967962,0.5555555555555556,1.0,0.16130684506876086,0.2688504456961523,False,False,False,,below_bounded_prescreen
absdiff__conference__strength_std,conference_context,0.0,1745,1326,0.10538616653402855,0.1303341613008628,0.5555555555555556,1.0,0.14588463250826875,0.2687988576504586,False,False,False,,below_bounded_prescreen
diff__detailed__all__steal_pct_ros,detailed_efficiency,0.0,1745,1745,0.08834518558770531,0.11377057953347464,0.6296296296296297,1.0,0.15407938576497843,0.26862338431550464,False,False,False,,below_bounded_prescreen
diff__compact__last10_points_for_mean,compact_performance,0.0,1745,390,0.12552279832734387,0.15264581048667175,0.48148148148148145,1.0,0.2390694797662251,0.2683592625120061,False,False,False,,below_bounded_prescreen
diff__detailed__clean__fg3attemptrate_mean,detailed_efficiency,0.0,1745,1745,-0.13547080171883472,0.1723990187700604,0.4074074074074074,1.0,0.23481156318847113,0.26834782804541896,False,False,False,,below_bounded_prescreen
diff__detailed__all__fg3attemptrate_mean,detailed_efficiency,0.0,1745,1745,-0.13512742238654807,0.1723990187700604,0.4074074074074074,1.0,0.2332553560020782,0.26833453287977166,False,False,False,,below_bounded_prescreen
diff__detailed__clean__stealpct_mean,detailed_efficiency,0.0,1745,1745,0.08625675514477305,0.11223089497525508,0.6296296296296297,1.0,0.15468865100940596,0.267400510420337,False,False,False,,below_bounded_prescreen
diff__detailed__ewm_h10__fg3attemptrate,detailed_efficiency,0.0,1745,1745,-0.12414810339798603,0.1519805479764891,0.48148148148148145,1.0,0.2544496869286697,0.267122295336162,False,False,False,,below_bounded_prescreen
diff__detailed__all__oppfg3pct_mean,detailed_efficiency,0.0,1745,1745,-0.11811789211307126,0.12312966239388735,0.5555555555555556,1.0,0.17497425510747053,0.2669780928985317,False,False,False,,below_bounded_prescreen
diff__detailed__all__stealpct_mean,detailed_efficiency,0.0,1745,1745,0.08608421076866483,0.11103325469987442,0.6296296296296297,1.0,0.15500386276663303,0.2667750748551215,False,False,False,,below_bounded_prescreen
diff__compact__neutral_win_pct,compact_performance,0.053868194842406875,1651,163,0.07562837123958975,0.12237596084984177,0.6296296296296297,1.0,0.1402991294660075,0.26619802285534166,False,False,False,,below_bounded_prescreen
diff__detailed__ewm_h5__fg3attemptrate,detailed_efficiency,0.0,1745,1745,-0.1108063970820219,0.15576842799185223,0.48148148148148145,1.0,0.2572950077410081,0.2658914895215306,False,False,False,,below_bounded_prescreen
diff__detailed__clean__oppfg3pct_mean,detailed_efficiency,0.0,1745,1745,-0.1172140773188365,0.12091497426856533,0.5555555555555556,1.0,0.17646794563663257,0.265656455722479,False,False,False,,below_bounded_prescreen
diff__detailed__all__defrtg_std,detailed_efficiency,0.0,1745,1745,0.10527489937201824,0.12681094413372826,0.5555555555555556,1.0,0.19461126483494665,0.2651341693415246,False,False,False,,below_bounded_prescreen
diff__quality__HasCompleteDetailedCoverage,detailed_efficiency,0.0,1745,3,-0.01796577673618985,0.0,1.0,1.0,0.0,0.2639524708819618,False,False,False,,below_bounded_prescreen
absdiff__availability__rich_coverage,availability_and_context,0.0,1745,2,0.014047186871039022,0.0,1.0,1.0,0.0,0.26309038111162864,False,False,False,,below_bounded_prescreen
mean__availability__rich_coverage,availability_and_context,0.0,1745,2,-0.014047186871039013,0.0,1.0,1.0,0.0,0.2630903811116286,False,False,False,,below_bounded_prescreen
diff__availability__rich_coverage,availability_and_context,0.0,1745,3,0.013751282583758132,0.0,1.0,1.0,0.0,0.2630252821684268,False,False,False,,below_bounded_prescreen
diff__quality__RichFeatureCoverageEligible,detailed_efficiency,0.0,1745,3,0.013751282583758132,0.0,1.0,1.0,0.0,0.2630252821684268,False,False,False,,below_bounded_prescreen
diff__quality__MissingDetailedGames,detailed_efficiency,0.0,1745,7,0.008199956455407598,0.0,1.0,1.0,0.0,0.26180399042018965,False,False,False,,below_bounded_prescreen
diff__detailed__last10__four_factor_edge_mean,detailed_efficiency,0.0,1745,1745,0.13045260256135058,0.10538527715569881,0.5555555555555556,1.0,0.1988551343112806,0.2602191891146702,False,False,False,,below_bounded_prescreen
diff__detailed__last5__off_rtg_mean,detailed_efficiency,0.0,1745,1745,0.12021765451816961,0.08084754755643776,0.6296296296296297,1.0,0.15693999408000472,0.259717847798628,False,False,False,,below_bounded_prescreen
diff__compact__last5_points_for_mean,compact_performance,0.0,1745,250,0.1021159253993198,0.1385461930766683,0.48148148148148145,1.0,0.18156707258015026,0.25874203039848215,False,False,False,,below_bounded_prescreen
interaction__turnover_pressure_edge,matchup_interactions,0.0,1745,1745,0.11035749846922702,0.0834004629751235,0.6296296296296297,1.0,0.1594688021908825,0.2586728605443947,False,False,False,,below_bounded_prescreen
mean__prior__program_tournament_games,prior_program_history,0.0,1745,166,0.06051562419923827,0.10344104331733985,0.6296296296296297,1.0,0.15330155896460257,0.25757381649831224,False,False,False,,below_bounded_prescreen
diff__quality__FlaggedPossessionRate,detailed_efficiency,0.0,1745,23,-0.06292021237674135,0.12500000000000006,0.5652173913043478,1.0,0.17668714139088387,0.2572097436759434,False,False,False,,below_bounded_prescreen
diff__compact__day120plus_win_pct,compact_performance,0.0,1745,55,-0.06661237933216035,0.06939388538540657,0.7037037037037037,1.0,0.0850945714242236,0.25715259817369407,False,False,False,,below_bounded_prescreen
absdiff__compact__half_marginmean_second,compact_performance,0.0,1745,1373,0.0998633086912996,0.10688701798242038,0.5555555555555556,1.0,0.16067687548235257,0.2557375104132425,False,False,False,,below_bounded_prescreen
diff__compact__margin_iqr,compact_performance,0.0,1745,145,0.10689117635519677,0.1347691699730522,0.48148148148148145,1.0,0.26403907681962563,0.2546807343494603,False,False,False,,below_bounded_prescreen
diff__compact__margin_mad,compact_performance,0.0,1745,42,0.10300421765846529,0.10504683014607116,0.5555555555555556,1.0,0.18803611799512787,0.25445085052406036,False,False,False,,below_bounded_prescreen
diff__compact__last10_margin_std,compact_performance,0.0,1745,1745,0.10468760386548617,0.102129242525782,0.5555555555555556,1.0,0.17583385819855327,0.2539088438237291,False,False,False,,below_bounded_prescreen
diff__quality__FlaggedPossessionGames,detailed_efficiency,0.0,1745,5,-0.060624362271302516,0.12500000000000006,0.5454545454545454,1.0,0.17627524357927027,0.25355907722924304,False,False,False,,below_bounded_prescreen
diff__conference__tourney_last_day,conference_context,0.016045845272206302,1717,19,-0.008427976807964517,0.2696596266276231,0.25925925925925924,1.0,0.45010644226726726,0.2534843318480256,False,False,False,,below_bounded_prescreen
diff__geography__distinct_cities,geography_and_schedule_dispersion,0.0,1745,18,-0.0929159930307339,0.08730503216863805,0.6,1.0,0.1431333581592475,0.2526225995813378,False,False,False,,below_bounded_prescreen
diff__conference__tourney_win_pct,conference_context,0.016045845272206302,1717,17,-0.08270159269257604,0.08129633638134852,0.6296296296296297,1.0,0.1060768866596917,0.2524305895079905,False,False,False,,below_bounded_prescreen
diff__detailed__clean__oppftpct_mean,detailed_efficiency,0.0,1745,1745,-0.06828900651822213,0.11262493024688011,0.5555555555555556,1.0,0.1443359569192519,0.2521989985646302,False,False,False,,below_bounded_prescreen
absdiff__compact__margin_median,compact_performance,0.0,1745,62,0.11547856881048192,0.11968213856781192,0.48148148148148145,1.0,0.20216996152719896,0.2518029502268048,False,False,False,,below_bounded_prescreen
diff__detailed__all__oppfg3pct_median,detailed_efficiency,0.0,1745,1185,-0.08331478851502326,0.13112728686623026,0.48148148148148145,1.0,0.1765410249098793,0.25124574720973747,False,False,False,,below_bounded_prescreen
diff__detailed__ewm_h20__fg3attemptrate,detailed_efficiency,0.0,1745,1745,-0.12263634658816876,0.1455137137767081,0.4074074074074074,1.0,0.27432315518230715,0.25103883784010994,False,False,False,,below_bounded_prescreen
mean__prior__program_championships,prior_program_history,0.0,1745,13,0.11098829722529617,0.09315863408626153,0.5555555555555556,1.0,0.17743288821495257,0.2509251431112615,False,False,False,,below_bounded_prescreen
diff__detailed__all__oppftpct_mean,detailed_efficiency,0.0,1745,1745,-0.06876213560482208,0.1095166568262126,0.5555555555555556,1.0,0.14239290283813183,0.25088883788500654,False,False,False,,below_bounded_prescreen
mean__prior__program_tournament_wins,prior_program_history,0.0,1745,132,0.07354611360367608,0.10615681276736876,0.5555555555555556,1.0,0.14419756313746018,0.2502564014845362,False,False,False,,below_bounded_prescreen
diff__detailed__ewm_h10__ftrate,detailed_efficiency,0.0,1745,1745,-0.08076439502607483,0.1279574298301051,0.48148148148148145,1.0,0.1533023866546632,0.2500926747950374,False,False,False,,below_bounded_prescreen
diff__compact__days_since_last_game,compact_performance,0.0,1745,19,0.006030551203008887,0.2852969750659017,0.18518518518518517,1.0,0.45329454124561724,0.2497671172760997,False,False,False,,below_bounded_prescreen
diff__compact__last_game_day,compact_performance,0.0,1745,19,-0.006030551203008887,0.2852969750659017,0.18518518518518517,1.0,0.45329454124561724,0.2497671172760997,False,False,False,,below_bounded_prescreen
absdiff__compact__ewm_h5_margin,compact_performance,0.0,1745,1745,0.09019378716432433,0.08961573662620707,0.5555555555555556,1.0,0.15361462977073548,0.24560249045479018,False,False,False,,below_bounded_prescreen
diff__detailed__clean__oppassistturnoverratio_mean,detailed_efficiency,0.0,1745,1745,-0.08719674021328452,0.09032555030966702,0.5555555555555556,1.0,0.18449072681836684,0.24404880681171695,False,False,False,,below_bounded_prescreen
absdiff__detailed__last20__net_rtg_mean,detailed_efficiency,0.0,1745,1745,0.08499863674001379,0.11352507297743826,0.48148148148148145,1.0,0.16294701882920506,0.2437108913958422,False,False,False,,below_bounded_prescreen
absdiff__detailed__away__pace_mean,detailed_efficiency,0.0,1745,1737,-0.07185814609294089,0.09391406536104736,0.5555555555555556,1.0,0.15894633286645632,0.2434185790879804,False,False,False,,below_bounded_prescreen
diff__compact__day90plus_win_pct,compact_performance,0.0,1745,500,0.06678698054370583,0.09297388654496269,0.5555555555555556,1.0,0.13103335412036743,0.24296815598527158,False,False,False,,below_bounded_prescreen
diff__detailed__ewm_h5__oppefg,detailed_efficiency,0.0,1745,1745,-0.07305778016229375,0.11675022281685718,0.48148148148148145,1.0,0.1595593162310048,0.24276748297559292,False,False,False,,below_bounded_prescreen
diff__detailed__all__oppassistturnoverratio_mean,detailed_efficiency,0.0,1745,1745,-0.08721811830696008,0.08770152783739572,0.5555555555555556,1.0,0.18663381497347276,0.2427082556794312,False,False,False,,below_bounded_prescreen
absdiff__compact__last20_margin_mean,compact_performance,0.0,1745,397,0.08627668792788953,0.10945578517881108,0.48148148148148145,1.0,0.1612853199010827,0.24210527247095875,False,False,False,,below_bounded_prescreen
mean__prior__program_win_pct_smoothed,prior_program_history,0.0,1745,1303,0.07721326614709043,0.08730012718243203,0.5555555555555556,1.0,0.15320387155696763,0.24165171362653745,False,False,False,,below_bounded_prescreen
diff__detailed__home__pace_mean,detailed_efficiency,0.008022922636103151,1731,1730,0.09684877765249335,0.1325461734168156,0.4074074074074074,1.0,0.20695832017906138,0.2411939128907545,False,False,False,,below_bounded_prescreen
diff__detailed__all__drbpct_median,detailed_efficiency,0.0,1745,1655,0.07433969564912477,0.1118063067370938,0.48148148148148145,1.0,0.1761559577321316,0.24001255900436425,False,False,False,,below_bounded_prescreen
diff__detailed__last20__def_rtg_mean,detailed_efficiency,0.0,1745,1745,-0.10532360682039359,0.12239198952360925,0.4074074074074074,1.0,0.18021905596741106,0.23989577141830778,False,False,False,,below_bounded_prescreen
diff__detailed__last20__efg_mean,detailed_efficiency,0.0,1745,1745,0.14444268683019354,0.13775273712538658,0.3333333333333333,1.0,0.29050089212903396,0.23961200257100013,False,False,False,,below_bounded_prescreen
diff__detailed__clean__oppfg3pct_median,detailed_efficiency,0.0,1745,1196,-0.08221280950461413,0.13280816272342216,0.4074074074074074,1.0,0.18620289767405002,0.2395718054764809,False,False,False,,below_bounded_prescreen
diff__detailed__clean__stealpct_median,detailed_efficiency,0.0,1745,1745,0.0616025165111333,0.09163957520498883,0.5555555555555556,1.0,0.171693665332367,0.2395606920064382,False,False,False,,below_bounded_prescreen
absdiff__compact__away_margin_mean,compact_performance,0.0,1745,1502,0.0932753272252584,0.10057002120264502,0.48148148148148145,1.0,0.16100242954672947,0.2393911220219943,False,False,False,,below_bounded_prescreen
diff__detailed__all__stealpct_median,detailed_efficiency,0.0,1745,1745,0.06170504621797478,0.09163957520498883,0.5555555555555556,1.0,0.17737394893308017,0.2393560371979148,False,False,False,,below_bounded_prescreen
diff__detailed__neutral__def_rtg_mean,detailed_efficiency,0.053868194842406875,1651,1651,-0.07714309635282446,0.0887772082914581,0.5555555555555556,1.0,0.14200767644680068,0.2384836674211456,False,False,False,,below_bounded_prescreen
absdiff__compact__margin_winsor02,compact_performance,0.0,1745,1741,0.08512104547947315,0.12765594997378785,0.4074074074074074,1.0,0.1771266872559816,0.23810160368784816,False,False,False,,below_bounded_prescreen
diff__compact__neutral_margin_std,compact_performance,0.1169054441260745,1541,1539,0.08738908774659475,0.09412182121539105,0.5555555555555556,1.0,0.15875571142181313,0.23759029838956894,False,False,False,,below_bounded_prescreen
mean__prior__program_final_appearances,prior_program_history,0.0,1745,16,0.07925835871237431,0.0731507169975816,0.5555555555555556,1.0,0.12570479635646498,0.23640988011019182,False,False,False,,below_bounded_prescreen
diff__compact__last5_margin_median,compact_performance,0.0,1745,80,0.08251616984231354,0.09908410618298466,0.48148148148148145,1.0,0.16302801002568532,0.23622984496915123,False,False,False,,below_bounded_prescreen
diff__compact__last5_margin_std,compact_performance,0.0,1745,1742,0.10826831477453425,0.08478328683229817,0.48148148148148145,1.0,0.14039237919423408,0.23593634879916833,False,False,False,,below_bounded_prescreen
diff__detailed__all__oppassistturnoverratio_median,detailed_efficiency,0.0,1745,1489,-0.0832476964060505,0.1228746920955866,0.4074074074074074,1.0,0.16486602230456474,0.23588488970821528,False,False,False,,below_bounded_prescreen
diff__compact__last10_win_pct,compact_performance,0.0,1745,15,0.04995617792192424,0.07945601822339192,0.5555555555555556,1.0,0.1063911674790019,0.23376249007978028,False,False,False,,below_bounded_prescreen
diff__detailed__last10__efg_mean,detailed_efficiency,0.0,1745,1745,0.09610791594391875,0.14197777889181817,0.3333333333333333,1.0,0.2263177076388082,0.23357370040351585,False,False,False,,below_bounded_prescreen
diff__detailed__clean__oppassistturnoverratio_median,detailed_efficiency,0.0,1745,1478,-0.08218623481401248,0.11809195836964703,0.4074074074074074,1.0,0.16445455459309855,0.23337211467797456,False,False,False,,below_bounded_prescreen
absdiff__detailed__all__efg_median,detailed_efficiency,0.0,1745,1681,0.0579636856301112,0.10095193557973782,0.48148148148148145,1.0,0.1228295397499695,0.23333279536393686,False,False,False,,below_bounded_prescreen
absdiff__detailed__clean__efg_median,detailed_efficiency,0.0,1745,1683,0.05797228536196993,0.10077981202763267,0.48148148148148145,1.0,0.1238060418520581,0.23321300791585178,False,False,False,,below_bounded_prescreen
mean__conference__strength_std,conference_context,0.0,1745,1343,0.07749617432801649,0.09417288202190206,0.48148148148148145,1.0,0.15246013203137307,0.23319077347845873,False,False,False,,below_bounded_prescreen
seedprior__favorite_seed_games,prequential_seed_priors,0.0,1745,168,0.016953835369767745,0.09348557762337849,0.5555555555555556,1.0,0.11235660983752266,0.23299754553595858,False,True,False,,correlation_pruned_or_cap
absdiff__compact__margin_mean,compact_performance,0.0,1745,1672,0.08487109006402092,0.11694389468617103,0.4074074074074074,1.0,0.18594070471404942,0.2325522662600699,False,False,False,,below_bounded_prescreen
absdiff__compact__margin_trim02,compact_performance,0.0,1745,1672,0.08487109006402092,0.11694389468617103,0.4074074074074074,1.0,0.18594070471404942,0.2325522662600699,False,False,False,,below_bounded_prescreen
diff__detailed__last5__efg_mean,detailed_efficiency,0.0,1745,1745,0.08293940959793401,0.11418292275160793,0.4074074074074074,1.0,0.15280652927567318,0.23212739704647556,False,False,False,,below_bounded_prescreen
absdiff__compact__margin_q25,compact_performance,0.0,1745,117,0.06170170544501944,0.09683401405455405,0.48148148148148145,1.0,0.15567462087856393,0.2308647541459847,False,False,False,,below_bounded_prescreen
absdiff__compact__last5_margin_median,compact_performance,0.0,1745,46,0.054781525951580146,0.12507506501480148,0.4074074074074074,1.0,0.1632866785029276,0.23074168496152042,False,False,False,,below_bounded_prescreen
absdiff__norm__compact__margin_mean__z,within_season_normalization,0.0,1745,1738,0.07601165676689385,0.11694389192751382,0.4074074074074074,1.0,0.1859407087414834,0.23060318944944913,False,False,False,,below_bounded_prescreen
absdiff__norm__compact__margin_trim02__z,within_season_normalization,0.0,1745,1738,0.07601165676689385,0.11694389192751382,0.4074074074074074,1.0,0.1859407087414834,0.23060318944944913,False,False,False,,below_bounded_prescreen
diff__detailed__last10__opp_efg_mean,detailed_efficiency,0.0,1745,1745,-0.057833421552027135,0.0950382168555949,0.48148148148148145,1.0,0.12369210948839994,0.23043104948963256,False,False,False,,below_bounded_prescreen
diff__detailed__last5__four_factor_edge_mean,detailed_efficiency,0.0,1745,1745,0.06505190982006522,0.0913761786764539,0.48148148148148145,1.0,0.12287378788656961,0.23029407144668645,False,False,False,,below_bounded_prescreen
diff__detailed__last5__tov_pct_mean,detailed_efficiency,0.0,1745,1745,-0.06158652207689315,0.12400442144395958,0.4074074074074074,1.0,0.20191916500349408,0.23017957573506254,False,False,False,,below_bounded_prescreen
absdiff__norm__schedule__opponent_strength_mean__z,within_season_normalization,0.0,1745,1745,-0.037588744883820545,0.13511059824226349,0.4074074074074074,1.0,0.227119001202015,0.22922303616783157,False,False,False,,below_bounded_prescreen
diff__compact__half_pointsagainstmean_second,compact_performance,0.0,1745,1472,-0.0516281692557023,0.12789691575830597,0.4074074074074074,1.0,0.21905878670448775,0.22917155051724702,False,False,False,,below_bounded_prescreen
diff__detailed__last5__net_rtg_mean,detailed_efficiency,0.0,1745,1745,0.07745344575167498,0.0817615794660221,0.48148148148148145,1.0,0.13122509931264004,0.22807334927359055,False,False,False,,below_bounded_prescreen
diff__detailed__clean__drbpct_median,detailed_efficiency,0.0,1745,1658,0.07416594611556651,0.1118063067370938,0.4074074074074074,1.0,0.17878730532978443,0.22801722835122346,False,False,False,,below_bounded_prescreen
absdiff__schedule__opponent_strength_mean,schedule_and_accomplishment,0.0,1745,1745,-0.03135475260522954,0.13511059805691986,0.4074074074074074,1.0,0.22711899747673264,0.2278515579265879,False,False,False,,below_bounded_prescreen
diff__conference__tourney_wins,conference_context,0.016045845272206302,1717,9,-0.06628287915230109,0.08603483097615036,0.48148148148148145,1.0,0.10541909100047644,0.22741555805729988,False,False,False,,below_bounded_prescreen
absdiff__compact__last10_margin_std,compact_performance,0.0,1745,1745,0.05746915028972906,0.061081596250799716,0.5555555555555556,1.0,0.09102688367229178,0.22721019280612148,False,False,False,,below_bounded_prescreen
diff__detailed__clean__assistperfgm_median,detailed_efficiency,0.0,1745,1610,0.05096233694482101,0.09172521511643639,0.48148148148148145,1.0,0.145774388919384,0.22644587886401177,False,False,False,,below_bounded_prescreen
diff__detailed__all__ftpct_mean,detailed_efficiency,0.0,1745,1745,0.08324544076620258,0.1301485140455001,0.3333333333333333,1.0,0.19189461911868422,0.2264428322789906,False,False,False,,below_bounded_prescreen
diff__detailed__clean__ftpct_mean,detailed_efficiency,0.0,1745,1745,0.08283289050625729,0.13017538431340886,0.3333333333333333,1.0,0.19426906460541887,0.22626999113092944,False,False,False,,below_bounded_prescreen
diff__detailed__neutral__pace_mean,detailed_efficiency,0.053868194842406875,1651,1622,0.07161203490407173,0.11816222277126305,0.4074074074074074,1.0,0.17790801248168633,0.22623192370762724,False,False,False,,below_bounded_prescreen
absdiff__detailed__all__defrtg_std,detailed_efficiency,0.0,1745,1745,-0.0434008886600883,0.12254924725995207,0.4074074074074074,1.0,0.19114770214796867,0.22591111128926286,False,False,False,,below_bounded_prescreen
diff__detailed__all__oppfoulrate_median,detailed_efficiency,0.0,1745,1745,-0.04633917226408922,0.11916704343442502,0.4074074074074074,1.0,0.17537943504253894,0.22556480653010724,False,False,False,,below_bounded_prescreen
diff__detailed__clean__oppassistperfgm_mean,detailed_efficiency,0.0,1745,1745,-0.07412633871306028,0.1354821856721477,0.3333333333333333,1.0,0.22893807446016667,0.2255150539944308,False,False,False,,below_bounded_prescreen
absdiff__compact__margin_q75,compact_performance,0.0,1745,123,0.08394129729736508,0.15868024379934806,0.25925925925925924,1.0,0.26697978393615146,0.2254358925531428,False,False,False,,below_bounded_prescreen
absdiff__schedule__opponent_strength_median,schedule_and_accomplishment,0.0,1745,1727,-0.026530583874501846,0.12694087796075892,0.4074074074074074,1.0,0.17610914763252455,0.2249091691534389,False,False,False,,below_bounded_prescreen
diff__detailed__all__oppassistperfgm_mean,detailed_efficiency,0.0,1745,1745,-0.07356685471117277,0.13444225222503206,0.3333333333333333,1.0,0.22988266423510295,0.22485501586840262,False,False,False,,below_bounded_prescreen
absdiff__schedule__oowp,schedule_and_accomplishment,0.0,1745,1745,-0.035721074329205016,0.12125511155081292,0.4074074074074074,1.0,0.16785864929834238,0.2245319291100668,False,False,False,,below_bounded_prescreen
diff__detailed__clean__ftrate_median,detailed_efficiency,0.0,1745,1731,-0.05120524842550154,0.11422159708101759,0.4074074074074074,1.0,0.17734163630916572,0.22418304098531733,False,False,False,,below_bounded_prescreen
absdiff__detailed__last10__off_rtg_mean,detailed_efficiency,0.0,1745,1745,0.055586904690699,0.10875530878384358,0.4074074074074074,1.0,0.1392537577235741,0.22404670212444094,False,False,False,,below_bounded_prescreen
diff__detailed__clean__oppfoulrate_median,detailed_efficiency,0.0,1745,1745,-0.04546658678764821,0.1161042239693061,0.4074074074074074,1.0,0.17446514799911914,0.22393925586376995,False,False,False,,below_bounded_prescreen
diff__detailed__all__ftrate_median,detailed_efficiency,0.0,1745,1729,-0.051134871189467405,0.11356973979539306,0.4074074074074074,1.0,0.17743623231757102,0.22385088265595385,False,False,False,,below_bounded_prescreen
absdiff__detailed__last5__tov_pct_mean,detailed_efficiency,0.0,1745,1745,0.07375287449665788,0.10109447482957219,0.4074074074074074,1.0,0.1550902597541315,0.2237325551024793,False,False,False,,below_bounded_prescreen
mean__prior__program_appearances,prior_program_history,0.0,1745,60,0.02909087231542501,0.0951642147458813,0.48148148148148145,1.0,0.14012465756693235,0.22351086572177625,False,False,False,,below_bounded_prescreen
absdiff__adj__net_rtg_a50p0,opponent_adjusted_efficiency,0.0,1745,1745,0.08360787176904137,0.12492440874633745,0.3333333333333333,1.0,0.21311234515198996,0.2231662875146848,False,True,True,29.0,selected
absdiff__schedule__top_quartile_games,schedule_and_accomplishment,0.0,1745,26,-0.0483071343038997,0.13673488130151185,0.3333333333333333,1.0,0.17590037664252833,0.22255763083921581,False,False,False,,below_bounded_prescreen
absdiff__detailed__last20__pace_mean,detailed_efficiency,0.0,1745,1638,-0.0708910781250653,0.09893643420594743,0.4074074074074074,1.0,0.14667840976305646,0.2224035744010321,False,False,False,,below_bounded_prescreen
diff__detailed__clean__drb_pct_ros,detailed_efficiency,0.0,1745,1745,0.07799255422639155,0.12400846518878408,0.3333333333333333,1.0,0.2013553970610819,0.22196154267131255,False,False,False,,below_bounded_prescreen
absdiff__norm__schedule__opponent_strength_mean__pct,within_season_normalization,0.0,1745,1134,-0.03248403822012773,0.11916148195623104,0.4074074074074074,1.0,0.1924005751357885,0.22183316192717265,False,False,False,,below_bounded_prescreen
absdiff__compact__day90plus_margin_mean,compact_performance,0.0,1745,1445,0.09504015063676459,0.08983988229448088,0.4074074074074074,1.0,0.19026115150046463,0.22160671576660562,False,False,False,,below_bounded_prescreen
absdiff__adj__net_rtg_a50p0_z,opponent_adjusted_efficiency,0.0,1745,1745,0.07293550098880631,0.1249244220643905,0.3333333333333333,1.0,0.21311232877291958,0.22081837299086138,False,True,True,30.0,selected
absdiff__norm__adj__net_rtg_a50p0__z,within_season_normalization,0.0,1745,1745,0.07293550098880631,0.1249244220643905,0.3333333333333333,1.0,0.21311232877291958,0.22081837299086138,False,False,False,,below_bounded_prescreen
absdiff__detailed__clean__defrtg_std,detailed_efficiency,0.0,1745,1745,-0.04345527073085261,0.11174863127996383,0.4074074074074074,1.0,0.18950343745688686,0.22080455026207993,False,False,False,,below_bounded_prescreen
absdiff__compact__rest_days_mean,compact_performance,0.0,1745,911,-0.04591322034173231,0.07925516074434559,0.48148148148148145,1.0,0.11083441210223502,0.22074704618541463,False,False,False,,below_bounded_prescreen
diff__detailed__all__ft_pct_ros,detailed_efficiency,0.0,1745,1745,0.07268316796912043,0.09682168972832648,0.4074074074074074,1.0,0.18068880765925066,0.22042234090161836,False,False,False,,below_bounded_prescreen
absdiff__detailed__poss0p475__net_rtg_mean,detailed_efficiency,0.0,1745,1745,0.0866804918546693,0.11561438586370254,0.3333333333333333,1.0,0.1872614077112046,0.2204074904474896,False,False,False,,below_bounded_prescreen
diff__detailed__last20__ft_rate_mean,detailed_efficiency,0.0,1745,1745,-0.0780046314811857,0.09327567814899324,0.4074074074074074,1.0,0.1699521626013783,0.22032044311850765,False,False,False,,below_bounded_prescreen
diff__detailed__clean__ft_pct_ros,detailed_efficiency,0.0,1745,1745,0.07222320095148421,0.09647974733314021,0.4074074074074074,1.0,0.1827406488402986,0.22007494216080706,False,False,False,,below_bounded_prescreen
absdiff__detailed__poss0p44__net_rtg_mean,detailed_efficiency,0.0,1745,1745,0.08642690112457434,0.11493927404759514,0.3333333333333333,1.0,0.18714448812927204,0.2200323235984145,False,False,False,,below_bounded_prescreen
absdiff__seed__number,selection_committee_prior,0.0,1745,15,-0.026712331153491062,0.08653577246304246,0.48148148148148145,1.0,0.11195670608414555,0.2199726524296996,False,True,False,,correlation_pruned_or_cap
matchup__seed_gap_abs,matchup_context,0.0,1745,15,-0.026712331153491062,0.08653577246304246,0.48148148148148145,1.0,0.11195670608414555,0.2199726524296996,False,True,True,10.0,selected
absdiff__detailed__last10__pace_mean,detailed_efficiency,0.0,1745,1556,-0.06899378760031671,0.09570397048963068,0.4074074074074074,1.0,0.15920014587131537,0.219933718457425,False,False,False,,below_bounded_prescreen
absdiff__detailed__clean__off_rtg_ros,detailed_efficiency,0.0,1745,1745,0.06447030622662007,0.1207914634216102,0.3333333333333333,1.0,0.15040941086795895,0.2194803267108443,False,False,False,,below_bounded_prescreen
absdiff__detailed__all__pace_ros,detailed_efficiency,0.0,1745,1745,-0.05474349267958134,0.07194037893214203,0.48148148148148145,1.0,0.12262161236642974,0.21870712281931592,False,False,False,,below_bounded_prescreen
interaction__pace_gap,matchup_interactions,0.0,1745,1745,-0.05474349267958134,0.07194037893214203,0.48148148148148145,1.0,0.12262161236642974,0.21870712281931592,False,False,False,,below_bounded_prescreen
absdiff__detailed__clean__pace_ros,detailed_efficiency,0.0,1745,1744,-0.054260741495730895,0.07186480831786311,0.48148148148148145,1.0,0.12102596460701245,0.2186284695743916,False,False,False,,below_bounded_prescreen
absdiff__detailed__all__off_rtg_ros,detailed_efficiency,0.0,1745,1745,0.06405221466232364,0.1188215684155398,0.3333333333333333,1.0,0.15223151247770775,0.2183699128993953,False,False,False,,below_bounded_prescreen
absdiff__compact__day120plus_margin_mean,compact_performance,0.0,1745,565,0.05937829674886425,0.09531851528402961,0.4074074074074074,1.0,0.14291839456244498,0.21828456202377175,False,False,False,,below_bounded_prescreen
diff__detailed__ewm_h5__defrtg,detailed_efficiency,0.0,1745,1745,-0.06351792089574018,0.09600229826422414,0.4074074074074074,1.0,0.17647065060062975,0.21818140492505042,False,False,False,,below_bounded_prescreen
diff__compact__last20_points_against_mean,compact_performance,0.0,1745,598,-0.07460148534899476,0.1162621034077955,0.3333333333333333,1.0,0.20237663709780568,0.2174564042619418,False,False,False,,below_bounded_prescreen
diff__compact__last5_margin_mean,compact_performance,0.0,1745,261,0.079987149961872,0.08241041385404643,0.4074074074074074,1.0,0.13113350120948558,0.21709401677835988,False,False,False,,below_bounded_prescreen
absdiff__compact__day110plus_margin_mean,compact_performance,0.0,1745,1087,0.0698153358913516,0.08977406271844333,0.4074074074074074,1.0,0.17060944697569105,0.21681173130710768,False,False,False,,below_bounded_prescreen
absdiff__detailed__away__net_rtg_mean,detailed_efficiency,0.0,1745,1745,0.09428189730829872,0.10306750698984653,0.3333333333333333,1.0,0.17639794957793048,0.21649183611316816,False,False,False,,below_bounded_prescreen
absdiff__compact__ewm_h10_margin,compact_performance,0.0,1745,1745,0.09360219304754758,0.10788961085733624,0.3333333333333333,1.0,0.23140136749553697,0.2164567743154937,False,False,False,,below_bounded_prescreen
absdiff__norm__rating__pagerank_margin__pct,within_season_normalization,0.0,1745,909,-0.04041616209781234,0.07162459830604342,0.48148148148148145,1.0,0.11004725392831949,0.21590650972832381,False,False,False,,below_bounded_prescreen
absdiff__rating__pagerank_margin_percentile,global_strength_ratings,0.0,1745,909,-0.04041616209781234,0.07162459830604342,0.48148148148148145,1.0,0.11004725392831949,0.21590650972832381,False,False,False,,below_bounded_prescreen
absdiff__detailed__home__net_rtg_mean,detailed_efficiency,0.008022922636103151,1731,1731,0.06026122882183432,0.09030869110730463,0.4074074074074074,1.0,0.14058084029934428,0.21552575983463293,False,False,False,,below_bounded_prescreen
diff__detailed__clean__ftrate_mean,detailed_efficiency,0.0,1745,1745,-0.0571887019050095,0.12161818624972003,0.3333333333333333,1.0,0.22152462236886794,0.2154305922575463,False,False,False,,below_bounded_prescreen
diff__detailed__clean__ftrate_trim02,detailed_efficiency,0.0,1745,1745,-0.0571887019050095,0.12161818624972003,0.3333333333333333,1.0,0.22152462236886794,0.2154305922575463,False,False,False,,below_bounded_prescreen
diff__detailed__all__ftrate_mean,detailed_efficiency,0.0,1745,1745,-0.058160517388570906,0.1210381663305053,0.3333333333333333,1.0,0.22058211741222827,0.21540368230097234,False,False,False,,below_bounded_prescreen
diff__detailed__all__ftrate_trim02,detailed_efficiency,0.0,1745,1745,-0.058160517388570906,0.1210381663305053,0.3333333333333333,1.0,0.22058211741222827,0.21540368230097234,False,False,False,,below_bounded_prescreen
absdiff__detailed__last20__off_rtg_mean,detailed_efficiency,0.0,1745,1745,0.05087964683235182,0.09454134341030965,0.4074074074074074,1.0,0.1847461289129007,0.21436870716873518,False,False,False,,below_bounded_prescreen
diff__detailed__all__assistperfgm_median,detailed_efficiency,0.0,1745,1613,0.05198596205602212,0.0905681331927494,0.4074074074074074,1.0,0.1459862563318237,0.21425535051675682,False,False,False,,below_bounded_prescreen
absdiff__compact__last20_margin_median,compact_performance,0.0,1745,69,0.07449586073901773,0.10906725176803413,0.3333333333333333,1.0,0.19574942977832369,0.21424472635344063,False,False,False,,below_bounded_prescreen
absdiff__detailed__last10__ft_rate_mean,detailed_efficiency,0.0,1745,1745,0.03268164390586693,0.09938649689053586,0.4074074074074074,1.0,0.16057265727843414,0.21365775906079576,False,False,False,,below_bounded_prescreen
absdiff__detailed__away__def_rtg_mean,detailed_efficiency,0.0,1745,1745,0.0765865721821557,0.07661840918081306,0.4074074074074074,1.0,0.13721894312012403,0.21332230974724475,False,False,False,,below_bounded_prescreen
diff__compact__day110plus_games,compact_performance,0.0,1745,11,0.057764194338554495,0.14104591519313833,0.25925925925925924,1.0,0.21795723193221272,0.21317335425138134,False,False,False,,below_bounded_prescreen
diff__detailed__clean__ft_rate_ros,detailed_efficiency,0.0,1745,1745,-0.05089073087074442,0.11902116895383287,0.3333333333333333,1.0,0.22948185971996365,0.21248018083393835,False,False,False,,below_bounded_prescreen
diff__detailed__all__ft_rate_ros,detailed_efficiency,0.0,1745,1745,-0.05186989182387375,0.11684174603082449,0.3333333333333333,1.0,0.22843971076366795,0.2116911591988346,False,False,False,,below_bounded_prescreen
absdiff__detailed__all__net_rtg_ros,detailed_efficiency,0.0,1745,1745,0.08409755662344379,0.09757357885172273,0.3333333333333333,1.0,0.18876480814867777,0.21111952131337075,False,False,False,,below_bounded_prescreen
diff__detailed__all__drbpct_mean,detailed_efficiency,0.0,1745,1745,0.07385614870288874,0.12784405232966192,0.25925925925925924,1.0,0.20463661458565316,0.21090951473092862,False,False,False,,below_bounded_prescreen
absdiff__schedule__elite_wins,schedule_and_accomplishment,0.0,1745,16,0.03417123966022449,0.06791577113430221,0.46153846153846156,1.0,0.07686293085627716,0.21088887948161722,False,False,False,,below_bounded_prescreen
diff__detailed__clean__drbpct_mean,detailed_efficiency,0.0,1745,1745,0.07334640350444903,0.12782430677033804,0.25925925925925924,1.0,0.20424403944930866,0.2108035959242502,False,False,False,,below_bounded_prescreen
diff__compact__first_game_day,compact_performance,0.0,1745,28,-0.0955625259107781,0.095516745509042,0.3333333333333333,1.0,0.23733949617191288,0.21071154703116815,False,False,False,,below_bounded_prescreen
diff__detailed__all__drb_pct_ros,detailed_efficiency,0.0,1745,1745,0.07844356385799145,0.12483012178107573,0.25925925925925924,1.0,0.20008299447310934,0.21065420420623157,False,False,False,,below_bounded_prescreen
absdiff__detailed__neutral__net_rtg_mean,detailed_efficiency,0.053868194842406875,1651,1651,0.061718564444860596,0.08769025265956232,0.4074074074074074,1.0,0.15604963945230588,0.21030314947415962,False,False,False,,below_bounded_prescreen
interaction__clean_shooting_attack_defense_edge,matchup_interactions,0.0,1745,1745,0.05240399211596333,0.13845150552781965,0.25925925925925924,1.0,0.24239679078529203,0.20977121076893518,False,False,False,,below_bounded_prescreen
absdiff__rating__pagerank_binary_percentile,global_strength_ratings,0.0,1745,911,-0.039175745942881084,0.08395909222071203,0.4074074074074074,1.0,0.11826013438157632,0.20937380818329773,False,False,False,,below_bounded_prescreen
interaction__shooting_attack_defense_edge,matchup_interactions,0.0,1745,1745,0.052063669699586174,0.13728451693166333,0.25925925925925924,1.0,0.24180867993573574,0.2091597097451594,False,False,False,,below_bounded_prescreen
absdiff__norm__detailed__all__net_rtg_ros__z,within_season_normalization,0.0,1745,1745,0.07489125355387263,0.09757358034339224,0.3333333333333333,1.0,0.18876480583338232,0.2090941354466783,False,False,False,,below_bounded_prescreen
diff__compact__day120plus_games,compact_performance,0.0,1745,10,0.02490860347727858,0.20481992407797503,0.1111111111111111,1.0,0.34531477177271613,0.20775864322929843,False,False,False,,below_bounded_prescreen
diff__detailed__all__oppftpct_median,detailed_efficiency,0.0,1745,1241,-0.04814306800541475,0.10040826485317081,0.3333333333333333,1.0,0.1461081423404917,0.2062764497304269,False,False,False,,below_bounded_prescreen
absdiff__compact__away_margin_std,compact_performance,0.0,1745,1745,0.0568400199479351,0.07040409286196422,0.4074074074074074,1.0,0.13873667860137576,0.2059344870034187,False,False,False,,below_bounded_prescreen
absdiff__compact__last10_margin_median,compact_performance,0.0,1745,73,0.06788501864569037,0.0896969181857811,0.3333333333333333,1.0,0.1410390992723333,0.2056809941936668,False,False,False,,below_bounded_prescreen
absdiff__detailed__last10__efg_mean,detailed_efficiency,0.0,1745,1745,0.038342574203657706,0.10543434558779774,0.3333333333333333,1.0,0.17102398805408284,0.20553622601811763,False,False,False,,below_bounded_prescreen
absdiff__compact__margin_q90,compact_performance,0.0,1745,294,0.05365817876249155,0.06882146138941576,0.4074074074074074,1.0,0.11327285047263042,0.2054933719609477,False,False,False,,below_bounded_prescreen
diff__detailed__clean__oppftpct_median,detailed_efficiency,0.0,1745,1239,-0.04803952211878806,0.0982621887351134,0.3333333333333333,1.0,0.14206358712035438,0.20538533530750697,False,False,False,,below_bounded_prescreen
mean__detailed__neutral__pace_mean,detailed_efficiency,0.053868194842406875,1651,1633,0.03635304723828834,0.08506519639061388,0.4074074074074074,1.0,0.11475464505773682,0.20511450845540127,False,False,False,,below_bounded_prescreen
absdiff__detailed__ewm_h5__efg,detailed_efficiency,0.0,1745,1745,0.048645880629671304,0.13000337644098608,0.25925925925925924,1.0,0.23869681934794237,0.2050373231377648,False,False,False,,below_bounded_prescreen
absdiff__compact__last5_margin_mean,compact_performance,0.0,1745,152,0.07279324970384504,0.0882142767154234,0.3333333333333333,1.0,0.16915360850858221,0.2049245567512392,False,False,False,,below_bounded_prescreen
absdiff__detailed__ewm_h5__oppefg,detailed_efficiency,0.0,1745,1745,0.053627613028553796,0.0700035266532089,0.4074074074074074,1.0,0.14267688832393985,0.20487787731204968,False,False,False,,below_bounded_prescreen
absdiff__detailed__last10__tov_pct_mean,detailed_efficiency,0.0,1745,1745,0.05346770424896018,0.10035937317987485,0.3333333333333333,1.0,0.21136543316252396,0.20481411006794353,False,False,False,,below_bounded_prescreen
absdiff__rating__pagerank_margin,global_strength_ratings,0.0,1745,1745,0.07151838635083896,0.14074553181994845,0.18518518518518517,1.0,0.2120740828024258,0.20443856658829246,False,False,False,,below_bounded_prescreen
absdiff__detailed__last10__net_rtg_mean,detailed_efficiency,0.0,1745,1745,0.07699398366157957,0.09045418244792665,0.3333333333333333,1.0,0.23181117463591328,0.2044175703284491,False,False,False,,below_bounded_prescreen
absdiff__detailed__poss0p44__def_rtg_mean,detailed_efficiency,0.0,1745,1745,0.05425887663775819,0.14898998208479608,0.18518518518518517,1.0,0.21821680949723893,0.20435310151074898,False,False,False,,below_bounded_prescreen
absdiff__detailed__poss0p475__off_rtg_mean,detailed_efficiency,0.0,1745,1745,0.06429849845291784,0.11428739537149425,0.25925925925925924,1.0,0.1556027329773279,0.20426099160034752,False,False,False,,below_bounded_prescreen
absdiff__detailed__poss0p44__off_rtg_mean,detailed_efficiency,0.0,1745,1745,0.06353250567660036,0.11442801060096337,0.25925925925925924,1.0,0.15538656361365333,0.20416861527424984,False,False,False,,below_bounded_prescreen
absdiff__detailed__poss0p475__def_rtg_mean,detailed_efficiency,0.0,1745,1745,0.05289535878748296,0.14946076032159997,0.18518518518518517,1.0,0.22254619605115789,0.20410592567519756,False,False,False,,below_bounded_prescreen
absdiff__compact__last10_margin_mean,compact_performance,0.0,1745,251,0.07496455708685747,0.0874722873076543,0.3333333333333333,1.0,0.1996699524645505,0.20382543570153402,False,False,False,,below_bounded_prescreen
diff__compact__ewm_h5_points_against,compact_performance,0.0,1745,1745,-0.04307956369660657,0.12713282742407908,0.25925925925925924,1.0,0.20642231096810204,0.20372585021956882,False,False,False,,below_bounded_prescreen
absdiff__adj__def_rtg_a50p0,opponent_adjusted_efficiency,0.0,1745,1745,0.06323231204164292,0.1452655882271362,0.18518518518518517,1.0,0.2413560518770565,0.2036139785527342,False,True,True,31.0,selected
absdiff__detailed__clean__ft_rate_ros,detailed_efficiency,0.0,1745,1745,0.03134070665093345,0.10477185860216064,0.3333333333333333,1.0,0.17603900183734672,0.20347722085208192,False,False,False,,below_bounded_prescreen
absdiff__detailed__all__opp_ftmade_rate_ros,detailed_efficiency,0.0,1745,1745,0.03406507189782324,0.1023233322354669,0.3333333333333333,1.0,0.17603137905615057,0.20290159346163256,False,False,False,,below_bounded_prescreen
absdiff__compact__neutral_margin_mean,compact_performance,0.053868194842406875,1651,835,0.06338467998119175,0.09567777906158399,0.3333333333333333,1.0,0.15084177671779758,0.20286017022265138,False,False,False,,below_bounded_prescreen
absdiff__norm__compact__margin_mean__pct,within_season_normalization,0.0,1745,933,-0.03265476847247543,0.07209687586155075,0.4074074074074074,1.0,0.10869706540566801,0.2026278520464474,False,False,False,,below_bounded_prescreen
absdiff__norm__compact__margin_trim02__pct,within_season_normalization,0.0,1745,933,-0.03265476847247543,0.07209687586155075,0.4074074074074074,1.0,0.10869706540566801,0.2026278520464474,False,False,False,,below_bounded_prescreen
absdiff__detailed__last20__ft_rate_mean,detailed_efficiency,0.0,1745,1745,0.014977100204372132,0.10800542397692997,0.3333333333333333,1.0,0.14911348456692694,0.20250635950454451,False,False,False,,below_bounded_prescreen
absdiff__norm__schedule__quality_win_points_sum__pct,within_season_normalization,0.0,1745,819,-0.0292186503959166,0.0997048408343146,0.3333333333333333,1.0,0.14194414721039228,0.20194199413249028,False,False,False,,below_bounded_prescreen
absdiff__schedule__opponent_strength_pct_mean,schedule_and_accomplishment,0.0,1745,1745,-0.034502956727826675,0.12393699671777918,0.25925925925925924,1.0,0.1757335690611738,0.2015325476236904,False,False,False,,below_bounded_prescreen
absdiff__rating__elo_standard_delta,dynamic_ratings,0.0,1745,1745,0.044765321344003746,0.06845842430442972,0.4074074074074074,1.0,0.16423177986000714,0.20132432835259198,False,False,False,,below_bounded_prescreen
absdiff__detailed__last5__pace_mean,detailed_efficiency,0.0,1745,1402,-0.04419861559636554,0.12470992900243853,0.25925925925925924,1.0,0.24434024089033274,0.20129233319823908,False,False,False,,below_bounded_prescreen
diff__detailed__all__oppassistperfgm_median,detailed_efficiency,0.0,1745,1403,-0.06458488931387119,0.08892804945734989,0.3333333333333333,1.0,0.22417929388259786,0.20126030096660902,False,False,False,,below_bounded_prescreen
absdiff__detailed__clean__opp_ftmade_rate_ros,detailed_efficiency,0.0,1745,1745,0.034681467162369854,0.09861051954180307,0.3333333333333333,1.0,0.1768568423475282,0.20122203179521905,False,False,False,,below_bounded_prescreen
diff__detailed__all__pace_ros,detailed_efficiency,0.0,1745,1745,0.05259881121979206,0.11758481017234564,0.25925925925925924,1.0,0.21115861792427004,0.20104758411559082,False,False,False,,below_bounded_prescreen
diff__detailed__clean__ftmade_rate_ros,detailed_efficiency,0.0,1745,1745,-0.021172570902398966,0.13531681043017915,0.25925925925925924,1.0,0.2552862848827321,0.20088006469118594,False,False,False,,below_bounded_prescreen
diff__detailed__clean__pace_ros,detailed_efficiency,0.0,1745,1745,0.0527616259547731,0.11727574477679982,0.25925925925925924,1.0,0.21323720776161267,0.20085190837393097,False,False,False,,below_bounded_prescreen
absdiff__detailed__all__ft_rate_ros,detailed_efficiency,0.0,1745,1745,0.03157122519061463,0.09904372551476774,0.3333333333333333,1.0,0.17440867466802049,0.20084364413563627,False,False,False,,below_bounded_prescreen
diff__detailed__all__ftmade_rate_ros,detailed_efficiency,0.0,1745,1745,-0.021873862344581902,0.13478959272633695,0.25925925925925924,1.0,0.2540066818088138,0.2008324684335787,False,False,False,,below_bounded_prescreen
absdiff__compact__close5_win_pct,compact_performance,0.03151862464183381,1690,269,0.057248102612348556,0.06501673018289815,0.4074074074074074,1.0,0.1409099950816902,0.20082990847307866,False,False,False,,below_bounded_prescreen
diff__detailed__last10__def_rtg_mean,detailed_efficiency,0.0,1745,1745,-0.03335680757195174,0.06871614464667163,0.4074074074074074,1.0,0.11883155148377555,0.2007541702220659,False,False,False,,below_bounded_prescreen
absdiff__norm__rating__pagerank_margin__z,within_season_normalization,0.0,1745,1745,0.05402055148327532,0.14074553138877374,0.18518518518518517,1.0,0.21207408202032307,0.20058904274174869,False,False,False,,below_bounded_prescreen
absdiff__rating__pagerank_margin_z,global_strength_ratings,0.0,1745,1745,0.05402055148327532,0.14074553138877374,0.18518518518518517,1.0,0.21207408202032307,0.20058904274174869,False,False,False,,below_bounded_prescreen
diff__detailed__clean__oppassistperfgm_median,detailed_efficiency,0.0,1745,1402,-0.06517012771741261,0.08679500989164413,0.3333333333333333,1.0,0.22137513717847393,0.20047736069201433,False,False,False,,below_bounded_prescreen
diff__detailed__all__oppfoulrate_mean,detailed_efficiency,0.0,1745,1745,-0.03622166922719485,0.09614993501425279,0.3333333333333333,1.0,0.19442208384436477,0.19967718601638296,False,False,False,,below_bounded_prescreen
diff__detailed__clean__ftpct_median,detailed_efficiency,0.0,1745,1434,0.07228302600290662,0.10529492514146128,0.25925925925925924,1.0,0.21309343549314808,0.19940157385029644,False,False,False,,below_bounded_prescreen
diff__detailed__all__ftpct_median,detailed_efficiency,0.0,1745,1435,0.0717134724607213,0.10444312922646519,0.25925925925925924,1.0,0.20530215158007553,0.19917906138834043,False,False,False,,below_bounded_prescreen
absdiff__detailed__clean__net_rtg_ros,detailed_efficiency,0.0,1745,1745,0.08356076573453353,0.09738143567656785,0.25925925925925924,1.0,0.18663393474924178,0.19914258167786175,False,False,False,,below_bounded_prescreen
diff__detailed__clean__oppfoulrate_mean,detailed_efficiency,0.0,1745,1745,-0.035591039496081424,0.09481410091015363,0.3333333333333333,1.0,0.1908881615874914,0.19903860399584533,False,False,False,,below_bounded_prescreen
absdiff__detailed__last20__efg_mean,detailed_efficiency,0.0,1745,1745,0.055814651228918676,0.13837093544794107,0.18518518518518517,1.0,0.23471123569245536,0.19893845248730527,False,False,False,,below_bounded_prescreen
diff__detailed__all__ftmaderate_mean,detailed_efficiency,0.0,1745,1745,-0.025785599972538507,0.1272262640453624,0.25925925925925924,1.0,0.2459144519025907,0.19838634214111028,False,False,False,,below_bounded_prescreen
absdiff__rating__elo_season_reset_mov,dynamic_ratings,0.0,1745,1745,0.03991861419702463,0.08847578784188939,0.3333333333333333,1.0,0.15585468255439147,0.19834961931861003,False,False,False,,below_bounded_prescreen
absdiff__rating__elo_season_reset_mov_delta,dynamic_ratings,0.0,1745,1745,0.03991861419702463,0.08847578784188939,0.3333333333333333,1.0,0.15585468255439147,0.19834961931861003,False,False,False,,below_bounded_prescreen
absdiff__compact__half_marginmean_first,compact_performance,0.0,1745,1365,0.0522791591612401,0.1073320581177577,0.25925925925925924,1.0,0.1668182516467548,0.19782955432760782,False,False,False,,below_bounded_prescreen
diff__compact__last10_points_against_mean,compact_performance,0.0,1745,370,-0.02827363974114359,0.12050564437814716,0.25925925925925924,1.0,0.19749256360398476,0.1976446889818843,False,False,False,,below_bounded_prescreen
absdiff__detailed__all__def_rtg_ros,detailed_efficiency,0.0,1745,1745,0.05022361002146048,0.13787173677630726,0.18518518518518517,1.0,0.23448006524801995,0.1974780548770576,False,False,False,,below_bounded_prescreen
absdiff__rating__elo_season_reset_mov_z,dynamic_ratings,0.0,1745,1745,0.03500877559291063,0.08847578569000554,0.3333333333333333,1.0,0.1558546730082843,0.19726945417464495,False,False,False,,below_bounded_prescreen
diff__detailed__clean__ftmaderate_mean,detailed_efficiency,0.0,1745,1745,-0.025106016363649657,0.12514093548057392,0.25925925925925924,1.0,0.24525832483970428,0.19726212111857175,False,False,False,,below_bounded_prescreen
absdiff__norm__detailed__clean__net_rtg_ros__z,within_season_normalization,0.0,1745,1745,0.07435967423292777,0.09738143426443464,0.25925925925925924,1.0,0.1866339371984612,0.19711834077171578,False,False,False,,below_bounded_prescreen
absdiff__compact__home_margin_mean,compact_performance,0.008022922636103151,1731,1610,0.05519190528523756,0.0758657513431957,0.3333333333333333,1.0,0.10669702291698276,0.19698139841325196,False,False,False,,below_bounded_prescreen
absdiff__adj__off_rtg_a50p0,opponent_adjusted_efficiency,0.0,1745,1745,0.06142022043033959,0.10002310741992063,0.25925925925925924,1.0,0.15119457707544995,0.1969572384547001,False,True,True,32.0,selected
mean__detailed__clean__ftmaderate_median,detailed_efficiency,0.0,1745,1721,-0.03382390470862812,0.08740965062856876,0.3333333333333333,1.0,0.16091855921990073,0.1962944823021485,False,False,False,,below_bounded_prescreen
mean__detailed__all__ftmaderate_median,detailed_efficiency,0.0,1745,1718,-0.034090305126152354,0.0864664456571244,0.3333333333333333,1.0,0.1551552559830684,0.19613088413718383,False,False,False,,below_bounded_prescreen
absdiff__detailed__ewm_h20__efg,detailed_efficiency,0.0,1745,1745,0.042803749147530046,0.08229305244027976,0.3333333333333333,1.0,0.17247615453709686,0.19535177713564036,False,False,False,,below_bounded_prescreen
absdiff__detailed__away__off_rtg_mean,detailed_efficiency,0.0,1745,1745,0.05472843391830521,0.10014907451117823,0.25925925925925924,1.0,0.18249972488107946,0.19429330371363102,False,False,False,,below_bounded_prescreen
absdiff__detailed__last5__net_rtg_mean,detailed_efficiency,0.0,1745,1745,0.0710805877718576,0.09217984607734221,0.25925925925925924,1.0,0.18310477246300472,0.19404134600989423,False,False,False,,below_bounded_prescreen
mean__detailed__clean__ftrate_std,detailed_efficiency,0.0,1745,1744,-0.02550181467364262,0.08256723284193698,0.3333333333333333,1.0,0.12238610024807722,0.19368056031574138,False,False,False,,below_bounded_prescreen
mean__detailed__all__ftrate_std,detailed_efficiency,0.0,1745,1744,-0.02562931150019433,0.08213171501120288,0.3333333333333333,1.0,0.12026563779479867,0.1935843795569615,False,False,False,,below_bounded_prescreen
seedprior__effective_games_pc2p0,prequential_seed_priors,0.0,1745,390,-0.006238776921933359,0.09137647760603501,0.3333333333333333,1.0,0.14040455961794204,0.1929503911223378,False,True,False,,correlation_pruned_or_cap
seedprior__effective_games_pc8p0,prequential_seed_priors,0.0,1745,390,-0.006238776921933359,0.09137647760603501,0.3333333333333333,1.0,0.14040455961794204,0.1929503911223378,False,True,False,,correlation_pruned_or_cap
seedprior__pooled_pair_games,prequential_seed_priors,0.040687679083094556,1674,130,-0.04953192809828391,0.05314447468466705,0.4074074074074074,1.0,0.135689055364808,0.19290898067420795,False,True,False,,correlation_pruned_or_cap
seedprior__exact_pair_games,prequential_seed_priors,0.0,1745,93,-0.06249332339196343,0.08967628027452426,0.25925925925925924,1.0,0.14577577869583416,0.1924435960116517,False,True,False,,correlation_pruned_or_cap
diff__detailed__all__oppfg3attemptrate_median,detailed_efficiency,0.0,1745,1727,-0.01083022910093387,0.08990106621810795,0.3333333333333333,1.0,0.17424185475388648,0.19189882133007516,False,False,False,,below_bounded_prescreen
diff__detailed__clean__oppfg3attemptrate_median,detailed_efficiency,0.0,1745,1724,-0.010564732105507714,0.08990106621810795,0.3333333333333333,1.0,0.17929609193727222,0.19163824250374598,False,False,False,,below_bounded_prescreen
absdiff__schedule__bad_loss_penalty_sum,schedule_and_accomplishment,0.0,1745,1743,-0.02877679772524891,0.1054620117437036,0.25925925925925924,1.0,0.1773137383131399,0.19134159308548837,False,False,False,,below_bounded_prescreen
absdiff__detailed__clean__oppftmaderate_mean,detailed_efficiency,0.0,1745,1745,0.03550877122670754,0.10094719974713912,0.25925925925925924,1.0,0.16815440394581055,0.19102189087215152,False,False,False,,below_bounded_prescreen
absdiff__detailed__all__oppftmaderate_mean,detailed_efficiency,0.0,1745,1745,0.03504558366092944,0.10078771223765547,0.25925925925925924,1.0,0.1675683121072311,0.19086687927667134,False,False,False,,below_bounded_prescreen
absdiff__norm__rating__colley__pct,within_season_normalization,0.0,1745,813,-0.026933076613604293,0.10175738167876021,0.25925925925925924,1.0,0.1432418085304515,0.19052062920106125,False,False,False,,below_bounded_prescreen
absdiff__rating__colley_percentile,global_strength_ratings,0.0,1745,813,-0.026933076613604293,0.10175738167876021,0.25925925925925924,1.0,0.1432418085304515,0.19052062920106125,False,False,False,,below_bounded_prescreen
absdiff__detailed__clean__def_rtg_ros,detailed_efficiency,0.0,1745,1745,0.04976755387766145,0.1233593464339036,0.18518518518518517,1.0,0.2336449638712806,0.19044517921613763,False,False,False,,below_bounded_prescreen
absdiff__detailed__ewm_h10__efg,detailed_efficiency,0.0,1745,1745,0.050346832012304665,0.12422042046242394,0.18518518518518517,1.0,0.26299968331092033,0.18981174716186333,False,False,False,,below_bounded_prescreen
absdiff__detailed__clean__efg_ros,detailed_efficiency,0.0,1745,1745,0.06396122989529711,0.13709596858409157,0.1111111111111111,1.0,0.21617061620353178,0.18900848862696584,False,False,False,,below_bounded_prescreen
absdiff__adj__off_rtg_a10p0,opponent_adjusted_efficiency,0.0,1745,1745,0.04746778415848922,0.08570215995882001,0.25925925925925924,1.0,0.1115013571550805,0.1886013764903795,False,True,True,33.0,selected
mean__compact__close5_games,compact_performance,0.0,1745,29,-0.04813555042460721,0.08999154119267315,0.25925925925925924,1.0,0.16862955614861164,0.1885220601014337,False,False,False,,below_bounded_prescreen
absdiff__schedule__quality_wins,schedule_and_accomplishment,0.0,1745,24,-0.018840364636709576,0.10058700209323246,0.25925925925925924,1.0,0.13818821722162902,0.188380594017444,False,False,False,,below_bounded_prescreen
absdiff__rating__elo_mov_538_delta,dynamic_ratings,0.0,1745,1745,0.027469344990173346,0.07263644651769806,0.3333333333333333,1.0,0.15035507543606474,0.18822788054222395,False,False,False,,below_bounded_prescreen
diff__detailed__clean__oppfg3attemptrate_mean,detailed_efficiency,0.0,1745,1745,-0.017554506643227715,0.10330925359615302,0.25925925925925924,1.0,0.1736346143472628,0.1879865300952545,False,False,False,,below_bounded_prescreen
absdiff__adj__def_rtg_a10p0,opponent_adjusted_efficiency,0.0,1745,1745,0.05480259433198758,0.11438460308231382,0.18518518518518517,1.0,0.22562174418689437,0.18756594009470176,False,True,True,34.0,selected
absdiff__detailed__all__efg_ros,detailed_efficiency,0.0,1745,1745,0.06315642090092746,0.1338579170217882,0.1111111111111111,1.0,0.21589063567017536,0.18728836511963315,False,False,False,,below_bounded_prescreen
absdiff__detailed__clean__efg_mean,detailed_efficiency,0.0,1745,1745,0.060564491546278305,0.13597168667848966,0.1111111111111111,1.0,0.23296990274707818,0.18704957941375094,False,False,False,,below_bounded_prescreen
absdiff__detailed__clean__efg_trim02,detailed_efficiency,0.0,1745,1745,0.060564491546278305,0.13597168667848966,0.1111111111111111,1.0,0.23296990274707818,0.18704957941375094,False,False,False,,below_bounded_prescreen
absdiff__detailed__all__efg_mean,detailed_efficiency,0.0,1745,1745,0.059624595379732345,0.13625271205805717,0.1111111111111111,1.0,0.23374543634079084,0.1869466730955547,False,False,False,,below_bounded_prescreen
absdiff__detailed__all__efg_trim02,detailed_efficiency,0.0,1745,1745,0.059624595379732345,0.13625271205805717,0.1111111111111111,1.0,0.23374543634079084,0.1869466730955547,False,False,False,,below_bounded_prescreen
mean__detailed__all__offrtg_std,detailed_efficiency,0.0,1745,1745,-0.03623225468422288,0.09158750913001279,0.25925925925925924,1.0,0.16973900336345066,0.18662502175987863,False,False,False,,below_bounded_prescreen
diff__detailed__all__opp_tov_pct_ros,detailed_efficiency,0.0,1745,1745,0.034676366086406576,0.06312930537712964,0.3333333333333333,1.0,0.11763966688645452,0.18655861377790683,False,False,False,,below_bounded_prescreen
diff__detailed__all__oppfg3attemptrate_mean,detailed_efficiency,0.0,1745,1745,-0.01727552277914633,0.10011273653793164,0.25925925925925924,1.0,0.1730201973051438,0.1864154021388951,False,False,False,,below_bounded_prescreen
absdiff__detailed__last10__def_rtg_mean,detailed_efficiency,0.0,1745,1745,0.03726388886868143,0.08994397325010847,0.25925925925925924,1.0,0.16907584866663877,0.18608961024597792,False,False,False,,below_bounded_prescreen
absdiff__compact__away_win_pct,compact_performance,0.0,1745,551,0.036634347748277604,0.08712511705605593,0.25925925925925924,1.0,0.13271452670677658,0.18605251310473833,False,False,False,,below_bounded_prescreen
absdiff__detailed__last10__opp_efg_mean,detailed_efficiency,0.0,1745,1745,0.05206881678288122,0.05280544805405174,0.3333333333333333,1.0,0.10211684923771225,0.18605041412200354,False,False,False,,below_bounded_prescreen
mean__compact__close3_games,compact_performance,0.0,1745,19,-0.047454867575356184,0.11022399226144966,0.18518518518518517,1.0,0.17679534092004326,0.1859054031449021,False,False,False,,below_bounded_prescreen
absdiff__norm__detailed__all__efg_ros__z,within_season_normalization,0.0,1745,1745,0.05550298665763059,0.13385791778315725,0.1111111111111111,1.0,0.21589062605807885,0.18560461033604883,False,False,False,,below_bounded_prescreen
mean__detailed__clean__offrtg_std,detailed_efficiency,0.0,1745,1745,-0.03523390492566607,0.08937376487776894,0.25925925925925924,1.0,0.16641244949400627,0.18547584972669684,False,False,False,,below_bounded_prescreen
mean__compact__games,compact_performance,0.0,1745,15,0.005521171624110532,0.07532360803565397,0.3333333333333333,1.0,0.14161964199228574,0.18503853726806013,False,False,False,,below_bounded_prescreen
absdiff__rating__margin_ridge_a25p0,global_strength_ratings,0.0,1745,1745,0.0666666261950818,0.10155600865115719,0.18518518518518517,1.0,0.2290608219874326,0.18388073866560578,False,False,False,,below_bounded_prescreen
absdiff__detailed__last20__orb_pct_mean,detailed_efficiency,0.0,1745,1745,0.039595878651245385,0.08344900786456132,0.25925925925925924,1.0,0.16230826002170645,0.18375576815887665,False,False,False,,below_bounded_prescreen
mean__compact__home_margin_std,compact_performance,0.010315186246418338,1727,1726,0.03548862424788998,0.14177529192177338,0.1111111111111111,1.0,0.23705558157057444,0.18332997707222837,False,False,False,,below_bounded_prescreen
absdiff__adj__net_rtg_a10p0,opponent_adjusted_efficiency,0.0,1745,1745,0.0636277034857415,0.10194546011435883,0.18518518518518517,1.0,0.2336626650070645,0.18321503865110242,False,True,True,35.0,selected
absdiff__compact__ewm_h20_margin,compact_performance,0.0,1745,1745,0.06706286939888119,0.09441050226184503,0.18518518518518517,1.0,0.19914808240847207,0.1817345786867302,False,False,False,,below_bounded_prescreen
diff__compact__last5_win_pct,compact_performance,0.0,1745,9,-0.024953492012720867,0.05417717904573477,0.3333333333333333,1.0,0.0785569803134182,0.1816858683055479,False,False,False,,below_bounded_prescreen
diff__detailed__away__pace_mean,detailed_efficiency,0.0,1745,1742,-0.021561798762069286,0.12008074405551973,0.18518518518518517,1.0,0.2582187862607922,0.18168323105350268,False,False,False,,below_bounded_prescreen
diff__detailed__last20__pace_mean,detailed_efficiency,0.0,1745,1694,0.014093854981783274,0.12024478570044339,0.18518518518518517,1.0,0.2236997550079795,0.18149978466151562,False,False,False,,below_bounded_prescreen
absdiff__detailed__last5__opp_efg_mean,detailed_efficiency,0.0,1745,1745,0.02849538377435387,0.08377569246568264,0.25925925925925924,1.0,0.16555496171777656,0.18134059982665593,False,False,False,,below_bounded_prescreen
absdiff__norm__rating__margin_ridge_a25p0__z,within_season_normalization,0.0,1745,1745,0.05500397715478246,0.10155601067743798,0.18518518518518517,1.0,0.229060822671088,0.1813149568220085,False,False,False,,below_bounded_prescreen
absdiff__rating__margin_ridge_a25p0_z,global_strength_ratings,0.0,1745,1745,0.05500397715478246,0.10155601067743798,0.18518518518518517,1.0,0.229060822671088,0.1813149568220085,False,False,False,,below_bounded_prescreen
mean__detailed__clean__tovpct_std,detailed_efficiency,0.0,1745,1744,-0.008352319814725933,0.09096721550938729,0.25925925925925924,1.0,0.14398135442034712,0.1812240011084132,False,False,False,,below_bounded_prescreen
absdiff__adj__net_rtg_a10p0_z,opponent_adjusted_efficiency,0.0,1745,1745,0.051918446042377914,0.10194545369372879,0.18518518518518517,1.0,0.23366267106341776,0.1806389986894059,False,True,True,36.0,selected
absdiff__norm__adj__net_rtg_a10p0__z,within_season_normalization,0.0,1745,1745,0.051918446042377914,0.10194545369372879,0.18518518518518517,1.0,0.23366267106341776,0.1806389986894059,False,False,False,,below_bounded_prescreen
mean__detailed__all__tovpct_std,detailed_efficiency,0.0,1745,1744,-0.00881676833807951,0.08901227496107524,0.25925925925925924,1.0,0.1425026983900286,0.18044695456157397,False,False,False,,below_bounded_prescreen
absdiff__schedule__top_decile_games,schedule_and_accomplishment,0.0,1745,17,-0.024805107683453547,0.08560447626766049,0.25925925925925924,1.0,0.19371070514008126,0.18028032557471504,False,False,False,,below_bounded_prescreen
absdiff__detailed__last5__off_rtg_mean,detailed_efficiency,0.0,1745,1745,0.04711178696026749,0.10073185607096932,0.18518518518518517,1.0,0.2134933050247463,0.1798057814739639,False,False,False,,below_bounded_prescreen
absdiff__rating__elo_mov_log_delta,dynamic_ratings,0.0,1745,1745,0.027604174940884543,0.07935381142560638,0.25925925925925924,1.0,0.15078921890017566,0.17961266069676013,False,False,False,,below_bounded_prescreen
absdiff__detailed__home__pace_mean,detailed_efficiency,0.008022922636103151,1731,1728,-0.05549799588958604,0.06569809557357197,0.25925925925925924,1.0,0.13113296836413957,0.17933897390705114,False,False,False,,below_bounded_prescreen
absdiff__rating__pagerank_binary,global_strength_ratings,0.0,1745,1745,0.06871486634734238,0.1133163420288933,0.1111111111111111,1.0,0.19896076798374335,0.17932846182871218,False,False,False,,below_bounded_prescreen
diff__compact__day120plus_margin_mean,compact_performance,0.0,1745,811,0.03787015141087801,0.07009444626891607,0.25925925925925924,1.0,0.12578435082928296,0.17842687496778303,False,False,False,,below_bounded_prescreen
diff__detailed__all__ftmaderate_median,detailed_efficiency,0.0,1745,1725,-0.016311414439885832,0.1072967118786987,0.18518518518518517,1.0,0.1575392781937888,0.17841899138042833,False,False,False,,below_bounded_prescreen
absdiff__detailed__last20__def_rtg_mean,detailed_efficiency,0.0,1745,1745,0.05511602249614264,0.08948503213336276,0.18518518518518517,1.0,0.16275758676401178,0.17819766653223468,False,False,False,,below_bounded_prescreen
absdiff__compact__days_since_last_game,compact_performance,0.0,1745,10,-0.03462466037657775,0.07234025023609791,0.25925925925925924,1.0,0.14787690316265265,0.1779071507511495,False,False,False,,below_bounded_prescreen
mean__schedule__top_decile_games,schedule_and_accomplishment,0.0,1745,30,0.0176853471571097,0.0771884401368048,0.25925925925925924,1.0,0.11666943044678146,0.17775593190384067,False,False,False,,below_bounded_prescreen
diff__detailed__clean__ftmaderate_median,detailed_efficiency,0.0,1745,1728,-0.01567201375997073,0.10651437746043829,0.18518518518518517,1.0,0.16121285244174932,0.17775585974016359,False,False,False,,below_bounded_prescreen
mean__compact__rest_days_std,compact_performance,0.0,1745,1742,0.016954919080224354,0.11077114622083349,0.18518518518518517,1.0,0.22056022254146293,0.17770745311162053,False,False,False,,below_bounded_prescreen
absdiff__detailed__clean__oppftmaderate_median,detailed_efficiency,0.0,1745,1720,0.02878449073879365,0.07578861917237935,0.25925925925925924,1.0,0.16426819609611476,0.17762187880291358,False,False,False,,below_bounded_prescreen
mean__detailed__clean__ftmaderate_mean,detailed_efficiency,0.0,1745,1744,-0.0325150993555489,0.09860097707324014,0.18518518518518517,1.0,0.16737561343462626,0.17741639594562061,False,False,False,,below_bounded_prescreen
absdiff__detailed__all__oppftmaderate_median,detailed_efficiency,0.0,1745,1719,0.029196338757966983,0.07498082672549597,0.25925925925925924,1.0,0.17430008115859025,0.17692346959012867,False,False,False,,below_bounded_prescreen
diff__detailed__clean__efg_std,detailed_efficiency,0.0,1745,1745,-0.04651859294392113,0.06253984749181217,0.25925925925925924,1.0,0.1310713695112783,0.17649184394476283,False,False,False,,below_bounded_prescreen
diff__detailed__all__efg_std,detailed_efficiency,0.0,1745,1745,-0.046309122591958296,0.06253984749181217,0.25925925925925924,1.0,0.13134359792675476,0.17643487133071195,False,False,False,,below_bounded_prescreen
absdiff__detailed__last5__ft_rate_mean,detailed_efficiency,0.0,1745,1745,0.015929732827336944,0.13324240604437304,0.1111111111111111,1.0,0.2236809780388677,0.17629143477953627,False,False,False,,below_bounded_prescreen
absdiff__rating__pagerank_binary_z,global_strength_ratings,0.0,1745,1745,0.05444969427190894,0.11331633707598125,0.1111111111111111,1.0,0.1989607642441774,0.17619012174430165,False,False,False,,below_bounded_prescreen
diff__detailed__all__assistperfgm_mean,detailed_efficiency,0.0,1745,1745,0.04842410177146018,0.08695293615596399,0.18518518518518517,1.0,0.15419883626287728,0.17585238792369848,False,False,False,,below_bounded_prescreen
absdiff__detailed__ewm_h10__oppefg,detailed_efficiency,0.0,1745,1745,0.03840253889219104,0.09348842204977327,0.18518518518518517,1.0,0.18574780133035668,0.17552271871658856,False,False,False,,below_bounded_prescreen
mean__detailed__all__ftmaderate_mean,detailed_efficiency,0.0,1745,1744,-0.031953744849423815,0.09446647493515682,0.18518518518518517,1.0,0.16354257384319104,0.17546165851165052,False,False,False,,below_bounded_prescreen
diff__detailed__ewm_h20__ftrate,detailed_efficiency,0.0,1745,1745,-0.03717254515035284,0.09429920808597074,0.18518518518518517,1.0,0.19155951804535473,0.17540882872215902,False,False,False,,below_bounded_prescreen
absdiff__rating__elo_mov_log,dynamic_ratings,0.0,1745,1745,0.031191529129433702,0.11963229112079374,0.1111111111111111,1.0,0.1681855607022209,0.17533599149614537,False,False,False,,below_bounded_prescreen
diff__detailed__clean__assistperfgm_mean,detailed_efficiency,0.0,1745,1745,0.04796058551783207,0.08584184663478778,0.18518518518518517,1.0,0.15385580185940298,0.17523081275387467,False,False,False,,below_bounded_prescreen
absdiff__rating__elo_mov_538,dynamic_ratings,0.0,1745,1745,0.030833631229289702,0.1191056532947858,0.1111111111111111,1.0,0.164685194172339,0.17514448246282513,False,False,False,,below_bounded_prescreen
diff__detailed__clean__opp_tov_pct_ros,detailed_efficiency,0.0,1745,1745,0.03430962092575902,0.06335631971770118,0.25925925925925924,1.0,0.11785547668269253,0.17472641248233733,False,False,False,,below_bounded_prescreen
absdiff__compact__pythag_residual_exp10p0,compact_performance,0.0,1745,1745,0.021444626577574538,0.03986804536247054,0.3333333333333333,1.0,0.06943024102096555,0.17441060331354696,False,False,False,,below_bounded_prescreen
absdiff__rating__bt_c0p25,global_strength_ratings,0.0,1745,1745,0.03433120596375332,0.11788437793449798,0.1111111111111111,1.0,0.19336767525854673,0.17418043748802067,False,False,False,,below_bounded_prescreen
absdiff__rating__elo_mov_log_z,dynamic_ratings,0.0,1745,1745,0.024853483716174594,0.11963228665182714,0.1111111111111111,1.0,0.16818556437514687,0.17394161921320733,False,False,False,,below_bounded_prescreen
mean__detailed__all__ftmade_rate_ros,detailed_efficiency,0.0,1745,1745,-0.03080566025855709,0.09138267473674198,0.18518518518518517,1.0,0.1600725411226305,0.17386765711524313,False,False,False,,below_bounded_prescreen
mean__detailed__clean__ftmade_rate_ros,detailed_efficiency,0.0,1745,1745,-0.0313794845782875,0.09138267473674198,0.18518518518518517,1.0,0.16388886068585987,0.17384124568305465,False,False,False,,below_bounded_prescreen
absdiff__norm__rating__elo_mov_538__z,within_season_normalization,0.0,1745,1745,0.02450495409929562,0.11910565011676919,0.1111111111111111,1.0,0.16468519170424764,0.17375217206750213,False,False,False,,below_bounded_prescreen
absdiff__rating__elo_mov_538_z,dynamic_ratings,0.0,1745,1745,0.02450495409929562,0.11910565011676919,0.1111111111111111,1.0,0.16468519170424764,0.17375217206750213,False,False,False,,below_bounded_prescreen
seedprior__favorite_prob_pc8p0,prequential_seed_priors,0.0,1745,676,-0.01144015757817592,0.09962633508370689,0.18518518518518517,1.0,0.16200413501097521,0.17348693973656865,False,True,False,,correlation_pruned_or_cap
absdiff__detailed__last20__opp_efg_mean,detailed_efficiency,0.0,1745,1745,0.05817017355659739,0.08032670773845055,0.18518518518518517,1.0,0.18761251783733293,0.173479386813044,False,False,False,,below_bounded_prescreen
absdiff__rating__bt_c0p25_z,global_strength_ratings,0.0,1745,1745,0.029674609304877128,0.11788437789789062,0.1111111111111111,1.0,0.19336767130598526,0.17315598636359886,False,False,False,,below_bounded_prescreen
absdiff__norm__detailed__clean__net_rtg_ros__pct,within_season_normalization,0.0,1745,835,-0.028350876354764996,0.06129888554796008,0.25925925925925924,1.0,0.10394507390242244,0.17298433638645375,False,False,False,,below_bounded_prescreen
diff__detailed__all__opptovpct_mean,detailed_efficiency,0.0,1745,1745,0.032621322672739386,0.06041583368938309,0.25925925925925924,1.0,0.1172353053992778,0.17296836042441693,False,False,False,,below_bounded_prescreen
mean__detailed__all__games,detailed_efficiency,0.0,1745,15,0.0005984697263203274,0.07710557922123984,0.25925925925925924,1.0,0.14161964199228574,0.17295903716777566,False,False,False,,below_bounded_prescreen
diff__detailed__clean__opptovpct_mean,detailed_efficiency,0.0,1745,1745,0.03221895923590901,0.06041583368938309,0.25925925925925924,1.0,0.11979904914929651,0.1727772907183135,False,False,False,,below_bounded_prescreen
mean__prior__program_has_tournament_history,prior_program_history,0.0,1745,3,0.005087462830535705,0.07727272727272719,0.25925925925925924,1.0,0.17498568420267077,0.17269220502700156,False,False,False,,below_bounded_prescreen
absdiff__norm__rating__bt_c1p0__pct,within_season_normalization,0.0,1745,786,-0.024862821021165785,0.09154777725193913,0.18518518518518517,1.0,0.18045175303893152,0.17182431321365962,False,False,False,,below_bounded_prescreen
absdiff__rating__bt_c1p0_percentile,global_strength_ratings,0.0,1745,786,-0.024862821021165785,0.09154777725193913,0.18518518518518517,1.0,0.18045175303893152,0.17182431321365962,False,False,False,,below_bounded_prescreen
absdiff__norm__detailed__all__net_rtg_ros__pct,within_season_normalization,0.0,1745,828,-0.02910717203892916,0.0575436661848743,0.25925925925925924,1.0,0.09989337303933363,0.1715102841772122,False,False,False,,below_bounded_prescreen
mean__compact__last10_margin_std,compact_performance,0.0,1745,1745,0.05001018363183493,0.10748647144553913,0.1111111111111111,1.0,0.24044888980326307,0.17075556887850973,False,False,False,,below_bounded_prescreen
mean__detailed__last20__pace_mean,detailed_efficiency,0.0,1745,1702,0.017132415468247682,0.09036230005041312,0.18518518518518517,1.0,0.16208279789323393,0.17028935314111307,False,False,False,,below_bounded_prescreen
absdiff__rating__elo_standard_percentile,dynamic_ratings,0.0,1745,791,-0.021334694339044755,0.08783216910705223,0.18518518518518517,1.0,0.1705206581279175,0.16966187723048784,False,False,False,,below_bounded_prescreen
diff__detailed__last5__def_rtg_mean,detailed_efficiency,0.0,1745,1745,0.015284345242730828,0.09092000017070227,0.18518518518518517,1.0,0.1755258979889718,0.16961274974540863,False,False,False,,below_bounded_prescreen
absdiff__norm__schedule__rpi__pct,within_season_normalization,0.0,1745,804,-0.02091562527631129,0.0848098831036802,0.18518518518518517,1.0,0.13511093469262897,0.16953537369247945,False,False,False,,below_bounded_prescreen
mean__detailed__clean__efg_std,detailed_efficiency,0.0,1745,1745,-0.03358706020203091,0.07904621852642518,0.18518518518518517,1.0,0.1563618361951466,0.16870649431895465,False,False,False,,below_bounded_prescreen
absdiff__compact__margin_mad,compact_performance,0.0,1745,23,0.025077795016808888,0.11030397457467365,0.1111111111111111,1.0,0.18901064223690056,0.1686803747878431,False,False,False,,below_bounded_prescreen
absdiff__schedule__opponent_strength_std,schedule_and_accomplishment,0.0,1745,1745,0.006358003172573123,0.06484318275076568,0.25925925925925924,1.0,0.14106759905196145,0.16836226593773662,False,False,False,,below_bounded_prescreen
absdiff__compact__pythag_residual_exp11p5,compact_performance,0.0,1745,1745,0.024360796216322467,0.05103866607171898,0.25925925925925924,1.0,0.07922844194294798,0.1681702786857796,False,False,False,,below_bounded_prescreen
mean__compact__last20_margin_std,compact_performance,0.0,1745,1744,0.04367288889664631,0.09754682166668038,0.1111111111111111,1.0,0.15290046228574228,0.16809226924361684,False,False,False,,below_bounded_prescreen
absdiff__compact__pythag_exp13p91,compact_performance,0.0,1745,1745,-0.026159596277935154,0.05214467440860535,0.25925925925925924,1.0,0.10546073532205312,0.16804760696587567,False,False,False,,below_bounded_prescreen
mean__detailed__all__efg_std,detailed_efficiency,0.0,1745,1745,-0.03417527163457834,0.07676910341499792,0.18518518518518517,1.0,0.15322493030012152,0.16786836181643103,False,False,False,,below_bounded_prescreen
absdiff__detailed__last5__efg_mean,detailed_efficiency,0.0,1745,1744,0.015542882303652621,0.08683394660770259,0.18518518518518517,1.0,0.18292330274600965,0.16741242599829007,False,False,False,,below_bounded_prescreen
absdiff__rating__elo_mov_log_percentile,dynamic_ratings,0.0,1745,783,-0.02477203318623144,0.07949845299509907,0.18518518518518517,1.0,0.15110191573223905,0.16719465773895853,False,False,False,,below_bounded_prescreen
diff__compact__away_margin_std,compact_performance,0.0,1745,1745,-0.031352448358764835,0.10557756837540999,0.1111111111111111,1.0,0.2109355351334426,0.16691512783156515,False,False,False,,below_bounded_prescreen
absdiff__rating__elo_standard_preseason,dynamic_ratings,0.0,1745,1745,0.024329947109695917,0.10737377272444834,0.1111111111111111,1.0,0.20613314667129443,0.1664244511827943,False,False,False,,below_bounded_prescreen
absdiff__adj__net_rtg_a50p0_percentile,opponent_adjusted_efficiency,0.0,1745,780,-0.02706463766230424,0.07655700868570273,0.18518518518518517,1.0,0.1569828845748385,0.16605189870148035,False,False,False,,below_bounded_prescreen
absdiff__norm__adj__net_rtg_a50p0__pct,within_season_normalization,0.0,1745,780,-0.02706463766230424,0.07655700868570273,0.18518518518518517,1.0,0.1569828845748385,0.16605189870148035,False,False,False,,below_bounded_prescreen
mean__detailed__home__pace_mean,detailed_efficiency,0.008022922636103151,1731,1728,0.006969110327343132,0.08817990213320129,0.18518518518518517,1.0,0.16999564090318414,0.16604752747856613,False,False,False,,below_bounded_prescreen
absdiff__detailed__all__orb_pct_ros,detailed_efficiency,0.0,1745,1745,0.017302385337325633,0.10826839116397455,0.1111111111111111,1.0,0.2027500456249708,0.16544312848569837,False,False,False,,below_bounded_prescreen
absdiff__detailed__clean__orb_pct_ros,detailed_efficiency,0.0,1745,1745,0.01718026521958291,0.10826839116397455,0.1111111111111111,1.0,0.20404690021606026,0.1653643878761514,False,False,False,,below_bounded_prescreen
absdiff__norm__rating__elo_mov_538__pct,within_season_normalization,0.0,1745,763,-0.025305068929559176,0.07509713109073682,0.18518518518518517,1.0,0.14699695039865723,0.16536348970174006,False,False,False,,below_bounded_prescreen
absdiff__rating__elo_mov_538_percentile,dynamic_ratings,0.0,1745,763,-0.025305068929559176,0.07509713109073682,0.18518518518518517,1.0,0.14699695039865723,0.16536348970174006,False,False,False,,below_bounded_prescreen
mean__schedule__top_quartile_games,schedule_and_accomplishment,0.0,1745,46,0.022829664879983766,0.07858897241996654,0.18518518518518517,1.0,0.175975294403615,0.1653358508886654,False,False,False,,below_bounded_prescreen
absdiff__rating__elo_standard,dynamic_ratings,0.0,1745,1745,0.03215163644894822,0.12376974500758484,0.037037037037037035,1.0,0.17958816499758376,0.16522523694843191,False,False,False,,below_bounded_prescreen
absdiff__schedule__bad_losses,schedule_and_accomplishment,0.0,1745,8,-0.014107161039192689,0.09315033429851953,0.15384615384615385,1.0,0.18154209227917528,0.1651694368161294,False,False,False,,below_bounded_prescreen
mean__prior__program_years_since_appearance,prior_program_history,0.07163323782234957,1620,31,-0.03556239761407362,0.11048862082297627,0.1111111111111111,1.0,0.20111847831326815,0.1648606450895839,False,False,False,,below_bounded_prescreen
absdiff__detailed__clean__drb_pct_ros,detailed_efficiency,0.0,1745,1745,0.03430776354112983,0.09840547032352463,0.1111111111111111,1.0,0.20190876007706623,0.1644837611090355,False,False,False,,below_bounded_prescreen
absdiff__schedule__quality_win_points_mean,schedule_and_accomplishment,0.0,1745,1745,0.006078247694164409,0.08230777573272668,0.18518518518518517,1.0,0.15218969278467742,0.16438698876266752,False,False,False,,below_bounded_prescreen
absdiff__conference__tourney_win_pct,conference_context,0.016045845272206302,1717,9,-0.019535553063805538,0.10761999999577432,0.1111111111111111,1.0,0.21070395358439317,0.16402137368463443,False,False,False,,below_bounded_prescreen
absdiff__rating__elo_standard_z,dynamic_ratings,0.0,1745,1745,0.0257219122263224,0.1237697352773169,0.037037037037037035,1.0,0.17958815853650884,0.16381069320736863,False,False,False,,below_bounded_prescreen
mean__schedule__opponent_strength_std,schedule_and_accomplishment,0.0,1745,1744,0.040656220730915585,0.06247196177430524,0.18518518518518517,1.0,0.12556565631950822,0.16353791358931724,False,False,False,,below_bounded_prescreen
diff__detailed__last5__pace_mean,detailed_efficiency,0.0,1745,1576,0.017321442097897644,0.10355082921389908,0.1111111111111111,1.0,0.21098137730687097,0.16285363796971197,False,False,False,,below_bounded_prescreen
absdiff__rating__margin_ridge_a5p0_percentile,global_strength_ratings,0.0,1745,853,-0.03378639065076601,0.09234438469247762,0.1111111111111111,1.0,0.17970745323546639,0.1623477902439169,False,False,False,,below_bounded_prescreen
absdiff__detailed__all__drb_pct_ros,detailed_efficiency,0.0,1745,1745,0.034201401814904955,0.09377099473340333,0.1111111111111111,1.0,0.19990408548230199,0.1623160002297984,False,False,False,,below_bounded_prescreen
absdiff__compact__pythag_exp8p0,compact_performance,0.0,1745,1745,0.013686632486169933,0.07241143140456756,0.18518518518518517,1.0,0.1279769160991032,0.1622790992068153,False,False,False,,below_bounded_prescreen
mean__detailed__clean__games,detailed_efficiency,0.0,1745,15,-0.004586234233204631,0.07710869822068625,0.18518518518518517,1.0,0.1477519749389486,0.1617406973093061,False,False,False,,below_bounded_prescreen
absdiff__detailed__last10__orb_pct_mean,detailed_efficiency,0.0,1745,1745,0.02655744321032463,0.06440859358162884,0.18518518518518517,1.0,0.1219072794180856,0.16151210087835946,False,False,False,,below_bounded_prescreen
absdiff__detailed__ewm_h20__oppefg,detailed_efficiency,0.0,1745,1745,0.008863015833934562,0.1315925911252806,0.037037037037037035,1.0,0.23966650777947385,0.16145357283834727,False,False,False,,below_bounded_prescreen
seedprior__favorite_prob_pc2p0,prequential_seed_priors,0.0,1745,676,-0.008387133413681568,0.10048117584137756,0.1111111111111111,1.0,0.17306939871119523,0.16093113558420113,False,True,False,,correlation_pruned_or_cap
absdiff__rating__elo_mov_538_preseason,dynamic_ratings,0.0,1745,1745,0.020937735293022727,0.09406941346864026,0.1111111111111111,1.0,0.16833294093688805,0.16080408036971455,False,False,False,,below_bounded_prescreen
absdiff__schedule__rpi,schedule_and_accomplishment,0.0,1745,1745,0.014484680321255605,0.09862279041837071,0.1111111111111111,1.0,0.1887821717848402,0.16075205997787834,False,False,False,,below_bounded_prescreen
absdiff__rating__colley,global_strength_ratings,0.0,1745,1745,0.004211234859301271,0.10303979614571006,0.1111111111111111,1.0,0.18618898007590773,0.16071579239372857,False,False,False,,below_bounded_prescreen
mean__geography__city_coverage,geography_and_schedule_dispersion,0.0,1745,23,0.03333684948658376,0.0,0.3333333333333333,1.0,0.0,0.16066744022038176,False,False,False,,below_bounded_prescreen
absdiff__norm__rating__colley__z,within_season_normalization,0.0,1745,1745,0.0017467877433458173,0.10303979929879846,0.1111111111111111,1.0,0.18618898824758642,0.16017361521483367,False,False,False,,below_bounded_prescreen
absdiff__rating__colley_z,global_strength_ratings,0.0,1745,1745,0.0017467877433458173,0.10303979929879846,0.1111111111111111,1.0,0.18618898824758642,0.16017361521483367,False,False,False,,below_bounded_prescreen
absdiff__norm__schedule__rpi__z,within_season_normalization,0.0,1745,1745,0.011111223092182482,0.0986227788479573,0.1111111111111111,1.0,0.18878217249894524,0.1600098938051196,False,False,False,,below_bounded_prescreen
absdiff__rating__elo_mov_log_preseason,dynamic_ratings,0.0,1745,1745,0.02072494574765911,0.09164272688969309,0.1111111111111111,1.0,0.16931592968261,0.1595531375620111,False,False,False,,below_bounded_prescreen
absdiff__detailed__neutral__off_rtg_mean,detailed_efficiency,0.053868194842406875,1651,1651,0.03424025154744763,0.09162022902522508,0.1111111111111111,1.0,0.13848473333261938,0.159439498129627,False,False,False,,below_bounded_prescreen
absdiff__detailed__clean__ftmade_rate_ros,detailed_efficiency,0.0,1745,1745,0.032810197291317574,0.08235370056631526,0.1111111111111111,1.0,0.13276254630660733,0.1592152956014347,False,False,False,,below_bounded_prescreen
mean__detailed__last10__pace_mean,detailed_efficiency,0.0,1745,1664,0.012156576712297022,0.09662172838919357,0.1111111111111111,1.0,0.19106408905624706,0.15918809071904616,False,False,False,,below_bounded_prescreen
absdiff__rating__bt_c0p25_percentile,global_strength_ratings,0.0,1745,792,-0.014838337704966186,0.0935025229070099,0.1111111111111111,1.0,0.1726785702549835,0.15901628025803577,False,False,False,,below_bounded_prescreen
absdiff__geography__city_coverage,geography_and_schedule_dispersion,0.0,1745,22,0.02352723958395186,0.0,0.3333333333333333,1.0,0.0,0.15850932604180273,False,False,False,,below_bounded_prescreen
absdiff__compact__pythag_residual_exp13p91,compact_performance,0.0,1745,1745,0.02746750240475537,0.0573951493485167,0.18518518518518517,1.0,0.11961665280424832,0.1584374857337939,False,False,False,,below_bounded_prescreen
seedprior__generic_gender_games,prequential_seed_priors,0.0,1745,28,-0.030403427379346808,0.1111111111111111,0.04,1.0,0.20805742197959642,0.1580997904776058,False,True,False,,correlation_pruned_or_cap
absdiff__rating__bt_c1p0,global_strength_ratings,0.0,1745,1745,0.02593298493359374,0.11144281137783156,0.037037037037037035,1.0,0.1772290263103064,0.15803457102026347,False,False,False,,below_bounded_prescreen
absdiff__detailed__clean__oppefg_median,detailed_efficiency,0.0,1745,1710,0.02740626869124967,0.08450600228815731,0.1111111111111111,1.0,0.15926426519547748,0.15799946738034915,False,False,False,,below_bounded_prescreen
mean__compact__away_margin_std,compact_performance,0.0,1745,1745,0.0284175425964448,0.08124350614884193,0.1111111111111111,1.0,0.14179898543953456,0.15735456068285839,False,False,False,,below_bounded_prescreen
mean__detailed__last5__pace_mean,detailed_efficiency,0.0,1745,1603,0.02449683540424028,0.08429659765771108,0.1111111111111111,1.0,0.1599472107217247,0.15723156001354296,False,False,False,,below_bounded_prescreen
absdiff__detailed__all__oppefg_median,detailed_efficiency,0.0,1745,1707,0.027775271490104482,0.08270713801880958,0.1111111111111111,1.0,0.15959038872139036,0.15720414820577375,False,False,False,,below_bounded_prescreen
absdiff__compact__neutral_win_pct,compact_performance,0.053868194842406875,1651,100,0.01891977992326915,0.09794411032200033,0.1111111111111111,1.0,0.19104632761520585,0.15700199362345638,False,False,False,,below_bounded_prescreen
absdiff__norm__rating__bt_c1p0__z,within_season_normalization,0.0,1745,1745,0.020399305622838506,0.1114428268289075,0.037037037037037035,1.0,0.17722903371085147,0.15681716869239193,False,False,False,,below_bounded_prescreen
absdiff__rating__bt_c1p0_z,global_strength_ratings,0.0,1745,1745,0.020399305622838506,0.1114428268289075,0.037037037037037035,1.0,0.17722903371085147,0.15681716869239193,False,False,False,,below_bounded_prescreen
absdiff__compact__win_pct,compact_performance,0.0,1745,964,0.03031159351094053,0.10575036094743935,0.037037037037037035,1.0,0.17916904394476907,0.15618788799531297,False,False,False,,below_bounded_prescreen
absdiff__schedule__wp,schedule_and_accomplishment,0.0,1745,964,0.03031159351094053,0.10575036094743935,0.037037037037037035,1.0,0.17916904394476907,0.15618788799531297,False,False,False,,below_bounded_prescreen
mean__compact__margin_std,compact_performance,0.0,1745,1745,0.029309120942068372,0.1038050728738454,0.037037037037037035,1.0,0.1582442534907157,0.15587059737299813,False,False,False,,below_bounded_prescreen
absdiff__detailed__home__off_rtg_mean,detailed_efficiency,0.008022922636103151,1731,1731,0.036825256865248845,0.07511259021907656,0.1111111111111111,1.0,0.1382905570964943,0.15575992149854126,False,False,False,,below_bounded_prescreen
absdiff__compact__pythag_exp11p5,compact_performance,0.0,1745,1745,-0.01455466299640861,0.05702498055616645,0.18518518518518517,1.0,0.11115784289108133,0.15575733244015616,False,False,False,,below_bounded_prescreen
absdiff__compact__neutral_margin_std,compact_performance,0.1169054441260745,1541,1538,0.05177283604898327,0.09240947745877749,0.1111111111111111,1.0,0.2107117946613866,0.15574344357222586,False,False,False,,below_bounded_prescreen
absdiff__schedule__quality_win_points_sum,schedule_and_accomplishment,0.0,1745,1744,0.009044559631871766,0.08948059982743306,0.1111111111111111,1.0,0.17667813004080207,0.15565114361232538,False,False,False,,below_bounded_prescreen
mean__compact__days_since_last_game,compact_performance,0.0,1745,20,0.023788205303711944,0.08049728396067767,0.1111111111111111,1.0,0.15395563168746607,0.15549165397822104,False,False,False,,below_bounded_prescreen
absdiff__norm__schedule__quality_win_points_sum__z,within_season_normalization,0.0,1745,1744,0.007833663383370383,0.08948060511980836,0.1111111111111111,1.0,0.17667812693173301,0.15538474910235797,False,False,False,,below_bounded_prescreen
absdiff__norm__compact__win_pct__z,within_season_normalization,0.0,1745,1559,0.02665124432073424,0.10575036940081893,0.037037037037037035,1.0,0.1791690318875872,0.15538261571337708,False,False,False,,below_bounded_prescreen
absdiff__rating__margin_ridge_a5p0,global_strength_ratings,0.0,1745,1745,0.04303041824373941,0.09750083465594635,0.037037037037037035,1.0,0.1705548681781528,0.15537082384727674,False,False,False,,below_bounded_prescreen
absdiff__compact__day120plus_win_pct,compact_performance,0.0,1745,30,0.005213466166585082,0.0896782397706597,0.1111111111111111,1.0,0.1783128205764366,0.1548377826012857,False,False,False,,below_bounded_prescreen
absdiff__rating__elo_season_reset_mov_percentile,dynamic_ratings,0.0,1745,760,-0.017342484488656534,0.08157122609925413,0.1111111111111111,1.0,0.1512834536817344,0.15469597474565483,False,False,False,,below_bounded_prescreen
absdiff__detailed__last5__orb_pct_mean,detailed_efficiency,0.0,1745,1745,0.017182436175081924,0.08292183250912503,0.1111111111111111,1.0,0.16673511234239108,0.15469098884698018,False,False,False,,below_bounded_prescreen
diff__quality__DetailedCoverageRate,detailed_efficiency,0.0,1745,29,-0.006136949253781128,0.0,0.3333333333333333,1.0,0.0,0.15468346216916518,False,False,False,,below_bounded_prescreen
absdiff__detailed__clean__tovpct_std,detailed_efficiency,0.0,1745,1745,-0.02422536871292912,0.07870570451022901,0.1111111111111111,1.0,0.1581494737932448,0.15456011810780232,False,False,False,,below_bounded_prescreen
diff__geography__city_coverage,geography_and_schedule_dispersion,0.0,1745,30,0.003651934475392565,0.0,0.3333333333333333,1.0,0.0,0.1541367589179197,False,False,False,,below_bounded_prescreen
absdiff__detailed__neutral__def_rtg_mean,detailed_efficiency,0.053868194842406875,1651,1651,0.029479773604641622,0.055391541560521305,0.18518518518518517,1.0,0.1114015133311199,0.15393760365106368,False,False,False,,below_bounded_prescreen
absdiff__detailed__last5__def_rtg_mean,detailed_efficiency,0.0,1745,1745,0.01805988607508174,0.10735240963181147,0.037037037037037035,1.0,0.19182898288947126,0.15375509817013458,False,False,False,,below_bounded_prescreen
absdiff__detailed__all__tovpct_std,detailed_efficiency,0.0,1745,1745,-0.023467013067812983,0.07793528635280476,0.1111111111111111,1.0,0.17132686518200452,0.15349638349476274,False,False,False,,below_bounded_prescreen
mean__detailed__neutral__games,detailed_efficiency,0.053868194842406875,1651,24,-0.008634570947204904,0.09434511175663626,0.1111111111111111,1.0,0.18214630599879456,0.15336772920200395,False,False,False,,below_bounded_prescreen
mean__compact__neutral_games,compact_performance,0.053868194842406875,1651,24,-0.007648721757111169,0.0948086289005598,0.1111111111111111,1.0,0.18509871547033788,0.15325523423040488,False,False,False,,below_bounded_prescreen
mean__compact__margin_iqr,compact_performance,0.0,1745,154,0.015294334389609096,0.10777408252634275,0.037037037037037035,1.0,0.19996635673330873,0.1530235848349521,False,False,False,,below_bounded_prescreen
absdiff__rating__margin_ridge_a5p0_z,global_strength_ratings,0.0,1745,1745,0.031748359627317015,0.09750082386158496,0.037037037037037035,1.0,0.1705548620476723,0.15288876601558954,False,False,False,,below_bounded_prescreen
mean__detailed__away__games,detailed_efficiency,0.0,1745,22,-0.0030168053853056992,0.08811340372116311,0.1111111111111111,1.0,0.19888359560252408,0.15278056492460237,False,False,False,,below_bounded_prescreen
mean__compact__away_games,compact_performance,0.0,1745,22,0.001350104578110126,0.08811340372116311,0.1111111111111111,1.0,0.1921264788060713,0.15268417541887744,False,False,False,,below_bounded_prescreen
absdiff__detailed__clean__tov_pct_ros,detailed_efficiency,0.0,1745,1745,-0.009429248917463214,0.10975647856234584,0.037037037037037035,1.0,0.2197606849998166,0.15189304299770118,False,False,False,,below_bounded_prescreen
matchup__equal_seed,matchup_context,0.0,1745,2,-0.001838478565391058,0.1111111111111111,0.04,1.0,0.20805742197959642,0.15181550173853553,False,True,True,11.0,selected
diff__detailed__clean__offrtg_std,detailed_efficiency,0.0,1745,1745,0.0039035619288425934,0.08119023200309884,0.1111111111111111,1.0,0.16063937476584406,0.15118229777297684,False,False,False,,below_bounded_prescreen
absdiff__compact__rest_days_std,compact_performance,0.0,1745,1743,0.0025629962103667888,0.08086219465459288,0.1111111111111111,1.0,0.1506708569206574,0.15112865610143675,False,False,False,,below_bounded_prescreen
absdiff__detailed__all__tov_pct_ros,detailed_efficiency,0.0,1745,1745,-0.010072868065952895,0.10746669478982909,0.037037037037037035,1.0,0.2171912561935157,0.1510383201518129,False,False,False,,below_bounded_prescreen
absdiff__compact__day90plus_win_pct,compact_performance,0.0,1745,321,0.020632294980845057,0.09955292781685704,0.037037037037037035,1.0,0.18308666732492906,0.15092696948080606,False,False,False,,below_bounded_prescreen
absdiff__compact__day110plus_win_pct,compact_performance,0.0,1745,116,-0.000886923844465635,0.0812091544720674,0.1111111111111111,1.0,0.15440726688751305,0.15077700449465206,False,False,False,,below_bounded_prescreen
absdiff__detailed__all__opp_ft_rate_ros,detailed_efficiency,0.0,1745,1745,0.040542294215771185,0.08969825880933713,0.037037037037037035,1.0,0.1829220564367982,0.15058351262440547,False,False,False,,below_bounded_prescreen
diff__detailed__all__offrtg_std,detailed_efficiency,0.0,1745,1745,0.00377241348908082,0.07898359654531001,0.1111111111111111,1.0,0.15953960012667723,0.15013825108205728,False,False,False,,below_bounded_prescreen
absdiff__detailed__all__ftmaderate_mean,detailed_efficiency,0.0,1745,1745,0.029649463378728827,0.09110062341994186,0.037037037037037035,1.0,0.15308413557050132,0.15005374168799832,False,False,False,,below_bounded_prescreen
absdiff__detailed__last20__tov_pct_mean,detailed_efficiency,0.0,1745,1745,0.012065359747227592,0.09992881212227495,0.037037037037037035,1.0,0.163934508126653,0.14998875456394187,False,False,False,,below_bounded_prescreen
absdiff__detailed__clean__efg_std,detailed_efficiency,0.0,1745,1745,0.01444439623867041,0.0744849558866289,0.1111111111111111,1.0,0.17105506913844704,0.14986612101032926,False,False,False,,below_bounded_prescreen
absdiff__compact__half_delta_marginmean,compact_performance,0.0,1745,1645,0.015717435505033916,0.09855859713250346,0.037037037037037035,1.0,0.17534091726109421,0.14967825167019128,False,False,False,,below_bounded_prescreen
mean__detailed__all__defrtg_std,detailed_efficiency,0.0,1745,1745,0.017272222500351687,0.06990157282085814,0.1111111111111111,1.0,0.13788620440237254,0.1496149735057722,False,False,False,,below_bounded_prescreen
absdiff__detailed__all__efg_std,detailed_efficiency,0.0,1745,1745,0.014473552020477745,0.07426036086784038,0.1111111111111111,1.0,0.175514076772259,0.1495863693679559,False,False,False,,below_bounded_prescreen
absdiff__compact__home_margin_std,compact_performance,0.010315186246418338,1727,1726,-0.0128559305730172,0.10194026948216045,0.037037037037037035,1.0,0.1830739779247189,0.1495373859867245,False,False,False,,below_bounded_prescreen
absdiff__detailed__clean__ftmaderate_mean,detailed_efficiency,0.0,1745,1745,0.02901710967443428,0.09110062341994186,0.037037037037037035,1.0,0.16499107393821064,0.14943834633834513,False,False,False,,below_bounded_prescreen
absdiff__detailed__clean__opp_ft_rate_ros,detailed_efficiency,0.0,1745,1745,0.041911203607916905,0.08671581507518823,0.037037037037037035,1.0,0.18396871992268288,0.1494112331588507,False,False,False,,below_bounded_prescreen
mean__compact__day110plus_games,compact_performance,0.0,1745,12,-0.006864347643331903,0.07217117959303228,0.1111111111111111,1.0,0.11356761543713578,0.14938739584648086,False,False,False,,below_bounded_prescreen
mean__compact__last5_margin_std,compact_performance,0.0,1745,1742,0.03436175367566447,0.060672018213536336,0.1111111111111111,1.0,0.12996540402963785,0.14926131616773589,False,False,False,,below_bounded_prescreen
absdiff__detailed__clean__offrtg_std,detailed_efficiency,0.0,1745,1745,-0.0030972144064336554,0.07715118991666717,0.1111111111111111,1.0,0.15793039020673613,0.14917452049892396,False,False,False,,below_bounded_prescreen
diff__compact__close3_win_pct,compact_performance,0.09455587392550144,1580,173,-0.001420817902180877,0.09706232600004798,0.1111111111111111,1.0,0.20178332437988775,0.14904447130704498,False,False,False,,below_bounded_prescreen
absdiff__detailed__clean__opp_tov_pct_ros,detailed_efficiency,0.0,1745,1745,-0.017485887942709857,0.096964499673558,0.037037037037037035,1.0,0.18796218415141308,0.1487972937505734,False,False,False,,below_bounded_prescreen
absdiff__compact__last5_margin_std,compact_performance,0.0,1745,1742,0.00832824718214053,0.0731942380119755,0.1111111111111111,1.0,0.14978051812112808,0.14875200567875183,False,False,False,,below_bounded_prescreen
absdiff__detailed__all__opp_tov_pct_ros,detailed_efficiency,0.0,1745,1745,-0.018052617760876667,0.096964499673558,0.037037037037037035,1.0,0.19660149187495324,0.1485764020016285,False,False,False,,below_bounded_prescreen
absdiff__detailed__all__ftmade_rate_ros,detailed_efficiency,0.0,1745,1745,0.033466063616038995,0.08474323881390308,0.037037037037037035,1.0,0.13596944821519966,0.14852643662352003,False,False,False,,below_bounded_prescreen
absdiff__norm__rating__margin_ridge_a25p0__pct,within_season_normalization,0.0,1745,800,-0.029716502419230663,0.0888762809680668,0.037037037037037035,1.0,0.17143484359621045,0.14826677757898032,False,False,False,,below_bounded_prescreen
absdiff__rating__margin_ridge_a25p0_percentile,global_strength_ratings,0.0,1745,800,-0.029716502419230663,0.0888762809680668,0.037037037037037035,1.0,0.17143484359621045,0.14826677757898032,False,False,False,,below_bounded_prescreen
mean__compact__margin_mad,compact_performance,0.0,1745,46,0.023841795060277893,0.09255860241839108,0.037037037037037035,1.0,0.18748222307835502,0.1480999610768806,False,False,False,,below_bounded_prescreen
absdiff__detailed__all__ftrate_std,detailed_efficiency,0.0,1745,1745,-0.014190049981639986,0.0958723747371235,0.037037037037037035,1.0,0.1766291311417687,0.14800131155003526,False,False,False,,below_bounded_prescreen
mean__detailed__clean__netrtg_std,detailed_efficiency,0.0,1745,1745,0.021906451503899797,0.09231113964619342,0.037037037037037035,1.0,0.1769570942086558,0.1479764085186105,False,False,False,,below_bounded_prescreen
absdiff__adj__net_rtg_a10p0_percentile,opponent_adjusted_efficiency,0.0,1745,782,-0.02994401204049071,0.08725803518969369,0.037037037037037035,1.0,0.16950484688230175,0.1476172715905948,False,False,False,,below_bounded_prescreen
absdiff__norm__adj__net_rtg_a10p0__pct,within_season_normalization,0.0,1745,782,-0.02994401204049071,0.08725803518969369,0.037037037037037035,1.0,0.16950484688230175,0.1476172715905948,False,False,False,,below_bounded_prescreen
interaction__combined_margin_volatility,matchup_interactions,0.0,1745,1745,0.029360968380155072,0.08592172902348309,0.037037037037037035,1.0,0.15131022324659915,0.14757535997096796,False,False,False,,below_bounded_prescreen
mean__geography__games_with_city,geography_and_schedule_dispersion,0.0,1745,15,0.03253649445145378,0.05881247505062478,0.1,1.0,0.09941033509144986,0.14741160339996173,False,False,False,,below_bounded_prescreen
absdiff__norm__compact__win_pct__pct,within_season_normalization,0.0,1745,1050,-0.015883651637638534,0.09484367908404212,0.037037037037037035,1.0,0.19205269073807812,0.1472631876170235,False,False,False,,below_bounded_prescreen
absdiff__compact__margin_std,compact_performance,0.0,1745,1745,-0.002756835264227402,0.07564490620040458,0.1111111111111111,1.0,0.18939908197895747,0.1471178732329437,False,False,False,,below_bounded_prescreen
absdiff__compact__last20_win_pct,compact_performance,0.0,1745,12,0.003998121005597588,0.06947116746993036,0.1111111111111111,1.0,0.13307168451670137,0.14668065740390776,False,False,False,,below_bounded_prescreen
mean__detailed__all__netrtg_std,detailed_efficiency,0.0,1745,1745,0.022052679695538435,0.0896186030096495,0.037037037037037035,1.0,0.17814245225410627,0.14666874681341188,False,False,False,,below_bounded_prescreen
diff__compact__last5_points_against_mean,compact_performance,0.0,1745,242,0.018243752349823776,0.08986101472195286,0.037037037037037035,1.0,0.16248479316587988,0.14657344678278936,False,False,False,,below_bounded_prescreen
absdiff__compact__last10_win_pct,compact_performance,0.0,1745,8,0.0211051969566218,0.09213641401187135,0.037037037037037035,1.0,0.20572849804736948,0.1465654080601862,False,False,False,,below_bounded_prescreen
absdiff__detailed__clean__ftrate_std,detailed_efficiency,0.0,1745,1745,-0.013347696384908535,0.09331693034584577,0.037037037037037035,1.0,0.17749781445711688,0.1465546331183271,False,False,False,,below_bounded_prescreen
mean__detailed__home__games,detailed_efficiency,0.008022922636103151,1731,25,0.024644569682300776,0.08660107753475942,0.037037037037037035,1.0,0.16250228949902412,0.1457743230818674,False,False,False,,below_bounded_prescreen
mean__compact__home_games,compact_performance,0.008022922636103151,1731,25,0.023490909055284944,0.08660107753475942,0.037037037037037035,1.0,0.15728467981669778,0.14572922213121695,False,False,False,,below_bounded_prescreen
absdiff__schedule__owp,schedule_and_accomplishment,0.0,1745,1745,0.006212368364212407,0.09407422604279359,0.037037037037037035,1.0,0.1685147955506966,0.1457076836445657,False,False,False,,below_bounded_prescreen
mean__compact__rest_days_mean,compact_performance,0.0,1745,1003,-0.009601573481677549,0.09237654396977935,0.037037037037037035,1.0,0.18323358352067803,0.14504966985656192,False,False,False,,below_bounded_prescreen
absdiff__norm__detailed__all__efg_ros__pct,within_season_normalization,0.0,1745,1084,-0.016432628967340063,0.08764937773353074,0.037037037037037035,1.0,0.16821387819489034,0.14488425048303988,False,False,False,,below_bounded_prescreen
absdiff__detailed__all__oppefg_mean,detailed_efficiency,0.0,1745,1745,0.0308132384045815,0.08273584768882976,0.037037037037037035,1.0,0.20786821065683525,0.14410331683929875,False,False,False,,below_bounded_prescreen
absdiff__compact__margin_slope,compact_performance,0.0,1745,1741,0.02597937533555925,0.08031644560031151,0.037037037037037035,1.0,0.1556533212667024,0.1439671495372304,False,False,False,,below_bounded_prescreen
diff__detailed__last10__pace_mean,detailed_efficiency,0.0,1745,1648,0.0024698981860630247,0.09585781845769989,0.037037037037037035,1.0,0.21552428435949825,0.14386008501217581,False,False,False,,below_bounded_prescreen
mean__compact__day90plus_games,compact_performance,0.0,1745,12,-0.01042659563476017,0.07310205073403724,0.07692307692307693,1.0,0.15016086563287612,0.14368409307436236,False,False,False,,below_bounded_prescreen
mean__detailed__all__orbpct_std,detailed_efficiency,0.0,1745,1745,0.013501292041197299,0.08835122830404372,0.037037037037037035,1.0,0.2007628164844462,0.14327428710155246,False,False,False,,below_bounded_prescreen
mean__detailed__clean__orbpct_std,detailed_efficiency,0.0,1745,1745,0.01395170519200978,0.08775547339596568,0.037037037037037035,1.0,0.20240006154579382,0.14302192583639986,False,False,False,,below_bounded_prescreen
absdiff__detailed__neutral__pace_mean,detailed_efficiency,0.053868194842406875,1651,1590,0.004125279727377993,0.07169848987908065,0.1111111111111111,1.0,0.14435598379106912,0.14301691952072434,False,False,False,,below_bounded_prescreen
absdiff__compact__margin_q10,compact_performance,0.0,1745,255,0.050325095580019574,0.06788884135553484,0.037037037037037035,1.0,0.16645690359489831,0.14292581466039103,False,False,False,,below_bounded_prescreen
absdiff__detailed__all__ftmaderate_median,detailed_efficiency,0.0,1745,1712,0.030532682298723104,0.04683148530586893,0.1111111111111111,1.0,0.10504803066370488,0.14277215960376574,False,False,False,,below_bounded_prescreen
absdiff__detailed__clean__oppefg_mean,detailed_efficiency,0.0,1745,1745,0.031177145492386957,0.07984537992984239,0.037037037037037035,1.0,0.20938440879452475,0.1427353039487944,False,False,False,,below_bounded_prescreen
mean__compact__day120plus_games,compact_performance,0.0,1745,11,-0.028027265560452687,0.048324389273320924,0.1111111111111111,1.0,0.11415103863145683,0.14257344150701315,False,False,False,,below_bounded_prescreen
interaction__pace_mean,matchup_interactions,0.0,1745,1742,0.018287352956459633,0.07828824223570949,0.037037037037037035,1.0,0.1330775036063841,0.14220439970523224,False,False,False,,below_bounded_prescreen
mean__detailed__all__pace_ros,detailed_efficiency,0.0,1745,1742,0.018287352956459633,0.07828824223570949,0.037037037037037035,1.0,0.1330775036063841,0.14220439970523224,False,False,False,,below_bounded_prescreen
absdiff__prior__program_win_pct_smoothed,prior_program_history,0.0,1745,1210,0.02823436463185426,0.04558989647623441,0.1111111111111111,1.0,0.09658231539700228,0.14200919568949816,False,False,False,,below_bounded_prescreen
mean__detailed__clean__pace_ros,detailed_efficiency,0.0,1745,1742,0.018204236143565044,0.07628416551681919,0.037037037037037035,1.0,0.13169714052438947,0.14127937170460786,False,False,False,,below_bounded_prescreen
absdiff__compact__margin_iqr,compact_performance,0.0,1745,78,0.010346016244181553,0.08231496098014059,0.037037037037037035,1.0,0.16861102134550757,0.14096878991629305,False,False,False,,below_bounded_prescreen
absdiff__compact__last5_win_pct,compact_performance,0.0,1745,5,-0.004869246522163991,0.0830776183349252,0.037037037037037035,1.0,0.15663576712277089,0.14060898627665527,False,False,False,,below_bounded_prescreen
absdiff__compact__close3_win_pct,compact_performance,0.09455587392550144,1580,108,0.008232598686700981,0.07061601305511961,0.1111111111111111,1.0,0.14640096382103676,0.14006412728842782,False,False,False,,below_bounded_prescreen
mean__conference__tourney_games,conference_context,0.016045845272206302,1717,7,-0.009002621380141716,0.08372478222697313,0.037037037037037035,1.0,0.1724532454591615,0.13991260065836125,False,False,False,,below_bounded_prescreen
absdiff__compact__last20_margin_std,compact_performance,0.0,1745,1745,0.02144625583616733,0.06918747499119988,0.037037037037037035,1.0,0.11465697177988601,0.13926781133446325,False,False,False,,below_bounded_prescreen
absdiff__detailed__home__def_rtg_mean,detailed_efficiency,0.008022922636103151,1731,1731,0.00737776649443056,0.07791429542518437,0.037037037037037035,1.0,0.14837007053258722,0.13837125972659742,False,False,False,,below_bounded_prescreen
diff__conference__tourney_games,conference_context,0.016045845272206302,1717,7,-0.004181051760232658,0.07814079790138455,0.037037037037037035,1.0,0.12116197673575367,0.13822319361463503,False,False,False,,below_bounded_prescreen
mean__detailed__away__pace_mean,detailed_efficiency,0.0,1745,1741,0.019318613860299816,0.06812857037802081,0.037037037037037035,1.0,0.12092055910343569,0.13804091239250446,False,False,False,,below_bounded_prescreen
absdiff__detailed__clean__orbpct_std,detailed_efficiency,0.0,1745,1745,0.001357202432218793,0.07365811050900051,0.037037037037037035,1.0,0.10370620347597298,0.13743215536629538,False,False,False,,below_bounded_prescreen
absdiff__detailed__all__orbpct_std,detailed_efficiency,0.0,1745,1745,-0.0008409960616724432,0.07291213620209003,0.037037037037037035,1.0,0.10884698853657898,0.13675489089503393,False,False,False,,below_bounded_prescreen
diff__detailed__last5__opp_efg_mean,detailed_efficiency,0.0,1745,1745,0.002984656914154814,0.07304091059681193,0.037037037037037035,1.0,0.14195564088349533,0.1359639618981699,False,False,False,,below_bounded_prescreen
diff__detailed__clean__opptovpct_median,detailed_efficiency,0.0,1745,1745,0.008815550965040813,0.065559465967995,0.037037037037037035,1.0,0.12165680522695847,0.13446761859379416,False,False,False,,below_bounded_prescreen
mean__detailed__clean__defrtg_std,detailed_efficiency,0.0,1745,1745,0.016447108201210026,0.06254492773316592,0.037037037037037035,1.0,0.14315433892808524,0.13383968148498837,False,False,False,,below_bounded_prescreen
absdiff__detailed__all__offrtg_std,detailed_efficiency,0.0,1745,1745,-0.003605238992390904,0.06947512896476743,0.037037037037037035,1.0,0.1580217360793025,0.13374627096416822,False,False,False,,below_bounded_prescreen
absdiff__detailed__clean__opp_efg_ros,detailed_efficiency,0.0,1745,1745,0.027341255135519958,0.061204468103834786,0.037037037037037035,1.0,0.19357545736409704,0.13357612845101713,False,False,False,,below_bounded_prescreen
diff__detailed__all__opptovpct_median,detailed_efficiency,0.0,1745,1745,0.008312298276352555,0.062489111076081835,0.037037037037037035,1.0,0.11846049230691724,0.13301098517096607,False,False,False,,below_bounded_prescreen
absdiff__detailed__all__opp_efg_ros,detailed_efficiency,0.0,1745,1745,0.02695827328378946,0.05937523770960288,0.037037037037037035,1.0,0.19166044901048723,0.1326904421885495,False,False,False,,below_bounded_prescreen
absdiff__compact__home_win_pct,compact_performance,0.008022922636103151,1731,451,0.009748229359431876,0.06322712564371119,0.037037037037037035,1.0,0.1331874772481027,0.13245022379316995,False,False,False,,below_bounded_prescreen
diff__compact__close5_win_pct,compact_performance,0.03151862464183381,1690,397,0.010985569380562122,0.0652989543033261,0.037037037037037035,1.0,0.12376652739321908,0.13221409818817068,False,False,False,,below_bounded_prescreen
mean__compact__neutral_margin_std,compact_performance,0.1169054441260745,1541,1538,0.033641954979348715,0.07080065764762877,0.037037037037037035,1.0,0.14439058523203194,0.1321834127528772,False,False,False,,below_bounded_prescreen
absdiff__detailed__clean__netrtg_std,detailed_efficiency,0.0,1745,1745,0.0033980899537400092,0.06222885500904844,0.037037037037037035,1.0,0.11021120300962658,0.13213490799970692,False,False,False,,below_bounded_prescreen
absdiff__detailed__all__netrtg_std,detailed_efficiency,0.0,1745,1745,0.0034254602215188,0.05979192199854771,0.037037037037037035,1.0,0.1124068242994616,0.1308833767619845,False,False,False,,below_bounded_prescreen
absdiff__detailed__clean__ftmaderate_median,detailed_efficiency,0.0,1745,1713,0.029512811488840565,0.04775244413080879,0.037037037037037035,1.0,0.11509169513131537,0.13073624983100646,False,False,False,,below_bounded_prescreen
seedprior__pooled_gap_games,prequential_seed_priors,0.040687679083094556,1674,152,0.004444023705716424,0.06504797745822645,0.037037037037037035,1.0,0.10364251225088304,0.13072592550444936,False,False,False,,below_bounded_prescreen
absdiff__compact__pythag_exp10p0,compact_performance,0.0,1745,1745,-0.004258526984278001,0.057667875607272705,0.037037037037037035,1.0,0.11275266295818351,0.13003327563563066,False,False,False,,below_bounded_prescreen
mean__geography__neutral_games_with_city,geography_and_schedule_dispersion,0.0,1745,26,0.019099198000262205,0.0629368470667153,0.0,1.0,0.11943324657750665,0.12963418028898077,False,False,False,,below_bounded_prescreen
diff__compact__day110plus_win_pct,compact_performance,0.0,1745,200,0.0023768341704314953,0.05428403641854382,0.037037037037037035,1.0,0.08680587830974588,0.12903293179193207,False,False,False,,below_bounded_prescreen
absdiff__compact__pythag_residual_exp8p0,compact_performance,0.0,1745,1745,0.017491657449325307,0.04372507545465693,0.037037037037037035,1.0,0.08327688679046694,0.12743105131139415,False,False,False,,below_bounded_prescreen
seedprior__gap_games,prequential_seed_priors,0.0,1745,178,-0.010275888008314655,0.04846568567786015,0.037037037037037035,1.0,0.13668622870404282,0.1259827012649663,False,False,False,,below_bounded_prescreen
mean__geography__games_per_distinct_city,geography_and_schedule_dispersion,0.25673352435530084,1297,441,-0.01900013953358065,0.04605331131385831,0.1,1.0,0.0990469733444187,0.11778505924583893,False,False,False,,below_bounded_prescreen
context__season_centered_2000,matchup_context,0.0,1745,17,-0.006643243291291597,0.0,0.0,1.0,0.0,0.10146151352408415,False,True,True,12.0,selected
seedprior__history_games,prequential_seed_priors,0.0,1745,17,-0.006524709969176784,0.0,0.0,1.0,0.0,0.1014354361932189,False,False,False,,below_bounded_prescreen
