Feature,Block,MissingRate,NonMissingRows,UniqueValues,GlobalCorrelation,MedianAbsoluteSeasonCorrelation,SeasonSignConsistency,SeasonCoverage,SeasonCorrelationIQR,StabilityScore,Mandatory,InPrecorrelationPool,Selected,SelectionRank,ExclusionReason
diff__massey__strength_mean,massey_consensus,0.0,646,646,0.6500375411659403,0.6343651023982643,1.0,1.0,0.08354095882251467,0.7041618698547731,True,True,True,6.0,selected
diff__norm__rating__elo_mov_538__pct,within_season_normalization,0.0,646,487,0.6364298027169235,0.6251970262541322,1.0,1.0,0.08786937072574252,0.6965943543706768,True,True,True,2.0,selected
matchup__seed_diff,matchup_context,0.0,646,28,-0.6251023760830843,0.6100806194550488,1.0,1.0,0.08283146113232787,0.6870479616314088,True,True,True,1.0,selected
diff__adj__net_rtg_a50p0,opponent_adjusted_efficiency,0.0,646,646,0.5801684650953886,0.5790295822980465,1.0,1.0,0.09068867675947434,0.6619437147536689,True,True,True,5.0,selected
diff__compact__margin_trim02,compact_performance,0.0,646,640,0.558191845599901,0.557419156551896,1.0,1.0,0.09613282677697277,0.6465180881058094,True,True,True,3.0,selected
diff__norm__schedule__opponent_strength_mean__pct,within_season_normalization,0.0,646,571,0.5487656167688093,0.5577206713649986,1.0,1.0,0.1026998076295828,0.644326365639154,True,True,True,4.0,selected
diff__rating__elo_mov_log,dynamic_ratings,0.0,646,646,0.6506761833918886,0.6563345010357544,1.0,1.0,0.0992062634604125,0.7142210703049611,False,True,False,,correlation_pruned_or_cap
diff__rating__elo_mov_log_z,dynamic_ratings,0.0,646,646,0.6503494098272573,0.6563345038113848,1.0,1.0,0.09920626743297989,0.7141491812941421,False,True,False,,correlation_pruned_or_cap
diff__rating__elo_mov_538,dynamic_ratings,0.0,646,646,0.6489616030145064,0.6552563857045786,1.0,1.0,0.10083884368775353,0.713261064053879,False,True,False,,correlation_pruned_or_cap
diff__norm__rating__elo_mov_538__z,within_season_normalization,0.0,646,646,0.6486631123135103,0.655256385777789,1.0,1.0,0.10083884353995509,0.7131953961407128,False,True,True,19.0,selected
diff__rating__elo_mov_538_z,dynamic_ratings,0.0,646,646,0.6486631123135103,0.655256385777789,1.0,1.0,0.10083884353995509,0.7131953961407128,False,True,False,,correlation_pruned_or_cap
diff__schedule__quality_win_points_sum,schedule_and_accomplishment,0.0,646,646,0.6408145499057285,0.6508697870550167,1.0,1.0,0.10662646144963528,0.7091316403076829,False,True,False,,correlation_pruned_or_cap
diff__norm__schedule__quality_win_points_sum__z,within_season_normalization,0.0,646,646,0.6399073882801901,0.6508697916796646,1.0,1.0,0.10662646422029587,0.708932066859069,False,True,True,20.0,selected
diff__rating__margin_ridge_a5p0,global_strength_ratings,0.0,646,646,0.6519995619501425,0.640907083996455,1.0,1.0,0.07035598658368047,0.7082610644839825,False,False,False,,below_bounded_prescreen
diff__rating__margin_ridge_a5p0_z,global_strength_ratings,0.0,646,646,0.6513096070641723,0.6409070873511382,1.0,1.0,0.07035598479519078,0.7081092760908566,False,False,False,,below_bounded_prescreen
diff__norm__rating__colley__z,within_season_normalization,0.0,646,646,0.6433244040176147,0.6456897446944081,1.0,1.0,0.09523967148768986,0.7076528594776835,False,True,True,21.0,selected
diff__rating__colley_z,global_strength_ratings,0.0,646,646,0.6433244040176147,0.6456897446944081,1.0,1.0,0.09523967148768986,0.7076528594776835,False,False,False,,below_bounded_prescreen
diff__rating__colley,global_strength_ratings,0.0,646,646,0.6431020472080159,0.645689743542754,1.0,1.0,0.09523966776130643,0.7076039405758331,False,False,False,,below_bounded_prescreen
diff__schedule__quality_win_points_mean,schedule_and_accomplishment,0.0,646,646,0.6338656312094432,0.6456527176026055,1.0,1.0,0.0923459414640534,0.7056699056567659,False,True,False,,correlation_pruned_or_cap
diff__norm__massey__strength_mean__z,within_season_normalization,0.0,646,646,0.6495015419473806,0.6343651058181576,1.0,1.0,0.08354096011316503,0.7040439516166128,False,True,False,,correlation_pruned_or_cap
diff__adj__net_rtg_a10p0,opponent_adjusted_efficiency,0.0,646,646,0.6371051288347489,0.6371012406479268,1.0,1.0,0.07138017181424461,0.7031165169820798,False,True,False,,correlation_pruned_or_cap
diff__adj__net_rtg_a10p0_z,opponent_adjusted_efficiency,0.0,646,646,0.6362869309623117,0.6371012386000355,1.0,1.0,0.07138017042457989,0.7029365125227425,False,True,False,,correlation_pruned_or_cap
diff__norm__adj__net_rtg_a10p0__z,within_season_normalization,0.0,646,646,0.6362869309623117,0.6371012386000355,1.0,1.0,0.07138017042457989,0.7029365125227425,False,True,True,22.0,selected
diff__rating__margin_ridge_a25p0,global_strength_ratings,0.0,646,646,0.6329094083681654,0.636784840286404,1.0,1.0,0.07711713415641397,0.7018121078122137,False,False,False,,below_bounded_prescreen
diff__norm__rating__margin_ridge_a25p0__z,within_season_normalization,0.0,646,646,0.6321155318917833,0.6367848390249402,1.0,1.0,0.07711714689686355,0.7016374538722892,False,True,False,,correlation_pruned_or_cap
diff__rating__margin_ridge_a25p0_z,global_strength_ratings,0.0,646,646,0.6321155318917833,0.6367848390249402,1.0,1.0,0.07711714689686355,0.7016374538722892,False,False,False,,below_bounded_prescreen
diff__massey__strength_trim05,massey_consensus,0.0,646,646,0.6481993715547343,0.6280097960109252,1.0,1.0,0.081589167056207,0.7007849971450374,False,True,False,,correlation_pruned_or_cap
diff__rating__elo_mov_log_percentile,dynamic_ratings,0.0,646,495,0.6399596974156586,0.6300638536780139,1.0,1.0,0.0915268609268114,0.6995607087598191,False,True,False,,correlation_pruned_or_cap
diff__massey__system_mor,massey_consensus,0.0,646,523,0.6360317692059921,0.6318621725158629,1.0,1.0,0.09524794572529893,0.6994109142039204,False,True,True,7.0,selected
diff__norm__rating__bt_c1p0__z,within_season_normalization,0.0,646,646,0.6272888182035632,0.6383286245204796,1.0,1.0,0.12644253355143542,0.6993435784325567,False,True,True,23.0,selected
diff__rating__bt_c1p0_z,global_strength_ratings,0.0,646,646,0.6272888182035632,0.6383286245204796,1.0,1.0,0.12644253355143542,0.6993435784325567,False,False,False,,below_bounded_prescreen
diff__rating__bt_c1p0,global_strength_ratings,0.0,646,646,0.626501445890293,0.6383286257377374,1.0,1.0,0.12644253354580637,0.6991703571081461,False,False,False,,below_bounded_prescreen
diff__norm__massey__strength_mean__pct,within_season_normalization,0.0,646,515,0.6413746642964349,0.6250952864573227,1.0,1.0,0.07974933462461375,0.697958190259746,False,True,False,,correlation_pruned_or_cap
diff__massey__system_dol,massey_consensus,0.0,646,497,0.6350854123990567,0.6268013494838388,1.0,1.0,0.07477936350393954,0.6975922639398775,False,True,False,,correlation_pruned_or_cap
diff__massey__system_wlk,massey_consensus,0.0,646,512,0.6393933656122818,0.6247807384561123,1.0,1.0,0.0773998294819489,0.6974653017143578,False,True,False,,correlation_pruned_or_cap
diff__massey__ordinal_mean,massey_consensus,0.0,646,644,-0.6465493155579789,0.6211941933461983,1.0,1.0,0.0804726314700156,0.6971951569701299,False,True,False,,correlation_pruned_or_cap
diff__massey__system_sag,massey_consensus,0.0,646,493,0.6406752712798729,0.6234735523602652,1.0,1.0,0.07934133379226294,0.6970422114628089,False,True,False,,correlation_pruned_or_cap
diff__rating__elo_mov_538_percentile,dynamic_ratings,0.0,646,487,0.6364298027169235,0.6251970262541322,1.0,1.0,0.08786937072574252,0.6965943543706768,False,True,False,,correlation_pruned_or_cap
diff__massey__strength_median,massey_consensus,0.0,646,582,0.6424228151589518,0.6213891411784915,1.0,1.0,0.07939428308738083,0.6964240357771502,False,True,False,,correlation_pruned_or_cap
diff__massey__ordinal_median,massey_consensus,0.0,646,307,-0.6435544180993718,0.6206059299962591,1.0,1.0,0.07911861307532742,0.6963080738570531,False,True,False,,correlation_pruned_or_cap
diff__norm__schedule__rpi__z,within_season_normalization,0.0,646,646,0.6196080499912829,0.6322160734848765,1.0,1.0,0.0935221815329852,0.6960365990095037,False,True,True,24.0,selected
diff__rating__margin_ridge_a5p0_percentile,global_strength_ratings,0.0,646,511,0.6355233817021138,0.6242781723378783,1.0,1.0,0.08693438205732607,0.6959912914143536,False,False,False,,below_bounded_prescreen
diff__schedule__rpi,schedule_and_accomplishment,0.0,646,646,0.6192004916105482,0.6322160731509547,1.0,1.0,0.09352218161878567,0.6959469360020275,False,True,False,,correlation_pruned_or_cap
diff__massey__system_rth,massey_consensus,0.0,646,503,0.6371122863335639,0.6201283152509518,1.0,1.0,0.08270169577797681,0.6945182264827219,False,True,False,,correlation_pruned_or_cap
seedprior__team1_prob_pc2p0,prequential_seed_priors,0.0,646,377,0.6235263162559668,0.6244603635290121,1.0,1.0,0.09887710613025624,0.6929616798250282,False,False,False,,below_bounded_prescreen
diff__massey__system_col,massey_consensus,0.0,646,502,0.6331181291903689,0.6184606783340441,1.0,1.0,0.08705816145184508,0.6926647875641485,False,True,False,,correlation_pruned_or_cap
diff__massey__ordinal_max,massey_consensus,0.0,646,283,-0.6312520914989768,0.6169255332268287,1.0,1.0,0.06806254350315843,0.6922772143385264,False,True,True,8.0,selected
seedprior__team1_prob_pc8p0,prequential_seed_priors,0.0,646,377,0.6238915711950351,0.6230141100896192,1.0,1.0,0.10224765907020639,0.6922130121431166,False,False,False,,below_bounded_prescreen
diff__norm__rating__colley__pct,within_season_normalization,0.0,646,486,0.6322217949072642,0.6180495325028141,1.0,1.0,0.09125307270283523,0.6921024475728355,False,True,False,,correlation_pruned_or_cap
diff__rating__colley_percentile,global_strength_ratings,0.0,646,486,0.6322217949072642,0.6180495325028141,1.0,1.0,0.09125307270283523,0.6921024475728355,False,False,False,,below_bounded_prescreen
diff__massey__system_rpi,massey_consensus,0.0,646,525,0.6344857645401039,0.6159303189661499,1.0,1.0,0.09119235744803089,0.6915857270046536,False,True,True,9.0,selected
diff__norm__rating__bt_c1p0__pct,within_season_normalization,0.0,646,491,0.6250430983178842,0.6162669070370708,1.0,1.0,0.07776036230327088,0.6902071825155977,False,True,False,,correlation_pruned_or_cap
diff__rating__bt_c1p0_percentile,global_strength_ratings,0.0,646,491,0.6250430983178842,0.6162669070370708,1.0,1.0,0.07776036230327088,0.6902071825155977,False,False,False,,below_bounded_prescreen
diff__massey__system_wol,massey_consensus,0.0,646,498,0.6310975658622878,0.6137555257583692,1.0,1.0,0.08687158778005732,0.6899692533425182,False,True,True,10.0,selected
diff__norm__schedule__quality_win_points_sum__pct,within_season_normalization,0.0,646,502,0.6276252713910387,0.6138419681411127,1.0,1.0,0.07762123768578022,0.6896168549063314,False,True,True,25.0,selected
diff__massey__system_pom,massey_consensus,0.0,646,524,0.6390052642536687,0.6086534214611139,1.0,1.0,0.08859556485404196,0.6891909778429801,False,True,True,11.0,selected
diff__adj__net_rtg_a10p0_percentile,opponent_adjusted_efficiency,0.0,646,486,0.6206704871623064,0.616257063380589,1.0,1.0,0.07938846641809594,0.6891753589416663,False,True,False,,correlation_pruned_or_cap
diff__norm__adj__net_rtg_a10p0__pct,within_season_normalization,0.0,646,486,0.6206704871623064,0.616257063380589,1.0,1.0,0.07938846641809594,0.6891753589416663,False,True,True,26.0,selected
diff__seed__number,selection_committee_prior,0.0,646,28,-0.6251023760830843,0.6100806194550488,1.0,1.0,0.08283146113232787,0.6870479616314088,False,False,False,,below_bounded_prescreen
diff__seed__strength,selection_committee_prior,0.0,646,28,0.6251023760830843,0.6100806194550488,1.0,1.0,0.08283146113232787,0.6870479616314088,False,False,False,,below_bounded_prescreen
diff__rating__elo_standard_z,dynamic_ratings,0.0,646,646,0.6120121171416891,0.6115788028757129,1.0,1.0,0.07543232003647526,0.6851831983500547,False,True,True,68.0,selected
diff__rating__elo_standard,dynamic_ratings,0.0,646,646,0.6114057001047701,0.6115788056048508,1.0,1.0,0.07543231815517237,0.6850497879871709,False,True,False,,correlation_pruned_or_cap
diff__norm__rating__margin_ridge_a25p0__pct,within_season_normalization,0.0,646,491,0.6133391518164802,0.6085682580926532,1.0,1.0,0.08827242372523392,0.6835164803350898,False,True,False,,correlation_pruned_or_cap
diff__rating__margin_ridge_a25p0_percentile,global_strength_ratings,0.0,646,491,0.6133391518164802,0.6085682580926532,1.0,1.0,0.08827242372523392,0.6835164803350898,False,False,False,,below_bounded_prescreen
diff__rating__elo_season_reset_mov,dynamic_ratings,0.0,646,646,0.5968299043119318,0.6159171890171152,1.0,1.0,0.12425417606189892,0.6819726626343643,False,True,True,69.0,selected
diff__rating__elo_season_reset_mov_delta,dynamic_ratings,0.0,646,646,0.5968299043119318,0.6159171890171152,1.0,1.0,0.12425417606189892,0.6819726626343643,False,True,False,,correlation_pruned_or_cap
diff__rating__elo_season_reset_mov_z,dynamic_ratings,0.0,646,646,0.595913569492308,0.6159171853849555,1.0,1.0,0.12425417023034813,0.6817710674638725,False,True,False,,correlation_pruned_or_cap
diff__rating__bt_c0p25_z,global_strength_ratings,0.0,646,646,0.5884817688829355,0.6173048907292875,1.0,1.0,0.13001869042552638,0.6805715890872828,False,False,False,,below_bounded_prescreen
diff__rating__bt_c0p25,global_strength_ratings,0.0,646,646,0.588203551830784,0.6173048914119971,1.0,1.0,0.1300186964996607,0.6805103814205445,False,False,False,,below_bounded_prescreen
diff__norm__rating__pagerank_margin__pct,within_season_normalization,0.0,646,539,0.6023836724416464,0.6056621347028687,1.0,1.0,0.08907420777791542,0.6796792642834225,False,True,True,27.0,selected
diff__rating__pagerank_margin_percentile,global_strength_ratings,0.0,646,539,0.6023836724416464,0.6056621347028687,1.0,1.0,0.08907420777791542,0.6796792642834225,False,False,False,,below_bounded_prescreen
diff__schedule__bad_loss_penalty_sum,schedule_and_accomplishment,0.0,646,645,-0.5955885184081995,0.6007216319136457,1.0,1.0,0.03230686049766285,0.6780835829484473,False,True,False,,correlation_pruned_or_cap
diff__norm__schedule__rpi__pct,within_season_normalization,0.0,646,490,0.6145882873459731,0.5961404218195141,1.0,1.0,0.08792158929167271,0.6778399621178139,False,True,True,28.0,selected
diff__massey__system_sel,massey_consensus,0.09907120743034056,582,451,0.6077037573074102,0.6140425840274625,1.0,1.0,0.07019843533081038,0.6777016329331527,False,True,True,12.0,selected
diff__massey__system_cng,massey_consensus,0.09907120743034056,582,480,0.6053461432801808,0.6174077860645922,1.0,1.0,0.10889933565869858,0.6772502188118689,False,True,True,13.0,selected
diff__schedule__quality_wins,schedule_and_accomplishment,0.0,646,34,0.5875361544779848,0.6025953805669331,1.0,1.0,0.05474463926589046,0.6763139510866488,False,True,False,,correlation_pruned_or_cap
diff__rating__pagerank_binary_percentile,global_strength_ratings,0.0,646,513,0.5956040426563615,0.6009623331541785,1.0,1.0,0.08156616417367901,0.676232162731458,False,False,False,,below_bounded_prescreen
interaction__strength_gap_squared_signed,matchup_interactions,0.0,646,646,0.6033028502999465,0.5995729695258771,1.0,1.0,0.12482808146485425,0.6755285291798151,False,False,False,,below_bounded_prescreen
diff__rating__elo_standard_percentile,dynamic_ratings,0.0,646,502,0.5972116282205269,0.5941597714488184,1.0,1.0,0.0612334560182457,0.6741339102632189,False,True,True,70.0,selected
diff__massey__ordinal_std,massey_consensus,0.0,646,646,-0.6081000073531424,0.5883099744654378,1.0,1.0,0.07336385290576897,0.6732362352448706,False,True,True,14.0,selected
diff__rating__bt_c0p25_percentile,global_strength_ratings,0.0,646,487,0.57860391934004,0.5996206110392938,1.0,1.0,0.08302002448222201,0.6717899545743808,False,False,False,,below_bounded_prescreen
diff__massey__strength_max,massey_consensus,0.0,646,465,0.6079088155827004,0.5852990767428263,1.0,1.0,0.08443796806887127,0.671305977541996,False,True,True,15.0,selected
diff__massey__ordinal_min,massey_consensus,0.0,646,151,-0.6086017545048507,0.582433188995734,1.0,1.0,0.0788901375682125,0.670304711206291,False,True,False,,correlation_pruned_or_cap
diff__massey__system_bih,massey_consensus,0.09907120743034056,582,454,0.5855007066672504,0.6059133484221084,1.0,1.0,0.067134206790612,0.6690374978433554,False,True,True,16.0,selected
diff__massey__system_wob,massey_consensus,0.09907120743034056,582,441,0.5857880802019948,0.6014327953543628,1.0,1.0,0.05494540951878357,0.6674376064393543,False,True,False,,correlation_pruned_or_cap
diff__massey__strength_iqr,massey_consensus,0.0,646,576,-0.575787639862912,0.5848615372256318,1.0,1.0,0.06786739008376541,0.6646921230347934,False,True,True,17.0,selected
diff__adj__net_rtg_a50p0_z,opponent_adjusted_efficiency,0.0,646,646,0.5800888797986656,0.5790295798488222,1.0,1.0,0.09068868245799167,0.6619262045848214,False,True,False,,correlation_pruned_or_cap
diff__norm__adj__net_rtg_a50p0__z,within_season_normalization,0.0,646,646,0.5800888797986656,0.5790295798488222,1.0,1.0,0.09068868245799167,0.6619262045848214,False,False,False,,below_bounded_prescreen
diff__massey__rank_improvement_std,massey_consensus,0.0,646,646,-0.566311718208452,0.579826900112806,1.0,1.0,0.09077918587000722,0.659274322625206,False,True,True,18.0,selected
diff__adj__net_rtg_a50p0_percentile,opponent_adjusted_efficiency,0.0,646,482,0.5569400586479739,0.5861624028818063,1.0,1.0,0.12000948177090637,0.6590843870149851,False,True,True,35.0,selected
diff__norm__adj__net_rtg_a50p0__pct,within_season_normalization,0.0,646,482,0.5569400586479739,0.5861624028818063,1.0,1.0,0.12000948177090637,0.6590843870149851,False,False,False,,below_bounded_prescreen
diff__compact__half_marginmean_first,compact_performance,0.0,646,606,0.5788336949397902,0.5753652255680053,1.0,1.0,0.12331020584769914,0.6585863129254884,False,True,True,45.0,selected
diff__rating__elo_season_reset_mov_percentile,dynamic_ratings,0.0,646,482,0.568124344047793,0.5775542804586189,1.0,1.0,0.09381305596532474,0.6584608880720385,False,True,True,71.0,selected
diff__schedule__oowp,schedule_and_accomplishment,0.0,646,646,0.5584036748856076,0.5739492408861959,1.0,1.0,0.0642210762374762,0.6557756010507088,False,True,False,,correlation_pruned_or_cap
diff__conference__strength_percentile,conference_context,0.0,646,107,0.5572712521193283,0.5622210347090769,1.0,1.0,0.09796957990845623,0.648546988930271,False,False,False,,below_bounded_prescreen
diff__massey__system_dun,massey_consensus,0.19814241486068113,518,412,0.5683054226194865,0.5915156669059827,1.0,1.0,0.13632062458205352,0.647650494919022,False,False,False,,below_bounded_prescreen
diff__compact__pythag_exp11p5,compact_performance,0.0,646,646,0.5490505202962078,0.5648801335997269,1.0,1.0,0.12378085865553567,0.6469823442468131,False,True,True,46.0,selected
diff__compact__pythag_exp10p0,compact_performance,0.0,646,646,0.5518551232846882,0.5631381868755587,1.0,1.0,0.12129396447449192,0.64686269824392,False,True,False,,correlation_pruned_or_cap
diff__compact__margin_mean,compact_performance,0.0,646,640,0.558191845599901,0.557419156551896,1.0,1.0,0.09613282677697277,0.6465180881058094,False,True,False,,correlation_pruned_or_cap
diff__norm__compact__margin_mean__z,within_season_normalization,0.0,646,644,0.5576809638590017,0.5574191588564712,1.0,1.0,0.09613282552990032,0.6464056952788905,False,False,False,,below_bounded_prescreen
diff__norm__compact__margin_trim02__z,within_season_normalization,0.0,646,644,0.5576809638590017,0.5574191588564712,1.0,1.0,0.09613282552990032,0.6464056952788905,False,False,False,,below_bounded_prescreen
diff__compact__pythag_exp8p0,compact_performance,0.0,646,646,0.5539727163507956,0.55960259012239,1.0,1.0,0.11792266691345421,0.6457663341793841,False,True,False,,correlation_pruned_or_cap
diff__compact__pythag_exp13p91,compact_performance,0.0,646,646,0.5423376195721554,0.5655055358258881,1.0,1.0,0.12778191452001214,0.6456456569215,False,True,False,,correlation_pruned_or_cap
diff__compact__margin_winsor02,compact_performance,0.0,646,646,0.5569955187449478,0.5556122470817915,1.0,1.0,0.09270192238736119,0.645524815827654,False,True,False,,correlation_pruned_or_cap
diff__norm__conference__strength_mean__pct,within_season_normalization,0.0,646,534,0.5522102334697316,0.556700931616378,1.0,1.0,0.0958245219439201,0.6448697176614455,False,False,False,,below_bounded_prescreen
diff__conference__strength_max,conference_context,0.0,646,565,0.5511867677591497,0.553911527759099,1.0,1.0,0.06268278991172127,0.6446313106349115,False,False,False,,below_bounded_prescreen
diff__norm__detailed__all__net_rtg_ros__pct,within_season_normalization,0.0,646,515,0.5298188319200854,0.5683494340142935,1.0,1.0,0.12684715033248073,0.6442939853359804,False,False,False,,below_bounded_prescreen
diff__detailed__all__net_rtg_ros,detailed_efficiency,0.0,646,646,0.5557613418194536,0.5503337511966956,1.0,1.0,0.09863840830735582,0.6424821594423994,False,False,False,,below_bounded_prescreen
diff__norm__detailed__all__net_rtg_ros__z,within_season_normalization,0.0,646,646,0.5554319232360986,0.5503337532023018,1.0,1.0,0.09863841155287978,0.6424096881869313,False,False,False,,below_bounded_prescreen
diff__detailed__clean__net_rtg_ros,detailed_efficiency,0.0,646,646,0.555042738606668,0.5497214581901794,1.0,1.0,0.0956776836032136,0.6421485950806245,False,False,False,,below_bounded_prescreen
diff__norm__detailed__clean__net_rtg_ros__z,within_season_normalization,0.0,646,646,0.5546833613027639,0.5497214633254658,1.0,1.0,0.09567768164728685,0.64206953461694,False,False,False,,below_bounded_prescreen
diff__norm__detailed__clean__net_rtg_ros__pct,within_season_normalization,0.0,646,515,0.529665143294011,0.5605910726150309,1.0,1.0,0.12518426859897058,0.6406026756359384,False,False,False,,below_bounded_prescreen
diff__norm__compact__margin_mean__pct,within_season_normalization,0.0,646,517,0.5264313895301683,0.5629202764610868,1.0,1.0,0.14431864649666876,0.6402438925380919,False,False,False,,below_bounded_prescreen
diff__norm__compact__margin_trim02__pct,within_season_normalization,0.0,646,517,0.5264313895301683,0.5629202764610868,1.0,1.0,0.14431864649666876,0.6402438925380919,False,False,False,,below_bounded_prescreen
diff__compact__upside_tail_mean,compact_performance,0.0,646,640,0.5307542562791392,0.5576549372368866,1.0,1.0,0.10894287066358055,0.6400825914285729,False,True,True,47.0,selected
diff__detailed__all__netrtg_mean,detailed_efficiency,0.0,646,646,0.5516086883379022,0.5464259498096562,1.0,1.0,0.10746994152424239,0.6393395696820037,False,False,False,,below_bounded_prescreen
diff__detailed__all__netrtg_trim02,detailed_efficiency,0.0,646,646,0.5516086883379022,0.5464259498096562,1.0,1.0,0.10746994152424239,0.6393395696820037,False,False,False,,below_bounded_prescreen
diff__detailed__poss0p475__net_rtg_mean,detailed_efficiency,0.0,646,646,0.5516086883379022,0.5464259498096562,1.0,1.0,0.10746994152424239,0.6393395696820037,False,False,False,,below_bounded_prescreen
diff__detailed__poss0p44__net_rtg_mean,detailed_efficiency,0.0,646,646,0.5514759006725705,0.5465085463293761,1.0,1.0,0.10773320040968687,0.6393394723696785,False,False,False,,below_bounded_prescreen
diff__detailed__clean__netrtg_mean,detailed_efficiency,0.0,646,646,0.5509166405839255,0.5457225059156606,1.0,1.0,0.10440661444746507,0.6389721991900821,False,False,False,,below_bounded_prescreen
diff__detailed__clean__netrtg_trim02,detailed_efficiency,0.0,646,646,0.5509166405839255,0.5457225059156606,1.0,1.0,0.10440661444746507,0.6389721991900821,False,False,False,,below_bounded_prescreen
diff__schedule__opponent_strength_pct_mean,schedule_and_accomplishment,0.0,646,646,0.5458215178131995,0.5440062415471093,1.0,1.0,0.07603282185683213,0.638162416987243,False,True,False,,correlation_pruned_or_cap
diff__massey__strength_min,massey_consensus,0.0,646,614,0.5311994158620149,0.5493456424324077,1.0,1.0,0.11113147477518803,0.6361045208661914,False,False,False,,below_bounded_prescreen
diff__norm__rating__pagerank_margin__z,within_season_normalization,0.0,646,646,0.5370824903288864,0.5321130340174058,1.0,1.0,0.09100949064674868,0.6299320245748399,False,False,False,,below_bounded_prescreen
diff__rating__pagerank_margin_z,global_strength_ratings,0.0,646,646,0.5370824903288864,0.5321130340174058,1.0,1.0,0.09100949064674868,0.6299320245748399,False,False,False,,below_bounded_prescreen
diff__massey__system_dok,massey_consensus,0.29721362229102166,454,344,0.5590412137283051,0.6076235832863328,1.0,1.0,0.5267670526584947,0.6298006151080453,False,False,False,,below_bounded_prescreen
diff__rating__pagerank_margin,global_strength_ratings,0.0,646,646,0.5362517201455279,0.5321130329761861,1.0,1.0,0.09100949319430052,0.6297492545328135,False,False,False,,below_bounded_prescreen
diff__adj__off_rtg_a10p0,opponent_adjusted_efficiency,0.0,646,646,0.5117684187472897,0.5424743878531249,1.0,1.0,0.09000711075206475,0.629376473863821,False,True,True,36.0,selected
diff__rating__pagerank_binary_z,global_strength_ratings,0.0,646,646,0.5304105919045896,0.5319697676093177,1.0,1.0,0.09840018601560352,0.628099811230858,False,False,False,,below_bounded_prescreen
diff__rating__pagerank_binary,global_strength_ratings,0.0,646,646,0.5282116343343659,0.5319697660031555,1.0,1.0,0.09840018654074278,0.6276160397734454,False,False,False,,below_bounded_prescreen
diff__schedule__opponent_strength_mean,schedule_and_accomplishment,0.0,646,646,0.5301136808460626,0.5228575229373487,1.0,1.0,0.06232072127388699,0.6251037919451057,False,True,False,,correlation_pruned_or_cap
diff__massey__momentum_systems,massey_consensus,0.0,646,11,0.5200118124571018,0.5279922733793561,1.0,1.0,0.07508007392581206,0.6248356870056208,False,False,False,,below_bounded_prescreen
diff__norm__schedule__opponent_strength_mean__z,within_season_normalization,0.0,646,646,0.5277820600333064,0.5228575235428845,1.0,1.0,0.06232072107252318,0.6245908356650111,False,False,False,,below_bounded_prescreen
matchup__team1_seed,matchup_context,0.0,646,16,-0.5315802315827195,0.5196983989351782,1.0,1.0,0.061413936286057624,0.6239463249856415,False,True,True,29.0,selected
diff__conference__strength_mean,conference_context,0.0,646,565,0.5295486960811211,0.5178460332819506,1.0,1.0,0.07101058711578656,0.6222263856285515,False,False,False,,below_bounded_prescreen
diff__seed__top4,selection_committee_prior,0.0,646,3,0.5256156158858015,0.5184216151973421,1.0,1.0,0.05754222211949067,0.6221761219048209,False,False,False,,below_bounded_prescreen
diff__norm__conference__strength_mean__z,within_season_normalization,0.0,646,565,0.5277486309334013,0.5178460298040328,1.0,1.0,0.07101059524112069,0.6218303693016393,False,False,False,,below_bounded_prescreen
diff__massey__system_wil,massey_consensus,0.29721362229102166,454,346,0.5464825776878188,0.5881567811385827,1.0,1.0,0.5212732654829353,0.6179134016352407,False,False,False,,below_bounded_prescreen
diff__compact__half_winpct_first,compact_performance,0.0,646,301,0.5033504633375563,0.5191033739492164,1.0,1.0,0.0815738254307471,0.6166437684126563,False,True,True,48.0,selected
diff__rating__elo_mov_log_preseason,dynamic_ratings,0.0,646,646,0.5138739436191767,0.5144212935221937,1.0,1.0,0.11791134863420899,0.6152580345415035,False,True,False,,correlation_pruned_or_cap
diff__schedule__top_quartile_games,schedule_and_accomplishment,0.0,646,39,0.5133793283243707,0.5099156380703105,1.0,1.0,0.07366658694537198,0.6147562950272957,False,True,False,,correlation_pruned_or_cap
diff__massey__systems,massey_consensus,0.0,646,9,0.5153347943044014,0.5102012102200445,1.0,1.0,0.10566961863528501,0.6140434509071783,False,False,False,,below_bounded_prescreen
diff__rating__elo_mov_538_preseason,dynamic_ratings,0.0,646,646,0.5114875622107307,0.5107509464135368,1.0,1.0,0.11871671403575773,0.612939049403428,False,True,False,,correlation_pruned_or_cap
diff__compact__home_margin_mean,compact_performance,0.0,646,637,0.5022306474353704,0.5071477046285539,1.0,1.0,0.08996692846463933,0.6103229635189018,False,True,True,49.0,selected
diff__compact__wins,compact_performance,0.0,646,30,0.5112865742593702,0.5009955194676078,1.0,1.0,0.08386858591790813,0.6096061522447968,False,True,True,50.0,selected
diff__compact__downside_tail_mean,compact_performance,0.0,646,630,-0.48947657484236234,0.513593635472303,1.0,1.0,0.1261982545857543,0.609161861308595,False,True,True,51.0,selected
diff__schedule__opponent_strength_median,schedule_and_accomplishment,0.0,646,643,0.5112723466422593,0.4964910240688868,1.0,1.0,0.07473250304004486,0.6078063076927609,False,True,False,,correlation_pruned_or_cap
diff__compact__margin_median,compact_performance,0.0,646,61,0.47404150783068144,0.5100201682748626,1.0,1.0,0.14183581720802646,0.6034253798063629,False,True,True,52.0,selected
diff__compact__blowout_win20_rate,compact_performance,0.0,646,540,0.48029213164007317,0.501021372031237,1.0,1.0,0.1308863519812143,0.6009190734565613,False,True,True,53.0,selected
diff__compact__blowout_win10_rate,compact_performance,0.0,646,531,0.4815443696591748,0.4988214648350022,1.0,1.0,0.15491136140776296,0.599177609989509,False,True,True,54.0,selected
diff__seed__top8,selection_committee_prior,0.0,646,3,0.48793731464291173,0.48304497795145734,1.0,1.0,0.03919739719610116,0.5976399027502961,False,False,False,,below_bounded_prescreen
diff__detailed__all__fourfactoredge_mean,detailed_efficiency,0.0,646,646,0.49288051354455936,0.4830961457354345,1.0,1.0,0.07398680438053751,0.5973603907575901,False,False,False,,below_bounded_prescreen
diff__detailed__clean__fourfactoredge_mean,detailed_efficiency,0.0,646,646,0.4930797556799918,0.4824644433403902,1.0,1.0,0.07453200780739633,0.5970791987406896,False,False,False,,below_bounded_prescreen
diff__detailed__home__net_rtg_mean,detailed_efficiency,0.0,646,646,0.49580357267174924,0.4826954751933854,1.0,1.0,0.09554831992264484,0.596948681283704,False,False,False,,below_bounded_prescreen
diff__compact__margin_q90,compact_performance,0.0,646,307,0.4783160844965035,0.49065438743427175,1.0,1.0,0.10643430720930985,0.5964862722693087,False,True,True,55.0,selected
diff__conference__strength_median,conference_context,0.0,646,565,0.4929343367498705,0.4824386071829986,1.0,1.0,0.09705868763954395,0.596133738027229,False,False,False,,below_bounded_prescreen
diff__prior__program_tournament_games,prior_program_history,0.0,646,147,0.4807630210240647,0.4828549853959627,1.0,1.0,0.07930979631868412,0.594365865762609,False,False,False,,below_bounded_prescreen
matchup__team2_seed,matchup_context,0.0,646,16,0.47093630224537275,0.4890229113753909,1.0,1.0,0.10746109097743006,0.5940385403150724,False,True,True,30.0,selected
diff__prior__program_appearances,prior_program_history,0.0,646,48,0.4737121847323171,0.4825713963762179,1.0,1.0,0.058303542635381844,0.5935188091962791,False,False,False,,below_bounded_prescreen
diff__detailed__all__netrtg_median,detailed_efficiency,0.0,646,646,0.4723941548827202,0.4866705613785651,1.0,1.0,0.10207650347486291,0.5934455233969151,False,False,False,,below_bounded_prescreen
diff__detailed__clean__netrtg_median,detailed_efficiency,0.0,646,646,0.4718457811814749,0.48636569822538156,1.0,1.0,0.09941213231121537,0.593285121715659,False,False,False,,below_bounded_prescreen
matchup__team1_is_seed_favorite,matchup_context,0.0,646,2,0.4738758555524282,0.4791533359481803,1.0,1.0,0.07705110876420918,0.5911642451260923,False,True,True,31.0,selected
diff__adj__off_rtg_a50p0,opponent_adjusted_efficiency,0.0,646,646,0.45381228722252054,0.48330009234479365,1.0,1.0,0.08155249843245893,0.5885606475771571,False,True,False,,correlation_pruned_or_cap
diff__schedule__owp,schedule_and_accomplishment,0.0,646,646,0.47421405318321824,0.4698611512191904,1.0,1.0,0.07049023698897838,0.5870408348059603,False,True,False,,correlation_pruned_or_cap
diff__prior__program_tournament_wins,prior_program_history,0.0,646,126,0.4686074898732281,0.47088537358314675,1.0,1.0,0.07424913048144721,0.5861486618727627,False,False,False,,below_bounded_prescreen
diff__schedule__bad_losses,schedule_and_accomplishment,0.0,646,13,-0.4844554049967841,0.4630447928507361,1.0,1.0,0.13565858992612023,0.583415346070601,False,True,False,,correlation_pruned_or_cap
diff__adj__def_rtg_a10p0,opponent_adjusted_efficiency,0.0,646,646,-0.46726560387172095,0.46161873951484833,1.0,1.0,0.08898768868125095,0.5808159202716559,False,True,True,37.0,selected
diff__compact__ewm_h10_margin,compact_performance,0.0,646,646,0.46207824194409636,0.46275280700189253,1.0,1.0,0.07735347633952017,0.5806844215350287,False,True,True,56.0,selected
diff__prior__program_win_pct_smoothed,prior_program_history,0.0,646,556,0.4506900579750218,0.4686789815692187,1.0,1.0,0.11244132187826855,0.579620071032599,False,False,False,,below_bounded_prescreen
diff__norm__compact__win_pct__z,within_season_normalization,0.0,646,601,0.47070817974971796,0.4657037274050091,1.0,1.0,0.18694157059316452,0.5796159258756157,False,False,False,,below_bounded_prescreen
diff__massey__system_mas,massey_consensus,0.39628482972136225,390,302,0.4454382450679316,0.5782138986818459,1.0,1.0,0.6100415434601332,0.5794346371661168,False,False,False,,below_bounded_prescreen
diff__compact__win_pct,compact_performance,0.0,646,536,0.4694116642317031,0.4657037296284104,1.0,1.0,0.1869415703940549,0.5793306935368494,False,True,True,57.0,selected
diff__schedule__wp,schedule_and_accomplishment,0.0,646,536,0.4694116642317031,0.4657037296284104,1.0,1.0,0.1869415703940549,0.5793306935368494,False,True,False,,correlation_pruned_or_cap
diff__detailed__clean__off_rtg_ros,detailed_efficiency,0.0,646,646,0.4424414489717975,0.46909400681618496,1.0,1.0,0.08282702330187375,0.5791891611134893,False,False,False,,below_bounded_prescreen
diff__detailed__all__off_rtg_ros,detailed_efficiency,0.0,646,646,0.44241624655061434,0.4691013133171361,1.0,1.0,0.0842686541444892,0.5791294584675809,False,False,False,,below_bounded_prescreen
diff__rating__elo_standard_preseason,dynamic_ratings,0.0,646,646,0.4848977982537261,0.45662975294667685,1.0,1.0,0.1819235435568322,0.5785828552879513,False,True,False,,correlation_pruned_or_cap
diff__schedule__elite_wins,schedule_and_accomplishment,0.0,646,20,0.4594032132998923,0.4562368821030777,1.0,1.0,0.09359425874864713,0.5763186399855077,False,True,False,,correlation_pruned_or_cap
diff__compact__margin_q75,compact_performance,0.0,646,128,0.4754784577260492,0.45120747036721,1.0,1.0,0.12876734357363406,0.5760341527330461,False,True,True,58.0,selected
diff__detailed__clean__offrtg_mean,detailed_efficiency,0.0,646,646,0.43666767993214717,0.4651199069482344,1.0,1.0,0.09334917794294295,0.5755904778025072,False,False,False,,below_bounded_prescreen
diff__detailed__clean__offrtg_trim02,detailed_efficiency,0.0,646,646,0.43666767993214717,0.4651199069482344,1.0,1.0,0.09334917794294295,0.5755904778025072,False,False,False,,below_bounded_prescreen
diff__detailed__all__offrtg_mean,detailed_efficiency,0.0,646,646,0.4365783456117785,0.4648787773515447,1.0,1.0,0.0951581513488412,0.575382723109379,False,False,False,,below_bounded_prescreen
diff__detailed__all__offrtg_trim02,detailed_efficiency,0.0,646,646,0.4365783456117785,0.4648787773515447,1.0,1.0,0.0951581513488412,0.575382723109379,False,False,False,,below_bounded_prescreen
diff__detailed__poss0p475__off_rtg_mean,detailed_efficiency,0.0,646,646,0.4365783456117785,0.4648787773515447,1.0,1.0,0.0951581513488412,0.575382723109379,False,False,False,,below_bounded_prescreen
diff__compact__margin_q10,compact_performance,0.0,646,262,0.45222352005073313,0.46107007597287775,1.0,1.0,0.1482514824061394,0.574872751581897,False,True,True,59.0,selected
diff__detailed__poss0p44__off_rtg_mean,detailed_efficiency,0.0,646,646,0.43423171873488037,0.4629927412020137,1.0,1.0,0.09893099795469329,0.5738102539804525,False,False,False,,below_bounded_prescreen
diff__compact__away_games,compact_performance,0.0,646,19,-0.45195028236018847,0.45320480153747406,1.0,1.0,0.08344917525607803,0.5736293998469859,False,True,True,60.0,selected
diff__detailed__away__games,detailed_efficiency,0.0,646,19,-0.45195028236018847,0.45320480153747406,1.0,1.0,0.08344917525607803,0.5736293998469859,False,False,False,,below_bounded_prescreen
diff__compact__margin_q25,compact_performance,0.0,646,123,0.45940899014814884,0.4549713117857366,1.0,1.0,0.153994602066175,0.5732964234070993,False,True,True,61.0,selected
diff__norm__compact__win_pct__pct,within_season_normalization,0.0,646,540,0.44369983822133074,0.45552641881236466,1.0,1.0,0.13625480029641646,0.5708164534267711,False,False,False,,below_bounded_prescreen
diff__detailed__ewm_h10__netrtg,detailed_efficiency,0.0,646,646,0.4497726361701007,0.4435624990413962,1.0,1.0,0.06757656845863602,0.5691569167589469,False,False,False,,below_bounded_prescreen
diff__compact__losses,compact_performance,0.0,646,27,-0.44640868193968153,0.45039547487483045,1.0,1.0,0.2067628977067657,0.5661292220583779,False,True,False,,correlation_pruned_or_cap
diff__compact__half_delta_marginmean,compact_performance,0.0,646,638,-0.42902757236513034,0.4487678979423625,1.0,1.0,0.09418322036716448,0.5660273281179761,False,True,True,62.0,selected
diff__detailed__ewm_h20__netrtg,detailed_efficiency,0.0,646,646,0.4495178964201406,0.4383010644402996,1.0,1.0,0.09042423693542784,0.5656614786663576,False,False,False,,below_bounded_prescreen
diff__coach__prior_tournament_games,prior_coach_history,0.0,646,143,0.4233138068256361,0.44900838177228103,1.0,1.0,0.08066659650843644,0.5654263968919974,False,False,False,,below_bounded_prescreen
diff__compact__ewm_h20_margin,compact_performance,0.0,646,646,0.4491421155890363,0.42877726734658184,1.0,1.0,0.10227945940739108,0.5605331753796515,False,True,True,63.0,selected
diff__compact__blowout_loss10_rate,compact_performance,0.0,646,432,-0.4239461733958352,0.43335510918680575,1.0,1.0,0.054508341153411854,0.559098276910614,False,True,True,64.0,selected
diff__compact__ewm_h20_win,compact_performance,0.0,646,646,0.41252808724174406,0.44302825726598855,1.0,1.0,0.12795486233431885,0.5582915481874854,False,True,True,65.0,selected
diff__coach__prior_tournament_wins,prior_coach_history,0.0,646,108,0.41259649444101226,0.43634836408304156,1.0,1.0,0.07206344462343828,0.5573359057519451,False,False,False,,below_bounded_prescreen
diff__compact__margin_slope,compact_performance,0.0,646,646,-0.44305081748399083,0.42298891663482546,1.0,1.0,0.1170333845516956,0.5558245244491263,False,True,True,66.0,selected
diff__coach__prior_tournament_appearances,prior_coach_history,0.0,646,47,0.420166805411783,0.4319033493459747,1.0,1.0,0.10888159760596994,0.5553950409724213,False,False,False,,below_bounded_prescreen
diff__detailed__ewm_h20__fourfactoredge,detailed_efficiency,0.0,646,646,0.425207653367851,0.4232894793838633,1.0,1.0,0.11328135678257434,0.5521933795738786,False,False,False,,below_bounded_prescreen
diff__detailed__ewm_h20__offrtg,detailed_efficiency,0.0,646,646,0.40306606799661976,0.42679297501776275,1.0,1.0,0.07737293049914207,0.5504402457478168,False,False,False,,below_bounded_prescreen
diff__detailed__all__offrtg_median,detailed_efficiency,0.0,646,646,0.4004081254675381,0.4207292454268977,1.0,1.0,0.2363533449362159,0.5405856916103207,False,False,False,,below_bounded_prescreen
diff__detailed__clean__offrtg_median,detailed_efficiency,0.0,646,646,0.4001509398334033,0.4182807858579537,1.0,1.0,0.23636383198731326,0.539353430695674,False,False,False,,below_bounded_prescreen
diff__compact__half_pointsformean_first,compact_performance,0.0,646,605,0.40339474940281206,0.4019644625621527,1.0,1.0,0.06806632102303051,0.5389671340575307,False,True,True,67.0,selected
diff__schedule__top_decile_games,schedule_and_accomplishment,0.0,646,29,0.38261750769621145,0.4080265521301762,1.0,1.0,0.06652790723698249,0.5373674804261718,False,True,False,,correlation_pruned_or_cap
diff__detailed__clean__fourfactorcomposite_mean,detailed_efficiency,0.0,646,646,0.3873641406008575,0.40476637983954045,1.0,1.0,0.08133406843343993,0.5362546105178305,False,False,False,,below_bounded_prescreen
diff__detailed__all__fourfactorcomposite_mean,detailed_efficiency,0.0,646,646,0.3860778548589746,0.403452534849848,1.0,1.0,0.0845155903708576,0.5352137211820672,False,False,False,,below_bounded_prescreen
diff__coach__prior_tournament_win_pct_smoothed,prior_coach_history,0.0,646,390,0.3804477685324711,0.4084619035453497,1.0,1.0,0.12565067829807297,0.5347341956469885,False,False,False,,below_bounded_prescreen
diff__prior__program_championships,prior_program_history,0.0,646,8,0.37160028189649774,0.4112451925782439,1.0,1.0,0.1145020514315997,0.5345696723975225,False,False,False,,below_bounded_prescreen
diff__detailed__ewm_h10__fourfactoredge,detailed_efficiency,0.0,646,646,0.3925362734829419,0.39810481318746754,1.0,1.0,0.07859032644148523,0.5343046774385722,False,False,False,,below_bounded_prescreen
diff__detailed__all__fourfactoredge_median,detailed_efficiency,0.0,646,646,0.41233908174764433,0.3937573913702733,1.0,1.0,0.14043498174026786,0.5341007465726022,False,False,False,,below_bounded_prescreen
diff__detailed__clean__fourfactoredge_median,detailed_efficiency,0.0,646,646,0.4134667159493313,0.3919042435861978,1.0,1.0,0.1420606320689634,0.5333942891474693,False,False,False,,below_bounded_prescreen
diff__massey__strength_std,massey_consensus,0.0,646,646,-0.3974966184947783,0.38560645361626633,1.0,1.0,0.08362058941035927,0.5291955302282446,False,False,False,,below_bounded_prescreen
diff__compact__home_games,compact_performance,0.0,646,19,0.3820540876134419,0.3875850062294565,1.0,1.0,0.1169901319820702,0.5254130969858135,False,False,False,,below_bounded_prescreen
diff__detailed__home__games,detailed_efficiency,0.0,646,19,0.3820540876134419,0.3875850062294565,1.0,1.0,0.1169901319820702,0.5254130969858135,False,False,False,,below_bounded_prescreen
diff__compact__blowout_loss20_rate,compact_performance,0.0,646,130,-0.37554259801506534,0.38937503820155406,1.0,1.0,0.10555226324158562,0.5252972993703969,False,False,False,,below_bounded_prescreen
diff__compact__away_margin_mean,compact_performance,0.0,646,622,0.3999671029122523,0.3796404230216639,1.0,1.0,0.15023523118498883,0.5242107564436946,False,False,False,,below_bounded_prescreen
diff__detailed__ewm_h10__offrtg,detailed_efficiency,0.0,646,646,0.3781526580820512,0.38846619570804986,1.0,1.0,0.15325975945568254,0.5235269683396879,False,False,False,,below_bounded_prescreen
diff__detailed__home__off_rtg_mean,detailed_efficiency,0.0,646,646,0.3610137769131113,0.38981651333437134,1.0,1.0,0.16957991732803346,0.5197517606282613,False,False,False,,below_bounded_prescreen
diff__detailed__away__net_rtg_mean,detailed_efficiency,0.0,646,646,0.3925845471961334,0.36937922957178954,1.0,1.0,0.15749597374648727,0.5173707916277488,False,False,False,,below_bounded_prescreen
diff__detailed__away__off_rtg_mean,detailed_efficiency,0.0,646,646,0.3604318262631597,0.3838280965602249,1.0,1.0,0.17687059930954863,0.5164576641544212,False,False,False,,below_bounded_prescreen
diff__adj__def_rtg_a50p0,opponent_adjusted_efficiency,0.0,646,646,-0.3677815139629399,0.3666682033329626,1.0,1.0,0.12743686370477625,0.5118151961234777,False,True,True,38.0,selected
diff__prior__program_final_appearances,prior_program_history,0.0,646,15,0.351742111987493,0.3743586040891299,1.0,1.0,0.16846987057606505,0.5103365997769882,False,False,False,,below_bounded_prescreen
diff__compact__half_delta_pointsformean,compact_performance,0.0,646,636,-0.3333544783863195,0.36888525240445413,1.0,1.0,0.061648656297826454,0.5079369601472151,False,False,False,,below_bounded_prescreen
diff__detailed__clean__oppfourfactorcomposite_mean,detailed_efficiency,0.0,646,646,-0.34879409028176295,0.3646858337616721,1.0,1.0,0.14344730429947783,0.5060460078956114,False,False,False,,below_bounded_prescreen
diff__detailed__all__oppfourfactorcomposite_mean,detailed_efficiency,0.0,646,646,-0.34906043757114963,0.36281179214702874,1.0,1.0,0.14147136097798813,0.5052841020571072,False,False,False,,below_bounded_prescreen
diff__coach__has_prior_tournament_history,prior_coach_history,0.0,646,3,0.3399241124363909,0.3627894712135844,1.0,1.0,0.10758350129685273,0.5046189108666523,False,False,False,,below_bounded_prescreen
diff__compact__rest_days_std,compact_performance,0.0,646,646,-0.3386919691267157,0.35794080815100426,1.0,1.0,0.12671056204727937,0.5012553986384682,False,False,False,,below_bounded_prescreen
diff__compact__home_win_pct,compact_performance,0.0,646,336,0.3435951902730921,0.34333298884355695,1.0,1.0,0.1266003253917028,0.4953267634893194,False,False,False,,below_bounded_prescreen
diff__detailed__all__assist_to_turnover_ros,detailed_efficiency,0.0,646,646,0.31832199626312885,0.3545199654991136,1.0,1.0,0.12911058966679584,0.49503599903079093,False,False,False,,below_bounded_prescreen
diff__detailed__clean__assist_to_turnover_ros,detailed_efficiency,0.0,646,646,0.3175825378166958,0.3543282328571288,1.0,1.0,0.12730338059143598,0.4948535748674375,False,False,False,,below_bounded_prescreen
diff__compact__ewm_h10_win,compact_performance,0.0,646,646,0.34920988057715807,0.34038235893936963,1.0,1.0,0.1783411349153003,0.4930760606212602,False,False,False,,below_bounded_prescreen
diff__compact__days_since_last_game,compact_performance,0.0,646,17,-0.31800890791018227,0.3435630371911663,1.0,1.0,0.06515526253677584,0.4922660070905289,False,False,False,,below_bounded_prescreen
diff__compact__last_game_day,compact_performance,0.0,646,17,0.31800890791018227,0.3435630371911663,1.0,1.0,0.06515526253677584,0.4922660070905289,False,False,False,,below_bounded_prescreen
diff__compact__away_win_pct,compact_performance,0.0,646,394,0.3447949605713831,0.3347221558110197,1.0,1.0,0.1326587236332757,0.49121517716966273,False,False,False,,below_bounded_prescreen
diff__detailed__clean__opptrueshootingpct_mean,detailed_efficiency,0.0,646,646,-0.31017911146901456,0.3492775915116459,1.0,1.0,0.14886459537022487,0.4899380646339642,False,False,False,,below_bounded_prescreen
diff__detailed__all__opptrueshootingpct_mean,detailed_efficiency,0.0,646,646,-0.30925555089894347,0.34753489478388155,1.0,1.0,0.14575531810713593,0.48902275796974526,False,False,False,,below_bounded_prescreen
diff__compact__win_slope,compact_performance,0.0,646,635,-0.3389512964011961,0.3274788025879276,1.0,1.0,0.08758745498652404,0.48825561225100744,False,False,False,,below_bounded_prescreen
diff__compact__ewm_h20_points_for,compact_performance,0.0,646,646,0.3350797668906532,0.31988384232556283,1.0,1.0,0.031209208568859725,0.48601342468945946,False,False,False,,below_bounded_prescreen
diff__detailed__clean__fourfactorcomposite_median,detailed_efficiency,0.0,646,646,0.3528396594885874,0.3189511196181195,1.0,1.0,0.2046942802247344,0.4825334912951972,False,False,False,,below_bounded_prescreen
diff__detailed__all__fourfactorcomposite_median,detailed_efficiency,0.0,646,646,0.3513380355073748,0.3176285406958911,1.0,1.0,0.20140933752320767,0.48169969384472183,False,False,False,,below_bounded_prescreen
diff__detailed__clean__def_rtg_ros,detailed_efficiency,0.0,646,646,-0.3313913993314615,0.3169997972567195,1.0,1.0,0.14344926057249668,0.479328040113247,False,False,False,,below_bounded_prescreen
diff__detailed__all__assistturnoverratio_mean,detailed_efficiency,0.0,646,646,0.3046720923243023,0.3261411396020302,1.0,1.0,0.12101625279900602,0.4787349572083608,False,False,False,,below_bounded_prescreen
diff__detailed__clean__assistturnoverratio_mean,detailed_efficiency,0.0,646,646,0.3040885045123608,0.3259613065773095,1.0,1.0,0.1207836794959179,0.4785295509699911,False,False,False,,below_bounded_prescreen
diff__conference__tourney_last_day,conference_context,0.018575851393188854,634,17,0.30937816236500915,0.32077192558867373,1.0,1.0,0.05942221675115211,0.47817076322136415,False,False,False,,below_bounded_prescreen
diff__detailed__all__def_rtg_ros,detailed_efficiency,0.0,646,646,-0.3319452050589112,0.31248506880273774,1.0,1.0,0.14224277686226855,0.47733106706378386,False,False,False,,below_bounded_prescreen
diff__detailed__clean__defrtg_mean,detailed_efficiency,0.0,646,646,-0.32470245392325375,0.3167151095243964,1.0,1.0,0.15565036723872025,0.4772317777452773,False,False,False,,below_bounded_prescreen
diff__detailed__clean__defrtg_trim02,detailed_efficiency,0.0,646,646,-0.32470245392325375,0.3167151095243964,1.0,1.0,0.15565036723872025,0.4772317777452773,False,False,False,,below_bounded_prescreen
diff__detailed__poss0p44__def_rtg_mean,detailed_efficiency,0.0,646,646,-0.32774105464786407,0.3141767602322498,1.0,1.0,0.15603510309757695,0.4766664728101069,False,False,False,,below_bounded_prescreen
diff__detailed__all__blockpct_median,detailed_efficiency,0.0,646,628,0.28996992707308783,0.3230413613299494,1.0,1.0,0.060482585762180796,0.4764339339639677,False,False,False,,below_bounded_prescreen
diff__detailed__clean__blockpct_median,detailed_efficiency,0.0,646,628,0.2900024237478429,0.32270444886290667,1.0,1.0,0.05991707470135621,0.47630198569066645,False,False,False,,below_bounded_prescreen
diff__compact__points_for_mean,compact_performance,0.0,646,641,0.32374210472470877,0.3156141193368922,1.0,1.0,0.1685933959552016,0.4759743044829361,False,False,False,,below_bounded_prescreen
diff__detailed__all__defrtg_mean,detailed_efficiency,0.0,646,646,-0.3252716268812489,0.3128500185124339,1.0,1.0,0.15438264802786916,0.4755524608787282,False,False,False,,below_bounded_prescreen
diff__detailed__all__defrtg_trim02,detailed_efficiency,0.0,646,646,-0.3252716268812489,0.3128500185124339,1.0,1.0,0.15438264802786916,0.4755524608787282,False,False,False,,below_bounded_prescreen
diff__detailed__poss0p475__def_rtg_mean,detailed_efficiency,0.0,646,646,-0.3252716268812489,0.3128500185124339,1.0,1.0,0.15438264802786916,0.4755524608787282,False,False,False,,below_bounded_prescreen
diff__detailed__all__orb_pct_ros,detailed_efficiency,0.0,646,646,0.27811523895617535,0.32621832629458936,1.0,1.0,0.09069200985817802,0.47414246879743427,False,False,False,,below_bounded_prescreen
diff__coach__prior_final_appearances,prior_coach_history,0.0,646,15,0.30863358410419983,0.31388497124024506,1.0,1.0,0.11616389277739353,0.4739176189871458,False,False,False,,below_bounded_prescreen
diff__detailed__clean__orb_pct_ros,detailed_efficiency,0.0,646,646,0.27896168212951483,0.3226731027042052,1.0,1.0,0.08865524421444027,0.47270844959793407,False,False,False,,below_bounded_prescreen
diff__detailed__clean__assistturnoverratio_median,detailed_efficiency,0.0,646,572,0.28713892962847815,0.3179435432838519,1.0,1.0,0.09175600977827064,0.47211322490338326,False,False,False,,below_bounded_prescreen
diff__detailed__all__blockpct_mean,detailed_efficiency,0.0,646,646,0.28629561814471133,0.31622856729268667,1.0,1.0,0.07031039874224232,0.47196233234263646,False,False,False,,below_bounded_prescreen
diff__detailed__clean__blockpct_mean,detailed_efficiency,0.0,646,646,0.28631231842366855,0.3160527063371228,1.0,1.0,0.07099892980444394,0.47185405190284824,False,False,False,,below_bounded_prescreen
diff__detailed__all__assistturnoverratio_median,detailed_efficiency,0.0,646,572,0.2876098912523317,0.3167940761652807,1.0,1.0,0.09230234900358814,0.4716432386747042,False,False,False,,below_bounded_prescreen
diff__detailed__clean__games,detailed_efficiency,0.0,646,14,0.29020915816217413,0.3220261487350653,1.0,1.0,0.1749881878422676,0.47141903867481894,False,False,False,,below_bounded_prescreen
diff__detailed__all__oppfourfactorcomposite_median,detailed_efficiency,0.0,646,646,-0.2949899598564848,0.31488013354608024,1.0,1.0,0.13657483943585264,0.47057726169311104,False,False,False,,below_bounded_prescreen
diff__detailed__clean__opptrueshootingpct_median,detailed_efficiency,0.0,646,646,-0.28929289775125,0.31445279220177036,1.0,1.0,0.11642861464283494,0.4699246331764113,False,False,False,,below_bounded_prescreen
diff__detailed__all__opptrueshootingpct_median,detailed_efficiency,0.0,646,646,-0.2892756493297704,0.31331580074113213,1.0,1.0,0.12574760059968262,0.46900232318430557,False,False,False,,below_bounded_prescreen
diff__detailed__all__orbpct_mean,detailed_efficiency,0.0,646,646,0.2706455466753009,0.3174782846671918,1.0,1.0,0.11210615184880243,0.46744735083486616,False,False,False,,below_bounded_prescreen
diff__detailed__all__orbpct_trim02,detailed_efficiency,0.0,646,646,0.2706455466753009,0.3174782846671918,1.0,1.0,0.11210615184880243,0.46744735083486616,False,False,False,,below_bounded_prescreen
diff__detailed__clean__orbpct_mean,detailed_efficiency,0.0,646,646,0.2712909837947164,0.31396773105833103,1.0,1.0,0.11054486860952684,0.46596673259845534,False,False,False,,below_bounded_prescreen
diff__detailed__clean__orbpct_trim02,detailed_efficiency,0.0,646,646,0.2712909837947164,0.31396773105833103,1.0,1.0,0.11054486860952684,0.46596673259845534,False,False,False,,below_bounded_prescreen
diff__compact__games,compact_performance,0.0,646,14,0.2786211968964666,0.31755182797526604,1.0,1.0,0.2023117390367356,0.4656290711838809,False,False,False,,below_bounded_prescreen
diff__detailed__all__games,detailed_efficiency,0.0,646,14,0.2786211968964666,0.31755182797526604,1.0,1.0,0.2023117390367356,0.4656290711838809,False,False,False,,below_bounded_prescreen
diff__quality__CompactGames,detailed_efficiency,0.0,646,14,0.2786211968964666,0.31755182797526604,1.0,1.0,0.2023117390367356,0.4656290711838809,False,False,False,,below_bounded_prescreen
diff__quality__DetailedGames,detailed_efficiency,0.0,646,14,0.2786211968964666,0.31755182797526604,1.0,1.0,0.2023117390367356,0.4656290711838809,False,False,False,,below_bounded_prescreen
diff__detailed__home__def_rtg_mean,detailed_efficiency,0.0,646,646,-0.29132886323699364,0.3016422482356703,1.0,1.0,0.12944131119441082,0.46370297661748394,False,False,False,,below_bounded_prescreen
diff__detailed__clean__oppfourfactorcomposite_median,detailed_efficiency,0.0,646,646,-0.2928358032743966,0.3012671216931176,1.0,1.0,0.14004709932723355,0.4634302111599743,False,False,False,,below_bounded_prescreen
diff__coach__prior_championships,prior_coach_history,0.0,646,9,0.2875238520510406,0.3035772453326534,1.0,1.0,0.14322871660841976,0.4632431765465658,False,False,False,,below_bounded_prescreen
diff__compact__half_delta_winpct,compact_performance,0.0,646,490,-0.2839234742112553,0.2925585207699538,1.0,1.0,0.018425901771563336,0.4621542182251914,False,False,False,,below_bounded_prescreen
diff__detailed__clean__fg_pct_ros,detailed_efficiency,0.0,646,646,0.2955694454369937,0.2935635396310957,1.0,1.0,0.11604006203734551,0.4612941745375707,False,False,False,,below_bounded_prescreen
diff__detailed__all__fg_pct_ros,detailed_efficiency,0.0,646,646,0.2948447223886454,0.2918977147807602,1.0,1.0,0.11332437733488299,0.4604437669268715,False,False,False,,below_bounded_prescreen
diff__norm__detailed__all__efg_ros__pct,within_season_normalization,0.0,646,554,0.2826362295283183,0.3026991868895172,1.0,1.0,0.18448358644249646,0.4600962367454984,False,False,False,,below_bounded_prescreen
diff__detailed__clean__defrtg_median,detailed_efficiency,0.0,646,646,-0.27871276158398833,0.2911785491234828,1.0,1.0,0.09602102635117918,0.457241670073702,False,False,False,,below_bounded_prescreen
diff__detailed__all__defrtg_median,detailed_efficiency,0.0,646,646,-0.281781963900617,0.29214470290912115,1.0,1.0,0.12475216017373975,0.4572314030475643,False,False,False,,below_bounded_prescreen
diff__detailed__all__efg_ros,detailed_efficiency,0.0,646,646,0.2630662061281334,0.30206662484110175,1.0,1.0,0.15774065981690488,0.456556918879242,False,False,False,,below_bounded_prescreen
diff__detailed__clean__efg_ros,detailed_efficiency,0.0,646,646,0.2639011310487837,0.30166187494140617,1.0,1.0,0.15936642068293366,0.45648129197529,False,False,False,,below_bounded_prescreen
diff__norm__detailed__all__efg_ros__z,within_season_normalization,0.0,646,646,0.26234554183902786,0.30206662762132125,1.0,1.0,0.15774065449636104,0.4563983742829659,False,False,False,,below_bounded_prescreen
diff__compact__ewm_h10_points_for,compact_performance,0.0,646,646,0.2731650962415099,0.29569309439055613,1.0,1.0,0.15751060848882062,0.4557285821410463,False,False,False,,below_bounded_prescreen
diff__detailed__clean__fgpct_mean,detailed_efficiency,0.0,646,646,0.2825815257066976,0.28791347115442967,1.0,1.0,0.11954298936187768,0.45558468223512455,False,False,False,,below_bounded_prescreen
diff__detailed__ewm_h20__tovpct,detailed_efficiency,0.0,646,646,-0.2457569101773585,0.3027057148028979,1.0,1.0,0.1026728146757887,0.4552583507573783,False,False,False,,below_bounded_prescreen
diff__detailed__all__fgpct_mean,detailed_efficiency,0.0,646,646,0.2817106147053485,0.2858893983115479,1.0,1.0,0.11804415171323421,0.4544814803561903,False,False,False,,below_bounded_prescreen
diff__detailed__all__orbpct_median,detailed_efficiency,0.0,646,627,0.2736837241611924,0.2827259881102466,1.0,1.0,0.11590954046339005,0.4512825119898451,False,False,False,,below_bounded_prescreen
diff__detailed__clean__orbpct_median,detailed_efficiency,0.0,646,625,0.27381231756290353,0.27892692160440247,1.0,1.0,0.11429930451279388,0.44955166005344016,False,False,False,,below_bounded_prescreen
diff__detailed__clean__efg_mean,detailed_efficiency,0.0,646,646,0.24878094836303843,0.2911376004003622,1.0,1.0,0.16033744129895947,0.44806435918008397,False,False,False,,below_bounded_prescreen
diff__detailed__clean__efg_trim02,detailed_efficiency,0.0,646,646,0.24878094836303843,0.2911376004003622,1.0,1.0,0.16033744129895947,0.44806435918008397,False,False,False,,below_bounded_prescreen
diff__detailed__all__efg_mean,detailed_efficiency,0.0,646,646,0.247859660236798,0.28960650089584794,1.0,1.0,0.15874670987512068,0.44719037728709776,False,False,False,,below_bounded_prescreen
diff__detailed__all__efg_trim02,detailed_efficiency,0.0,646,646,0.247859660236798,0.28960650089584794,1.0,1.0,0.15874670987512068,0.44719037728709776,False,False,False,,below_bounded_prescreen
diff__detailed__clean__fgpct_median,detailed_efficiency,0.0,646,639,0.26979291260850796,0.2746124867818942,1.0,1.0,0.11240723561113339,0.4466721450047356,False,False,False,,below_bounded_prescreen
diff__detailed__ewm_h10__orbpct,detailed_efficiency,0.0,646,646,0.23804935337601654,0.28573902345195235,1.0,1.0,0.0811048693328087,0.44628139422634844,False,False,False,,below_bounded_prescreen
diff__detailed__all__fgpct_median,detailed_efficiency,0.0,646,640,0.26988550763480534,0.2740281400879169,1.0,1.0,0.11664869460073343,0.4462423711378279,False,False,False,,below_bounded_prescreen
diff__detailed__clean__rebound_share_ros,detailed_efficiency,0.0,646,646,0.27614193830426453,0.2669421100622773,1.0,1.0,0.08134881954206535,0.44562948647514866,False,False,False,,below_bounded_prescreen
diff__detailed__all__rebound_share_ros,detailed_efficiency,0.0,646,646,0.27606560000650626,0.26658785607950786,1.0,1.0,0.08017240100343509,0.4454897068794577,False,False,False,,below_bounded_prescreen
diff__detailed__ewm_h20__orbpct,detailed_efficiency,0.0,646,646,0.25189202206482303,0.27037257628531597,1.0,1.0,0.12082157020751708,0.440362218662912,False,False,False,,below_bounded_prescreen
interaction__rebounding_matchup_edge,matchup_interactions,0.0,646,646,0.2609679609316386,0.2596337470254463,1.0,1.0,0.05189602634591842,0.43996130892333796,False,False,False,,below_bounded_prescreen
diff__detailed__clean__fg2pct_mean,detailed_efficiency,0.0,646,646,0.2597346340952879,0.26563367920047243,1.0,1.0,0.15978653937045584,0.4382543239423719,False,False,False,,below_bounded_prescreen
diff__detailed__clean__reboundshare_median,detailed_efficiency,0.0,646,642,0.25683470128734015,0.26058621204223564,1.0,1.0,0.10311679546769406,0.43746034424478025,False,False,False,,below_bounded_prescreen
diff__detailed__all__fg2pct_mean,detailed_efficiency,0.0,646,646,0.2592538297468114,0.26399687536591215,1.0,1.0,0.15834508117749402,0.43742053947283654,False,False,False,,below_bounded_prescreen
diff__context__d1_tenure,availability_and_context,0.0,646,21,0.2606360714963313,0.25757913199938226,1.0,1.0,0.09319493569814313,0.43725012166097066,False,False,False,,below_bounded_prescreen
diff__prior__program_has_tournament_history,prior_program_history,0.0,646,3,0.2630350335459373,0.26094648170767043,1.0,1.0,0.17567237920763523,0.43609512343148266,False,False,False,,below_bounded_prescreen
diff__detailed__all__reboundshare_median,detailed_efficiency,0.0,646,641,0.25559621047114384,0.256984495009141,1.0,1.0,0.09946859883888132,0.4356049799544841,False,False,False,,below_bounded_prescreen
diff__detailed__clean__reboundshare_mean,detailed_efficiency,0.0,646,646,0.2716774261513717,0.24495315672890183,1.0,1.0,0.08147600885053843,0.4340875086291531,False,False,False,,below_bounded_prescreen
diff__detailed__all__reboundshare_mean,detailed_efficiency,0.0,646,646,0.27149337343639557,0.24483523504790727,1.0,1.0,0.08006704547255553,0.43404677316010026,False,False,False,,below_bounded_prescreen
diff__detailed__ewm_h20__efg,detailed_efficiency,0.0,646,646,0.26571933513296486,0.2485783258375262,1.0,1.0,0.10215707923075956,0.4336895669620345,False,False,False,,below_bounded_prescreen
diff__compact__half_pointsagainstmean_first,compact_performance,0.0,646,606,-0.2798232283173522,0.2426777508852408,1.0,1.0,0.14609745524561735,0.43220253244490836,False,False,False,,below_bounded_prescreen
diff__compact__half_delta_pointsagainstmean,compact_performance,0.0,646,640,0.2589610064485788,0.24831787176316927,1.0,1.0,0.11347358995631596,0.4316250562667559,False,False,False,,below_bounded_prescreen
diff__detailed__all__fg2pct_median,detailed_efficiency,0.0,646,601,0.2362484959316369,0.25669175922575194,1.0,1.0,0.09264278919676769,0.43148100196545036,False,False,False,,below_bounded_prescreen
diff__detailed__clean__fg2pct_median,detailed_efficiency,0.0,646,599,0.2358012174229362,0.2566983073671027,1.0,1.0,0.09587242114547967,0.43125655852343603,False,False,False,,below_bounded_prescreen
diff__compact__last20_margin_mean,compact_performance,0.0,646,346,0.26138445149014466,0.2523534514797485,1.0,1.0,0.19504452384717444,0.4308324550842242,False,False,False,,below_bounded_prescreen
diff__prior__program_years_since_appearance,prior_program_history,0.06191950464396285,606,35,-0.24938874740034095,0.25912218631504474,1.0,1.0,0.10389688840737413,0.4301347379514845,False,False,False,,below_bounded_prescreen
diff__rating__elo_standard_delta,dynamic_ratings,0.0,646,646,0.2556080717645417,0.24442275599789418,1.0,1.0,0.15010782599358213,0.4275523856274451,False,True,False,,correlation_pruned_or_cap
diff__detailed__all__oppfg2pct_mean,detailed_efficiency,0.0,646,646,-0.2660632507865509,0.3041764050391091,0.8,1.0,0.13982090269845607,0.4269457534838753,False,False,False,,below_bounded_prescreen
diff__detailed__ewm_h20__defrtg,detailed_efficiency,0.0,646,646,-0.24726774118184938,0.2464540646023608,1.0,1.0,0.15822112962726192,0.4263680088840496,False,False,False,,below_bounded_prescreen
diff__detailed__clean__oppfg2pct_mean,detailed_efficiency,0.0,646,646,-0.2666639773515945,0.30220047911135717,0.8,1.0,0.14337181998924764,0.4259874321912323,False,False,False,,below_bounded_prescreen
diff__detailed__clean__true_shooting_ros,detailed_efficiency,0.0,646,646,0.23512440467145357,0.2511620592164696,1.0,1.0,0.1727326568810163,0.42537585117638455,False,False,False,,below_bounded_prescreen
diff__detailed__all__tov_pct_ros,detailed_efficiency,0.0,646,646,-0.2617185307746111,0.23791227923725652,1.0,1.0,0.16317075258760905,0.42524914070079317,False,False,False,,below_bounded_prescreen
diff__detailed__clean__tov_pct_ros,detailed_efficiency,0.0,646,646,-0.2614697606812829,0.23746816436418344,1.0,1.0,0.16018342618254303,0.42510072919738856,False,False,False,,below_bounded_prescreen
diff__massey__rank_improvement_mean,massey_consensus,0.0,646,644,-0.2468928525772601,0.23947011342784183,1.0,1.0,0.11791630831433075,0.42454542967978803,False,False,False,,below_bounded_prescreen
diff__compact__home_margin_std,compact_performance,0.0,646,646,0.22713605533170736,0.2462671868138977,1.0,1.0,0.10841176112656933,0.42384171139858373,False,False,False,,below_bounded_prescreen
diff__detailed__clean__trueshootingpct_mean,detailed_efficiency,0.0,646,646,0.22919935462388505,0.24944989238341275,1.0,1.0,0.16107596285498618,0.42371676784709333,False,False,False,,below_bounded_prescreen
diff__detailed__last20__net_rtg_mean,detailed_efficiency,0.0,646,646,0.25187291393285605,0.23953424347958668,1.0,1.0,0.17370902993132747,0.4234401167381768,False,False,False,,below_bounded_prescreen
diff__detailed__ewm_h10__tovpct,detailed_efficiency,0.0,646,646,-0.23871615109937022,0.24347682356648176,1.0,1.0,0.16075285675123244,0.42295631428372343,False,False,False,,below_bounded_prescreen
diff__detailed__all__true_shooting_ros,detailed_efficiency,0.0,646,646,0.23465504284672348,0.2458587721138547,1.0,1.0,0.1742131721471504,0.42266779315504344,False,False,False,,below_bounded_prescreen
diff__detailed__all__tovpct_mean,detailed_efficiency,0.0,646,646,-0.2577173477594726,0.2333130914030438,1.0,1.0,0.16420697616127997,0.42211982133409376,False,False,False,,below_bounded_prescreen
diff__detailed__all__tovpct_trim02,detailed_efficiency,0.0,646,646,-0.2577173477594726,0.2333130914030438,1.0,1.0,0.16420697616127997,0.42211982133409376,False,False,False,,below_bounded_prescreen
diff__detailed__clean__tovpct_mean,detailed_efficiency,0.0,646,646,-0.25736958624133194,0.2324048036403321,1.0,1.0,0.16236479533428783,0.42168102290708087,False,False,False,,below_bounded_prescreen
diff__detailed__clean__tovpct_trim02,detailed_efficiency,0.0,646,646,-0.25736958624133194,0.2324048036403321,1.0,1.0,0.16236479533428783,0.42168102290708087,False,False,False,,below_bounded_prescreen
diff__detailed__clean__opp_efg_ros,detailed_efficiency,0.0,646,646,-0.2722637209657775,0.292242373271187,0.8,1.0,0.178703068270941,0.42102623505180314,False,False,False,,below_bounded_prescreen
diff__detailed__all__trueshootingpct_mean,detailed_efficiency,0.0,646,646,0.22858469584291066,0.24425313090321724,1.0,1.0,0.16485084727346333,0.42093610202804604,False,False,False,,below_bounded_prescreen
diff__detailed__all__opp_efg_ros,detailed_efficiency,0.0,646,646,-0.27103910306658024,0.29078573812332953,0.8,1.0,0.17460550810197983,0.4202215366497666,False,False,False,,below_bounded_prescreen
diff__detailed__clean__oppefg_mean,detailed_efficiency,0.0,646,646,-0.2703697343747262,0.2923473377161351,0.8,1.0,0.1897983593955968,0.42021612929036073,False,False,False,,below_bounded_prescreen
diff__detailed__all__oppefg_mean,detailed_efficiency,0.0,646,646,-0.26921311371352274,0.29183597918003695,0.8,1.0,0.186602498196907,0.4198440550955164,False,False,False,,below_bounded_prescreen
diff__conference__team_count,conference_context,0.0,646,17,0.23841264415483793,0.22873618341376184,1.0,1.0,0.06037519087252741,0.4198291421177689,False,False,False,,below_bounded_prescreen
diff__detailed__clean__foul_rate_ros,detailed_efficiency,0.0,646,646,-0.2598057000866532,0.23007996597934563,1.0,1.0,0.2099767808741611,0.4191965664541832,False,False,False,,below_bounded_prescreen
diff__detailed__all__foul_rate_ros,detailed_efficiency,0.0,646,646,-0.2590384330212827,0.22945667778043308,1.0,1.0,0.20715242532214798,0.4188415635864042,False,False,False,,below_bounded_prescreen
diff__detailed__clean__efg_median,detailed_efficiency,0.0,646,635,0.24189977269359297,0.23813741726733412,1.0,1.0,0.21872422086901297,0.41877494144615035,False,False,False,,below_bounded_prescreen
diff__detailed__clean__oppfgpct_mean,detailed_efficiency,0.0,646,646,-0.25237644455579894,0.2944444229256979,0.8,1.0,0.15249163881255973,0.4187564752541083,False,False,False,,below_bounded_prescreen
diff__detailed__clean__foulrate_mean,detailed_efficiency,0.0,646,646,-0.2576873786881903,0.23084729225827244,1.0,1.0,0.22098525471401712,0.418658513406812,False,False,False,,below_bounded_prescreen
diff__detailed__all__foulrate_mean,detailed_efficiency,0.0,646,646,-0.25690027242869345,0.23010811655843025,1.0,1.0,0.21848878861946158,0.41823040433758063,False,False,False,,below_bounded_prescreen
diff__detailed__all__oppfgpct_mean,detailed_efficiency,0.0,646,646,-0.25177621527309185,0.29383096804819886,0.8,1.0,0.15580671921153516,0.4181973632547543,False,False,False,,below_bounded_prescreen
diff__massey__rank_improvement_median,massey_consensus,0.0,646,140,-0.2352604400514192,0.2292287473186289,1.0,1.0,0.09472572579641486,0.4179980664923975,False,False,False,,below_bounded_prescreen
diff__detailed__all__efg_median,detailed_efficiency,0.0,646,635,0.24227679335924163,0.23575495231395155,1.0,1.0,0.22107785175425052,0.41762015757955984,False,False,False,,below_bounded_prescreen
diff__rating__elo_mov_538_delta,dynamic_ratings,0.0,646,646,0.22775886471269008,0.22253854592445974,1.0,1.0,0.13369602137788122,0.4115776114254172,False,True,False,,correlation_pruned_or_cap
diff__detailed__clean__oppftrate_median,detailed_efficiency,0.0,646,646,-0.23664141242817344,0.21840722297982448,1.0,1.0,0.14384332818463907,0.41114284463712836,False,False,False,,below_bounded_prescreen
diff__rating__elo_mov_log_delta,dynamic_ratings,0.0,646,646,0.22754373254816052,0.2217439258385349,1.0,1.0,0.13762870414753503,0.4109915573971906,False,True,False,,correlation_pruned_or_cap
diff__detailed__all__oppftrate_mean,detailed_efficiency,0.0,646,646,-0.23321730454279216,0.2225265786028819,1.0,1.0,0.17871532622766323,0.410971951679691,False,False,False,,below_bounded_prescreen
diff__detailed__clean__tovpct_median,detailed_efficiency,0.0,646,646,-0.2399090222305841,0.21394879399699823,1.0,1.0,0.11613114214342404,0.4108301603235507,False,False,False,,below_bounded_prescreen
diff__detailed__clean__oppftrate_mean,detailed_efficiency,0.0,646,646,-0.23373003302912043,0.22207477271683168,1.0,1.0,0.18069483765823652,0.41078870466415623,False,False,False,,below_bounded_prescreen
diff__compact__last20_margin_median,compact_performance,0.0,646,62,0.22887876681353936,0.22165358551265973,1.0,1.0,0.15326384776957103,0.41061649583427245,False,False,False,,below_bounded_prescreen
diff__detailed__all__oppftrate_median,detailed_efficiency,0.0,646,646,-0.23514732229315605,0.21812106601617404,1.0,1.0,0.14651809540331198,0.4105697987761254,False,False,False,,below_bounded_prescreen
diff__detailed__clean__oppftmaderate_mean,detailed_efficiency,0.0,646,646,-0.2301817793835108,0.22178370079624524,1.0,1.0,0.18075259313683273,0.4098660641210968,False,False,False,,below_bounded_prescreen
diff__detailed__all__oppftmaderate_mean,detailed_efficiency,0.0,646,646,-0.2297526138118658,0.22094655916484285,1.0,1.0,0.17919913986907826,0.40943195784297187,False,False,False,,below_bounded_prescreen
diff__detailed__all__opp_ft_rate_ros,detailed_efficiency,0.0,646,646,-0.2352914725181001,0.21784504814156755,1.0,1.0,0.1733954281734005,0.40939392993499846,False,False,False,,below_bounded_prescreen
diff__detailed__all__tovpct_median,detailed_efficiency,0.0,646,646,-0.23997955012094876,0.2104350730486348,1.0,1.0,0.11784623088853663,0.4090904868544119,False,False,False,,below_bounded_prescreen
diff__detailed__clean__opp_ft_rate_ros,detailed_efficiency,0.0,646,646,-0.2356368123985064,0.2170708322580686,1.0,1.0,0.17513677308083936,0.4090286272883108,False,False,False,,below_bounded_prescreen
diff__detailed__clean__opp_ftmade_rate_ros,detailed_efficiency,0.0,646,646,-0.23281315235735495,0.21501402156295824,1.0,1.0,0.1740673578150449,0.4074629295562363,False,False,False,,below_bounded_prescreen
diff__detailed__all__opp_ftmade_rate_ros,detailed_efficiency,0.0,646,646,-0.23250692517272908,0.21206449906859443,1.0,1.0,0.17412024268618922,0.4059776733834782,False,False,False,,below_bounded_prescreen
diff__compact__close5_games,compact_performance,0.0,646,23,-0.22792344462700742,0.27271527715072524,0.8,1.0,0.13584031628911883,0.403612878198725,False,False,False,,below_bounded_prescreen
diff__detailed__all__oppftmaderate_median,detailed_efficiency,0.0,646,640,-0.22629923123460735,0.19838270887614665,1.0,1.0,0.09430824962450454,0.4012372011471838,False,False,False,,below_bounded_prescreen
diff__compact__day120plus_games,compact_performance,0.0,646,9,0.1964760278392625,0.21089830207519597,1.0,1.0,0.08401876485301651,0.4010951605266111,False,False,False,,below_bounded_prescreen
diff__detailed__clean__oppftmaderate_median,detailed_efficiency,0.0,646,640,-0.2246335982876462,0.19467846240606895,1.0,1.0,0.09399962175832022,0.39910506870786244,False,False,False,,below_bounded_prescreen
diff__detailed__clean__oppfg2pct_median,detailed_efficiency,0.0,646,633,-0.2360756202446379,0.2509451142158079,0.8,1.0,0.1094571764633166,0.39601200421887545,False,False,False,,below_bounded_prescreen
diff__detailed__all__oppfg2pct_median,detailed_efficiency,0.0,646,634,-0.2330415969492812,0.2514200785890416,0.8,1.0,0.10752457513279182,0.3956498060462701,False,False,False,,below_bounded_prescreen
diff__detailed__clean__foulrate_median,detailed_efficiency,0.0,646,646,-0.2067593221730116,0.19604329405641002,1.0,1.0,0.16074226392368363,0.393158141468192,False,False,False,,below_bounded_prescreen
diff__detailed__all__foulrate_median,detailed_efficiency,0.0,646,646,-0.2048804258500631,0.19461159094726777,1.0,1.0,0.14624344333282277,0.3926375196083895,False,False,False,,below_bounded_prescreen
diff__detailed__all__ftrate_std,detailed_efficiency,0.0,646,646,-0.1800684430432257,0.20819803936987408,1.0,1.0,0.17367899222536898,0.3926029566780344,False,False,False,,below_bounded_prescreen
diff__seed__playin,selection_committee_prior,0.0,646,3,-0.17125789045099743,0.20533353485959477,1.0,1.0,0.10166002113026446,0.39217043178661437,False,False,False,,below_bounded_prescreen
diff__compact__overtime_rate,compact_performance,0.0,646,282,-0.1673546279638551,0.2153565307743247,1.0,1.0,0.20347213823010582,0.3920502673945197,False,False,False,,below_bounded_prescreen
interaction__free_throw_pressure_edge,matchup_interactions,0.0,646,646,-0.2018959744906431,0.18832106462459755,1.0,1.0,0.13401848851609335,0.3894504858671045,False,False,False,,below_bounded_prescreen
diff__detailed__all__oppefg_median,detailed_efficiency,0.0,646,643,-0.22862864454336196,0.24516046576398376,0.8,1.0,0.16508335276667077,0.38937199125558497,False,False,False,,below_bounded_prescreen
diff__detailed__clean__oppefg_median,detailed_efficiency,0.0,646,644,-0.2285514573367987,0.24553566347743241,0.8,1.0,0.1746289128982922,0.3891532825673316,False,False,False,,below_bounded_prescreen
diff__detailed__last20__off_rtg_mean,detailed_efficiency,0.0,646,646,0.2585032230311048,0.23393394297187847,0.8,1.0,0.20305939049101815,0.389036626073704,False,False,False,,below_bounded_prescreen
diff__detailed__ewm_h10__efg,detailed_efficiency,0.0,646,646,0.20005976000599537,0.1906422292306768,1.0,1.0,0.1650629026792001,0.3889189011248758,False,False,False,,below_bounded_prescreen
diff__detailed__clean__trueshootingpct_median,detailed_efficiency,0.0,646,646,0.20848767494878012,0.1873689911151234,1.0,1.0,0.18336084869115093,0.38846997027634483,False,False,False,,below_bounded_prescreen
diff__detailed__all__trueshootingpct_median,detailed_efficiency,0.0,646,646,0.20877600786970507,0.18666736053891425,1.0,1.0,0.18584036053271316,0.3880974403687054,False,False,False,,below_bounded_prescreen
diff__detailed__clean__oppfgpct_median,detailed_efficiency,0.0,646,641,-0.20239791562646467,0.2500069723467729,0.8,1.0,0.11905379202461672,0.3877687364832885,False,False,False,,below_bounded_prescreen
diff__detailed__clean__ftrate_std,detailed_efficiency,0.0,646,646,-0.17848193903435725,0.19801757860929792,1.0,1.0,0.17992707531960025,0.3871173813072376,False,False,False,,below_bounded_prescreen
diff__detailed__ewm_h5__orbpct,detailed_efficiency,0.0,646,646,0.16946947858702158,0.1938297423246891,1.0,1.0,0.09571232300704416,0.3864930686847138,False,False,False,,below_bounded_prescreen
diff__compact__pythag_residual_exp13p91,compact_performance,0.0,646,646,-0.2120595342626257,0.1786085679161203,1.0,1.0,0.15910249552815814,0.386021110316389,False,False,False,,below_bounded_prescreen
diff__compact__half_marginmean_second,compact_performance,0.0,646,600,0.19296095937748195,0.18774085821654415,1.0,1.0,0.1726561528062872,0.3856607768947357,False,False,False,,below_bounded_prescreen
diff__compact__ewm_h5_margin,compact_performance,0.0,646,646,0.2089562456948976,0.17809304889924987,1.0,1.0,0.16509741468226047,0.38485114093722694,False,False,False,,below_bounded_prescreen
diff__detailed__last20__four_factor_edge_mean,detailed_efficiency,0.0,646,646,0.20306258169179317,0.1764460015114846,1.0,1.0,0.11427465946774201,0.38479686231899746,False,False,False,,below_bounded_prescreen
diff__detailed__ewm_h5__netrtg,detailed_efficiency,0.0,646,646,0.19693429425381198,0.18247600945096212,1.0,1.0,0.15355332056230067,0.3847718964498084,False,False,False,,below_bounded_prescreen
diff__detailed__all__oppfgpct_median,detailed_efficiency,0.0,646,641,-0.20460665077774284,0.242923018117509,0.8,1.0,0.12115095425108088,0.38477047369746453,False,False,False,,below_bounded_prescreen
diff__compact__last20_win_pct,compact_performance,0.0,646,19,0.19562523052525285,0.1745242894653493,1.0,1.0,0.08680078830872634,0.38333717812657425,False,False,False,,below_bounded_prescreen
diff__coach__years_since_tournament_appearance,prior_coach_history,0.2755417956656347,468,24,-0.20254057631467137,0.21824388431026115,1.0,1.0,0.126677863520256,0.3822055330640921,False,False,False,,below_bounded_prescreen
diff__compact__pythag_residual_exp11p5,compact_performance,0.0,646,646,-0.20117287233001072,0.17387244686573533,1.0,1.0,0.1726556478537539,0.3808105804940052,False,False,False,,below_bounded_prescreen
diff__detailed__last5__ft_rate_mean,detailed_efficiency,0.0,646,646,-0.16080963118456193,0.18198204222251374,1.0,1.0,0.14113027564496955,0.3770842881016114,False,False,False,,below_bounded_prescreen
diff__detailed__last10__ft_rate_mean,detailed_efficiency,0.0,646,646,-0.15531530374722774,0.17742338823537168,1.0,1.0,0.12662401367182968,0.3742676326304954,False,False,False,,below_bounded_prescreen
diff__detailed__last10__orb_pct_mean,detailed_efficiency,0.0,646,646,0.1475828670668921,0.170473861788093,1.0,1.0,0.06520598516296627,0.3716874450064822,False,False,False,,below_bounded_prescreen
diff__conference__strength_std,conference_context,0.0,646,565,0.18551596597355363,0.22762809619017454,0.8,1.0,0.20857862586080783,0.3697318536510333,False,False,False,,below_bounded_prescreen
diff__compact__day110plus_games,compact_performance,0.0,646,10,0.18763148315133635,0.21536645923889725,0.8,1.0,0.12357102216423588,0.36771198584139525,False,False,False,,below_bounded_prescreen
diff__compact__neutral_games,compact_performance,0.03560371517027864,623,15,0.22762060265103168,0.20450616582901088,0.8,1.0,0.18809908019114738,0.365867231759884,False,False,False,,below_bounded_prescreen
diff__detailed__neutral__games,detailed_efficiency,0.03560371517027864,623,15,0.22762060265103168,0.20450616582901088,0.8,1.0,0.18809908019114738,0.365867231759884,False,False,False,,below_bounded_prescreen
diff__compact__day90plus_games,compact_performance,0.0,646,10,0.17657744338502684,0.2146854493515677,0.8,1.0,0.13582747696762726,0.3644629541547533,False,False,False,,below_bounded_prescreen
diff__detailed__ewm_h5__offrtg,detailed_efficiency,0.0,646,646,0.22097533437936343,0.19325184095257075,0.8,1.0,0.24055251937375033,0.35975335644574385,False,False,False,,below_bounded_prescreen
diff__coach__seasons_with_program_through_current,prior_coach_history,0.0,646,49,0.17567372368307294,0.20832253505538217,0.8,1.0,0.17996537574252136,0.35944442100715857,False,False,False,,below_bounded_prescreen
diff__detailed__ewm_h5__fourfactoredge,detailed_efficiency,0.0,646,646,0.14512751138322258,0.14607602602599393,1.0,1.0,0.07637079184562451,0.3589897133229611,False,False,False,,below_bounded_prescreen
diff__detailed__ewm_h10__oppefg,detailed_efficiency,0.0,646,646,-0.17382093739616808,0.19952227265947275,0.8,1.0,0.0974605053490285,0.3581128768897428,False,False,False,,below_bounded_prescreen
diff__detailed__last20__orb_pct_mean,detailed_efficiency,0.0,646,646,0.19804617000357155,0.19073623296798004,0.8,1.0,0.148238275481315,0.35719401820616353,False,False,False,,below_bounded_prescreen
diff__detailed__ewm_h20__oppefg,detailed_efficiency,0.0,646,646,-0.18265400812799565,0.18921235744561038,0.8,1.0,0.10542699511762166,0.3547887335573472,False,False,False,,below_bounded_prescreen
diff__compact__close3_games,compact_performance,0.0,646,19,-0.1762377213172495,0.19204907388274717,0.8,1.0,0.13114704272601035,0.3537099724444731,False,False,False,,below_bounded_prescreen
diff__compact__overtime_periods_mean,compact_performance,0.0,646,318,-0.14284740746594476,0.14707324738457708,1.0,1.0,0.21930639902204843,0.3532493324262229,False,False,False,,below_bounded_prescreen
diff__detailed__last20__tov_pct_mean,detailed_efficiency,0.0,646,646,-0.19680024888564818,0.17451798137155283,0.8,1.0,0.17860118454466892,0.3479206384314012,False,False,False,,below_bounded_prescreen
diff__detailed__last10__tov_pct_mean,detailed_efficiency,0.0,646,646,-0.1475461080598678,0.12614999414964062,1.0,1.0,0.14927750163283457,0.34704104089968507,False,False,False,,below_bounded_prescreen
diff__detailed__ewm_h5__ftrate,detailed_efficiency,0.0,646,646,-0.1533533733063247,0.1868981678894261,0.8,1.0,0.1235889788532566,0.3465053035601857,False,False,False,,below_bounded_prescreen
diff__compact__points_against_mean,compact_performance,0.0,646,637,-0.1641753130161195,0.11804546665838599,1.0,1.0,0.15824260593724543,0.3464506886220817,False,False,False,,below_bounded_prescreen
diff__detailed__ewm_h10__defrtg,detailed_efficiency,0.0,646,646,-0.1834439391029047,0.16540177063913186,0.8,1.0,0.09478400372812149,0.3439591563602975,False,False,False,,below_bounded_prescreen
diff__detailed__all__oppstealpct_mean,detailed_efficiency,0.0,646,646,-0.1399181825315306,0.1190218345806162,1.0,1.0,0.11848401719082444,0.34317312006799955,False,False,False,,below_bounded_prescreen
diff__detailed__clean__oppstealpct_mean,detailed_efficiency,0.0,646,646,-0.13928702455906788,0.11758616579893721,1.0,1.0,0.1201488019840916,0.3422785529071211,False,False,False,,below_bounded_prescreen
diff__compact__away_margin_std,compact_performance,0.0,646,646,-0.17552570716466875,0.17862885758599695,0.8,1.0,0.2708854796601673,0.341522088031099,False,False,False,,below_bounded_prescreen
diff__detailed__away__def_rtg_mean,detailed_efficiency,0.0,646,646,-0.19172904289171974,0.16449294514254886,0.8,1.0,0.2145185127332495,0.34055626259527183,False,False,False,,below_bounded_prescreen
diff__compact__half_winpct_second,compact_performance,0.0,646,312,0.14153262470914016,0.11052923582372723,1.0,1.0,0.14734903679448136,0.33829724915962067,False,False,False,,below_bounded_prescreen
diff__detailed__ewm_h5__tovpct,detailed_efficiency,0.0,646,646,-0.1781647069933301,0.1519761851073605,0.8,1.0,0.11575204325702665,0.3355147226597846,False,False,False,,below_bounded_prescreen
diff__detailed__last20__opp_efg_mean,detailed_efficiency,0.0,646,646,-0.11928509909464839,0.1838875860330198,0.8,1.0,0.18335521946069872,0.3351745543182442,False,False,False,,below_bounded_prescreen
diff__detailed__all__tovpct_std,detailed_efficiency,0.0,646,646,-0.1469132188635082,0.15593671070461032,0.8,1.0,0.11261412910284362,0.330665964124071,False,False,False,,below_bounded_prescreen
diff__compact__last5_margin_std,compact_performance,0.0,646,645,0.10451848318065299,0.1098011182243044,1.0,1.0,0.12867038587878782,0.33055178761225823,False,False,False,,below_bounded_prescreen
diff__detailed__last20__ft_rate_mean,detailed_efficiency,0.0,646,646,-0.11838812869245854,0.1685153959603275,0.8,1.0,0.12980913546772938,0.3297404129545889,False,False,False,,below_bounded_prescreen
diff__detailed__clean__tovpct_std,detailed_efficiency,0.0,646,646,-0.145953284929392,0.15350237819738907,0.8,1.0,0.11141147060252132,0.32933440539511216,False,False,False,,below_bounded_prescreen
diff__compact__pythag_residual_exp10p0,compact_performance,0.0,646,646,-0.1710221843151172,0.13349167666325443,0.8,1.0,0.18679443075260005,0.32222910811758393,False,False,False,,below_bounded_prescreen
diff__detailed__all__oppstealpct_median,detailed_efficiency,0.0,646,646,-0.1247803357601818,0.14343545667260174,0.8,1.0,0.06520951563532443,0.32169231244467583,False,False,False,,below_bounded_prescreen
diff__schedule__opponent_strength_std,schedule_and_accomplishment,0.0,646,646,0.14106444882852529,0.14368612083328813,0.8,1.0,0.21227245922376686,0.3195126183733032,False,True,False,,correlation_pruned_or_cap
diff__detailed__clean__oppfg3pct_mean,detailed_efficiency,0.0,646,646,-0.127924898976412,0.1355432632123784,0.8,1.0,0.05278237974193399,0.31909294892707496,False,False,False,,below_bounded_prescreen
diff__detailed__all__oppfg3pct_mean,detailed_efficiency,0.0,646,646,-0.1266491777770088,0.13554196678482613,0.8,1.0,0.057865837080484414,0.3186083296844391,False,False,False,,below_bounded_prescreen
absdiff__schedule__top_quartile_games,schedule_and_accomplishment,0.0,646,22,-0.0865988556917879,0.1612666513829472,0.8,1.0,0.16570912942521812,0.31783137573899933,False,True,False,,correlation_pruned_or_cap
diff__detailed__clean__oppstealpct_median,detailed_efficiency,0.0,646,646,-0.12084796525019423,0.13431391872822285,0.8,1.0,0.07118823355725987,0.3162097040022993,False,False,False,,below_bounded_prescreen
diff__detailed__last5__orb_pct_mean,detailed_efficiency,0.0,646,646,0.09459237907427234,0.07948223032995341,1.0,1.0,0.08773514211540916,0.3154523882701012,False,False,False,,below_bounded_prescreen
diff__compact__last20_points_for_mean,compact_performance,0.0,646,386,0.17635856927863322,0.17600105923714995,0.6,1.0,0.1577342034799551,0.3129700255359331,False,False,False,,below_bounded_prescreen
diff__detailed__last5__tov_pct_mean,detailed_efficiency,0.0,646,646,-0.10696325427599927,0.13207518774565546,0.8,1.0,0.0829466132812561,0.3116101415273842,False,False,False,,below_bounded_prescreen
diff__detailed__neutral__off_rtg_mean,detailed_efficiency,0.03560371517027864,623,623,0.12600034812541153,0.1280853598248115,0.8,1.0,0.07105473100600661,0.3115105628496375,False,False,False,,below_bounded_prescreen
interaction__turnover_pressure_edge,matchup_interactions,0.0,646,646,0.13751827980706513,0.12247354954005589,0.8,1.0,0.16448600664196245,0.31046188507110273,False,False,False,,below_bounded_prescreen
diff__detailed__last10__off_rtg_mean,detailed_efficiency,0.0,646,646,0.15749981013508993,0.11951789401613463,0.8,1.0,0.26323410041114537,0.30948918334101855,False,False,False,,below_bounded_prescreen
diff__compact__ewm_h5_points_for,compact_performance,0.0,646,646,0.1528597485360802,0.17685469288343958,0.6,1.0,0.1715377410846045,0.30765788761860446,False,False,False,,below_bounded_prescreen
diff__compact__ewm_h20_points_against,compact_performance,0.0,646,646,-0.1631648814822627,0.16577958997620554,0.6,1.0,0.1332442504962658,0.3061407070948258,False,False,False,,below_bounded_prescreen
absdiff__schedule__opponent_strength_median,schedule_and_accomplishment,0.0,646,642,-0.09212239091192646,0.12239452493327516,0.8,1.0,0.09556522169186216,0.30319368910092137,False,True,False,,correlation_pruned_or_cap
mean__detailed__clean__netrtg_std,detailed_efficiency,0.0,646,646,-0.09586719026300033,0.1164671180729138,0.8,1.0,0.1236875702771303,0.3000474957217735,False,False,False,,below_bounded_prescreen
diff__compact__half_pointsformean_second,compact_performance,0.0,646,612,0.14755096373649584,0.16408876339410822,0.6,1.0,0.18421636242234046,0.29985516395430745,False,False,False,,below_bounded_prescreen
mean__detailed__all__netrtg_std,detailed_efficiency,0.0,646,646,-0.09622594732778324,0.11515490520434726,0.8,1.0,0.1323058875633339,0.2991518274076656,False,False,False,,below_bounded_prescreen
diff__compact__day120plus_win_pct,compact_performance,0.0,646,51,-0.1404917463581912,0.10091164295749379,0.8,1.0,0.21692379702142162,0.2986688209375422,False,False,False,,below_bounded_prescreen
diff__compact__close5_win_pct,compact_performance,0.006191950464396285,642,275,0.10417542753194493,0.18239395431850253,0.6,1.0,0.21837651906028102,0.2972372753303461,False,False,False,,below_bounded_prescreen
diff__detailed__all__stealpct_median,detailed_efficiency,0.0,646,646,0.0900344274765469,0.11239256112873068,0.8,1.0,0.1266209149486688,0.2966911667886843,False,False,False,,below_bounded_prescreen
diff__detailed__clean__stealpct_median,detailed_efficiency,0.0,646,646,0.09009932256515475,0.11016121347579627,0.8,1.0,0.12611762611825625,0.295654528387986,False,False,False,,below_bounded_prescreen
mean__detailed__all__oppftmaderate_median,detailed_efficiency,0.0,646,638,-0.09548519644621627,0.10795061513373395,0.8,1.0,0.14944822125101903,0.29484510963231914,False,False,False,,below_bounded_prescreen
absdiff__detailed__ewm_h20__oppefg,detailed_efficiency,0.0,646,646,-0.10208720144433837,0.17131111749077765,0.6,1.0,0.15186990428020933,0.29461372454211937,False,False,False,,below_bounded_prescreen
diff__quality__FlaggedPossessionGames,detailed_efficiency,0.0,646,5,-0.09279174189611208,0.11413736678137057,0.7777777777777778,1.0,0.13619205490191444,0.2941968815205704,False,False,False,,below_bounded_prescreen
mean__detailed__all__offrtg_std,detailed_efficiency,0.0,646,646,-0.10505383782470933,0.09716030997510847,0.8,1.0,0.09283017142522723,0.294035586252479,False,False,False,,below_bounded_prescreen
mean__detailed__clean__oppftmaderate_median,detailed_efficiency,0.0,646,638,-0.09555746660655946,0.10544725518711123,0.8,1.0,0.15339754757182555,0.2935014232403835,False,False,False,,below_bounded_prescreen
diff__quality__FlaggedPossessionRate,detailed_efficiency,0.0,646,20,-0.09729415800486912,0.11048303323517818,0.7777777777777778,1.0,0.14034680049382262,0.29326714313864827,False,False,False,,below_bounded_prescreen
diff__geography__games_with_city,geography_and_schedule_dispersion,0.0,646,12,0.17486482507325488,0.0,1.0,1.0,0.13458118442729783,0.2930870141390242,False,False,False,,below_bounded_prescreen
mean__detailed__clean__offrtg_std,detailed_efficiency,0.0,646,646,-0.10281571652769764,0.09486916389216517,0.8,1.0,0.09536493415197315,0.2923420589382538,False,False,False,,below_bounded_prescreen
diff__geography__neutral_games_with_city,geography_and_schedule_dispersion,0.0,646,13,0.1743735463815785,0.0,1.0,1.0,0.1644052866964052,0.2917859687360911,False,False,False,,below_bounded_prescreen
mean__detailed__all__opp_ftmade_rate_ros,detailed_efficiency,0.0,646,646,-0.09203509070093915,0.10096010483508903,0.8,1.0,0.13977579666744602,0.29111753840835153,False,False,False,,below_bounded_prescreen
mean__detailed__clean__opp_ftmade_rate_ros,detailed_efficiency,0.0,646,646,-0.09146106198720086,0.10105751139774954,0.8,1.0,0.14398509223351766,0.2908696354187633,False,False,False,,below_bounded_prescreen
diff__detailed__clean__oppfg3attemptrate_mean,detailed_efficiency,0.0,646,646,-0.09527028068985346,0.09352894707660242,0.8,1.0,0.08315597210188802,0.2905271174644614,False,False,False,,below_bounded_prescreen
absdiff__detailed__away__pace_mean,detailed_efficiency,0.0,646,644,-0.09645336577354138,0.09325162469925075,0.8,1.0,0.09341308874056185,0.290243996776197,False,False,False,,below_bounded_prescreen
diff__conference__tourney_champion,conference_context,0.018575851393188854,634,3,-0.14848207983916947,0.13754995987398694,0.6,1.0,0.1016625888195641,0.2891374666398933,False,False,False,,below_bounded_prescreen
absdiff__schedule__opponent_strength_pct_mean,schedule_and_accomplishment,0.0,646,646,-0.07311886594085636,0.10044517491782866,0.8,1.0,0.08744447636909673,0.28880205541278225,False,True,False,,correlation_pruned_or_cap
absdiff__schedule__opponent_strength_mean,schedule_and_accomplishment,0.0,646,646,-0.08826590521459815,0.09544661197638513,0.8,1.0,0.11488893276211762,0.28863731558539174,False,True,False,,correlation_pruned_or_cap
absdiff__norm__schedule__opponent_strength_mean__z,within_season_normalization,0.0,646,646,-0.08707832134580086,0.09544660614710365,0.8,1.0,0.11488892580581464,0.2883760446144534,False,False,False,,below_bounded_prescreen
diff__geography__distinct_cities,geography_and_schedule_dispersion,0.0,646,15,-0.14277331214756195,0.0,1.0,1.0,0.07922293042734546,0.2882412114553698,False,False,False,,below_bounded_prescreen
diff__detailed__all__oppfg3attemptrate_mean,detailed_efficiency,0.0,646,646,-0.09360118965378486,0.08899666497433686,0.8,1.0,0.08217279794692989,0.28802374899363714,False,False,False,,below_bounded_prescreen
diff__detailed__clean__oppassistturnoverratio_mean,detailed_efficiency,0.0,646,646,-0.07705646723685801,0.10089361936069258,0.8,1.0,0.13626569241870176,0.2879307323884931,False,False,False,,below_bounded_prescreen
mean__detailed__all__oppftmaderate_mean,detailed_efficiency,0.0,646,646,-0.08963199609441382,0.09360417259912113,0.8,1.0,0.12912608415743815,0.28748399862205165,False,False,False,,below_bounded_prescreen
mean__detailed__clean__oppftmaderate_mean,detailed_efficiency,0.0,646,646,-0.08895411003894982,0.09314255384198204,0.8,1.0,0.132911866156605,0.2869618554064561,False,False,False,,below_bounded_prescreen
absdiff__norm__schedule__opponent_strength_mean__pct,within_season_normalization,0.0,646,512,-0.07607355045727886,0.09584252476303609,0.8,1.0,0.09762104440646627,0.2868357512106,False,False,False,,below_bounded_prescreen
diff__detailed__all__oppassistturnoverratio_mean,detailed_efficiency,0.0,646,646,-0.07636083571664888,0.09849311964037698,0.8,1.0,0.1351820715572442,0.28666879842275395,False,False,False,,below_bounded_prescreen
diff__compact__close5_wins,compact_performance,0.0,646,19,-0.11411501094620805,0.1428212013919002,0.6,1.0,0.1350453805717559,0.2842576638534076,False,False,False,,below_bounded_prescreen
diff__detailed__clean__fg3_pct_ros,detailed_efficiency,0.0,646,645,0.1368141315935472,0.1292484851519265,0.6,1.0,0.13838978040181063,0.2826027906074327,False,False,False,,below_bounded_prescreen
diff__detailed__all__fg3_pct_ros,detailed_efficiency,0.0,646,645,0.13575801156687684,0.1287580174217719,0.6,1.0,0.14121953507615342,0.28202182950411725,False,False,False,,below_bounded_prescreen
diff__detailed__all__fg3pct_mean,detailed_efficiency,0.0,646,646,0.10681067696216341,0.1401304653767875,0.6,1.0,0.12890298620770718,0.28160485286422565,False,False,False,,below_bounded_prescreen
diff__detailed__clean__fg3pct_mean,detailed_efficiency,0.0,646,646,0.10844588881881143,0.13760843032853098,0.6,1.0,0.12855023534541016,0.28076813268401696,False,False,False,,below_bounded_prescreen
absdiff__detailed__last20__pace_mean,detailed_efficiency,0.0,646,631,-0.09065041251244772,0.14583255417510413,0.6,1.0,0.130222797014397,0.28073380487621263,False,False,False,,below_bounded_prescreen
diff__detailed__clean__assistperfgm_median,detailed_efficiency,0.0,646,616,0.0841330639158605,0.1476930544561876,0.6,1.0,0.17174708124568833,0.2785320569506319,False,False,False,,below_bounded_prescreen
diff__detailed__all__assistperfgm_median,detailed_efficiency,0.0,646,614,0.08772683667650563,0.1450348703217571,0.6,1.0,0.16410519102060694,0.2783524341824504,False,False,False,,below_bounded_prescreen
mean__compact__margin_iqr,compact_performance,0.0,646,109,-0.06344492592582325,0.0800540990341343,0.8,1.0,0.054888214039293955,0.27818832267849386,False,False,False,,below_bounded_prescreen
diff__compact__day90plus_margin_mean,compact_performance,0.0,646,592,0.14457314287145306,0.11990050031874828,0.6,1.0,0.22616300149864133,0.2763118115247732,False,False,False,,below_bounded_prescreen
interaction__adjusted_offense_defense_edge,matchup_interactions,0.0,646,646,0.0992365370414249,0.1376214186102147,0.6,1.0,0.20789304674523854,0.275574597212207,False,False,False,,below_bounded_prescreen
diff__detailed__clean__oppfg3pct_median,detailed_efficiency,0.0,646,461,-0.09414539248830787,0.13304782545535287,0.6,1.0,0.15785527735777022,0.27426073147168634,False,False,False,,below_bounded_prescreen
diff__detailed__all__oppfg3pct_median,detailed_efficiency,0.0,646,457,-0.09611241960127943,0.13067996676140337,0.6,1.0,0.14728438518046036,0.2739797409505367,False,False,False,,below_bounded_prescreen
diff__detailed__all__steal_pct_ros,detailed_efficiency,0.0,646,646,0.11748662971186055,0.11271188893669613,0.6,1.0,0.13475497497544772,0.27055856622720553,False,False,False,,below_bounded_prescreen
diff__conference__tourney_win_pct,conference_context,0.018575851393188854,634,16,-0.11111813741495537,0.05325404859270171,0.8,1.0,0.1492174624541791,0.2705531669461647,False,False,False,,below_bounded_prescreen
diff__detailed__ewm_h5__oppefg,detailed_efficiency,0.0,646,646,-0.07558128180069756,0.12888742903417824,0.6,1.0,0.10757057030089567,0.27019102512052323,False,False,False,,below_bounded_prescreen
diff__compact__last10_margin_mean,compact_performance,0.0,646,230,0.12178795882513696,0.11189223770975117,0.6,1.0,0.1589063401071044,0.2701453714379265,False,False,False,,below_bounded_prescreen
diff__detailed__clean__steal_pct_ros,detailed_efficiency,0.0,646,646,0.11838432701108016,0.1114525113903179,0.6,1.0,0.1373197714955676,0.2700489665499676,False,False,False,,below_bounded_prescreen
diff__coach__midseason_change,prior_coach_history,0.0,646,2,-0.05192106574640526,0.0,1.0,1.0,0.039168367063318686,0.2698558997816764,False,False,False,,below_bounded_prescreen
mean__coach__midseason_change,prior_coach_history,0.0,646,2,0.05192106574640526,0.0,1.0,1.0,0.039168367063318686,0.2698558997816764,False,False,False,,below_bounded_prescreen
absdiff__rating__pagerank_binary_z,global_strength_ratings,0.0,646,646,-0.06582672973466594,0.06359573787435382,0.8,1.0,0.0828355647951243,0.2696944121295114,False,False,False,,below_bounded_prescreen
absdiff__rating__pagerank_binary,global_strength_ratings,0.0,646,646,-0.06345936194871007,0.06359573185095442,0.8,1.0,0.08283554596164527,0.2691735890787085,False,False,False,,below_bounded_prescreen
absdiff__schedule__quality_wins,schedule_and_accomplishment,0.0,646,19,-0.09723626828044381,0.11636484932967378,0.6,1.0,0.12310455358613347,0.26832292455649565,False,True,False,,correlation_pruned_or_cap
diff__detailed__clean__stealpct_mean,detailed_efficiency,0.0,646,646,0.11595012682541327,0.10743688629449782,0.6,1.0,0.1392063794059023,0.26751047814671375,False,False,False,,below_bounded_prescreen
diff__detailed__all__stealpct_mean,detailed_efficiency,0.0,646,646,0.11506779588726677,0.1073548934366223,0.6,1.0,0.1374225255762619,0.2673483629217269,False,False,False,,below_bounded_prescreen
diff__detailed__last5__def_rtg_mean,detailed_efficiency,0.0,646,646,0.05371821512758749,0.13040034137957954,0.6,1.0,0.09572484951131532,0.26658117720981483,False,False,False,,below_bounded_prescreen
mean__detailed__clean__efg_std,detailed_efficiency,0.0,646,646,-0.0680859453465082,0.055677562927880314,0.8,1.0,0.11123970607216618,0.2652545499387277,False,False,False,,below_bounded_prescreen
absdiff__compact__days_since_last_game,compact_performance,0.0,646,9,-0.06458178773067158,0.125155230132301,0.6,1.0,0.12805445366162918,0.2651603256177871,False,False,False,,below_bounded_prescreen
mean__detailed__all__efg_std,detailed_efficiency,0.0,646,646,-0.06870741630233942,0.05555346008137316,0.8,1.0,0.11726144369810258,0.2650908346776497,False,False,False,,below_bounded_prescreen
diff__detailed__last10__net_rtg_mean,detailed_efficiency,0.0,646,646,0.11672694186308682,0.10001218767104875,0.6,1.0,0.13745137734992469,0.26418772219798553,False,False,False,,below_bounded_prescreen
diff__detailed__all__efg_std,detailed_efficiency,0.0,646,646,-0.09951802631745262,0.10544068349325236,0.6,1.0,0.11492381150163734,0.26390854140653525,False,False,False,,below_bounded_prescreen
absdiff__detailed__last5__tov_pct_mean,detailed_efficiency,0.0,646,646,0.07725538496535056,0.11207224997107834,0.6,1.0,0.07251324423383547,0.2638903349091414,False,False,False,,below_bounded_prescreen
diff__compact__neutral_margin_mean,compact_performance,0.03560371517027864,623,472,0.10437264219969895,0.11795279290837396,0.6,1.0,0.23361308477504367,0.26338650127532925,False,False,False,,below_bounded_prescreen
diff__detailed__clean__efg_std,detailed_efficiency,0.0,646,646,-0.09919549749629142,0.1038189554883586,0.6,1.0,0.11007337699554078,0.2632531730037746,False,False,False,,below_bounded_prescreen
diff__detailed__all__oppfoulrate_mean,detailed_efficiency,0.0,646,646,-0.05081938440651493,0.11692542533387973,0.6,1.0,0.09217763183518594,0.25961736345628816,False,False,False,,below_bounded_prescreen
diff__detailed__clean__oppfoulrate_mean,detailed_efficiency,0.0,646,646,-0.05010647901232787,0.11537626893257652,0.6,1.0,0.08592903934150242,0.2589668728966888,False,False,False,,below_bounded_prescreen
mean__compact__last20_margin_std,compact_performance,0.0,646,646,-0.047941426444344196,0.11694961274347321,0.6,1.0,0.12075263170670127,0.25785282266635484,False,False,False,,below_bounded_prescreen
absdiff__compact__neutral_win_pct,compact_performance,0.03560371517027864,623,69,-0.07183678905438937,0.11002561487043089,0.6,1.0,0.10004003782771406,0.25776649000304164,False,False,False,,below_bounded_prescreen
diff__compact__last10_margin_std,compact_performance,0.0,646,646,0.10525490052358251,0.08823491204361135,0.6,1.0,0.14158174921477512,0.2558455659275306,False,False,False,,below_bounded_prescreen
absdiff__rating__pagerank_binary_percentile,global_strength_ratings,0.0,646,444,-0.06655707674672211,0.1060530862142125,0.6,1.0,0.146649432890057,0.25568206095149854,False,False,False,,below_bounded_prescreen
absdiff__compact__day120plus_margin_mean,compact_performance,0.0,646,344,-0.03883073177033262,0.10979877028023295,0.6,1.0,0.06610973489087878,0.2546017813283499,False,False,False,,below_bounded_prescreen
diff__detailed__last10__opp_efg_mean,detailed_efficiency,0.0,646,646,-0.05175676573052046,0.1034021976550335,0.6,1.0,0.06338319297860057,0.25448421561598655,False,False,False,,below_bounded_prescreen
diff__compact__ewm_h5_win,compact_performance,0.0,646,646,0.10115390767969475,0.08510306910258021,0.6,1.0,0.15244917738504524,0.2530053657633695,False,False,False,,below_bounded_prescreen
diff__detailed__clean__oppassistperfgm_median,detailed_efficiency,0.0,646,548,-0.074245655247321,0.09323149433129595,0.6,1.0,0.13092450600570257,0.25184818119320457,False,False,False,,below_bounded_prescreen
mean__compact__day90plus_games,compact_performance,0.0,646,11,-0.05300632656348061,0.10084042087343316,0.6,1.0,0.10920510536572449,0.2516965896485847,False,False,False,,below_bounded_prescreen
diff__detailed__all__oppassistperfgm_median,detailed_efficiency,0.0,646,548,-0.07026569501893182,0.09254529563367953,0.6,1.0,0.1206176781153399,0.2510554876837176,False,False,False,,below_bounded_prescreen
diff__compact__last10_margin_median,compact_performance,0.0,646,69,0.08640001524129466,0.08068711677253365,0.6,1.0,0.1111152987444223,0.24929320745412406,False,False,False,,below_bounded_prescreen
diff__conference__tourney_wins,conference_context,0.018575851393188854,634,9,-0.09402879964016343,0.08081848595530111,0.6,1.0,0.1560560440137304,0.24775089930737615,False,False,False,,below_bounded_prescreen
diff__compact__last10_points_for_mean,compact_performance,0.0,646,276,0.0984708100793009,0.141192497943881,0.4,1.0,0.1622689314826129,0.24694521997120458,False,False,False,,below_bounded_prescreen
absdiff__massey__rank_improvement_median,massey_consensus,0.0,646,82,-0.0505388662655778,0.08789112431580949,0.6,1.0,0.0906075286733981,0.24568198910307976,False,False,False,,below_bounded_prescreen
diff__compact__last5_points_for_mean,compact_performance,0.0,646,191,0.0935983336358581,0.14040600307452245,0.4,1.0,0.17991935780643406,0.24478974056340222,False,False,False,,below_bounded_prescreen
diff__detailed__clean__oppfg3attemptrate_median,detailed_efficiency,0.0,646,640,-0.07048217394351977,0.07499629533738975,0.6,1.0,0.08415236348742232,0.24413820549002452,False,False,False,,below_bounded_prescreen
mean__conference__strength_std,conference_context,0.0,646,509,-0.02774962524928459,0.0957199817718388,0.6,1.0,0.10039900002870249,0.24403454880417713,False,False,False,,below_bounded_prescreen
diff__detailed__all__oppfoulrate_median,detailed_efficiency,0.0,646,646,-0.06618133509745527,0.14541042440331708,0.4,1.0,0.14541623084966887,0.2425402482010456,False,False,False,,below_bounded_prescreen
diff__detailed__clean__oppfoulrate_median,detailed_efficiency,0.0,646,646,-0.06684413807989466,0.14399331235796448,0.4,1.0,0.14202439251966914,0.24214152460861302,False,False,False,,below_bounded_prescreen
diff__compact__first_game_day,compact_performance,0.0,646,27,-0.12246177040319409,0.12533434857847026,0.4,1.0,0.24472219220368313,0.2413131891182211,False,False,False,,below_bounded_prescreen
diff__detailed__all__oppfg3attemptrate_median,detailed_efficiency,0.0,646,641,-0.06795452181034457,0.06992523391131784,0.6,1.0,0.08681782220542829,0.24104139418749126,False,False,False,,below_bounded_prescreen
diff__detailed__neutral__pace_mean,detailed_efficiency,0.03560371517027864,623,621,0.14084425709915074,0.12302820386228155,0.4,1.0,0.25760403848695285,0.2408868156626079,False,False,False,,below_bounded_prescreen
absdiff__detailed__clean__defrtg_std,detailed_efficiency,0.0,646,646,-0.047977810142376225,0.07986668413186893,0.6,1.0,0.11768987862203747,0.24018353146973836,False,False,False,,below_bounded_prescreen
diff__detailed__last5__off_rtg_mean,detailed_efficiency,0.0,646,646,0.0980278272250892,0.1272371415702201,0.4,1.0,0.19268603538864992,0.23893250852767928,False,False,False,,below_bounded_prescreen
absdiff__coach__prior_tournament_win_pct_smoothed,prior_coach_history,0.0,646,340,0.07298655876943913,0.0668748134762239,0.6,1.0,0.13148250226434383,0.23889765330729032,False,False,False,,below_bounded_prescreen
diff__detailed__all__oppassistturnoverratio_median,detailed_efficiency,0.0,646,594,-0.07958445341924322,0.06530282492843911,0.6,1.0,0.15811791566148797,0.23852921909142477,False,False,False,,below_bounded_prescreen
diff__detailed__clean__oppassistturnoverratio_median,detailed_efficiency,0.0,646,588,-0.07806868965910223,0.06389379568577103,0.6,1.0,0.15803242829635922,0.23752283652231823,False,False,False,,below_bounded_prescreen
mean__compact__close3_games,compact_performance,0.0,646,18,-0.037206788058629855,0.0781632973614337,0.6,1.0,0.10694316099632577,0.23742614966653372,False,False,False,,below_bounded_prescreen
absdiff__conference__strength_std,conference_context,0.0,646,508,0.03780463999364744,0.07196179710395756,0.6,1.0,0.06959395114838478,0.23607492536256666,False,False,False,,below_bounded_prescreen
mean__detailed__clean__defrtg_std,detailed_efficiency,0.0,646,646,-0.06435935854108,0.06003787916766065,0.6,1.0,0.0871518289899675,0.23549116771991602,False,False,False,,below_bounded_prescreen
absdiff__schedule__top_decile_games,schedule_and_accomplishment,0.0,646,15,-0.03590632209324792,0.15234741915266845,0.4,1.0,0.24897779624601343,0.23506704020395486,False,False,False,,below_bounded_prescreen
absdiff__compact__last5_margin_median,compact_performance,0.0,646,27,-0.07241618584272819,0.12783241314253554,0.4,1.0,0.1703613733590695,0.2344766642594545,False,False,False,,below_bounded_prescreen
diff__compact__margin_mad,compact_performance,0.0,646,35,0.052861053696253414,0.14008932740003713,0.4,1.0,0.21216421327107307,0.23438574043435065,False,False,False,,below_bounded_prescreen
mean__detailed__all__defrtg_std,detailed_efficiency,0.0,646,646,-0.064602983778622,0.05731740500824362,0.6,1.0,0.09656559046522158,0.23386238721664493,False,False,False,,below_bounded_prescreen
diff__compact__margin_std,compact_performance,0.0,646,646,0.09340682961523442,0.11580521780663018,0.4,1.0,0.16314183586152364,0.2336103336280731,False,False,False,,below_bounded_prescreen
diff__detailed__ewm_h10__ftrate,detailed_efficiency,0.0,646,646,-0.09003922796193795,0.11660465406098308,0.4,1.0,0.16959040972634917,0.23299524771184427,False,False,False,,below_bounded_prescreen
absdiff__massey__rank_improvement_mean,massey_consensus,0.0,646,642,-0.059401712266217405,0.058627129248512266,0.6,1.0,0.11609535859784166,0.23256558439394004,False,False,False,,below_bounded_prescreen
diff__detailed__ewm_h20__fg3attemptrate,detailed_efficiency,0.0,646,646,-0.044699937282289284,0.0620656709880157,0.6,1.0,0.09328669872783057,0.23189404032723795,False,False,False,,below_bounded_prescreen
absdiff__detailed__last20__net_rtg_mean,detailed_efficiency,0.0,646,646,0.04790308541663931,0.13036225169349633,0.4,1.0,0.1573200370916824,0.2308197581208716,False,False,False,,below_bounded_prescreen
absdiff__detailed__all__pace_ros,detailed_efficiency,0.0,646,646,-0.07208233366839169,0.11711080629995238,0.4,1.0,0.13841042182042035,0.2305348835582065,False,False,False,,below_bounded_prescreen
interaction__pace_gap,matchup_interactions,0.0,646,646,-0.07208233366839169,0.11711080629995238,0.4,1.0,0.13841042182042035,0.2305348835582065,False,False,False,,below_bounded_prescreen
absdiff__detailed__clean__pace_ros,detailed_efficiency,0.0,646,646,-0.07198485693126652,0.11479552776828729,0.4,1.0,0.1350974909452723,0.22953462221584564,False,False,False,,below_bounded_prescreen
absdiff__compact__day120plus_win_pct,compact_performance,0.0,646,29,-0.025177663761994675,0.14466534794801725,0.4,1.0,0.23668954716634083,0.22951087115603347,False,False,False,,below_bounded_prescreen
absdiff__detailed__last10__off_rtg_mean,detailed_efficiency,0.0,646,646,-0.031117010925413097,0.13319831708503455,0.4,1.0,0.14131251349761276,0.22912843406450295,False,False,False,,below_bounded_prescreen
diff__detailed__all__ftrate_mean,detailed_efficiency,0.0,646,646,-0.062194905760027536,0.1178056100093042,0.4,1.0,0.138409697302936,0.22869318417955464,False,False,False,,below_bounded_prescreen
diff__detailed__all__ftrate_trim02,detailed_efficiency,0.0,646,646,-0.062194905760027536,0.1178056100093042,0.4,1.0,0.138409697302936,0.22869318417955464,False,False,False,,below_bounded_prescreen
absdiff__compact__margin_q90,compact_performance,0.0,646,191,0.08660345717085839,0.10957218757830131,0.4,1.0,0.18825495654193022,0.2281172123534963,False,False,False,,below_bounded_prescreen
absdiff__detailed__home__pace_mean,detailed_efficiency,0.0,646,645,-0.07220144081684797,0.11659249215687675,0.4,1.0,0.20740754610877138,0.22755241137065657,False,False,False,,below_bounded_prescreen
absdiff__detailed__clean__tovpct_std,detailed_efficiency,0.0,646,646,-0.033223746274654284,0.13035448836828112,0.4,1.0,0.17039310734025329,0.22706365430358877,False,False,False,,below_bounded_prescreen
absdiff__detailed__clean__drb_pct_ros,detailed_efficiency,0.0,646,646,-0.03162285043389647,0.13430326860228786,0.4,1.0,0.21240710997805218,0.2269263116254333,False,False,False,,below_bounded_prescreen
absdiff__detailed__all__tovpct_std,detailed_efficiency,0.0,646,646,-0.032492259338652206,0.12990190682613592,0.4,1.0,0.17470721898249686,0.22651292357174885,False,False,False,,below_bounded_prescreen
diff__detailed__all__ftmaderate_mean,detailed_efficiency,0.0,646,646,-0.044765209944442504,0.123756484093243,0.4,1.0,0.1743677740934522,0.2262767475887959,False,False,False,,below_bounded_prescreen
diff__detailed__all__ft_rate_ros,detailed_efficiency,0.0,646,646,-0.0547149547850225,0.1165831476645458,0.4,1.0,0.1505142915460296,0.22597662926984574,False,False,False,,below_bounded_prescreen
diff__detailed__neutral__net_rtg_mean,detailed_efficiency,0.03560371517027864,623,623,0.09733424246286713,0.11044474889198153,0.4,1.0,0.2409407279836725,0.22594108647701272,False,False,False,,below_bounded_prescreen
absdiff__detailed__last10__ft_rate_mean,detailed_efficiency,0.0,646,646,0.04430955705143304,0.11840897442573323,0.4,1.0,0.11621134986593448,0.22593595628102986,False,False,False,,below_bounded_prescreen
diff__detailed__clean__ftrate_mean,detailed_efficiency,0.0,646,646,-0.05960353531453366,0.11298668158833647,0.4,1.0,0.139476567611679,0.22576732222713178,False,False,False,,below_bounded_prescreen
diff__detailed__clean__ftrate_trim02,detailed_efficiency,0.0,646,646,-0.05960353531453366,0.11298668158833647,0.4,1.0,0.139476567611679,0.22576732222713178,False,False,False,,below_bounded_prescreen
absdiff__detailed__last5__ft_rate_mean,detailed_efficiency,0.0,646,646,0.02848165748520611,0.12732313832119396,0.4,1.0,0.15553501515410167,0.22515967043475438,False,False,False,,below_bounded_prescreen
diff__detailed__clean__ftmaderate_mean,detailed_efficiency,0.0,646,646,-0.04311233588274537,0.12115437243263338,0.4,1.0,0.17109909414922544,0.22479484889589899,False,False,False,,below_bounded_prescreen
absdiff__norm__rating__pagerank_margin__pct,within_season_normalization,0.0,646,448,-0.06045775218022448,0.11257683477154862,0.4,1.0,0.17739398056805816,0.2242418269472704,False,False,False,,below_bounded_prescreen
absdiff__rating__pagerank_margin_percentile,global_strength_ratings,0.0,646,448,-0.06045775218022448,0.11257683477154862,0.4,1.0,0.17739398056805816,0.2242418269472704,False,False,False,,below_bounded_prescreen
mean__compact__margin_mad,compact_performance,0.0,646,34,-0.04635561592076935,0.11762290603867681,0.4,1.0,0.16221230539720377,0.224168738185246,False,False,False,,below_bounded_prescreen
diff__detailed__home__pace_mean,detailed_efficiency,0.0,646,646,0.113969676045035,0.08802435501866547,0.4,1.0,0.1838032435138235,0.2239728893983142,False,False,False,,below_bounded_prescreen
diff__detailed__clean__ft_rate_ros,detailed_efficiency,0.0,646,646,-0.05211616141908054,0.11288282712589215,0.4,1.0,0.15201053348478344,0.22356889119323461,False,False,False,,below_bounded_prescreen
mean__compact__margin_std,compact_performance,0.0,646,646,-0.08593565874655056,0.09558838509769861,0.4,1.0,0.13190925470210757,0.22351189958305215,False,False,False,,below_bounded_prescreen
diff__compact__ewm_h10_points_against,compact_performance,0.0,646,646,-0.09638929023577887,0.09576658335806507,0.4,1.0,0.1956704404251773,0.22334678624673548,False,False,False,,below_bounded_prescreen
absdiff__detailed__home__net_rtg_mean,detailed_efficiency,0.0,646,646,0.08548981698278948,0.09505732123141802,0.4,1.0,0.13368155691065386,0.2230880116508682,False,False,False,,below_bounded_prescreen
absdiff__detailed__all__drb_pct_ros,detailed_efficiency,0.0,646,646,-0.03204266142597083,0.12579681617925473,0.4,1.0,0.21021924200165948,0.22302308759968947,False,False,False,,below_bounded_prescreen
mean__prior__program_has_tournament_history,prior_program_history,0.0,646,3,0.010369325916660545,0.1357724730889327,0.4,1.0,0.21653445520109088,0.2227906605763094,False,False,False,,below_bounded_prescreen
absdiff__massey__strength_max,massey_consensus,0.0,646,397,-0.02878477601634509,0.1998520962149022,0.2,1.0,0.3073834408153144,0.2219663192741364,False,False,False,,below_bounded_prescreen
absdiff__detailed__away__off_rtg_mean,detailed_efficiency,0.0,646,646,0.05528355594160556,0.10718665257703587,0.4,1.0,0.15424761803661918,0.22144207082266568,False,False,False,,below_bounded_prescreen
absdiff__detailed__last20__efg_mean,detailed_efficiency,0.0,646,646,-0.03612458540401857,0.11778150455973352,0.4,1.0,0.18656153401286843,0.22102006961704146,False,False,False,,below_bounded_prescreen
absdiff__norm__detailed__all__efg_ros__pct,within_season_normalization,0.0,646,501,-0.010411634826233753,0.12973675512053656,0.4,1.0,0.2052398925014676,0.2203546064195703,False,False,False,,below_bounded_prescreen
diff__detailed__clean__ftmade_rate_ros,detailed_efficiency,0.0,646,646,-0.03622907536528934,0.1146632600463485,0.4,1.0,0.17983004594831994,0.21981555956467813,False,False,False,,below_bounded_prescreen
diff__detailed__clean__assistperfgm_mean,detailed_efficiency,0.0,646,646,0.08107640763413035,0.09011137304656071,0.4,1.0,0.13419399853608602,0.21972250880041436,False,False,False,,below_bounded_prescreen
diff__detailed__ewm_h5__efg,detailed_efficiency,0.0,646,646,0.06959302051696885,0.0972105684927505,0.4,1.0,0.16068720049553445,0.21954404937043204,False,False,False,,below_bounded_prescreen
diff__detailed__clean__fg3pct_median,detailed_efficiency,0.0,646,534,0.08950088188316312,0.16511274815168958,0.2,1.0,0.2934928645005075,0.2192045985470866,False,False,False,,below_bounded_prescreen
absdiff__norm__rating__colley__z,within_season_normalization,0.0,646,646,-0.04036216461793787,0.10955657749728015,0.4,1.0,0.15928536217467223,0.21909541892765394,False,False,False,,below_bounded_prescreen
absdiff__rating__colley_z,global_strength_ratings,0.0,646,646,-0.04036216461793787,0.10955657749728015,0.4,1.0,0.15928536217467223,0.21909541892765394,False,False,False,,below_bounded_prescreen
absdiff__rating__colley,global_strength_ratings,0.0,646,646,-0.040163980264365004,0.10955657540590516,0.4,1.0,0.15928536218058573,0.21905181736577137,False,False,False,,below_bounded_prescreen
absdiff__norm__schedule__rpi__z,within_season_normalization,0.0,646,646,-0.0312960116363346,0.11693371228878403,0.4,1.0,0.19922054285257995,0.21904448274450675,False,False,False,,below_bounded_prescreen
absdiff__compact__pythag_residual_exp8p0,compact_performance,0.0,646,646,0.029224893627136726,0.040928508193279006,0.6,1.0,0.0783209312511359,0.21894232328069857,False,False,False,,below_bounded_prescreen
absdiff__massey__ordinal_min,massey_consensus,0.0,646,104,-0.03166245638515105,0.19227808138491345,0.2,1.0,0.3096544733691137,0.21887304053472717,False,False,False,,below_bounded_prescreen
absdiff__schedule__rpi,schedule_and_accomplishment,0.0,646,646,-0.02995837684564153,0.116933705177225,0.4,1.0,0.19922054298797287,0.21875019967159023,False,False,False,,below_bounded_prescreen
diff__detailed__all__ftmaderate_median,detailed_efficiency,0.0,646,641,-0.04569292352697146,0.10754383591056092,0.4,1.0,0.17515540662263226,0.21866726814809767,False,False,False,,below_bounded_prescreen
absdiff__schedule__quality_win_points_mean,schedule_and_accomplishment,0.0,646,646,-0.06440578346486868,0.09324009024396734,0.4,1.0,0.11437524694820592,0.21834950580144719,False,False,False,,below_bounded_prescreen
diff__detailed__all__assistperfgm_mean,detailed_efficiency,0.0,646,646,0.08265285970540237,0.08644710262748836,0.4,1.0,0.13434290934738594,0.2183045220224875,False,False,False,,below_bounded_prescreen
diff__detailed__last10__four_factor_edge_mean,detailed_efficiency,0.0,646,646,0.07656666663009869,0.08653924158877097,0.4,1.0,0.10261367007958644,0.21827895581804835,False,False,False,,below_bounded_prescreen
diff__detailed__clean__ftrate_median,detailed_efficiency,0.0,646,642,-0.0535740858809465,0.10621045758326192,0.4,1.0,0.21961189469582154,0.2179828427459411,False,False,False,,below_bounded_prescreen
diff__detailed__all__fg3pct_median,detailed_efficiency,0.0,646,531,0.08851544551060671,0.16290047809749975,0.2,1.0,0.3011815546629366,0.21761836531261589,False,False,False,,below_bounded_prescreen
absdiff__detailed__all__oppefg_median,detailed_efficiency,0.0,646,640,-0.07473173416046432,0.09269052974574271,0.4,1.0,0.1978296615323732,0.21701924933196373,False,False,False,,below_bounded_prescreen
diff__detailed__clean__ftmaderate_median,detailed_efficiency,0.0,646,642,-0.04311881419452772,0.10435686415024953,0.4,1.0,0.16455016895569946,0.2169954271566879,False,False,False,,below_bounded_prescreen
interaction__combined_margin_volatility,matchup_interactions,0.0,646,646,-0.08257632452437473,0.08366126595236467,0.4,1.0,0.14259450259960282,0.2166204189485134,False,False,False,,below_bounded_prescreen
absdiff__compact__day90plus_margin_mean,compact_performance,0.0,646,554,0.004643436735030199,0.12419728482805663,0.4,1.0,0.2059273015658006,0.2163991607365418,False,False,False,,below_bounded_prescreen
absdiff__massey__strength_min,massey_consensus,0.0,646,584,0.014034175325786196,0.11968712951078758,0.4,1.0,0.20455632086825665,0.21635508790212074,False,False,False,,below_bounded_prescreen
absdiff__detailed__clean__oppefg_median,detailed_efficiency,0.0,646,641,-0.07858335896001505,0.08979472497639616,0.4,1.0,0.20579706065435224,0.2161579245336994,False,False,False,,below_bounded_prescreen
absdiff__detailed__last5__off_rtg_mean,detailed_efficiency,0.0,646,646,-0.03504482088119788,0.10268319564971912,0.4,1.0,0.1244277837679556,0.2160206831550105,False,False,False,,below_bounded_prescreen
absdiff__schedule__owp,schedule_and_accomplishment,0.0,646,646,-0.05089538584702394,0.0973463487920318,0.4,1.0,0.151015404717612,0.21588261611781606,False,False,False,,below_bounded_prescreen
absdiff__schedule__quality_win_points_sum,schedule_and_accomplishment,0.0,646,645,-0.05646405512658842,0.09418361504544157,0.4,1.0,0.14414551624571048,0.215864406699833,False,False,False,,below_bounded_prescreen
absdiff__compact__half_marginmean_second,compact_performance,0.0,646,569,0.03864893086317011,0.17304992378005157,0.2,1.0,0.19783241632984366,0.21565343155112843,False,False,False,,below_bounded_prescreen
absdiff__norm__schedule__quality_win_points_sum__z,within_season_normalization,0.0,646,645,-0.05463993713505671,0.09418360955780836,0.4,1.0,0.14414551490010094,0.21546309816145645,False,False,False,,below_bounded_prescreen
absdiff__detailed__ewm_h20__efg,detailed_efficiency,0.0,646,646,0.05871467464175133,0.0941457002956462,0.4,1.0,0.17552893955753543,0.21508600698079405,False,False,False,,below_bounded_prescreen
seedprior__favorite_prob_pc2p0,prequential_seed_priors,0.0,646,267,-0.032681992145860886,0.10201596369543864,0.4,1.0,0.12725703447629386,0.21506741946684818,False,False,False,,below_bounded_prescreen
seedprior__favorite_prob_pc8p0,prequential_seed_priors,0.0,646,267,-0.033656155624905315,0.10131556532779791,0.4,1.0,0.1310910892650397,0.2147921820242206,False,False,False,,below_bounded_prescreen
diff__detailed__all__ftrate_median,detailed_efficiency,0.0,646,642,-0.053170363764198335,0.09920071717303576,0.4,1.0,0.2170500806895016,0.21463182104360073,False,False,False,,below_bounded_prescreen
mean__compact__last10_margin_std,compact_performance,0.0,646,646,0.002420030359959181,0.1161262250857677,0.4,1.0,0.15927593160208672,0.21390195745627605,False,False,False,,below_bounded_prescreen
diff__detailed__clean__offrtg_std,detailed_efficiency,0.0,646,646,-0.07925989243959297,0.16011150571760913,0.2,1.0,0.312636444981166,0.2137852412819162,False,False,False,,below_bounded_prescreen
absdiff__detailed__neutral__off_rtg_mean,detailed_efficiency,0.03560371517027864,623,623,-0.0688333450726807,0.09385513640234411,0.4,1.0,0.19842892638492385,0.21340834712009568,False,False,False,,below_bounded_prescreen
diff__detailed__all__offrtg_std,detailed_efficiency,0.0,646,646,-0.07640405075464587,0.1600603817832357,0.2,1.0,0.305866406560415,0.21340321815955862,False,False,False,,below_bounded_prescreen
absdiff__massey__system_rpi,massey_consensus,0.0,646,437,-0.04607814132458712,0.17649300780553268,0.2,1.0,0.34375242786065585,0.2131037377236386,False,False,False,,below_bounded_prescreen
absdiff__schedule__oowp,schedule_and_accomplishment,0.0,646,646,-0.045097691108068216,0.09209340932895942,0.4,1.0,0.13470942492539686,0.21273795152465963,False,False,False,,below_bounded_prescreen
absdiff__detailed__all__defrtg_std,detailed_efficiency,0.0,646,646,-0.04910329971000493,0.08781305890629988,0.4,1.0,0.13466999410365338,0.21156619444707891,False,False,False,,below_bounded_prescreen
diff__compact__rest_days_mean,compact_performance,0.0,646,521,-0.09507186467516708,0.13945752787216323,0.2,1.0,0.21529254877745801,0.2112437216560768,False,False,False,,below_bounded_prescreen
diff__detailed__clean__oppassistperfgm_mean,detailed_efficiency,0.0,646,646,-0.06559270095606284,0.08150674466007146,0.4,1.0,0.16523396906259638,0.21094427288466427,False,False,False,,below_bounded_prescreen
absdiff__massey__system_wlk,massey_consensus,0.0,646,423,-0.03568541896212764,0.17449761569859443,0.2,1.0,0.3213490786973555,0.21075568455909918,False,False,False,,below_bounded_prescreen
diff__detailed__all__oppassistperfgm_mean,detailed_efficiency,0.0,646,646,-0.06333402196127727,0.08137891209048786,0.4,1.0,0.16495873363129,0.21039701328966356,False,False,False,,below_bounded_prescreen
absdiff__compact__home_margin_mean,compact_performance,0.0,646,627,0.07273591137418631,0.067837755150256,0.4,1.0,0.07927542201340622,0.20939300609390762,False,False,False,,below_bounded_prescreen
absdiff__rating__margin_ridge_a5p0,global_strength_ratings,0.0,646,646,-0.013515334918295407,0.10031565928641638,0.4,1.0,0.15648913638423007,0.20886532468413566,False,False,False,,below_bounded_prescreen
absdiff__rating__margin_ridge_a5p0_z,global_strength_ratings,0.0,646,646,-0.013425066048310673,0.10031564012390513,0.4,1.0,0.1564891095323664,0.20884545740880817,False,False,False,,below_bounded_prescreen
absdiff__norm__schedule__quality_win_points_sum__pct,within_season_normalization,0.0,646,411,-0.0700199082768949,0.14842808625795917,0.2,1.0,0.24623188001620197,0.2088005860240892,False,False,False,,below_bounded_prescreen
mean__massey__strength_std,massey_consensus,0.0,646,646,-0.020207960857053498,0.09605589086022144,0.4,1.0,0.1565923630767806,0.20828888447838687,False,False,False,,below_bounded_prescreen
absdiff__norm__schedule__rpi__pct,within_season_normalization,0.0,646,407,-0.029190686656440937,0.16615366384216734,0.2,1.0,0.28705635923625883,0.206693455339207,False,False,False,,below_bounded_prescreen
diff__compact__day120plus_margin_mean,compact_performance,0.0,646,437,-0.06183352491739977,0.07341852934801155,0.4,1.0,0.15683790581360083,0.20657075333632943,False,False,False,,below_bounded_prescreen
absdiff__norm__rating__bt_c1p0__pct,within_season_normalization,0.0,646,391,-0.04460138760380652,0.16090445451703994,0.2,1.0,0.31730369165677785,0.2063542957747455,False,False,False,,below_bounded_prescreen
absdiff__rating__bt_c1p0_percentile,global_strength_ratings,0.0,646,391,-0.04460138760380652,0.16090445451703994,0.2,1.0,0.31730369165677785,0.2063542957747455,False,False,False,,below_bounded_prescreen
diff__detailed__clean__oppblockpct_median,detailed_efficiency,0.0,646,619,-0.024385907495250117,0.08949588019295616,0.4,1.0,0.15722234302370952,0.20603402842062563,False,False,False,,below_bounded_prescreen
absdiff__schedule__bad_losses,schedule_and_accomplishment,0.0,646,8,0.00827019382898626,0.1773027140072613,0.2,1.0,0.3230742109483815,0.20600177692792715,False,False,False,,below_bounded_prescreen
absdiff__massey__system_col,massey_consensus,0.0,646,425,-0.049156717768122096,0.15618493299157493,0.2,1.0,0.29666189380003305,0.20591676999294153,False,False,False,,below_bounded_prescreen
absdiff__compact__away_margin_std,compact_performance,0.0,646,646,0.04917384613010615,0.07430184612202531,0.4,1.0,0.11565447855497166,0.20585695314499663,False,False,False,,below_bounded_prescreen
absdiff__rating__elo_season_reset_mov_z,dynamic_ratings,0.0,646,646,0.0003800635803308278,0.10071043455788489,0.4,1.0,0.1651823015504852,0.20581733051343812,False,True,False,,correlation_pruned_or_cap
absdiff__rating__elo_season_reset_mov,dynamic_ratings,0.0,646,646,-8.686219389217366e-05,0.10071043244719435,0.4,1.0,0.1651823038615102,0.20575282510284917,False,True,False,,correlation_pruned_or_cap
absdiff__rating__elo_season_reset_mov_delta,dynamic_ratings,0.0,646,646,-8.686219389217366e-05,0.10071043244719435,0.4,1.0,0.1651823038615102,0.20575282510284917,False,True,False,,correlation_pruned_or_cap
diff__compact__last10_win_pct,compact_performance,0.0,646,14,0.05679411497419113,0.07363380630831803,0.4,1.0,0.170739558485148,0.2050093499829088,False,False,False,,below_bounded_prescreen
absdiff__adj__def_rtg_a10p0,opponent_adjusted_efficiency,0.0,646,646,-0.024832113468420246,0.08629975414591212,0.4,1.0,0.15298809924209533,0.20476742298340647,False,True,True,39.0,selected
diff__detailed__last10__def_rtg_mean,detailed_efficiency,0.0,646,646,0.009013192929445185,0.08635871425010071,0.4,1.0,0.1057289511932156,0.20320592723679765,False,False,False,,below_bounded_prescreen
mean__detailed__clean__orbpct_std,detailed_efficiency,0.0,646,646,-0.08418457179365703,0.12849977923493358,0.2,1.0,0.23199643531663316,0.20292064241470734,False,False,False,,below_bounded_prescreen
absdiff__compact__last5_margin_std,compact_performance,0.0,646,645,0.011571639673164586,0.08638222305523002,0.4,1.0,0.13864761933346226,0.20246332302126813,False,False,False,,below_bounded_prescreen
diff__compact__close3_wins,compact_performance,0.0,646,16,-0.08713480145275238,0.1230532918237367,0.2,1.0,0.1965832702307377,0.20237190558576962,False,False,False,,below_bounded_prescreen
mean__detailed__all__orbpct_std,detailed_efficiency,0.0,646,646,-0.08504066868571328,0.1274165806262818,0.2,1.0,0.24387762745772207,0.20211380071316332,False,False,False,,below_bounded_prescreen
diff__detailed__clean__drb_pct_ros,detailed_efficiency,0.0,646,646,0.05423093828473381,0.06563320596587173,0.4,1.0,0.1361869702718343,0.2019872664753865,False,False,False,,below_bounded_prescreen
absdiff__norm__massey__strength_mean__z,within_season_normalization,0.0,646,646,-0.03748868996115691,0.15163541879694575,0.2,1.0,0.27781266837247515,0.2019200060790895,False,False,False,,below_bounded_prescreen
absdiff__massey__strength_mean,massey_consensus,0.0,646,646,-0.037165229493515535,0.15163542384276182,0.2,1.0,0.27781269280872867,0.20184884622074994,False,False,False,,below_bounded_prescreen
diff__detailed__all__drb_pct_ros,detailed_efficiency,0.0,646,646,0.05508162625036756,0.06497371331036512,0.4,1.0,0.13770816352380957,0.20179701362310376,False,False,False,,below_bounded_prescreen
absdiff__massey__momentum_systems,massey_consensus,0.0,646,6,-0.023927891922323308,0.0739790619740423,0.4,1.0,0.08168869764402284,0.20150653806469052,False,False,False,,below_bounded_prescreen
absdiff__compact__close3_win_pct,compact_performance,0.04179566563467492,619,90,0.003625296940510022,0.09541745144741434,0.4,1.0,0.14727435351643764,0.2013633146302396,False,False,False,,below_bounded_prescreen
diff__detailed__last5__pace_mean,detailed_efficiency,0.0,646,618,0.042909793319591494,0.14973482168998486,0.2,1.0,0.30074851007254366,0.2012829285386011,False,False,False,,below_bounded_prescreen
absdiff__detailed__clean__efg_median,detailed_efficiency,0.0,646,628,0.009826347354052373,0.1628287072873332,0.2,1.0,0.28537379334418383,0.2009046241820441,False,False,False,,below_bounded_prescreen
diff__detailed__all__oppftpct_median,detailed_efficiency,0.0,646,532,-0.014795818158961239,0.08237489620027696,0.4,1.0,0.15028034344797792,0.2007838164331853,False,False,False,,below_bounded_prescreen
mean__prior__program_years_since_appearance,prior_program_history,0.06191950464396285,606,25,-0.04181103054624618,0.07902180594332178,0.4,1.0,0.13647535944865083,0.20071631882350557,False,False,False,,below_bounded_prescreen
absdiff__norm__rating__colley__pct,within_season_normalization,0.0,646,399,-0.046182172716833544,0.14616082081290707,0.2,1.0,0.29038482203650445,0.2007018791064386,False,False,False,,below_bounded_prescreen
absdiff__rating__colley_percentile,global_strength_ratings,0.0,646,399,-0.046182172716833544,0.14616082081290707,0.2,1.0,0.29038482203650445,0.2007018791064386,False,False,False,,below_bounded_prescreen
diff__detailed__clean__oppftpct_median,detailed_efficiency,0.0,646,529,-0.014775871434561298,0.08264718536938748,0.4,1.0,0.16030990357049046,0.20050894455008986,False,False,False,,below_bounded_prescreen
absdiff__massey__system_wol,massey_consensus,0.0,646,407,-0.045749458723639065,0.14652256104822792,0.2,1.0,0.2988019795151997,0.200443631041742,False,False,False,,below_bounded_prescreen
absdiff__detailed__all__efg_median,detailed_efficiency,0.0,646,629,0.009943181390952242,0.15973689765092605,0.2,1.0,0.28100182356613346,0.19962113783580865,False,False,False,,below_bounded_prescreen
absdiff__rating__elo_season_reset_mov_percentile,dynamic_ratings,0.0,646,386,-0.0063073641761303,0.16244125151775696,0.2,1.0,0.29473641712186993,0.1995699641623972,False,True,False,,correlation_pruned_or_cap
mean__detailed__all__tovpct_std,detailed_efficiency,0.0,646,645,0.029085579495979223,0.07115761740903158,0.4,1.0,0.12892241575471636,0.19939758721526196,False,False,False,,below_bounded_prescreen
absdiff__massey__system_dol,massey_consensus,0.0,646,409,-0.04718846166827805,0.14084269170224817,0.2,1.0,0.2677185146802022,0.19927721299689222,False,False,False,,below_bounded_prescreen
seedprior__effective_games_pc2p0,prequential_seed_priors,0.0,646,198,0.013792194973474448,0.0777477107646622,0.4,1.0,0.1316583497066557,0.199086850072936,False,False,False,,below_bounded_prescreen
seedprior__effective_games_pc8p0,prequential_seed_priors,0.0,646,198,0.013792194973474448,0.0777477107646622,0.4,1.0,0.1316583497066557,0.199086850072936,False,False,False,,below_bounded_prescreen
diff__detailed__clean__oppblockpct_mean,detailed_efficiency,0.0,646,646,-0.02228863763930178,0.07208179045590764,0.4,1.0,0.11482768495747467,0.19890965230118307,False,False,False,,below_bounded_prescreen
diff__detailed__all__oppblockpct_mean,detailed_efficiency,0.0,646,646,-0.021193520226737716,0.07243384587788554,0.4,1.0,0.11443417051905908,0.198853453650505,False,False,False,,below_bounded_prescreen
diff__compact__pythag_residual_exp8p0,compact_performance,0.0,646,646,-0.08624782274234834,0.05180954398157531,0.4,1.0,0.22510845489498307,0.19883876391867347,False,False,False,,below_bounded_prescreen
absdiff__norm__massey__strength_mean__pct,within_season_normalization,0.0,646,426,-0.036140060328022056,0.14628447278154177,0.2,1.0,0.28787851000601705,0.19865221980706424,False,False,False,,below_bounded_prescreen
absdiff__detailed__all__opp_tov_pct_ros,detailed_efficiency,0.0,646,646,-0.008027208969265839,0.07762452603464345,0.4,1.0,0.11206236150128038,0.19854326400981614,False,False,False,,below_bounded_prescreen
absdiff__massey__system_cng,massey_consensus,0.09907120743034056,582,401,-0.05629057573357496,0.0983938707741888,0.3333333333333333,1.0,0.1739993617254032,0.19806064690288708,False,False,False,,below_bounded_prescreen
diff__compact__day90plus_win_pct,compact_performance,0.0,646,308,0.08599274758941919,0.043134453932896236,0.4,1.0,0.1549390460480536,0.1974253805155403,False,False,False,,below_bounded_prescreen
diff__detailed__clean__pace_ros,detailed_efficiency,0.0,646,646,0.07783045440487459,0.1199647103144869,0.2,1.0,0.23366011423588012,0.19735935635059093,False,False,False,,below_bounded_prescreen
absdiff__compact__margin_q25,compact_performance,0.0,646,69,0.010393723321643901,0.074419069811201,0.4,1.0,0.11774880549323896,0.19729782042040858,False,False,False,,below_bounded_prescreen
absdiff__detailed__clean__opp_tov_pct_ros,detailed_efficiency,0.0,646,646,-0.005669442274979383,0.07578111385124078,0.4,1.0,0.11133885475005956,0.19716865775908868,False,False,False,,below_bounded_prescreen
mean__detailed__clean__tovpct_std,detailed_efficiency,0.0,646,645,0.030093143598173968,0.06441193061526546,0.4,1.0,0.11991181552232787,0.19674174566603259,False,False,False,,below_bounded_prescreen
diff__detailed__all__pace_ros,detailed_efficiency,0.0,646,646,0.07697091805808229,0.11852326167965023,0.2,1.0,0.23049984709426707,0.19660477369523954,False,False,False,,below_bounded_prescreen
absdiff__compact__last5_win_pct,compact_performance,0.0,646,5,0.006143341013607283,0.07629472775956408,0.4,1.0,0.14299761544665734,0.19625309972971808,False,False,False,,below_bounded_prescreen
absdiff__massey__strength_trim05,massey_consensus,0.0,646,646,-0.0392847417712025,0.13922095671838497,0.2,1.0,0.2805854510582506,0.19624528437215932,False,False,False,,below_bounded_prescreen
absdiff__norm__rating__elo_mov_538__pct,within_season_normalization,0.0,646,379,-0.0019714690417068498,0.15891923296570398,0.2,1.0,0.31605477705158624,0.19607276393064998,False,False,False,,below_bounded_prescreen
absdiff__rating__elo_mov_538_percentile,dynamic_ratings,0.0,646,379,-0.0019714690417068498,0.15891923296570398,0.2,1.0,0.31605477705158624,0.19607276393064998,False,True,False,,correlation_pruned_or_cap
mean__coach__prior_tournament_appearances,prior_coach_history,0.0,646,38,0.004793214288299064,0.07469546669477711,0.4,1.0,0.12377611641513993,0.19595728650031322,False,False,False,,below_bounded_prescreen
absdiff__massey__ordinal_mean,massey_consensus,0.0,646,641,-0.03923750017312153,0.13768434330813695,0.2,1.0,0.27700347715815393,0.1956405957396663,False,False,False,,below_bounded_prescreen
absdiff__massey__systems,massey_consensus,0.0,646,5,-0.02591513853767105,0.05861815345664975,0.4,1.0,0.07602779113184824,0.1947969324922056,False,False,False,,below_bounded_prescreen
diff__detailed__last20__def_rtg_mean,detailed_efficiency,0.0,646,646,-0.06074869429724613,0.04774566696181905,0.4,1.0,0.1388474253471806,0.19472873587318007,False,False,False,,below_bounded_prescreen
absdiff__detailed__last5__net_rtg_mean,detailed_efficiency,0.0,646,646,-0.016245209743270064,0.14392580228112384,0.2,1.0,0.2554873447695621,0.19443883744767637,False,False,False,,below_bounded_prescreen
absdiff__rating__elo_mov_log_percentile,dynamic_ratings,0.0,646,393,-0.0009042467802839834,0.1558530069168632,0.2,1.0,0.32527961595582466,0.19399719297352386,False,False,False,,below_bounded_prescreen
diff__detailed__last10__pace_mean,detailed_efficiency,0.0,646,627,-0.0005144003641809559,0.14935405408586733,0.2,1.0,0.2679735704350166,0.19308417122393548,False,False,False,,below_bounded_prescreen
seedprior__pooled_gap_games,prequential_seed_priors,0.03560371517027864,623,91,0.02997864691571363,0.05841997015976987,0.4,1.0,0.07482979571934681,0.1927953989557504,False,False,False,,below_bounded_prescreen
mean__prior__program_win_pct_smoothed,prior_program_history,0.0,646,540,0.03141687331030275,0.12927109051104524,0.2,1.0,0.21603894832923082,0.1923202776403991,False,False,False,,below_bounded_prescreen
absdiff__massey__strength_std,massey_consensus,0.0,646,646,0.0020067087948571804,0.0627621911660935,0.4,1.0,0.07649014712797134,0.1915077218094746,False,False,False,,below_bounded_prescreen
absdiff__detailed__last20__orb_pct_mean,detailed_efficiency,0.0,646,646,0.02899494461193016,0.1269412413797451,0.2,1.0,0.1998469093339133,0.19131680730354578,False,False,False,,below_bounded_prescreen
absdiff__massey__system_sag,massey_consensus,0.0,646,410,-0.04006249634039284,0.12499635477726165,0.2,1.0,0.2418650996923621,0.19113739550027753,False,False,False,,below_bounded_prescreen
absdiff__rating__elo_standard_percentile,dynamic_ratings,0.0,646,411,-0.020276134023816474,0.13395937497068777,0.2,1.0,0.24963895558831056,0.19077569124763732,False,False,False,,below_bounded_prescreen
absdiff__compact__last10_margin_median,compact_performance,0.0,646,38,0.0013631805555179366,0.06246004813554414,0.4,1.0,0.09047128055864823,0.19066187160492923,False,False,False,,below_bounded_prescreen
diff__compact__day110plus_margin_mean,compact_performance,0.0,646,550,0.08961532735451139,0.09898582224057553,0.2,1.0,0.21873181862044816,0.19047929394865085,False,False,False,,below_bounded_prescreen
absdiff__compact__half_delta_marginmean,compact_performance,0.0,646,633,-0.0033055984052587023,0.1381291173340584,0.2,1.0,0.2310364454288045,0.18978775015235277,False,False,False,,below_bounded_prescreen
absdiff__massey__strength_iqr,massey_consensus,0.0,646,539,0.015107116208876292,0.13457917520466894,0.2,1.0,0.26025231705695706,0.18951147698191562,False,False,False,,below_bounded_prescreen
diff__detailed__all__ftmade_rate_ros,detailed_efficiency,0.0,646,646,-0.0379690452913704,0.11747692343342554,0.2,1.0,0.1817662634365805,0.1894714626746825,False,False,False,,below_bounded_prescreen
absdiff__massey__system_mor,massey_consensus,0.0,646,438,-0.015457271505026007,0.13454573139592083,0.2,1.0,0.26480824250409785,0.18939022110098383,False,False,False,,below_bounded_prescreen
absdiff__detailed__clean__def_rtg_ros,detailed_efficiency,0.0,646,646,-0.02280127138326049,0.1291236629857624,0.2,1.0,0.24216532630269655,0.1893090248853754,False,False,False,,below_bounded_prescreen
absdiff__compact__last20_margin_mean,compact_performance,0.0,646,221,0.04804116380993833,0.11161803878059438,0.2,1.0,0.17113902878537116,0.18930015350145687,False,False,False,,below_bounded_prescreen
absdiff__detailed__poss0p475__def_rtg_mean,detailed_efficiency,0.0,646,646,-0.016201628774924617,0.13217421725178918,0.2,1.0,0.2440173563457287,0.1892472883575131,False,False,False,,below_bounded_prescreen
absdiff__detailed__poss0p44__def_rtg_mean,detailed_efficiency,0.0,646,646,-0.016059189891375156,0.13198892932585804,0.2,1.0,0.24602731975837425,0.18904661506217946,False,False,False,,below_bounded_prescreen
absdiff__massey__strength_median,massey_consensus,0.0,646,543,-0.04507347297810699,0.12077312441260686,0.2,1.0,0.2726622847426814,0.1889807723835276,False,False,False,,below_bounded_prescreen
absdiff__massey__system_pom,massey_consensus,0.0,646,447,-0.02354953651485147,0.1269175700432873,0.2,1.0,0.23751681979667605,0.1886006588621782,False,False,False,,below_bounded_prescreen
absdiff__massey__ordinal_median,massey_consensus,0.0,646,220,-0.04587057777088784,0.11926541903735141,0.2,1.0,0.2690474391567553,0.18857703068125378,False,False,False,,below_bounded_prescreen
mean__detailed__all__ftmade_rate_ros,detailed_efficiency,0.0,646,646,-0.0342216306722163,0.11946718367969089,0.2,1.0,0.20873952179571595,0.1885234260423106,False,False,False,,below_bounded_prescreen
mean__detailed__clean__ftmade_rate_ros,detailed_efficiency,0.0,646,646,-0.03431143358501981,0.11901085516990906,0.2,1.0,0.20777910270621627,0.18836256176201208,False,False,False,,below_bounded_prescreen
absdiff__detailed__all__def_rtg_ros,detailed_efficiency,0.0,646,646,-0.01843006517846433,0.1294447316178533,0.2,1.0,0.24736111479890197,0.18829364092387565,False,False,False,,below_bounded_prescreen
diff__detailed__last20__efg_mean,detailed_efficiency,0.0,646,646,0.07186033684815576,0.10064932749859681,0.2,1.0,0.19600932650014558,0.18828057824591493,False,False,False,,below_bounded_prescreen
seedprior__favorite_seed_games,prequential_seed_priors,0.0,646,75,0.011024861530190774,0.05154541213509014,0.4,1.0,0.07595117228260867,0.1881292204701809,False,False,False,,below_bounded_prescreen
mean__detailed__neutral__pace_mean,detailed_efficiency,0.03560371517027864,623,615,0.02825180483671137,0.04872589599325036,0.4,1.0,0.07824728994161073,0.18762563832954995,False,False,False,,below_bounded_prescreen
absdiff__compact__rest_days_mean,compact_performance,0.0,646,457,-0.03545696955467083,0.11692038871999869,0.2,1.0,0.20807574314811478,0.18759929016170238,False,False,False,,below_bounded_prescreen
diff__compact__last5_points_against_mean,compact_performance,0.0,646,189,0.06221942430326671,0.09915230052323618,0.2,1.0,0.14216317802000344,0.1875948504770719,False,False,False,,below_bounded_prescreen
absdiff__compact__home_win_pct,compact_performance,0.0,646,251,0.03880435049280143,0.1157303648526596,0.2,1.0,0.2194271818658987,0.187310444963057,False,False,False,,below_bounded_prescreen
absdiff__compact__last5_margin_mean,compact_performance,0.0,646,99,-0.0119927394450821,0.12607169807618224,0.2,1.0,0.2219273163067743,0.18627572510221457,False,False,False,,below_bounded_prescreen
mean__schedule__opponent_strength_std,schedule_and_accomplishment,0.0,646,645,-0.041275492211199825,0.10966988027545913,0.2,1.0,0.1881324512524034,0.18619685276858822,False,False,False,,below_bounded_prescreen
diff__detailed__clean__ftpct_median,detailed_efficiency,0.0,646,572,0.026812499429992448,0.1107179707891127,0.2,1.0,0.12230939597033165,0.18615100001455917,False,False,False,,below_bounded_prescreen
absdiff__compact__ewm_h10_margin,compact_performance,0.0,646,646,0.04827497968851258,0.10335595210619138,0.2,1.0,0.15715706762391649,0.185945069837488,False,False,False,,below_bounded_prescreen
absdiff__massey__system_rth,massey_consensus,0.0,646,425,-0.040460423788017806,0.11261934357479952,0.2,1.0,0.22818411130883862,0.18583121369691416,False,False,False,,below_bounded_prescreen
absdiff__rating__margin_ridge_a5p0_percentile,global_strength_ratings,0.0,646,421,-0.021177554744487743,0.12111803633546839,0.2,1.0,0.22418528856877926,0.18582830794206096,False,False,False,,below_bounded_prescreen
diff__compact__close3_win_pct,compact_performance,0.04179566563467492,619,137,0.0766547481096889,0.09963132908217759,0.2,1.0,0.18911763392826814,0.1857787239356721,False,False,False,,below_bounded_prescreen
diff__detailed__all__ftpct_median,detailed_efficiency,0.0,646,570,0.027186953117303823,0.10960433951379539,0.2,1.0,0.12165090582955501,0.1857251764192464,False,False,False,,below_bounded_prescreen
absdiff__detailed__neutral__pace_mean,detailed_efficiency,0.03560371517027864,623,616,0.027168237105808363,0.11683573450006765,0.2,1.0,0.1706452671856285,0.1843840568222629,False,False,False,,below_bounded_prescreen
absdiff__detailed__last10__def_rtg_mean,detailed_efficiency,0.0,646,646,-0.03197634570317819,0.11105788106263817,0.2,1.0,0.20626010484458934,0.18409217477098197,False,False,False,,below_bounded_prescreen
absdiff__detailed__all__orb_pct_ros,detailed_efficiency,0.0,646,646,-0.03529516150588343,0.11037321721150643,0.2,1.0,0.22375522963903197,0.18379387060725616,False,False,False,,below_bounded_prescreen
absdiff__compact__last10_margin_std,compact_performance,0.0,646,646,0.047924294131663034,0.10181457208374863,0.2,1.0,0.1961327581775581,0.1835690289820629,False,False,False,,below_bounded_prescreen
absdiff__detailed__ewm_h10__oppefg,detailed_efficiency,0.0,646,646,-0.06291392360610162,0.09313603599060401,0.2,1.0,0.1752246727020644,0.1835373735607497,False,False,False,,below_bounded_prescreen
absdiff__detailed__last5__def_rtg_mean,detailed_efficiency,0.0,646,646,-0.004672352344959104,0.12255122333162419,0.2,1.0,0.20809326535722378,0.18352877410078167,False,False,False,,below_bounded_prescreen
mean__compact__rest_days_std,compact_performance,0.0,646,646,-0.023733005023571598,0.11026352196498952,0.2,1.0,0.16600012669129172,0.18350774658072905,False,False,False,,below_bounded_prescreen
diff__detailed__all__drbpct_median,detailed_efficiency,0.0,646,622,0.051841154764499325,0.09836792491730677,0.2,1.0,0.1799638863223209,0.1834231025556043,False,False,False,,below_bounded_prescreen
absdiff__compact__home_margin_std,compact_performance,0.0,646,646,-0.012527419102257029,0.11909660643922562,0.2,1.0,0.21676855252128346,0.18325166119247352,False,False,False,,below_bounded_prescreen
absdiff__massey__rank_improvement_std,massey_consensus,0.0,646,646,0.006397963839498148,0.11697175499636081,0.2,1.0,0.16118768863735775,0.1831064868974485,False,False,False,,below_bounded_prescreen
diff__detailed__ewm_h5__fg3attemptrate,detailed_efficiency,0.0,646,646,-0.04727840841976343,0.10261196912373458,0.2,1.0,0.21904095598692488,0.18289335679226354,False,False,False,,below_bounded_prescreen
mean__detailed__clean__ftmaderate_mean,detailed_efficiency,0.0,646,646,-0.03762504314437349,0.10491055498213783,0.2,1.0,0.19783762458729623,0.18272107089969647,False,False,False,,below_bounded_prescreen
diff__detailed__clean__drbpct_median,detailed_efficiency,0.0,646,624,0.05137183285134572,0.09697629964019773,0.2,1.0,0.17950426468866482,0.1826702564670444,False,False,False,,below_bounded_prescreen
mean__detailed__all__ftmaderate_mean,detailed_efficiency,0.0,646,646,-0.037499878620598476,0.10484519039239301,0.2,1.0,0.1990510583304342,0.18261362235166292,False,False,False,,below_bounded_prescreen
absdiff__detailed__clean__orb_pct_ros,detailed_efficiency,0.0,646,646,-0.03424740518530391,0.10759892414711668,0.2,1.0,0.21801888456552457,0.18246115734876187,False,False,False,,below_bounded_prescreen
absdiff__detailed__all__off_rtg_ros,detailed_efficiency,0.0,646,646,0.0375531626178381,0.10390075431295932,0.2,1.0,0.21626171077857834,0.1814835894150017,False,False,False,,below_bounded_prescreen
absdiff__detailed__last20__opp_efg_mean,detailed_efficiency,0.0,646,646,-0.005356957537098893,0.11616635850709695,0.2,1.0,0.18976020702858673,0.18134797446042483,False,False,False,,below_bounded_prescreen
absdiff__compact__day90plus_win_pct,compact_performance,0.0,646,219,-0.03151402700464328,0.10351776492451073,0.2,1.0,0.19242597217660917,0.18092457421772232,False,False,False,,below_bounded_prescreen
diff__compact__last10_points_against_mean,compact_performance,0.0,646,279,0.0032351790692321586,0.11832416202821386,0.2,1.0,0.22169947314643218,0.18063935824291644,False,False,False,,below_bounded_prescreen
absdiff__detailed__last10__efg_mean,detailed_efficiency,0.0,646,646,-0.05603665463848163,0.09173565521689217,0.2,1.0,0.19506561615453605,0.18055855387839276,False,False,False,,below_bounded_prescreen
absdiff__detailed__all__oppftmaderate_median,detailed_efficiency,0.0,646,637,-0.021395040968358932,0.10681640477275725,0.2,1.0,0.19207292980039825,0.1802958661119465,False,False,False,,below_bounded_prescreen
mean__compact__day120plus_games,compact_performance,0.0,646,9,-0.03165335975768419,0.0977159917186105,0.2,1.0,0.14047245673542658,0.18024851690220653,False,False,False,,below_bounded_prescreen
absdiff__rating__elo_mov_log_z,dynamic_ratings,0.0,646,646,0.005516334245008377,0.1135789068879563,0.2,1.0,0.18840151791561055,0.18019540812349646,False,False,False,,below_bounded_prescreen
absdiff__rating__elo_mov_log,dynamic_ratings,0.0,646,646,0.005421594720048277,0.11357889628820717,0.2,1.0,0.18840150723779286,0.18017456076723837,False,False,False,,below_bounded_prescreen
absdiff__detailed__last10__tov_pct_mean,detailed_efficiency,0.0,646,646,0.0216545945254293,0.10507338737917518,0.2,1.0,0.17897436525714322,0.1800402621273128,False,False,False,,below_bounded_prescreen
absdiff__detailed__clean__oppftmaderate_median,detailed_efficiency,0.0,646,637,-0.021145104645932705,0.10628932266543215,0.2,1.0,0.19398095503675244,0.17991155970004255,False,False,False,,below_bounded_prescreen
absdiff__compact__day110plus_margin_mean,compact_performance,0.0,646,481,-0.032468000852538245,0.09964098459518339,0.2,1.0,0.17794122666032508,0.17985298372683345,False,False,False,,below_bounded_prescreen
absdiff__detailed__clean__off_rtg_ros,detailed_efficiency,0.0,646,646,0.03776317049890747,0.09869253487843964,0.2,1.0,0.21135386919149302,0.17922615948375095,False,False,False,,below_bounded_prescreen
absdiff__detailed__poss0p44__off_rtg_mean,detailed_efficiency,0.0,646,646,0.0346824986601754,0.09996910533171252,0.2,1.0,0.22144689587529132,0.17875744442944894,False,False,False,,below_bounded_prescreen
absdiff__norm__rating__elo_mov_538__z,within_season_normalization,0.0,646,646,0.005830278627355702,0.10957956148323353,0.2,1.0,0.1834387887951759,0.1785432992581633,False,False,False,,below_bounded_prescreen
absdiff__rating__elo_mov_538_z,dynamic_ratings,0.0,646,646,0.005830278627355702,0.10957956148323353,0.2,1.0,0.1834387887951759,0.1785432992581633,False,False,False,,below_bounded_prescreen
absdiff__rating__elo_mov_538,dynamic_ratings,0.0,646,646,0.005746154898216799,0.10957956152178434,0.2,1.0,0.1834387950362489,0.17852479180661424,False,False,False,,below_bounded_prescreen
absdiff__rating__bt_c0p25_percentile,global_strength_ratings,0.0,646,393,-0.041834235570943804,0.17246241576919275,0.0,1.0,0.3409411831607647,0.17834784406838958,False,False,False,,below_bounded_prescreen
absdiff__compact__neutral_margin_mean,compact_performance,0.03560371517027864,623,400,-0.08238456687079374,0.08188063420012773,0.2,1.0,0.2114354814857971,0.17812159265458177,False,False,False,,below_bounded_prescreen
absdiff__adj__net_rtg_a10p0_z,opponent_adjusted_efficiency,0.0,646,646,0.006985058689825923,0.10928469226944591,0.2,1.0,0.19717121446590405,0.17810651662245958,False,True,True,40.0,selected
absdiff__norm__adj__net_rtg_a10p0__z,within_season_normalization,0.0,646,646,0.006985058689825923,0.10928469226944591,0.2,1.0,0.19717121446590405,0.17810651662245958,False,False,False,,below_bounded_prescreen
absdiff__adj__net_rtg_a10p0,opponent_adjusted_efficiency,0.0,646,646,0.0061258362183550606,0.1092846907002413,0.2,1.0,0.19717121563765144,0.17791748687864786,False,True,False,,correlation_pruned_or_cap
absdiff__detailed__poss0p475__off_rtg_mean,detailed_efficiency,0.0,646,646,0.034862278884820276,0.09755323198183022,0.2,1.0,0.21929904620942064,0.17772329085756214,False,False,False,,below_bounded_prescreen
absdiff__norm__compact__win_pct__z,within_season_normalization,0.0,646,576,-0.015274806478000768,0.10386308695075948,0.2,1.0,0.18962149384417454,0.17762987940775773,False,False,False,,below_bounded_prescreen
absdiff__compact__win_pct,compact_performance,0.0,646,478,-0.014684039444803832,0.10386309064836403,0.2,1.0,0.18962149567491476,0.17749991236207502,False,False,False,,below_bounded_prescreen
absdiff__schedule__wp,schedule_and_accomplishment,0.0,646,478,-0.014684039444803832,0.10386309064836403,0.2,1.0,0.18962149567491476,0.17749991236207502,False,False,False,,below_bounded_prescreen
seedprior__exact_pair_games,prequential_seed_priors,0.0,646,72,-0.0407104617108515,0.09325760890211982,0.2,1.0,0.20697325496885266,0.17744102365065073,False,False,False,,below_bounded_prescreen
absdiff__detailed__away__def_rtg_mean,detailed_efficiency,0.0,646,646,0.030918537778507355,0.09381574266041692,0.2,1.0,0.16668374507911476,0.17716628498510717,False,False,False,,below_bounded_prescreen
diff__compact__last20_margin_std,compact_performance,0.0,646,646,0.04560633448983597,0.0867801050224378,0.2,1.0,0.16403765077422666,0.177126337967565,False,False,False,,below_bounded_prescreen
mean__compact__games,compact_performance,0.0,646,15,-0.032062151744561486,0.10018031637091196,0.2,1.0,0.25175890227829323,0.17706986915070955,False,False,False,,below_bounded_prescreen
mean__detailed__all__games,detailed_efficiency,0.0,646,15,-0.032062151744561486,0.10018031637091196,0.2,1.0,0.25175890227829323,0.17706986915070955,False,False,False,,below_bounded_prescreen
absdiff__detailed__last20__ft_rate_mean,detailed_efficiency,0.0,646,646,0.014369442935735798,0.09828452811052232,0.2,1.0,0.14146596388551666,0.1766792123834919,False,False,False,,below_bounded_prescreen
absdiff__adj__def_rtg_a50p0,opponent_adjusted_efficiency,0.0,646,646,-0.017014364760922315,0.10059024113000443,0.2,1.0,0.1921870941407405,0.17633899222417543,False,True,True,41.0,selected
absdiff__norm__rating__margin_ridge_a25p0__z,within_season_normalization,0.0,646,646,0.00936234321901894,0.10248147160155435,0.2,1.0,0.17301178139285361,0.1763303506212161,False,False,False,,below_bounded_prescreen
absdiff__rating__margin_ridge_a25p0_z,global_strength_ratings,0.0,646,646,0.00936234321901894,0.10248147160155435,0.2,1.0,0.17301178139285361,0.1763303506212161,False,False,False,,below_bounded_prescreen
absdiff__detailed__last20__def_rtg_mean,detailed_efficiency,0.0,646,646,0.028029639125058126,0.09295718822895371,0.2,1.0,0.16386646044284758,0.17623131253969665,False,False,False,,below_bounded_prescreen
absdiff__rating__margin_ridge_a25p0,global_strength_ratings,0.0,646,646,0.008832676235232175,0.10248147792970769,0.2,1.0,0.17301178169563164,0.1762138269101855,False,False,False,,below_bounded_prescreen
mean__compact__away_games,compact_performance,0.0,646,19,-0.04907174432019227,0.08070247106412407,0.2,1.0,0.1399560497647625,0.17593472787063136,False,False,False,,below_bounded_prescreen
mean__detailed__away__games,detailed_efficiency,0.0,646,19,-0.04907174432019227,0.08070247106412407,0.2,1.0,0.1399560497647625,0.17593472787063136,False,False,False,,below_bounded_prescreen
mean__prior__program_appearances,prior_program_history,0.0,646,48,0.027691222801180845,0.09227963517507881,0.2,1.0,0.1619371935407607,0.1759088061586672,False,False,False,,below_bounded_prescreen
absdiff__compact__rest_days_std,compact_performance,0.0,646,646,0.00792252010195549,0.10044607126961073,0.2,1.0,0.1536660291407873,0.17581042746621187,False,False,False,,below_bounded_prescreen
diff__detailed__last5__efg_mean,detailed_efficiency,0.0,646,646,0.02909647965313898,0.09319984145957069,0.2,1.0,0.1864160937786507,0.17568050567313848,False,False,False,,below_bounded_prescreen
absdiff__detailed__all__tov_pct_ros,detailed_efficiency,0.0,646,646,-0.024948259570938783,0.09421031021821791,0.2,1.0,0.17794563828454366,0.1755917404789694,False,False,False,,below_bounded_prescreen
mean__detailed__clean__games,detailed_efficiency,0.0,646,15,-0.0361036559285409,0.09615908270829798,0.2,1.0,0.2675155245943733,0.17539854302048707,False,False,False,,below_bounded_prescreen
absdiff__schedule__bad_loss_penalty_sum,schedule_and_accomplishment,0.0,646,645,-0.022383473350178786,0.1680202499233302,0.0,1.0,0.25679015204611744,0.17530247801839316,False,False,False,,below_bounded_prescreen
mean__compact__home_margin_std,compact_performance,0.0,646,646,-0.03900055112899462,0.08587721792114779,0.2,1.0,0.16388636304281728,0.17524573132881707,False,False,False,,below_bounded_prescreen
mean__detailed__last10__pace_mean,detailed_efficiency,0.0,646,637,-0.023542100148769764,0.09538246678779405,0.2,1.0,0.20209280366924237,0.1748791339441008,False,False,False,,below_bounded_prescreen
absdiff__detailed__ewm_h5__efg,detailed_efficiency,0.0,646,646,-0.05453903569904491,0.07650721734476809,0.2,1.0,0.14740422336655892,0.1748258832446162,False,False,False,,below_bounded_prescreen
mean__detailed__all__ftmaderate_median,detailed_efficiency,0.0,646,637,-0.04961225791448277,0.07848803465899598,0.2,1.0,0.14465447410215707,0.17480277441341802,False,False,False,,below_bounded_prescreen
absdiff__detailed__clean__tov_pct_ros,detailed_efficiency,0.0,646,646,-0.024094946487058153,0.09245275215971274,0.2,1.0,0.17481238948192007,0.1746857136845381,False,False,False,,below_bounded_prescreen
seedprior__pooled_pair_games,prequential_seed_priors,0.03560371517027864,623,92,-0.042277857834585354,0.0892012236187919,0.2,1.0,0.16723048730452136,0.17458019935482574,False,False,False,,below_bounded_prescreen
mean__schedule__top_quartile_games,schedule_and_accomplishment,0.0,646,41,-0.008442480991385304,0.1008049054085618,0.2,1.0,0.19213250084506844,0.1745584003804117,False,False,False,,below_bounded_prescreen
absdiff__detailed__last10__pace_mean,detailed_efficiency,0.0,646,615,-0.03981832044630242,0.08173263581140139,0.2,1.0,0.13794605971384863,0.17447385329910528,False,False,False,,below_bounded_prescreen
diff__detailed__clean__opptovpct_median,detailed_efficiency,0.0,646,646,0.008878767849364859,0.09827098816550006,0.2,1.0,0.1712983946460584,0.17427146746045796,False,False,False,,below_bounded_prescreen
mean__detailed__clean__ftmaderate_median,detailed_efficiency,0.0,646,638,-0.04755733333333159,0.07755183588980724,0.2,1.0,0.14270222953860967,0.17397940537889603,False,False,False,,below_bounded_prescreen
absdiff__detailed__last5__opp_efg_mean,detailed_efficiency,0.0,646,646,0.020377923529611094,0.08602101866903278,0.2,1.0,0.10414897131653379,0.17360727328498882,False,False,False,,below_bounded_prescreen
absdiff__compact__ewm_h5_margin,compact_performance,0.0,646,646,0.003049076503490898,0.1000410786984543,0.2,1.0,0.1772218128039798,0.17360164209386686,False,False,False,,below_bounded_prescreen
mean__coach__prior_tournament_win_pct_smoothed,prior_coach_history,0.0,646,371,-0.007546865259450976,0.09723588073333318,0.2,1.0,0.16984866462848383,0.1735395865239398,False,False,False,,below_bounded_prescreen
diff__detailed__all__fg3attemptrate_mean,detailed_efficiency,0.0,646,646,-0.06687707628837837,0.07264973359862087,0.2,1.0,0.21212713342990594,0.173099743573585,False,False,False,,below_bounded_prescreen
absdiff__compact__away_win_pct,compact_performance,0.0,646,316,-0.047668350756027315,0.07211008222139889,0.2,1.0,0.10030938262501951,0.17308750132759668,False,False,False,,below_bounded_prescreen
matchup__equal_seed,matchup_context,0.0,646,2,-0.003556955297142178,0.09831231428569157,0.2,1.0,0.17238494212618877,0.1730770433374557,False,True,True,32.0,selected
mean__compact__away_margin_std,compact_performance,0.0,646,646,-0.02699351309620306,0.087028764001694,0.2,1.0,0.166096270752898,0.17306852877186188,False,False,False,,below_bounded_prescreen
absdiff__compact__away_margin_mean,compact_performance,0.0,646,592,0.0014551241985130306,0.09936023222153467,0.2,1.0,0.1753661497179897,0.17299839280128992,False,False,False,,below_bounded_prescreen
diff__detailed__all__opptovpct_median,detailed_efficiency,0.0,646,646,0.00918420400465126,0.0950310201338813,0.2,1.0,0.16639602656813576,0.17297957348256088,False,False,False,,below_bounded_prescreen
absdiff__massey__system_dok,massey_consensus,0.29721362229102166,454,290,-0.06328601055088792,0.14127810235942254,0.14285714285714285,1.0,0.19642847674320033,0.17295932545785125,False,False,False,,below_bounded_prescreen
seedprior__generic_gender_games,prequential_seed_priors,0.0,646,11,0.0029406019990432706,0.09831231428569157,0.2,1.0,0.17238494212618874,0.17294144561187394,False,False,False,,below_bounded_prescreen
mean__coach__prior_final_appearances,prior_coach_history,0.0,646,8,0.013451939575929113,0.09498139353352912,0.2,1.0,0.19368779519701745,0.1728029837949177,False,False,False,,below_bounded_prescreen
absdiff__compact__margin_median,compact_performance,0.0,646,33,0.05385850717564609,0.07308755773897269,0.2,1.0,0.1532215534368191,0.17280203715587628,False,False,False,,below_bounded_prescreen
mean__massey__ordinal_std,massey_consensus,0.0,646,646,-0.05463958554647257,0.07030981794866731,0.2,1.0,0.1251472485310004,0.17276353149434426,False,False,False,,below_bounded_prescreen
diff__detailed__ewm_h10__fg3attemptrate,detailed_efficiency,0.0,646,646,-0.05524802612701559,0.07556135907167741,0.2,1.0,0.1916179835032581,0.17275929876221827,False,False,False,,below_bounded_prescreen
diff__detailed__all__oppblockpct_median,detailed_efficiency,0.0,646,620,-0.022371056602294267,0.08770069327088026,0.2,1.0,0.15769186511427613,0.17271029061795623,False,False,False,,below_bounded_prescreen
mean__compact__neutral_games,compact_performance,0.03560371517027864,623,15,-0.012846138984531531,0.17692984911912188,0.0,1.0,0.305930245950766,0.1726669711021225,False,False,False,,below_bounded_prescreen
mean__detailed__neutral__games,detailed_efficiency,0.03560371517027864,623,15,-0.012846138984531531,0.17692984911912188,0.0,1.0,0.305930245950766,0.1726669711021225,False,False,False,,below_bounded_prescreen
absdiff__detailed__clean__oppftmaderate_mean,detailed_efficiency,0.0,646,646,-0.0368573786072974,0.07913073621996716,0.2,1.0,0.13827099882526334,0.17256053672617913,False,False,False,,below_bounded_prescreen
mean__coach__has_prior_tournament_history,prior_coach_history,0.0,646,3,0.020568167705108203,0.08776515967309952,0.2,1.0,0.15520238472009407,0.17244417814940782,False,False,False,,below_bounded_prescreen
diff__detailed__all__fg3attemptrate_median,detailed_efficiency,0.0,646,641,-0.06906310709704701,0.0730637994881859,0.2,1.0,0.2458890818306506,0.17242894404245354,False,False,False,,below_bounded_prescreen
absdiff__detailed__neutral__def_rtg_mean,detailed_efficiency,0.03560371517027864,623,623,0.038578734769806805,0.08230578634691992,0.2,1.0,0.1191927864811784,0.1723780904230096,False,False,False,,below_bounded_prescreen
mean__massey__strength_iqr,massey_consensus,0.0,646,576,-0.03338940335262598,0.08042650993367989,0.2,1.0,0.14153375130206752,0.17228904345366136,False,False,False,,below_bounded_prescreen
diff__detailed__all__netrtg_std,detailed_efficiency,0.0,646,646,0.031495248823748975,0.08565021137555673,0.2,1.0,0.19747374526459252,0.17214210639090832,False,False,False,,below_bounded_prescreen
absdiff__detailed__clean__opp_ftmade_rate_ros,detailed_efficiency,0.0,646,646,-0.03492748757654297,0.07897129454250497,0.2,1.0,0.13646056953511537,0.1721318458658372,False,False,False,,below_bounded_prescreen
absdiff__seed__number,selection_committee_prior,0.0,646,15,-0.04249824415093412,0.07553009880413816,0.2,1.0,0.13704288683776084,0.1721223456656814,False,False,False,,below_bounded_prescreen
matchup__seed_gap_abs,matchup_context,0.0,646,15,-0.04249824415093412,0.07553009880413816,0.2,1.0,0.13704288683776084,0.1721223456656814,False,True,True,33.0,selected
diff__detailed__clean__fg3attemptrate_median,detailed_efficiency,0.0,646,641,-0.06894644940188446,0.07221764028351539,0.2,1.0,0.24442080191370727,0.17205585412795368,False,False,False,,below_bounded_prescreen
absdiff__adj__net_rtg_a50p0_z,opponent_adjusted_efficiency,0.0,646,646,0.03433323149697196,0.07970991595655744,0.2,1.0,0.14754083954012898,0.17191243700687625,False,True,True,42.0,selected
absdiff__norm__adj__net_rtg_a50p0__z,within_season_normalization,0.0,646,646,0.03433323149697196,0.07970991595655744,0.2,1.0,0.14754083954012898,0.17191243700687625,False,False,False,,below_bounded_prescreen
diff__detailed__last10__efg_mean,detailed_efficiency,0.0,646,646,0.0239833625807258,0.08957437365950559,0.2,1.0,0.20991459683323865,0.1718754552509928,False,False,False,,below_bounded_prescreen
diff__detailed__all__opp_tov_pct_ros,detailed_efficiency,0.0,646,646,0.04251478609698766,0.0750390541291926,0.2,1.0,0.1397324564100762,0.17178270066694667,False,False,False,,below_bounded_prescreen
diff__detailed__clean__fg3attemptrate_mean,detailed_efficiency,0.0,646,646,-0.06773282599647992,0.06928370850394547,0.2,1.0,0.21344249125274048,0.1716197021510098,False,False,False,,below_bounded_prescreen
absdiff__adj__net_rtg_a50p0,opponent_adjusted_efficiency,0.0,646,646,0.03299552290592369,0.07970991412232206,0.2,1.0,0.14754083878146396,0.17161814026675926,False,True,False,,correlation_pruned_or_cap
absdiff__compact__close5_win_pct,compact_performance,0.006191950464396285,642,197,0.028087551290653507,0.07906826005593791,0.2,1.0,0.10647490997381152,0.1713776736746898,False,False,False,,below_bounded_prescreen
diff__detailed__clean__netrtg_std,detailed_efficiency,0.0,646,646,0.029751021263232227,0.0845448311044456,0.2,1.0,0.19575527519100974,0.1712965326004046,False,False,False,,below_bounded_prescreen
absdiff__detailed__all__oppftmaderate_mean,detailed_efficiency,0.0,646,646,-0.03689594801452372,0.0759905658705245,0.2,1.0,0.1339715818452693,0.1712337169072362,False,False,False,,below_bounded_prescreen
diff__compact__margin_iqr,compact_performance,0.0,646,115,0.030955951858713367,0.15338502346657706,0.0,1.0,0.23101545543773738,0.17119450245536444,False,False,False,,below_bounded_prescreen
diff__compact__last5_win_pct,compact_performance,0.0,646,9,-0.022134638605739568,0.08207603969217178,0.2,1.0,0.1268801155540749,0.17119091492334218,False,False,False,,below_bounded_prescreen
diff__detailed__clean__drbpct_mean,detailed_efficiency,0.0,646,646,0.04535718765224795,0.07097185604322537,0.2,1.0,0.12474177301170122,0.1710554012637747,False,False,False,,below_bounded_prescreen
absdiff__detailed__last20__off_rtg_mean,detailed_efficiency,0.0,646,646,-0.004950221282411387,0.0904996663247026,0.2,1.0,0.13826219007225105,0.17099840091509771,False,False,False,,below_bounded_prescreen
diff__detailed__clean__orbpct_std,detailed_efficiency,0.0,646,646,0.014566198749457322,0.08745347910918191,0.2,1.0,0.15604755089581324,0.1709403316614554,False,False,False,,below_bounded_prescreen
absdiff__schedule__opponent_strength_std,schedule_and_accomplishment,0.0,646,646,-0.02647074260108529,0.07936671109582227,0.2,1.0,0.13240337926489604,0.1706234495276376,False,False,False,,below_bounded_prescreen
absdiff__detailed__all__opp_ftmade_rate_ros,detailed_efficiency,0.0,646,646,-0.03500002298302222,0.07514243209354171,0.2,1.0,0.13093207744337787,0.1705310893634298,False,False,False,,below_bounded_prescreen
absdiff__norm__compact__win_pct__pct,within_season_normalization,0.0,646,471,-0.055861314738774086,0.1439371248511062,0.0,1.0,0.27228873237875983,0.1704877598759109,False,False,False,,below_bounded_prescreen
mean__massey__rank_improvement_std,massey_consensus,0.0,646,646,-0.045471298785840365,0.07173495068338906,0.2,1.0,0.16693810844753604,0.16975893772301018,False,False,False,,below_bounded_prescreen
absdiff__detailed__away__net_rtg_mean,detailed_efficiency,0.0,646,646,0.0015398645295916138,0.0907260246444479,0.2,1.0,0.15818473887093326,0.16955987247100782,False,False,False,,below_bounded_prescreen
mean__coach__prior_tournament_wins,prior_coach_history,0.0,646,81,0.003953857109905781,0.08957581484385407,0.2,1.0,0.16111332415065413,0.16942170672320306,False,False,False,,below_bounded_prescreen
mean__detailed__last20__pace_mean,detailed_efficiency,0.0,646,641,-0.021972787602823635,0.08027567499378427,0.2,1.0,0.1505581993508228,0.16934400929560475,False,False,False,,below_bounded_prescreen
absdiff__detailed__all__offrtg_std,detailed_efficiency,0.0,646,646,-0.01593618967687171,0.08072979085169604,0.2,1.0,0.13884106841189747,0.16870261860124997,False,False,False,,below_bounded_prescreen
diff__detailed__all__orbpct_std,detailed_efficiency,0.0,646,646,0.013927551958557513,0.08253045230104872,0.2,1.0,0.15124083721340642,0.16862904504684978,False,False,False,,below_bounded_prescreen
absdiff__norm__rating__pagerank_margin__z,within_season_normalization,0.0,646,646,-0.05589691826760315,0.06013919920096547,0.2,1.0,0.11698635037064942,0.16848468362051014,False,False,False,,below_bounded_prescreen
absdiff__rating__pagerank_margin_z,global_strength_ratings,0.0,646,646,-0.05589691826760315,0.06013919920096547,0.2,1.0,0.11698635037064942,0.16848468362051014,False,False,False,,below_bounded_prescreen
mean__detailed__clean__ftrate_std,detailed_efficiency,0.0,646,646,-0.027479739767423277,0.07306961520465594,0.2,1.0,0.11828042542431023,0.16838774103009557,False,False,False,,below_bounded_prescreen
absdiff__detailed__clean__ftrate_std,detailed_efficiency,0.0,646,646,0.020602792695983654,0.0766369193168395,0.2,1.0,0.1291821247702764,0.1681510506743883,False,False,False,,below_bounded_prescreen
absdiff__detailed__clean__offrtg_std,detailed_efficiency,0.0,646,646,-0.017526484741077368,0.0792233556615613,0.2,1.0,0.1452629688327603,0.16807251860727604,False,False,False,,below_bounded_prescreen
absdiff__rating__pagerank_margin,global_strength_ratings,0.0,646,646,-0.05329718242881561,0.060139192036016635,0.2,1.0,0.1169863476690477,0.1679127384048655,False,False,False,,below_bounded_prescreen
diff__detailed__clean__ftpct_mean,detailed_efficiency,0.0,646,646,0.0371902770550089,0.07303129526234925,0.2,1.0,0.1850554058917973,0.16783466644235773,False,False,False,,below_bounded_prescreen
diff__detailed__clean__ft_pct_ros,detailed_efficiency,0.0,646,646,0.022050692022012198,0.07977403062144048,0.2,1.0,0.18463407233867074,0.1677573240495873,False,False,False,,below_bounded_prescreen
absdiff__detailed__all__netrtg_std,detailed_efficiency,0.0,646,646,0.06082689355751902,0.05743674192597524,0.2,1.0,0.14294234874904135,0.16723385875716065,False,False,False,,below_bounded_prescreen
diff__detailed__clean__opp_tov_pct_ros,detailed_efficiency,0.0,646,646,0.04081309836014836,0.06590246912135841,0.2,1.0,0.13567195365039017,0.1671851886714691,False,False,False,,below_bounded_prescreen
diff__detailed__all__ftpct_mean,detailed_efficiency,0.0,646,646,0.03788319130449544,0.07133418578828232,0.2,1.0,0.18564765300042246,0.1671488051453476,False,False,False,,below_bounded_prescreen
absdiff__compact__last20_win_pct,compact_performance,0.0,646,11,-0.03862593691852001,0.06733385231849157,0.2,1.0,0.14468673920288525,0.16703048566683495,False,False,False,,below_bounded_prescreen
absdiff__massey__system_bih,massey_consensus,0.09907120743034056,582,375,-0.023736943161225387,0.13076312360937933,0.1111111111111111,1.0,0.28287399794222373,0.16652554809363326,False,False,False,,below_bounded_prescreen
diff__detailed__all__ft_pct_ros,detailed_efficiency,0.0,646,646,0.02350515901363904,0.07593964702262372,0.2,1.0,0.1836186971323886,0.16627741766856444,False,False,False,,below_bounded_prescreen
mean__detailed__all__ftrate_std,detailed_efficiency,0.0,646,646,-0.030524900687655992,0.06809077433435876,0.2,1.0,0.12982116944010189,0.16620620305417244,False,False,False,,below_bounded_prescreen
absdiff__detailed__last5__orb_pct_mean,detailed_efficiency,0.0,646,646,0.03521779435575586,0.06778190385114742,0.2,1.0,0.15443134539141468,0.16610597479116046,False,False,False,,below_bounded_prescreen
mean__coach__prior_tournament_games,prior_coach_history,0.0,646,109,0.003755019145766119,0.08195061915546961,0.2,1.0,0.15317661439623623,0.16603533683084454,False,False,False,,below_bounded_prescreen
mean__compact__rest_days_mean,compact_performance,0.0,646,489,0.04479461583139759,0.13807486321212628,0.0,1.0,0.2568865361048692,0.16585528838053332,False,False,False,,below_bounded_prescreen
absdiff__detailed__all__oppefg_mean,detailed_efficiency,0.0,646,646,-0.03052530082868465,0.14577216717522312,0.0,1.0,0.27145160303241317,0.1658281423051212,False,False,False,,below_bounded_prescreen
absdiff__detailed__ewm_h5__oppefg,detailed_efficiency,0.0,646,646,-0.004368349119224933,0.07750788910560967,0.2,1.0,0.11299348222682114,0.1656450842878493,False,False,False,,below_bounded_prescreen
absdiff__detailed__clean__netrtg_std,detailed_efficiency,0.0,646,646,0.059436999973401496,0.055117032620709445,0.2,1.0,0.14751477171590754,0.16563172478345256,False,False,False,,below_bounded_prescreen
absdiff__schedule__elite_wins,schedule_and_accomplishment,0.0,646,11,-0.014280359452082447,0.0710357089399383,0.2,1.0,0.0911406524892612,0.16559319327105806,False,False,False,,below_bounded_prescreen
absdiff__rating__elo_standard_preseason,dynamic_ratings,0.0,646,646,0.016573196386968136,0.07567000196997191,0.2,1.0,0.1599002536551557,0.1655716940045133,False,False,False,,below_bounded_prescreen
diff__detailed__last5__opp_efg_mean,detailed_efficiency,0.0,646,646,-0.013429762818549587,0.0742935372185226,0.2,1.0,0.13249164201002203,0.16531578000457087,False,False,False,,below_bounded_prescreen
absdiff__compact__pythag_exp11p5,compact_performance,0.0,646,646,0.001556185582676395,0.08059370253334686,0.2,1.0,0.14474336199550478,0.1652376035643751,False,False,False,,below_bounded_prescreen
absdiff__compact__pythag_exp10p0,compact_performance,0.0,646,646,0.006147424534701634,0.07745019277917006,0.2,1.0,0.13768961504597407,0.16502094132979703,False,False,False,,below_bounded_prescreen
absdiff__compact__pythag_exp8p0,compact_performance,0.0,646,646,0.012651483842691689,0.07422275552964298,0.2,1.0,0.13614104158085233,0.16496460743638672,False,False,False,,below_bounded_prescreen
diff__detailed__last20__pace_mean,detailed_efficiency,0.0,646,641,0.028387281908001105,0.1430497389993903,0.0,1.0,0.24973857334249117,0.16491953380576796,False,False,False,,below_bounded_prescreen
absdiff__detailed__clean__oppefg_mean,detailed_efficiency,0.0,646,646,-0.032462520426364994,0.1430038749353268,0.0,1.0,0.2759325751184988,0.1647463114580172,False,False,False,,below_bounded_prescreen
absdiff__massey__system_wob,massey_consensus,0.09907120743034056,582,368,-0.03017108037497116,0.12145022520988413,0.1111111111111111,1.0,0.25139114939656054,0.16473018099072617,False,False,False,,below_bounded_prescreen
interaction__pace_mean,matchup_interactions,0.0,646,646,-0.012841333769825925,0.07379300572321047,0.2,1.0,0.14270180388006298,0.1645376640213002,False,False,False,,below_bounded_prescreen
mean__detailed__all__pace_ros,detailed_efficiency,0.0,646,646,-0.012841333769825925,0.07379300572321047,0.2,1.0,0.14270180388006298,0.1645376640213002,False,False,False,,below_bounded_prescreen
mean__detailed__clean__pace_ros,detailed_efficiency,0.0,646,646,-0.012505408436998195,0.07349502741869081,0.2,1.0,0.14027252795575973,0.1644179018988808,False,False,False,,below_bounded_prescreen
diff__compact__last5_margin_median,compact_performance,0.0,646,47,0.023363076550219335,0.06620788867919393,0.2,1.0,0.11422694463311761,0.16435058562173666,False,False,False,,below_bounded_prescreen
absdiff__compact__last10_win_pct,compact_performance,0.0,646,8,-0.01045629975521184,0.07376240192896247,0.2,1.0,0.13835233187230664,0.16417224559715635,False,False,False,,below_bounded_prescreen
mean__prior__program_tournament_games,prior_program_history,0.0,646,128,0.025445290952749534,0.06880658068170568,0.2,1.0,0.16767530497955693,0.16391811053764135,False,False,False,,below_bounded_prescreen
absdiff__detailed__clean__orbpct_std,detailed_efficiency,0.0,646,646,0.0026561062535697647,0.07545392530458533,0.2,1.0,0.1319672011509855,0.1635235394759469,False,False,False,,below_bounded_prescreen
absdiff__detailed__all__orbpct_std,detailed_efficiency,0.0,646,646,-0.0010492707741521258,0.07542718019887269,0.2,1.0,0.12580328162640436,0.1634037548007162,False,False,False,,below_bounded_prescreen
absdiff__massey__ordinal_max,massey_consensus,0.0,646,187,-0.0066435572999927256,0.15233735876204352,0.0,1.0,0.2851202334346653,0.16317870547439267,False,False,False,,below_bounded_prescreen
absdiff__detailed__last10__opp_efg_mean,detailed_efficiency,0.0,646,646,0.0013061004409892127,0.07892746339986068,0.2,1.0,0.17969004760719826,0.16298492262466283,False,False,False,,below_bounded_prescreen
absdiff__detailed__last5__pace_mean,detailed_efficiency,0.0,646,583,-0.011618986093249012,0.1486836986133669,0.0,1.0,0.27556963336169815,0.16290156694046296,False,False,False,,below_bounded_prescreen
mean__geography__neutral_games_with_city,geography_and_schedule_dispersion,0.0,646,14,0.041403080316833984,0.0,0.3333333333333333,1.0,0.0,0.16244201100303682,False,False,False,,below_bounded_prescreen
absdiff__compact__pythag_residual_exp10p0,compact_performance,0.0,646,646,0.03127568102302369,0.05563562851966801,0.2,1.0,0.09337110258219843,0.1618509074112179,False,False,False,,below_bounded_prescreen
mean__geography__games_with_city,geography_and_schedule_dispersion,0.0,646,12,0.03772778413433511,0.0,0.3333333333333333,1.0,0.0,0.16163344584288705,False,False,False,,below_bounded_prescreen
diff__detailed__away__pace_mean,detailed_efficiency,0.0,646,646,-0.026169251612302557,0.05900133481120347,0.2,1.0,0.1325155553353932,0.1607772538506685,False,False,False,,below_bounded_prescreen
absdiff__detailed__all__ftrate_std,detailed_efficiency,0.0,646,646,0.013956062086206259,0.06251022117334205,0.2,1.0,0.10921009082115288,0.16070683618932347,False,False,False,,below_bounded_prescreen
diff__detailed__ewm_h5__defrtg,detailed_efficiency,0.0,646,646,-0.01747548504017856,0.06054163036072849,0.2,1.0,0.10806834723086414,0.1605818553927544,False,False,False,,below_bounded_prescreen
absdiff__rating__elo_standard_delta,dynamic_ratings,0.0,646,646,-0.019957616637261616,0.05811938491938118,0.2,1.0,0.10273069875964563,0.1601787524711147,False,False,False,,below_bounded_prescreen
diff__detailed__neutral__def_rtg_mean,detailed_efficiency,0.03560371517027864,623,623,0.012201405786236715,0.06877701469431571,0.2,1.0,0.11946554151367544,0.16007035745207432,False,False,False,,below_bounded_prescreen
absdiff__detailed__last5__efg_mean,detailed_efficiency,0.0,646,645,-0.03315918348857037,0.050258927939056675,0.2,1.0,0.084353006331506,0.16004518552497246,False,False,False,,below_bounded_prescreen
absdiff__detailed__clean__ftmaderate_median,detailed_efficiency,0.0,646,637,0.0006113836353493122,0.06801399895814389,0.2,1.0,0.122787949613906,0.15986970591512967,False,False,False,,below_bounded_prescreen
absdiff__compact__day110plus_win_pct,compact_performance,0.0,646,90,-0.013563202272399402,0.06028814799121941,0.2,1.0,0.10223930249888782,0.15983264343575768,False,False,False,,below_bounded_prescreen
mean__prior__program_tournament_wins,prior_program_history,0.0,646,102,0.023459578743646695,0.0599128259375544,0.2,1.0,0.15856552065595483,0.1595766429473902,False,False,False,,below_bounded_prescreen
mean__compact__neutral_margin_std,compact_performance,0.08668730650154799,590,588,-0.03162340592906696,0.07127309785092498,0.2,1.0,0.16898820186672164,0.15947372367804602,False,False,False,,below_bounded_prescreen
absdiff__detailed__all__opp_efg_ros,detailed_efficiency,0.0,646,646,-0.03167063323646517,0.13120588851452797,0.0,1.0,0.2707586454861427,0.15911601997955005,False,False,False,,below_bounded_prescreen
absdiff__adj__net_rtg_a10p0_percentile,opponent_adjusted_efficiency,0.0,646,400,-0.0122613417167367,0.14093941388557724,0.0,1.0,0.28397320007013016,0.15898948583995393,False,True,True,43.0,selected
absdiff__norm__adj__net_rtg_a10p0__pct,within_season_normalization,0.0,646,400,-0.0122613417167367,0.14093941388557724,0.0,1.0,0.28397320007013016,0.15898948583995393,False,False,False,,below_bounded_prescreen
absdiff__detailed__clean__opp_efg_ros,detailed_efficiency,0.0,646,646,-0.03332589870783064,0.12993129711300314,0.0,1.0,0.2706675543859883,0.15887201815452473,False,False,False,,below_bounded_prescreen
absdiff__massey__system_sel,massey_consensus,0.09907120743034056,582,392,-0.030446406566887792,0.10457037665820754,0.1111111111111111,1.0,0.20707595992920044,0.15846103302683745,False,False,False,,below_bounded_prescreen
mean__prior__program_championships,prior_program_history,0.0,646,6,0.013616595220992643,0.060309688237606754,0.2,1.0,0.13853571650339763,0.15840287264253372,False,False,False,,below_bounded_prescreen
absdiff__detailed__last10__net_rtg_mean,detailed_efficiency,0.0,646,646,-0.011860362551620771,0.059289259041510695,0.2,1.0,0.11717777541278851,0.15838101308477018,False,False,False,,below_bounded_prescreen
absdiff__compact__half_marginmean_first,compact_performance,0.0,646,576,0.018143299852312014,0.1320997773138689,0.0,1.0,0.23021084108489565,0.1581909854347699,False,False,False,,below_bounded_prescreen
absdiff__detailed__last10__orb_pct_mean,detailed_efficiency,0.0,646,646,0.032887396221354635,0.05429454065063369,0.2,1.0,0.1780871650396035,0.15817312007941808,False,False,False,,below_bounded_prescreen
absdiff__rating__elo_mov_538_preseason,dynamic_ratings,0.0,646,646,0.022507314400184414,0.04968035332312304,0.2,1.0,0.07589334303147915,0.15776244504188044,False,False,False,,below_bounded_prescreen
absdiff__detailed__all__ft_rate_ros,detailed_efficiency,0.0,646,646,-0.015238986248834276,0.05546056324038205,0.2,1.0,0.10795449152631821,0.1576554676690742,False,False,False,,below_bounded_prescreen
absdiff__norm__rating__margin_ridge_a25p0__pct,within_season_normalization,0.0,646,400,-0.009798697219187885,0.1389119736687098,0.0,1.0,0.2884636087109612,0.15729491640076357,False,False,False,,below_bounded_prescreen
absdiff__rating__margin_ridge_a25p0_percentile,global_strength_ratings,0.0,646,400,-0.009798697219187885,0.1389119736687098,0.0,1.0,0.2884636087109612,0.15729491640076357,False,False,False,,below_bounded_prescreen
seedprior__gap_games,prequential_seed_priors,0.0,646,88,0.029656345913177867,0.048091576687923986,0.2,1.0,0.11056114358488925,0.15718590716770708,False,False,False,,below_bounded_prescreen
mean__compact__close5_games,compact_performance,0.0,646,23,-0.02372116000775416,0.051415168528959665,0.2,1.0,0.1245428753186528,0.15691622108286044,False,False,False,,below_bounded_prescreen
diff__detailed__clean__defrtg_std,detailed_efficiency,0.0,646,646,0.051769498295420366,0.03917539778629781,0.2,1.0,0.13326740724677394,0.1568627842725445,False,False,False,,below_bounded_prescreen
absdiff__rating__elo_mov_log_preseason,dynamic_ratings,0.0,646,646,0.020829860059931725,0.047854101088696935,0.2,1.0,0.07110140543398014,0.1567084815184003,False,False,False,,below_bounded_prescreen
absdiff__detailed__all__ftmaderate_median,detailed_efficiency,0.0,646,637,0.00023149603778851367,0.05822986409986805,0.2,1.0,0.10779344961527779,0.155689525911639,False,False,False,,below_bounded_prescreen
diff__detailed__last5__four_factor_edge_mean,detailed_efficiency,0.0,646,646,-0.005698425721144441,0.05603841929647129,0.2,1.0,0.11188045422945674,0.15567687675177974,False,False,False,,below_bounded_prescreen
absdiff__rating__elo_mov_log_delta,dynamic_ratings,0.0,646,646,-0.019775269555201754,0.0468334826451748,0.2,1.0,0.09559123769589278,0.1550069814639926,False,False,False,,below_bounded_prescreen
absdiff__compact__ewm_h20_margin,compact_performance,0.0,646,646,-0.011828627736736234,0.12944293264286064,0.0,1.0,0.24355460243254673,0.1549927216733532,False,False,False,,below_bounded_prescreen
mean__conference__tourney_games,conference_context,0.018575851393188854,634,7,-0.0383484143074102,0.04620795595378202,0.2,1.0,0.16204337746418893,0.15464866679542294,False,False,False,,below_bounded_prescreen
absdiff__rating__elo_mov_538_delta,dynamic_ratings,0.0,646,646,-0.019395869205845597,0.045305217902893116,0.2,1.0,0.08708834495210481,0.15453006202059055,False,False,False,,below_bounded_prescreen
absdiff__compact__last20_margin_median,compact_performance,0.0,646,34,0.028152840571788254,0.11728656647903715,0.0,1.0,0.19906379418854273,0.15452862506818954,False,False,False,,below_bounded_prescreen
diff__detailed__all__defrtg_std,detailed_efficiency,0.0,646,646,0.05092548241072151,0.03466228900483334,0.2,1.0,0.13579053803684768,0.1544098833312048,False,False,False,,below_bounded_prescreen
absdiff__detailed__neutral__net_rtg_mean,detailed_efficiency,0.03560371517027864,623,623,-0.0777521305860491,0.09847954015162952,0.0,1.0,0.18352491229519347,0.15418635429628294,False,False,False,,below_bounded_prescreen
diff__compact__ewm_h5_points_against,compact_performance,0.0,646,646,0.0021863826905234923,0.1301900266034222,0.0,1.0,0.22979979531536526,0.15378022514894324,False,False,False,,below_bounded_prescreen
absdiff__compact__pythag_residual_exp11p5,compact_performance,0.0,646,646,0.027373429950114284,0.04179011585997876,0.2,1.0,0.1109559750050183,0.15364317120161422,False,False,False,,below_bounded_prescreen
absdiff__massey__ordinal_std,massey_consensus,0.0,646,646,0.0010344894393491345,0.13017927557719058,0.0,1.0,0.23774550916042061,0.15320381958729148,False,False,False,,below_bounded_prescreen
diff__detailed__clean__oppftpct_mean,detailed_efficiency,0.0,646,646,-0.03200599304563315,0.11327087890203856,0.0,1.0,0.2333815001177258,0.15207608033830877,False,False,False,,below_bounded_prescreen
mean__schedule__top_decile_games,schedule_and_accomplishment,0.0,646,25,-0.025206984149882514,0.03633812590544936,0.2,1.0,0.07985938566572887,0.1517934615209607,False,False,False,,below_bounded_prescreen
absdiff__detailed__home__off_rtg_mean,detailed_efficiency,0.0,646,646,0.02414107192013165,0.11358772607141272,0.0,1.0,0.20343888800013274,0.15169558881670178,False,False,False,,below_bounded_prescreen
absdiff__compact__last20_margin_std,compact_performance,0.0,646,646,-0.01989841053128706,0.03698134863029747,0.2,1.0,0.0635632649930025,0.15158616705970585,False,False,False,,below_bounded_prescreen
absdiff__compact__last10_margin_mean,compact_performance,0.0,646,136,-0.01469615843215393,0.04027918494427858,0.2,1.0,0.0757765615288068,0.1515361011671753,False,False,False,,below_bounded_prescreen
diff__detailed__all__oppftpct_mean,detailed_efficiency,0.0,646,646,-0.033218342632314005,0.10946189389559541,0.0,1.0,0.22509112364056075,0.15084609950337247,False,False,False,,below_bounded_prescreen
mean__compact__days_since_last_game,compact_performance,0.0,646,16,-0.01381832133847961,0.11694521520639803,0.0,1.0,0.2116648739841325,0.15070713903417127,False,False,False,,below_bounded_prescreen
absdiff__rating__bt_c0p25_z,global_strength_ratings,0.0,646,646,-0.016484217909030836,0.11433750179679304,0.0,1.0,0.20980630942562062,0.15011627642542263,False,False,False,,below_bounded_prescreen
absdiff__rating__bt_c0p25,global_strength_ratings,0.0,646,646,-0.016342068113417662,0.11433749728396961,0.0,1.0,0.20980630139776285,0.1500850016253468,False,False,False,,below_bounded_prescreen
absdiff__compact__margin_q75,compact_performance,0.0,646,74,0.02088529942398248,0.10892076834839472,0.0,1.0,0.17865204715682242,0.14973065279423273,False,False,False,,below_bounded_prescreen
absdiff__adj__net_rtg_a50p0_percentile,opponent_adjusted_efficiency,0.0,646,389,-0.0005324801618949485,0.12092844547571385,0.0,1.0,0.21783684022245298,0.14944932585506143,False,True,True,44.0,selected
absdiff__norm__adj__net_rtg_a50p0__pct,within_season_normalization,0.0,646,389,-0.0005324801618949485,0.12092844547571385,0.0,1.0,0.21783684022245298,0.14944932585506143,False,False,False,,below_bounded_prescreen
absdiff__detailed__poss0p475__net_rtg_mean,detailed_efficiency,0.0,646,646,0.03638903816243181,0.10047895000731037,0.0,1.0,0.17139900731868593,0.14937952410649655,False,False,False,,below_bounded_prescreen
absdiff__detailed__poss0p44__net_rtg_mean,detailed_efficiency,0.0,646,646,0.03635854166687111,0.10016328298529709,0.0,1.0,0.17072107086575247,0.14924841216502416,False,False,False,,below_bounded_prescreen
diff__compact__day110plus_win_pct,compact_performance,0.0,646,143,0.010708949802051773,0.11295678898413339,0.0,1.0,0.19476599764246666,0.14878458776313674,False,False,False,,below_bounded_prescreen
interaction__clean_shooting_attack_defense_edge,matchup_interactions,0.0,646,646,-0.0059099337301333505,0.11669964337689882,0.0,1.0,0.21850660711950523,0.1485757499567606,False,False,False,,below_bounded_prescreen
interaction__shooting_attack_defense_edge,matchup_interactions,0.0,646,646,-0.005235834700628412,0.1157181524896989,0.0,1.0,0.21836115757590518,0.14796215052615752,False,False,False,,below_bounded_prescreen
absdiff__norm__detailed__all__net_rtg_ros__z,within_season_normalization,0.0,646,646,0.03526276539632701,0.09769808239809999,0.0,1.0,0.17298859239330677,0.14773334424254767,False,False,False,,below_bounded_prescreen
absdiff__detailed__all__net_rtg_ros,detailed_efficiency,0.0,646,646,0.03490406460000689,0.09769808321565038,0.0,1.0,0.17298858463499506,0.14765443077011392,False,False,False,,below_bounded_prescreen
absdiff__norm__detailed__clean__net_rtg_ros__z,within_season_normalization,0.0,646,646,0.03255780062301395,0.09853208621803258,0.0,1.0,0.18719667807688195,0.14697025039864345,False,False,False,,below_bounded_prescreen
absdiff__detailed__clean__net_rtg_ros,detailed_efficiency,0.0,646,646,0.032135603907431136,0.09853208859969151,0.0,1.0,0.1871966730454372,0.1468773684656693,False,False,False,,below_bounded_prescreen
absdiff__massey__system_dun,massey_consensus,0.19814241486068113,518,340,-0.024345606821241674,0.13676372649696816,0.0,1.0,0.24736895426531036,0.145256470859751,False,False,False,,below_bounded_prescreen
absdiff__detailed__last20__tov_pct_mean,detailed_efficiency,0.0,646,646,-0.0053831904428767825,0.10678171915725904,0.0,1.0,0.19620969462672183,0.14459113930784837,False,False,False,,below_bounded_prescreen
mean__compact__last5_margin_std,compact_performance,0.0,646,645,0.04003428083275071,0.08709625168253957,0.0,1.0,0.15247375355017792,0.14451479244881704,False,False,False,,below_bounded_prescreen
absdiff__detailed__ewm_h10__efg,detailed_efficiency,0.0,646,646,0.006210404729265641,0.10853241921987747,0.0,1.0,0.22649442485858173,0.14440207327163637,False,False,False,,below_bounded_prescreen
absdiff__adj__off_rtg_a10p0,opponent_adjusted_efficiency,0.0,646,646,0.028826957259675573,0.09651143745499899,0.0,1.0,0.2216507968059779,0.14380138870328904,False,False,False,,below_bounded_prescreen
mean__prior__program_final_appearances,prior_program_history,0.0,646,12,0.02494508618573343,0.09445664660368713,0.0,1.0,0.20207207905627733,0.1427442261683801,False,False,False,,below_bounded_prescreen
mean__detailed__last5__pace_mean,detailed_efficiency,0.0,646,619,0.012219473995334055,0.09534884320915175,0.0,1.0,0.14413843896502138,0.14269019146076548,False,False,False,,below_bounded_prescreen
absdiff__compact__margin_q10,compact_performance,0.0,646,164,-0.00070076335477299,0.10193514125984807,0.0,1.0,0.16031588438112365,0.1426704003675322,False,False,False,,below_bounded_prescreen
absdiff__conference__tourney_win_pct,conference_context,0.018575851393188854,634,9,-0.028819968548370725,0.09242858659738028,0.0,1.0,0.16721238106488004,0.14253155129333378,False,False,False,,below_bounded_prescreen
diff__detailed__all__fg3_attempt_rate_ros,detailed_efficiency,0.0,646,646,-0.06776920913449011,0.07434175534422552,0.0,1.0,0.20360724953300977,0.1424489785934957,False,False,False,,below_bounded_prescreen
absdiff__compact__margin_winsor02,compact_performance,0.0,646,646,0.0392075847197371,0.0824103650362185,0.0,1.0,0.148917350576757,0.14222594983265677,False,False,False,,below_bounded_prescreen
absdiff__norm__detailed__clean__net_rtg_ros__pct,within_season_normalization,0.0,646,424,-0.00882806533136086,0.09839100824120983,0.0,1.0,0.18182923458425682,0.14189668894530985,False,False,False,,below_bounded_prescreen
absdiff__rating__bt_c1p0,global_strength_ratings,0.0,646,646,-0.024421567004530742,0.08947584717730013,0.0,1.0,0.16090559858981135,0.14188492744250839,False,False,False,,below_bounded_prescreen
absdiff__norm__rating__bt_c1p0__z,within_season_normalization,0.0,646,646,-0.02424886019954924,0.08947585476943701,0.0,1.0,0.16090561292363795,0.1418469350162851,False,False,False,,below_bounded_prescreen
absdiff__rating__bt_c1p0_z,global_strength_ratings,0.0,646,646,-0.02424886019954924,0.08947585476943701,0.0,1.0,0.16090561292363795,0.1418469350162851,False,False,False,,below_bounded_prescreen
mean__coach__seasons_with_program_through_current,prior_coach_history,0.0,646,39,-0.0012062777901257098,0.022228131038641803,0.2,1.0,0.037541955577617844,0.14143320578927102,False,False,False,,below_bounded_prescreen
diff__detailed__clean__fg3_attempt_rate_ros,detailed_efficiency,0.0,646,646,-0.06871381452094909,0.07063239819584313,0.0,1.0,0.20486729142423593,0.14082589867164408,False,False,False,,below_bounded_prescreen
absdiff__norm__compact__margin_mean__pct,within_season_normalization,0.0,646,433,-0.009610471323550255,0.09348647009668659,0.0,1.0,0.16337225267911878,0.14045291923042585,False,False,False,,below_bounded_prescreen
absdiff__norm__compact__margin_trim02__pct,within_season_normalization,0.0,646,433,-0.009610471323550255,0.09348647009668659,0.0,1.0,0.16337225267911878,0.14045291923042585,False,False,False,,below_bounded_prescreen
absdiff__detailed__clean__efg_mean,detailed_efficiency,0.0,646,646,0.00711580942054811,0.09399535117382439,0.0,1.0,0.15668055486989016,0.14041602444116066,False,False,False,,below_bounded_prescreen
absdiff__detailed__clean__efg_trim02,detailed_efficiency,0.0,646,646,0.00711580942054811,0.09399535117382439,0.0,1.0,0.15668055486989016,0.14041602444116066,False,False,False,,below_bounded_prescreen
diff__compact__neutral_win_pct,compact_performance,0.03560371517027864,623,115,0.02156235629437438,0.09373928549613432,0.0,1.0,0.16809323227563705,0.14016654891825905,False,False,False,,below_bounded_prescreen
absdiff__detailed__all__efg_mean,detailed_efficiency,0.0,646,646,0.005881676732804959,0.09279331684974201,0.0,1.0,0.14461748476362157,0.1400500615785484,False,False,False,,below_bounded_prescreen
absdiff__detailed__all__efg_trim02,detailed_efficiency,0.0,646,646,0.005881676732804959,0.09279331684974201,0.0,1.0,0.14461748476362157,0.1400500615785484,False,False,False,,below_bounded_prescreen
absdiff__norm__detailed__all__net_rtg_ros__pct,within_season_normalization,0.0,646,422,-0.007380286913477666,0.0941472755033072,0.0,1.0,0.17494351945582828,0.13981661458431943,False,False,False,,below_bounded_prescreen
absdiff__norm__compact__margin_mean__z,within_season_normalization,0.0,646,643,0.041299696883843134,0.07569305519102576,0.0,1.0,0.14331569179740938,0.1396859721342415,False,False,False,,below_bounded_prescreen
absdiff__norm__compact__margin_trim02__z,within_season_normalization,0.0,646,643,0.041299696883843134,0.07569305519102576,0.0,1.0,0.14331569179740938,0.1396859721342415,False,False,False,,below_bounded_prescreen
absdiff__compact__margin_mean,compact_performance,0.0,646,638,0.0408889385476192,0.07569304868029732,0.0,1.0,0.1433156842886536,0.13959560247547279,False,False,False,,below_bounded_prescreen
absdiff__compact__margin_trim02,compact_performance,0.0,646,638,0.0408889385476192,0.07569304868029732,0.0,1.0,0.1433156842886536,0.13959560247547279,False,False,False,,below_bounded_prescreen
diff__compact__last20_points_against_mean,compact_performance,0.0,646,384,-0.02501097010490143,0.08619884924457852,0.0,1.0,0.1913335194644309,0.13922452028189877,False,False,False,,below_bounded_prescreen
absdiff__compact__margin_iqr,compact_performance,0.0,646,65,0.014689895967488495,0.08777128567185202,0.0,1.0,0.1562923123974277,0.13911030173943933,False,False,False,,below_bounded_prescreen
absdiff__compact__margin_std,compact_performance,0.0,646,646,0.030519839236560233,0.0805408142861637,0.0,1.0,0.15810332472368674,0.1390498225004544,False,False,False,,below_bounded_prescreen
diff__detailed__all__drbpct_mean,detailed_efficiency,0.0,646,646,0.045857184089810175,0.07051027912616498,0.0,1.0,0.12366369932069607,0.1389869665074896,False,False,False,,below_bounded_prescreen
absdiff__compact__pythag_exp13p91,compact_performance,0.0,646,646,-0.00488391395074717,0.09166672817336272,0.0,1.0,0.15720725903454075,0.13878620023099686,False,False,False,,below_bounded_prescreen
diff__conference__tourney_games,conference_context,0.018575851393188854,634,7,-0.043618696469480106,0.0763824043212797,0.0,1.0,0.15055984587953253,0.1387512053508635,False,False,False,,below_bounded_prescreen
diff__detailed__all__opptovpct_mean,detailed_efficiency,0.0,646,646,0.03695400375947495,0.07442879027520696,0.0,1.0,0.1342520225420692,0.13848561925750108,False,False,False,,below_bounded_prescreen
diff__detailed__ewm_h20__ftrate,detailed_efficiency,0.0,646,646,-0.002380024320083007,0.09295394183913286,0.0,1.0,0.19562272796297686,0.13731658831468296,False,False,False,,below_bounded_prescreen
mean__detailed__away__pace_mean,detailed_efficiency,0.0,646,645,-0.028608565914017055,0.08093704776565011,0.0,1.0,0.20237509264393566,0.1370486637228384,False,False,False,,below_bounded_prescreen
absdiff__adj__off_rtg_a50p0,opponent_adjusted_efficiency,0.0,646,646,0.03971255164950218,0.07556142620950418,0.0,1.0,0.20352128748069787,0.13686539444422458,False,False,False,,below_bounded_prescreen
diff__compact__half_pointsagainstmean_second,compact_performance,0.0,646,609,-0.002210068324395289,0.08818517958092303,0.0,1.0,0.16396420282846028,0.13625653311707162,False,False,False,,below_bounded_prescreen
absdiff__detailed__clean__efg_std,detailed_efficiency,0.0,646,646,-0.0203004062693522,0.07493372722806672,0.0,1.0,0.11727045931167124,0.13574346007626267,False,False,False,,below_bounded_prescreen
absdiff__massey__system_wil,massey_consensus,0.29721362229102166,454,281,-0.05808713896507648,0.057843697748711335,0.14285714285714285,1.0,0.09751514495308972,0.1357235927674358,False,False,False,,below_bounded_prescreen
mean__compact__day110plus_games,compact_performance,0.0,646,9,-0.03760911603404484,0.0665307302451355,0.0,1.0,0.1135696715079435,0.1356659691848372,False,False,False,,below_bounded_prescreen
absdiff__detailed__all__efg_std,detailed_efficiency,0.0,646,646,-0.02068297936320883,0.07363570780156375,0.0,1.0,0.10926640124752368,0.1355247391547556,False,False,False,,below_bounded_prescreen
mean__coach__years_since_tournament_appearance,prior_coach_history,0.2755417956656347,468,14,-0.028365413394249667,0.04535263201941928,0.2,1.0,0.07534698461718328,0.13495243127811807,False,False,False,,below_bounded_prescreen
absdiff__detailed__clean__efg_ros,detailed_efficiency,0.0,646,646,0.019519923158232495,0.07399060680112526,0.0,1.0,0.14331762834916434,0.1340771692253847,False,False,False,,below_bounded_prescreen
absdiff__norm__detailed__all__efg_ros__z,within_season_normalization,0.0,646,646,0.018740840519301617,0.07222023946139466,0.0,1.0,0.1372261834943147,0.1332996525159432,False,False,False,,below_bounded_prescreen
absdiff__detailed__all__efg_ros,detailed_efficiency,0.0,646,646,0.0186939386600269,0.07222023561469398,0.0,1.0,0.13722617741994092,0.1332893325034614,False,False,False,,below_bounded_prescreen
diff__detailed__clean__opptovpct_mean,detailed_efficiency,0.0,646,646,0.0351167094601703,0.06338259497331825,0.0,1.0,0.12998293314605747,0.1329500043425879,False,False,False,,below_bounded_prescreen
absdiff__detailed__clean__opp_ft_rate_ros,detailed_efficiency,0.0,646,646,-0.036676473434481535,0.05834975746917449,0.0,1.0,0.09828401653627035,0.1321453470793389,False,False,False,,below_bounded_prescreen
absdiff__detailed__all__opp_ft_rate_ros,detailed_efficiency,0.0,646,646,-0.03791441927823669,0.0553416963814123,0.0,1.0,0.0935996695670065,0.13116119972160972,False,False,False,,below_bounded_prescreen
absdiff__compact__margin_mad,compact_performance,0.0,646,18,0.03209999018194238,0.06293233225157878,0.0,1.0,0.17183788230768246,0.13039600202847784,False,False,False,,below_bounded_prescreen
absdiff__prior__program_win_pct_smoothed,prior_program_history,0.0,646,514,-0.010139612177448203,0.0678478992127688,0.0,1.0,0.11641651765280772,0.13014104559505532,False,False,False,,below_bounded_prescreen
diff__detailed__last5__net_rtg_mean,detailed_efficiency,0.0,646,646,0.02845824503565326,0.058150971765391704,0.0,1.0,0.11009971294923734,0.12976929183726224,False,False,False,,below_bounded_prescreen
absdiff__detailed__clean__ftmaderate_mean,detailed_efficiency,0.0,646,646,0.006253413995415936,0.07190417429506459,0.0,1.0,0.15685083239500308,0.1296157214448224,False,False,False,,below_bounded_prescreen
mean__coach__prior_championships,prior_coach_history,0.0,646,5,0.01970848971452961,0.06405137995315185,0.0,1.0,0.14825182822971067,0.129150456985521,False,False,False,,below_bounded_prescreen
absdiff__detailed__all__ftmaderate_mean,detailed_efficiency,0.0,646,646,0.0056975331119712095,0.07045582855408972,0.0,1.0,0.15185133456026445,0.12899820160818615,False,False,False,,below_bounded_prescreen
diff__compact__last5_margin_mean,compact_performance,0.0,646,167,0.0334181470182052,0.05254614141730789,0.0,1.0,0.09830789245454453,0.12864182452613115,False,False,False,,below_bounded_prescreen
diff__compact__neutral_margin_std,compact_performance,0.08668730650154799,590,588,0.013547275502853817,0.08171304737174127,0.0,1.0,0.17471832846242202,0.12827894569044296,False,False,False,,below_bounded_prescreen
absdiff__detailed__clean__ftmade_rate_ros,detailed_efficiency,0.0,646,646,0.00611089616814226,0.06998332299466412,0.0,1.0,0.16909331936938904,0.1281726594196545,False,False,False,,below_bounded_prescreen
mean__detailed__home__pace_mean,detailed_efficiency,0.0,646,646,-0.0050978428569187955,0.06355523830494711,0.0,1.0,0.09558366571174738,0.12780469318642684,False,False,False,,below_bounded_prescreen
absdiff__detailed__all__ftmade_rate_ros,detailed_efficiency,0.0,646,646,0.0059867952989297295,0.06876569324345864,0.0,1.0,0.1768070652768412,0.12725234511155106,False,False,False,,below_bounded_prescreen
absdiff__rating__elo_standard_z,dynamic_ratings,0.0,646,646,-0.0012931368245380436,0.06400917197198824,0.0,1.0,0.11070576015873462,0.12658066224160336,False,False,False,,below_bounded_prescreen
absdiff__rating__elo_standard,dynamic_ratings,0.0,646,646,-0.0007754782280226254,0.0640091626703444,0.0,1.0,0.11070574604268452,0.12646677345022292,False,False,False,,below_bounded_prescreen
absdiff__compact__neutral_margin_std,compact_performance,0.08668730650154799,590,588,0.005414845090696652,0.0770078565286267,0.0,1.0,0.1417825612559286,0.1255487500833331,False,False,False,,below_bounded_prescreen
absdiff__compact__pythag_residual_exp13p91,compact_performance,0.0,646,646,0.01725816833656998,0.0540004121756954,0.0,1.0,0.11657173677012334,0.12505412540757427,False,False,False,,below_bounded_prescreen
mean__compact__home_games,compact_performance,0.0,646,20,0.013245311958311096,0.05348809764681896,0.0,1.0,0.09473628899101544,0.12479880394166093,False,False,False,,below_bounded_prescreen
mean__detailed__home__games,detailed_efficiency,0.0,646,20,0.013245311958311096,0.05348809764681896,0.0,1.0,0.09473628899101544,0.12479880394166093,False,False,False,,below_bounded_prescreen
absdiff__detailed__clean__ft_rate_ros,detailed_efficiency,0.0,646,646,-0.013217488018963075,0.053415094573545624,0.0,1.0,0.10782957897096263,0.12423390960063528,False,False,False,,below_bounded_prescreen
absdiff__compact__margin_slope,compact_performance,0.0,646,646,-0.00185487946222162,0.04968252370726334,0.0,1.0,0.08789548857267435,0.12073986531826819,False,False,False,,below_bounded_prescreen
mean__massey__systems,massey_consensus,0.0,646,41,0.005079664117555179,0.050296540874262316,0.0,1.0,0.13244458217297275,0.11996208243858916,False,False,False,,below_bounded_prescreen
absdiff__detailed__home__def_rtg_mean,detailed_efficiency,0.0,646,646,-0.02612606986768489,0.029604245870819057,0.0,1.0,0.1417462619706989,0.11428792291005588,False,False,False,,below_bounded_prescreen
mean__geography__city_coverage,geography_and_schedule_dispersion,0.0,646,2,0.0415170492284464,0.0,0.0,1.0,0.0,0.10913375083025821,False,False,False,,below_bounded_prescreen
absdiff__massey__system_mas,massey_consensus,0.39628482972136225,390,251,0.028381513662875568,0.06304021178963529,0.0,1.0,0.09456031768445294,0.10101803557977046,False,False,False,,below_bounded_prescreen
seedprior__history_games,prequential_seed_priors,0.0,646,10,0.00027005864930473763,0.0,0.0,1.0,0.0,0.10005941290284705,False,False,False,,below_bounded_prescreen
context__season_centered_2000,matchup_context,0.0,646,10,0.00019110279356466883,0.0,0.0,1.0,0.0,0.10004204261458423,False,True,True,34.0,selected
