Feature,Block,MissingRate,NonMissingRows,UniqueValues,GlobalCorrelation,MedianAbsoluteSeasonCorrelation,SeasonSignConsistency,SeasonCoverage,SeasonCorrelationIQR,StabilityScore,Mandatory,InPrecorrelationPool,Selected,SelectionRank,ExclusionReason
diff__massey__strength_mean,massey_consensus,0.0,981,981,0.6350747569738343,0.6251726458923267,1.0,1.0,0.056384074530152706,0.6975439535813542,True,True,True,6.0,selected
diff__norm__rating__elo_mov_538__pct,within_season_normalization,0.0,981,651,0.615174292661794,0.6215961225050173,1.0,1.0,0.07008875890476218,0.6909009328318125,True,True,True,2.0,selected
matchup__seed_diff,matchup_context,0.0,981,29,-0.6014769517046997,0.60824023495803,1.0,1.0,0.09371497988776145,0.680531642959378,True,True,True,1.0,selected
diff__adj__net_rtg_a50p0,opponent_adjusted_efficiency,0.0,981,981,0.5683825260834049,0.5643086017714117,1.0,1.0,0.10296948269326667,0.6517935052808961,True,True,True,5.0,selected
diff__compact__margin_trim02,compact_performance,0.0,981,966,0.5441913178341176,0.545832587152576,1.0,1.0,0.11841866260470202,0.6369849852525542,True,True,True,3.0,selected
diff__norm__schedule__opponent_strength_mean__pct,within_season_normalization,0.0,981,809,0.5329426039777699,0.5088911512636319,1.0,1.0,0.08015504171012916,0.6183089238132475,True,True,True,4.0,selected
diff__rating__margin_ridge_a5p0,global_strength_ratings,0.0,981,981,0.6429048850630452,0.640794944564229,1.0,1.0,0.07329134092069589,0.7060889944678721,False,True,True,70.0,selected
diff__rating__margin_ridge_a5p0_z,global_strength_ratings,0.0,981,981,0.6423434676069989,0.6407949449923167,1.0,1.0,0.07329133935038346,0.7059654828958364,False,True,False,,correlation_pruned_or_cap
diff__rating__elo_mov_log_z,dynamic_ratings,0.0,981,981,0.6326990969569125,0.6443650875515725,1.0,1.0,0.08712840901234276,0.7050039069947818,False,True,False,,correlation_pruned_or_cap
diff__rating__elo_mov_log,dynamic_ratings,0.0,981,981,0.6325817967729712,0.6443650903435317,1.0,1.0,0.08712840342221351,0.7049781025180604,False,True,False,,correlation_pruned_or_cap
diff__norm__rating__elo_mov_538__z,within_season_normalization,0.0,981,981,0.6316538084246293,0.6429731019276703,1.0,1.0,0.08886379633372388,0.7040363749253512,False,True,True,19.0,selected
diff__rating__elo_mov_538_z,dynamic_ratings,0.0,981,981,0.6316538084246293,0.6429731019276703,1.0,1.0,0.08886379633372388,0.7040363749253512,False,True,False,,correlation_pruned_or_cap
diff__rating__elo_mov_538,dynamic_ratings,0.0,981,981,0.6315025891955395,0.6429731072125119,1.0,1.0,0.08886379308936765,0.7040031093614497,False,True,False,,correlation_pruned_or_cap
diff__massey__system_mor,massey_consensus,0.0,981,701,0.6281262729174508,0.640885493198421,1.0,1.0,0.07883723927028119,0.70265932720627,False,True,True,7.0,selected
diff__schedule__quality_win_points_sum,schedule_and_accomplishment,0.0,981,981,0.6245736170946297,0.6441915495412414,1.0,1.0,0.11064959802522867,0.7021921556196052,False,True,False,,correlation_pruned_or_cap
diff__norm__schedule__quality_win_points_sum__z,within_season_normalization,0.0,981,981,0.6245331062817241,0.644191549940979,1.0,1.0,0.11064959507061323,0.7021832435508247,False,True,True,20.0,selected
diff__norm__rating__colley__z,within_season_normalization,0.0,981,981,0.6276091436125835,0.6381332766823331,1.0,1.0,0.08139184068942484,0.7011223107747113,False,True,True,21.0,selected
diff__rating__colley_z,global_strength_ratings,0.0,981,981,0.6276091436125835,0.6381332766823331,1.0,1.0,0.08139184068942484,0.7011223107747113,False,True,False,,correlation_pruned_or_cap
diff__rating__colley,global_strength_ratings,0.0,981,981,0.6273918314884485,0.6381332743255907,1.0,1.0,0.08139184034817082,0.7010745009898153,False,True,False,,correlation_pruned_or_cap
diff__norm__massey__strength_mean__z,within_season_normalization,0.0,981,981,0.634770275321161,0.6251726546525036,1.0,1.0,0.05638407340106155,0.6974769718678148,False,True,False,,correlation_pruned_or_cap
diff__massey__strength_trim05,massey_consensus,0.0,981,981,0.6332271672639018,0.6213762195864292,1.0,1.0,0.055057422090203145,0.6953682653159362,False,True,False,,correlation_pruned_or_cap
diff__norm__massey__strength_mean__pct,within_season_normalization,0.0,981,677,0.6282553288254035,0.6222880574313782,1.0,1.0,0.053449915925469105,0.6947764432716316,False,True,False,,correlation_pruned_or_cap
diff__rating__elo_mov_log_percentile,dynamic_ratings,0.0,981,656,0.6177378401950135,0.6286301313434967,1.0,1.0,0.07244316393495387,0.6947470613303832,False,True,False,,correlation_pruned_or_cap
diff__norm__rating__bt_c1p0__z,within_season_normalization,0.0,981,981,0.6096810922260827,0.6352716444307186,1.0,1.0,0.10975791495059806,0.6946699130184593,False,True,True,22.0,selected
diff__rating__bt_c1p0_z,global_strength_ratings,0.0,981,981,0.6096810922260827,0.6352716444307186,1.0,1.0,0.10975791495059806,0.6946699130184593,False,True,False,,correlation_pruned_or_cap
diff__rating__bt_c1p0,global_strength_ratings,0.0,981,981,0.6093282432586417,0.6352716430227541,1.0,1.0,0.10975791067128715,0.6945922857409715,False,True,False,,correlation_pruned_or_cap
diff__schedule__quality_win_points_mean,schedule_and_accomplishment,0.0,981,981,0.6181847977447423,0.6312930023162207,1.0,1.0,0.11474785201453552,0.6944313825350478,False,True,False,,correlation_pruned_or_cap
diff__adj__net_rtg_a10p0,opponent_adjusted_efficiency,0.0,981,981,0.6266384197727126,0.6222913692409745,1.0,1.0,0.06968404949184726,0.6937729476059906,False,True,False,,correlation_pruned_or_cap
diff__adj__net_rtg_a10p0_z,opponent_adjusted_efficiency,0.0,981,981,0.6266191157008293,0.6222913665906765,1.0,1.0,0.06968404532608818,0.6937686996046637,False,True,False,,correlation_pruned_or_cap
diff__norm__adj__net_rtg_a10p0__z,within_season_normalization,0.0,981,981,0.6266191157008293,0.6222913665906765,1.0,1.0,0.06968404532608818,0.6937686996046637,False,True,True,23.0,selected
diff__rating__margin_ridge_a25p0,global_strength_ratings,0.0,981,981,0.6235602961616936,0.6233698452003995,1.0,1.0,0.08283125797712132,0.6930875405326795,False,True,False,,correlation_pruned_or_cap
diff__norm__rating__margin_ridge_a25p0__z,within_season_normalization,0.0,981,981,0.6229931731057373,0.6233698392787147,1.0,1.0,0.08283126718891198,0.6929627702494887,False,True,False,,correlation_pruned_or_cap
diff__rating__margin_ridge_a25p0_z,global_strength_ratings,0.0,981,981,0.6229931731057373,0.6233698392787147,1.0,1.0,0.08283126718891198,0.6929627702494887,False,True,False,,correlation_pruned_or_cap
diff__massey__system_sag,massey_consensus,0.0,981,666,0.6301075917065855,0.6171242456403908,1.0,1.0,0.06358387535890508,0.6922999530684801,False,True,False,,correlation_pruned_or_cap
diff__massey__ordinal_mean,massey_consensus,0.0,981,977,-0.6313618791040402,0.6141426994800488,1.0,1.0,0.05607009703634436,0.6914453052718584,False,True,False,,correlation_pruned_or_cap
diff__rating__elo_mov_538_percentile,dynamic_ratings,0.0,981,651,0.615174292661794,0.6215961225050173,1.0,1.0,0.07008875890476218,0.6909009328318125,False,True,False,,correlation_pruned_or_cap
diff__massey__strength_median,massey_consensus,0.0,981,821,0.6290623457641573,0.6140151283805954,1.0,1.0,0.05983392030631962,0.6907276208785476,False,True,False,,correlation_pruned_or_cap
diff__massey__system_wlk,massey_consensus,0.0,981,696,0.6271462665144908,0.6148673352220008,1.0,1.0,0.061407836103718694,0.6906521860955995,False,True,False,,correlation_pruned_or_cap
diff__massey__ordinal_max,massey_consensus,0.0,981,342,-0.6245367663426495,0.615185719909351,1.0,1.0,0.058974093643217484,0.6903282704061426,False,True,True,8.0,selected
diff__massey__ordinal_median,massey_consensus,0.0,981,377,-0.6290086308989425,0.6123782156287723,1.0,1.0,0.06108669559636448,0.6898799744757234,False,True,False,,correlation_pruned_or_cap
diff__massey__system_pom,massey_consensus,0.0,981,705,0.6306445204953194,0.6108395369652886,1.0,1.0,0.06755729076699912,0.6892424806216289,False,True,True,9.0,selected
seedprior__team1_prob_pc8p0,prequential_seed_priors,0.0,981,567,0.6062309276195343,0.6208789268962468,1.0,1.0,0.09960241967943195,0.6874085921993187,False,True,False,,correlation_pruned_or_cap
seedprior__team1_prob_pc2p0,prequential_seed_priors,0.0,981,567,0.6055946224790327,0.6210580190597161,1.0,1.0,0.10195032795772407,0.687260652975742,False,True,False,,correlation_pruned_or_cap
diff__rating__margin_ridge_a5p0_percentile,global_strength_ratings,0.0,981,685,0.6262552179644748,0.6057557640668846,1.0,1.0,0.0722429202292243,0.6856491978951201,False,True,False,,correlation_pruned_or_cap
diff__norm__schedule__rpi__z,within_season_normalization,0.0,981,981,0.6082980070055044,0.614221114562017,1.0,1.0,0.09024841284067786,0.6850417600173521,False,True,True,24.0,selected
diff__schedule__rpi,schedule_and_accomplishment,0.0,981,981,0.6078871239717575,0.6142211143481124,1.0,1.0,0.09024841694017782,0.6849513654832735,False,True,False,,correlation_pruned_or_cap
diff__massey__system_dol,massey_consensus,0.0,981,678,0.6156196607221782,0.6094820591181488,1.0,1.0,0.07592255523689229,0.6849508115261149,False,True,False,,correlation_pruned_or_cap
diff__massey__system_rth,massey_consensus,0.0,981,687,0.6202109279376808,0.6055295128290145,1.0,1.0,0.06676505835650959,0.6844299679699563,False,True,False,,correlation_pruned_or_cap
diff__adj__net_rtg_a10p0_percentile,opponent_adjusted_efficiency,0.0,981,654,0.6128230133215224,0.6050042902579857,1.0,1.0,0.059084762671488544,0.6828597317477086,False,True,False,,correlation_pruned_or_cap
diff__norm__adj__net_rtg_a10p0__pct,within_season_normalization,0.0,981,654,0.6128230133215224,0.6050042902579857,1.0,1.0,0.059084762671488544,0.6828597317477086,False,True,True,25.0,selected
diff__rating__elo_standard_z,dynamic_ratings,0.0,981,981,0.6026305559372624,0.6124029436879647,1.0,1.0,0.105559657225616,0.6823097489873962,False,True,True,75.0,selected
diff__rating__elo_standard,dynamic_ratings,0.0,981,981,0.6018784599625,0.6124029434378246,1.0,1.0,0.10555965442727577,0.6821442878648147,False,True,False,,correlation_pruned_or_cap
diff__massey__system_rpi,massey_consensus,0.0,981,726,0.6073130575769679,0.6077377704120597,1.0,1.0,0.08671087311234049,0.6818545675402279,False,True,True,10.0,selected
diff__seed__number,selection_committee_prior,0.0,981,29,-0.6014769517046997,0.60824023495803,1.0,1.0,0.09371497988776145,0.680531642959378,False,True,False,,correlation_pruned_or_cap
diff__seed__strength,selection_committee_prior,0.0,981,29,0.6014769517046997,0.60824023495803,1.0,1.0,0.09371497988776145,0.680531642959378,False,True,False,,correlation_pruned_or_cap
diff__norm__rating__margin_ridge_a25p0__pct,within_season_normalization,0.0,981,655,0.6062498525243597,0.6036429745322173,1.0,1.0,0.07451218050225739,0.6801431081107332,False,True,False,,correlation_pruned_or_cap
diff__rating__margin_ridge_a25p0_percentile,global_strength_ratings,0.0,981,655,0.6062498525243597,0.6036429745322173,1.0,1.0,0.07451218050225739,0.6801431081107332,False,True,False,,correlation_pruned_or_cap
diff__massey__system_wol,massey_consensus,0.0,981,655,0.6062844755487043,0.5991271666961369,1.0,1.0,0.06607352096166674,0.6783206837963939,False,True,True,11.0,selected
diff__norm__rating__bt_c1p0__pct,within_season_normalization,0.0,981,661,0.6000260422565299,0.6031124179895475,1.0,1.0,0.08908485695234258,0.6779362956533257,False,True,False,,correlation_pruned_or_cap
diff__rating__bt_c1p0_percentile,global_strength_ratings,0.0,981,661,0.6000260422565299,0.6031124179895475,1.0,1.0,0.08908485695234258,0.6779362956533257,False,True,False,,correlation_pruned_or_cap
diff__massey__system_cng,massey_consensus,0.0652395514780836,917,683,0.607925165330224,0.6088455350283796,1.0,1.0,0.09437635457795568,0.6769951748849067,False,True,True,12.0,selected
diff__massey__system_col,massey_consensus,0.0,981,689,0.611868841140963,0.594014148034491,1.0,1.0,0.07372325859899964,0.6767890057636076,False,True,False,,correlation_pruned_or_cap
diff__norm__rating__colley__pct,within_season_normalization,0.0,981,649,0.6115091802686494,0.5940141471112916,1.0,1.0,0.07262119376018328,0.6767539625221155,False,True,False,,correlation_pruned_or_cap
diff__rating__colley_percentile,global_strength_ratings,0.0,981,649,0.6115091802686494,0.5940141471112916,1.0,1.0,0.07262119376018328,0.6767539625221155,False,True,False,,correlation_pruned_or_cap
diff__norm__schedule__rpi__pct,within_season_normalization,0.0,981,656,0.5981510496527637,0.5946771233305167,1.0,1.0,0.0843286916824797,0.6736651024549568,False,True,True,26.0,selected
diff__norm__schedule__quality_win_points_sum__pct,within_season_normalization,0.0,981,670,0.6073366285730415,0.5914886162737643,1.0,1.0,0.09712203365610117,0.6736437127512319,False,True,True,27.0,selected
diff__massey__ordinal_std,massey_consensus,0.0,981,981,-0.603510340022047,0.5884049471303958,1.0,1.0,0.07290333638684021,0.6722905159719667,False,True,True,13.0,selected
diff__massey__system_sel,massey_consensus,0.0652395514780836,917,629,0.6012789325968007,0.5969084831070622,1.0,1.0,0.07308929602182579,0.6706547011035664,False,True,True,14.0,selected
diff__massey__strength_max,massey_consensus,0.0,981,604,0.5907339643621565,0.5890026851618092,1.0,1.0,0.05490422606218415,0.6704865919948555,False,True,True,15.0,selected
diff__schedule__bad_loss_penalty_sum,schedule_and_accomplishment,0.0,981,980,-0.5736816671573954,0.5960373928969268,1.0,1.0,0.05623452547486685,0.6700585343461573,False,True,True,87.0,selected
diff__norm__rating__pagerank_margin__pct,within_season_normalization,0.0,981,721,0.590559121327991,0.5871415954044833,1.0,1.0,0.07459201893840417,0.6687672917287738,False,True,True,28.0,selected
diff__rating__pagerank_margin_percentile,global_strength_ratings,0.0,981,721,0.590559121327991,0.5871415954044833,1.0,1.0,0.07459201893840417,0.6687672917287738,False,True,False,,correlation_pruned_or_cap
diff__massey__system_bih,massey_consensus,0.0652395514780836,917,625,0.5834752727219731,0.6004749463880247,1.0,1.0,0.06774405278045093,0.6686636080356213,False,True,True,16.0,selected
diff__rating__elo_standard_percentile,dynamic_ratings,0.0,981,662,0.5813122413471776,0.5876711786894198,1.0,1.0,0.045555623267803824,0.6681486339365884,False,True,True,76.0,selected
interaction__strength_gap_squared_signed,matchup_interactions,0.0,981,981,0.5839859843473753,0.5929108127755289,1.0,1.0,0.12605660844953515,0.668031842350695,False,True,False,,correlation_pruned_or_cap
diff__massey__ordinal_min,massey_consensus,0.0,981,181,-0.589847244259294,0.5835636335494501,1.0,1.0,0.06724976981396447,0.6671869470482221,False,True,False,,correlation_pruned_or_cap
diff__rating__bt_c0p25_z,global_strength_ratings,0.0,981,981,0.5725273156273841,0.5972935917238708,1.0,1.0,0.13686827790933742,0.667182202349109,False,True,True,71.0,selected
diff__rating__bt_c0p25,global_strength_ratings,0.0,981,981,0.5723427949124571,0.5972935930422941,1.0,1.0,0.13686828390559957,0.6671416081848177,False,True,False,,correlation_pruned_or_cap
diff__rating__pagerank_binary_percentile,global_strength_ratings,0.0,981,704,0.5831957460754172,0.5864642469182333,1.0,1.0,0.06832740912761848,0.667072806292239,False,True,False,,correlation_pruned_or_cap
diff__massey__system_wob,massey_consensus,0.0652395514780836,917,622,0.5826290604599133,0.5945899908525232,1.0,1.0,0.05726084102274942,0.6660719911512354,False,True,False,,correlation_pruned_or_cap
diff__massey__strength_iqr,massey_consensus,0.0,981,790,-0.5704461461480328,0.5841150878350008,1.0,1.0,0.06633510414816035,0.6632199901474412,False,True,True,17.0,selected
diff__massey__system_dok,massey_consensus,0.19571865443425077,789,524,0.5782095702771978,0.6132058139985161,1.0,1.0,0.11444331967389376,0.6613096710385755,False,True,True,18.0,selected
diff__massey__system_dun,massey_consensus,0.1304791029561672,853,586,0.5762460654361061,0.6011239090480288,1.0,1.0,0.1120315611617213,0.660394020056035,False,False,False,,below_bounded_prescreen
diff__schedule__quality_wins,schedule_and_accomplishment,0.0,981,36,0.5717201262689969,0.5698169443617955,1.0,1.0,0.07360085918076109,0.6563465267056108,False,True,True,88.0,selected
diff__compact__half_marginmean_first,compact_performance,0.0,981,893,0.5705840510812485,0.5681006262540789,1.0,1.0,0.10086742761084744,0.6541820947353986,False,True,True,47.0,selected
diff__rating__bt_c0p25_percentile,global_strength_ratings,0.0,981,650,0.5562122295143465,0.572129591452145,1.0,1.0,0.1113320319490147,0.6525356131122252,False,True,True,72.0,selected
diff__adj__net_rtg_a50p0_percentile,opponent_adjusted_efficiency,0.0,981,652,0.5520341896382754,0.5729247388226929,1.0,1.0,0.1097651354928908,0.6520607909355975,False,True,True,35.0,selected
diff__norm__adj__net_rtg_a50p0__pct,within_season_normalization,0.0,981,652,0.5520341896382754,0.5729247388226929,1.0,1.0,0.1097651354928908,0.6520607909355975,False,False,False,,below_bounded_prescreen
diff__adj__net_rtg_a50p0_z,opponent_adjusted_efficiency,0.0,981,981,0.5688730167089996,0.5643085961506208,1.0,1.0,0.10296948082968282,0.6519014105950907,False,True,False,,correlation_pruned_or_cap
diff__norm__adj__net_rtg_a50p0__z,within_season_normalization,0.0,981,981,0.5688730167089996,0.5643085961506208,1.0,1.0,0.10296948082968282,0.6519014105950907,False,False,False,,below_bounded_prescreen
diff__schedule__oowp,schedule_and_accomplishment,0.0,981,981,0.5454375779138373,0.5656278761045257,1.0,1.0,0.0656208104427648,0.6488728152535059,False,True,True,89.0,selected
diff__rating__elo_season_reset_mov,dynamic_ratings,0.0,981,981,0.5679183980005775,0.5590894637856108,1.0,1.0,0.11964641132009735,0.6485191337244163,False,True,True,77.0,selected
diff__rating__elo_season_reset_mov_delta,dynamic_ratings,0.0,981,981,0.5679183980005775,0.5590894637856108,1.0,1.0,0.11964641132009735,0.6485191337244163,False,True,False,,correlation_pruned_or_cap
diff__rating__elo_season_reset_mov_z,dynamic_ratings,0.0,981,981,0.5677010415874729,0.559089460297256,1.0,1.0,0.11964641606311366,0.6484713134494023,False,True,False,,correlation_pruned_or_cap
diff__massey__system_wil,massey_consensus,0.19571865443425077,789,527,0.5595616518090193,0.5924161413416348,1.0,1.0,0.09434808937036954,0.6480318953124141,False,False,False,,below_bounded_prescreen
diff__compact__pythag_exp8p0,compact_performance,0.0,981,981,0.5451775488278382,0.5556040214887531,1.0,1.0,0.11327456762854315,0.6420980083515841,False,True,True,48.0,selected
diff__conference__strength_max,conference_context,0.0,981,851,0.545308686624584,0.551474166642797,1.0,1.0,0.07258203163351495,0.6417722297806104,False,True,False,,correlation_pruned_or_cap
diff__compact__pythag_exp10p0,compact_performance,0.0,981,981,0.5449331106146855,0.5533825536148246,1.0,1.0,0.11244807598775852,0.6410109870308363,False,True,False,,correlation_pruned_or_cap
diff__compact__pythag_exp11p5,compact_performance,0.0,981,981,0.5433514193937683,0.5506735752129829,1.0,1.0,0.11033177029993013,0.6394473575568637,False,True,False,,correlation_pruned_or_cap
diff__massey__rank_improvement_std,massey_consensus,0.0,981,981,-0.5535301663723641,0.542719253782012,1.0,1.0,0.09463232780898356,0.6384965853049266,False,False,False,,below_bounded_prescreen
diff__compact__margin_winsor02,compact_performance,0.0,981,981,0.543438622646906,0.5466092224560868,1.0,1.0,0.11579761918286546,0.6372970189939264,False,True,False,,correlation_pruned_or_cap
diff__compact__margin_mean,compact_performance,0.0,981,966,0.5441913178341176,0.545832587152576,1.0,1.0,0.11841866260470202,0.6369849852525542,False,True,False,,correlation_pruned_or_cap
diff__norm__compact__margin_mean__z,within_season_normalization,0.0,981,978,0.543438679497229,0.5458325908971857,1.0,1.0,0.11841866128650841,0.6368194066685792,False,False,False,,below_bounded_prescreen
diff__norm__compact__margin_trim02__z,within_season_normalization,0.0,981,978,0.543438679497229,0.5458325908971857,1.0,1.0,0.11841866128650841,0.6368194066685792,False,False,False,,below_bounded_prescreen
diff__rating__elo_season_reset_mov_percentile,dynamic_ratings,0.0,981,645,0.5366700511515263,0.5488535616332306,1.0,1.0,0.11751393079768724,0.636816563605379,False,True,True,78.0,selected
diff__detailed__all__net_rtg_ros,detailed_efficiency,0.0,981,981,0.5407656734476365,0.5456521490617204,1.0,1.0,0.1183801365879108,0.6361462742445894,False,True,False,,correlation_pruned_or_cap
diff__norm__detailed__all__net_rtg_ros__z,within_season_normalization,0.0,981,981,0.540266759775157,0.5456521538085133,1.0,1.0,0.11838013829037652,0.6360365154470058,False,False,False,,below_bounded_prescreen
diff__compact__pythag_exp13p91,compact_performance,0.0,981,981,0.5383228611785411,0.5445139113143402,1.0,1.0,0.10804816686507557,0.6354757802155593,False,True,False,,correlation_pruned_or_cap
diff__detailed__clean__net_rtg_ros,detailed_efficiency,0.0,981,981,0.5403377359874085,0.5441737920052091,1.0,1.0,0.1158818978077456,0.6354424461674204,False,False,False,,below_bounded_prescreen
diff__norm__detailed__clean__net_rtg_ros__z,within_season_normalization,0.0,981,981,0.5398365577852835,0.5441738006645708,1.0,1.0,0.11588189947483013,0.6353321910527632,False,False,False,,below_bounded_prescreen
diff__norm__detailed__clean__net_rtg_ros__pct,within_season_normalization,0.0,981,693,0.525511332065896,0.548927958080362,1.0,1.0,0.10638255727810997,0.6348426106419465,False,False,False,,below_bounded_prescreen
diff__rating__pagerank_binary_z,global_strength_ratings,0.0,981,981,0.5345473522170816,0.5436619477855131,1.0,1.0,0.09542574340658105,0.634741122688541,False,True,True,73.0,selected
diff__norm__detailed__all__net_rtg_ros__pct,within_season_normalization,0.0,981,697,0.525772435793843,0.5478501692626525,1.0,1.0,0.10629678335231979,0.6343861457866259,False,False,False,,below_bounded_prescreen
diff__rating__pagerank_binary,global_strength_ratings,0.0,981,981,0.5322410773413078,0.5436619497627163,1.0,1.0,0.0954257438829822,0.6342337431458722,False,True,False,,correlation_pruned_or_cap
diff__norm__compact__margin_mean__pct,within_season_normalization,0.0,981,734,0.5227934610752791,0.5474893450088192,1.0,1.0,0.11404887351341775,0.6332474921002579,False,False,False,,below_bounded_prescreen
diff__norm__compact__margin_trim02__pct,within_season_normalization,0.0,981,734,0.5227934610752791,0.5474893450088192,1.0,1.0,0.11404887351341775,0.6332474921002579,False,False,False,,below_bounded_prescreen
diff__rating__elo_mov_log_preseason,dynamic_ratings,0.0,981,981,0.5270091196059264,0.545156055203098,1.0,1.0,0.11845102856931117,0.6328788716680184,False,True,True,79.0,selected
diff__detailed__poss0p44__net_rtg_mean,detailed_efficiency,0.0,981,981,0.5371334810560843,0.5401785616412444,1.0,1.0,0.12077418160729936,0.6326241081558439,False,False,False,,below_bounded_prescreen
diff__detailed__all__netrtg_mean,detailed_efficiency,0.0,981,981,0.5372643446823788,0.53987436544222,1.0,1.0,0.12058120844843567,0.6325146029044515,False,False,False,,below_bounded_prescreen
diff__detailed__all__netrtg_trim02,detailed_efficiency,0.0,981,981,0.5372643446823788,0.53987436544222,1.0,1.0,0.12058120844843567,0.6325146029044515,False,False,False,,below_bounded_prescreen
diff__detailed__poss0p475__net_rtg_mean,detailed_efficiency,0.0,981,981,0.5372643446823788,0.53987436544222,1.0,1.0,0.12058120844843567,0.6325146029044515,False,False,False,,below_bounded_prescreen
diff__rating__elo_mov_538_preseason,dynamic_ratings,0.0,981,981,0.5253734788654619,0.5432467008714711,1.0,1.0,0.11555554464953866,0.6317183599827261,False,True,False,,correlation_pruned_or_cap
diff__detailed__clean__netrtg_mean,detailed_efficiency,0.0,981,981,0.536861377012636,0.5381825049947258,1.0,1.0,0.11806522946322773,0.6317144961617192,False,False,False,,below_bounded_prescreen
diff__detailed__clean__netrtg_trim02,detailed_efficiency,0.0,981,981,0.536861377012636,0.5381825049947258,1.0,1.0,0.11806522946322773,0.6317144961617192,False,False,False,,below_bounded_prescreen
diff__norm__rating__pagerank_margin__z,within_season_normalization,0.0,981,981,0.5411002217999328,0.5299753702750029,1.0,1.0,0.08521703471273967,0.630021545139477,False,False,False,,below_bounded_prescreen
diff__rating__pagerank_margin_z,global_strength_ratings,0.0,981,981,0.5411002217999328,0.5299753702750029,1.0,1.0,0.08521703471273967,0.630021545139477,False,True,True,74.0,selected
diff__rating__pagerank_margin,global_strength_ratings,0.0,981,981,0.53989430034652,0.5299753753967553,1.0,1.0,0.08521703714835549,0.6297562447807428,False,False,False,,below_bounded_prescreen
diff__conference__strength_percentile,conference_context,0.0,981,118,0.5361740135657844,0.5260472862768429,1.0,1.0,0.08676839466849318,0.6269902446106175,False,True,False,,correlation_pruned_or_cap
diff__adj__off_rtg_a10p0,opponent_adjusted_efficiency,0.0,981,981,0.5027021515878372,0.5392546135608348,1.0,1.0,0.09675103505711047,0.6255666464562405,False,True,True,36.0,selected
diff__norm__conference__strength_mean__pct,within_season_normalization,0.0,981,760,0.53118772674456,0.5249433679275163,1.0,1.0,0.08466551061200334,0.6254474960645309,False,False,False,,below_bounded_prescreen
diff__massey__strength_min,massey_consensus,0.0,981,926,0.5226029517205897,0.5253100826395467,1.0,1.0,0.13184780190423218,0.6218475769693428,False,False,False,,below_bounded_prescreen
diff__compact__upside_tail_mean,compact_performance,0.0,981,969,0.5184730994014451,0.5257022362408353,1.0,1.0,0.12235720414204049,0.6215068670982373,False,True,True,49.0,selected
diff__compact__half_winpct_first,compact_performance,0.0,981,364,0.5067836649400301,0.525532915741395,1.0,1.0,0.08966286286394787,0.6201616913281183,False,True,True,50.0,selected
diff__schedule__opponent_strength_pct_mean,schedule_and_accomplishment,0.0,981,981,0.5250454293675063,0.5110262763313728,1.0,1.0,0.062210901884345526,0.6183141710245365,False,True,True,90.0,selected
diff__massey__system_mas,massey_consensus,0.2609582059123344,725,473,0.49978189922438165,0.5914077827640642,1.0,1.0,0.37251341631357565,0.618050560430585,False,False,False,,below_bounded_prescreen
diff__massey__momentum_systems,massey_consensus,0.0,981,11,0.5245474567321365,0.5102764442311021,1.0,1.0,0.07153390655104808,0.6174717774499572,False,False,False,,below_bounded_prescreen
diff__schedule__opponent_strength_mean,schedule_and_accomplishment,0.0,981,981,0.5125061074093014,0.5143944949238931,1.0,1.0,0.06054669290276693,0.6172388334774044,False,True,False,,correlation_pruned_or_cap
diff__norm__schedule__opponent_strength_mean__z,within_season_normalization,0.0,981,981,0.5118563135814791,0.5143944916467027,1.0,1.0,0.06054669132073043,0.6170958773255134,False,False,False,,below_bounded_prescreen
diff__seed__top4,selection_committee_prior,0.0,981,3,0.5114166586953929,0.5066258290125627,1.0,1.0,0.04060965406294209,0.6140676766764988,False,True,False,,correlation_pruned_or_cap
matchup__team1_seed,matchup_context,0.0,981,16,-0.508194295921346,0.5090271355477509,1.0,1.0,0.07694141799000964,0.6130581134460161,False,True,True,29.0,selected
diff__conference__strength_mean,conference_context,0.0,981,851,0.5106676076171974,0.5063686469422067,1.0,1.0,0.07376104064899502,0.6124533825820828,False,True,False,,correlation_pruned_or_cap
diff__norm__conference__strength_mean__z,within_season_normalization,0.0,981,851,0.5097571877644248,0.506368647939504,1.0,1.0,0.07376104376548587,0.612253090568516,False,False,False,,below_bounded_prescreen
diff__massey__systems,massey_consensus,0.0,981,9,0.517738696878956,0.5004147918362545,1.0,1.0,0.07595932421805596,0.6110632404260502,False,False,False,,below_bounded_prescreen
diff__schedule__top_quartile_games,schedule_and_accomplishment,0.0,981,42,0.4999114928414069,0.4968636552502104,1.0,1.0,0.07985091673070649,0.6052810462759822,False,True,True,91.0,selected
diff__compact__wins,compact_performance,0.0,981,32,0.5004915067042013,0.49438539542945276,1.0,1.0,0.10617302605668,0.6031662002387944,False,True,True,51.0,selected
diff__compact__downside_tail_mean,compact_performance,0.0,981,931,-0.4845620934939242,0.5006381147318282,1.0,1.0,0.10998782687815045,0.6025104425648149,False,True,True,52.0,selected
diff__compact__home_margin_mean,compact_performance,0.0,981,949,0.4944319320594296,0.49615691994528266,1.0,1.0,0.1450522391997211,0.6011282570588213,False,True,True,53.0,selected
diff__prior__program_win_pct_smoothed,prior_program_history,0.0,981,830,0.4782390044580107,0.49452565467951437,1.0,1.0,0.10544823731714725,0.5983669657342434,False,False,False,,below_bounded_prescreen
diff__compact__blowout_win10_rate,compact_performance,0.0,981,752,0.4790652843279195,0.4974812998960386,1.0,1.0,0.14857823303029577,0.598242257181029,False,True,True,54.0,selected
diff__compact__blowout_win20_rate,compact_performance,0.0,981,748,0.468794456896545,0.5005531806098402,1.0,1.0,0.14334841107923746,0.5976663707667936,False,True,True,55.0,selected
diff__prior__program_tournament_games,prior_program_history,0.0,981,181,0.4801633586223441,0.48462135079450247,1.0,1.0,0.1091827058511543,0.5938868790442307,False,False,False,,below_bounded_prescreen
diff__prior__program_appearances,prior_program_history,0.0,981,57,0.47201304856714615,0.4829056530115481,1.0,1.0,0.10058935793742552,0.5916140098128182,False,False,False,,below_bounded_prescreen
diff__schedule__opponent_strength_median,schedule_and_accomplishment,0.0,981,974,0.4851623800318267,0.4744575022184335,1.0,1.0,0.09118731398726793,0.5908278321123592,False,True,True,92.0,selected
diff__detailed__clean__fourfactoredge_mean,detailed_efficiency,0.0,981,981,0.4854192259596581,0.4714234597712396,1.0,1.0,0.09177309730733996,0.5894045665090262,False,False,False,,below_bounded_prescreen
diff__schedule__owp,schedule_and_accomplishment,0.0,981,981,0.4775424943583265,0.4712607247601765,1.0,1.0,0.04955974849171829,0.5892821067040478,False,True,True,93.0,selected
diff__detailed__home__net_rtg_mean,detailed_efficiency,0.0,981,981,0.49081210533611824,0.4734388295701155,1.0,1.0,0.162349193721113,0.588735333618757,False,False,False,,below_bounded_prescreen
diff__detailed__all__fourfactoredge_mean,detailed_efficiency,0.0,981,981,0.48544153579316346,0.4696550773206455,1.0,1.0,0.09166578860612573,0.5885649434441607,False,False,False,,below_bounded_prescreen
diff__seed__top8,selection_committee_prior,0.0,981,3,0.46175303924906524,0.4727683394799618,1.0,1.0,0.07079044264674916,0.5856828538793061,False,True,False,,correlation_pruned_or_cap
diff__prior__program_tournament_wins,prior_program_history,0.0,981,150,0.4693785556456769,0.4706046701835878,1.0,1.0,0.10195493799939537,0.5850753264101952,False,False,False,,below_bounded_prescreen
diff__adj__off_rtg_a50p0,opponent_adjusted_efficiency,0.0,981,981,0.4441771053409466,0.48297081290329597,1.0,1.0,0.12345504340408653,0.5846067516324268,False,True,True,37.0,selected
diff__compact__margin_median,compact_performance,0.0,981,71,0.4603387511732896,0.4763174516423879,1.0,1.0,0.15053153424541382,0.5838856406766534,False,True,True,56.0,selected
diff__schedule__elite_wins,schedule_and_accomplishment,0.0,981,22,0.4575891070381597,0.47139778196116244,1.0,1.0,0.08980605522433216,0.5833482966807798,False,True,True,94.0,selected
diff__rating__elo_standard_preseason,dynamic_ratings,0.0,981,981,0.4982026363336517,0.45842016020001664,1.0,1.0,0.16626711278492073,0.5829955723780145,False,True,True,80.0,selected
diff__compact__margin_q90,compact_performance,0.0,981,346,0.46620953049436575,0.4676826394315846,1.0,1.0,0.10505118283327286,0.5828517163225901,False,True,True,57.0,selected
matchup__team1_is_seed_favorite,matchup_context,0.0,981,2,0.4646128337123926,0.4663442248356409,1.0,1.0,0.09341856813900351,0.5823233086122739,False,True,True,30.0,selected
diff__adj__def_rtg_a10p0,opponent_adjusted_efficiency,0.0,981,981,-0.46810799064021197,0.46148073900298814,1.0,1.0,0.08460584832017548,0.5811102787294739,False,True,True,38.0,selected
diff__conference__strength_median,conference_context,0.0,981,851,0.4677400242566386,0.45884476942331026,1.0,1.0,0.12465968135666539,0.5781619074053828,False,True,False,,correlation_pruned_or_cap
diff__detailed__all__netrtg_median,detailed_efficiency,0.0,981,981,0.45641626276618597,0.46554048655335684,1.0,1.0,0.14878433522874246,0.5779196379450224,False,False,False,,below_bounded_prescreen
diff__detailed__clean__netrtg_median,detailed_efficiency,0.0,981,981,0.45627532467623316,0.46533032956817083,1.0,1.0,0.14694655447713328,0.577861267442408,False,False,False,,below_bounded_prescreen
diff__compact__margin_q10,compact_performance,0.0,981,305,0.4457297918541913,0.4646191711211322,1.0,1.0,0.1436395691127193,0.5753321735815567,False,True,True,58.0,selected
diff__compact__ewm_h10_margin,compact_performance,0.0,981,981,0.44547828412369816,0.4612156044345518,1.0,1.0,0.13111462086344505,0.5741441278012606,False,True,True,59.0,selected
diff__detailed__clean__off_rtg_ros,detailed_efficiency,0.0,981,981,0.42694131024635956,0.46898433296704806,1.0,1.0,0.140997560702794,0.5733996656502705,False,False,False,,below_bounded_prescreen
diff__detailed__all__off_rtg_ros,detailed_efficiency,0.0,981,981,0.4267178180315577,0.4689989459689504,1.0,1.0,0.14103747354413043,0.5733559150902736,False,False,False,,below_bounded_prescreen
diff__compact__away_games,compact_performance,0.0,981,21,-0.44783753251050146,0.45349234271550515,1.0,1.0,0.07470889510878154,0.5732122258514014,False,True,True,60.0,selected
diff__detailed__away__games,detailed_efficiency,0.0,981,21,-0.44783753251050146,0.45349234271550515,1.0,1.0,0.07470889510878154,0.5732122258514014,False,False,False,,below_bounded_prescreen
diff__compact__margin_q75,compact_performance,0.0,981,141,0.4728418358066313,0.44695757349022774,1.0,1.0,0.14402030654315223,0.5728040268910422,False,True,True,61.0,selected
matchup__team2_seed,matchup_context,0.0,981,16,0.4484256030761284,0.4549053598437759,1.0,1.0,0.14471505300995569,0.5712196032813625,False,True,True,31.0,selected
diff__detailed__clean__offrtg_mean,detailed_efficiency,0.0,981,981,0.4230741460587418,0.4642796287122724,1.0,1.0,0.139265074964031,0.5703599309162527,False,False,False,,below_bounded_prescreen
diff__detailed__clean__offrtg_trim02,detailed_efficiency,0.0,981,981,0.4230741460587418,0.4642796287122724,1.0,1.0,0.139265074964031,0.5703599309162527,False,False,False,,below_bounded_prescreen
diff__detailed__all__offrtg_mean,detailed_efficiency,0.0,981,981,0.4228107246269557,0.4642971161118715,1.0,1.0,0.1392184713083231,0.5703122362992956,False,False,False,,below_bounded_prescreen
diff__detailed__all__offrtg_trim02,detailed_efficiency,0.0,981,981,0.4228107246269557,0.4642971161118715,1.0,1.0,0.1392184713083231,0.5703122362992956,False,False,False,,below_bounded_prescreen
diff__detailed__poss0p475__off_rtg_mean,detailed_efficiency,0.0,981,981,0.4228107246269557,0.4642971161118715,1.0,1.0,0.1392184713083231,0.5703122362992956,False,False,False,,below_bounded_prescreen
diff__schedule__bad_losses,schedule_and_accomplishment,0.0,981,14,-0.4450687922393777,0.45140556358065725,1.0,1.0,0.1574469096623745,0.5682919284248836,False,True,True,95.0,selected
diff__detailed__poss0p44__off_rtg_mean,detailed_efficiency,0.0,981,981,0.4211197748705208,0.45850884704101175,1.0,1.0,0.13891563808258328,0.5671739715278968,False,False,False,,below_bounded_prescreen
diff__norm__compact__win_pct__z,within_season_normalization,0.0,981,906,0.45432364746208004,0.44443684168356445,1.0,1.0,0.18003203288977082,0.5660796051341777,False,False,False,,below_bounded_prescreen
diff__compact__win_pct,compact_performance,0.0,981,743,0.45367609681471555,0.4444368447320075,1.0,1.0,0.18003203291438075,0.5659371454540257,False,True,True,62.0,selected
diff__schedule__wp,schedule_and_accomplishment,0.0,981,743,0.45367609681471555,0.4444368447320075,1.0,1.0,0.18003203291438075,0.5659371454540257,False,True,False,,correlation_pruned_or_cap
diff__norm__compact__win_pct__pct,within_season_normalization,0.0,981,768,0.43239699400855636,0.44247992065013436,1.0,1.0,0.10862728121255527,0.5631726093454447,False,False,False,,below_bounded_prescreen
diff__coach__prior_tournament_appearances,prior_coach_history,0.0,981,54,0.42231473579489504,0.4435019613536239,1.0,1.0,0.10000426134653784,0.5617900128707549,False,False,False,,below_bounded_prescreen
diff__compact__margin_q25,compact_performance,0.0,981,139,0.4463366968841623,0.4345121823752689,1.0,1.0,0.14978172591460548,0.5607686518180606,False,True,True,63.0,selected
diff__detailed__ewm_h20__netrtg,detailed_efficiency,0.0,981,981,0.4440516462714117,0.4291931818244474,1.0,1.0,0.14107941081439906,0.5580609130228693,False,False,False,,below_bounded_prescreen
diff__detailed__ewm_h10__netrtg,detailed_efficiency,0.0,981,981,0.43570473630136913,0.428706928212308,1.0,1.0,0.10368430273914708,0.5574869954186432,False,False,False,,below_bounded_prescreen
diff__compact__blowout_loss10_rate,compact_performance,0.0,981,580,-0.418629380976447,0.4316864572111356,1.0,1.0,0.06972780997743855,0.5565188508770659,False,True,True,64.0,selected
diff__compact__ewm_h20_win,compact_performance,0.0,981,981,0.419168285810101,0.4344602960414131,1.0,1.0,0.1171949530282208,0.5560701668569716,False,True,True,65.0,selected
diff__coach__prior_tournament_games,prior_coach_history,0.0,981,168,0.4192528709405618,0.42886745266921983,1.0,1.0,0.0860356911042412,0.5546505812439795,False,False,False,,below_bounded_prescreen
diff__compact__losses,compact_performance,0.0,981,31,-0.4288332121043105,0.42826736334087995,1.0,1.0,0.19548369518260905,0.5520922932592663,False,True,False,,correlation_pruned_or_cap
diff__compact__ewm_h20_margin,compact_performance,0.0,981,981,0.44110501132070956,0.4132726417496027,1.0,1.0,0.12655749233274727,0.5503516708370555,False,True,True,66.0,selected
diff__detailed__ewm_h20__fourfactoredge,detailed_efficiency,0.0,981,981,0.42010357485273675,0.4207086342245757,1.0,1.0,0.11997633240934746,0.5495638775990246,False,False,False,,below_bounded_prescreen
diff__coach__prior_tournament_wins,prior_coach_history,0.0,981,135,0.40535923233888566,0.42222148780443053,1.0,1.0,0.07573588689774813,0.5488159097847716,False,False,False,,below_bounded_prescreen
diff__compact__margin_slope,compact_performance,0.0,981,981,-0.40244833514698847,0.4164796645641594,1.0,1.0,0.17093269463580407,0.5416115649377018,False,True,True,67.0,selected
diff__detailed__ewm_h20__offrtg,detailed_efficiency,0.0,981,981,0.3886980183620146,0.41517300991379796,1.0,1.0,0.12446157838911553,0.5398181456627016,False,False,False,,below_bounded_prescreen
diff__coach__prior_tournament_win_pct_smoothed,prior_coach_history,0.0,981,576,0.3907985392092325,0.40919865078624273,1.0,1.0,0.12444898836837531,0.5374130714686927,False,False,False,,below_bounded_prescreen
diff__detailed__clean__offrtg_median,detailed_efficiency,0.0,981,981,0.39206350188203937,0.41039260329184946,1.0,1.0,0.21526665606549417,0.5346317537515166,False,False,False,,below_bounded_prescreen
diff__detailed__all__offrtg_median,detailed_efficiency,0.0,981,981,0.3919698000964876,0.4102349215151331,1.0,1.0,0.21487005300282624,0.534551316228378,False,False,False,,below_bounded_prescreen
diff__compact__half_delta_marginmean,compact_performance,0.0,981,963,-0.3923720893038431,0.4058841294186405,1.0,1.0,0.16559844607024693,0.534522303924983,False,True,True,68.0,selected
diff__detailed__clean__fourfactoredge_median,detailed_efficiency,0.0,981,981,0.4111884829257069,0.3948443120934761,1.0,1.0,0.14150204561076235,0.5343266542240935,False,False,False,,below_bounded_prescreen
diff__detailed__all__fourfactoredge_median,detailed_efficiency,0.0,981,981,0.4106356144840986,0.3948443120934761,1.0,1.0,0.13994813737159922,0.5342671794965063,False,False,False,,below_bounded_prescreen
diff__schedule__top_decile_games,schedule_and_accomplishment,0.0,981,29,0.37579495088055126,0.4050808651895325,1.0,1.0,0.0930482252343251,0.5333917754753239,False,True,True,96.0,selected
diff__prior__program_championships,prior_program_history,0.0,981,10,0.3765423889251816,0.4040796296506631,1.0,1.0,0.09494466848741723,0.5329997610563615,False,False,False,,below_bounded_prescreen
diff__detailed__ewm_h10__fourfactoredge,detailed_efficiency,0.0,981,981,0.3853015479855104,0.39555326555196274,1.0,1.0,0.10282589951129817,0.5305188720413025,False,False,False,,below_bounded_prescreen
diff__detailed__clean__fourfactorcomposite_mean,detailed_efficiency,0.0,981,981,0.37838322778856104,0.3867682243228789,1.0,1.0,0.1370755973316432,0.5234100338951996,False,False,False,,below_bounded_prescreen
diff__detailed__all__fourfactorcomposite_mean,detailed_efficiency,0.0,981,981,0.377485332318107,0.38620791904696095,1.0,1.0,0.13806824572724696,0.522903844423435,False,False,False,,below_bounded_prescreen
diff__massey__strength_std,massey_consensus,0.0,981,981,-0.3816265252071485,0.3793811795816718,1.0,1.0,0.08515691291022753,0.522654525228366,False,False,False,,below_bounded_prescreen
diff__compact__half_pointsformean_first,compact_performance,0.0,981,877,0.36435543662841735,0.37896442106030553,1.0,1.0,0.0966064656565831,0.5181968595409352,False,True,True,69.0,selected
diff__detailed__ewm_h10__offrtg,detailed_efficiency,0.0,981,981,0.37099322126039264,0.38230851993817044,1.0,1.0,0.1988325886563282,0.5171732947013551,False,False,False,,below_bounded_prescreen
diff__adj__def_rtg_a50p0,opponent_adjusted_efficiency,0.0,981,981,-0.3721930843901234,0.3742772170601975,1.0,1.0,0.11801375514237178,0.5168149925490271,False,True,True,39.0,selected
diff__compact__blowout_loss20_rate,compact_performance,0.0,981,163,-0.37351235134582456,0.3725421376032475,1.0,1.0,0.12491591313626815,0.5159963068201895,False,False,False,,below_bounded_prescreen
diff__prior__program_final_appearances,prior_program_history,0.0,981,18,0.3669801155403417,0.36473588807084834,1.0,1.0,0.11609252201583253,0.5111651508122491,False,False,False,,below_bounded_prescreen
diff__detailed__all__oppfourfactorcomposite_mean,detailed_efficiency,0.0,981,981,-0.3590956808483755,0.3676118595977058,1.0,1.0,0.11701277849336861,0.5107742312538066,False,False,False,,below_bounded_prescreen
diff__detailed__clean__oppfourfactorcomposite_mean,detailed_efficiency,0.0,981,981,-0.3586612805297007,0.36799333168068715,1.0,1.0,0.12043244117774587,0.5107249832761541,False,False,False,,below_bounded_prescreen
diff__detailed__home__off_rtg_mean,detailed_efficiency,0.0,981,981,0.35067480640195414,0.3722218012390945,1.0,1.0,0.1896521764461484,0.5082288349453493,False,False,False,,below_bounded_prescreen
diff__compact__away_margin_mean,compact_performance,0.0,981,913,0.3803777081213469,0.35480975351550875,1.0,1.0,0.1479851091863219,0.5080723731066876,False,False,False,,below_bounded_prescreen
diff__detailed__away__off_rtg_mean,detailed_efficiency,0.0,981,981,0.3455264178365847,0.37535530411189577,1.0,1.0,0.20724523389086602,0.507896548542124,False,False,False,,below_bounded_prescreen
diff__compact__home_games,compact_performance,0.0,981,19,0.3717657575620527,0.35523940696002226,1.0,1.0,0.13782147516709736,0.5067905229977784,False,False,False,,below_bounded_prescreen
diff__detailed__home__games,detailed_efficiency,0.0,981,19,0.3717657575620527,0.35523940696002226,1.0,1.0,0.13782147516709736,0.5067905229977784,False,False,False,,below_bounded_prescreen
diff__detailed__away__net_rtg_mean,detailed_efficiency,0.0,981,981,0.3745952639830187,0.3527552371476708,1.0,1.0,0.15613708882730848,0.5054879883540538,False,False,False,,below_bounded_prescreen
diff__detailed__all__assist_to_turnover_ros,detailed_efficiency,0.0,981,981,0.31236217544600986,0.346984108190038,1.0,1.0,0.12674333766291962,0.49020231702282363,False,False,False,,below_bounded_prescreen
diff__detailed__clean__assist_to_turnover_ros,detailed_efficiency,0.0,981,981,0.31200576028340404,0.34655265952032344,1.0,1.0,0.1252525809543953,0.48997644059392825,False,False,False,,below_bounded_prescreen
diff__compact__win_slope,compact_performance,0.0,981,946,-0.33471758569450816,0.33028529116729366,1.0,1.0,0.09567280751055407,0.48834789631267056,False,False,False,,below_bounded_prescreen
diff__detailed__clean__games,detailed_efficiency,0.0,981,15,0.2980959969840517,0.3520954768773618,1.0,1.0,0.1728862544866054,0.48767149805816085,False,False,False,,below_bounded_prescreen
diff__compact__away_win_pct,compact_performance,0.0,981,500,0.32949140993187626,0.33646960759737016,1.0,1.0,0.17304907327150698,0.4870715589008902,False,False,False,,below_bounded_prescreen
diff__compact__home_win_pct,compact_performance,0.0,981,443,0.32654918901291075,0.33239361750427576,1.0,1.0,0.13245600843403338,0.4860915176475314,False,False,False,,below_bounded_prescreen
diff__detailed__all__opptrueshootingpct_mean,detailed_efficiency,0.0,981,981,-0.3162650085637388,0.3361008491603385,1.0,1.0,0.12614122131455374,0.4858610606284029,False,False,False,,below_bounded_prescreen
diff__detailed__all__def_rtg_ros,detailed_efficiency,0.0,981,981,-0.3365177527237326,0.3254069044986499,1.0,1.0,0.13060280102620825,0.4850051077175248,False,False,False,,below_bounded_prescreen
diff__detailed__clean__opptrueshootingpct_mean,detailed_efficiency,0.0,981,981,-0.3166936054379521,0.3341134986344696,1.0,1.0,0.127646104069436,0.48494122837811743,False,False,False,,below_bounded_prescreen
diff__compact__ewm_h10_win,compact_performance,0.0,981,981,0.33564294921657645,0.3294010695117051,1.0,1.0,0.17544425938588393,0.4849361918178299,False,False,False,,below_bounded_prescreen
diff__detailed__clean__def_rtg_ros,detailed_efficiency,0.0,981,981,-0.3359370972735935,0.3254069044986499,1.0,1.0,0.13095603545415985,0.48486323414137616,False,False,False,,below_bounded_prescreen
diff__detailed__poss0p44__def_rtg_mean,detailed_efficiency,0.0,981,981,-0.3326668568465753,0.3247256133538777,1.0,1.0,0.14533845396836753,0.4832414647573731,False,False,False,,below_bounded_prescreen
diff__detailed__all__defrtg_mean,detailed_efficiency,0.0,981,981,-0.3299268885455571,0.3227888310744329,1.0,1.0,0.14393665710940123,0.48176508811137425,False,False,False,,below_bounded_prescreen
diff__detailed__all__defrtg_trim02,detailed_efficiency,0.0,981,981,-0.3299268885455571,0.3227888310744329,1.0,1.0,0.14393665710940123,0.48176508811137425,False,False,False,,below_bounded_prescreen
diff__detailed__poss0p475__def_rtg_mean,detailed_efficiency,0.0,981,981,-0.3299268885455571,0.3227888310744329,1.0,1.0,0.14393665710940123,0.48176508811137425,False,False,False,,below_bounded_prescreen
diff__detailed__home__def_rtg_mean,detailed_efficiency,0.0,981,981,-0.3102606547395825,0.33052804511318823,1.0,1.0,0.1310788858565562,0.48166765026277625,False,False,False,,below_bounded_prescreen
diff__detailed__clean__defrtg_mean,detailed_efficiency,0.0,981,981,-0.32934597863101767,0.3227888310744329,1.0,1.0,0.14488897830234249,0.481599195082458,False,False,False,,below_bounded_prescreen
diff__detailed__clean__defrtg_trim02,detailed_efficiency,0.0,981,981,-0.32934597863101767,0.3227888310744329,1.0,1.0,0.14488897830234249,0.481599195082458,False,False,False,,below_bounded_prescreen
diff__detailed__clean__assistturnoverratio_mean,detailed_efficiency,0.0,981,981,0.30144307942063603,0.3209693242857157,1.0,1.0,0.1192357260367774,0.4756133240882123,False,False,False,,below_bounded_prescreen
diff__detailed__all__assistturnoverratio_mean,detailed_efficiency,0.0,981,981,0.3016997313675178,0.32027609783687927,1.0,1.0,0.11928618991015566,0.4753350202661497,False,False,False,,below_bounded_prescreen
diff__compact__games,compact_performance,0.0,981,15,0.29003085861739863,0.33154823270240497,1.0,1.0,0.19670436972959715,0.47508176580379813,False,False,False,,below_bounded_prescreen
diff__detailed__all__games,detailed_efficiency,0.0,981,15,0.29003085861739863,0.33154823270240497,1.0,1.0,0.19670436972959715,0.47508176580379813,False,False,False,,below_bounded_prescreen
diff__quality__CompactGames,detailed_efficiency,0.0,981,15,0.29003085861739863,0.33154823270240497,1.0,1.0,0.19670436972959715,0.47508176580379813,False,False,False,,below_bounded_prescreen
diff__quality__DetailedGames,detailed_efficiency,0.0,981,15,0.29003085861739863,0.33154823270240497,1.0,1.0,0.19670436972959715,0.47508176580379813,False,False,False,,below_bounded_prescreen
diff__compact__ewm_h20_points_for,compact_performance,0.0,981,981,0.3074503302852726,0.313154814552055,1.0,1.0,0.07816307694792513,0.4748268605698293,False,False,False,,below_bounded_prescreen
diff__detailed__clean__fourfactorcomposite_median,detailed_efficiency,0.0,981,981,0.3453778101682172,0.3041728832662551,1.0,1.0,0.1892146116308182,0.47441751773957747,False,False,False,,below_bounded_prescreen
diff__detailed__all__fourfactorcomposite_median,detailed_efficiency,0.0,981,981,0.34428766492801294,0.3040487067574045,1.0,1.0,0.18734775479446053,0.4741927553359386,False,False,False,,below_bounded_prescreen
diff__detailed__all__oppfourfactorcomposite_median,detailed_efficiency,0.0,981,981,-0.30677920815862814,0.3076485411408505,1.0,1.0,0.13360734029428784,0.46981843193073486,False,False,False,,below_bounded_prescreen
diff__coach__prior_final_appearances,prior_coach_history,0.0,981,18,0.30366683495361385,0.3065947506520313,1.0,1.0,0.10760593223553389,0.4696679467133487,False,False,False,,below_bounded_prescreen
diff__compact__half_pointsagainstmean_first,compact_performance,0.0,981,877,-0.31710726353418484,0.3030441044908002,1.0,1.0,0.18473743414493213,0.46783527076730747,False,False,False,,below_bounded_prescreen
diff__detailed__clean__assistturnoverratio_median,detailed_efficiency,0.0,981,857,0.28236526119724825,0.31172217431086113,1.0,1.0,0.10488356506457769,0.46755165853002484,False,False,False,,below_bounded_prescreen
diff__compact__points_for_mean,compact_performance,0.0,981,972,0.28975210619807856,0.31194745658160855,1.0,1.0,0.1541122806748342,0.467315751295756,False,False,False,,below_bounded_prescreen
diff__detailed__all__assistturnoverratio_median,detailed_efficiency,0.0,981,851,0.2821796010202905,0.3104583256695176,1.0,1.0,0.10209829379908592,0.46701557679386896,False,False,False,,below_bounded_prescreen
diff__detailed__clean__orb_pct_ros,detailed_efficiency,0.0,981,981,0.26751579313388285,0.3149644412468057,1.0,1.0,0.11625954738311728,0.4653860243925963,False,False,False,,below_bounded_prescreen
diff__compact__days_since_last_game,compact_performance,0.0,981,17,-0.27707410027034574,0.31279367694032706,1.0,1.0,0.1459555874521525,0.4652590434927469,False,False,False,,below_bounded_prescreen
diff__compact__last_game_day,compact_performance,0.0,981,17,0.27707410027034574,0.31279367694032706,1.0,1.0,0.1459555874521525,0.4652590434927469,False,False,False,,below_bounded_prescreen
diff__detailed__all__orb_pct_ros,detailed_efficiency,0.0,981,981,0.26699508603688693,0.3148212067168788,1.0,1.0,0.11515899741652302,0.46524673825555596,False,False,False,,below_bounded_prescreen
diff__compact__half_delta_pointsformean,compact_performance,0.0,981,952,-0.30055000473665017,0.29994827997377094,1.0,1.0,0.1330322042995395,0.46477488725749144,False,False,False,,below_bounded_prescreen
diff__coach__has_prior_tournament_history,prior_coach_history,0.0,981,3,0.2936675405585783,0.3007886029279304,1.0,1.0,0.11475624112631444,0.4643951386832413,False,False,False,,below_bounded_prescreen
diff__compact__half_delta_winpct,compact_performance,0.0,981,646,-0.28943552939220274,0.2964938717106234,1.0,1.0,0.0507582831881776,0.4639625435598567,False,False,False,,below_bounded_prescreen
diff__detailed__clean__oppfourfactorcomposite_median,detailed_efficiency,0.0,981,981,-0.3052595989780668,0.2948857022453847,1.0,1.0,0.1386324133088352,0.4631569523206059,False,False,False,,below_bounded_prescreen
diff__detailed__all__orbpct_mean,detailed_efficiency,0.0,981,981,0.26113798268740773,0.3119533639709468,1.0,1.0,0.12864512388505936,0.46204216594188174,False,False,False,,below_bounded_prescreen
diff__detailed__all__orbpct_trim02,detailed_efficiency,0.0,981,981,0.26113798268740773,0.3119533639709468,1.0,1.0,0.12864512388505936,0.46204216594188174,False,False,False,,below_bounded_prescreen
diff__detailed__clean__orbpct_mean,detailed_efficiency,0.0,981,981,0.2615256154294759,0.307492149148937,1.0,1.0,0.12927753176080967,0.459960765715542,False,False,False,,below_bounded_prescreen
diff__detailed__clean__orbpct_trim02,detailed_efficiency,0.0,981,981,0.2615256154294759,0.307492149148937,1.0,1.0,0.12927753176080967,0.459960765715542,False,False,False,,below_bounded_prescreen
diff__detailed__all__defrtg_median,detailed_efficiency,0.0,981,981,-0.28180608058110546,0.2934596332766446,1.0,1.0,0.14300309451780052,0.4571378379199205,False,False,False,,below_bounded_prescreen
diff__detailed__clean__defrtg_median,detailed_efficiency,0.0,981,981,-0.27981487299736396,0.2922652294574267,1.0,1.0,0.12426167903253049,0.45687611503768366,False,False,False,,below_bounded_prescreen
diff__coach__prior_championships,prior_coach_history,0.0,981,10,0.2839346207051391,0.28992495283142333,1.0,1.0,0.13018593812780782,0.45642215638910144,False,False,False,,below_bounded_prescreen
diff__compact__rest_days_std,compact_performance,0.0,981,981,-0.30029061600418566,0.3232767076325151,0.8666666666666667,1.0,0.176796912790264,0.45283154533958425,False,False,False,,below_bounded_prescreen
diff__conference__tourney_last_day,conference_context,0.019367991845056064,962,17,0.27111497180746646,0.29118204069717285,1.0,1.0,0.1315554128996674,0.45260101746869436,False,True,False,,correlation_pruned_or_cap
diff__detailed__ewm_h20__defrtg,detailed_efficiency,0.0,981,981,-0.2818224764844222,0.2813719626220615,1.0,1.0,0.1494019118876751,0.4510834104096554,False,False,False,,below_bounded_prescreen
diff__detailed__clean__tov_pct_ros,detailed_efficiency,0.0,981,981,-0.2788353074049416,0.2828496234061076,1.0,1.0,0.173357382829286,0.4501772915508473,False,False,False,,below_bounded_prescreen
diff__detailed__all__tov_pct_ros,detailed_efficiency,0.0,981,981,-0.2787777303074026,0.282104960388637,1.0,1.0,0.17324342849840843,0.44981174451423794,False,False,False,,below_bounded_prescreen
diff__detailed__all__rebound_share_ros,detailed_efficiency,0.0,981,981,0.28518145648488946,0.26707189715131263,1.0,1.0,0.09119897160112272,0.44728647219526085,False,False,False,,below_bounded_prescreen
diff__detailed__clean__rebound_share_ros,detailed_efficiency,0.0,981,981,0.2852659655617178,0.26707189715131263,1.0,1.0,0.09259222173824999,0.447249334186678,False,False,False,,below_bounded_prescreen
diff__detailed__clean__tovpct_mean,detailed_efficiency,0.0,981,981,-0.2753920262723391,0.27749798866190123,1.0,1.0,0.17926066626543438,0.4466148536870098,False,False,False,,below_bounded_prescreen
diff__detailed__clean__tovpct_trim02,detailed_efficiency,0.0,981,981,-0.2753920262723391,0.27749798866190123,1.0,1.0,0.17926066626543438,0.4466148536870098,False,False,False,,below_bounded_prescreen
diff__detailed__all__tovpct_mean,detailed_efficiency,0.0,981,981,-0.27540314698058505,0.27683046037759035,1.0,1.0,0.1802828369061679,0.4462559998407254,False,False,False,,below_bounded_prescreen
diff__detailed__all__tovpct_trim02,detailed_efficiency,0.0,981,981,-0.27540314698058505,0.27683046037759035,1.0,1.0,0.1802828369061679,0.4462559998407254,False,False,False,,below_bounded_prescreen
interaction__rebounding_matchup_edge,matchup_interactions,0.0,981,981,0.26337396648884653,0.2706982668915355,1.0,1.0,0.06349724069100976,0.4453375511078429,False,True,False,,correlation_pruned_or_cap
diff__detailed__clean__efg_ros,detailed_efficiency,0.0,981,981,0.23123502329866388,0.2911602980531525,1.0,1.0,0.19131894768638708,0.4429758902837638,False,False,False,,below_bounded_prescreen
diff__detailed__clean__blockpct_median,detailed_efficiency,0.0,981,949,0.25088348088479645,0.2811536439497347,1.0,1.0,0.1812893108736904,0.44289654245558024,False,False,False,,below_bounded_prescreen
diff__detailed__all__blockpct_median,detailed_efficiency,0.0,981,948,0.2508610493209498,0.2801120912872889,1.0,1.0,0.17997074276789649,0.4424444049577918,False,False,False,,below_bounded_prescreen
diff__detailed__all__efg_ros,detailed_efficiency,0.0,981,981,0.23066013326309528,0.28919763051699415,1.0,1.0,0.18620923648795173,0.44211172250652003,False,False,False,,below_bounded_prescreen
diff__norm__detailed__all__efg_ros__z,within_season_normalization,0.0,981,981,0.22964539321835262,0.2891976281888073,1.0,1.0,0.18620923447696805,0.4418884786595863,False,False,False,,below_bounded_prescreen
diff__massey__rank_improvement_mean,massey_consensus,0.0,981,978,-0.2538805317376491,0.2690968582092699,1.0,1.0,0.14579918711795353,0.43918824143801416,False,False,False,,below_bounded_prescreen
diff__detailed__clean__opptrueshootingpct_median,detailed_efficiency,0.0,981,981,-0.2877029579952305,0.2504066221610335,1.0,1.0,0.11557530995885862,0.4388668169978924,False,False,False,,below_bounded_prescreen
diff__detailed__all__opptrueshootingpct_median,detailed_efficiency,0.0,981,981,-0.2876356569480031,0.25039960968464836,1.0,1.0,0.11810302445763712,0.43874753619888635,False,False,False,,below_bounded_prescreen
diff__prior__program_years_since_appearance,prior_program_history,0.06116207951070336,921,46,-0.2570781167994828,0.27720167098680937,1.0,1.0,0.15488782277205498,0.43852550849781624,False,False,False,,below_bounded_prescreen
diff__detailed__all__reboundshare_median,detailed_efficiency,0.0,981,969,0.2527392396628931,0.26610783606759614,1.0,1.0,0.14327837739325042,0.43760325894255264,False,False,False,,below_bounded_prescreen
diff__detailed__clean__reboundshare_median,detailed_efficiency,0.0,981,969,0.2535405541106348,0.2650692003675805,1.0,1.0,0.1417907069144052,0.43734050980420214,False,False,False,,below_bounded_prescreen
diff__detailed__clean__reboundshare_mean,detailed_efficiency,0.0,981,981,0.27865471841078066,0.24719126554035933,1.0,1.0,0.1004260786258806,0.435938802364709,False,False,False,,below_bounded_prescreen
diff__detailed__all__oppfgpct_mean,detailed_efficiency,0.0,981,981,-0.26737945268998814,0.29374036141936766,0.8666666666666667,1.0,0.07234882365445255,0.43559156679358246,False,False,False,,below_bounded_prescreen
diff__detailed__all__reboundshare_mean,detailed_efficiency,0.0,981,981,0.2785264436640951,0.24569669850049086,1.0,1.0,0.09961277145252373,0.43522572202823556,False,False,False,,below_bounded_prescreen
diff__detailed__clean__oppfgpct_mean,detailed_efficiency,0.0,981,981,-0.2676377736297301,0.2927304575539366,0.8666666666666667,1.0,0.0725153202248709,0.43515698368210204,False,False,False,,below_bounded_prescreen
diff__detailed__ewm_h10__orbpct,detailed_efficiency,0.0,981,981,0.22554010227296978,0.26894542080433875,1.0,1.0,0.11026360317750278,0.4343020803590358,False,False,False,,below_bounded_prescreen
diff__detailed__all__oppefg_mean,detailed_efficiency,0.0,981,981,-0.2815457931315934,0.28833866994501617,0.8666666666666667,1.0,0.12219846899103948,0.43412136396958345,False,False,False,,below_bounded_prescreen
diff__detailed__clean__oppefg_mean,detailed_efficiency,0.0,981,981,-0.28210485054642986,0.28752142377600554,0.8666666666666667,1.0,0.12421996355443815,0.4337712186571863,False,False,False,,below_bounded_prescreen
diff__detailed__ewm_h20__tovpct,detailed_efficiency,0.0,981,981,-0.24304662927750056,0.2600261195079901,1.0,1.0,0.11797184286307344,0.43356392209036243,False,False,False,,below_bounded_prescreen
diff__detailed__clean__efg_mean,detailed_efficiency,0.0,981,981,0.21818210168749688,0.27691558860266424,1.0,1.0,0.18672196128408325,0.43345066644916475,False,False,False,,below_bounded_prescreen
diff__detailed__clean__efg_trim02,detailed_efficiency,0.0,981,981,0.21818210168749688,0.27691558860266424,1.0,1.0,0.18672196128408325,0.43345066644916475,False,False,False,,below_bounded_prescreen
diff__detailed__all__blockpct_mean,detailed_efficiency,0.0,981,981,0.24797276304585883,0.260129946362825,1.0,1.0,0.1602430021397657,0.4330066620386543,False,False,False,,below_bounded_prescreen
diff__detailed__all__opp_efg_ros,detailed_efficiency,0.0,981,981,-0.28131456259223675,0.2853548314943146,0.8666666666666667,1.0,0.12116667204803772,0.4326795226723082,False,False,False,,below_bounded_prescreen
diff__detailed__all__efg_mean,detailed_efficiency,0.0,981,981,0.21755130566902897,0.27503527787016696,1.0,1.0,0.18432236392649462,0.4325053260678067,False,False,False,,below_bounded_prescreen
diff__detailed__all__efg_trim02,detailed_efficiency,0.0,981,981,0.21755130566902897,0.27503527787016696,1.0,1.0,0.18432236392649462,0.4325053260678067,False,False,False,,below_bounded_prescreen
diff__detailed__clean__opp_efg_ros,detailed_efficiency,0.0,981,981,-0.28195059857206756,0.28449476456554745,0.8666666666666667,1.0,0.1254091683882702,0.43223691860845354,False,False,False,,below_bounded_prescreen
diff__detailed__clean__blockpct_mean,detailed_efficiency,0.0,981,981,0.24793795679331807,0.2581740605747162,1.0,1.0,0.16042841212475284,0.43205276308540363,False,False,False,,below_bounded_prescreen
diff__norm__detailed__all__efg_ros__pct,within_season_normalization,0.0,981,806,0.24869060942345633,0.2628547333074352,1.0,1.0,0.22589525595087137,0.4318463958226944,False,False,False,,below_bounded_prescreen
diff__detailed__clean__fgpct_median,detailed_efficiency,0.0,981,963,0.25081366870416477,0.2555658818645032,1.0,1.0,0.16546003086467836,0.4312322291752907,False,False,False,,below_bounded_prescreen
diff__massey__rank_improvement_median,massey_consensus,0.0,981,153,-0.23970635976345944,0.2574812622595184,1.0,1.0,0.13104195901378568,0.4310847266719784,False,False,False,,below_bounded_prescreen
diff__detailed__all__fgpct_median,detailed_efficiency,0.0,981,964,0.25112238147200727,0.25304789088128754,1.0,1.0,0.1668415938259295,0.4300362477938224,False,False,False,,below_bounded_prescreen
diff__detailed__ewm_h20__orbpct,detailed_efficiency,0.0,981,981,0.2448087900049444,0.24749306179943437,1.0,1.0,0.1250889933453463,0.4276510437310024,False,False,False,,below_bounded_prescreen
diff__detailed__all__oppfg2pct_mean,detailed_efficiency,0.0,981,981,-0.2732174192602441,0.2794170798277396,0.8666666666666667,1.0,0.13319950591140656,0.42756671698477916,False,False,False,,below_bounded_prescreen
diff__detailed__ewm_h10__tovpct,detailed_efficiency,0.0,981,981,-0.2486459615068777,0.24728189350089683,1.0,1.0,0.15426323449318863,0.42722689103221595,False,False,False,,below_bounded_prescreen
diff__detailed__clean__oppfg2pct_mean,detailed_efficiency,0.0,981,981,-0.2735421309513314,0.27835509925593416,0.8666666666666667,1.0,0.13407759531746016,0.4270932793061096,False,False,False,,below_bounded_prescreen
diff__detailed__clean__orbpct_median,detailed_efficiency,0.0,981,945,0.2531418329981061,0.24380376929289244,1.0,1.0,0.1424241568276026,0.4270200462470676,False,False,False,,below_bounded_prescreen
diff__detailed__ewm_h20__efg,detailed_efficiency,0.0,981,981,0.25380454294618293,0.24574167006776146,1.0,1.0,0.19165512245437985,0.42612679618251054,False,False,False,,below_bounded_prescreen
diff__detailed__all__orbpct_median,detailed_efficiency,0.0,981,945,0.25313633630149535,0.23964346891825766,1.0,1.0,0.1412061156239211,0.4250706144421358,False,False,False,,below_bounded_prescreen
diff__context__d1_tenure,availability_and_context,0.0,981,32,0.22554649874934404,0.24751111957862082,1.0,1.0,0.11277786758160574,0.4239144524193295,False,False,False,,below_bounded_prescreen
diff__detailed__clean__fg_pct_ros,detailed_efficiency,0.0,981,981,0.2623276174698409,0.2771734337385713,0.8666666666666667,1.0,0.16596079825901444,0.42278355877418533,False,False,False,,below_bounded_prescreen
diff__compact__last20_margin_mean,compact_performance,0.0,981,427,0.2504243036743834,0.23703623157180487,1.0,1.0,0.168183946713868,0.422143380094276,False,False,False,,below_bounded_prescreen
diff__detailed__all__fg_pct_ros,detailed_efficiency,0.0,981,981,0.26173742303805203,0.27564224947061944,0.8666666666666667,1.0,0.16405228272186279,0.4219950881720609,False,False,False,,below_bounded_prescreen
diff__compact__ewm_h10_points_for,compact_performance,0.0,981,981,0.24796068813082017,0.28304884142418035,0.8666666666666667,1.0,0.18705475816288686,0.42159927161253824,False,False,False,,below_bounded_prescreen
diff__conference__team_count,conference_context,0.0,981,17,0.22899027337308556,0.23036178413046357,1.0,1.0,0.07117136403253721,0.4181046619633998,False,True,False,,correlation_pruned_or_cap
diff__detailed__all__oppfg2pct_median,detailed_efficiency,0.0,981,948,-0.25043871399163214,0.2609288318766265,0.8666666666666667,1.0,0.06935041931239386,0.4162350062731107,False,False,False,,below_bounded_prescreen
diff__detailed__clean__oppfg2pct_median,detailed_efficiency,0.0,981,947,-0.2527110309009805,0.2597984047269167,0.8666666666666667,1.0,0.07202028712788594,0.41608551624868695,False,False,False,,below_bounded_prescreen
diff__compact__pythag_residual_exp13p91,compact_performance,0.0,981,981,-0.23692070046019495,0.23192638442247673,1.0,1.0,0.19345833695704973,0.41570888514574966,False,False,False,,below_bounded_prescreen
diff__compact__home_margin_std,compact_performance,0.0,981,981,0.21326203503800056,0.23780743138120417,1.0,1.0,0.14277489744219052,0.4153542188736504,False,False,False,,below_bounded_prescreen
diff__detailed__clean__fgpct_mean,detailed_efficiency,0.0,981,981,0.2502737993827889,0.2627451515858101,0.8666666666666667,1.0,0.16898227985884495,0.4130852840977153,False,False,False,,below_bounded_prescreen
diff__detailed__clean__tovpct_median,detailed_efficiency,0.0,981,981,-0.24668219420726026,0.2165768942243906,1.0,1.0,0.13182553344409348,0.41295397061554096,False,False,False,,below_bounded_prescreen
diff__detailed__all__fgpct_mean,detailed_efficiency,0.0,981,981,0.2496027278439264,0.26113714073909655,0.8666666666666667,1.0,0.16717619043999174,0.4122380467294971,False,False,False,,below_bounded_prescreen
diff__detailed__all__foulrate_mean,detailed_efficiency,0.0,981,981,-0.22790347188478294,0.22524990092089603,1.0,1.0,0.1553565712396861,0.4120444534070949,False,False,False,,below_bounded_prescreen
diff__detailed__all__foul_rate_ros,detailed_efficiency,0.0,981,981,-0.23128916512769745,0.2226099159022739,1.0,1.0,0.15394299027932065,0.4115786563500121,False,False,False,,below_bounded_prescreen
diff__detailed__clean__foulrate_mean,detailed_efficiency,0.0,981,981,-0.22826633571995364,0.22372909179525902,1.0,1.0,0.1561068687433887,0.41136428317037854,False,False,False,,below_bounded_prescreen
diff__detailed__clean__foul_rate_ros,detailed_efficiency,0.0,981,981,-0.23163433775206602,0.22079791569515606,1.0,1.0,0.1548371833835513,0.41074906650378734,False,False,False,,below_bounded_prescreen
diff__detailed__all__tovpct_median,detailed_efficiency,0.0,981,981,-0.24638312970316606,0.21083895390565194,1.0,1.0,0.13208331874000173,0.41012365365980935,False,False,False,,below_bounded_prescreen
diff__detailed__clean__oppfgpct_median,detailed_efficiency,0.0,981,966,-0.22211092990921444,0.2601353802314966,0.8666666666666667,1.0,0.07828988421820604,0.40926445838908393,False,False,False,,below_bounded_prescreen
diff__detailed__clean__oppefg_median,detailed_efficiency,0.0,981,972,-0.24344656154303468,0.25426294709927294,0.8666666666666667,1.0,0.15667867346502912,0.4080039778751842,False,False,False,,below_bounded_prescreen
diff__detailed__last20__net_rtg_mean,detailed_efficiency,0.0,981,981,0.2460120224357596,0.2087164773467941,1.0,1.0,0.15780146088278973,0.40799449562701673,False,False,False,,below_bounded_prescreen
diff__detailed__all__oppefg_median,detailed_efficiency,0.0,981,971,-0.24368452671325844,0.253200487044843,0.8666666666666667,1.0,0.15268108278427328,0.4077062530137372,False,False,False,,below_bounded_prescreen
diff__compact__close5_games,compact_performance,0.0,981,25,-0.23148304364040556,0.25694237403748177,0.8666666666666667,1.0,0.1522751109041671,0.4068342713693805,False,False,False,,below_bounded_prescreen
diff__geography__neutral_games_with_city,geography_and_schedule_dispersion,0.0,981,17,0.2416780796564128,0.21920704892854026,1.0,1.0,0.31042913682385476,0.40597139553715594,False,False,False,,below_bounded_prescreen
diff__detailed__all__oppfgpct_median,detailed_efficiency,0.0,981,966,-0.22392465834758885,0.2510737534381384,0.8666666666666667,1.0,0.08080392749703683,0.40521333605356125,False,False,False,,below_bounded_prescreen
diff__compact__half_delta_pointsagainstmean,compact_performance,0.0,981,960,0.25105946458893985,0.2392599546205154,0.8666666666666667,1.0,0.11057177895647757,0.4043216559358217,False,False,False,,below_bounded_prescreen
diff__detailed__clean__fg2pct_mean,detailed_efficiency,0.0,981,981,0.22953410900562063,0.2575341016381377,0.8666666666666667,1.0,0.2115985426360773,0.40431659772876627,False,False,False,,below_bounded_prescreen
diff__compact__ewm_h5_margin,compact_performance,0.0,981,981,0.22633668243816787,0.20947751527806394,1.0,1.0,0.1780774486030434,0.4032201795257459,False,False,False,,below_bounded_prescreen
diff__detailed__clean__efg_median,detailed_efficiency,0.0,981,959,0.2131529471413936,0.2206159203859401,1.0,1.0,0.24895329252845094,0.4028311584552198,False,False,False,,below_bounded_prescreen
diff__detailed__all__efg_median,detailed_efficiency,0.0,981,959,0.2133639380211397,0.21915871617037896,1.0,1.0,0.2464090919788039,0.40227988644728047,False,False,False,,below_bounded_prescreen
diff__compact__last20_margin_median,compact_performance,0.0,981,73,0.21970118606236497,0.20456505268098674,1.0,1.0,0.16594178084752453,0.39988781498669296,False,False,False,,below_bounded_prescreen
diff__detailed__all__fg2pct_mean,detailed_efficiency,0.0,981,981,0.22921363856709862,0.24802054256096417,0.8666666666666667,1.0,0.21049974797035975,0.3997235376618768,False,False,False,,below_bounded_prescreen
diff__detailed__all__oppftmaderate_median,detailed_efficiency,0.0,981,972,-0.21253819180273498,0.19897151437300745,1.0,1.0,0.10266372784226568,0.39815817998195463,False,False,False,,below_bounded_prescreen
diff__detailed__clean__oppftrate_median,detailed_efficiency,0.0,981,980,-0.21236401117552414,0.19751252399574246,1.0,1.0,0.09746988669495779,0.3976272985087734,False,False,False,,below_bounded_prescreen
diff__detailed__all__oppftrate_median,detailed_efficiency,0.0,981,981,-0.21138306040389854,0.1973158502464445,1.0,1.0,0.10183461695565871,0.3971424967289247,False,False,False,,below_bounded_prescreen
diff__detailed__clean__oppftmaderate_mean,detailed_efficiency,0.0,981,981,-0.21461002885203656,0.2015942977517538,1.0,1.0,0.18133318421372957,0.3967261418997407,False,False,False,,below_bounded_prescreen
diff__detailed__clean__oppftmaderate_median,detailed_efficiency,0.0,981,972,-0.21172538494956003,0.19608135480523897,1.0,1.0,0.10449379857046143,0.39651888305259947,False,False,False,,below_bounded_prescreen
diff__detailed__ewm_h20__oppefg,detailed_efficiency,0.0,981,981,-0.21664803142844463,0.2384628957505131,0.8666666666666667,1.0,0.11403857931143255,0.3962298803687135,False,False,False,,below_bounded_prescreen
diff__detailed__ewm_h5__netrtg,detailed_efficiency,0.0,981,981,0.2199391355676923,0.1972951728490718,1.0,1.0,0.17979882200491343,0.3958963399122502,False,False,False,,below_bounded_prescreen
diff__detailed__all__oppftmaderate_mean,detailed_efficiency,0.0,981,981,-0.2143475041770091,0.1993377563917757,1.0,1.0,0.18215069740784454,0.3955525460906805,False,False,False,,below_bounded_prescreen
diff__detailed__clean__opp_ft_rate_ros,detailed_efficiency,0.0,981,981,-0.21546967883197002,0.19802017910249534,1.0,1.0,0.18115047835684156,0.39520699617795746,False,False,False,,below_bounded_prescreen
diff__detailed__clean__fg2pct_median,detailed_efficiency,0.0,981,897,0.21070025768283063,0.243814091517055,0.8666666666666667,1.0,0.18361886645251532,0.39470673262697514,False,False,False,,below_bounded_prescreen
diff__detailed__all__ftrate_std,detailed_efficiency,0.0,981,981,-0.18029863874912072,0.20561871313199143,1.0,1.0,0.109513296478775,0.39398215096901146,False,False,False,,below_bounded_prescreen
diff__detailed__all__oppftrate_mean,detailed_efficiency,0.0,981,981,-0.21339333726572698,0.19554901022595406,1.0,1.0,0.17910944564490688,0.39364568128112165,False,False,False,,below_bounded_prescreen
diff__detailed__last20__off_rtg_mean,detailed_efficiency,0.0,981,981,0.2556270072527857,0.22495752725313514,0.8666666666666667,1.0,0.2320239899401202,0.3936032617461796,False,False,False,,below_bounded_prescreen
diff__detailed__clean__oppftrate_mean,detailed_efficiency,0.0,981,981,-0.21368333092680938,0.19504412025207796,1.0,1.0,0.1795885108444201,0.39344797009111865,False,False,False,,below_bounded_prescreen
diff__detailed__all__fg2pct_median,detailed_efficiency,0.0,981,899,0.21073406247079143,0.24077224212149878,0.8666666666666667,1.0,0.1818791378936932,0.39332367111281247,False,False,False,,below_bounded_prescreen
diff__detailed__clean__ftrate_std,detailed_efficiency,0.0,981,981,-0.17925854652292392,0.20356092826886626,1.0,1.0,0.11132295639484929,0.39269320754830506,False,False,False,,below_bounded_prescreen
diff__compact__pythag_residual_exp11p5,compact_performance,0.0,981,981,-0.22354263672854366,0.1900068691112048,1.0,1.0,0.20530938920672728,0.39217030168538886,False,False,False,,below_bounded_prescreen
diff__compact__overtime_rate,compact_performance,0.0,981,358,-0.17181309359049848,0.21426612050420007,1.0,1.0,0.21571052321329318,0.392018197503394,False,False,False,,below_bounded_prescreen
diff__detailed__clean__true_shooting_ros,detailed_efficiency,0.0,981,981,0.20895283165007109,0.24345151265422624,0.8666666666666667,1.0,0.24091183645189904,0.39185654224563493,False,False,False,,below_bounded_prescreen
diff__seed__playin,selection_committee_prior,0.0,981,3,-0.1772939591023288,0.20062736568883502,1.0,1.0,0.0892170940347243,0.3917371227717642,False,True,False,,correlation_pruned_or_cap
diff__coach__years_since_tournament_appearance,prior_coach_history,0.2782874617737003,708,31,-0.2231349334531746,0.2264186124958073,1.0,1.0,0.10190134517872362,0.3914315686086409,False,False,False,,below_bounded_prescreen
diff__detailed__all__true_shooting_ros,detailed_efficiency,0.0,981,981,0.20863262400872765,0.24216961004340504,0.8666666666666667,1.0,0.24246209290920653,0.3911087730530529,False,False,False,,below_bounded_prescreen
diff__detailed__clean__trueshootingpct_mean,detailed_efficiency,0.0,981,981,0.20382188991989014,0.24362618804461192,0.8666666666666667,1.0,0.24362281125845375,0.3907031402601181,False,False,False,,below_bounded_prescreen
interaction__free_throw_pressure_edge,matchup_interactions,0.0,981,981,-0.1980216205199953,0.19321035215355753,1.0,1.0,0.15391025571923994,0.390149315319337,False,True,False,,correlation_pruned_or_cap
diff__detailed__all__trueshootingpct_mean,detailed_efficiency,0.0,981,981,0.20340692411213496,0.24207619374096537,0.8666666666666667,1.0,0.24507907893421008,0.38980959980963137,False,False,False,,below_bounded_prescreen
diff__rating__elo_standard_delta,dynamic_ratings,0.0,981,981,0.22410382258631006,0.22943926371428242,0.8666666666666667,1.0,0.22353175209280865,0.38915908413479805,False,True,True,81.0,selected
diff__conference__strength_std,conference_context,0.0,981,851,0.20765350764996549,0.2195050856268375,0.8666666666666667,1.0,0.13477192007468075,0.3843220026475539,False,True,False,,correlation_pruned_or_cap
diff__coach__seasons_with_program_through_current,prior_coach_history,0.0,981,57,0.19777111647094822,0.21836976550252665,0.8666666666666667,1.0,0.0758946575310972,0.38395801343024416,False,False,False,,below_bounded_prescreen
diff__compact__neutral_games,compact_performance,0.04485219164118247,937,16,0.23083449015670682,0.21184655545936906,0.8666666666666667,1.0,0.11373256723442149,0.38299912310096784,False,False,False,,below_bounded_prescreen
diff__detailed__neutral__games,detailed_efficiency,0.04485219164118247,937,16,0.23083449015670682,0.21184655545936906,0.8666666666666667,1.0,0.11373256723442149,0.38299912310096784,False,False,False,,below_bounded_prescreen
diff__prior__program_has_tournament_history,prior_program_history,0.0,981,3,0.2181521992865898,0.2134062569657934,0.8666666666666667,1.0,0.15692152500236983,0.3828182928532025,False,False,False,,below_bounded_prescreen
diff__detailed__ewm_h5__orbpct,detailed_efficiency,0.0,981,981,0.16221223297123324,0.18965450004739823,1.0,1.0,0.10771602345520077,0.3824122103382144,False,False,False,,below_bounded_prescreen
diff__compact__half_marginmean_second,compact_performance,0.0,981,889,0.2066677645698759,0.1735046073799613,1.0,1.0,0.17985083670261431,0.38155508627964946,False,False,False,,below_bounded_prescreen
diff__detailed__ewm_h10__efg,detailed_efficiency,0.0,981,981,0.18866478398482026,0.18424169874124224,1.0,1.0,0.2268731429328734,0.38086734215514173,False,False,False,,below_bounded_prescreen
diff__rating__elo_mov_538_delta,dynamic_ratings,0.0,981,981,0.19622112328088545,0.22005797678301134,0.8666666666666667,1.0,0.1761900358460144,0.38041554121046633,False,True,True,82.0,selected
diff__rating__elo_mov_log_delta,dynamic_ratings,0.0,981,981,0.19628245515041132,0.21906090495445754,0.8666666666666667,1.0,0.17393237330135364,0.38004074624584266,False,True,False,,correlation_pruned_or_cap
diff__detailed__last10__ft_rate_mean,detailed_efficiency,0.0,981,981,-0.1567952428295566,0.1908776113253914,1.0,1.0,0.17793625141848973,0.3789987568019507,False,False,False,,below_bounded_prescreen
diff__compact__points_against_mean,compact_performance,0.0,981,965,-0.21085546646369077,0.16840886782665576,1.0,1.0,0.21247693127616013,0.37872538192776034,False,False,False,,below_bounded_prescreen
diff__detailed__clean__foulrate_median,detailed_efficiency,0.0,981,981,-0.19168803753001315,0.17089351311599416,1.0,1.0,0.142344682642163,0.3785064672465936,False,False,False,,below_bounded_prescreen
diff__detailed__all__foulrate_median,detailed_efficiency,0.0,981,981,-0.19057058924168535,0.17094619744007894,1.0,1.0,0.14168469348983892,0.3783123166648151,False,False,False,,below_bounded_prescreen
diff__detailed__ewm_h10__defrtg,detailed_efficiency,0.0,981,981,-0.21011371906036858,0.19803030254605675,0.8666666666666667,1.0,0.08989733335336803,0.37635033674792023,False,False,False,,below_bounded_prescreen
diff__detailed__ewm_h10__oppefg,detailed_efficiency,0.0,981,981,-0.1937267716689217,0.20321007380791622,0.8666666666666667,1.0,0.1106751873453965,0.3744003843678134,False,False,False,,below_bounded_prescreen
diff__detailed__all__opp_ft_rate_ros,detailed_efficiency,0.0,981,981,-0.21529979771761829,0.1987123806965725,0.8666666666666667,1.0,0.1803255755184826,0.3742015418781582,False,False,False,,below_bounded_prescreen
diff__detailed__last10__tov_pct_mean,detailed_efficiency,0.0,981,981,-0.17002548272314155,0.17020046164263866,1.0,1.0,0.13904613905718302,0.3735399822252704,False,False,False,,below_bounded_prescreen
diff__detailed__last5__ft_rate_mean,detailed_efficiency,0.0,981,981,-0.1548906160071262,0.17679954730462313,1.0,1.0,0.17479134124316204,0.37194806457806034,False,False,False,,below_bounded_prescreen
diff__detailed__all__opp_ftmade_rate_ros,detailed_efficiency,0.0,981,981,-0.2171616580000855,0.19246487378333738,0.8666666666666667,1.0,0.1825556267688639,0.37152314577193285,False,False,False,,below_bounded_prescreen
diff__detailed__clean__opp_ftmade_rate_ros,detailed_efficiency,0.0,981,981,-0.21733760503276225,0.1921347012487528,0.8666666666666667,1.0,0.1816577996031828,0.3714392843891484,False,False,False,,below_bounded_prescreen
diff__detailed__ewm_h5__offrtg,detailed_efficiency,0.0,981,981,0.23386310576343183,0.18615232095293419,0.8666666666666667,1.0,0.2446299192899047,0.3696844672204339,False,False,False,,below_bounded_prescreen
diff__compact__day90plus_games,compact_performance,0.0,981,10,0.1966901004328696,0.2359257576189524,0.7333333333333333,1.0,0.13544299585806857,0.368431799251339,False,False,False,,below_bounded_prescreen
diff__detailed__last10__orb_pct_mean,detailed_efficiency,0.0,981,981,0.13570175188628597,0.1699249724207255,1.0,1.0,0.11284435843811137,0.3669045978394067,False,False,False,,below_bounded_prescreen
diff__compact__day120plus_games,compact_performance,0.0,981,9,0.17129629201671462,0.19487784847332495,0.8666666666666667,1.0,0.1180730569517694,0.3651702958994691,False,False,False,,below_bounded_prescreen
diff__compact__ewm_h20_points_against,compact_performance,0.0,981,981,-0.20854134787508377,0.22710984776276388,0.7333333333333333,1.0,0.21806463323728734,0.36350257146248693,False,False,False,,below_bounded_prescreen
diff__detailed__last20__tov_pct_mean,detailed_efficiency,0.0,981,981,-0.20997181738931803,0.1802257592776126,0.8666666666666667,1.0,0.20825187525023717,0.36303875593556123,False,False,False,,below_bounded_prescreen
diff__compact__close3_games,compact_performance,0.0,981,19,-0.1847156874425453,0.18466449634217366,0.8666666666666667,1.0,0.1404184121839425,0.3623263396609123,False,False,False,,below_bounded_prescreen
diff__compact__day110plus_games,compact_performance,0.0,981,10,0.18962006441109983,0.2250176886710637,0.7333333333333333,1.0,0.12985809225606781,0.3618639143756432,False,False,False,,below_bounded_prescreen
diff__compact__last20_win_pct,compact_performance,0.0,981,22,0.18032896668294862,0.17963554595480194,0.8666666666666667,1.0,0.10103236055181736,0.36052280697314765,False,False,False,,below_bounded_prescreen
diff__geography__games_with_city,geography_and_schedule_dispersion,0.0,981,15,0.23346709660375395,0.1241929295983403,1.0,1.0,0.3762233355583397,0.35592643403769564,False,False,False,,below_bounded_prescreen
diff__detailed__ewm_h5__tovpct,detailed_efficiency,0.0,981,981,-0.1903487946400302,0.1657896317109763,0.8666666666666667,1.0,0.14125782522063635,0.35447211169991655,False,False,False,,below_bounded_prescreen
diff__detailed__clean__trueshootingpct_median,detailed_efficiency,0.0,981,980,0.18548755396740624,0.17486403466132533,0.8666666666666667,1.0,0.23882417614415463,0.3538556981311661,False,False,False,,below_bounded_prescreen
diff__detailed__all__trueshootingpct_median,detailed_efficiency,0.0,981,980,0.18549661739568613,0.17462452491268457,0.8666666666666667,1.0,0.2369036269510326,0.3538195493737649,False,False,False,,below_bounded_prescreen
diff__detailed__last20__four_factor_edge_mean,detailed_efficiency,0.0,981,981,0.2024847261503032,0.15395462183987443,0.8666666666666667,1.0,0.12155597094912529,0.35224928606490813,False,False,False,,below_bounded_prescreen
diff__detailed__all__tovpct_std,detailed_efficiency,0.0,981,981,-0.15603255230969426,0.1733052992831052,0.8666666666666667,1.0,0.11195045570489877,0.351702353602494,False,False,False,,below_bounded_prescreen
diff__detailed__clean__tovpct_std,detailed_efficiency,0.0,981,981,-0.1554649888926619,0.16548347499465238,0.8666666666666667,1.0,0.1115538242270197,0.34783887925140466,False,False,False,,below_bounded_prescreen
diff__detailed__last20__orb_pct_mean,detailed_efficiency,0.0,981,981,0.18228725962125564,0.15406855050172077,0.8666666666666667,1.0,0.15718950794936035,0.34643518770619447,False,False,False,,below_bounded_prescreen
diff__compact__pythag_residual_exp10p0,compact_performance,0.0,981,981,-0.19215693489226973,0.15225306894782226,0.8666666666666667,1.0,0.21240389182195724,0.3455265097650424,False,False,False,,below_bounded_prescreen
diff__detailed__last10__off_rtg_mean,detailed_efficiency,0.0,981,981,0.17946723884858043,0.15797597246444905,0.8666666666666667,1.0,0.2698626835423808,0.34318341865459473,False,False,False,,below_bounded_prescreen
diff__detailed__ewm_h5__fourfactoredge,detailed_efficiency,0.0,981,981,0.1679750046196175,0.14843837996495166,0.8666666666666667,1.0,0.09691081966760351,0.3429951572794552,False,False,False,,below_bounded_prescreen
diff__detailed__all__oppstealpct_mean,detailed_efficiency,0.0,981,981,-0.14559818449956002,0.11658325176398135,1.0,1.0,0.13003996864639844,0.3427899626907583,False,False,False,,below_bounded_prescreen
diff__geography__distinct_cities,geography_and_schedule_dispersion,0.0,981,16,-0.18807979503498956,0.10563057390312727,1.0,1.0,0.26672878263584876,0.3414110790757649,False,False,False,,below_bounded_prescreen
diff__detailed__clean__oppstealpct_mean,detailed_efficiency,0.0,981,981,-0.14539173998776805,0.11371191420062339,1.0,1.0,0.13260793977075547,0.34126358402277795,False,False,False,,below_bounded_prescreen
diff__compact__overtime_periods_mean,compact_performance,0.0,981,419,-0.1386257254947491,0.1161535881856488,1.0,1.0,0.17807836409069644,0.3391282473743284,False,False,False,,below_bounded_prescreen
diff__detailed__away__def_rtg_mean,detailed_efficiency,0.0,981,981,-0.1813741655998528,0.17513449290339692,0.7333333333333333,1.0,0.17644288090282442,0.33424249112281845,False,False,False,,below_bounded_prescreen
diff__detailed__last20__opp_efg_mean,detailed_efficiency,0.0,981,981,-0.12254404032971815,0.15725842470259138,0.8666666666666667,1.0,0.1735183040600799,0.33416966723404534,False,False,False,,below_bounded_prescreen
diff__detailed__neutral__off_rtg_mean,detailed_efficiency,0.04485219164118247,937,937,0.13270348312874006,0.14378661421637906,0.8666666666666667,1.0,0.07456379317867176,0.3303082807204101,False,False,False,,below_bounded_prescreen
diff__detailed__all__oppstealpct_median,detailed_efficiency,0.0,981,981,-0.12519323623980524,0.14188766368690836,0.8666666666666667,1.0,0.11723315779889368,0.32962593089718417,False,False,False,,below_bounded_prescreen
diff__detailed__last20__ft_rate_mean,detailed_efficiency,0.0,981,981,-0.1287706313829857,0.17682311469615303,0.7333333333333333,1.0,0.1388200268340629,0.32498516621838114,False,False,False,,below_bounded_prescreen
diff__detailed__last5__tov_pct_mean,detailed_efficiency,0.0,981,981,-0.11477755860404439,0.13095511742853627,0.8666666666666667,1.0,0.07932464039047764,0.32360320030963474,False,False,False,,below_bounded_prescreen
diff__compact__half_winpct_second,compact_performance,0.0,981,407,0.1324890495705775,0.12627571960293762,0.8666666666666667,1.0,0.1400301003250636,0.32282539896860124,False,False,False,,below_bounded_prescreen
diff__detailed__ewm_h5__ftrate,detailed_efficiency,0.0,981,981,-0.15622939350636178,0.16157747147342122,0.7333333333333333,1.0,0.17184953686838111,0.32238700473723986,False,False,False,,below_bounded_prescreen
diff__compact__day90plus_margin_mean,compact_performance,0.0,981,886,0.1767864192357297,0.15358302689795145,0.7333333333333333,1.0,0.2087096374323588,0.3215978129789162,False,False,False,,below_bounded_prescreen
diff__detailed__clean__oppstealpct_median,detailed_efficiency,0.0,981,981,-0.12250332219722099,0.12658094281497081,0.8666666666666667,1.0,0.12089758341874687,0.3215403467644914,False,False,False,,below_bounded_prescreen
diff__conference__tourney_champion,conference_context,0.019367991845056064,962,3,-0.15957925017726096,0.15439462610138044,0.7333333333333333,1.0,0.13101656372191778,0.31976008700451214,False,True,False,,correlation_pruned_or_cap
diff__compact__close5_wins,compact_performance,0.0,981,20,-0.14475946650915666,0.15840196446497948,0.7333333333333333,1.0,0.1628750409569267,0.3186983572702609,False,False,False,,below_bounded_prescreen
diff__schedule__opponent_strength_std,schedule_and_accomplishment,0.0,981,981,0.12241702807949996,0.12170563510435564,0.8666666666666667,1.0,0.18419814491682535,0.31664919189757434,False,True,True,97.0,selected
diff__detailed__last5__orb_pct_mean,detailed_efficiency,0.0,981,981,0.09350110765515339,0.08008636014453302,1.0,1.0,0.0848239539607508,0.31561873839507953,False,False,False,,below_bounded_prescreen
diff__compact__last10_margin_mean,compact_performance,0.0,981,282,0.15352535155673208,0.14427543391783387,0.7333333333333333,1.0,0.1507111948267033,0.3143326711633065,False,False,False,,below_bounded_prescreen
diff__compact__last5_margin_std,compact_performance,0.0,981,980,0.12355069880440672,0.06763592537754198,1.0,1.0,0.1356261359128526,0.3142213524816755,False,False,False,,below_bounded_prescreen
diff__compact__neutral_margin_mean,compact_performance,0.04485219164118247,937,662,0.13374361791153508,0.15619720470600051,0.7333333333333333,1.0,0.2036744089098315,0.3099964358450635,False,False,False,,below_bounded_prescreen
diff__detailed__last10__net_rtg_mean,detailed_efficiency,0.0,981,981,0.15177311608138377,0.1319683417880007,0.7333333333333333,1.0,0.13158758304275517,0.3088047196077679,False,False,False,,below_bounded_prescreen
interaction__turnover_pressure_edge,matchup_interactions,0.0,981,981,0.12454872423233536,0.13799940794255203,0.7333333333333333,1.0,0.1633467455459721,0.3044398986550332,False,True,False,,correlation_pruned_or_cap
diff__compact__ewm_h5_points_for,compact_performance,0.0,981,981,0.14071943874339018,0.17329723168674624,0.6,1.0,0.19487020177576508,0.3023461396621534,False,False,False,,below_bounded_prescreen
diff__quality__FlaggedPossessionRate,detailed_efficiency,0.0,981,21,-0.08620986027395754,0.09818598271620137,0.8461538461538461,1.0,0.1015745370586678,0.29741707486631597,False,False,False,,below_bounded_prescreen
diff__quality__FlaggedPossessionGames,detailed_efficiency,0.0,981,5,-0.08269003468135436,0.09811204430015671,0.8461538461538461,1.0,0.09939313643727604,0.29669447882109756,False,False,False,,below_bounded_prescreen
mean__detailed__all__opp_ftmade_rate_ros,detailed_efficiency,0.0,981,981,-0.08874034593870606,0.08826481887152779,0.8666666666666667,1.0,0.13356379180932354,0.2952141041591424,False,False,False,,below_bounded_prescreen
mean__detailed__clean__opp_ftmade_rate_ros,detailed_efficiency,0.0,981,981,-0.08857550898638504,0.0884596319968488,0.8666666666666667,1.0,0.13559150366535683,0.2951902418555446,False,False,False,,below_bounded_prescreen
diff__detailed__all__oppfg3pct_mean,detailed_efficiency,0.0,981,981,-0.12409733690505968,0.15698651517469708,0.6,1.0,0.11619276469777245,0.29400723081505686,False,False,False,,below_bounded_prescreen
diff__detailed__clean__oppfg3pct_mean,detailed_efficiency,0.0,981,981,-0.12471924175323726,0.1534384778116968,0.6,1.0,0.11373858445411175,0.2925391591571622,False,False,False,,below_bounded_prescreen
mean__detailed__all__oppftmaderate_mean,detailed_efficiency,0.0,981,981,-0.08870716138234369,0.07885899124632671,0.8666666666666667,1.0,0.12393378533346783,0.2910772065556804,False,False,False,,below_bounded_prescreen
mean__detailed__clean__oppftmaderate_mean,detailed_efficiency,0.0,981,981,-0.08845417170414395,0.07793575373204853,0.8666666666666667,1.0,0.12558351138040952,0.29051240577774523,False,False,False,,below_bounded_prescreen
diff__detailed__ewm_h5__oppefg,detailed_efficiency,0.0,981,981,-0.08500521544611796,0.11730460394396679,0.7333333333333333,1.0,0.10530394143986438,0.28812853296698876,False,False,False,,below_bounded_prescreen
diff__detailed__neutral__net_rtg_mean,detailed_efficiency,0.04485219164118247,937,937,0.12914613758019067,0.15286932823805557,0.6,1.0,0.2149289764317258,0.28560409343334503,False,False,False,,below_bounded_prescreen
diff__compact__away_margin_std,compact_performance,0.0,981,981,-0.1474481438043924,0.1428129915118964,0.6,1.0,0.284907313797466,0.28559253501077797,False,False,False,,below_bounded_prescreen
diff__detailed__clean__oppassistturnoverratio_mean,detailed_efficiency,0.0,981,981,-0.11100846855340293,0.10354328932364666,0.7333333333333333,1.0,0.19047741794978984,0.2838368785724408,False,False,False,,below_bounded_prescreen
diff__detailed__all__oppassistturnoverratio_mean,detailed_efficiency,0.0,981,981,-0.11075312284532533,0.10350909572862978,0.7333333333333333,1.0,0.19086795903301249,0.2837486679477267,False,False,False,,below_bounded_prescreen
diff__compact__day120plus_win_pct,compact_performance,0.0,981,54,-0.11803909434884294,0.09946800834070277,0.7333333333333333,1.0,0.1839420721997986,0.2836888952056242,False,False,False,,below_bounded_prescreen
diff__compact__ewm_h10_points_against,compact_performance,0.0,981,981,-0.14566690034096974,0.1307600792245312,0.6,1.0,0.2134907531681515,0.28227192597606227,False,False,False,,below_bounded_prescreen
diff__detailed__clean__fg3_pct_ros,detailed_efficiency,0.0,981,980,0.12169832871859777,0.13036518056368213,0.6,1.0,0.0928783455373501,0.2816337851671649,False,False,False,,below_bounded_prescreen
diff__detailed__all__fg3_pct_ros,detailed_efficiency,0.0,981,980,0.12080942552305761,0.13088037757437468,0.6,1.0,0.09714199556834242,0.2815149750280388,False,False,False,,below_bounded_prescreen
diff__detailed__all__fg3pct_mean,detailed_efficiency,0.0,981,981,0.09825507695414364,0.1367684613583615,0.6,1.0,0.0904700492739931,0.2796461764109654,False,False,False,,below_bounded_prescreen
diff__compact__last10_margin_median,compact_performance,0.0,981,89,0.10737603897405495,0.08668099445132664,0.7333333333333333,1.0,0.10543920565728833,0.2783453710179707,False,False,False,,below_bounded_prescreen
diff__detailed__last5__off_rtg_mean,detailed_efficiency,0.0,981,981,0.11974257807420219,0.13001923009468713,0.6,1.0,0.16322252309606633,0.2782236966979316,False,False,False,,below_bounded_prescreen
diff__detailed__clean__fg3pct_mean,detailed_efficiency,0.0,981,981,0.09951709403080561,0.13279554771416974,0.6,1.0,0.08922097121210132,0.27806678474109464,False,False,False,,below_bounded_prescreen
absdiff__schedule__top_quartile_games,schedule_and_accomplishment,0.0,981,22,-0.06726306793196823,0.1544333408842098,0.6,1.0,0.17368304902227416,0.27797855660856274,False,True,True,98.0,selected
absdiff__norm__schedule__opponent_strength_mean__z,within_season_normalization,0.0,981,981,-0.055067763621592186,0.1527208190415114,0.6,1.0,0.12359830456989919,0.27647696895387974,False,False,False,,below_bounded_prescreen
absdiff__detailed__away__pace_mean,detailed_efficiency,0.0,981,977,-0.06941633697835085,0.09752344592400956,0.7333333333333333,1.0,0.07394674478146099,0.2764583117208367,False,False,False,,below_bounded_prescreen
absdiff__schedule__opponent_strength_mean,schedule_and_accomplishment,0.0,981,981,-0.05351953764976841,0.1527208339290417,0.6,1.0,0.1235983067849342,0.27613636629749166,False,True,True,99.0,selected
diff__detailed__all__stealpct_median,detailed_efficiency,0.0,981,981,0.11250437313807243,0.08240708637194036,0.7333333333333333,1.0,0.16852374810404533,0.27489874695807887,False,False,False,,below_bounded_prescreen
diff__detailed__all__steal_pct_ros,detailed_efficiency,0.0,981,981,0.1353084988094031,0.07157296220587717,0.7333333333333333,1.0,0.171844024761462,0.27458246393976454,False,False,False,,below_bounded_prescreen
diff__detailed__last10__opp_efg_mean,detailed_efficiency,0.0,981,981,-0.06402186155194771,0.09505722172184543,0.7333333333333333,1.0,0.07320623933077512,0.27411735972801665,False,False,False,,below_bounded_prescreen
diff__compact__last20_points_for_mean,compact_performance,0.0,981,461,0.14893258095966622,0.1543562196282606,0.4666666666666667,1.0,0.19510247432969108,0.2737187209261707,False,False,False,,below_bounded_prescreen
diff__detailed__clean__steal_pct_ros,detailed_efficiency,0.0,981,981,0.13580114353198683,0.06925698199487873,0.7333333333333333,1.0,0.17230098845483702,0.2735608967297187,False,False,False,,below_bounded_prescreen
diff__detailed__clean__stealpct_median,detailed_efficiency,0.0,981,981,0.11243828727244455,0.07914815142725491,0.7333333333333333,1.0,0.16732356283779937,0.2733679267048415,False,False,False,,below_bounded_prescreen
diff__detailed__clean__stealpct_mean,detailed_efficiency,0.0,981,981,0.13404448959855153,0.06918789045069125,0.7333333333333333,1.0,0.17336407619912908,0.2730987454133813,False,False,False,,below_bounded_prescreen
diff__detailed__all__stealpct_mean,detailed_efficiency,0.0,981,981,0.13355747298058138,0.06918789045069125,0.7333333333333333,1.0,0.17259611630181182,0.2730223201533205,False,False,False,,below_bounded_prescreen
absdiff__schedule__opponent_strength_pct_mean,schedule_and_accomplishment,0.0,981,981,-0.046680179948795725,0.14242776109654004,0.6,1.0,0.13505854089400887,0.2692326232793139,False,True,True,100.0,selected
mean__coach__midseason_change,prior_coach_history,0.0,981,2,0.03652678665797008,0.0,1.0,1.0,0.026112244708879125,0.26699140327639825,False,False,False,,below_bounded_prescreen
diff__coach__midseason_change,prior_coach_history,0.0,981,3,-0.030393169305600456,0.0,1.0,1.0,0.005629423281945499,0.2664613203159543,False,False,False,,below_bounded_prescreen
diff__compact__half_pointsformean_second,compact_performance,0.0,981,885,0.12638544343694355,0.1490293892561044,0.4666666666666667,1.0,0.20343837891358116,0.2658680359091811,False,False,False,,below_bounded_prescreen
diff__conference__tourney_win_pct,conference_context,0.019367991845056064,962,17,-0.1069844772655256,0.06614338839939271,0.7333333333333333,1.0,0.1416383191446839,0.26540377265006565,False,True,False,,correlation_pruned_or_cap
absdiff__norm__schedule__opponent_strength_mean__pct,within_season_normalization,0.0,981,691,-0.04683933923820239,0.1300021218570332,0.6,1.0,0.10859674260333482,0.26436180341964705,False,False,False,,below_bounded_prescreen
diff__detailed__all__efg_std,detailed_efficiency,0.0,981,981,-0.09878222270250633,0.10475558765401795,0.6,1.0,0.10703409707493547,0.2637334071854826,False,False,False,,below_bounded_prescreen
diff__detailed__clean__efg_std,detailed_efficiency,0.0,981,981,-0.09863954043724237,0.10095447019979087,0.6,1.0,0.10447797501872605,0.2619797255913439,False,False,False,,below_bounded_prescreen
absdiff__compact__day90plus_margin_mean,compact_performance,0.0,981,825,0.05049035652318982,0.12424276191817561,0.6,1.0,0.13826782381763425,0.26121369120312066,False,False,False,,below_bounded_prescreen
diff__detailed__all__oppfg3pct_median,detailed_efficiency,0.0,981,661,-0.10375370220061067,0.14889307868457602,0.4666666666666667,1.0,0.24089131904414257,0.25932550615763184,False,False,False,,below_bounded_prescreen
diff__compact__ewm_h5_win,compact_performance,0.0,981,981,0.09413355687384733,0.10083170654117231,0.6,1.0,0.15400944957079366,0.25894822366917736,False,False,False,,below_bounded_prescreen
diff__detailed__clean__oppfg3pct_median,detailed_efficiency,0.0,981,673,-0.10161832139605306,0.14889307868457602,0.4666666666666667,1.0,0.24048702490694382,0.2588718941461171,False,False,False,,below_bounded_prescreen
diff__detailed__clean__oppassistturnoverratio_median,detailed_efficiency,0.0,981,856,-0.10063457078062663,0.09681424827928127,0.6,1.0,0.15992670900430445,0.2582133763856207,False,False,False,,below_bounded_prescreen
diff__detailed__all__oppassistturnoverratio_median,detailed_efficiency,0.0,981,864,-0.10182919164865344,0.09681424827928127,0.6,1.0,0.16953980136465896,0.2580916692821725,False,False,False,,below_bounded_prescreen
absdiff__detailed__last20__pace_mean,detailed_efficiency,0.0,981,940,-0.07144009508427086,0.10521139238464254,0.6,1.0,0.1295632239725514,0.257035760304266,False,False,False,,below_bounded_prescreen
diff__compact__close3_wins,compact_performance,0.0,981,16,-0.11997853881786051,0.12594121572438632,0.4666666666666667,1.0,0.1977502158143228,0.25360372012172855,False,False,False,,below_bounded_prescreen
diff__detailed__clean__oppblockpct_median,detailed_efficiency,0.0,981,919,-0.07287791497922493,0.09005356567198271,0.6,1.0,0.10241270507278573,0.2511623446150698,False,False,False,,below_bounded_prescreen
diff__compact__rest_days_mean,compact_performance,0.0,981,697,-0.14025414347892962,0.16288510416523688,0.3333333333333333,1.0,0.2856318289714844,0.2509488217391522,False,False,False,,below_bounded_prescreen
diff__compact__margin_std,compact_performance,0.0,981,981,0.08447577880902651,0.08896690735556179,0.6,1.0,0.16395563552124193,0.25073056144780587,False,False,False,,below_bounded_prescreen
diff__detailed__clean__oppblockpct_mean,detailed_efficiency,0.0,981,981,-0.07598831001049543,0.08654415126649836,0.6,1.0,0.09841762543917698,0.2503219157926611,False,False,False,,below_bounded_prescreen
diff__detailed__all__oppblockpct_mean,detailed_efficiency,0.0,981,981,-0.07513322296674456,0.08654415126649836,0.6,1.0,0.0969963606887308,0.2501906472330538,False,False,False,,below_bounded_prescreen
interaction__adjusted_offense_defense_edge,matchup_interactions,0.0,981,981,0.08123951007691231,0.09117530418288176,0.6,1.0,0.21492293832090684,0.24903992069186767,False,True,False,,correlation_pruned_or_cap
mean__prior__program_win_pct_smoothed,prior_program_history,0.0,981,807,0.07419734137875252,0.1325109597317337,0.4666666666666667,1.0,0.1752850919342209,0.24758393876385557,False,False,False,,below_bounded_prescreen
absdiff__rating__pagerank_binary_percentile,global_strength_ratings,0.0,981,585,-0.05931170707820225,0.13745276798431855,0.4666666666666667,1.0,0.18847839437321695,0.24615343508141543,False,False,False,,below_bounded_prescreen
diff__detailed__all__ftrate_mean,detailed_efficiency,0.0,981,981,-0.08216922479988907,0.1236773302237092,0.4666666666666667,1.0,0.16748700843934244,0.24540953429244897,False,False,False,,below_bounded_prescreen
diff__detailed__all__ftrate_trim02,detailed_efficiency,0.0,981,981,-0.08216922479988907,0.1236773302237092,0.4666666666666667,1.0,0.16748700843934244,0.24540953429244897,False,False,False,,below_bounded_prescreen
diff__compact__day90plus_win_pct,compact_performance,0.0,981,389,0.09518327233574338,0.11563324479146812,0.4666666666666667,1.0,0.14550801651831796,0.24529062341970218,False,False,False,,below_bounded_prescreen
absdiff__schedule__top_decile_games,schedule_and_accomplishment,0.0,981,15,-0.03136368665866266,0.1504007195592315,0.4666666666666667,1.0,0.2137044088573876,0.2452108467657081,False,True,False,,correlation_pruned_or_cap
diff__detailed__clean__ftrate_mean,detailed_efficiency,0.0,981,981,-0.08052059489205694,0.1236773302237092,0.4666666666666667,1.0,0.16651977424946465,0.24508552508032103,False,False,False,,below_bounded_prescreen
diff__detailed__clean__ftrate_trim02,detailed_efficiency,0.0,981,981,-0.08052059489205694,0.1236773302237092,0.4666666666666667,1.0,0.16651977424946465,0.24508552508032103,False,False,False,,below_bounded_prescreen
absdiff__detailed__all__pace_ros,detailed_efficiency,0.0,981,981,-0.0573435388951112,0.13127210740463557,0.4666666666666667,1.0,0.13770611353864257,0.24478461223627052,False,False,False,,below_bounded_prescreen
interaction__pace_gap,matchup_interactions,0.0,981,981,-0.0573435388951112,0.13127210740463557,0.4666666666666667,1.0,0.13770611353864257,0.24478461223627052,False,True,False,,correlation_pruned_or_cap
absdiff__compact__days_since_last_game,compact_performance,0.0,981,9,-0.06469657519009277,0.08090956030903758,0.6,1.0,0.11616577173863113,0.2444232046206132,False,False,False,,below_bounded_prescreen
absdiff__schedule__opponent_strength_median,schedule_and_accomplishment,0.0,981,969,-0.04721911741704687,0.13505552917838848,0.4666666666666667,1.0,0.1627676170358311,0.24337082182261022,False,True,False,,correlation_pruned_or_cap
diff__compact__pythag_residual_exp8p0,compact_performance,0.0,981,981,-0.10604618067437478,0.06740051964741373,0.6,1.0,0.21754982726059832,0.2429804160886971,False,False,False,,below_bounded_prescreen
absdiff__detailed__all__tovpct_std,detailed_efficiency,0.0,981,981,-0.04271597729472203,0.13583646852600278,0.4666666666666667,1.0,0.1685956814603295,0.24252185930557368,False,False,False,,below_bounded_prescreen
absdiff__detailed__clean__pace_ros,detailed_efficiency,0.0,981,981,-0.05727983643223673,0.12627045233602766,0.4666666666666667,1.0,0.13612291207489474,0.24243313132005626,False,False,False,,below_bounded_prescreen
diff__detailed__all__ftmaderate_mean,detailed_efficiency,0.0,981,981,-0.05786594300612079,0.13015917426032578,0.4666666666666667,1.0,0.1938804248169147,0.24211836078029303,False,False,False,,below_bounded_prescreen
absdiff__schedule__quality_wins,schedule_and_accomplishment,0.0,981,20,-0.05334515395748579,0.12959520883069203,0.4666666666666667,1.0,0.16502199387116237,0.24200742102119924,False,True,False,,correlation_pruned_or_cap
diff__detailed__last10__four_factor_edge_mean,detailed_efficiency,0.0,981,981,0.10946406210786876,0.09901822705313801,0.4666666666666667,1.0,0.10714106529047877,0.2419918667042849,False,False,False,,below_bounded_prescreen
diff__detailed__clean__ft_rate_ros,detailed_efficiency,0.0,981,981,-0.07121391308591413,0.1219805272986431,0.4666666666666667,1.0,0.18771927261730942,0.2413756097442241,False,False,False,,below_bounded_prescreen
absdiff__detailed__clean__defrtg_std,detailed_efficiency,0.0,981,981,-0.05572635786980859,0.08076434092811301,0.6,1.0,0.14423841726591957,0.24125714568621534,False,False,False,,below_bounded_prescreen
absdiff__detailed__clean__tovpct_std,detailed_efficiency,0.0,981,981,-0.04295825348234612,0.13226875324065251,0.4666666666666667,1.0,0.16379303075605187,0.24105476275805393,False,False,False,,below_bounded_prescreen
absdiff__detailed__last5__tov_pct_mean,detailed_efficiency,0.0,981,981,0.05872204414838518,0.0729487056270522,0.6,1.0,0.08113728341690025,0.2406887370769538,False,False,False,,below_bounded_prescreen
diff__detailed__all__ft_rate_ros,detailed_efficiency,0.0,981,981,-0.07288460400749953,0.11962511118562257,0.4666666666666667,1.0,0.18821694583653484,0.24059265508395403,False,False,False,,below_bounded_prescreen
diff__detailed__clean__ftmaderate_mean,detailed_efficiency,0.0,981,981,-0.05686416314999685,0.12650121816636709,0.4666666666666667,1.0,0.18956748328038664,0.24031466794830672,False,False,False,,below_bounded_prescreen
mean__coach__prior_tournament_win_pct_smoothed,prior_coach_history,0.0,981,546,0.056271859787938694,0.12156424890851969,0.4666666666666667,1.0,0.13400936092109914,0.24003694085925864,False,False,False,,below_bounded_prescreen
diff__detailed__ewm_h10__ftrate,detailed_efficiency,0.0,981,981,-0.1082348409762719,0.10312562670429531,0.4666666666666667,1.0,0.203832590731924,0.23982532887023128,False,False,False,,below_bounded_prescreen
diff__detailed__clean__oppfg3attemptrate_mean,detailed_efficiency,0.0,981,981,-0.06728015585855236,0.11324253710155334,0.4666666666666667,1.0,0.11269299572405897,0.23931699893533145,False,False,False,,below_bounded_prescreen
seedprior__favorite_seed_games,prequential_seed_priors,0.0,981,109,0.05221532452496051,0.07127466709320689,0.6,1.0,0.08814885314845751,0.23817325747429233,False,True,False,,correlation_pruned_or_cap
diff__detailed__all__assistperfgm_median,detailed_efficiency,0.0,981,917,0.06946946325588617,0.11320192880488475,0.4666666666666667,1.0,0.16946375341938016,0.23750832427253113,False,False,False,,below_bounded_prescreen
diff__detailed__clean__assistperfgm_median,detailed_efficiency,0.0,981,917,0.06716160755684566,0.11459871309645205,0.4666666666666667,1.0,0.1749810070844799,0.2374503623320905,False,False,False,,below_bounded_prescreen
absdiff__detailed__last20__net_rtg_mean,detailed_efficiency,0.0,981,981,0.057259893813723824,0.11419916291909339,0.4666666666666667,1.0,0.13256258516194852,0.2367769381003728,False,False,False,,below_bounded_prescreen
diff__detailed__all__ftrate_median,detailed_efficiency,0.0,981,971,-0.07120148876657009,0.11469228529996897,0.4666666666666667,1.0,0.2268878825952768,0.23630777583548615,False,False,False,,below_bounded_prescreen
diff__detailed__clean__ftrate_median,detailed_efficiency,0.0,981,972,-0.07150138672759353,0.11446547928497969,0.4666666666666667,1.0,0.228285863368539,0.23620896726878593,False,False,False,,below_bounded_prescreen
diff__detailed__clean__ftmade_rate_ros,detailed_efficiency,0.0,981,981,-0.048786940641822145,0.12064014790311751,0.4666666666666667,1.0,0.19008942118484679,0.23570348775397007,False,False,False,,below_bounded_prescreen
mean__detailed__all__oppftmaderate_median,detailed_efficiency,0.0,981,971,-0.07927724279719553,0.05882960138688165,0.6,1.0,0.1544274582935621,0.23550210374934372,False,False,False,,below_bounded_prescreen
absdiff__compact__half_marginmean_second,compact_performance,0.0,981,829,0.07139863152529216,0.15297428599761434,0.3333333333333333,1.0,0.18024148758393987,0.2352590300443949,False,False,False,,below_bounded_prescreen
absdiff__detailed__home__pace_mean,detailed_efficiency,0.0,981,979,-0.05128097246896111,0.11602896312004259,0.4666666666666667,1.0,0.165769692832065,0.23501159519417597,False,False,False,,below_bounded_prescreen
mean__detailed__clean__oppftmaderate_median,detailed_efficiency,0.0,981,971,-0.07925282232595308,0.05844248614915145,0.6,1.0,0.16199222915993855,0.23500832509690484,False,False,False,,below_bounded_prescreen
diff__detailed__all__oppfg3attemptrate_mean,detailed_efficiency,0.0,981,981,-0.06619817332470544,0.10417797289702223,0.4666666666666667,1.0,0.11314898708805907,0.2347097323051502,False,False,False,,below_bounded_prescreen
absdiff__compact__last10_margin_median,compact_performance,0.0,981,50,0.038915015853073984,0.06744324922593223,0.6,1.0,0.07386152106011684,0.23397960227371908,False,False,False,,below_bounded_prescreen
absdiff__detailed__all__def_rtg_ros,detailed_efficiency,0.0,981,981,-0.03289441169303157,0.11794983400598853,0.4666666666666667,1.0,0.13372485776723067,0.2331703632513189,False,False,False,,below_bounded_prescreen
absdiff__detailed__clean__def_rtg_ros,detailed_efficiency,0.0,981,981,-0.03559728030750419,0.11566841542279357,0.4666666666666667,1.0,0.12431606239634053,0.23304626524140487,False,False,False,,below_bounded_prescreen
absdiff__detailed__ewm_h20__oppefg,detailed_efficiency,0.0,981,981,-0.08567936031630653,0.09687802337816727,0.4666666666666667,1.0,0.18202700489172402,0.23273649696210547,False,False,False,,below_bounded_prescreen
diff__compact__day110plus_margin_mean,compact_performance,0.0,981,803,0.12107579721827058,0.1271688870397491,0.3333333333333333,1.0,0.21073827632450395,0.23258154344745227,False,False,False,,below_bounded_prescreen
diff__detailed__last20__def_rtg_mean,detailed_efficiency,0.0,981,981,-0.07957940334394742,0.04814885574347318,0.6,1.0,0.11244639186392615,0.23212106381797853,False,False,False,,below_bounded_prescreen
diff__compact__first_game_day,compact_performance,0.0,981,28,-0.11797808745921666,0.0841065040888754,0.4666666666666667,1.0,0.25724140335560186,0.23070331173613046,False,False,False,,below_bounded_prescreen
diff__compact__last10_points_for_mean,compact_performance,0.0,981,311,0.09519341260808951,0.13329792140757027,0.3333333333333333,1.0,0.1911625209879974,0.23061238554322686,False,False,False,,below_bounded_prescreen
diff__detailed__clean__oppassistperfgm_median,detailed_efficiency,0.0,981,799,-0.055980964116044626,0.10318679179974893,0.4666666666666667,1.0,0.15631934854332766,0.2302593648943429,False,False,False,,below_bounded_prescreen
mean__coach__prior_tournament_appearances,prior_coach_history,0.0,981,46,0.046421100058285404,0.10614940901886367,0.4666666666666667,1.0,0.1611291628151245,0.22938585849593904,False,False,False,,below_bounded_prescreen
diff__detailed__all__oppassistperfgm_median,detailed_efficiency,0.0,981,797,-0.05312303102260062,0.10181439440451609,0.4666666666666667,1.0,0.1518599324534278,0.22915024550766944,False,False,False,,below_bounded_prescreen
absdiff__detailed__poss0p475__def_rtg_mean,detailed_efficiency,0.0,981,981,-0.02904647553252004,0.11108020489974982,0.4666666666666667,1.0,0.13281836868734065,0.22906265488820737,False,False,False,,below_bounded_prescreen
absdiff__norm__rating__colley__z,within_season_normalization,0.0,981,981,-0.018361584494966107,0.17095595508146147,0.3333333333333333,1.0,0.26333538383087246,0.22889832500809248,False,False,False,,below_bounded_prescreen
absdiff__rating__colley_z,global_strength_ratings,0.0,981,981,-0.018361584494966107,0.17095595508146147,0.3333333333333333,1.0,0.26333538383087246,0.22889832500809248,False,False,False,,below_bounded_prescreen
absdiff__rating__colley,global_strength_ratings,0.0,981,981,-0.01819616723216579,0.1709559662992585,0.3333333333333333,1.0,0.2633353867346637,0.22886193847866734,False,False,False,,below_bounded_prescreen
diff__detailed__all__oppblockpct_median,detailed_efficiency,0.0,981,921,-0.07118814852454221,0.08888925610054559,0.4666666666666667,1.0,0.10387682837070947,0.22883982913549947,False,False,False,,below_bounded_prescreen
absdiff__detailed__away__off_rtg_mean,detailed_efficiency,0.0,981,981,0.05821346061048345,0.09726201530040336,0.4666666666666667,1.0,0.13769980846647734,0.22865140300650755,False,False,False,,below_bounded_prescreen
diff__detailed__all__oppfoulrate_median,detailed_efficiency,0.0,981,981,-0.05398467457660453,0.14529780716454693,0.3333333333333333,1.0,0.17429253859696553,0.22798120763529023,False,False,False,,below_bounded_prescreen
diff__detailed__clean__oppfoulrate_median,detailed_efficiency,0.0,981,981,-0.05441726406509986,0.14246358307384172,0.3333333333333333,1.0,0.17370675938095756,0.22673938092786106,False,False,False,,below_bounded_prescreen
mean__massey__strength_std,massey_consensus,0.0,981,981,-0.02824701677241229,0.1073877891087635,0.4666666666666667,1.0,0.15522044613309904,0.2262183312834799,False,False,False,,below_bounded_prescreen
diff__compact__last5_points_for_mean,compact_performance,0.0,981,206,0.08821576272118699,0.12594613796131354,0.3333333333333333,1.0,0.1753666435762459,0.22618028161037512,False,False,False,,below_bounded_prescreen
absdiff__compact__last20_margin_mean,compact_performance,0.0,981,260,0.060198670996117976,0.09097422367362229,0.4666666666666667,1.0,0.135518902468282,0.22615724555042008,False,False,False,,below_bounded_prescreen
absdiff__detailed__poss0p44__def_rtg_mean,detailed_efficiency,0.0,981,981,-0.027465441106283205,0.10438497253658019,0.4666666666666667,1.0,0.1325211002191705,0.22551300651884065,False,False,False,,below_bounded_prescreen
diff__detailed__clean__oppfg3attemptrate_median,detailed_efficiency,0.0,981,969,-0.048004130632772354,0.0914861472101396,0.4666666666666667,1.0,0.101367592052199,0.22508622238465564,False,False,False,,below_bounded_prescreen
diff__detailed__all__oppfg3attemptrate_median,detailed_efficiency,0.0,981,970,-0.04656343511478708,0.0914861472101396,0.4666666666666667,1.0,0.10351205768165972,0.22468349074552046,False,False,False,,below_bounded_prescreen
absdiff__compact__ewm_h5_margin,compact_performance,0.0,981,981,0.04377611406871108,0.09165573847475907,0.4666666666666667,1.0,0.10913709011656925,0.2239266826250047,False,False,False,,below_bounded_prescreen
diff__detailed__clean__oppftpct_mean,detailed_efficiency,0.0,981,981,-0.06782070541008364,0.1310683975707814,0.3333333333333333,1.0,0.21115684150424457,0.22272044569735702,False,False,False,,below_bounded_prescreen
mean__detailed__all__offrtg_std,detailed_efficiency,0.0,981,981,-0.06737167385941716,0.08205618369370303,0.4666666666666667,1.0,0.16384017914549448,0.2223217959228961,False,False,False,,below_bounded_prescreen
mean__prior__program_years_since_appearance,prior_program_history,0.06116207951070336,921,29,-0.049012049260823365,0.1026362789633408,0.4666666666666667,1.0,0.19005930505132387,0.2222193928435422,False,False,False,,below_bounded_prescreen
diff__compact__close5_win_pct,compact_performance,0.004077471967380225,977,340,0.07191533628468341,0.13014458544720206,0.3333333333333333,1.0,0.22804034665842554,0.2221762967068932,False,False,False,,below_bounded_prescreen
diff__detailed__all__oppftpct_mean,detailed_efficiency,0.0,981,981,-0.06846879091432372,0.129087792674113,0.3333333333333333,1.0,0.20831842953878538,0.2220258706365074,False,False,False,,below_bounded_prescreen
absdiff__norm__rating__pagerank_margin__pct,within_season_normalization,0.0,981,573,-0.05618661249965254,0.13613173318245606,0.3333333333333333,1.0,0.2261794961567525,0.2219904401645657,False,False,False,,below_bounded_prescreen
absdiff__rating__pagerank_margin_percentile,global_strength_ratings,0.0,981,573,-0.05618661249965254,0.13613173318245606,0.3333333333333333,1.0,0.2261794961567525,0.2219904401645657,False,False,False,,below_bounded_prescreen
mean__prior__program_tournament_games,prior_program_history,0.0,981,158,0.07203871616715422,0.1273053764579509,0.3333333333333333,1.0,0.21656603918680734,0.22162579002245142,False,False,False,,below_bounded_prescreen
mean__detailed__clean__offrtg_std,detailed_efficiency,0.0,981,981,-0.06589159364840923,0.08036344020535163,0.4666666666666667,1.0,0.1629617907031809,0.22121879693975824,False,False,False,,below_bounded_prescreen
diff__detailed__all__ftmaderate_median,detailed_efficiency,0.0,981,971,-0.0421555577977718,0.13718432931391839,0.3333333333333333,1.0,0.18492082170834587,0.2210592012511901,False,False,False,,below_bounded_prescreen
mean__compact__margin_iqr,compact_performance,0.0,981,118,-0.027443097289487205,0.09321844627672089,0.4666666666666667,1.0,0.11371056979397057,0.22090057949142108,False,False,False,,below_bounded_prescreen
diff__conference__tourney_wins,conference_context,0.019367991845056064,962,9,-0.08849861378925432,0.07285443484876866,0.4666666666666667,1.0,0.16698564801168275,0.2208776251596398,False,True,False,,correlation_pruned_or_cap
diff__detailed__all__drb_pct_ros,detailed_efficiency,0.0,981,981,0.07115634304056585,0.07681277196092345,0.4666666666666667,1.0,0.1625379849661101,0.22068967327819003,False,False,False,,below_bounded_prescreen
diff__detailed__clean__drb_pct_ros,detailed_efficiency,0.0,981,981,0.07059097976902165,0.07686117472508888,0.4666666666666667,1.0,0.16248900204861746,0.22059048600194942,False,False,False,,below_bounded_prescreen
absdiff__detailed__all__defrtg_std,detailed_efficiency,0.0,981,981,-0.05653434957775775,0.08236955739220614,0.4666666666666667,1.0,0.15277307383807842,0.22053068816850918,False,False,False,,below_bounded_prescreen
absdiff__conference__strength_std,conference_context,0.0,981,765,0.05160682588353184,0.08073203983867257,0.4666666666666667,1.0,0.11605189297471896,0.22012947176461775,False,False,False,,below_bounded_prescreen
mean__prior__program_tournament_wins,prior_program_history,0.0,981,120,0.07379160356982906,0.12378837113378216,0.3333333333333333,1.0,0.22196698569734652,0.2201072248350173,False,False,False,,below_bounded_prescreen
diff__detailed__all__netrtg_std,detailed_efficiency,0.0,981,981,0.04528783195200265,0.08342792272150355,0.4666666666666667,1.0,0.14025235589492654,0.2190652983666319,False,False,False,,below_bounded_prescreen
diff__detailed__clean__netrtg_std,detailed_efficiency,0.0,981,981,0.04399803928451998,0.08342792272150355,0.4666666666666667,1.0,0.13509222492406894,0.21898794921862003,False,False,False,,below_bounded_prescreen
diff__detailed__clean__ftmaderate_median,detailed_efficiency,0.0,981,972,-0.04030360824657588,0.13331520478325937,0.3333333333333333,1.0,0.18648456406425476,0.2187320428809743,False,False,False,,below_bounded_prescreen
diff__detailed__all__fg3pct_median,detailed_efficiency,0.0,981,777,0.07439664039073055,0.12241878859197891,0.3333333333333333,1.0,0.24477881902714127,0.2186704599823583,False,False,False,,below_bounded_prescreen
diff__detailed__clean__fg3pct_median,detailed_efficiency,0.0,981,778,0.07546893474228526,0.12177956647359231,0.3333333333333333,1.0,0.24525400882990503,0.21858053053076418,False,False,False,,below_bounded_prescreen
absdiff__schedule__oowp,schedule_and_accomplishment,0.0,981,981,-0.054345198408667625,0.12838682707890217,0.3333333333333333,1.0,0.2094133954362254,0.21853841816366423,False,False,False,,below_bounded_prescreen
absdiff__detailed__last10__pace_mean,detailed_efficiency,0.0,981,914,-0.0488994248979679,0.08008467474049409,0.4666666666666667,1.0,0.13594740784100243,0.2184272877060167,False,False,False,,below_bounded_prescreen
absdiff__adj__def_rtg_a50p0,opponent_adjusted_efficiency,0.0,981,981,-0.02676688741087272,0.08851049726070374,0.4666666666666667,1.0,0.11699853699297275,0.21836047910247758,False,True,True,40.0,selected
absdiff__schedule__owp,schedule_and_accomplishment,0.0,981,981,-0.04453729407159571,0.13217406443857205,0.3333333333333333,1.0,0.24151952388268494,0.21691430800429157,False,False,False,,below_bounded_prescreen
absdiff__massey__system_dol,massey_consensus,0.0,981,534,-0.04141864621496321,0.18384638458803865,0.2,1.0,0.3156313022271437,0.21673311468046472,False,False,False,,below_bounded_prescreen
absdiff__massey__system_rpi,massey_consensus,0.0,981,586,-0.03980726039735116,0.18772664404085257,0.2,1.0,0.3569536279848419,0.21658824130763282,False,False,False,,below_bounded_prescreen
diff__detailed__clean__oppassistperfgm_mean,detailed_efficiency,0.0,981,981,-0.06432533514045871,0.11634287225794336,0.3333333333333333,1.0,0.18400819504233948,0.2159691579463535,False,False,False,,below_bounded_prescreen
absdiff__detailed__last10__ft_rate_mean,detailed_efficiency,0.0,981,981,0.03613307695341099,0.1263431417366302,0.3333333333333333,1.0,0.1500811209309481,0.2159240734594283,False,False,False,,below_bounded_prescreen
diff__detailed__all__oppassistperfgm_mean,detailed_efficiency,0.0,981,981,-0.06290057033582307,0.11663887652385077,0.3333333333333333,1.0,0.18598868054331968,0.21571857231692998,False,False,False,,below_bounded_prescreen
absdiff__compact__day120plus_margin_mean,compact_performance,0.0,981,432,0.002674475962117859,0.0975121403279077,0.4666666666666667,1.0,0.1650834840538453,0.21545753937357448,False,False,False,,below_bounded_prescreen
diff__detailed__all__ftmade_rate_ros,detailed_efficiency,0.0,981,981,-0.049853858522001325,0.12245221997207063,0.3333333333333333,1.0,0.1931752117342323,0.21535123932539824,False,False,False,,below_bounded_prescreen
absdiff__norm__schedule__rpi__pct,within_season_normalization,0.0,981,515,-0.030470440030053274,0.18808959786626206,0.2,1.0,0.35692218223298855,0.21470961649309794,False,False,False,,below_bounded_prescreen
absdiff__massey__system_col,massey_consensus,0.0,981,565,-0.042242382142120484,0.18055472664351055,0.2,1.0,0.34226765139209536,0.21426888680446776,False,False,False,,below_bounded_prescreen
absdiff__massey__strength_max,massey_consensus,0.0,981,499,-0.03447634920507619,0.1814753985389913,0.2,1.0,0.3196346375099186,0.21390760262343583,False,False,False,,below_bounded_prescreen
absdiff__schedule__quality_win_points_sum,schedule_and_accomplishment,0.0,981,980,-0.013999340712094546,0.13706307183561106,0.3333333333333333,1.0,0.21168210005033858,0.2137361787690739,False,False,False,,below_bounded_prescreen
absdiff__norm__schedule__quality_win_points_sum__z,within_season_normalization,0.0,981,980,-0.013888673951325807,0.1370630693071288,0.3333333333333333,1.0,0.2116820976262127,0.21371183096499832,False,False,False,,below_bounded_prescreen
diff__detailed__all__oppfoulrate_mean,detailed_efficiency,0.0,981,981,-0.04199329260003154,0.1210025570593361,0.3333333333333333,1.0,0.17972323641697505,0.21346415563714258,False,False,False,,below_bounded_prescreen
diff__detailed__all__orbpct_std,detailed_efficiency,0.0,981,981,0.08302370305294818,0.1008612765745905,0.3333333333333333,1.0,0.16810186071558092,0.21328788633216214,False,False,False,,below_bounded_prescreen
absdiff__rating__pagerank_binary_z,global_strength_ratings,0.0,981,981,-0.027852204736499738,0.07892961526533332,0.4666666666666667,1.0,0.13548227812001368,0.21326107591125606,False,False,False,,below_bounded_prescreen
mean__prior__program_appearances,prior_program_history,0.0,981,57,0.06208417032461059,0.11046085808977933,0.3333333333333333,1.0,0.1816066585614691,0.21274879634538296,False,False,False,,below_bounded_prescreen
absdiff__rating__pagerank_binary,global_strength_ratings,0.0,981,981,-0.024774580997424144,0.07892962266510052,0.4666666666666667,1.0,0.1354822782032894,0.21258400223721666,False,False,False,,below_bounded_prescreen
absdiff__massey__system_wlk,massey_consensus,0.0,981,547,-0.03894143629437693,0.17861237131678323,0.2,1.0,0.34511781599588176,0.2124963415769836,False,False,False,,below_bounded_prescreen
mean__detailed__clean__netrtg_std,detailed_efficiency,0.0,981,981,-0.02217485408650837,0.13075328665430896,0.3333333333333333,1.0,0.21561293347949056,0.21234886148725385,False,False,False,,below_bounded_prescreen
diff__compact__margin_mad,compact_performance,0.0,981,36,0.04557842844044946,0.12134203338652118,0.3333333333333333,1.0,0.23376059846357827,0.21225433967721924,False,False,False,,below_bounded_prescreen
diff__detailed__clean__oppfoulrate_mean,detailed_efficiency,0.0,981,981,-0.04139350230266971,0.11857799688558142,0.3333333333333333,1.0,0.18015954040305332,0.21215096072887762,False,False,False,,below_bounded_prescreen
mean__detailed__all__netrtg_std,detailed_efficiency,0.0,981,981,-0.022561670951269153,0.1303700214823012,0.3333333333333333,1.0,0.2182826082562521,0.21214320692386704,False,False,False,,below_bounded_prescreen
absdiff__norm__rating__bt_c1p0__pct,within_season_normalization,0.0,981,506,-0.042054703337822234,0.17698300983681936,0.2,1.0,0.3568974716494552,0.21192798059001597,False,False,False,,below_bounded_prescreen
absdiff__rating__bt_c1p0_percentile,global_strength_ratings,0.0,981,506,-0.042054703337822234,0.17698300983681936,0.2,1.0,0.3568974716494552,0.21192798059001597,False,False,False,,below_bounded_prescreen
absdiff__massey__ordinal_mean,massey_consensus,0.0,981,973,-0.04085411735967266,0.1734488473229035,0.2,1.0,0.3087142045169923,0.21189478435344197,False,False,False,,below_bounded_prescreen
absdiff__norm__rating__colley__pct,within_season_normalization,0.0,981,514,-0.04055662487418631,0.17579273798618603,0.2,1.0,0.33608823915658936,0.2118594421394267,False,False,False,,below_bounded_prescreen
absdiff__rating__colley_percentile,global_strength_ratings,0.0,981,514,-0.04055662487418631,0.17579273798618603,0.2,1.0,0.33608823915658936,0.2118594421394267,False,False,False,,below_bounded_prescreen
absdiff__massey__ordinal_median,massey_consensus,0.0,981,271,-0.04414363129801065,0.1698039071517129,0.2,1.0,0.2937852459074659,0.2114660644820859,False,False,False,,below_bounded_prescreen
diff__compact__last10_points_against_mean,compact_performance,0.0,981,314,-0.03977745180945768,0.11904675437791937,0.3333333333333333,1.0,0.19608955614030188,0.21138323258720323,False,False,False,,below_bounded_prescreen
seedprior__effective_games_pc2p0,prequential_seed_priors,0.0,981,277,0.03551394351452193,0.0685517156658611,0.4666666666666667,1.0,0.11458724931091382,0.21080106778703828,False,True,False,,correlation_pruned_or_cap
seedprior__effective_games_pc8p0,prequential_seed_priors,0.0,981,277,0.03551394351452193,0.0685517156658611,0.4666666666666667,1.0,0.11458724931091382,0.21080106778703828,False,True,False,,correlation_pruned_or_cap
absdiff__massey__strength_median,massey_consensus,0.0,981,738,-0.04293204206383969,0.1686466668563216,0.2,1.0,0.29571839869560634,0.21056671339725486,False,False,False,,below_bounded_prescreen
diff__detailed__clean__orbpct_std,detailed_efficiency,0.0,981,981,0.08300088135808036,0.09474539378954215,0.3333333333333333,1.0,0.16630858097842835,0.2104189730119541,False,False,False,,below_bounded_prescreen
absdiff__massey__systems,massey_consensus,0.0,981,5,-0.03726234395428289,0.11441058393283178,0.3333333333333333,1.0,0.1535031893080511,0.21030800171871278,False,False,False,,below_bounded_prescreen
absdiff__massey__strength_trim05,massey_consensus,0.0,981,981,-0.039737351301897775,0.1704873047200622,0.2,1.0,0.3140431647078854,0.21001439696373195,False,False,False,,below_bounded_prescreen
absdiff__rating__elo_mov_log_percentile,dynamic_ratings,0.0,981,502,-0.020640640115111443,0.1812338366403732,0.2,1.0,0.33861330257037436,0.2099886503098887,False,True,True,83.0,selected
absdiff__detailed__all__opp_efg_ros,detailed_efficiency,0.0,981,981,-0.0334196369295202,0.11649756273410404,0.3333333333333333,1.0,0.1783875815962772,0.2094689803063466,False,False,False,,below_bounded_prescreen
absdiff__norm__massey__strength_mean__z,within_season_normalization,0.0,981,981,-0.035708922567281746,0.1712120071293816,0.2,1.0,0.3155423267199833,0.20941603331810582,False,False,False,,below_bounded_prescreen
absdiff__massey__strength_mean,massey_consensus,0.0,981,981,-0.035632356792462225,0.17121200520629043,0.2,1.0,0.3155423358945695,0.2093991875575783,False,False,False,,below_bounded_prescreen
diff__compact__last10_win_pct,compact_performance,0.0,981,14,0.06846408278714503,0.10087391593192743,0.3333333333333333,1.0,0.18811895126215988,0.209290153143344,False,False,False,,below_bounded_prescreen
absdiff__detailed__clean__opp_efg_ros,detailed_efficiency,0.0,981,981,-0.03486768274770294,0.11525421430915868,0.3333333333333333,1.0,0.17863918542244578,0.20918067898932632,False,False,False,,below_bounded_prescreen
diff__detailed__ewm_h5__efg,detailed_efficiency,0.0,981,981,0.07949879658508574,0.09595307754993167,0.3333333333333333,1.0,0.19277222202312835,0.20916965692509426,False,False,False,,below_bounded_prescreen
absdiff__norm__massey__strength_mean__pct,within_season_normalization,0.0,981,544,-0.03807261995723025,0.17001230130546063,0.2,1.0,0.3204659942036879,0.20916324124906424,False,False,False,,below_bounded_prescreen
absdiff__massey__ordinal_min,massey_consensus,0.0,981,125,-0.03487729493182321,0.17151059816612566,0.2,1.0,0.3239486712330948,0.2090401451554176,False,False,False,,below_bounded_prescreen
mean__coach__prior_tournament_wins,prior_coach_history,0.0,981,101,0.05859549453632842,0.10634451241761701,0.3333333333333333,1.0,0.2065812141540571,0.20900645952561947,False,False,False,,below_bounded_prescreen
absdiff__compact__neutral_win_pct,compact_performance,0.04485219164118247,937,81,-0.05006697017733575,0.11689603464213068,0.3333333333333333,1.0,0.20836357173122827,0.2085354452000262,False,False,False,,below_bounded_prescreen
diff__detailed__last10__pace_mean,detailed_efficiency,0.0,981,946,-0.03523823969344544,0.12138821268976278,0.3333333333333333,1.0,0.2728888082828654,0.20843653582566288,False,False,False,,below_bounded_prescreen
absdiff__norm__rating__elo_mov_538__pct,within_season_normalization,0.0,981,493,-0.022189159971186492,0.1763482058338305,0.2,1.0,0.3324256626748989,0.2082317274869037,False,False,False,,below_bounded_prescreen
absdiff__rating__elo_mov_538_percentile,dynamic_ratings,0.0,981,493,-0.022189159971186492,0.1763482058338305,0.2,1.0,0.3324256626748989,0.2082317274869037,False,True,False,,correlation_pruned_or_cap
diff__compact__last10_margin_std,compact_performance,0.0,981,981,0.07762262310657751,0.08815832914125807,0.3333333333333333,1.0,0.12473837124741083,0.20773677355468784,False,False,False,,below_bounded_prescreen
mean__compact__close3_games,compact_performance,0.0,981,18,-0.015959556391760304,0.06869507525660151,0.4666666666666667,1.0,0.08782117936006732,0.20763855802161996,False,False,False,,below_bounded_prescreen
absdiff__massey__system_mor,massey_consensus,0.0,981,562,-0.025505014591008356,0.1694741901463452,0.2,1.0,0.3173651822269572,0.20626410719118926,False,False,False,,below_bounded_prescreen
diff__detailed__all__assistperfgm_mean,detailed_efficiency,0.0,981,981,0.06621726478688243,0.09171558098709152,0.3333333333333333,1.0,0.16234604138697736,0.20543076880477232,False,False,False,,below_bounded_prescreen
diff__detailed__clean__assistperfgm_mean,detailed_efficiency,0.0,981,981,0.06525516622626362,0.0917829449538406,0.3333333333333333,1.0,0.16151889770725295,0.2052845275726647,False,False,False,,below_bounded_prescreen
absdiff__massey__system_wol,massey_consensus,0.0,981,514,-0.0406334079298284,0.16061404141613714,0.2,1.0,0.32129869777832554,0.20518214171317506,False,False,False,,below_bounded_prescreen
absdiff__norm__schedule__rpi__z,within_season_normalization,0.0,981,981,-0.01150334908976557,0.17105572034260172,0.2,1.0,0.287354409178302,0.20514330619706517,False,False,False,,below_bounded_prescreen
absdiff__schedule__rpi,schedule_and_accomplishment,0.0,981,981,-0.00978184899869852,0.17105571987807128,0.2,1.0,0.2873544103551864,0.20476457590698044,False,False,False,,below_bounded_prescreen
absdiff__massey__system_rth,massey_consensus,0.0,981,555,-0.04046796655758404,0.15434583250624537,0.2,1.0,0.2567784582419594,0.2047178139159879,False,False,False,,below_bounded_prescreen
absdiff__norm__schedule__quality_win_points_sum__pct,within_season_normalization,0.0,981,532,-0.03943240706378453,0.15598307288005966,0.2,1.0,0.2712198341068397,0.20469821117218767,False,False,False,,below_bounded_prescreen
absdiff__rating__elo_standard_percentile,dynamic_ratings,0.0,981,514,-0.03313419927611227,0.16297542555508177,0.2,1.0,0.32174382323889833,0.204647975177628,False,True,True,84.0,selected
diff__compact__margin_iqr,compact_performance,0.0,981,123,0.047132275212249185,0.14750774731724475,0.2,1.0,0.22061586533266453,0.20434818464566573,False,False,False,,below_bounded_prescreen
mean__compact__margin_mad,compact_performance,0.0,981,36,-0.028339605497417965,0.10477885763849466,0.3333333333333333,1.0,0.15063985888194759,0.2038363038539648,False,False,False,,below_bounded_prescreen
absdiff__rating__elo_season_reset_mov_percentile,dynamic_ratings,0.0,981,491,-0.01931538829905578,0.1691823061793407,0.2,1.0,0.3443444796911619,0.20368311320422935,False,True,True,85.0,selected
mean__coach__prior_tournament_games,prior_coach_history,0.0,981,131,0.05586309095635979,0.09614200729545373,0.3333333333333333,1.0,0.20356943904581204,0.2036285992837178,False,False,False,,below_bounded_prescreen
diff__detailed__neutral__pace_mean,detailed_efficiency,0.04485219164118247,937,926,0.08921941782356853,0.13723930506733242,0.2,1.0,0.26299887906156566,0.20339500785974743,False,False,False,,below_bounded_prescreen
diff__detailed__last5__efg_mean,detailed_efficiency,0.0,981,981,0.04570995686814732,0.09767105250017206,0.3333333333333333,1.0,0.18782642364432828,0.20275857209863518,False,False,False,,below_bounded_prescreen
diff__detailed__last5__def_rtg_mean,detailed_efficiency,0.0,981,981,0.01424600851833429,0.11229376372447161,0.3333333333333333,1.0,0.19067302984423845,0.20274154060134372,False,False,False,,below_bounded_prescreen
diff__compact__last20_points_against_mean,compact_performance,0.0,981,483,-0.0702786650511032,0.08820030785537246,0.3333333333333333,1.0,0.22861442108726832,0.20198621057166408,False,False,False,,below_bounded_prescreen
absdiff__massey__system_bih,massey_consensus,0.0652395514780836,917,495,-0.027170446764697452,0.1885739499664339,0.14285714285714285,1.0,0.31693777337219875,0.2014534620761299,False,False,False,,below_bounded_prescreen
mean__prior__program_final_appearances,prior_program_history,0.0,981,12,0.07244503861689643,0.13217025577662964,0.2,1.0,0.2539878092273767,0.2012201188994044,False,False,False,,below_bounded_prescreen
absdiff__detailed__clean__oppefg_mean,detailed_efficiency,0.0,981,981,-0.03414682869975222,0.09996376424482736,0.3333333333333333,1.0,0.19446577320269837,0.20104961155668802,False,False,False,,below_bounded_prescreen
mean__compact__neutral_margin_std,compact_performance,0.0856269113149847,897,895,-0.03840356778071692,0.05843786630354649,0.4666666666666667,1.0,0.08659299095717458,0.20085175486064094,False,False,False,,below_bounded_prescreen
absdiff__detailed__last5__pace_mean,detailed_efficiency,0.0,981,847,-0.030609171043541463,0.15243154206416643,0.2,1.0,0.2788369269394785,0.20074768074279986,False,False,False,,below_bounded_prescreen
absdiff__detailed__all__oppefg_mean,detailed_efficiency,0.0,981,981,-0.032558067132156004,0.09996376424482736,0.3333333333333333,1.0,0.19487078869861005,0.20068388339198037,False,False,False,,below_bounded_prescreen
diff__compact__last20_margin_std,compact_performance,0.0,981,981,0.05005665033217274,0.08760908258084237,0.3333333333333333,1.0,0.15064286791002765,0.20037244132881454,False,False,False,,below_bounded_prescreen
diff__detailed__clean__defrtg_std,detailed_efficiency,0.0,981,981,0.05554661109840958,0.036131826022864945,0.4666666666666667,1.0,0.10531334521310236,0.20001766379076785,False,False,False,,below_bounded_prescreen
absdiff__detailed__last20__ft_rate_mean,detailed_efficiency,0.0,981,981,0.02030672312756251,0.1519589888550993,0.2,1.0,0.2370533104051837,0.19992566132230408,False,False,False,,below_bounded_prescreen
absdiff__detailed__last5__ft_rate_mean,detailed_efficiency,0.0,981,981,0.05253286293763048,0.08925037272127678,0.3333333333333333,1.0,0.19679801317173146,0.19985882155895565,False,False,False,,below_bounded_prescreen
diff__compact__half_pointsagainstmean_second,compact_performance,0.0,981,889,-0.05412581777267091,0.09189400255419633,0.3333333333333333,1.0,0.2431489877726623,0.19962417495842869,False,False,False,,below_bounded_prescreen
absdiff__compact__half_delta_marginmean,compact_performance,0.0,981,948,0.04464486062840344,0.1357421779899581,0.2,1.0,0.18529804236784259,0.19956619307871495,False,False,False,,below_bounded_prescreen
diff__detailed__all__defrtg_std,detailed_efficiency,0.0,981,981,0.05495768995607169,0.035017905045882855,0.4666666666666667,1.0,0.10622865175456148,0.19931680680884378,False,False,False,,below_bounded_prescreen
diff__detailed__ewm_h20__fg3attemptrate,detailed_efficiency,0.0,981,981,-0.029874019984153687,0.09666664904370932,0.3333333333333333,1.0,0.1760127754262077,0.1992650982537793,False,False,False,,below_bounded_prescreen
mean__compact__rest_days_std,compact_performance,0.0,981,981,0.0054427748599179355,0.10578408874467067,0.3333333333333333,1.0,0.1623313689476856,0.19881385164204976,False,False,False,,below_bounded_prescreen
absdiff__massey__system_cng,massey_consensus,0.0652395514780836,917,549,-0.049675033408502926,0.11618953446324064,0.2857142857142857,1.0,0.2102002878871731,0.19878659397277826,False,False,False,,below_bounded_prescreen
absdiff__massey__momentum_systems,massey_consensus,0.0,981,6,-0.032737384836193636,0.09118469662679986,0.3333333333333333,1.0,0.143901043659332,0.1985481706317866,False,False,False,,below_bounded_prescreen
mean__compact__last10_margin_std,compact_performance,0.0,981,981,0.020157233798704863,0.09983513752834279,0.3333333333333333,1.0,0.1848673943776609,0.19829409500754652,False,False,False,,below_bounded_prescreen
diff__compact__ewm_h5_points_against,compact_performance,0.0,981,981,-0.045837615102397124,0.1341766091224982,0.2,1.0,0.20492691663808946,0.19829197103580296,False,False,False,,below_bounded_prescreen
absdiff__massey__system_pom,massey_consensus,0.0,981,569,-0.030551022955505748,0.14841699177166295,0.2,1.0,0.2938777455397953,0.19820627127901766,False,False,False,,below_bounded_prescreen
absdiff__detailed__all__oppefg_median,detailed_efficiency,0.0,981,961,-0.04841313956509825,0.08855132899573559,0.3333333333333333,1.0,0.2092809208307963,0.19811762512237618,False,False,False,,below_bounded_prescreen
absdiff__massey__system_wob,massey_consensus,0.0652395514780836,917,499,-0.036448260127528984,0.17435429961230797,0.14285714285714285,1.0,0.2898341043421441,0.1977532956071746,False,False,False,,below_bounded_prescreen
diff__detailed__last20__efg_mean,detailed_efficiency,0.0,981,981,0.06802642979557301,0.12480489587953618,0.2,1.0,0.22886699852248987,0.19771748463630381,False,False,False,,below_bounded_prescreen
absdiff__detailed__all__off_rtg_ros,detailed_efficiency,0.0,981,981,0.05565874033726418,0.08418360329069002,0.3333333333333333,1.0,0.20781479934889732,0.19767379381310676,False,False,False,,below_bounded_prescreen
absdiff__detailed__all__opp_tov_pct_ros,detailed_efficiency,0.0,981,981,-0.0508082432556222,0.07764492564446154,0.3333333333333333,1.0,0.11317124953220342,0.19725386117762364,False,False,False,,below_bounded_prescreen
absdiff__coach__prior_tournament_win_pct_smoothed,prior_coach_history,0.0,981,507,0.038485413783571815,0.0848598979571151,0.3333333333333333,1.0,0.1335769106551263,0.19718979895892932,False,False,False,,below_bounded_prescreen
mean__compact__last20_margin_std,compact_performance,0.0,981,981,-0.0023160830338234506,0.10762475985927274,0.3333333333333333,1.0,0.20812676760385607,0.19717768562907115,False,False,False,,below_bounded_prescreen
absdiff__massey__system_sag,massey_consensus,0.0,981,526,-0.03914498318898058,0.14055835661686406,0.2,1.0,0.2763351092718703,0.19702650310679565,False,False,False,,below_bounded_prescreen
absdiff__detailed__clean__opp_tov_pct_ros,detailed_efficiency,0.0,981,981,-0.049318971038931424,0.07793240143750262,0.3333333333333333,1.0,0.11608164533383541,0.19694779383854608,False,False,False,,below_bounded_prescreen
absdiff__rating__bt_c0p25_percentile,global_strength_ratings,0.0,981,499,-0.03767038226558773,0.1930160014730733,0.06666666666666667,1.0,0.36796126155019787,0.19688338101016323,False,False,False,,below_bounded_prescreen
absdiff__compact__away_margin_std,compact_performance,0.0,981,981,0.05118991530157638,0.0788155345754911,0.3333333333333333,1.0,0.14470481779228161,0.19663837858422462,False,False,False,,below_bounded_prescreen
absdiff__rating__margin_ridge_a5p0_z,global_strength_ratings,0.0,981,981,-0.0016181280866434697,0.10658386007053078,0.3333333333333333,1.0,0.22406193278342362,0.19588709703491272,False,False,False,,below_bounded_prescreen
absdiff__rating__margin_ridge_a5p0,global_strength_ratings,0.0,981,981,-0.001210103661131344,0.10658387983135043,0.3333333333333333,1.0,0.22406196316914717,0.19579733993106455,False,False,False,,below_bounded_prescreen
absdiff__detailed__clean__oppefg_median,detailed_efficiency,0.0,981,963,-0.05150838409869218,0.08281030597701022,0.3333333333333333,1.0,0.22028785404351592,0.19560261054226988,False,False,False,,below_bounded_prescreen
mean__compact__away_games,compact_performance,0.0,981,21,-0.03823660645860645,0.12888153670900723,0.2,1.0,0.17181159298074686,0.19540272732198702,False,False,False,,below_bounded_prescreen
mean__detailed__away__games,detailed_efficiency,0.0,981,21,-0.03823660645860645,0.12888153670900723,0.2,1.0,0.17181159298074686,0.19540272732198702,False,False,False,,below_bounded_prescreen
diff__detailed__last5__four_factor_edge_mean,detailed_efficiency,0.0,981,981,0.0341634886914407,0.085359432778448,0.3333333333333333,1.0,0.1619509287819918,0.19534379142782565,False,False,False,,below_bounded_prescreen
absdiff__compact__last5_margin_std,compact_performance,0.0,981,980,0.015250904126382294,0.09084137258271961,0.3333333333333333,1.0,0.13488869506276932,0.19489684327833207,False,False,False,,below_bounded_prescreen
absdiff__detailed__clean__off_rtg_ros,detailed_efficiency,0.0,981,981,0.05578195710586231,0.07787576519830076,0.3333333333333333,1.0,0.20457281925701945,0.19480281842152664,False,False,False,,below_bounded_prescreen
absdiff__compact__margin_q25,compact_performance,0.0,981,78,0.01673629742350623,0.09432838242553619,0.3333333333333333,1.0,0.18751190240533852,0.19479246623454854,False,False,False,,below_bounded_prescreen
absdiff__compact__last10_margin_std,compact_performance,0.0,981,981,0.04606834790549728,0.0791407214482586,0.3333333333333333,1.0,0.16706489409768382,0.19477332040379952,False,False,False,,below_bounded_prescreen
absdiff__schedule__bad_losses,schedule_and_accomplishment,0.0,981,8,-0.006040311090740259,0.2041093863246883,0.06666666666666667,1.0,0.38873534557307665,0.19441862671955684,False,False,False,,below_bounded_prescreen
diff__compact__last5_margin_median,compact_performance,0.0,981,55,0.06018389410761323,0.06741258641963549,0.3333333333333333,1.0,0.11350674865767428,0.19439156157212634,False,False,False,,below_bounded_prescreen
diff__detailed__ewm_h20__ftrate,detailed_efficiency,0.0,981,981,-0.033350891211386305,0.0872264504470928,0.3333333333333333,1.0,0.20748767049113664,0.1942397187947974,False,False,False,,below_bounded_prescreen
absdiff__schedule__bad_loss_penalty_sum,schedule_and_accomplishment,0.0,981,980,-0.03296439440235818,0.18539978817786867,0.06666666666666667,1.0,0.3240745189456578,0.19394775100273612,False,False,False,,below_bounded_prescreen
absdiff__massey__system_dok,massey_consensus,0.19571865443425077,789,408,-0.06878518769673209,0.16418875708340222,0.16666666666666666,1.0,0.27754598097003347,0.19385067976643938,False,False,False,,below_bounded_prescreen
absdiff__detailed__poss0p44__off_rtg_mean,detailed_efficiency,0.0,981,981,0.05273972749556439,0.07643143101597018,0.3333333333333333,1.0,0.21445601732773195,0.19304491957691391,False,False,False,,below_bounded_prescreen
matchup__equal_seed,matchup_context,0.0,981,2,-0.022049721725236563,0.08308810094184077,0.3333333333333333,1.0,0.13708265647077916,0.1925832543061378,False,True,True,32.0,selected
absdiff__detailed__poss0p475__off_rtg_mean,detailed_efficiency,0.0,981,981,0.05261570801392556,0.07520905134604298,0.3333333333333333,1.0,0.21102268948894218,0.19256822616293992,False,False,False,,below_bounded_prescreen
absdiff__compact__ewm_h10_margin,compact_performance,0.0,981,981,0.058058724795016295,0.11538591404643704,0.2,1.0,0.19037921241405267,0.19254298970063125,False,False,False,,below_bounded_prescreen
absdiff__detailed__last20__efg_mean,detailed_efficiency,0.0,981,981,0.0008463129529037498,0.14890999584538753,0.2,1.0,0.2807896863538708,0.19243139940127,False,False,False,,below_bounded_prescreen
absdiff__compact__last5_win_pct,compact_performance,0.0,981,5,0.012070010696601435,0.08720112994462172,0.3333333333333333,1.0,0.14905192224331149,0.1918832011702716,False,False,False,,below_bounded_prescreen
absdiff__compact__last20_win_pct,compact_performance,0.0,981,12,-0.02684532881662802,0.07861728918101492,0.3333333333333333,1.0,0.13397744310300846,0.19161650675575834,False,False,False,,below_bounded_prescreen
seedprior__generic_gender_games,prequential_seed_priors,0.0,981,16,0.016763387115561895,0.08308810094184078,0.3333333333333333,1.0,0.13708265647077902,0.19142026069200935,False,True,False,,correlation_pruned_or_cap
absdiff__massey__rank_improvement_std,massey_consensus,0.0,981,981,0.003931970289462017,0.14096895446903487,0.2,1.0,0.2314807660422861,0.19127090096712696,False,False,False,,below_bounded_prescreen
absdiff__detailed__last5__def_rtg_mean,detailed_efficiency,0.0,981,981,-0.0057053691857368565,0.14076450940315585,0.2,1.0,0.25376574914225636,0.19067151576868668,False,False,False,,below_bounded_prescreen
absdiff__massey__ordinal_max,massey_consensus,0.0,981,225,-0.010517586600317562,0.1913321003645519,0.06666666666666667,1.0,0.3574134892551243,0.19052340432351647,False,False,False,,below_bounded_prescreen
absdiff__rating__margin_ridge_a5p0_percentile,global_strength_ratings,0.0,981,544,-0.027751875826033945,0.13209750628149877,0.2,1.0,0.281770850411604,0.1902413816803827,False,False,False,,below_bounded_prescreen
diff__detailed__last20__pace_mean,detailed_efficiency,0.0,981,961,-0.017810110026500476,0.13483439010258513,0.2,1.0,0.2657677285279263,0.19000802231395392,False,False,False,,below_bounded_prescreen
diff__detailed__last5__opp_efg_mean,detailed_efficiency,0.0,981,981,-0.031114626441599316,0.0720053509213993,0.3333333333333333,1.0,0.12014119864403566,0.18993547164699542,False,False,False,,below_bounded_prescreen
absdiff__compact__margin_q75,compact_performance,0.0,981,82,0.02888412385025165,0.12094758191933802,0.2,1.0,0.17875314159513497,0.1892592209045322,False,False,False,,below_bounded_prescreen
absdiff__rating__elo_season_reset_mov,dynamic_ratings,0.0,981,981,0.007626102068089685,0.13663724005116956,0.2,1.0,0.26398961393419823,0.18870403312217318,False,True,True,86.0,selected
absdiff__rating__elo_season_reset_mov_delta,dynamic_ratings,0.0,981,981,0.007626102068089685,0.13663724005116956,0.2,1.0,0.26398961393419823,0.18870403312217318,False,False,False,,below_bounded_prescreen
absdiff__rating__elo_season_reset_mov_z,dynamic_ratings,0.0,981,981,0.007598849123794263,0.13663722803678574,0.2,1.0,0.26398960797903404,0.18869803194573054,False,False,False,,below_bounded_prescreen
mean__prior__program_championships,prior_program_history,0.0,981,7,0.06470953096851192,0.10027533289357139,0.2,1.0,0.15191390163350776,0.1882917005366466,False,False,False,,below_bounded_prescreen
diff__detailed__clean__offrtg_std,detailed_efficiency,0.0,981,981,-0.05849806882803068,0.11053374113120394,0.2,1.0,0.2419095069438183,0.1882493906073919,False,False,False,,below_bounded_prescreen
diff__detailed__all__drbpct_median,detailed_efficiency,0.0,981,938,0.06142773170831205,0.1019157769181286,0.2,1.0,0.15646829618694372,0.18817494204905263,False,False,False,,below_bounded_prescreen
diff__detailed__all__offrtg_std,detailed_efficiency,0.0,981,981,-0.05638340366090828,0.11053374113120394,0.2,1.0,0.23514712658240358,0.18805465948508157,False,False,False,,below_bounded_prescreen
interaction__clean_shooting_attack_defense_edge,matchup_interactions,0.0,981,981,-0.022458285523407805,0.12363300461510801,0.2,1.0,0.21310441690170995,0.18776048835433318,False,True,False,,correlation_pruned_or_cap
interaction__shooting_attack_defense_edge,matchup_interactions,0.0,981,981,-0.02223067956505352,0.12338805817356978,0.2,1.0,0.21448445665456492,0.18753763916144267,False,True,False,,correlation_pruned_or_cap
absdiff__detailed__poss0p475__net_rtg_mean,detailed_efficiency,0.0,981,981,0.047652118761851305,0.11084761979247608,0.2,1.0,0.2076671529965109,0.1873836375081354,False,False,False,,below_bounded_prescreen
diff__detailed__away__pace_mean,detailed_efficiency,0.0,981,980,-0.06545754642188886,0.06063338861621032,0.3333333333333333,1.0,0.23672044910240425,0.18736920211783367,False,False,False,,below_bounded_prescreen
absdiff__compact__pythag_residual_exp8p0,compact_performance,0.0,981,981,-0.005766170937804627,0.07832245878238966,0.3333333333333333,1.0,0.12310689588642057,0.18727239531974058,False,False,False,,below_bounded_prescreen
absdiff__detailed__poss0p44__net_rtg_mean,detailed_efficiency,0.0,981,981,0.04757845640654731,0.11037781286403062,0.2,1.0,0.20693511081467536,0.1871712061515881,False,False,False,,below_bounded_prescreen
diff__detailed__clean__drbpct_median,detailed_efficiency,0.0,981,943,0.06114071613129059,0.09919955458009111,0.2,1.0,0.1554520687925615,0.18684866099562522,False,False,False,,below_bounded_prescreen
absdiff__detailed__last20__def_rtg_mean,detailed_efficiency,0.0,981,981,0.03765010568519865,0.11187203140374005,0.2,1.0,0.18572307740594415,0.18655267522830116,False,False,False,,below_bounded_prescreen
absdiff__adj__def_rtg_a10p0,opponent_adjusted_efficiency,0.0,981,981,-0.025008540917624007,0.072450761506308,0.3333333333333333,1.0,0.18019098368946398,0.1864039385106599,False,True,True,41.0,selected
absdiff__detailed__last20__orb_pct_mean,detailed_efficiency,0.0,981,981,0.03585054905538547,0.10959292333579046,0.2,1.0,0.19254219312151066,0.1847900362685038,False,False,False,,below_bounded_prescreen
absdiff__compact__close3_win_pct,compact_performance,0.034658511722731905,947,106,0.009666919356994392,0.0781589058572685,0.3333333333333333,1.0,0.13580041244064256,0.18477163296791674,False,False,False,,below_bounded_prescreen
absdiff__massey__system_dun,massey_consensus,0.1304791029561672,853,465,-0.037970500922841904,0.18057482093351898,0.07692307692307693,1.0,0.32017559901732195,0.1840917643616204,False,False,False,,below_bounded_prescreen
mean__coach__prior_championships,prior_coach_history,0.0,981,6,0.05812241875868524,0.09493376984789172,0.2,1.0,0.16365231763500537,0.18380904894849856,False,False,False,,below_bounded_prescreen
absdiff__compact__rest_days_mean,compact_performance,0.0,981,598,-0.04558988869371441,0.1018027687894473,0.2,1.0,0.1788748127978837,0.18374011201963653,False,False,False,,below_bounded_prescreen
absdiff__detailed__all__efg_ros,detailed_efficiency,0.0,981,981,0.032021629242353626,0.16122097246948586,0.06666666666666667,1.0,0.2854183029153697,0.1836807597687229,False,False,False,,below_bounded_prescreen
absdiff__compact__away_margin_mean,compact_performance,0.0,981,855,0.04196886459999771,0.10579102155353104,0.2,1.0,0.20874244122960217,0.18366314290851032,False,False,False,,below_bounded_prescreen
absdiff__detailed__home__net_rtg_mean,detailed_efficiency,0.0,981,981,0.05196563665957412,0.09667431837690887,0.2,1.0,0.1557007459609578,0.18360808304758425,False,False,False,,below_bounded_prescreen
absdiff__norm__detailed__all__efg_ros__z,within_season_normalization,0.0,981,981,0.031168130824400734,0.1612209689493037,0.06666666666666667,1.0,0.2854183152718826,0.1834929879328253,False,False,False,,below_bounded_prescreen
absdiff__detailed__ewm_h20__efg,detailed_efficiency,0.0,981,981,0.04901931902676362,0.09895393600754841,0.2,1.0,0.17671817720722055,0.1832134123812224,False,False,False,,below_bounded_prescreen
absdiff__norm__compact__win_pct__pct,within_season_normalization,0.0,981,642,-0.04815837159613053,0.15618934806297866,0.06666666666666667,1.0,0.3277874077318734,0.18312089917877022,False,False,False,,below_bounded_prescreen
absdiff__detailed__all__oppftmaderate_median,detailed_efficiency,0.0,981,969,-0.020230856240985168,0.11508533981173026,0.2,1.0,0.21760242906637212,0.1829876543199924,False,False,False,,below_bounded_prescreen
absdiff__massey__rank_improvement_mean,massey_consensus,0.0,981,973,-0.01789367851867679,0.11069811180292806,0.2,1.0,0.1578981451516803,0.18275577713344715,False,False,False,,below_bounded_prescreen
absdiff__detailed__clean__oppftmaderate_median,detailed_efficiency,0.0,981,969,-0.020155034357851022,0.11403117559708006,0.2,1.0,0.2158236015367323,0.18253612778385636,False,False,False,,below_bounded_prescreen
absdiff__compact__margin_q90,compact_performance,0.0,981,207,0.065278119989292,0.0438828809726896,0.3333333333333333,1.0,0.15756451074695463,0.1824557221679904,False,False,False,,below_bounded_prescreen
absdiff__rating__elo_mov_538,dynamic_ratings,0.0,981,981,0.005203208332482143,0.1225526691085138,0.2,1.0,0.2415130717712926,0.182309464134381,False,False,False,,below_bounded_prescreen
absdiff__norm__rating__elo_mov_538__z,within_season_normalization,0.0,981,981,0.004942706272519742,0.12255266082900626,0.2,1.0,0.24151307785879503,0.18225214946352555,False,False,False,,below_bounded_prescreen
absdiff__rating__elo_mov_538_z,dynamic_ratings,0.0,981,981,0.004942706272519742,0.12255266082900626,0.2,1.0,0.24151307785879503,0.18225214946352555,False,False,False,,below_bounded_prescreen
absdiff__adj__net_rtg_a10p0,opponent_adjusted_efficiency,0.0,981,981,0.015968767603076476,0.11504775000819896,0.2,1.0,0.22152542063548047,0.1818750320511931,False,True,True,42.0,selected
absdiff__detailed__all__net_rtg_ros,detailed_efficiency,0.0,981,981,0.044199428665116704,0.10071367477659984,0.2,1.0,0.20495977627885992,0.18186804714793922,False,False,False,,below_bounded_prescreen
absdiff__norm__detailed__all__net_rtg_ros__z,within_season_normalization,0.0,981,981,0.04383153010734019,0.1007136834364256,0.2,1.0,0.20495978349341215,0.18178711333336264,False,False,False,,below_bounded_prescreen
absdiff__adj__net_rtg_a10p0_z,opponent_adjusted_efficiency,0.0,981,981,0.015348910884004734,0.11504774682890599,0.2,1.0,0.22152542351845073,0.18173866193161792,False,True,False,,correlation_pruned_or_cap
absdiff__norm__adj__net_rtg_a10p0__z,within_season_normalization,0.0,981,981,0.015348910884004734,0.11504774682890599,0.2,1.0,0.22152542351845073,0.18173866193161792,False,False,False,,below_bounded_prescreen
absdiff__norm__detailed__all__efg_ros__pct,within_season_normalization,0.0,981,696,0.0016703149984908727,0.12210587670621431,0.2,1.0,0.23296288406415566,0.18165977475608464,False,False,False,,below_bounded_prescreen
absdiff__detailed__clean__net_rtg_ros,detailed_efficiency,0.0,981,981,0.04268696312287767,0.10204797846707553,0.2,1.0,0.21884391013722682,0.18162040514574027,False,False,False,,below_bounded_prescreen
absdiff__norm__detailed__clean__net_rtg_ros__z,within_season_normalization,0.0,981,981,0.042341647941306404,0.10204798384411164,0.2,1.0,0.21884391932281674,0.18154443801934833,False,False,False,,below_bounded_prescreen
mean__detailed__all__efg_std,detailed_efficiency,0.0,981,981,-0.01936850954284869,0.059407654072862866,0.3333333333333333,1.0,0.1330178961333714,0.18078936354239936,False,False,False,,below_bounded_prescreen
absdiff__rating__elo_mov_log,dynamic_ratings,0.0,981,981,0.0046139031525749665,0.11986093130941555,0.2,1.0,0.24425139401825563,0.18077824996135575,False,False,False,,below_bounded_prescreen
absdiff__rating__elo_mov_log_z,dynamic_ratings,0.0,981,981,0.004342621442778222,0.11986093047676391,0.2,1.0,0.24425140677005083,0.18071856707545586,False,False,False,,below_bounded_prescreen
absdiff__detailed__clean__efg_ros,detailed_efficiency,0.0,981,981,0.032319948778903755,0.15478509516300068,0.06666666666666667,1.0,0.28459187394995805,0.1806902261182675,False,False,False,,below_bounded_prescreen
diff__detailed__clean__oppftpct_median,detailed_efficiency,0.0,981,779,-0.037858687868740325,0.09928383418522183,0.2,1.0,0.1858213935268165,0.1805522959989567,False,False,False,,below_bounded_prescreen
absdiff__compact__margin_std,compact_performance,0.0,981,981,0.01853700742015319,0.1066923854803605,0.2,1.0,0.16973158015059342,0.180501223456983,False,False,False,,below_bounded_prescreen
mean__massey__ordinal_std,massey_consensus,0.0,981,981,-0.05181421204017422,0.0927299042025841,0.2,1.0,0.18898027804727094,0.18035026954418787,False,False,False,,below_bounded_prescreen
absdiff__detailed__all__efg_mean,detailed_efficiency,0.0,981,981,0.024045814340824485,0.15942942442259347,0.06666666666666667,1.0,0.3035233643185814,0.1803419349717497,False,False,False,,below_bounded_prescreen
absdiff__detailed__all__efg_trim02,detailed_efficiency,0.0,981,981,0.024045814340824485,0.15942942442259347,0.06666666666666667,1.0,0.3035233643185814,0.1803419349717497,False,False,False,,below_bounded_prescreen
seedprior__favorite_prob_pc8p0,prequential_seed_priors,0.0,981,402,-0.0029891387375365524,0.11359085829718991,0.2,1.0,0.17150704076207696,0.18032094087442613,False,True,False,,correlation_pruned_or_cap
diff__compact__last5_margin_mean,compact_performance,0.0,981,196,0.07886884749410172,0.08026950768308373,0.2,1.0,0.19450576020094762,0.18010027972854467,False,False,False,,below_bounded_prescreen
absdiff__detailed__ewm_h10__oppefg,detailed_efficiency,0.0,981,981,-0.049650863864189515,0.09103112179268266,0.2,1.0,0.16912514559531633,0.17985312268679673,False,False,False,,below_bounded_prescreen
absdiff__detailed__away__net_rtg_mean,detailed_efficiency,0.0,981,981,0.04248192014125793,0.09617892093113245,0.2,1.0,0.20103612861750086,0.1794704593333203,False,False,False,,below_bounded_prescreen
mean__massey__strength_iqr,massey_consensus,0.0,981,768,-0.04488495229721457,0.09555115641288695,0.2,1.0,0.20754910617648503,0.17943728033651354,False,False,False,,below_bounded_prescreen
absdiff__adj__off_rtg_a50p0,opponent_adjusted_efficiency,0.0,981,981,0.05313198319011635,0.09159347077643926,0.2,1.0,0.2056716676957777,0.17942703556668535,False,True,True,43.0,selected
mean__detailed__clean__efg_std,detailed_efficiency,0.0,981,981,-0.01912503136049562,0.05634842651043772,0.3333333333333333,1.0,0.1296746136728349,0.17940110041073906,False,False,False,,below_bounded_prescreen
absdiff__massey__strength_min,massey_consensus,0.0,981,875,0.04526912242587811,0.14374953893830697,0.06666666666666667,1.0,0.25868312496747625,0.17927832729204815,False,False,False,,below_bounded_prescreen
seedprior__favorite_prob_pc2p0,prequential_seed_priors,0.0,981,402,-0.0018033097878731598,0.11159426373488168,0.2,1.0,0.16915026639955935,0.17919596409009295,False,True,False,,correlation_pruned_or_cap
mean__coach__prior_final_appearances,prior_coach_history,0.0,981,11,0.056853671936634445,0.1338431473947983,0.06666666666666667,1.0,0.21423835190161436,0.17884965116616486,False,False,False,,below_bounded_prescreen
absdiff__schedule__quality_win_points_mean,schedule_and_accomplishment,0.0,981,981,-0.014821458900732989,0.10511977494184367,0.2,1.0,0.17831824722729117,0.1785854830411546,False,False,False,,below_bounded_prescreen
diff__detailed__all__drbpct_mean,detailed_efficiency,0.0,981,981,0.0619216542952786,0.08240192114930747,0.2,1.0,0.16501053382591477,0.17857526474359228,False,False,False,,below_bounded_prescreen
diff__detailed__last5__net_rtg_mean,detailed_efficiency,0.0,981,981,0.07820139604001844,0.07723252463916239,0.2,1.0,0.2006005254654607,0.1782518979369836,False,False,False,,below_bounded_prescreen
absdiff__detailed__clean__ftrate_std,detailed_efficiency,0.0,981,981,0.03833444026328015,0.08967925697012433,0.2,1.0,0.13817021872590712,0.17795281145454506,False,False,False,,below_bounded_prescreen
absdiff__detailed__last10__off_rtg_mean,detailed_efficiency,0.0,981,981,-0.016482584842206317,0.10390477966969493,0.2,1.0,0.19411680369858736,0.17773579075879548,False,False,False,,below_bounded_prescreen
absdiff__massey__system_sel,massey_consensus,0.0652395514780836,917,521,-0.03283015183199356,0.1318059409808148,0.14285714285714285,1.0,0.26033147297335857,0.1777142048937915,False,False,False,,below_bounded_prescreen
absdiff__detailed__last5__net_rtg_mean,detailed_efficiency,0.0,981,981,0.024004367425878345,0.1490100640767184,0.06666666666666667,1.0,0.24582687210492649,0.17763938337298768,False,False,False,,below_bounded_prescreen
seedprior__exact_pair_games,prequential_seed_priors,0.0,981,87,-0.04121874801144128,0.09231722916561035,0.2,1.0,0.19689524331214636,0.1775045848295242,False,True,False,,correlation_pruned_or_cap
absdiff__detailed__neutral__net_rtg_mean,detailed_efficiency,0.04485219164118247,937,937,-0.037584448524151416,0.1002093233461631,0.2,1.0,0.1958082829405431,0.17694854723255526,False,False,False,,below_bounded_prescreen
mean__compact__games,compact_performance,0.0,981,15,-0.0076267749620294875,0.1044921268357331,0.2,1.0,0.1726772814684353,0.17692702011406095,False,False,False,,below_bounded_prescreen
mean__detailed__all__games,detailed_efficiency,0.0,981,15,-0.0076267749620294875,0.1044921268357331,0.2,1.0,0.1726772814684353,0.17692702011406095,False,False,False,,below_bounded_prescreen
absdiff__detailed__neutral__off_rtg_mean,detailed_efficiency,0.04485219164118247,937,937,-0.027320111092823045,0.10650023280715495,0.2,1.0,0.2197038995422189,0.1767542048748721,False,False,False,,below_bounded_prescreen
mean__detailed__clean__games,detailed_efficiency,0.0,981,15,-0.011317602944629203,0.10214771836932705,0.2,1.0,0.17123386561421833,0.1766714228405267,False,False,False,,below_bounded_prescreen
absdiff__detailed__neutral__pace_mean,detailed_efficiency,0.04485219164118247,937,914,0.01134495078559507,0.1108795590600455,0.2,1.0,0.18754530905040817,0.17662808982834183,False,False,False,,below_bounded_prescreen
diff__compact__last5_win_pct,compact_performance,0.0,981,9,-0.022999987196705415,0.098276530174719,0.2,1.0,0.1911825748660278,0.1765854286724992,False,False,False,,below_bounded_prescreen
absdiff__compact__margin_winsor02,compact_performance,0.0,981,981,0.047422886731573084,0.08478598573224262,0.2,1.0,0.17651544324569532,0.17606969050259474,False,False,False,,below_bounded_prescreen
absdiff__compact__last5_margin_mean,compact_performance,0.0,981,112,0.030096794885570082,0.1400048133335933,0.06666666666666667,1.0,0.2159942813363086,0.17585050068816455,False,False,False,,below_bounded_prescreen
absdiff__detailed__clean__efg_mean,detailed_efficiency,0.0,981,981,0.024644589934849612,0.14955990201930236,0.06666666666666667,1.0,0.3017989553948227,0.17580527120580583,False,False,False,,below_bounded_prescreen
absdiff__detailed__clean__efg_trim02,detailed_efficiency,0.0,981,981,0.024644589934849612,0.14955990201930236,0.06666666666666667,1.0,0.3017989553948227,0.17580527120580583,False,False,False,,below_bounded_prescreen
absdiff__norm__rating__margin_ridge_a25p0__pct,within_season_normalization,0.0,981,515,-0.01593517995080861,0.15124896580226777,0.06666666666666667,1.0,0.28487539276466145,0.17537689413034666,False,False,False,,below_bounded_prescreen
absdiff__rating__margin_ridge_a25p0_percentile,global_strength_ratings,0.0,981,515,-0.01593517995080861,0.15124896580226777,0.06666666666666667,1.0,0.28487539276466145,0.17537689413034666,False,False,False,,below_bounded_prescreen
mean__compact__neutral_games,compact_performance,0.04485219164118247,937,15,0.016102963527931485,0.10458603356924581,0.2,1.0,0.1701933350675338,0.17534803935538698,False,False,False,,below_bounded_prescreen
mean__detailed__neutral__games,detailed_efficiency,0.04485219164118247,937,15,0.016102963527931485,0.10458603356924581,0.2,1.0,0.1701933350675338,0.17534803935538698,False,False,False,,below_bounded_prescreen
mean__massey__rank_improvement_std,massey_consensus,0.0,981,981,-0.04565673011000718,0.08400073579167527,0.2,1.0,0.17584484805653589,0.17533103988194426,False,False,False,,below_bounded_prescreen
absdiff__massey__rank_improvement_median,massey_consensus,0.0,981,90,-0.017275105418087116,0.0949206556264692,0.2,1.0,0.15188914134806802,0.17528687223876166,False,False,False,,below_bounded_prescreen
absdiff__seed__number,selection_committee_prior,0.0,981,15,-0.015868745145463933,0.09683080967283414,0.2,1.0,0.1752485188688521,0.17495997182020837,False,True,False,,correlation_pruned_or_cap
matchup__seed_gap_abs,matchup_context,0.0,981,15,-0.015868745145463933,0.09683080967283414,0.2,1.0,0.1752485188688521,0.17495997182020837,False,True,True,33.0,selected
seedprior__pooled_pair_games,prequential_seed_priors,0.04892966360856269,933,119,-0.050508860374701016,0.0882212401738077,0.2,1.0,0.17253803151294003,0.17464225021665933,False,True,False,,correlation_pruned_or_cap
absdiff__detailed__clean__offrtg_std,detailed_efficiency,0.0,981,981,0.00845789136240497,0.04741617905677899,0.3333333333333333,1.0,0.08311630389863182,0.17462918322437107,False,False,False,,below_bounded_prescreen
mean__schedule__top_quartile_games,schedule_and_accomplishment,0.0,981,43,0.0065234347939049815,0.10318056228828736,0.2,1.0,0.209702456612023,0.1745737272885561,False,False,False,,below_bounded_prescreen
absdiff__detailed__clean__efg_median,detailed_efficiency,0.0,981,945,0.03598502727493447,0.13452212543503406,0.06666666666666667,1.0,0.21559276535608868,0.17453028226172507,False,False,False,,below_bounded_prescreen
absdiff__detailed__all__orb_pct_ros,detailed_efficiency,0.0,981,981,-0.010932183846545351,0.10167806655309694,0.2,1.0,0.22384418157681105,0.17425678512865406,False,False,False,,below_bounded_prescreen
absdiff__detailed__last5__off_rtg_mean,detailed_efficiency,0.0,981,981,-0.00747199660869875,0.0966043292361799,0.2,1.0,0.1446946412640619,0.1742261316367176,False,False,False,,below_bounded_prescreen
absdiff__detailed__clean__orb_pct_ros,detailed_efficiency,0.0,981,981,-0.01027710767205392,0.10142538417546967,0.2,1.0,0.22224342058784236,0.17405541126856364,False,False,False,,below_bounded_prescreen
absdiff__detailed__all__drb_pct_ros,detailed_efficiency,0.0,981,981,-0.011115010274040028,0.10014211348712716,0.2,1.0,0.211978431589459,0.1740343794705315,False,False,False,,below_bounded_prescreen
absdiff__detailed__all__offrtg_std,detailed_efficiency,0.0,981,981,0.009764665692006598,0.04445697787389423,0.3333333333333333,1.0,0.07196549762156126,0.17394228926018154,False,False,False,,below_bounded_prescreen
absdiff__detailed__clean__drb_pct_ros,detailed_efficiency,0.0,981,981,-0.010376552673592075,0.09995741022841582,0.2,1.0,0.2127008741216519,0.17375436353296378,False,False,False,,below_bounded_prescreen
absdiff__adj__net_rtg_a50p0_percentile,opponent_adjusted_efficiency,0.0,981,505,-0.009618550239623257,0.14717555207973382,0.06666666666666667,1.0,0.2489896738555559,0.17346742576343377,False,True,True,44.0,selected
absdiff__norm__adj__net_rtg_a50p0__pct,within_season_normalization,0.0,981,505,-0.009618550239623257,0.14717555207973382,0.06666666666666667,1.0,0.2489896738555559,0.17346742576343377,False,False,False,,below_bounded_prescreen
diff__detailed__home__pace_mean,detailed_efficiency,0.0,981,980,0.06278570557164383,0.0749958341317948,0.2,1.0,0.20949684251101633,0.1734309819085825,False,False,False,,below_bounded_prescreen
absdiff__norm__compact__margin_mean__z,within_season_normalization,0.0,981,975,0.05079274442504916,0.07693028527132778,0.2,1.0,0.17226575785245968,0.17321031038964976,False,False,False,,below_bounded_prescreen
absdiff__norm__compact__margin_trim02__z,within_season_normalization,0.0,981,975,0.05079274442504916,0.07693028527132778,0.2,1.0,0.17226575785245968,0.17321031038964976,False,False,False,,below_bounded_prescreen
absdiff__compact__margin_mean,compact_performance,0.0,981,956,0.050279836057162006,0.07693027906224921,0.2,1.0,0.172265751879956,0.17309746780725702,False,False,False,,below_bounded_prescreen
absdiff__compact__margin_trim02,compact_performance,0.0,981,956,0.050279836057162006,0.07693027906224921,0.2,1.0,0.172265751879956,0.17309746780725702,False,False,False,,below_bounded_prescreen
absdiff__compact__half_marginmean_first,compact_performance,0.0,981,830,0.034728100875664074,0.13122805314442385,0.06666666666666667,1.0,0.21854437201403187,0.17255453948807495,False,False,False,,below_bounded_prescreen
absdiff__detailed__all__efg_median,detailed_efficiency,0.0,981,946,0.036082439592019344,0.13013632277662407,0.06666666666666667,1.0,0.21646782831530056,0.17241152517707847,False,False,False,,below_bounded_prescreen
absdiff__detailed__ewm_h10__efg,detailed_efficiency,0.0,981,981,0.014334756147084711,0.14608252175245856,0.06666666666666667,1.0,0.28834794000616454,0.17240600585995886,False,False,False,,below_bounded_prescreen
absdiff__detailed__last10__def_rtg_mean,detailed_efficiency,0.0,981,981,-0.0018364495550787518,0.0986143522237849,0.2,1.0,0.18657402646344987,0.17227594691099607,False,False,False,,below_bounded_prescreen
absdiff__adj__net_rtg_a10p0_percentile,opponent_adjusted_efficiency,0.0,981,515,-0.020269109091980046,0.14189822811241645,0.06666666666666667,1.0,0.2827240634191516,0.17192805762409613,False,True,True,45.0,selected
absdiff__norm__adj__net_rtg_a10p0__pct,within_season_normalization,0.0,981,515,-0.020269109091980046,0.14189822811241645,0.06666666666666667,1.0,0.2827240634191516,0.17192805762409613,False,False,False,,below_bounded_prescreen
absdiff__compact__last10_win_pct,compact_performance,0.0,981,8,-4.531684742489528e-06,0.04459814712370521,0.3333333333333333,1.0,0.08557255495212952,0.17131853872527,False,False,False,,below_bounded_prescreen
absdiff__detailed__all__tov_pct_ros,detailed_efficiency,0.0,981,981,-0.03319616408001212,0.07991867819758378,0.2,1.0,0.15934773632309188,0.1712902121795192,False,False,False,,below_bounded_prescreen
absdiff__detailed__clean__tov_pct_ros,detailed_efficiency,0.0,981,981,-0.03232674078093024,0.08025410898201245,0.2,1.0,0.16142038030750167,0.17117704007087056,False,False,False,,below_bounded_prescreen
diff__detailed__ewm_h5__defrtg,detailed_efficiency,0.0,981,981,-0.04951795001776639,0.06874394128699973,0.2,1.0,0.11866836206288409,0.17114430633915312,False,False,False,,below_bounded_prescreen
absdiff__adj__off_rtg_a10p0,opponent_adjusted_efficiency,0.0,981,981,0.03746995864613467,0.1261913764125397,0.06666666666666667,1.0,0.2208202317538619,0.17064910897668087,False,True,True,46.0,selected
mean__compact__day90plus_games,compact_performance,0.0,981,11,-0.01105626100802119,0.08679431574629046,0.2,1.0,0.14346947307181845,0.17035487005711134,False,False,False,,below_bounded_prescreen
diff__detailed__clean__pace_ros,detailed_efficiency,0.0,981,981,0.02363636743389357,0.13259732947531164,0.06666666666666667,1.0,0.22949509016184239,0.17033358204379917,False,False,False,,below_bounded_prescreen
absdiff__compact__home_margin_mean,compact_performance,0.0,981,929,0.04599319224903387,0.06857026715940238,0.2,1.0,0.12096348451402705,0.1701936911507395,False,False,False,,below_bounded_prescreen
diff__detailed__all__pace_ros,detailed_efficiency,0.0,981,981,0.022987190675935777,0.13236351487181386,0.06666666666666667,1.0,0.22727270677713574,0.17016742748275776,False,False,False,,below_bounded_prescreen
diff__detailed__clean__opptovpct_median,detailed_efficiency,0.0,981,981,0.026371693711021445,0.08320414525971276,0.2,1.0,0.1936042145816648,0.16999559375782025,False,False,False,,below_bounded_prescreen
diff__detailed__all__opptovpct_median,detailed_efficiency,0.0,981,981,0.026683282733460306,0.08239403487006187,0.2,1.0,0.19016061443237495,0.16981303436169598,False,False,False,,below_bounded_prescreen
mean__detailed__clean__defrtg_std,detailed_efficiency,0.0,981,981,-0.03085621126740339,0.027787962579798663,0.3333333333333333,1.0,0.0965306594542968,0.16959869547229356,False,False,False,,below_bounded_prescreen
absdiff__detailed__last10__net_rtg_mean,detailed_efficiency,0.0,981,981,0.03752286035084842,0.07435854486908448,0.2,1.0,0.1603150894499081,0.16953452723635087,False,False,False,,below_bounded_prescreen
absdiff__compact__margin_mad,compact_performance,0.0,981,19,-0.004905241794375055,0.08861846994649929,0.2,1.0,0.15233931939765588,0.16952244599317592,False,False,False,,below_bounded_prescreen
diff__compact__neutral_win_pct,compact_performance,0.04485219164118247,937,138,0.03660559922064442,0.08270450272357059,0.2,1.0,0.17091405634459322,0.16932665555077733,False,False,False,,below_bounded_prescreen
mean__detailed__all__defrtg_std,detailed_efficiency,0.0,981,981,-0.030917051188384306,0.026733881817620642,0.3333333333333333,1.0,0.0955346972400216,0.1691459599776349,False,False,False,,below_bounded_prescreen
absdiff__compact__last10_margin_mean,compact_performance,0.0,981,168,0.03967493022698302,0.06952569319414324,0.2,1.0,0.13764813244539417,0.16859489208530926,False,False,False,,below_bounded_prescreen
diff__detailed__all__ft_pct_ros,detailed_efficiency,0.0,981,981,0.039494899885863285,0.07080085126107045,0.2,1.0,0.16410365717449876,0.1681091402932238,False,False,False,,below_bounded_prescreen
mean__compact__days_since_last_game,compact_performance,0.0,981,16,-0.02830194765370418,0.12562148702161302,0.06666666666666667,1.0,0.22719063863856231,0.16810378337531334,False,False,False,,below_bounded_prescreen
diff__detailed__clean__ft_pct_ros,detailed_efficiency,0.0,981,981,0.038342218248224015,0.07080085126107045,0.2,1.0,0.16441044771469648,0.16784327871133523,False,False,False,,below_bounded_prescreen
mean__coach__seasons_with_program_through_current,prior_coach_history,0.0,981,45,0.012763582585773084,0.031442914492693354,0.3333333333333333,1.0,0.09825901323929556,0.1673035599291244,False,False,False,,below_bounded_prescreen
mean__detailed__clean__orbpct_std,detailed_efficiency,0.0,981,981,-0.03200451532884255,0.12291564794102273,0.06666666666666667,1.0,0.23589997511516386,0.16727117204609637,False,False,False,,below_bounded_prescreen
absdiff__massey__ordinal_std,massey_consensus,0.0,981,981,2.160885451035679e-05,0.1397152218220087,0.06666666666666667,1.0,0.26259554756451176,0.16723090518664266,False,False,False,,below_bounded_prescreen
absdiff__compact__day120plus_win_pct,compact_performance,0.0,981,30,0.012014138156175561,0.13429435216457572,0.06666666666666667,1.0,0.26982713429709426,0.16697798072813785,False,False,False,,below_bounded_prescreen
absdiff__detailed__all__ftrate_std,detailed_efficiency,0.0,981,981,0.03401198377596513,0.06699223483387566,0.2,1.0,0.11817090292315836,0.16691207303404632,False,False,False,,below_bounded_prescreen
absdiff__compact__close5_win_pct,compact_performance,0.004077471967380225,977,238,-0.010729466494575996,0.08168395168261842,0.2,1.0,0.16171581016241665,0.16677394927257647,False,False,False,,below_bounded_prescreen
diff__detailed__all__opp_tov_pct_ros,detailed_efficiency,0.0,981,981,0.06422313038512127,0.05605798541740891,0.2,1.0,0.16099288298465647,0.1665972063656967,False,False,False,,below_bounded_prescreen
mean__detailed__all__orbpct_std,detailed_efficiency,0.0,981,981,-0.03258681455284416,0.1204562426816594,0.06666666666666667,1.0,0.2370260365149337,0.16617372089489157,False,False,False,,below_bounded_prescreen
absdiff__massey__strength_std,massey_consensus,0.0,981,981,0.040426812550312004,0.07169510790571336,0.2,1.0,0.230941043870154,0.16606990880100492,False,False,False,,below_bounded_prescreen
mean__conference__strength_std,conference_context,0.0,981,770,0.013273792324138535,0.07691410041482175,0.2,1.0,0.14535971119571955,0.16602461406259614,False,False,False,,below_bounded_prescreen
absdiff__rating__bt_c1p0,global_strength_ratings,0.0,981,981,-0.0019279743538284486,0.1335747909484184,0.06666666666666667,1.0,0.24505751972026912,0.165404419890939,False,False,False,,below_bounded_prescreen
interaction__combined_margin_volatility,matchup_interactions,0.0,981,981,-0.016600924861846153,0.12262605366180326,0.06666666666666667,1.0,0.19469019943381155,0.16539176791658594,False,True,False,,correlation_pruned_or_cap
absdiff__norm__rating__bt_c1p0__z,within_season_normalization,0.0,981,981,-0.001808264398674401,0.1335747857969753,0.06666666666666667,1.0,0.24505752554032104,0.16537808099531034,False,False,False,,below_bounded_prescreen
absdiff__rating__bt_c1p0_z,global_strength_ratings,0.0,981,981,-0.001808264398674401,0.1335747857969753,0.06666666666666667,1.0,0.24505752554032104,0.16537808099531034,False,False,False,,below_bounded_prescreen
absdiff__massey__strength_iqr,massey_consensus,0.0,981,702,-0.00047761740769992786,0.13394929306405118,0.06666666666666667,1.0,0.24415388516383585,0.1653012477605518,False,False,False,,below_bounded_prescreen
absdiff__detailed__home__def_rtg_mean,detailed_efficiency,0.0,981,981,-0.027843398438853636,0.0686071560202392,0.2,1.0,0.1449237494447309,0.16526003256847338,False,False,False,,below_bounded_prescreen
absdiff__compact__pythag_exp11p5,compact_performance,0.0,981,981,0.004160228524739424,0.08199881996795386,0.2,1.0,0.17820837251871197,0.16514634895931204,False,False,False,,below_bounded_prescreen
absdiff__compact__home_win_pct,compact_performance,0.0,981,331,0.004677089138382704,0.1302049536121207,0.06666666666666667,1.0,0.24532680344763963,0.16438093187302322,False,False,False,,below_bounded_prescreen
absdiff__detailed__all__orbpct_std,detailed_efficiency,0.0,981,981,-0.028879661890980925,0.0647493632417118,0.2,1.0,0.12710940010091143,0.164348843968001,False,False,False,,below_bounded_prescreen
diff__detailed__all__ftpct_median,detailed_efficiency,0.0,981,847,0.04399359068792019,0.10562602038101357,0.06666666666666667,1.0,0.1787354486417588,0.16389632845522528,False,False,False,,below_bounded_prescreen
absdiff__compact__ewm_h20_margin,compact_performance,0.0,981,981,0.01691936809642223,0.12394695170349627,0.06666666666666667,1.0,0.2500711830934028,0.16388061714182167,False,False,False,,below_bounded_prescreen
absdiff__rating__elo_standard_preseason,dynamic_ratings,0.0,981,981,0.008533777398139406,0.07860938675832925,0.2,1.0,0.19428420653224415,0.16383856841029895,False,False,False,,below_bounded_prescreen
diff__detailed__clean__ftpct_median,detailed_efficiency,0.0,981,847,0.043648685745189764,0.10508113090404252,0.06666666666666667,1.0,0.17706008783181387,0.16362591685127628,False,False,False,,below_bounded_prescreen
absdiff__rating__bt_c0p25,global_strength_ratings,0.0,981,981,0.004669123564072415,0.12884048278798207,0.06666666666666667,1.0,0.24896204001102962,0.1635788239885528,False,False,False,,below_bounded_prescreen
absdiff__rating__bt_c0p25_z,global_strength_ratings,0.0,981,981,0.004559643471477589,0.12884048616860733,0.06666666666666667,1.0,0.24896204711611244,0.16355473970667878,False,False,False,,below_bounded_prescreen
mean__compact__margin_std,compact_performance,0.0,981,981,-0.018123753130524927,0.11828395339767601,0.06666666666666667,1.0,0.20112333452510447,0.16338525660526246,False,False,False,,below_bounded_prescreen
absdiff__compact__last20_margin_median,compact_performance,0.0,981,42,0.03757751408918967,0.10367159353709045,0.06666666666666667,1.0,0.1334521667195563,0.16335799799530956,False,False,False,,below_bounded_prescreen
absdiff__detailed__clean__orbpct_std,detailed_efficiency,0.0,981,981,-0.02646787651733747,0.06480285345313708,0.2,1.0,0.13949609946823804,0.16334845851259053,False,False,False,,below_bounded_prescreen
diff__detailed__last5__pace_mean,detailed_efficiency,0.0,981,922,0.008203237998892235,0.12421517961174532,0.06666666666666667,1.0,0.22009228967169747,0.16329097365319284,False,False,False,,below_bounded_prescreen
absdiff__compact__last5_margin_median,compact_performance,0.0,981,31,-0.00635275891734637,0.1251634759056297,0.06666666666666667,1.0,0.22950674276245767,0.16296247235268682,False,False,False,,below_bounded_prescreen
absdiff__detailed__all__netrtg_std,detailed_efficiency,0.0,981,981,0.04461472557375457,0.05458172006327542,0.2,1.0,0.13175371349932227,0.16274431671662531,False,False,False,,below_bounded_prescreen
absdiff__compact__rest_days_std,compact_performance,0.0,981,981,0.005359050132311953,0.07222580078262109,0.2,1.0,0.1353949868480346,0.16243157593084537,False,False,False,,below_bounded_prescreen
absdiff__detailed__clean__netrtg_std,detailed_efficiency,0.0,981,981,0.04380228336337806,0.0527827528295747,0.2,1.0,0.13392093291699786,0.16161538638145911,False,False,False,,below_bounded_prescreen
absdiff__compact__home_margin_std,compact_performance,0.0,981,981,-0.005297540996084515,0.12217461510057688,0.06666666666666667,1.0,0.2238579791662659,0.16152162176743154,False,False,False,,below_bounded_prescreen
absdiff__detailed__last10__efg_mean,detailed_efficiency,0.0,981,981,-0.02452139872173978,0.1145504625410412,0.06666666666666667,1.0,0.2439343510793019,0.16128822236197715,False,False,False,,below_bounded_prescreen
absdiff__detailed__last20__tov_pct_mean,detailed_efficiency,0.0,981,981,-0.017357928184227715,0.11399218475425729,0.06666666666666667,1.0,0.19827774992452468,0.16127054955225928,False,False,False,,below_bounded_prescreen
absdiff__rating__margin_ridge_a25p0,global_strength_ratings,0.0,981,981,0.020338527450428603,0.1124715606556757,0.06666666666666667,1.0,0.20915871551075246,0.16076114320005522,False,False,False,,below_bounded_prescreen
absdiff__norm__rating__margin_ridge_a25p0__z,within_season_normalization,0.0,981,981,0.020276832104619617,0.11247154824274179,0.06666666666666667,1.0,0.20915872340869854,0.1607475639498511,False,False,False,,below_bounded_prescreen
absdiff__rating__margin_ridge_a25p0_z,global_strength_ratings,0.0,981,981,0.020276832104619617,0.11247154824274179,0.06666666666666667,1.0,0.20915872340869854,0.1607475639498511,False,False,False,,below_bounded_prescreen
absdiff__compact__margin_slope,compact_performance,0.0,981,980,0.0405578641635102,0.05477571104099522,0.2,1.0,0.16191548875600742,0.16073845186540967,False,False,False,,below_bounded_prescreen
mean__detailed__last20__pace_mean,detailed_efficiency,0.0,981,968,-0.015317151395779879,0.06150117537080106,0.2,1.0,0.10553483405948003,0.1606689441226769,False,False,False,,below_bounded_prescreen
diff__compact__close3_win_pct,compact_performance,0.034658511722731905,947,165,0.04211621297195499,0.10895032982859663,0.06666666666666667,1.0,0.22130039952453007,0.1606036949194234,False,False,False,,below_bounded_prescreen
absdiff__compact__margin_iqr,compact_performance,0.0,981,67,-0.013480301010791864,0.11217334171670722,0.06666666666666667,1.0,0.17903526256748406,0.16031412641036097,False,False,False,,below_bounded_prescreen
diff__detailed__all__oppftpct_median,detailed_efficiency,0.0,981,780,-0.037833000753834924,0.10043873259574271,0.06666666666666667,1.0,0.17872109352008758,0.16005167473766335,False,False,False,,below_bounded_prescreen
diff__detailed__clean__opp_tov_pct_ros,detailed_efficiency,0.0,981,981,0.06289115254069494,0.04286590733309879,0.2,1.0,0.16105522297774813,0.15996948015973037,False,False,False,,below_bounded_prescreen
mean__detailed__clean__pace_ros,detailed_efficiency,0.0,981,980,-0.012474066289645484,0.060610249094601235,0.2,1.0,0.10111038741240805,0.1597927986526343,False,False,False,,below_bounded_prescreen
absdiff__compact__margin_q10,compact_performance,0.0,981,184,0.04038312372251398,0.10342345489594258,0.06666666666666667,1.0,0.2424913889011413,0.15949455667962653,False,False,False,,below_bounded_prescreen
interaction__pace_mean,matchup_interactions,0.0,981,980,-0.012651318642691383,0.05969359321711964,0.2,1.0,0.09865829019146113,0.1594898832379511,False,True,False,,correlation_pruned_or_cap
mean__detailed__all__pace_ros,detailed_efficiency,0.0,981,980,-0.012651318642691383,0.05969359321711964,0.2,1.0,0.09865829019146113,0.1594898832379511,False,False,False,,below_bounded_prescreen
mean__detailed__last10__pace_mean,detailed_efficiency,0.0,981,955,-0.020396179539908202,0.05712759449474491,0.2,1.0,0.11072162596626593,0.1594795398176067,False,False,False,,below_bounded_prescreen
absdiff__detailed__home__off_rtg_mean,detailed_efficiency,0.0,981,981,0.03051459557022382,0.10191862204484736,0.06666666666666667,1.0,0.18099478257793067,0.15906102497052543,False,False,False,,below_bounded_prescreen
absdiff__detailed__ewm_h5__efg,detailed_efficiency,0.0,981,981,-0.019831087874392778,0.1078059743961835,0.06666666666666667,1.0,0.20394568076510225,0.15861854647859708,False,False,False,,below_bounded_prescreen
absdiff__norm__compact__win_pct__z,within_season_normalization,0.0,981,875,0.0009832435432025734,0.11890611220224542,0.06666666666666667,1.0,0.24069447242515063,0.158330135206243,False,False,False,,below_bounded_prescreen
absdiff__compact__win_pct,compact_performance,0.0,981,637,0.0007655756445865083,0.11890610825298775,0.06666666666666667,1.0,0.240694467920425,0.15828224655309284,False,False,False,,below_bounded_prescreen
absdiff__schedule__wp,schedule_and_accomplishment,0.0,981,637,0.0007655756445865083,0.11890610825298775,0.06666666666666667,1.0,0.240694467920425,0.15828224655309284,False,False,False,,below_bounded_prescreen
diff__compact__day110plus_win_pct,compact_performance,0.0,981,169,0.007759513356462956,0.1135421375523929,0.06666666666666667,1.0,0.21490935145722623,0.15827761157194806,False,False,False,,below_bounded_prescreen
absdiff__massey__system_wil,massey_consensus,0.19571865443425077,789,410,-0.059385372768076566,0.09039975397549685,0.16666666666666666,1.0,0.2388143302132704,0.15791326502061112,False,False,False,,below_bounded_prescreen
diff__detailed__ewm_h5__fg3attemptrate,detailed_efficiency,0.0,981,981,-0.032158533452463466,0.10109225250018937,0.06666666666666667,1.0,0.20993266878708666,0.1578685184748161,False,False,False,,below_bounded_prescreen
mean__prior__program_has_tournament_history,prior_program_history,0.0,981,3,-0.01884580270648758,0.10747019788587087,0.06666666666666667,1.0,0.21346846553644333,0.15785969962585422,False,False,False,,below_bounded_prescreen
mean__detailed__last5__pace_mean,detailed_efficiency,0.0,981,920,0.003706639388588204,0.06036459279924156,0.2,1.0,0.10161621540444964,0.1577258165929474,False,False,False,,below_bounded_prescreen
diff__detailed__last10__efg_mean,detailed_efficiency,0.0,981,981,0.04360089640103757,0.09659306935265025,0.06666666666666667,1.0,0.2231295025008712,0.1576983570641322,False,False,False,,below_bounded_prescreen
absdiff__compact__neutral_margin_mean,compact_performance,0.04485219164118247,937,545,-0.04367626547987504,0.10106818086213472,0.06666666666666667,1.0,0.19955479500820195,0.15721780475444116,False,False,False,,below_bounded_prescreen
diff__detailed__clean__drbpct_mean,detailed_efficiency,0.0,981,981,0.06156837325807378,0.08245586226950963,0.06666666666666667,1.0,0.16573160078795232,0.15716125864128944,False,False,False,,below_bounded_prescreen
mean__compact__last5_margin_std,compact_performance,0.0,981,980,0.04684870767668909,0.0876436982332663,0.06666666666666667,1.0,0.16102610758330918,0.15660131320417373,False,False,False,,below_bounded_prescreen
absdiff__compact__margin_median,compact_performance,0.0,981,39,0.05954631525261316,0.08136105574651788,0.06666666666666667,1.0,0.15764974130064394,0.1565141731285444,False,False,False,,below_bounded_prescreen
absdiff__compact__day90plus_win_pct,compact_performance,0.0,981,261,-0.016517545794654996,0.10344384054089614,0.06666666666666667,1.0,0.19617755189357663,0.15610646812537785,False,False,False,,below_bounded_prescreen
absdiff__conference__tourney_win_pct,conference_context,0.019367991845056064,962,9,-0.01040796938673852,0.10914442046869473,0.06666666666666667,1.0,0.19661772531673188,0.15593159339644885,False,False,False,,below_bounded_prescreen
absdiff__detailed__last5__opp_efg_mean,detailed_efficiency,0.0,981,981,0.01288299168281947,0.10092557504985582,0.06666666666666667,1.0,0.15144179393364054,0.15588752910347212,False,False,False,,below_bounded_prescreen
diff__detailed__all__ftpct_mean,detailed_efficiency,0.0,981,981,0.05375159474474377,0.08462051696474605,0.06666666666666667,1.0,0.18105900448513917,0.15586750547418285,False,False,False,,below_bounded_prescreen
diff__detailed__clean__ftpct_mean,detailed_efficiency,0.0,981,981,0.05309462635634613,0.08462051696474605,0.06666666666666667,1.0,0.18120039638352498,0.15571731675279996,False,False,False,,below_bounded_prescreen
absdiff__detailed__last20__opp_efg_mean,detailed_efficiency,0.0,981,981,0.002601386773835112,0.10674607243818464,0.06666666666666667,1.0,0.171602188581444,0.15561299898398126,False,False,False,,below_bounded_prescreen
mean__schedule__opponent_strength_std,schedule_and_accomplishment,0.0,981,980,0.006469140278136905,0.10764189571156951,0.06666666666666667,1.0,0.20661504542984088,0.15549338565221654,False,False,False,,below_bounded_prescreen
absdiff__rating__elo_standard,dynamic_ratings,0.0,981,981,0.006255294598056714,0.10493892233944381,0.06666666666666667,1.0,0.17364099952002568,0.15546787422037114,False,False,False,,below_bounded_prescreen
diff__detailed__clean__fg3_attempt_rate_ros,detailed_efficiency,0.0,981,981,-0.04832674332647899,0.08634944896142865,0.06666666666666667,1.0,0.18444692573862376,0.15536840867043283,False,False,False,,below_bounded_prescreen
absdiff__rating__elo_standard_z,dynamic_ratings,0.0,981,981,0.005515996934315161,0.1049389287128601,0.06666666666666667,1.0,0.17364101945620622,0.1553052309961406,False,False,False,,below_bounded_prescreen
diff__detailed__clean__fg3attemptrate_median,detailed_efficiency,0.0,981,975,-0.04758020755172761,0.08770886856418501,0.06666666666666667,1.0,0.20195016840987168,0.15515656250246068,False,False,False,,below_bounded_prescreen
absdiff__detailed__clean__ftmade_rate_ros,detailed_efficiency,0.0,981,981,0.035928306177848646,0.09238103771334039,0.06666666666666667,1.0,0.20738447088650552,0.15461841329273654,False,False,False,,below_bounded_prescreen
diff__detailed__all__fg3_attempt_rate_ros,detailed_efficiency,0.0,981,981,-0.047709162034730926,0.08518797912293206,0.06666666666666667,1.0,0.18822439399381768,0.15452393653356217,False,False,False,,below_bounded_prescreen
diff__detailed__all__fg3attemptrate_median,detailed_efficiency,0.0,981,974,-0.047643452751470736,0.08558791232331871,0.06666666666666667,1.0,0.20304637554951444,0.15410856916520263,False,False,False,,below_bounded_prescreen
mean__massey__systems,massey_consensus,0.0,981,63,0.0012394896697705028,0.10412684347056302,0.06666666666666667,1.0,0.17172134474631015,0.154051385470034,False,False,False,,below_bounded_prescreen
absdiff__norm__rating__pagerank_margin__z,within_season_normalization,0.0,981,981,-0.019409032859359875,0.09550181069664468,0.06666666666666667,1.0,0.17045050468952866,0.15395950284253412,False,False,False,,below_bounded_prescreen
absdiff__rating__pagerank_margin_z,global_strength_ratings,0.0,981,981,-0.019409032859359875,0.09550181069664468,0.06666666666666667,1.0,0.17045050468952866,0.15395950284253412,False,False,False,,below_bounded_prescreen
seedprior__pooled_gap_games,prequential_seed_priors,0.04892966360856269,933,134,-0.0026463437470523794,0.06238912462105677,0.2,1.0,0.11703955595734511,0.15393302011548,False,False,False,,below_bounded_prescreen
absdiff__detailed__all__ftmade_rate_ros,detailed_efficiency,0.0,981,981,0.035710068012607656,0.09092571212148709,0.06666666666666667,1.0,0.20829228907023062,0.15383553188494495,False,False,False,,below_bounded_prescreen
absdiff__compact__day110plus_margin_mean,compact_performance,0.0,981,687,0.012383688470903615,0.09944328286594736,0.06666666666666667,1.0,0.18261840390558556,0.15381911774969678,False,False,False,,below_bounded_prescreen
diff__detailed__clean__fg3attemptrate_mean,detailed_efficiency,0.0,981,981,-0.04808387494876085,0.0832723889751104,0.06666666666666667,1.0,0.19166387784774586,0.1535493107495372,False,False,False,,below_bounded_prescreen
absdiff__rating__pagerank_margin,global_strength_ratings,0.0,981,981,-0.015765781893604433,0.09550182311463168,0.06666666666666667,1.0,0.17045049750193025,0.15315799387820564,False,False,False,,below_bounded_prescreen
diff__detailed__all__fg3attemptrate_mean,detailed_efficiency,0.0,981,981,-0.04752262544469857,0.08217029950095411,0.06666666666666667,1.0,0.19501083873773173,0.15276295447544908,False,False,False,,below_bounded_prescreen
absdiff__detailed__last5__orb_pct_mean,detailed_efficiency,0.0,981,981,0.01915716138549854,0.09088756071941981,0.06666666666666667,1.0,0.14436394417534665,0.15273271354978402,False,False,False,,below_bounded_prescreen
absdiff__detailed__all__opp_ftmade_rate_ros,detailed_efficiency,0.0,981,981,-0.02659891578727857,0.09346119501453502,0.06666666666666667,1.0,0.2227035680703983,0.15247165902402884,False,False,False,,below_bounded_prescreen
absdiff__detailed__last10__tov_pct_mean,detailed_efficiency,0.0,981,981,0.009856749686028173,0.09790889920990231,0.06666666666666667,1.0,0.18424772819932334,0.15246151409037303,False,False,False,,below_bounded_prescreen
absdiff__adj__net_rtg_a50p0_z,opponent_adjusted_efficiency,0.0,981,981,0.04072496594711499,0.08431123684177252,0.06666666666666667,1.0,0.19208764860736943,0.152412046914788,False,False,False,,below_bounded_prescreen
absdiff__norm__adj__net_rtg_a50p0__z,within_season_normalization,0.0,981,981,0.04072496594711499,0.08431123684177252,0.06666666666666667,1.0,0.19208764860736943,0.152412046914788,False,False,False,,below_bounded_prescreen
absdiff__adj__net_rtg_a50p0,opponent_adjusted_efficiency,0.0,981,981,0.04069910113442709,0.08431123181399693,0.06666666666666667,1.0,0.1920876587673317,0.15240635383626588,False,False,False,,below_bounded_prescreen
diff__compact__last5_points_against_mean,compact_performance,0.0,981,211,0.01381149777149644,0.09506673610691163,0.06666666666666667,1.0,0.17807226650589847,0.1522143388474775,False,False,False,,below_bounded_prescreen
mean__compact__rest_days_mean,compact_performance,0.0,981,651,0.020719000566373498,0.09188660430630376,0.06666666666666667,1.0,0.18037342298770698,0.15211547993878635,False,False,False,,below_bounded_prescreen
absdiff__norm__detailed__clean__net_rtg_ros__pct,within_season_normalization,0.0,981,544,-0.009426765894225522,0.09841545033987228,0.06666666666666667,1.0,0.20448259416624454,0.1518006675598852,False,False,False,,below_bounded_prescreen
absdiff__norm__detailed__all__net_rtg_ros__pct,within_season_normalization,0.0,981,543,-0.00846449434137876,0.0983124803031539,0.06666666666666667,1.0,0.19997621277712208,0.15171979745619898,False,False,False,,below_bounded_prescreen
absdiff__detailed__all__oppftmaderate_mean,detailed_efficiency,0.0,981,981,-0.02734307051375271,0.09004913148080226,0.06666666666666667,1.0,0.21186486181274383,0.1514311308179676,False,False,False,,below_bounded_prescreen
absdiff__detailed__last20__off_rtg_mean,detailed_efficiency,0.0,981,981,0.02097552521902834,0.08777556704667087,0.06666666666666667,1.0,0.15590033285800203,0.15117754108293482,False,False,False,,below_bounded_prescreen
absdiff__detailed__clean__opp_ftmade_rate_ros,detailed_efficiency,0.0,981,981,-0.026359429908248896,0.09057940601612317,0.06666666666666667,1.0,0.22493107579265192,0.15094661310251448,False,False,False,,below_bounded_prescreen
diff__detailed__neutral__def_rtg_mean,detailed_efficiency,0.04485219164118247,937,937,-0.026991048573790994,0.04650452280915808,0.2,1.0,0.14366764117430264,0.1509253206563632,False,False,False,,below_bounded_prescreen
absdiff__detailed__clean__oppftmaderate_mean,detailed_efficiency,0.0,981,981,-0.02735939846524685,0.08901014574830236,0.06666666666666667,1.0,0.21440134924340495,0.1508345503184699,False,False,False,,below_bounded_prescreen
mean__compact__home_margin_std,compact_performance,0.0,981,981,0.012547723754841382,0.09349266067439586,0.06666666666666667,1.0,0.19131725808305614,0.15065095269311954,False,False,False,,below_bounded_prescreen
mean__compact__day120plus_games,compact_performance,0.0,981,9,-0.00936609935109016,0.04154331477651685,0.2,1.0,0.0876756382703376,0.15049430741915443,False,False,False,,below_bounded_prescreen
diff__detailed__ewm_h10__fg3attemptrate,detailed_efficiency,0.0,981,981,-0.03736560665752329,0.08370995180060795,0.06666666666666667,1.0,0.22135352155103122,0.15021373613357236,False,False,False,,below_bounded_prescreen
absdiff__norm__compact__margin_mean__pct,within_season_normalization,0.0,981,591,-0.007803776161936279,0.09488701882601137,0.06666666666666667,1.0,0.1963726075935899,0.1500743621550345,False,False,False,,below_bounded_prescreen
absdiff__norm__compact__margin_trim02__pct,within_season_normalization,0.0,981,591,-0.007803776161936279,0.09488701882601137,0.06666666666666667,1.0,0.1963726075935899,0.1500743621550345,False,False,False,,below_bounded_prescreen
diff__compact__day120plus_margin_mean,compact_performance,0.0,981,586,0.004956766618077916,0.09021160536178337,0.06666666666666667,1.0,0.1335820749927741,0.14971544289658886,False,False,False,,below_bounded_prescreen
mean__detailed__neutral__pace_mean,detailed_efficiency,0.04485219164118247,937,927,0.0126318479782935,0.044988423673195395,0.2,1.0,0.08589269133648322,0.14934956693360443,False,False,False,,below_bounded_prescreen
absdiff__compact__pythag_exp13p91,compact_performance,0.0,981,981,-0.0036822842117758704,0.09486876130771531,0.06666666666666667,1.0,0.1928341731755843,0.14930040769393735,False,False,False,,below_bounded_prescreen
absdiff__compact__away_win_pct,compact_performance,0.0,981,386,-0.011566163207555435,0.08696448339607861,0.06666666666666667,1.0,0.14183094291393777,0.1492809368858891,False,False,False,,below_bounded_prescreen
mean__geography__neutral_games_with_city,geography_and_schedule_dispersion,0.0,981,17,0.03634829919616227,0.011883395086811806,0.25,1.0,0.12420870784454538,0.14873230715104355,False,False,False,,below_bounded_prescreen
mean__compact__away_margin_std,compact_performance,0.0,981,981,-0.012530048318312467,0.08872922140676871,0.06666666666666667,1.0,0.18761298103858892,0.14850878433040085,False,False,False,,below_bounded_prescreen
absdiff__schedule__opponent_strength_std,schedule_and_accomplishment,0.0,981,981,0.014378155792900874,0.08814216515334859,0.06666666666666667,1.0,0.19382087368960993,0.1483852652671278,False,False,False,,below_bounded_prescreen
absdiff__detailed__clean__ftmaderate_mean,detailed_efficiency,0.0,981,981,0.03472816790876682,0.07791923086934481,0.06666666666666667,1.0,0.18802188103795386,0.14818721918236274,False,False,False,,below_bounded_prescreen
absdiff__compact__pythag_exp8p0,compact_performance,0.0,981,981,0.01781512363306941,0.08370247191899313,0.06666666666666667,1.0,0.17356706277730255,0.14782049787596654,False,False,False,,below_bounded_prescreen
absdiff__detailed__away__def_rtg_mean,detailed_efficiency,0.0,981,981,0.03848974224390462,0.06930302007283702,0.06666666666666667,1.0,0.1162733057804703,0.14774892736406864,False,False,False,,below_bounded_prescreen
absdiff__detailed__all__ftmaderate_mean,detailed_efficiency,0.0,981,981,0.034295216218142764,0.07706828206088857,0.06666666666666667,1.0,0.18747487643920974,0.14770539456631618,False,False,False,,below_bounded_prescreen
mean__detailed__all__ftmade_rate_ros,detailed_efficiency,0.0,981,981,0.0006277733683975457,0.0903796859899127,0.06666666666666667,1.0,0.16565009123718366,0.14756102243338487,False,False,False,,below_bounded_prescreen
mean__detailed__clean__ftmade_rate_ros,detailed_efficiency,0.0,981,981,0.0008046920090979141,0.0903796859899127,0.06666666666666667,1.0,0.168629949137712,0.1474807502183178,False,False,False,,below_bounded_prescreen
absdiff__detailed__ewm_h5__oppefg,detailed_efficiency,0.0,981,981,0.004681434352543822,0.08874036106372145,0.06666666666666667,1.0,0.17063246859521214,0.14746665679100412,False,False,False,,below_bounded_prescreen
absdiff__detailed__all__opp_ft_rate_ros,detailed_efficiency,0.0,981,981,-0.028460454676654576,0.07763577450447705,0.06666666666666667,1.0,0.16833168406569193,0.147459871095052,False,False,False,,below_bounded_prescreen
absdiff__detailed__clean__opp_ft_rate_ros,detailed_efficiency,0.0,981,981,-0.02736613737023008,0.07732712593077597,0.06666666666666667,1.0,0.17140841883874847,0.1469479005813398,False,False,False,,below_bounded_prescreen
mean__detailed__clean__ftmaderate_median,detailed_efficiency,0.0,981,967,-0.012615031650067476,0.07995789465916103,0.06666666666666667,1.0,0.1491538771776575,0.1458556079789725,False,False,False,,below_bounded_prescreen
mean__detailed__all__ftmaderate_mean,detailed_efficiency,0.0,981,981,-0.0009563670651185029,0.08519562139915228,0.06666666666666667,1.0,0.14994264676432223,0.14577325982201295,False,False,False,,below_bounded_prescreen
mean__detailed__clean__ftmaderate_mean,detailed_efficiency,0.0,981,981,-0.0008099736928884742,0.08519873288923753,0.06666666666666667,1.0,0.1517059932978846,0.14567201293402077,False,False,False,,below_bounded_prescreen
mean__detailed__all__ftmaderate_median,detailed_efficiency,0.0,981,966,-0.014151121004974435,0.07834823794857176,0.06666666666666667,1.0,0.15106336461187786,0.14534453291860036,False,False,False,,below_bounded_prescreen
absdiff__detailed__all__ftmaderate_median,detailed_efficiency,0.0,981,963,0.02914531357634161,0.07250856999530289,0.06666666666666667,1.0,0.16781941590869226,0.1451699726148595,False,False,False,,below_bounded_prescreen
absdiff__detailed__clean__ftmaderate_median,detailed_efficiency,0.0,981,962,0.029353199860070057,0.07250856999530289,0.06666666666666667,1.0,0.17079951776149122,0.14509650352316783,False,False,False,,below_bounded_prescreen
absdiff__compact__pythag_exp10p0,compact_performance,0.0,981,981,0.009779001288208891,0.080935933418498,0.06666666666666667,1.0,0.17015790115285256,0.14486097894483757,False,False,False,,below_bounded_prescreen
absdiff__detailed__clean__efg_std,detailed_efficiency,0.0,981,981,0.004832068844703103,0.08180951081515912,0.06666666666666667,1.0,0.15397376534295537,0.14483933639005953,False,False,False,,below_bounded_prescreen
absdiff__detailed__all__efg_std,detailed_efficiency,0.0,981,981,0.004466963500537824,0.08095805153116295,0.06666666666666667,1.0,0.1510908067209427,0.1444656311029055,False,False,False,,below_bounded_prescreen
mean__detailed__all__tovpct_std,detailed_efficiency,0.0,981,980,-0.020404586574061582,0.07209156341505611,0.06666666666666667,1.0,0.14727328344376867,0.1438686948144364,False,False,False,,below_bounded_prescreen
absdiff__detailed__neutral__def_rtg_mean,detailed_efficiency,0.04485219164118247,937,937,-0.006685052591148345,0.0865235215983624,0.06666666666666667,1.0,0.16014384226787526,0.14367473958192364,False,False,False,,below_bounded_prescreen
absdiff__rating__elo_mov_log_preseason,dynamic_ratings,0.0,981,981,0.009043039075618903,0.07641772972960836,0.06666666666666667,1.0,0.14704702802178884,0.14345476441264327,False,False,False,,below_bounded_prescreen
absdiff__detailed__last5__efg_mean,detailed_efficiency,0.0,981,980,-0.01647445688883181,0.0698048780351268,0.06666666666666667,1.0,0.11701215240147875,0.1431169025430114,False,False,False,,below_bounded_prescreen
absdiff__compact__neutral_margin_std,compact_performance,0.0856269113149847,897,895,0.02361919367027123,0.08256811608311049,0.06666666666666667,1.0,0.14433702064222373,0.14287195126313165,False,False,False,,below_bounded_prescreen
mean__coach__has_prior_tournament_history,prior_coach_history,0.0,981,3,0.017502642901571074,0.07229651793641774,0.06666666666666667,1.0,0.16361661876800526,0.1426749119637726,False,False,False,,below_bounded_prescreen
absdiff__rating__elo_mov_538_preseason,dynamic_ratings,0.0,981,981,0.009791168652851947,0.07411447551845937,0.06666666666666667,1.0,0.14901529297636473,0.1424350603001,False,False,False,,below_bounded_prescreen
absdiff__detailed__clean__ft_rate_ros,detailed_efficiency,0.0,981,981,0.01763914788784635,0.06695373617633212,0.06666666666666667,1.0,0.13165680512369338,0.14141880036168453,False,False,False,,below_bounded_prescreen
diff__conference__tourney_games,conference_context,0.019367991845056064,962,7,-0.029173635205617564,0.06700315403316207,0.06666666666666667,1.0,0.16324785139016137,0.1411670269446094,False,False,False,,below_bounded_prescreen
absdiff__detailed__last10__orb_pct_mean,detailed_efficiency,0.0,981,981,0.02261931499447129,0.0619427253699414,0.06666666666666667,1.0,0.11771609590988681,0.14066678030662677,False,False,False,,below_bounded_prescreen
absdiff__schedule__elite_wins,schedule_and_accomplishment,0.0,981,12,-0.0019580417137418766,0.07374853739049,0.06666666666666667,1.0,0.14956879147217803,0.14051398213223798,False,False,False,,below_bounded_prescreen
mean__detailed__clean__tovpct_std,detailed_efficiency,0.0,981,980,-0.019803732824869656,0.06507294807376235,0.06666666666666667,1.0,0.14435329963919258,0.14048437097797623,False,False,False,,below_bounded_prescreen
absdiff__detailed__last10__opp_efg_mean,detailed_efficiency,0.0,981,981,0.002715150876027779,0.07280985479383285,0.06666666666666667,1.0,0.1546702845384876,0.14002591877889303,False,False,False,,below_bounded_prescreen
mean__detailed__clean__ftrate_std,detailed_efficiency,0.0,981,980,0.005778346632219995,0.06796941887292789,0.06666666666666667,1.0,0.11368040752626196,0.14001600768370998,False,False,False,,below_bounded_prescreen
mean__detailed__away__pace_mean,detailed_efficiency,0.0,981,980,-0.016197184783849843,0.06318864918551828,0.06666666666666667,1.0,0.13680140338502905,0.13908854279276125,False,False,False,,below_bounded_prescreen
mean__compact__close5_games,compact_performance,0.0,981,24,-0.020465020893320755,0.05973504729013262,0.06666666666666667,1.0,0.12084088711699198,0.1390081584777812,False,False,False,,below_bounded_prescreen
absdiff__detailed__all__ft_rate_ros,detailed_efficiency,0.0,981,981,0.0162443400343327,0.062248546945643676,0.06666666666666667,1.0,0.13148974284088139,0.1388601342944936,False,False,False,,below_bounded_prescreen
diff__detailed__all__opptovpct_mean,detailed_efficiency,0.0,981,981,0.0587284237145364,0.04413452855784536,0.06666666666666667,1.0,0.15693316239151917,0.13849416709596968,False,False,False,,below_bounded_prescreen
absdiff__rating__elo_mov_log_delta,dynamic_ratings,0.0,981,981,-0.017269346342131602,0.0600825836406365,0.06666666666666667,1.0,0.12343363585416257,0.13836821757527465,False,False,False,,below_bounded_prescreen
mean__detailed__all__ftrate_std,detailed_efficiency,0.0,981,980,0.003659699392247165,0.06503652612099509,0.06666666666666667,1.0,0.10883222764266318,0.13833604396533217,False,False,False,,below_bounded_prescreen
absdiff__massey__system_mas,massey_consensus,0.2609582059123344,725,369,0.004741803999976799,0.1091270542477286,0.09090909090909091,1.0,0.21937703761125396,0.13831789948692225,False,False,False,,below_bounded_prescreen
absdiff__rating__elo_mov_538_delta,dynamic_ratings,0.0,981,981,-0.01658500952030109,0.05913776701339013,0.06666666666666667,1.0,0.11340098542008208,0.1381654575107569,False,False,False,,below_bounded_prescreen
absdiff__compact__pythag_residual_exp13p91,compact_performance,0.0,981,981,0.003850684076554118,0.06330059732916747,0.06666666666666667,1.0,0.09337362506567021,0.13816315887888217,False,False,False,,below_bounded_prescreen
seedprior__gap_games,prequential_seed_priors,0.0,981,125,0.009497765868817159,0.06132326731817184,0.06666666666666667,1.0,0.11784418059293436,0.13747757624681153,False,False,False,,below_bounded_prescreen
mean__detailed__home__pace_mean,detailed_efficiency,0.0,981,980,-0.011744705299211462,0.05862870162481296,0.06666666666666667,1.0,0.10470830074688622,0.13720394658252796,False,False,False,,below_bounded_prescreen
diff__detailed__clean__opptovpct_mean,detailed_efficiency,0.0,981,981,0.057327502009965614,0.04130724809457735,0.06666666666666667,1.0,0.15693604896613755,0.13682875423561075,False,False,False,,below_bounded_prescreen
absdiff__prior__program_win_pct_smoothed,prior_program_history,0.0,981,765,-0.02392682341077467,0.05522608210124471,0.06666666666666667,1.0,0.1470043688106062,0.1365589124732103,False,False,False,,below_bounded_prescreen
mean__schedule__top_decile_games,schedule_and_accomplishment,0.0,981,26,0.010206188788856199,0.053364271792947116,0.06666666666666667,1.0,0.10208378125642838,0.1344435274105725,False,False,False,,below_bounded_prescreen
absdiff__rating__elo_standard_delta,dynamic_ratings,0.0,981,981,-0.0004836606400512265,0.058276914195413136,0.06666666666666667,1.0,0.11070970769696636,0.1343176025133976,False,False,False,,below_bounded_prescreen
diff__detailed__last10__def_rtg_mean,detailed_efficiency,0.0,981,981,-0.021651696356173977,0.045238463667132585,0.06666666666666667,1.0,0.08672799458715445,0.1336753826417624,False,False,False,,below_bounded_prescreen
diff__compact__neutral_margin_std,compact_performance,0.0856269113149847,897,895,0.01765755501905768,0.06562844074975469,0.06666666666666667,1.0,0.14443891241955698,0.13342527092876055,False,False,False,,below_bounded_prescreen
absdiff__compact__pythag_residual_exp10p0,compact_performance,0.0,981,981,0.003838335839547147,0.05434268418359231,0.06666666666666667,1.0,0.10785548178198755,0.13328136968821186,False,False,False,,below_bounded_prescreen
mean__conference__tourney_games,conference_context,0.019367991845056064,962,7,-0.015552877607894934,0.05240544283754357,0.06666666666666667,1.0,0.12464168729510595,0.13270780546301575,False,False,False,,below_bounded_prescreen
absdiff__compact__day110plus_win_pct,compact_performance,0.0,981,103,-0.0033878869205144304,0.05036260495366864,0.06666666666666667,1.0,0.08739264313534821,0.13209034644152687,False,False,False,,below_bounded_prescreen
mean__compact__home_games,compact_performance,0.0,981,21,0.0007380881383683065,0.05553744683567455,0.06666666666666667,1.0,0.13601598336659915,0.13204638120356751,False,False,False,,below_bounded_prescreen
mean__detailed__home__games,detailed_efficiency,0.0,981,21,0.0007380881383683065,0.05553744683567455,0.06666666666666667,1.0,0.13601598336659915,0.13204638120356751,False,False,False,,below_bounded_prescreen
absdiff__compact__pythag_residual_exp11p5,compact_performance,0.0,981,981,0.0052980881971842675,0.04767499892675224,0.06666666666666667,1.0,0.08862062740224047,0.13117142045879868,False,False,False,,below_bounded_prescreen
absdiff__compact__last20_margin_std,compact_performance,0.0,981,981,-0.017648773298705882,0.035416610907450206,0.06666666666666667,1.0,0.06666330922003438,0.1288828376591567,False,False,False,,below_bounded_prescreen
mean__compact__day110plus_games,compact_performance,0.0,981,10,-0.0013400874322319436,0.043903181172902574,0.06666666666666667,1.0,0.10822097366268883,0.1277061739182434,False,False,False,,below_bounded_prescreen
mean__geography__games_with_city,geography_and_schedule_dispersion,0.0,981,12,0.019781535605214493,0.05172407069895617,0.0,1.0,0.06301132408171395,0.1266590388053776,False,False,False,,below_bounded_prescreen
mean__coach__years_since_tournament_appearance,prior_coach_history,0.2782874617737003,708,21,-0.03886215941703689,0.0683049397758272,0.06666666666666667,1.0,0.1839599244600364,0.12238131891051438,False,False,False,,below_bounded_prescreen
mean__geography__city_coverage,geography_and_schedule_dispersion,0.0,981,2,0.020615796163499938,0.0,0.0,1.0,0.0,0.10453547515596999,False,False,False,,below_bounded_prescreen
context__season_centered_2000,matchup_context,0.0,981,15,-0.0076275875219604305,0.0,0.0,1.0,0.0,0.1016780692548313,False,True,True,34.0,selected
seedprior__history_games,prequential_seed_priors,0.0,981,15,-0.007522526935702619,0.0,0.0,1.0,0.0,0.10165495592585458,False,False,False,,below_bounded_prescreen
