Feature,Block,MissingRate,NonMissingRows,UniqueValues,GlobalCorrelation,MedianAbsoluteSeasonCorrelation,SeasonSignConsistency,SeasonCoverage,SeasonCorrelationIQR,StabilityScore,Mandatory,InPrecorrelationPool,Selected,SelectionRank,ExclusionReason
diff__massey__strength_mean,massey_consensus,0.0,1315,1315,0.45289760621849456,0.4669578836603717,1.0,1.0,0.0811799052677405,0.5805300613143376,True,True,True,6.0,selected
matchup__seed_diff,matchup_context,0.0,1315,29,-0.4762088504392142,0.45458428460811473,1.0,1.0,0.13114627379376625,0.5777205527567715,True,True,True,1.0,selected
diff__norm__rating__elo_mov_538__pct,within_season_normalization,0.0,1315,859,0.43084638814228565,0.45784557192121356,1.0,1.0,0.08315776380415274,0.5712257693613192,True,True,True,2.0,selected
diff__adj__net_rtg_a50p0,opponent_adjusted_efficiency,0.0,1315,1315,0.4286299148180183,0.4246327503218067,1.0,1.0,0.12189208102977755,0.5532466181732401,True,True,True,5.0,selected
diff__compact__margin_trim02,compact_performance,0.0,1315,1291,0.4045934560891525,0.40499187679841275,1.0,1.0,0.09835749173482494,0.5394723615334587,True,True,True,3.0,selected
diff__norm__schedule__opponent_strength_mean__pct,within_season_normalization,0.0,1315,1074,0.39804148923486266,0.3991665842819586,1.0,1.0,0.08963315993315374,0.5355837616896838,True,True,True,4.0,selected
diff__rating__margin_ridge_a5p0,global_strength_ratings,0.0,1315,1315,0.4894500222105159,0.4914547162104034,1.0,1.0,0.11026105707898826,0.5991668263841475,False,True,False,,correlation_pruned_or_cap
diff__rating__margin_ridge_a5p0_z,global_strength_ratings,0.0,1315,1315,0.48889367306955217,0.49145471669594476,1.0,1.0,0.11026105498885236,0.5990444298898008,False,True,False,,correlation_pruned_or_cap
diff__schedule__quality_win_points_sum,schedule_and_accomplishment,0.0,1315,1315,0.47135011162212864,0.4841968134073482,1.0,1.0,0.08219986854425027,0.5928235002506255,False,True,False,,correlation_pruned_or_cap
diff__norm__schedule__quality_win_points_sum__z,within_season_normalization,0.0,1315,1315,0.47006012574535594,0.48419681505953216,1.0,1.0,0.08219987234186577,0.5925397039988791,False,True,True,28.0,selected
diff__adj__net_rtg_a10p0,opponent_adjusted_efficiency,0.0,1315,1315,0.47573928505610064,0.478106808470919,1.0,1.0,0.11148875258735852,0.5896943606748889,False,True,False,,correlation_pruned_or_cap
diff__adj__net_rtg_a10p0_z,opponent_adjusted_efficiency,0.0,1315,1315,0.47452906441639475,0.4781068059388037,1.0,1.0,0.11148875111161832,0.5894281109777679,False,True,False,,correlation_pruned_or_cap
diff__norm__adj__net_rtg_a10p0__z,within_season_normalization,0.0,1315,1315,0.47452906441639475,0.4781068059388037,1.0,1.0,0.11148875111161832,0.5894281109777679,False,True,True,29.0,selected
diff__rating__elo_mov_log,dynamic_ratings,0.0,1315,1315,0.4721868835473678,0.4726746386838995,1.0,1.0,0.11315149597811325,0.5862388811095681,False,False,False,,below_bounded_prescreen
diff__rating__elo_mov_log_z,dynamic_ratings,0.0,1315,1315,0.4713918996777447,0.47267463809571214,1.0,1.0,0.11315150132284968,0.5860639841621317,False,False,False,,below_bounded_prescreen
diff__rating__elo_mov_538,dynamic_ratings,0.0,1315,1315,0.4708669892537454,0.47262812157703704,1.0,1.0,0.1137197253186919,0.585903446980054,False,False,False,,below_bounded_prescreen
diff__norm__rating__elo_mov_538__z,within_season_normalization,0.0,1315,1315,0.47012424587617063,0.4726281211548451,1.0,1.0,0.11371972268015595,0.585740043339877,False,True,True,30.0,selected
diff__rating__elo_mov_538_z,dynamic_ratings,0.0,1315,1315,0.47012424587617063,0.4726281211548451,1.0,1.0,0.11371972268015595,0.585740043339877,False,False,False,,below_bounded_prescreen
diff__rating__margin_ridge_a25p0,global_strength_ratings,0.0,1315,1315,0.47234880316044975,0.4671211055792128,1.0,1.0,0.1112832515493215,0.5836835373113483,False,True,False,,correlation_pruned_or_cap
diff__norm__rating__margin_ridge_a25p0__z,within_season_normalization,0.0,1315,1315,0.4714487381675665,0.4671211035355002,1.0,1.0,0.11128324945858026,0.5834855221155615,False,True,False,,correlation_pruned_or_cap
diff__rating__margin_ridge_a25p0_z,global_strength_ratings,0.0,1315,1315,0.4714487381675665,0.4671211035355002,1.0,1.0,0.11128324945858026,0.5834855221155615,False,True,False,,correlation_pruned_or_cap
diff__rating__colley,global_strength_ratings,0.0,1315,1315,0.4678255804075657,0.4627281749888579,1.0,1.0,0.09662732329193707,0.5811660587526387,False,True,False,,correlation_pruned_or_cap
diff__massey__ordinal_max,massey_consensus,0.0,1315,388,-0.45480652375618313,0.46875451137033886,1.0,1.0,0.09841591891692003,0.5811229639274461,False,True,True,7.0,selected
diff__norm__rating__colley__z,within_season_normalization,0.0,1315,1315,0.46731528193799327,0.4627281730619971,1.0,1.0,0.09662732059677148,0.5810537922722463,False,True,True,31.0,selected
diff__rating__colley_z,global_strength_ratings,0.0,1315,1315,0.46731528193799327,0.4627281730619971,1.0,1.0,0.09662732059677148,0.5810537922722463,False,True,False,,correlation_pruned_or_cap
diff__norm__massey__strength_mean__z,within_season_normalization,0.0,1315,1315,0.4528259795200011,0.4669578868172996,1.0,1.0,0.08117990879783632,0.5805143048147905,False,True,False,,correlation_pruned_or_cap
diff__massey__system_mor,massey_consensus,0.0,1315,946,0.4523508681864272,0.46583544863570003,1.0,1.0,0.10327599175939844,0.578987166675774,False,True,True,8.0,selected
diff__schedule__quality_win_points_mean,schedule_and_accomplishment,0.0,1315,1315,0.46619714369794857,0.45761034098857833,1.0,1.0,0.08743805585138004,0.5787188130540111,False,True,False,,correlation_pruned_or_cap
diff__massey__ordinal_std,massey_consensus,0.0,1315,1315,-0.4598872737775383,0.46212959934320713,1.0,1.0,0.1119886353748264,0.5785178625008047,False,True,True,9.0,selected
diff__massey__system_wlk,massey_consensus,0.0,1315,915,0.44978796043921054,0.46314486488428386,1.0,1.0,0.07106659262728271,0.5784202227359913,False,True,False,,correlation_pruned_or_cap
diff__schedule__rpi,schedule_and_accomplishment,0.0,1315,1315,0.45159671086313047,0.46454937292740633,1.0,1.0,0.10840044008806493,0.5779989577915211,False,True,False,,correlation_pruned_or_cap
diff__massey__strength_trim05,massey_consensus,0.0,1315,1315,0.450780632380803,0.46264887648709907,1.0,1.0,0.08609277261758763,0.5777994889328807,False,True,False,,correlation_pruned_or_cap
diff__norm__schedule__rpi__z,within_season_normalization,0.0,1315,1315,0.45054242741749634,0.464549374245719,1.0,1.0,0.10840044533358362,0.577767015856451,False,True,True,32.0,selected
diff__seed__number,selection_committee_prior,0.0,1315,29,-0.4762088504392142,0.45458428460811473,1.0,1.0,0.13114627379376625,0.5777205527567715,False,False,False,,below_bounded_prescreen
diff__seed__strength,selection_committee_prior,0.0,1315,29,0.4762088504392142,0.45458428460811473,1.0,1.0,0.13114627379376625,0.5777205527567715,False,False,False,,below_bounded_prescreen
diff__norm__massey__strength_mean__pct,within_season_normalization,0.0,1315,892,0.4444056914236251,0.46317687611747227,1.0,1.0,0.08075414219444038,0.5768639869618066,False,True,False,,correlation_pruned_or_cap
diff__rating__margin_ridge_a5p0_percentile,global_strength_ratings,0.0,1315,901,0.4448089134652952,0.4625630473728573,1.0,1.0,0.10694717429201506,0.5756103367296558,False,True,False,,correlation_pruned_or_cap
seedprior__team1_prob_pc2p0,prequential_seed_priors,0.0,1315,765,0.4794464584825801,0.44842303392415717,1.0,1.0,0.13318864332679853,0.5753937314166911,False,False,False,,below_bounded_prescreen
diff__massey__strength_median,massey_consensus,0.0,1315,1078,0.44854514311383714,0.4591214518448913,1.0,1.0,0.09334923863654587,0.5753242588251302,False,True,False,,correlation_pruned_or_cap
diff__rating__bt_c1p0,global_strength_ratings,0.0,1315,1315,0.4572938891391822,0.45550328217954134,1.0,1.0,0.10223201143796307,0.5751569505992813,False,True,False,,correlation_pruned_or_cap
diff__massey__system_sag,massey_consensus,0.0,1315,911,0.45189198105026734,0.4578029579293321,1.0,1.0,0.10336300251883423,0.5750271355363848,False,True,False,,correlation_pruned_or_cap
diff__norm__rating__bt_c1p0__z,within_season_normalization,0.0,1315,1315,0.4562970408951636,0.45550327980587774,1.0,1.0,0.10223201101845969,0.5749376428630188,False,True,True,33.0,selected
diff__rating__bt_c1p0_z,global_strength_ratings,0.0,1315,1315,0.4562970408951636,0.45550327980587774,1.0,1.0,0.10223201101845969,0.5749376428630188,False,True,False,,correlation_pruned_or_cap
diff__massey__ordinal_mean,massey_consensus,0.0,1315,1309,-0.4482655221272329,0.45831896641495423,1.0,1.0,0.09216536008539289,0.5749249043437535,False,True,False,,correlation_pruned_or_cap
diff__massey__system_pom,massey_consensus,0.0,1315,949,0.44914121108448946,0.4578313054272034,1.0,1.0,0.10120139786738863,0.5745220371289497,False,True,True,10.0,selected
seedprior__team1_prob_pc8p0,prequential_seed_priors,0.0,1315,765,0.4777697126043974,0.44688287300667784,1.0,1.0,0.13126768987162513,0.5743624082213078,False,False,False,,below_bounded_prescreen
diff__massey__ordinal_median,massey_consensus,0.0,1315,445,-0.4469152397538454,0.45719677003047954,1.0,1.0,0.09517147348691313,0.5739689434209996,False,True,False,,correlation_pruned_or_cap
diff__rating__elo_mov_log_percentile,dynamic_ratings,0.0,1315,866,0.4342405033696117,0.4591720425019056,1.0,1.0,0.08559280273571107,0.5725117790328007,False,False,False,,below_bounded_prescreen
diff__rating__elo_mov_538_percentile,dynamic_ratings,0.0,1315,859,0.43084638814228565,0.45784557192121356,1.0,1.0,0.08315776380415274,0.5712257693613192,False,False,False,,below_bounded_prescreen
diff__schedule__quality_wins,schedule_and_accomplishment,0.0,1315,38,0.43598933583185917,0.45430898552488136,1.0,1.0,0.12374238798723225,0.5690362714154628,False,False,False,,below_bounded_prescreen
diff__massey__system_dol,massey_consensus,0.0,1315,894,0.4375653552314645,0.4498495279539667,1.0,1.0,0.0921871509976408,0.5685046655289205,False,True,False,,correlation_pruned_or_cap
diff__compact__half_marginmean_first,compact_performance,0.0,1315,1175,0.4406517212944344,0.45204557600495243,1.0,1.0,0.14608996009163788,0.5680816567634872,False,True,True,50.0,selected
diff__norm__schedule__rpi__pct,within_season_normalization,0.0,1315,869,0.4236126080820116,0.45534263081249304,1.0,1.0,0.10692518783157695,0.5674822290547761,False,True,True,34.0,selected
diff__norm__rating__colley__pct,within_season_normalization,0.0,1315,868,0.432212544304475,0.4486500234216676,1.0,1.0,0.08498860050215468,0.5670392269692988,False,True,False,,correlation_pruned_or_cap
diff__rating__colley_percentile,global_strength_ratings,0.0,1315,868,0.432212544304475,0.4486500234216676,1.0,1.0,0.08498860050215468,0.5670392269692988,False,True,False,,correlation_pruned_or_cap
diff__massey__system_col,massey_consensus,0.0,1315,936,0.4324697128488586,0.44848007608108076,1.0,1.0,0.08440922924117455,0.5670374041760207,False,True,True,11.0,selected
diff__massey__system_rth,massey_consensus,0.050190114068441066,1249,880,0.4399346893731515,0.45378518806242174,1.0,1.0,0.10082587120581116,0.566554277958348,False,True,True,12.0,selected
diff__massey__strength_iqr,massey_consensus,0.0,1315,1032,-0.436693142974189,0.4390024576302257,1.0,1.0,0.07966804016781842,0.5636069495101171,False,True,True,13.0,selected
diff__massey__system_sel,massey_consensus,0.048669201520912544,1251,851,0.4274622748456879,0.4513643420879406,1.0,1.0,0.09264974217046268,0.5630970588597713,False,True,True,14.0,selected
diff__norm__rating__pagerank_margin__pct,within_season_normalization,0.0,1315,948,0.4319963892722683,0.4404450178256839,1.0,1.0,0.091738353657627,0.5627832800499222,False,True,True,35.0,selected
diff__rating__pagerank_margin_percentile,global_strength_ratings,0.0,1315,948,0.4319963892722683,0.4404450178256839,1.0,1.0,0.091738353657627,0.5627832800499222,False,True,False,,correlation_pruned_or_cap
diff__norm__rating__pagerank_margin__z,within_season_normalization,0.0,1315,1315,0.4370172865005219,0.43792665129230124,1.0,1.0,0.08985148828401995,0.5627545361190586,False,True,True,36.0,selected
diff__rating__pagerank_margin_z,global_strength_ratings,0.0,1315,1315,0.4370172865005219,0.43792665129230124,1.0,1.0,0.08985148828401995,0.5627545361190586,False,True,False,,correlation_pruned_or_cap
diff__rating__pagerank_margin,global_strength_ratings,0.0,1315,1315,0.4369403211096687,0.43792665103046224,1.0,1.0,0.08985148598040615,0.5627376036995327,False,True,False,,correlation_pruned_or_cap
diff__norm__schedule__quality_win_points_sum__pct,within_season_normalization,0.0,1315,888,0.43058746703319783,0.43754165849609655,1.0,1.0,0.05204738286475924,0.5626673435108395,False,True,True,37.0,selected
diff__rating__elo_standard,dynamic_ratings,0.0,1315,1315,0.44667778531765684,0.4331228798565878,1.0,1.0,0.10938872800997657,0.5617925459806475,False,False,False,,below_bounded_prescreen
diff__rating__elo_standard_z,dynamic_ratings,0.0,1315,1315,0.4460630412749904,0.43312287845350717,1.0,1.0,0.10938873624619994,0.5616573012883334,False,False,False,,below_bounded_prescreen
diff__adj__net_rtg_a10p0_percentile,opponent_adjusted_efficiency,0.0,1315,868,0.4296527046324298,0.43719531238928155,1.0,1.0,0.08132939306554438,0.5611241692433679,False,True,False,,correlation_pruned_or_cap
diff__norm__adj__net_rtg_a10p0__pct,within_season_normalization,0.0,1315,868,0.4296527046324298,0.43719531238928155,1.0,1.0,0.08132939306554438,0.5611241692433679,False,True,True,38.0,selected
diff__massey__system_wol,massey_consensus,0.050190114068441066,1249,843,0.42676024957046077,0.44551554971391893,1.0,1.0,0.0933397628938627,0.5599859191269527,False,True,True,15.0,selected
diff__norm__rating__margin_ridge_a25p0__pct,within_season_normalization,0.0,1315,876,0.42501586563160937,0.43599679281174514,1.0,1.0,0.08662529747213893,0.5593169390897061,False,True,False,,correlation_pruned_or_cap
diff__rating__margin_ridge_a25p0_percentile,global_strength_ratings,0.0,1315,876,0.42501586563160937,0.43599679281174514,1.0,1.0,0.08662529747213893,0.5593169390897061,False,True,False,,correlation_pruned_or_cap
diff__rating__pagerank_binary_z,global_strength_ratings,0.0,1315,1315,0.42525505572410716,0.4376751122745861,1.0,1.0,0.12386629701024982,0.5586855142706949,False,True,False,,correlation_pruned_or_cap
diff__rating__pagerank_binary,global_strength_ratings,0.0,1315,1315,0.42513703386783586,0.43767510849520397,1.0,1.0,0.12386629312402442,0.5586595478036608,False,True,False,,correlation_pruned_or_cap
diff__seed__top4,selection_committee_prior,0.0,1315,3,0.4254151662355706,0.4364196592734624,1.0,1.0,0.11111955559121345,0.5586279907994389,False,False,False,,below_bounded_prescreen
diff__rating__pagerank_binary_percentile,global_strength_ratings,0.0,1315,919,0.4243732492162634,0.43345748926941435,1.0,1.0,0.08852353361398607,0.5578807683323375,False,True,False,,correlation_pruned_or_cap
diff__norm__rating__bt_c1p0__pct,within_season_normalization,0.0,1315,873,0.42227765459445377,0.42869219690772153,1.0,1.0,0.0782046079926928,0.5555451542067784,False,False,False,,below_bounded_prescreen
diff__rating__bt_c1p0_percentile,global_strength_ratings,0.0,1315,873,0.42227765459445377,0.42869219690772153,1.0,1.0,0.0782046079926928,0.5555451542067784,False,True,False,,correlation_pruned_or_cap
diff__massey__strength_max,massey_consensus,0.0,1315,824,0.4002153809454922,0.4377200589314908,1.0,1.0,0.09316803246081884,0.554426290796691,False,True,True,16.0,selected
diff__massey__momentum_systems,massey_consensus,0.0,1315,11,0.4261035685056283,0.42506067594316654,1.0,1.0,0.09396825836343548,0.5540131791894207,False,True,True,17.0,selected
diff__massey__ordinal_min,massey_consensus,0.0,1315,212,-0.39946178189037135,0.43688664101660335,1.0,1.0,0.09201094598643922,0.5539067418643937,False,True,False,,correlation_pruned_or_cap
diff__massey__rank_improvement_std,massey_consensus,0.0,1315,1315,-0.4169851245796136,0.42829721115163866,1.0,1.0,0.08620782770732754,0.5538710756520084,False,True,True,18.0,selected
diff__massey__system_wob,massey_consensus,0.048669201520912544,1251,840,0.4179582841176038,0.4345423340166155,1.0,1.0,0.08473037551478158,0.553248391691584,False,True,True,19.0,selected
diff__adj__net_rtg_a50p0_z,opponent_adjusted_efficiency,0.0,1315,1315,0.42711284853506204,0.4246327483759648,1.0,1.0,0.12189208563339116,0.5529128624728411,False,True,False,,correlation_pruned_or_cap
diff__norm__adj__net_rtg_a50p0__z,within_season_normalization,0.0,1315,1315,0.42711284853506204,0.4246327483759648,1.0,1.0,0.12189208563339116,0.5529128624728411,False,False,False,,below_bounded_prescreen
diff__rating__elo_standard_percentile,dynamic_ratings,0.0,1315,871,0.40801985521974343,0.4289127757194201,1.0,1.0,0.08674782307426265,0.5521725875706947,False,False,False,,below_bounded_prescreen
diff__schedule__bad_loss_penalty_sum,schedule_and_accomplishment,0.0,1315,1314,-0.41077498669070733,0.4298533658489887,1.0,1.0,0.13552481057880134,0.5512791202563181,False,False,False,,below_bounded_prescreen
diff__massey__system_rpi,massey_consensus,0.1520912547528517,1115,807,0.40727318106571864,0.4534924204409754,1.0,1.0,0.13179611994275425,0.5498373164681879,False,True,True,20.0,selected
diff__massey__systems,massey_consensus,0.0,1315,9,0.41523391785488034,0.42194343516483857,1.0,1.0,0.11050989152325763,0.5494639151462658,False,True,True,21.0,selected
diff__massey__system_bih,massey_consensus,0.048669201520912544,1251,836,0.4190053845203226,0.4269863228980678,1.0,1.0,0.09520590050319844,0.5494328474437427,False,False,False,,below_bounded_prescreen
interaction__strength_gap_squared_signed,matchup_interactions,0.0,1315,1315,0.40644654882806625,0.42577401481061544,1.0,1.0,0.11952371478134122,0.5490088192600163,False,False,False,,below_bounded_prescreen
diff__massey__system_cng,massey_consensus,0.20076045627376427,1051,763,0.416055862324112,0.44946191724994755,1.0,1.0,0.10518572444699836,0.5470057445114983,False,False,False,,below_bounded_prescreen
diff__schedule__oowp,schedule_and_accomplishment,0.0,1315,1315,0.40701844441115564,0.4168780212140523,1.0,1.0,0.09866148591639445,0.5456990485165436,False,False,False,,below_bounded_prescreen
diff__adj__off_rtg_a10p0,opponent_adjusted_efficiency,0.0,1315,1315,0.39127900695452766,0.4199001015172318,1.0,1.0,0.10343235344629681,0.5434961361204155,False,True,True,39.0,selected
diff__rating__elo_season_reset_mov,dynamic_ratings,0.0,1315,1315,0.41682064258930257,0.41092457418048595,1.0,1.0,0.14094448491975786,0.5433065575794894,False,False,False,,below_bounded_prescreen
diff__rating__elo_season_reset_mov_delta,dynamic_ratings,0.0,1315,1315,0.41682064258930257,0.41092457418048595,1.0,1.0,0.14094448491975786,0.5433065575794894,False,False,False,,below_bounded_prescreen
diff__rating__elo_season_reset_mov_z,dynamic_ratings,0.0,1315,1315,0.4150334142819403,0.41092457249199316,1.0,1.0,0.14094449239514767,0.5429133662423776,False,False,False,,below_bounded_prescreen
diff__rating__bt_c0p25,global_strength_ratings,0.0,1315,1315,0.42543197497471036,0.4030921600909112,1.0,1.0,0.1057489364708546,0.5428493138792395,False,True,False,,correlation_pruned_or_cap
matchup__team1_seed,matchup_context,0.0,1315,16,-0.41072538654170515,0.410193904141508,1.0,1.0,0.11592727949678339,0.5426155678472276,False,True,True,22.0,selected
diff__rating__bt_c0p25_z,global_strength_ratings,0.0,1315,1315,0.424361146539321,0.40309216121531444,1.0,1.0,0.1057489386155967,0.5426137320773776,False,True,False,,correlation_pruned_or_cap
diff__conference__strength_max,conference_context,0.0,1315,1125,0.4102496421025953,0.4069228098359652,1.0,1.0,0.1374548877557547,0.5400796744736039,False,False,False,,below_bounded_prescreen
diff__norm__compact__margin_mean__z,within_season_normalization,0.0,1315,1312,0.40462550910276845,0.40499187460116415,1.0,1.0,0.09835749483156908,0.5394794120179051,False,False,False,,below_bounded_prescreen
diff__norm__compact__margin_trim02__z,within_season_normalization,0.0,1315,1312,0.40462550910276845,0.40499187460116415,1.0,1.0,0.09835749483156908,0.5394794120179051,False,False,False,,below_bounded_prescreen
diff__compact__margin_mean,compact_performance,0.0,1315,1291,0.4045934560891525,0.40499187679841275,1.0,1.0,0.09835749173482494,0.5394723615334587,False,True,False,,correlation_pruned_or_cap
diff__compact__margin_winsor02,compact_performance,0.0,1315,1313,0.40395985702145004,0.40334527507345636,1.0,1.0,0.09358863314184795,0.5387333552543041,False,True,False,,correlation_pruned_or_cap
diff__massey__strength_min,massey_consensus,0.0,1315,1233,0.39730827679969216,0.40560982624241193,1.0,1.0,0.10614973299378377,0.5378545481725386,False,False,False,,below_bounded_prescreen
diff__rating__bt_c0p25_percentile,global_strength_ratings,0.0,1315,858,0.39005421985918465,0.4075819368509684,1.0,1.0,0.09441583010698801,0.5376746248532058,False,False,False,,below_bounded_prescreen
diff__compact__pythag_exp8p0,compact_performance,0.0,1315,1315,0.3979996757643593,0.4036822732972327,1.0,1.0,0.12312296591168764,0.5364025012143633,False,True,True,51.0,selected
diff__prior__program_win_pct_smoothed,prior_program_history,0.0,1315,1095,0.3710655949632408,0.4150266925668141,1.0,1.0,0.12579304278228076,0.5358155216126925,False,False,False,,below_bounded_prescreen
diff__compact__pythag_exp10p0,compact_performance,0.0,1315,1315,0.39418746515187664,0.405058200706097,1.0,1.0,0.13474035830792525,0.5357595643400224,False,True,False,,correlation_pruned_or_cap
diff__massey__system_dun,massey_consensus,0.09733840304182509,1187,799,0.4013724703292048,0.41527029095237344,1.0,1.0,0.10994126544664634,0.5354469602683525,False,False,False,,below_bounded_prescreen
diff__adj__net_rtg_a50p0_percentile,opponent_adjusted_efficiency,0.0,1315,876,0.3870704632863158,0.403884491082403,1.0,1.0,0.11954098844916,0.5342384181045765,False,True,True,40.0,selected
diff__norm__adj__net_rtg_a50p0__pct,within_season_normalization,0.0,1315,876,0.3870704632863158,0.403884491082403,1.0,1.0,0.11954098844916,0.5342384181045765,False,False,False,,below_bounded_prescreen
diff__compact__pythag_exp11p5,compact_performance,0.0,1315,1315,0.3901115092630496,0.4027777684506303,1.0,1.0,0.12631025853641648,0.5341054505527167,False,True,False,,correlation_pruned_or_cap
diff__massey__system_dok,massey_consensus,0.14600760456273765,1123,774,0.4041661802706384,0.42096972873380656,1.0,1.0,0.14358077451174345,0.5335581901062788,False,False,False,,below_bounded_prescreen
diff__schedule__opponent_strength_mean,schedule_and_accomplishment,0.0,1315,1315,0.3852617328755511,0.40020222381488885,1.0,1.0,0.08761694470870485,0.5333499708754197,False,False,False,,below_bounded_prescreen
diff__detailed__all__net_rtg_ros,detailed_efficiency,0.0,1315,1315,0.4033907284302531,0.3931783388450054,1.0,1.0,0.10632925390406578,0.5332183927440955,False,False,False,,below_bounded_prescreen
diff__conference__strength_percentile,conference_context,0.0,1315,152,0.3931233341300674,0.3951280441752098,1.0,1.0,0.07591974260809892,0.5331118050083915,False,False,False,,below_bounded_prescreen
diff__detailed__all__netrtg_mean,detailed_efficiency,0.0,1315,1315,0.40076821142901153,0.39435542782236266,1.0,1.0,0.10983511143581626,0.533066207411684,False,False,False,,below_bounded_prescreen
diff__detailed__all__netrtg_trim02,detailed_efficiency,0.0,1315,1315,0.40076821142901153,0.39435542782236266,1.0,1.0,0.10983511143581626,0.533066207411684,False,False,False,,below_bounded_prescreen
diff__detailed__poss0p475__net_rtg_mean,detailed_efficiency,0.0,1315,1315,0.40076821142901153,0.39435542782236266,1.0,1.0,0.10983511143581626,0.533066207411684,False,False,False,,below_bounded_prescreen
diff__norm__detailed__all__net_rtg_ros__z,within_season_normalization,0.0,1315,1315,0.402602850593016,0.39317834124607853,1.0,1.0,0.10632925061487292,0.5330450609039863,False,False,False,,below_bounded_prescreen
diff__norm__schedule__opponent_strength_mean__z,within_season_normalization,0.0,1315,1315,0.38379827932110633,0.4002022231197472,1.0,1.0,0.08761694785038993,0.5330280106341063,False,False,False,,below_bounded_prescreen
diff__norm__conference__strength_mean__pct,within_season_normalization,0.0,1315,991,0.39122704547846104,0.39599458083477224,1.0,1.0,0.07986602062462195,0.5329527079809672,False,False,False,,below_bounded_prescreen
diff__detailed__poss0p44__net_rtg_mean,detailed_efficiency,0.0,1315,1315,0.40062682142933265,0.3941502738637489,1.0,1.0,0.10987991603960195,0.5329348355274686,False,False,False,,below_bounded_prescreen
diff__detailed__clean__netrtg_mean,detailed_efficiency,0.0,1315,1315,0.4005589045329482,0.39393928704938275,1.0,1.0,0.10922809454980792,0.53284469299896,False,False,False,,below_bounded_prescreen
diff__detailed__clean__netrtg_trim02,detailed_efficiency,0.0,1315,1315,0.4005589045329482,0.39393928704938275,1.0,1.0,0.10922809454980792,0.53284469299896,False,False,False,,below_bounded_prescreen
diff__detailed__clean__net_rtg_ros,detailed_efficiency,0.0,1315,1315,0.40316208448450036,0.39186363350162623,1.0,1.0,0.10561192978825157,0.5325657254758406,False,False,False,,below_bounded_prescreen
diff__norm__detailed__clean__net_rtg_ros__z,within_season_normalization,0.0,1315,1315,0.4024400772507005,0.3918636362093623,1.0,1.0,0.10561193236701039,0.5324068850809676,False,False,False,,below_bounded_prescreen
diff__schedule__opponent_strength_pct_mean,schedule_and_accomplishment,0.0,1315,1315,0.38829003034009074,0.3931865891303277,1.0,1.0,0.08002639404616724,0.5309523136955305,False,False,False,,below_bounded_prescreen
diff__conference__strength_mean,conference_context,0.0,1315,1125,0.3813875908307167,0.3967779281417057,1.0,1.0,0.09069326332776617,0.5307309449576658,False,False,False,,below_bounded_prescreen
diff__norm__conference__strength_mean__z,within_season_normalization,0.0,1315,1125,0.38095801212589137,0.39677792546421214,1.0,1.0,0.09069325915550613,0.5306364365242977,False,False,False,,below_bounded_prescreen
diff__compact__pythag_exp13p91,compact_performance,0.0,1315,1315,0.3816217393251481,0.39700441416433574,1.0,1.0,0.10335700883017412,0.5303846210972067,False,True,False,,correlation_pruned_or_cap
diff__rating__elo_mov_log_preseason,dynamic_ratings,0.0,1315,1315,0.3927988260213562,0.39011977282145993,1.0,1.0,0.09135934268501006,0.5300188589715987,False,False,False,,below_bounded_prescreen
diff__compact__upside_tail_mean,compact_performance,0.0,1315,1293,0.3983073801273672,0.3904940859033672,1.0,1.0,0.12957154947899757,0.5298819228824772,False,True,True,52.0,selected
diff__rating__elo_mov_538_preseason,dynamic_ratings,0.0,1315,1315,0.3915865620799041,0.3902251177203355,1.0,1.0,0.09325577396130869,0.5297268692048875,False,False,False,,below_bounded_prescreen
diff__rating__elo_season_reset_mov_percentile,dynamic_ratings,0.0,1315,845,0.3723879075458098,0.40177850740615034,1.0,1.0,0.1578777179763471,0.5284639144959765,False,False,False,,below_bounded_prescreen
diff__massey__system_wil,massey_consensus,0.14600760456273765,1123,768,0.40248862524410756,0.4069929654924502,1.0,1.0,0.10993294446430962,0.5278261948464884,False,False,False,,below_bounded_prescreen
diff__massey__system_mas,massey_consensus,0.19467680608365018,1059,720,0.38289557419202913,0.42362740552972533,1.0,1.0,0.10640615373070056,0.5277477903405945,False,False,False,,below_bounded_prescreen
diff__schedule__top_quartile_games,schedule_and_accomplishment,0.0,1315,45,0.3779903070266022,0.3888940961861549,1.0,1.0,0.07436188248910874,0.5268525584156425,False,False,False,,below_bounded_prescreen
diff__norm__compact__margin_mean__pct,within_season_normalization,0.0,1315,977,0.3669386290147606,0.38699090745295733,1.0,1.0,0.09620967635696875,0.5226337469063881,False,False,False,,below_bounded_prescreen
diff__norm__compact__margin_trim02__pct,within_season_normalization,0.0,1315,977,0.3669386290147606,0.38699090745295733,1.0,1.0,0.09620967635696875,0.5226337469063881,False,False,False,,below_bounded_prescreen
diff__schedule__elite_wins,schedule_and_accomplishment,0.0,1315,22,0.3697287895125502,0.3838803530004586,1.0,1.0,0.0817348346880788,0.522333509745458,False,False,False,,below_bounded_prescreen
diff__compact__home_margin_mean,compact_performance,0.0,1315,1264,0.3826768831583291,0.38524703280969064,1.0,1.0,0.1705688046040446,0.5222847378593221,False,True,True,53.0,selected
matchup__team1_is_seed_favorite,matchup_context,0.0,1315,2,0.40031400163932324,0.3737276489625556,1.0,1.0,0.13498628347784758,0.5220589005235639,False,True,True,23.0,selected
diff__norm__detailed__all__net_rtg_ros__pct,within_season_normalization,0.0,1315,916,0.36858561292831377,0.38451472896433014,1.0,1.0,0.105250123292559,0.5214458998154051,False,False,False,,below_bounded_prescreen
diff__seed__top8,selection_committee_prior,0.0,1315,3,0.38025932936812,0.3772599378123754,1.0,1.0,0.09721583637158937,0.520853189156063,False,False,False,,below_bounded_prescreen
diff__compact__half_winpct_first,compact_performance,0.0,1315,457,0.3742882722144448,0.37686901002803136,1.0,1.0,0.08053966705437365,0.5200189580184579,False,True,True,54.0,selected
diff__norm__detailed__clean__net_rtg_ros__pct,within_season_normalization,0.0,1315,909,0.3673280627361612,0.37974898490778763,1.0,1.0,0.1045499335446275,0.5189096892159084,False,False,False,,below_bounded_prescreen
diff__compact__blowout_win20_rate,compact_performance,0.0,1315,967,0.38232954735901803,0.37123917065572315,1.0,1.0,0.13204171891769095,0.5170256335770234,False,True,True,55.0,selected
diff__compact__wins,compact_performance,0.0,1315,33,0.37225853529244,0.37118017269198256,1.0,1.0,0.09089628078844164,0.5164275094249507,False,True,True,56.0,selected
diff__detailed__home__net_rtg_mean,detailed_efficiency,0.0,1315,1315,0.37907831816972115,0.372916934539804,1.0,1.0,0.180431633778028,0.5151800932253234,False,False,False,,below_bounded_prescreen
diff__prior__program_tournament_games,prior_program_history,0.0,1315,205,0.36370904969848356,0.37547786800745997,1.0,1.0,0.15699150689338992,0.5139657073015116,False,False,False,,below_bounded_prescreen
diff__prior__program_tournament_wins,prior_program_history,0.0,1315,169,0.35830579548727953,0.37232254277389765,1.0,1.0,0.14538596656648067,0.5117266568760132,False,False,False,,below_bounded_prescreen
diff__schedule__opponent_strength_median,schedule_and_accomplishment,0.0,1315,1307,0.3642253261473951,0.363058632027767,1.0,1.0,0.08186155865051498,0.5111232527797345,False,False,False,,below_bounded_prescreen
diff__compact__margin_q75,compact_performance,0.0,1315,154,0.3746419843811832,0.3647479850915186,1.0,1.0,0.16859051402677405,0.5107566488467183,False,True,True,57.0,selected
diff__prior__program_appearances,prior_program_history,0.0,1315,63,0.35294361981468675,0.3727518107061436,1.0,1.0,0.17805500224745274,0.509446265408282,False,False,False,,below_bounded_prescreen
diff__detailed__clean__fourfactoredge_mean,detailed_efficiency,0.0,1315,1315,0.3540809855994552,0.36712500831216677,1.0,1.0,0.1256860419629649,0.5090903791432015,False,False,False,,below_bounded_prescreen
diff__detailed__all__fourfactoredge_mean,detailed_efficiency,0.0,1315,1315,0.3545095307586083,0.36643428620280805,1.0,1.0,0.12636578837013696,0.5088259226094362,False,False,False,,below_bounded_prescreen
diff__adj__off_rtg_a50p0,opponent_adjusted_efficiency,0.0,1315,1315,0.3435514353091525,0.3694058586108294,1.0,1.0,0.13395531585750392,0.5075379152669115,False,True,True,41.0,selected
diff__schedule__owp,schedule_and_accomplishment,0.0,1315,1315,0.3544101060226984,0.3596073575772051,1.0,1.0,0.08553168589823612,0.5071604875261226,False,False,False,,below_bounded_prescreen
diff__conference__strength_median,conference_context,0.0,1315,1125,0.35080570151374746,0.36041577400958236,1.0,1.0,0.11285135398218288,0.5056627716983366,False,False,False,,below_bounded_prescreen
diff__rating__elo_standard_preseason,dynamic_ratings,0.0,1315,1315,0.36830718877125795,0.3505015786335921,1.0,1.0,0.1000899234619333,0.5052647423353236,False,False,False,,below_bounded_prescreen
diff__compact__margin_q90,compact_performance,0.0,1315,387,0.3683735916213041,0.35553787656339836,1.0,1.0,0.17581504494325845,0.5046677691093877,False,True,True,58.0,selected
diff__adj__def_rtg_a10p0,opponent_adjusted_efficiency,0.0,1315,1315,-0.34504951422611835,0.36279650266022895,1.0,1.0,0.16423844506470142,0.5034836766040679,False,True,True,42.0,selected
matchup__team2_seed,matchup_context,0.0,1315,16,0.3461549460522982,0.3528728365207683,1.0,1.0,0.1698749899684195,0.4987380500627376,False,True,True,24.0,selected
diff__compact__downside_tail_mean,compact_performance,0.0,1315,1237,-0.32822624089609237,0.35147850678043624,1.0,1.0,0.09532167570401978,0.4971065892235889,False,True,True,59.0,selected
diff__detailed__clean__off_rtg_ros,detailed_efficiency,0.0,1315,1315,0.328049428011276,0.3546208735580054,1.0,1.0,0.1511778437479383,0.49634177972040583,False,False,False,,below_bounded_prescreen
diff__detailed__all__off_rtg_ros,detailed_efficiency,0.0,1315,1315,0.3278612887704791,0.35439156909417946,1.0,1.0,0.14951328916309614,0.4962569051281877,False,False,False,,below_bounded_prescreen
diff__compact__blowout_win10_rate,compact_performance,0.0,1315,964,0.35372277181380546,0.3395971812099793,1.0,1.0,0.13649845255657422,0.4953657186775643,False,True,True,60.0,selected
diff__compact__margin_q25,compact_performance,0.0,1315,145,0.3408257480693086,0.34072236233077385,1.0,1.0,0.11199701969698017,0.4940485177061401,False,True,False,,correlation_pruned_or_cap
diff__detailed__clean__offrtg_mean,detailed_efficiency,0.0,1315,1315,0.3251259538239198,0.3471678246285832,1.0,1.0,0.1524247673916343,0.49207127496731695,False,False,False,,below_bounded_prescreen
diff__detailed__clean__offrtg_trim02,detailed_efficiency,0.0,1315,1315,0.3251259538239198,0.3471678246285832,1.0,1.0,0.1524247673916343,0.49207127496731695,False,False,False,,below_bounded_prescreen
diff__detailed__all__offrtg_mean,detailed_efficiency,0.0,1315,1315,0.3249131082692182,0.34689466948614156,1.0,1.0,0.1508279409830353,0.4919572075332545,False,False,False,,below_bounded_prescreen
diff__detailed__all__offrtg_trim02,detailed_efficiency,0.0,1315,1315,0.3249131082692182,0.34689466948614156,1.0,1.0,0.1508279409830353,0.4919572075332545,False,False,False,,below_bounded_prescreen
diff__detailed__poss0p475__off_rtg_mean,detailed_efficiency,0.0,1315,1315,0.3249131082692182,0.34689466948614156,1.0,1.0,0.1508279409830353,0.4919572075332545,False,False,False,,below_bounded_prescreen
diff__detailed__poss0p44__off_rtg_mean,detailed_efficiency,0.0,1315,1315,0.3238032310520414,0.3454616772610558,1.0,1.0,0.153732495707886,0.49090901608844045,False,False,False,,below_bounded_prescreen
diff__compact__margin_median,compact_performance,0.0,1315,76,0.3455175999002288,0.33267043837441107,1.0,1.0,0.204558224931637,0.48751335340050217,False,True,False,,correlation_pruned_or_cap
diff__coach__prior_tournament_games,prior_coach_history,0.0,1315,185,0.3170341366296438,0.338644199082094,1.0,1.0,0.13275436201608776,0.4869865511372832,False,False,False,,below_bounded_prescreen
diff__detailed__all__netrtg_median,detailed_efficiency,0.0,1315,1315,0.34681168159826037,0.32542361102149353,1.0,1.0,0.17218142234800665,0.4856146463480138,False,False,False,,below_bounded_prescreen
diff__detailed__clean__netrtg_median,detailed_efficiency,0.0,1315,1315,0.3468868638910007,0.3246628386887991,1.0,1.0,0.17045166045392401,0.4853352062084867,False,False,False,,below_bounded_prescreen
diff__compact__half_delta_marginmean,compact_performance,0.0,1315,1285,-0.31169046627217234,0.3347371225948836,1.0,1.0,0.11902081099832149,0.48448488898548914,False,True,False,,correlation_pruned_or_cap
diff__coach__prior_tournament_wins,prior_coach_history,0.0,1315,152,0.3060914639185078,0.3367809263750709,1.0,1.0,0.1398541004410758,0.48340080270446273,False,False,False,,below_bounded_prescreen
diff__compact__away_games,compact_performance,0.0,1315,22,-0.32193688734686043,0.3269191233319324,1.0,1.0,0.12003395389249305,0.4829459362599371,False,True,False,,correlation_pruned_or_cap
diff__detailed__away__games,detailed_efficiency,0.0,1315,22,-0.32193688734686043,0.3269191233319324,1.0,1.0,0.12003395389249305,0.4829459362599371,False,False,False,,below_bounded_prescreen
diff__compact__margin_slope,compact_performance,0.0,1315,1314,-0.31785970992084106,0.3273686257241808,1.0,1.0,0.11645651438352478,0.4824078159548509,False,True,False,,correlation_pruned_or_cap
diff__coach__prior_tournament_appearances,prior_coach_history,0.0,1315,63,0.319177333329902,0.32747145007252587,1.0,1.0,0.12740876600371676,0.4823089587272421,False,False,False,,below_bounded_prescreen
diff__compact__margin_q10,compact_performance,0.0,1315,340,0.3091973921040019,0.3287149531398275,1.0,1.0,0.09869450200861835,0.4818588236896529,False,True,False,,correlation_pruned_or_cap
diff__schedule__top_decile_games,schedule_and_accomplishment,0.0,1315,29,0.31486768380452745,0.32377582633596447,1.0,1.0,0.13705474924593392,0.47920109710842157,False,False,False,,below_bounded_prescreen
diff__detailed__ewm_h20__netrtg,detailed_efficiency,0.0,1315,1315,0.31748751907179357,0.3229901814623375,1.0,1.0,0.15864507018326834,0.47853673849038586,False,False,False,,below_bounded_prescreen
diff__coach__prior_tournament_win_pct_smoothed,prior_coach_history,0.0,1315,728,0.2907943091970217,0.33104522402106673,1.0,1.0,0.12115557949380179,0.47803023237370473,False,False,False,,below_bounded_prescreen
diff__norm__compact__win_pct__z,within_season_normalization,0.0,1315,1219,0.32814978201279,0.3103812504739669,1.0,1.0,0.1229174044937178,0.4762592560905691,False,False,False,,below_bounded_prescreen
diff__norm__compact__win_pct__pct,within_season_normalization,0.0,1315,1012,0.30445441957674463,0.3211241170933744,1.0,1.0,0.12323353184933208,0.4761902072377303,False,False,False,,below_bounded_prescreen
diff__compact__win_pct,compact_performance,0.0,1315,956,0.3277640160361338,0.31038124948497714,1.0,1.0,0.12291740643242588,0.47617438702344145,False,True,False,,correlation_pruned_or_cap
diff__schedule__wp,schedule_and_accomplishment,0.0,1315,956,0.3277640160361338,0.31038124948497714,1.0,1.0,0.12291740643242588,0.47617438702344145,False,False,False,,below_bounded_prescreen
diff__compact__ewm_h20_margin,compact_performance,0.0,1315,1315,0.31332026120277345,0.3152424733571699,1.0,1.0,0.14487102785189554,0.4744520035619759,False,True,False,,correlation_pruned_or_cap
diff__prior__program_final_appearances,prior_program_history,0.0,1315,19,0.2912334291967268,0.3209681663345588,1.0,1.0,0.14697778574607623,0.472256962834025,False,False,False,,below_bounded_prescreen
diff__compact__ewm_h10_margin,compact_performance,0.0,1315,1315,0.3128146311308867,0.3123042356624558,1.0,1.0,0.16416799114975328,0.4721585323207837,False,True,False,,correlation_pruned_or_cap
diff__detailed__ewm_h20__offrtg,detailed_efficiency,0.0,1315,1315,0.2929228319493323,0.3198433180637831,1.0,1.0,0.1744674994563884,0.4709891157212135,False,False,False,,below_bounded_prescreen
diff__detailed__ewm_h10__offrtg,detailed_efficiency,0.0,1315,1315,0.27240308257398804,0.32645613844255095,1.0,1.0,0.20446395435005177,0.4684490664446997,False,False,False,,below_bounded_prescreen
diff__massey__strength_std,massey_consensus,0.0,1315,1315,-0.2981341939621035,0.3075509295989829,1.0,1.0,0.14135860688180116,0.4675596246039025,False,False,False,,below_bounded_prescreen
diff__detailed__ewm_h10__netrtg,detailed_efficiency,0.0,1315,1315,0.30858579895465377,0.3022182965273039,1.0,1.0,0.15792500684060112,0.4666366578295057,False,False,False,,below_bounded_prescreen
diff__prior__program_championships,prior_program_history,0.0,1315,11,0.29157952734000453,0.30811624284020656,1.0,1.0,0.1422863826029704,0.4663518372739814,False,False,False,,below_bounded_prescreen
diff__compact__half_pointsformean_first,compact_performance,0.0,1315,1171,0.29574076186339965,0.2963866841726913,1.0,1.0,0.11182911478987273,0.4628554114212448,False,True,False,,correlation_pruned_or_cap
diff__detailed__all__fourfactoredge_median,detailed_efficiency,0.0,1315,1315,0.3001627049931178,0.29278728479124305,1.0,1.0,0.11757339315951013,0.46187075607190214,False,False,False,,below_bounded_prescreen
diff__schedule__bad_losses,schedule_and_accomplishment,0.0,1315,15,-0.2661121741822625,0.311520798223229,1.0,1.0,0.1587730651802318,0.46172373886003837,False,False,False,,below_bounded_prescreen
diff__detailed__clean__fourfactoredge_median,detailed_efficiency,0.0,1315,1315,0.3004522641121099,0.29183076879554487,1.0,1.0,0.11743399670628463,0.4614809072582743,False,False,False,,below_bounded_prescreen
diff__detailed__ewm_h20__fourfactoredge,detailed_efficiency,0.0,1315,1315,0.29234819770930887,0.2989876624893889,1.0,1.0,0.170002517814748,0.46103058077836473,False,False,False,,below_bounded_prescreen
diff__compact__ewm_h20_win,compact_performance,0.0,1315,1315,0.28892579826129783,0.2988486570963492,1.0,1.0,0.16550610386202083,0.4603907868692523,False,True,False,,correlation_pruned_or_cap
diff__compact__losses,compact_performance,0.0,1315,32,-0.30440261163277915,0.2834203692459911,1.0,1.0,0.13855600211406321,0.45746811171272456,False,True,False,,correlation_pruned_or_cap
diff__adj__def_rtg_a50p0,opponent_adjusted_efficiency,0.0,1315,1315,-0.2740724024309761,0.2974806960059597,1.0,1.0,0.1734293830914188,0.45614948729401866,False,True,True,43.0,selected
diff__detailed__all__offrtg_median,detailed_efficiency,0.0,1315,1315,0.285972972694432,0.2897632448888726,1.0,1.0,0.15732226198492133,0.455707521060037,False,False,False,,below_bounded_prescreen
diff__detailed__clean__offrtg_median,detailed_efficiency,0.0,1315,1315,0.2865229515995991,0.28790416030209326,1.0,1.0,0.15751550059488872,0.45492842627312097,False,False,False,,below_bounded_prescreen
diff__detailed__home__off_rtg_mean,detailed_efficiency,0.0,1315,1315,0.2811038676053987,0.2880663086350333,1.0,1.0,0.15433420786971241,0.45394131070321514,False,False,False,,below_bounded_prescreen
diff__detailed__all__fourfactorcomposite_mean,detailed_efficiency,0.0,1315,1315,0.2893088393115527,0.2839055627972204,1.0,1.0,0.16055694717865676,0.45350033690406105,False,False,False,,below_bounded_prescreen
diff__detailed__clean__fourfactorcomposite_mean,detailed_efficiency,0.0,1315,1315,0.2894439814954613,0.2839251879212513,1.0,1.0,0.16312029098986347,0.45343695449160754,False,False,False,,below_bounded_prescreen
diff__compact__home_games,compact_performance,0.0,1315,19,0.289323410062286,0.27842485097988473,1.0,1.0,0.1018002836506687,0.45322306733802087,False,True,False,,correlation_pruned_or_cap
diff__detailed__home__games,detailed_efficiency,0.0,1315,19,0.289323410062286,0.27842485097988473,1.0,1.0,0.1018002836506687,0.45322306733802087,False,False,False,,below_bounded_prescreen
diff__detailed__clean__fourfactorcomposite_median,detailed_efficiency,0.0,1315,1315,0.26088242313155685,0.28399985034240627,1.0,1.0,0.15023619068331545,0.44770461362596486,False,False,False,,below_bounded_prescreen
diff__detailed__all__fourfactorcomposite_median,detailed_efficiency,0.0,1315,1315,0.26012035482113144,0.27986928935425587,1.0,1.0,0.1500161355711002,0.44556309152784773,False,False,False,,below_bounded_prescreen
diff__detailed__away__net_rtg_mean,detailed_efficiency,0.0,1315,1315,0.2684363963895892,0.25895848107170755,1.0,1.0,0.1414807347064839,0.43769684873186987,False,False,False,,below_bounded_prescreen
diff__compact__half_delta_pointsformean,compact_performance,0.0,1315,1269,-0.25022891487873655,0.2605074818167651,1.0,1.0,0.07204871433082821,0.43721200397213617,False,False,False,,below_bounded_prescreen
diff__detailed__away__off_rtg_mean,detailed_efficiency,0.0,1315,1315,0.2511678721061926,0.2644160028673511,1.0,1.0,0.12548526388714587,0.4371572026842051,False,False,False,,below_bounded_prescreen
diff__compact__away_margin_mean,compact_performance,0.0,1315,1196,0.2689445909918663,0.2541438440148155,1.0,1.0,0.12500310964513572,0.43615673075951655,False,False,False,,below_bounded_prescreen
diff__detailed__ewm_h10__fourfactoredge,detailed_efficiency,0.0,1315,1315,0.2677824667539639,0.2548509577805679,1.0,1.0,0.1446352430846316,0.4354551926971594,False,False,False,,below_bounded_prescreen
diff__detailed__clean__def_rtg_ros,detailed_efficiency,0.0,1315,1315,-0.24236167652335874,0.26417570403028934,1.0,1.0,0.14642212472304958,0.4342670217807558,False,False,False,,below_bounded_prescreen
diff__detailed__all__def_rtg_ros,detailed_efficiency,0.0,1315,1315,-0.2427154444245106,0.26235154668913674,1.0,1.0,0.14800040920304466,0.43340612381605614,False,False,False,,below_bounded_prescreen
diff__compact__win_slope,compact_performance,0.0,1315,1263,-0.2451317744494737,0.2557068598956349,1.0,1.0,0.08793809128632071,0.4331507594773361,False,False,False,,below_bounded_prescreen
diff__detailed__poss0p44__def_rtg_mean,detailed_efficiency,0.0,1315,1315,-0.2412169706866548,0.26264205135146834,1.0,1.0,0.15469304971193987,0.4329481962112912,False,False,False,,below_bounded_prescreen
diff__detailed__clean__defrtg_mean,detailed_efficiency,0.0,1315,1315,-0.23853521718390527,0.2635741490181343,1.0,1.0,0.1528171363422613,0.4328806538554732,False,False,False,,below_bounded_prescreen
diff__detailed__clean__defrtg_trim02,detailed_efficiency,0.0,1315,1315,-0.23853521718390527,0.2635741490181343,1.0,1.0,0.1528171363422613,0.4328806538554732,False,False,False,,below_bounded_prescreen
diff__detailed__all__defrtg_mean,detailed_efficiency,0.0,1315,1315,-0.23889452053920462,0.26192549477170163,1.0,1.0,0.15465067649945968,0.4320950049490634,False,False,False,,below_bounded_prescreen
diff__detailed__all__defrtg_trim02,detailed_efficiency,0.0,1315,1315,-0.23889452053920462,0.26192549477170163,1.0,1.0,0.15465067649945968,0.4320950049490634,False,False,False,,below_bounded_prescreen
diff__detailed__poss0p475__def_rtg_mean,detailed_efficiency,0.0,1315,1315,-0.23889452053920462,0.26192549477170163,1.0,1.0,0.15465067649945968,0.4320950049490634,False,False,False,,below_bounded_prescreen
diff__compact__blowout_loss10_rate,compact_performance,0.0,1315,748,-0.2820689206660627,0.27202085464876635,0.9,1.0,0.14261556900001254,0.43092055001794116,False,False,False,,below_bounded_prescreen
diff__detailed__clean__oppfourfactorcomposite_mean,detailed_efficiency,0.0,1315,1315,-0.25279401965257314,0.24086419563990463,1.0,1.0,0.10887978545501245,0.4268743068125198,False,False,False,,below_bounded_prescreen
diff__detailed__all__oppfourfactorcomposite_mean,detailed_efficiency,0.0,1315,1315,-0.2535737922378107,0.23876017720827458,1.0,1.0,0.10901410628813485,0.42603055510076476,False,False,False,,below_bounded_prescreen
diff__detailed__clean__assistturnoverratio_mean,detailed_efficiency,0.0,1315,1315,0.23730563300214633,0.2507963254406173,1.0,1.0,0.16634869270417352,0.4259355277638015,False,False,False,,below_bounded_prescreen
diff__detailed__all__assistturnoverratio_mean,detailed_efficiency,0.0,1315,1315,0.23718948018563402,0.25051093799714863,1.0,1.0,0.16756742832983323,0.42572423874627746,False,False,False,,below_bounded_prescreen
diff__detailed__clean__assist_to_turnover_ros,detailed_efficiency,0.0,1315,1315,0.2433177960599004,0.24430774947790845,1.0,1.0,0.1554557617884761,0.42457940441103514,False,False,False,,below_bounded_prescreen
diff__compact__away_win_pct,compact_performance,0.0,1315,594,0.24425555417228825,0.24598733808419423,1.0,1.0,0.18406408328319193,0.42444758086698897,False,False,False,,below_bounded_prescreen
diff__detailed__all__assist_to_turnover_ros,detailed_efficiency,0.0,1315,1315,0.2432989604113136,0.243823176445379,1.0,1.0,0.15553656674182853,0.4243394333145978,False,False,False,,below_bounded_prescreen
diff__compact__home_win_pct,compact_performance,0.0,1315,541,0.23567357458983074,0.24274936733343783,1.0,1.0,0.10466062464969988,0.424181457743825,False,False,False,,below_bounded_prescreen
diff__compact__blowout_loss20_rate,compact_performance,0.0,1315,216,-0.22588648177556198,0.26447567344517,0.9,1.0,0.10262555163705495,0.41653832717882305,False,False,False,,below_bounded_prescreen
diff__detailed__clean__games,detailed_efficiency,0.0,1315,20,0.2401835107255744,0.25281789448284026,0.9,1.0,0.12193695968530771,0.41331548332397744,False,False,False,,below_bounded_prescreen
diff__compact__ewm_h10_win,compact_performance,0.0,1315,1315,0.2337967872815533,0.22205672017142514,1.0,1.0,0.15295651974172858,0.41190425809455666,False,False,False,,below_bounded_prescreen
diff__compact__ewm_h20_points_for,compact_performance,0.0,1315,1315,0.22960348155068125,0.25412976548945854,0.9,1.0,0.1498681773105322,0.41050032628366867,False,False,False,,below_bounded_prescreen
diff__coach__prior_final_appearances,prior_coach_history,0.0,1315,19,0.22739063285011676,0.2513844397993085,0.9,1.0,0.1496446701502434,0.4087046835246841,False,False,False,,below_bounded_prescreen
diff__detailed__all__assistturnoverratio_median,detailed_efficiency,0.0,1315,1130,0.2214532498518027,0.2222120417350111,1.0,1.0,0.17753757074070645,0.4082799921705737,False,False,False,,below_bounded_prescreen
diff__detailed__clean__assistturnoverratio_median,detailed_efficiency,0.0,1315,1136,0.2217074583248296,0.2208358906747026,1.0,1.0,0.17677712237239115,0.40770578346042413,False,False,False,,below_bounded_prescreen
diff__detailed__all__defrtg_median,detailed_efficiency,0.0,1315,1315,-0.20557407926046126,0.22718857339878118,1.0,1.0,0.17686686518518754,0.4072021380613089,False,False,False,,below_bounded_prescreen
diff__detailed__clean__defrtg_median,detailed_efficiency,0.0,1315,1315,-0.204096398832541,0.22523072974550462,1.0,1.0,0.16706982744275567,0.40632916492329096,False,False,False,,below_bounded_prescreen
diff__massey__rank_improvement_mean,massey_consensus,0.0,1315,1311,-0.2085294296035838,0.21301915777588154,1.0,1.0,0.08441053857644823,0.40474924870215356,False,False,False,,below_bounded_prescreen
diff__detailed__home__def_rtg_mean,detailed_efficiency,0.0,1315,1315,-0.23337346115955987,0.23926433404567576,0.9,1.0,0.15571630803698178,0.40396038947554824,False,False,False,,below_bounded_prescreen
diff__detailed__all__oppfourfactorcomposite_median,detailed_efficiency,0.0,1315,1315,-0.21668541791139978,0.23810005941641812,0.9,1.0,0.11734214557752642,0.40126513463728763,False,False,False,,below_bounded_prescreen
diff__detailed__clean__oppfourfactorcomposite_median,detailed_efficiency,0.0,1315,1315,-0.21626249667575345,0.2378286257501564,0.9,1.0,0.1158908169048013,0.4010998569525488,False,False,False,,below_bounded_prescreen
diff__compact__half_delta_winpct,compact_performance,0.0,1315,819,-0.2166345412479356,0.19900387727295765,1.0,1.0,0.06310457762225444,0.4006572770606753,False,False,False,,below_bounded_prescreen
diff__detailed__all__tov_pct_ros,detailed_efficiency,0.0,1315,1315,-0.21531488474592303,0.2102499149284301,1.0,1.0,0.19199885472713502,0.40060927962066406,False,False,False,,below_bounded_prescreen
diff__detailed__clean__tov_pct_ros,detailed_efficiency,0.0,1315,1315,-0.21568826387372983,0.20969332783842556,1.0,1.0,0.19603284781416142,0.4002629015020983,False,False,False,,below_bounded_prescreen
diff__detailed__all__fg_pct_ros,detailed_efficiency,0.0,1315,1315,0.20444690452421257,0.2090532555589848,1.0,1.0,0.13154657407475945,0.40006201870064906,False,False,False,,below_bounded_prescreen
diff__detailed__clean__fg_pct_ros,detailed_efficiency,0.0,1315,1315,0.20418297888510387,0.20915235261791426,1.0,1.0,0.13241553436683648,0.40001676323664825,False,False,False,,below_bounded_prescreen
diff__massey__rank_improvement_median,massey_consensus,0.0,1315,162,-0.1970238048360718,0.2060070825643992,1.0,1.0,0.08514887694376883,0.39882268161709666,False,False,False,,below_bounded_prescreen
diff__detailed__clean__tovpct_mean,detailed_efficiency,0.0,1315,1315,-0.21220800199476703,0.2055114428258834,1.0,1.0,0.20149897270222913,0.39727129408718354,False,False,False,,below_bounded_prescreen
diff__detailed__clean__tovpct_trim02,detailed_efficiency,0.0,1315,1315,-0.21220800199476703,0.2055114428258834,1.0,1.0,0.20149897270222913,0.39727129408718354,False,False,False,,below_bounded_prescreen
diff__detailed__all__tovpct_mean,detailed_efficiency,0.0,1315,1315,-0.2119110189916121,0.20517776550350209,1.0,1.0,0.19904629866202359,0.39714389967335467,False,False,False,,below_bounded_prescreen
diff__detailed__all__tovpct_trim02,detailed_efficiency,0.0,1315,1315,-0.2119110189916121,0.20517776550350209,1.0,1.0,0.19904629866202359,0.39714389967335467,False,False,False,,below_bounded_prescreen
diff__compact__points_for_mean,compact_performance,0.0,1315,1302,0.2288996709521653,0.22353158463204875,0.9,1.0,0.14789292563234635,0.39573737120756586,False,False,False,,below_bounded_prescreen
diff__detailed__all__opptrueshootingpct_median,detailed_efficiency,0.0,1315,1315,-0.21754305852143596,0.22695740224265076,0.9,1.0,0.15654935633840067,0.3945370516976523,False,False,False,,below_bounded_prescreen
diff__detailed__all__opptrueshootingpct_mean,detailed_efficiency,0.0,1315,1315,-0.23589797438376447,0.21875310403071585,0.9,1.0,0.18988893898780979,0.39330348673965937,False,False,False,,below_bounded_prescreen
diff__detailed__clean__opptrueshootingpct_mean,detailed_efficiency,0.0,1315,1315,-0.23555910150669632,0.21830020189681348,0.9,1.0,0.18703225951279384,0.39312580886143195,False,False,False,,below_bounded_prescreen
diff__detailed__clean__opptrueshootingpct_median,detailed_efficiency,0.0,1315,1315,-0.21676575618485447,0.22384969566336171,0.9,1.0,0.1572067468953961,0.3928480504032658,False,False,False,,below_bounded_prescreen
diff__detailed__clean__fgpct_mean,detailed_efficiency,0.0,1315,1315,0.1958295532175974,0.1954401512268506,1.0,1.0,0.13163288412332996,0.3916284589318266,False,False,False,,below_bounded_prescreen
diff__detailed__all__fgpct_mean,detailed_efficiency,0.0,1315,1315,0.19604958055102703,0.19529870017846918,1.0,1.0,0.13216876883661116,0.3915875330534267,False,False,False,,below_bounded_prescreen
diff__detailed__clean__orbpct_median,detailed_efficiency,0.0,1315,1265,0.19560711924597862,0.19727022424328577,1.0,1.0,0.161447031599514,0.3912653926069119,False,False,False,,below_bounded_prescreen
diff__detailed__all__orbpct_median,detailed_efficiency,0.0,1315,1267,0.1961153568702209,0.19664144411475754,1.0,1.0,0.15935993555421746,0.39115887426436347,False,False,False,,below_bounded_prescreen
diff__context__d1_tenure,availability_and_context,0.0,1315,37,0.18232775072447915,0.19760269242575895,1.0,1.0,0.09513717834632582,0.39115591038989667,False,False,False,,below_bounded_prescreen
diff__detailed__clean__tovpct_median,detailed_efficiency,0.0,1315,1315,-0.19548182533348693,0.19745697123113434,1.0,1.0,0.16766886264650044,0.3910785932584516,False,False,False,,below_bounded_prescreen
diff__detailed__all__tovpct_median,detailed_efficiency,0.0,1315,1315,-0.19505914999109492,0.1963939028909908,1.0,1.0,0.16587362888989932,0.3905471412301205,False,False,False,,below_bounded_prescreen
diff__detailed__all__reboundshare_median,detailed_efficiency,0.0,1315,1292,0.1959314515458255,0.19698582916576624,1.0,1.0,0.19662677356011113,0.38979304639724494,False,False,False,,below_bounded_prescreen
diff__coach__has_prior_tournament_history,prior_coach_history,0.0,1315,3,0.20000050174446898,0.22268990222081286,0.9,1.0,0.1338192486231169,0.38953849350484865,False,False,False,,below_bounded_prescreen
diff__detailed__all__orb_pct_ros,detailed_efficiency,0.0,1315,1315,0.2082947665500995,0.21937258576147972,0.9,1.0,0.14662435626187661,0.38925871555605707,False,False,False,,below_bounded_prescreen
diff__detailed__clean__reboundshare_median,detailed_efficiency,0.0,1315,1289,0.1954912927009768,0.19605034779034441,1.0,1.0,0.1972733216067684,0.38922131846930946,False,False,False,,below_bounded_prescreen
diff__detailed__clean__orb_pct_ros,detailed_efficiency,0.0,1315,1315,0.20852208423951216,0.21904642381481854,0.9,1.0,0.14778821555309282,0.3891056133416818,False,False,False,,below_bounded_prescreen
diff__compact__games,compact_performance,0.0,1315,20,0.23320676286811257,0.24038681588829292,0.8,1.0,0.14061039194673638,0.38906674377949585,False,False,False,,below_bounded_prescreen
diff__detailed__all__games,detailed_efficiency,0.0,1315,20,0.23320676286811257,0.24038681588829292,0.8,1.0,0.14061039194673638,0.38906674377949585,False,False,False,,below_bounded_prescreen
diff__quality__CompactGames,detailed_efficiency,0.0,1315,20,0.23320676286811257,0.24038681588829292,0.8,1.0,0.14061039194673638,0.38906674377949585,False,False,False,,below_bounded_prescreen
diff__quality__DetailedGames,detailed_efficiency,0.0,1315,20,0.23320676286811257,0.24038681588829292,0.8,1.0,0.14061039194673638,0.38906674377949585,False,False,False,,below_bounded_prescreen
diff__compact__rest_days_std,compact_performance,0.0,1315,1313,-0.2069094989334424,0.18141859757941303,1.0,1.0,0.14827260117852076,0.38667011255633477,False,False,False,,below_bounded_prescreen
diff__detailed__ewm_h20__efg,detailed_efficiency,0.0,1315,1315,0.18512400907980797,0.18974568911951223,1.0,1.0,0.13097165629984064,0.38656634652293004,False,False,False,,below_bounded_prescreen
diff__detailed__all__orbpct_mean,detailed_efficiency,0.0,1315,1315,0.202514750321353,0.21599628825519052,0.9,1.0,0.15339884537700144,0.3860955096181091,False,False,False,,below_bounded_prescreen
diff__detailed__all__orbpct_trim02,detailed_efficiency,0.0,1315,1315,0.202514750321353,0.21599628825519052,0.9,1.0,0.15339884537700144,0.3860955096181091,False,False,False,,below_bounded_prescreen
diff__detailed__clean__orbpct_mean,detailed_efficiency,0.0,1315,1315,0.20267433652286734,0.21555803441047647,0.9,1.0,0.1584990973286729,0.38571624665891263,False,False,False,,below_bounded_prescreen
diff__detailed__clean__orbpct_trim02,detailed_efficiency,0.0,1315,1315,0.20267433652286734,0.21555803441047647,0.9,1.0,0.1584990973286729,0.38571624665891263,False,False,False,,below_bounded_prescreen
diff__compact__half_pointsagainstmean_first,compact_performance,0.0,1315,1154,-0.22653933755177386,0.2005321282734387,0.9,1.0,0.1972728627380948,0.382203161323117,False,False,False,,below_bounded_prescreen
diff__detailed__ewm_h20__tovpct,detailed_efficiency,0.0,1315,1315,-0.20135002526929174,0.1759359417468147,1.0,1.0,0.18003564887063792,0.38154483164288966,False,False,False,,below_bounded_prescreen
diff__geography__neutral_games_with_city,geography_and_schedule_dispersion,0.0,1315,17,0.1898711099654658,0.1817318581870233,1.0,1.0,0.23156010332654814,0.3797405319891117,False,False,False,,below_bounded_prescreen
diff__detailed__ewm_h20__orbpct,detailed_efficiency,0.0,1315,1315,0.18365011063751663,0.20708244791755814,0.9,1.0,0.13074957491737163,0.37857261634398676,False,False,False,,below_bounded_prescreen
diff__detailed__all__blockpct_mean,detailed_efficiency,0.0,1315,1315,0.1961265962311333,0.17048658251987744,1.0,1.0,0.22547696786194102,0.37596233206591284,False,False,False,,below_bounded_prescreen
diff__detailed__clean__fgpct_median,detailed_efficiency,0.0,1315,1295,0.18656037614366752,0.16957953338997184,1.0,1.0,0.16636955689680122,0.37578667650292125,False,False,False,,below_bounded_prescreen
diff__detailed__clean__blockpct_mean,detailed_efficiency,0.0,1315,1315,0.19535515726689257,0.17086135885959697,1.0,1.0,0.234225094583748,0.375622583067973,False,False,False,,below_bounded_prescreen
diff__detailed__all__rebound_share_ros,detailed_efficiency,0.0,1315,1315,0.20806629586224218,0.1939317443156975,0.9,1.0,0.18682629317668922,0.37538877063416054,False,False,False,,below_bounded_prescreen
diff__detailed__all__fgpct_median,detailed_efficiency,0.0,1315,1297,0.18749211451325423,0.16811829402540368,1.0,1.0,0.16460258030249447,0.37536094311300994,False,False,False,,below_bounded_prescreen
diff__detailed__clean__rebound_share_ros,detailed_efficiency,0.0,1315,1315,0.20767170755617817,0.1930535469446656,0.9,1.0,0.1795405575231157,0.37517185589487406,False,False,False,,below_bounded_prescreen
diff__prior__program_years_since_appearance,prior_program_history,0.053231939163498096,1245,52,-0.17883548676561686,0.21030296784464242,0.9,1.0,0.13435877853563238,0.37465632537935895,False,False,False,,below_bounded_prescreen
diff__compact__pythag_residual_exp11p5,compact_performance,0.0,1315,1315,-0.16337632918591424,0.1730547624287347,1.0,1.0,0.12081805305366686,0.37417635626454704,False,False,False,,below_bounded_prescreen
diff__detailed__ewm_h10__tovpct,detailed_efficiency,0.0,1315,1315,-0.1882604754976813,0.1641821019923228,1.0,1.0,0.19771782397505042,0.37231600060680275,False,False,False,,below_bounded_prescreen
diff__coach__seasons_with_program_through_current,prior_coach_history,0.0,1315,65,0.1771487715318162,0.201268076179556,0.9,1.0,0.1842439122975817,0.37221164981128324,False,False,False,,below_bounded_prescreen
diff__compact__last20_margin_mean,compact_performance,0.0,1315,498,0.1820259065268871,0.16056982825977328,1.0,1.0,0.13028731206647498,0.37190772451794735,False,False,False,,below_bounded_prescreen
diff__detailed__all__reboundshare_mean,detailed_efficiency,0.0,1315,1315,0.20292620054693125,0.18997873722851905,0.9,1.0,0.20073648970601415,0.3718040984017735,False,False,False,,below_bounded_prescreen
diff__compact__pythag_residual_exp13p91,compact_performance,0.0,1315,1315,-0.16377839785373352,0.1699711407703005,1.0,1.0,0.14574132962206,0.37178774191268327,False,False,False,,below_bounded_prescreen
diff__detailed__clean__reboundshare_mean,detailed_efficiency,0.0,1315,1315,0.2024543263531772,0.18883395718448046,0.9,1.0,0.19341034904503981,0.3714438372844481,False,False,False,,below_bounded_prescreen
diff__compact__days_since_last_game,compact_performance,0.0,1315,17,-0.20357098889431738,0.18805522268791597,0.9,1.0,0.19713064500714467,0.3711668986466637,False,False,False,,below_bounded_prescreen
diff__compact__last_game_day,compact_performance,0.0,1315,17,0.20357098889431738,0.18805522268791597,0.9,1.0,0.19713064500714467,0.3711668986466637,False,False,False,,below_bounded_prescreen
diff__detailed__last20__off_rtg_mean,detailed_efficiency,0.0,1315,1315,0.18491995902922487,0.19455206685180676,0.9,1.0,0.18368598138651776,0.37071994381983603,False,False,False,,below_bounded_prescreen
diff__coach__prior_championships,prior_coach_history,0.0,1315,11,0.20632560647349457,0.21366059236165508,0.8,1.0,0.13626611632064098,0.37049807310493765,False,False,False,,below_bounded_prescreen
diff__detailed__all__oppefg_mean,detailed_efficiency,0.0,1315,1315,-0.21177916445715486,0.21413005067306864,0.8,1.0,0.19201524420188273,0.36969323073557164,False,False,False,,below_bounded_prescreen
diff__detailed__all__opp_efg_ros,detailed_efficiency,0.0,1315,1315,-0.2110755952724686,0.21221785304326893,0.8,1.0,0.17950593257901007,0.3691209631175517,False,False,False,,below_bounded_prescreen
diff__detailed__clean__oppefg_mean,detailed_efficiency,0.0,1315,1315,-0.21144937091053667,0.21314477935853504,0.8,1.0,0.196362589678986,0.36897385210525546,False,False,False,,below_bounded_prescreen
diff__detailed__clean__opp_efg_ros,detailed_efficiency,0.0,1315,1315,-0.21090970421735128,0.2112306512859514,0.8,1.0,0.18570822971610418,0.3683625183564298,False,False,False,,below_bounded_prescreen
diff__compact__last20_margin_median,compact_performance,0.0,1315,85,0.16253660327677633,0.16068789779229742,1.0,1.0,0.14214358601966934,0.3672025002204068,False,False,False,,below_bounded_prescreen
diff__detailed__ewm_h20__defrtg,detailed_efficiency,0.0,1315,1315,-0.18711469483040358,0.1785794491171911,0.9,1.0,0.09690322962775591,0.36700723925383033,False,False,False,,below_bounded_prescreen
diff__detailed__all__oppfg2pct_mean,detailed_efficiency,0.0,1315,1315,-0.1948820047190843,0.17940996643367077,0.9,1.0,0.15074338381217162,0.36696108957387363,False,False,False,,below_bounded_prescreen
diff__detailed__clean__oppfg2pct_mean,detailed_efficiency,0.0,1315,1315,-0.19425437278499788,0.1794359477952973,0.9,1.0,0.14810691883052385,0.36694094020122126,False,False,False,,below_bounded_prescreen
diff__compact__ewm_h10_points_for,compact_performance,0.0,1315,1315,0.18496239530033678,0.18478921392214318,0.9,1.0,0.16618193247922397,0.3667432723495338,False,False,False,,below_bounded_prescreen
diff__compact__neutral_games,compact_performance,0.03878326996197719,1264,17,0.18400410055818495,0.15880326949208412,1.0,1.0,0.17621179896909775,0.366555337923279,False,False,False,,below_bounded_prescreen
diff__detailed__neutral__games,detailed_efficiency,0.03878326996197719,1264,17,0.18400410055818495,0.15880326949208412,1.0,1.0,0.17621179896909775,0.366555337923279,False,False,False,,below_bounded_prescreen
diff__detailed__last20__net_rtg_mean,detailed_efficiency,0.0,1315,1315,0.18082502168265127,0.14719412827340522,1.0,1.0,0.13069622549265497,0.36520683732171155,False,False,False,,below_bounded_prescreen
diff__conference__tourney_last_day,conference_context,0.014448669201520912,1296,17,0.20039823382660202,0.1774437488690618,0.9,1.0,0.17795915440380602,0.3649863511867282,False,False,False,,below_bounded_prescreen
diff__detailed__all__oppftrate_median,detailed_efficiency,0.0,1315,1314,-0.14774165104830334,0.16195375871509188,1.0,1.0,0.1454101150890531,0.36442456281030866,False,False,False,,below_bounded_prescreen
diff__detailed__ewm_h10__orbpct,detailed_efficiency,0.0,1315,1315,0.17221820100817847,0.18389172210443885,0.9,1.0,0.15468258279414293,0.36396872752016424,False,False,False,,below_bounded_prescreen
diff__detailed__all__oppefg_median,detailed_efficiency,0.0,1315,1294,-0.19180183873961348,0.21124199687806294,0.8,1.0,0.19878101094983436,0.3636413225861918,False,False,False,,below_bounded_prescreen
diff__detailed__clean__oppefg_median,detailed_efficiency,0.0,1315,1293,-0.1908365137253328,0.211457163900248,0.8,1.0,0.20327839647646243,0.36335233583263377,False,False,False,,below_bounded_prescreen
diff__detailed__ewm_h5__offrtg,detailed_efficiency,0.0,1315,1315,0.16302852661431388,0.18871042612899971,0.9,1.0,0.19386176177308675,0.3626928099261455,False,False,False,,below_bounded_prescreen
diff__compact__half_delta_pointsagainstmean,compact_performance,0.0,1315,1262,0.18664524350955944,0.20539701670552057,0.8,1.0,0.1387245502861769,0.3621035395793058,False,False,False,,below_bounded_prescreen
diff__coach__years_since_tournament_appearance,prior_coach_history,0.28973384030418253,934,33,-0.16771833384821852,0.18989052880159674,1.0,1.0,0.08151219778889524,0.361606292135484,False,False,False,,below_bounded_prescreen
diff__detailed__clean__foul_rate_ros,detailed_efficiency,0.0,1315,1315,-0.17363931274220676,0.17360221535847264,0.9,1.0,0.09994076059797344,0.3615320817514334,False,False,False,,below_bounded_prescreen
diff__detailed__all__foul_rate_ros,detailed_efficiency,0.0,1315,1315,-0.17352328145012869,0.17184308508035456,0.9,1.0,0.09846545895693434,0.3607211843993211,False,False,False,,below_bounded_prescreen
diff__detailed__clean__foulrate_mean,detailed_efficiency,0.0,1315,1315,-0.17133872566011255,0.17147680163674633,0.9,1.0,0.09997740392814766,0.3600042882737371,False,False,False,,below_bounded_prescreen
diff__detailed__all__blockpct_median,detailed_efficiency,0.0,1315,1263,0.20064233428718797,0.17038326813945737,0.9,1.0,0.2503437032810565,0.3599115341188786,False,False,False,,below_bounded_prescreen
diff__detailed__clean__blockpct_median,detailed_efficiency,0.0,1315,1262,0.19966563834624695,0.1708224266770566,0.9,1.0,0.253453799806761,0.35978305324889115,False,False,False,,below_bounded_prescreen
diff__detailed__all__foulrate_mean,detailed_efficiency,0.0,1315,1315,-0.17125414336008585,0.16972815129488406,0.9,1.0,0.0983421390053992,0.3592117386005473,False,False,False,,below_bounded_prescreen
diff__detailed__last10__ft_rate_mean,detailed_efficiency,0.0,1315,1315,-0.1395886810603305,0.15235510894332832,1.0,1.0,0.15702100329163593,0.35755912199440487,False,False,False,,below_bounded_prescreen
diff__norm__detailed__all__efg_ros__pct,within_season_normalization,0.0,1315,1061,0.18072973403039674,0.13240984435190917,1.0,1.0,0.16384362213693895,0.35676352189012617,False,False,False,,below_bounded_prescreen
diff__detailed__all__efg_ros,detailed_efficiency,0.0,1315,1315,0.18041477907450854,0.129999585074058,1.0,1.0,0.16262305122607365,0.35558613018289675,False,False,False,,below_bounded_prescreen
diff__norm__detailed__all__efg_ros__z,within_season_normalization,0.0,1315,1315,0.1795334244296837,0.12999958310821916,1.0,1.0,0.16262305062978705,0.35539223124128416,False,False,False,,below_bounded_prescreen
diff__compact__home_margin_std,compact_performance,0.0,1315,1315,0.1856434311064117,0.18835584968161653,0.8,1.0,0.12052087020811136,0.354431527882262,False,False,False,,below_bounded_prescreen
diff__detailed__clean__efg_ros,detailed_efficiency,0.0,1315,1315,0.18025030593833383,0.12755200605585856,1.0,1.0,0.16421922403242992,0.35431126125194834,False,False,False,,below_bounded_prescreen
diff__geography__games_with_city,geography_and_schedule_dispersion,0.0,1315,20,0.19747721201715376,0.1803331104496213,0.8461538461538461,1.0,0.2859165989211131,0.353952831087363,False,False,False,,below_bounded_prescreen
diff__compact__close5_games,compact_performance,0.0,1315,26,-0.18622679926084398,0.19149535135527684,0.8,1.0,0.18748233904936745,0.35338837092594383,False,False,False,,below_bounded_prescreen
diff__compact__ewm_h5_margin,compact_performance,0.0,1315,1315,0.1551337035330358,0.1304042365132204,1.0,1.0,0.11768370240007085,0.35201610020761087,False,False,False,,below_bounded_prescreen
diff__detailed__all__oppfgpct_mean,detailed_efficiency,0.0,1315,1315,-0.20184356690475438,0.1777855370171172,0.8,1.0,0.1713775601928947,0.35088754007954637,False,False,False,,below_bounded_prescreen
diff__detailed__last20__four_factor_edge_mean,detailed_efficiency,0.0,1315,1315,0.14589315364921082,0.13203945961768634,1.0,1.0,0.11939061588204569,0.35069980978403403,False,False,False,,below_bounded_prescreen
diff__detailed__clean__oppfgpct_mean,detailed_efficiency,0.0,1315,1315,-0.20142108680026702,0.1777622714184401,0.8,1.0,0.17373278431043881,0.35068921800449243,False,False,False,,below_bounded_prescreen
diff__conference__team_count,conference_context,0.0,1315,17,0.18120687978511588,0.18053700817527596,0.8,1.0,0.09732441966806574,0.35063030069013534,False,False,False,,below_bounded_prescreen
interaction__rebounding_matchup_edge,matchup_interactions,0.0,1315,1315,0.19075261854650646,0.18058287447727356,0.8,1.0,0.1615018110460341,0.3501852833874814,False,False,False,,below_bounded_prescreen
diff__rating__elo_standard_delta,dynamic_ratings,0.0,1315,1315,0.1676677920188582,0.156474650740154,0.9,1.0,0.14944246614456835,0.35001704795364,False,False,False,,below_bounded_prescreen
diff__detailed__clean__oppftrate_median,detailed_efficiency,0.0,1315,1313,-0.14719252225483165,0.1613562118505495,0.9,1.0,0.1427325814865499,0.3481240333248647,False,False,False,,below_bounded_prescreen
diff__compact__pythag_residual_exp10p0,compact_performance,0.0,1315,1315,-0.14619127317570113,0.15916529354082629,0.9,1.0,0.12802598842442303,0.34744038146127393,False,False,False,,below_bounded_prescreen
diff__prior__program_has_tournament_history,prior_program_history,0.0,1315,3,0.15547913471152117,0.1476084483121199,0.9,1.0,0.0909089537683763,0.3454211066756172,False,False,False,,below_bounded_prescreen
diff__detailed__all__foulrate_median,detailed_efficiency,0.0,1315,1315,-0.14092593216509594,0.14983093744891735,0.9,1.0,0.07110998698487615,0.34407815557240645,False,False,False,,below_bounded_prescreen
diff__detailed__clean__foulrate_median,detailed_efficiency,0.0,1315,1315,-0.1411643084994346,0.14935198723019888,0.9,1.0,0.07542779749149155,0.34372798984071146,False,False,False,,below_bounded_prescreen
diff__detailed__clean__oppfg2pct_median,detailed_efficiency,0.0,1315,1251,-0.17196250998250473,0.17970068470426342,0.8,1.0,0.23016206690192248,0.34288159817812064,False,False,False,,below_bounded_prescreen
diff__detailed__all__oppftrate_mean,detailed_efficiency,0.0,1315,1315,-0.14426199096843975,0.15157917570658008,0.9,1.0,0.1768941140753783,0.3414198777892001,False,False,False,,below_bounded_prescreen
diff__detailed__clean__oppftrate_mean,detailed_efficiency,0.0,1315,1315,-0.14414131037137295,0.1512740742029241,0.9,1.0,0.1791313864288593,0.34115738844195126,False,False,False,,below_bounded_prescreen
diff__detailed__all__oppfg2pct_median,detailed_efficiency,0.0,1315,1253,-0.17074918290244373,0.1754104378789838,0.8,1.0,0.2316887065893356,0.34049428215687644,False,False,False,,below_bounded_prescreen
diff__detailed__all__opp_ft_rate_ros,detailed_efficiency,0.0,1315,1315,-0.1452318612816238,0.1485382808264845,0.9,1.0,0.1741673465907525,0.3402826904150397,False,False,False,,below_bounded_prescreen
interaction__free_throw_pressure_edge,matchup_interactions,0.0,1315,1315,-0.15503521356487387,0.1376603095269479,0.9,1.0,0.09997843173655323,0.3401855582877452,False,False,False,,below_bounded_prescreen
diff__detailed__clean__ftrate_std,detailed_efficiency,0.0,1315,1315,-0.1499492430681075,0.1812518100967082,0.8,1.0,0.19793407187618356,0.34007233944635623,False,False,False,,below_bounded_prescreen
diff__detailed__ewm_h5__netrtg,detailed_efficiency,0.0,1315,1315,0.1524306068452772,0.1395505956958596,0.9,1.0,0.12641229453361544,0.33946252765862905,False,False,False,,below_bounded_prescreen
diff__detailed__all__ftrate_std,detailed_efficiency,0.0,1315,1315,-0.1509661642454482,0.17991044197128747,0.8,1.0,0.20503567577121962,0.33936814124936776,False,False,False,,below_bounded_prescreen
diff__detailed__ewm_h5__ftrate,detailed_efficiency,0.0,1315,1315,-0.1366424477842224,0.14293370549818607,0.9,1.0,0.10226561748229673,0.3385788924523664,False,False,False,,below_bounded_prescreen
diff__compact__half_marginmean_second,compact_performance,0.0,1315,1161,0.1458594947127603,0.13597823018092922,0.9,1.0,0.12250995601527144,0.33645824108304245,False,False,False,,below_bounded_prescreen
diff__detailed__all__true_shooting_ros,detailed_efficiency,0.0,1315,1315,0.16622219629560359,0.13058725485680944,0.9,1.0,0.1933748864670859,0.3355157700576179,False,False,False,,below_bounded_prescreen
diff__detailed__all__efg_mean,detailed_efficiency,0.0,1315,1315,0.17064235733309716,0.12463476614063641,0.9,1.0,0.1610151925257045,0.3349253986597587,False,False,False,,below_bounded_prescreen
diff__detailed__all__efg_trim02,detailed_efficiency,0.0,1315,1315,0.17064235733309716,0.12463476614063641,0.9,1.0,0.1610151925257045,0.3349253986597587,False,False,False,,below_bounded_prescreen
diff__detailed__all__trueshootingpct_mean,detailed_efficiency,0.0,1315,1315,0.16292490476256938,0.1296451200507398,0.9,1.0,0.20371867021355178,0.3339243898635783,False,False,False,,below_bounded_prescreen
diff__detailed__clean__efg_mean,detailed_efficiency,0.0,1315,1315,0.17053968048696144,0.12176719235538697,0.9,1.0,0.16167921679813121,0.333499813365792,False,False,False,,below_bounded_prescreen
diff__detailed__clean__efg_trim02,detailed_efficiency,0.0,1315,1315,0.17053968048696144,0.12176719235538697,0.9,1.0,0.16167921679813121,0.333499813365792,False,False,False,,below_bounded_prescreen
diff__detailed__clean__true_shooting_ros,detailed_efficiency,0.0,1315,1315,0.1659706742941966,0.1259173713397272,0.9,1.0,0.19310363980172346,0.3332297409957234,False,False,False,,below_bounded_prescreen
diff__detailed__clean__trueshootingpct_mean,detailed_efficiency,0.0,1315,1315,0.16274041810578715,0.12557979206927206,0.9,1.0,0.20273458497553165,0.3319718087775025,False,False,False,,below_bounded_prescreen
diff__rating__elo_mov_538_delta,dynamic_ratings,0.0,1315,1315,0.1439648832280105,0.16119194735698383,0.8,1.0,0.13726673198576686,0.3315537397620839,False,False,False,,below_bounded_prescreen
diff__rating__elo_mov_log_delta,dynamic_ratings,0.0,1315,1315,0.14475251438513065,0.15936671220365978,0.8,1.0,0.13942983877443926,0.33076438147150783,False,False,False,,below_bounded_prescreen
diff__seed__playin,selection_committee_prior,0.0,1315,3,-0.11084721971441848,0.13205670510433248,0.9,1.0,0.0476927411926496,0.32986589713954567,False,False,False,,below_bounded_prescreen
diff__detailed__all__fg2pct_mean,detailed_efficiency,0.0,1315,1315,0.17152415365644705,0.14363146583124675,0.8,1.0,0.15553626001268875,0.3284569670029093,False,False,False,,below_bounded_prescreen
diff__detailed__all__efg_median,detailed_efficiency,0.0,1315,1283,0.15937119882274015,0.11494479643229623,0.9,1.0,0.15619304529357164,0.3279874442167621,False,False,False,,below_bounded_prescreen
diff__detailed__clean__efg_median,detailed_efficiency,0.0,1315,1285,0.15906051373635127,0.11502703713613718,0.9,1.0,0.15848904821650123,0.32786672891868307,False,False,False,,below_bounded_prescreen
diff__detailed__clean__fg2pct_mean,detailed_efficiency,0.0,1315,1315,0.17106143970751114,0.142600413693178,0.8,1.0,0.16400174324156533,0.3275216455787153,False,False,False,,below_bounded_prescreen
diff__detailed__last20__tov_pct_mean,detailed_efficiency,0.0,1315,1315,-0.1488643087619213,0.15063536880718972,0.8,1.0,0.14452870893409758,0.3272739765977098,False,False,False,,below_bounded_prescreen
diff__compact__points_against_mean,compact_performance,0.0,1315,1293,-0.1538586144881177,0.18822017953674658,0.7,1.0,0.22599836090615538,0.327154646928778,False,False,False,,below_bounded_prescreen
diff__compact__last20_win_pct,compact_performance,0.0,1315,26,0.13398439505649276,0.11943012880265425,0.9,1.0,0.13017137440738813,0.325596173761407,False,False,False,,below_bounded_prescreen
diff__detailed__last20__orb_pct_mean,detailed_efficiency,0.0,1315,1315,0.14640973981460575,0.14451555260241367,0.8,1.0,0.12371045013914028,0.3246291900028062,False,False,False,,below_bounded_prescreen
diff__detailed__clean__opp_ft_rate_ros,detailed_efficiency,0.0,1315,1315,-0.1450482844423057,0.14815485166151682,0.8,1.0,0.17670073266931996,0.32395692206806254,False,False,False,,below_bounded_prescreen
diff__detailed__all__oppftmaderate_median,detailed_efficiency,0.0,1315,1302,-0.143308912397655,0.1445002698004662,0.8,1.0,0.1344392614536178,0.3235105197735632,False,False,False,,below_bounded_prescreen
diff__detailed__ewm_h10__defrtg,detailed_efficiency,0.0,1315,1315,-0.1445622465554063,0.14216281532074532,0.8,1.0,0.11357310566148016,0.32349892136968794,False,False,False,,below_bounded_prescreen
diff__compact__day90plus_games,compact_performance,0.0,1315,12,0.14236218929465172,0.18036768237998932,0.7,1.0,0.1795362436534947,0.32271471944107843,False,False,False,,below_bounded_prescreen
diff__detailed__clean__oppftmaderate_median,detailed_efficiency,0.0,1315,1302,-0.1432272974509786,0.142559130212455,0.8,1.0,0.1367882504608326,0.32246685792276036,False,False,False,,below_bounded_prescreen
diff__detailed__ewm_h5__fourfactoredge,detailed_efficiency,0.0,1315,1315,0.11325022894782565,0.12072291034401696,0.9,1.0,0.12691221560263347,0.32178555870954445,False,False,False,,below_bounded_prescreen
diff__detailed__all__oppfgpct_median,detailed_efficiency,0.0,1315,1291,-0.1668901664348509,0.1664539862305761,0.7,1.0,0.19375260136257463,0.32086364595184075,False,False,False,,below_bounded_prescreen
diff__detailed__all__fg2pct_median,detailed_efficiency,0.0,1315,1205,0.16113920678074872,0.13388732296955505,0.8,1.0,0.17337091818120592,0.3207817037899029,False,False,False,,below_bounded_prescreen
diff__detailed__clean__oppfgpct_median,detailed_efficiency,0.0,1315,1292,-0.1658007387120699,0.16496062254247082,0.7,1.0,0.18583119828957934,0.32022401340545814,False,False,False,,below_bounded_prescreen
diff__detailed__away__def_rtg_mean,detailed_efficiency,0.0,1315,1315,-0.1288119183085683,0.13821309299911472,0.8,1.0,0.13670628841446164,0.3172126551308816,False,False,False,,below_bounded_prescreen
diff__detailed__clean__fg2pct_median,detailed_efficiency,0.0,1315,1201,0.16065677690136093,0.12551416751244862,0.8,1.0,0.17311858380909118,0.3166665479719111,False,False,False,,below_bounded_prescreen
diff__detailed__ewm_h5__orbpct,detailed_efficiency,0.0,1315,1315,0.12590542921370226,0.13472323036233724,0.8,1.0,0.13396405475819673,0.31500778281060854,False,False,False,,below_bounded_prescreen
diff__detailed__last5__ft_rate_mean,detailed_efficiency,0.0,1315,1315,-0.11808910829068643,0.13466588585132921,0.8,1.0,0.0997816295314302,0.31462796385133185,False,False,False,,below_bounded_prescreen
diff__detailed__ewm_h20__oppefg,detailed_efficiency,0.0,1315,1315,-0.14087903291401283,0.16206150946916575,0.7,1.0,0.1640419581376315,0.3142212334607771,False,False,False,,below_bounded_prescreen
diff__compact__day110plus_games,compact_performance,0.0,1315,11,0.14542553499045915,0.15091329095874828,0.7,1.0,0.15924212627751066,0.31006231230699977,False,False,False,,below_bounded_prescreen
diff__detailed__ewm_h10__oppefg,detailed_efficiency,0.0,1315,1315,-0.13275938012948496,0.15578589523636097,0.7,1.0,0.15870192019163812,0.3096362165342744,False,False,False,,below_bounded_prescreen
diff__detailed__clean__oppftmaderate_mean,detailed_efficiency,0.0,1315,1315,-0.14739874551145957,0.14856259930206317,0.7,1.0,0.16152761075373487,0.30927666724736197,False,False,False,,below_bounded_prescreen
diff__detailed__all__oppftmaderate_mean,detailed_efficiency,0.0,1315,1315,-0.14745560758180018,0.14725679181273452,0.7,1.0,0.16050375338790732,0.30870334360259233,False,False,False,,below_bounded_prescreen
diff__detailed__clean__opp_ftmade_rate_ros,detailed_efficiency,0.0,1315,1315,-0.14824691237777757,0.1457705118748377,0.7,1.0,0.1652868604341963,0.3079726920056653,False,False,False,,below_bounded_prescreen
diff__compact__ewm_h20_points_against,compact_performance,0.0,1315,1315,-0.14116998022302127,0.15061110215821136,0.7,1.0,0.18890854012382308,0.3077943830800532,False,False,False,,below_bounded_prescreen
diff__detailed__all__opp_ftmade_rate_ros,detailed_efficiency,0.0,1315,1315,-0.1483375397338292,0.14518481926937402,0.7,1.0,0.16614018202348269,0.3076773647098026,False,False,False,,below_bounded_prescreen
diff__compact__close5_wins,compact_performance,0.0,1315,21,-0.13437048256234588,0.11516453858425138,0.8,1.0,0.15765807457369907,0.3065341617012088,False,False,False,,below_bounded_prescreen
diff__compact__neutral_margin_mean,compact_performance,0.03878326996197719,1264,865,0.1089549156440282,0.1558062459331111,0.7,1.0,0.18043447337158391,0.30043703895775803,False,False,False,,below_bounded_prescreen
diff__detailed__neutral__net_rtg_mean,detailed_efficiency,0.03878326996197719,1264,1264,0.10594626813061939,0.15076821789033157,0.7,1.0,0.17170591837829025,0.2977060252440057,False,False,False,,below_bounded_prescreen
diff__detailed__all__oppfg3pct_mean,detailed_efficiency,0.0,1315,1315,-0.11911186874487832,0.13154413446471352,0.7,1.0,0.14668239878215672,0.2954784997156495,False,False,False,,below_bounded_prescreen
diff__detailed__clean__oppfg3pct_mean,detailed_efficiency,0.0,1315,1315,-0.11907358705774444,0.12925737844535284,0.7,1.0,0.14903320722987823,0.294278402517278,False,False,False,,below_bounded_prescreen
diff__geography__games_per_distinct_city,geography_and_schedule_dispersion,0.3406844106463878,867,454,0.13957432389405044,0.13133897355705576,0.8461538461538461,1.0,0.20989693857688907,0.29348304355390664,False,False,False,,below_bounded_prescreen
diff__compact__first_game_day,compact_performance,0.0,1315,30,-0.13150235540560312,0.12601380375226995,0.7,1.0,0.20519452762639753,0.2932093628852664,False,False,False,,below_bounded_prescreen
diff__detailed__last10__orb_pct_mean,detailed_efficiency,0.0,1315,1315,0.1021426707757823,0.1321585900635287,0.7,1.0,0.12527602930459775,0.2928964696289819,False,False,False,,below_bounded_prescreen
diff__compact__day120plus_games,compact_performance,0.0,1315,9,0.13408147982058174,0.12336439352425112,0.7,1.0,0.20641581619101246,0.292456201804528,False,False,False,,below_bounded_prescreen
diff__detailed__all__trueshootingpct_median,detailed_efficiency,0.0,1315,1314,0.12827622397988078,0.0871221882099503,0.8,1.0,0.1536132117477063,0.2918948911464417,False,False,False,,below_bounded_prescreen
diff__detailed__clean__trueshootingpct_median,detailed_efficiency,0.0,1315,1314,0.12810463641468575,0.08578307634908017,0.8,1.0,0.1603419277097133,0.2909452195504008,False,False,False,,below_bounded_prescreen
diff__conference__tourney_champion,conference_context,0.014448669201520912,1296,3,-0.1344492073742043,0.14862267494082898,0.6,1.0,0.12617844325564534,0.29071467832757536,False,False,False,,below_bounded_prescreen
diff__detailed__ewm_h10__efg,detailed_efficiency,0.0,1315,1315,0.13856873373048478,0.08105691748633097,0.8,1.0,0.21499308091390437,0.2887927185775893,False,False,False,,below_bounded_prescreen
diff__conference__strength_std,conference_context,0.0,1315,1125,0.14598478629590964,0.13827884605878854,0.6,1.0,0.17619519117798177,0.2874426914461993,False,False,False,,below_bounded_prescreen
diff__detailed__neutral__off_rtg_mean,detailed_efficiency,0.03878326996197719,1264,1264,0.12510033505815293,0.1509790729160752,0.6,1.0,0.1547269502963797,0.2867002891036964,False,False,False,,below_bounded_prescreen
diff__compact__last10_margin_mean,compact_performance,0.0,1315,312,0.09991581284671086,0.0858558111171828,0.8,1.0,0.11299953128468157,0.2866722869111369,False,False,False,,below_bounded_prescreen
diff__compact__close3_games,compact_performance,0.0,1315,20,-0.12863034485265357,0.14591771124801556,0.6,1.0,0.19300276143583012,0.2866190668091981,False,False,False,,below_bounded_prescreen
diff__detailed__ewm_h5__tovpct,detailed_efficiency,0.0,1315,1315,-0.1265820143921194,0.10913813354605696,0.7,1.0,0.1643533197308475,0.2856602144791397,False,False,False,,below_bounded_prescreen
diff__compact__ewm_h5_points_for,compact_performance,0.0,1315,1315,0.09760469644487836,0.11895771594793138,0.7,1.0,0.16166991288698856,0.2841059403574008,False,False,False,,below_bounded_prescreen
diff__geography__distinct_cities,geography_and_schedule_dispersion,0.0,1315,18,-0.10120768433601467,0.11814510615891176,0.6923076923076923,1.0,0.19136988045680928,0.28208977706115923,False,False,False,,below_bounded_prescreen
diff__compact__rest_days_mean,compact_performance,0.0,1315,910,-0.1171345701705128,0.176592673041557,0.5,1.0,0.2122809762235967,0.2820428494485163,False,False,False,,below_bounded_prescreen
diff__detailed__last20__ft_rate_mean,detailed_efficiency,0.0,1315,1315,-0.1082595862998159,0.10443938670365098,0.7,1.0,0.1212867077327918,0.28109654629440034,False,False,False,,below_bounded_prescreen
diff__schedule__opponent_strength_std,schedule_and_accomplishment,0.0,1315,1315,0.12356499102978881,0.1336285096842909,0.6,1.0,0.16650986102047602,0.28066558823419413,False,False,False,,below_bounded_prescreen
diff__quality__FlaggedPossessionRate,detailed_efficiency,0.0,1315,31,-0.06287311545480803,0.10397910972571989,0.7647058823529411,1.0,0.15811335599031826,0.2797704650052612,False,False,False,,below_bounded_prescreen
diff__detailed__last10__tov_pct_mean,detailed_efficiency,0.0,1315,1315,-0.10715196033583951,0.1013108385392025,0.7,1.0,0.14501401334905384,0.2784020732387397,False,False,False,,below_bounded_prescreen
diff__detailed__ewm_h10__ftrate,detailed_efficiency,0.0,1315,1315,-0.11372870336887125,0.12901536606293745,0.6,1.0,0.11714730946640414,0.2782617980727055,False,False,False,,below_bounded_prescreen
diff__compact__day90plus_margin_mean,compact_performance,0.0,1315,1174,0.11141087565226668,0.09547685757648072,0.7,1.0,0.11000537122422754,0.2779390694312403,False,False,False,,below_bounded_prescreen
diff__quality__FlaggedPossessionGames,detailed_efficiency,0.0,1315,6,-0.05949293934983259,0.10410081187079753,0.75,1.0,0.15487138967036312,0.2768619807681314,False,False,False,,below_bounded_prescreen
diff__compact__margin_std,compact_performance,0.0,1315,1315,0.11873479801960811,0.12375888612949756,0.6,1.0,0.15807790699910593,0.2752028046265084,False,False,False,,below_bounded_prescreen
diff__compact__last5_margin_std,compact_performance,0.0,1315,1313,0.12057698452057507,0.0840199286484015,0.7,1.0,0.0963486088882082,0.2750025579902309,False,False,False,,below_bounded_prescreen
diff__compact__last20_points_for_mean,compact_performance,0.0,1315,528,0.11024300780569482,0.1277274284359955,0.6,1.0,0.16548133573224177,0.27494337393724105,False,False,False,,below_bounded_prescreen
diff__detailed__clean__fg3_pct_ros,detailed_efficiency,0.0,1315,1314,0.10108338726440574,0.09420088196352977,0.7,1.0,0.12230561840327843,0.2745625438045324,False,False,False,,below_bounded_prescreen
diff__detailed__all__oppfg3pct_median,detailed_efficiency,0.0,1315,873,-0.0867493775005629,0.13588455861373544,0.6,1.0,0.14759118577000138,0.27440580375391677,False,False,False,,below_bounded_prescreen
diff__detailed__all__orbpct_std,detailed_efficiency,0.0,1315,1315,0.12948424505739173,0.1172218836426438,0.6,1.0,0.16088958524938796,0.2743174546511197,False,False,False,,below_bounded_prescreen
diff__detailed__clean__orbpct_std,detailed_efficiency,0.0,1315,1315,0.13073838409853344,0.11556565419665937,0.6,1.0,0.16269879111254681,0.273726006871572,False,False,False,,below_bounded_prescreen
diff__detailed__last10__off_rtg_mean,detailed_efficiency,0.0,1315,1315,0.11123990925307105,0.1230082176878936,0.6,1.0,0.1697122856978368,0.2727282330979511,False,False,False,,below_bounded_prescreen
diff__detailed__clean__ftrate_mean,detailed_efficiency,0.0,1315,1315,-0.09459312692385777,0.12461842133773929,0.6,1.0,0.14037802864700824,0.27101220901948325,False,False,False,,below_bounded_prescreen
diff__detailed__clean__ftrate_trim02,detailed_efficiency,0.0,1315,1315,-0.09459312692385777,0.12461842133773929,0.6,1.0,0.14037802864700824,0.27101220901948325,False,False,False,,below_bounded_prescreen
diff__detailed__all__ftrate_mean,detailed_efficiency,0.0,1315,1315,-0.09509198395322391,0.12432841137813194,0.6,1.0,0.1453301828360145,0.270784666617772,False,False,False,,below_bounded_prescreen
diff__detailed__all__ftrate_trim02,detailed_efficiency,0.0,1315,1315,-0.09509198395322391,0.12432841137813194,0.6,1.0,0.1453301828360145,0.270784666617772,False,False,False,,below_bounded_prescreen
diff__detailed__clean__oppstealpct_mean,detailed_efficiency,0.0,1315,1315,-0.10314765157170964,0.12167495195835931,0.6,1.0,0.1643176195641602,0.2705237555032222,False,False,False,,below_bounded_prescreen
diff__compact__last20_games,compact_performance,0.0,1315,5,0.04681451677467676,0.0,1.0,1.0,0.0,0.2702991936904289,False,False,False,,below_bounded_prescreen
diff__detailed__last20__games,detailed_efficiency,0.0,1315,5,0.04681451677467676,0.0,1.0,1.0,0.0,0.2702991936904289,False,False,False,,below_bounded_prescreen
diff__detailed__all__oppstealpct_mean,detailed_efficiency,0.0,1315,1315,-0.10275160371622102,0.12066840770291928,0.6,1.0,0.16731841232303812,0.2698334520220484,False,False,False,,below_bounded_prescreen
diff__compact__overtime_rate,compact_performance,0.0,1315,433,-0.12717669785666852,0.10904501662821386,0.6,1.0,0.1785269509622299,0.2691794034715206,False,False,False,,below_bounded_prescreen
mean__compact__last20_games,compact_performance,0.0,1315,4,-0.03783124473621864,0.0,1.0,1.0,0.0,0.26832287384196807,False,False,False,,below_bounded_prescreen
mean__detailed__last20__games,detailed_efficiency,0.0,1315,4,-0.03783124473621864,0.0,1.0,1.0,0.0,0.26832287384196807,False,False,False,,below_bounded_prescreen
diff__detailed__last5__orb_pct_mean,detailed_efficiency,0.0,1315,1315,0.07676226551924609,0.09023175650727286,0.7,1.0,0.11715186676452317,0.2675128668671442,False,False,False,,below_bounded_prescreen
diff__detailed__all__ft_rate_ros,detailed_efficiency,0.0,1315,1315,-0.08805737692013509,0.11832795548229112,0.6,1.0,0.14128554524508502,0.26651861974412605,False,False,False,,below_bounded_prescreen
diff__detailed__last20__opp_efg_mean,detailed_efficiency,0.0,1315,1315,-0.10002870372615309,0.11649513491007621,0.6,1.0,0.18921652868209254,0.26635531842930654,False,False,False,,below_bounded_prescreen
diff__detailed__clean__ftmade_rate_ros,detailed_efficiency,0.0,1315,1315,-0.06307480727157107,0.12941092171269575,0.6,1.0,0.1413008059827315,0.2663416677825304,False,False,False,,below_bounded_prescreen
diff__detailed__clean__ftmaderate_mean,detailed_efficiency,0.0,1315,1315,-0.067969547350156,0.12778801649463412,0.6,1.0,0.1498941734896686,0.2662957813948719,False,False,False,,below_bounded_prescreen
diff__detailed__clean__ft_rate_ros,detailed_efficiency,0.0,1315,1315,-0.087578165262108,0.11797003427775304,0.6,1.0,0.14272985867988208,0.2661836184637899,False,False,False,,below_bounded_prescreen
diff__detailed__all__ftmaderate_mean,detailed_efficiency,0.0,1315,1315,-0.06831113307167332,0.12682405642101335,0.6,1.0,0.15108981808709823,0.26586040363437063,False,False,False,,below_bounded_prescreen
mean__detailed__all__oppftmaderate_mean,detailed_efficiency,0.0,1315,1315,-0.05304031755468965,0.12863208431740863,0.6,1.0,0.09883402354433166,0.2654589093926146,False,False,False,,below_bounded_prescreen
mean__detailed__clean__oppftmaderate_mean,detailed_efficiency,0.0,1315,1315,-0.05343541875758466,0.12803611467909587,0.6,1.0,0.0993854105885001,0.2652377107490947,False,False,False,,below_bounded_prescreen
diff__detailed__all__ftmade_rate_ros,detailed_efficiency,0.0,1315,1315,-0.06340659565683583,0.1267044362559685,0.6,1.0,0.14394965773990373,0.26500959413777264,False,False,False,,below_bounded_prescreen
diff__compact__half_winpct_second,compact_performance,0.0,1315,513,0.09111005841441334,0.08072731025861284,0.7,1.0,0.15118451813155528,0.2647459410500429,False,False,False,,below_bounded_prescreen
interaction__turnover_pressure_edge,matchup_interactions,0.0,1315,1315,0.0945102974108781,0.07896486485558721,0.7,1.0,0.15673233278437973,0.2644261072496998,False,False,False,,below_bounded_prescreen
mean__detailed__all__opp_ftmade_rate_ros,detailed_efficiency,0.0,1315,1315,-0.050708968018605555,0.1262194418461784,0.6,1.0,0.10266139986299905,0.26363484905573886,False,False,False,,below_bounded_prescreen
mean__detailed__clean__opp_ftmade_rate_ros,detailed_efficiency,0.0,1315,1315,-0.051105275235609975,0.12530994716901422,0.6,1.0,0.10153119794048628,0.26333068727534154,False,False,False,,below_bounded_prescreen
diff__detailed__all__ftrate_median,detailed_efficiency,0.0,1315,1304,-0.08083308126887898,0.1077230458413092,0.6,1.0,0.1444748932145538,0.2597113441543996,False,False,False,,below_bounded_prescreen
diff__detailed__all__fg3_pct_ros,detailed_efficiency,0.0,1315,1314,0.10077134615834991,0.0957783360222773,0.6,1.0,0.1188654496871723,0.2593886794580432,False,False,False,,below_bounded_prescreen
diff__detailed__last10__net_rtg_mean,detailed_efficiency,0.0,1315,1315,0.09893811858221677,0.09491805846912416,0.6,1.0,0.11583663802269661,0.2586935886323594,False,False,False,,below_bounded_prescreen
diff__detailed__clean__oppfg3pct_median,detailed_efficiency,0.0,1315,887,-0.08561685817061222,0.1367249965423314,0.5,1.0,0.15644575971202293,0.2582058767493728,False,False,False,,below_bounded_prescreen
diff__detailed__all__tovpct_std,detailed_efficiency,0.0,1315,1315,-0.08566966861475217,0.1358043285538562,0.5,1.0,0.15311209297939077,0.25790892108192087,False,False,False,,below_bounded_prescreen
diff__compact__day120plus_win_pct,compact_performance,0.0,1315,57,-0.06839090862621942,0.07128778580301692,0.7,1.0,0.08811709569908047,0.25773945325525316,False,False,False,,below_bounded_prescreen
diff__detailed__clean__steal_pct_ros,detailed_efficiency,0.0,1315,1315,0.10259025241968674,0.09562541218247911,0.6,1.0,0.17907949544563054,0.2573068735620958,False,False,False,,below_bounded_prescreen
diff__detailed__clean__tovpct_std,detailed_efficiency,0.0,1315,1315,-0.08437616774438536,0.13194142083588267,0.5,1.0,0.15490602269675802,0.25569839799711813,False,False,False,,below_bounded_prescreen
interaction__adjusted_offense_defense_edge,matchup_interactions,0.0,1315,1315,0.07831232701845449,0.09468946205069238,0.6,1.0,0.09433766405042696,0.2549061471663752,False,False,False,,below_bounded_prescreen
absdiff__detailed__last10__pace_mean,detailed_efficiency,0.0,1315,1203,-0.07966274263017088,0.09723319654965823,0.6,1.0,0.13821901979637136,0.2546689769306187,False,False,False,,below_bounded_prescreen
diff__detailed__all__netrtg_std,detailed_efficiency,0.0,1315,1315,0.08596677761803018,0.1273354721349838,0.5,1.0,0.14044719825605506,0.2544158297705167,False,False,False,,below_bounded_prescreen
diff__compact__close3_wins,compact_performance,0.0,1315,16,-0.08913972508388729,0.09174369215110514,0.6,1.0,0.1716680777366554,0.25278098864151943,False,False,False,,below_bounded_prescreen
diff__conference__tourney_wins,conference_context,0.014448669201520912,1296,9,-0.08136911215413944,0.09219422468482852,0.6,1.0,0.13575952465075092,0.25156815800047666,False,False,False,,below_bounded_prescreen
diff__detailed__all__stealpct_median,detailed_efficiency,0.0,1315,1315,0.09190380308044999,0.08880288245164643,0.6,1.0,0.18281015452986063,0.25153181407329483,False,False,False,,below_bounded_prescreen
diff__conference__tourney_win_pct,conference_context,0.014448669201520912,1296,17,-0.0870297340311313,0.08629449555392324,0.6,1.0,0.09800172838843874,0.25149193668107284,False,False,False,,below_bounded_prescreen
diff__detailed__clean__stealpct_median,detailed_efficiency,0.0,1315,1315,0.09133395278105873,0.08816598231507752,0.6,1.0,0.1802630859964931,0.2512026176832104,False,False,False,,below_bounded_prescreen
diff__compact__last10_margin_median,compact_performance,0.0,1315,92,0.07866644553984298,0.08317846927556706,0.6,1.0,0.07769195471662724,0.25012460508237255,False,False,False,,below_bounded_prescreen
absdiff__detailed__ewm_h20__oppefg,detailed_efficiency,0.0,1315,1314,-0.0675228762370476,0.12111789178722354,0.5,1.0,0.13706468004119005,0.2475090336283702,False,False,False,,below_bounded_prescreen
diff__compact__ewm_h5_win,compact_performance,0.0,1315,1315,0.06767518066049633,0.051295531205414135,0.7,1.0,0.12722973998004206,0.24642120512470633,False,False,False,,below_bounded_prescreen
diff__detailed__clean__ftrate_median,detailed_efficiency,0.0,1315,1305,-0.08014880589506969,0.11324857253892734,0.5,1.0,0.14973788143468456,0.2460025368582131,False,False,False,,below_bounded_prescreen
diff__detailed__all__fg3pct_mean,detailed_efficiency,0.0,1315,1315,0.08263813881599827,0.07583616880109667,0.6,1.0,0.11545620099831774,0.24596350352411334,False,False,False,,below_bounded_prescreen
diff__compact__ewm_h10_points_against,compact_performance,0.0,1315,1315,-0.10557590748454831,0.1436742499129871,0.4,1.0,0.262240247336455,0.24570072971137624,False,False,False,,below_bounded_prescreen
diff__detailed__clean__fg3pct_mean,detailed_efficiency,0.0,1315,1315,0.0830639904463052,0.07464978802848757,0.6,1.0,0.1186081173695859,0.2453616514570777,False,False,False,,below_bounded_prescreen
diff__detailed__last10__opp_efg_mean,detailed_efficiency,0.0,1315,1315,-0.04386927917013002,0.08987055580353728,0.6,1.0,0.10706184140701519,0.2445066345468459,False,False,False,,below_bounded_prescreen
diff__compact__neutral_margin_std,compact_performance,0.07452471482889733,1217,1215,0.07011045209154707,0.09053739712411873,0.6,1.0,0.11364706587732103,0.2443743902583127,False,False,False,,below_bounded_prescreen
mean__detailed__all__oppftmaderate_median,detailed_efficiency,0.0,1315,1296,-0.05404581577348645,0.08529852737905882,0.6,1.0,0.11868424090198157,0.244086002976036,False,False,False,,below_bounded_prescreen
diff__detailed__all__oppstealpct_median,detailed_efficiency,0.0,1315,1315,-0.08899698114230854,0.10634773207665413,0.5,1.0,0.16530331528867168,0.24401411463655504,False,False,False,,below_bounded_prescreen
diff__compact__pythag_residual_exp8p0,compact_performance,0.0,1315,1315,-0.08963738980466401,0.10150293503933958,0.5,1.0,0.11071359844209167,0.24401309063822543,False,False,False,,below_bounded_prescreen
mean__detailed__clean__oppftmaderate_median,detailed_efficiency,0.0,1315,1297,-0.054408908789832705,0.08374384832295201,0.6,1.0,0.11647648712772042,0.24350794764367137,False,False,False,,below_bounded_prescreen
diff__detailed__clean__oppstealpct_median,detailed_efficiency,0.0,1315,1315,-0.08703142929238582,0.1048209781499328,0.5,1.0,0.15417143393204524,0.2432941265990108,False,False,False,,below_bounded_prescreen
diff__detailed__clean__oppftpct_mean,detailed_efficiency,0.0,1315,1315,-0.05773161285981862,0.11791644954891042,0.5,1.0,0.16363292973393742,0.2427555334232796,False,False,False,,below_bounded_prescreen
diff__detailed__all__oppftpct_mean,detailed_efficiency,0.0,1315,1315,-0.05809641989222264,0.11642455380533871,0.5,1.0,0.16302429487980896,0.2421440264076592,False,False,False,,below_bounded_prescreen
diff__detailed__last5__off_rtg_mean,detailed_efficiency,0.0,1315,1315,0.08488027061741746,0.068780123783401,0.6,1.0,0.1446720209995264,0.24190123811188327,False,False,False,,below_bounded_prescreen
diff__detailed__clean__stealpct_mean,detailed_efficiency,0.0,1315,1315,0.10071706556980427,0.09610979710906498,0.5,1.0,0.1745593601882526,0.24130808263017803,False,False,False,,below_bounded_prescreen
diff__detailed__all__oppfoulrate_median,detailed_efficiency,0.0,1315,1315,-0.056040763432794266,0.11298094249659668,0.5,1.0,0.1338609732563138,0.2412053814233286,False,False,False,,below_bounded_prescreen
diff__detailed__all__steal_pct_ros,detailed_efficiency,0.0,1315,1315,0.1024645648113636,0.0945733378176354,0.5,1.0,0.18008241198742816,0.24073410993146785,False,False,False,,below_bounded_prescreen
diff__detailed__all__stealpct_mean,detailed_efficiency,0.0,1315,1315,0.10059014530809804,0.09507053647086355,0.5,1.0,0.1757732650486877,0.24073275887184858,False,False,False,,below_bounded_prescreen
mean__prior__program_tournament_games,prior_program_history,0.0,1315,176,0.052062025419521415,0.1110020662148355,0.5,1.0,0.13412064335916402,0.2393698116410492,False,False,False,,below_bounded_prescreen
mean__coach__years_since_tournament_appearance,prior_coach_history,0.28973384030418253,934,21,-0.056211746895101916,0.08563768278501413,0.7,1.0,0.07433288604746047,0.23932064938749614,False,False,False,,below_bounded_prescreen
diff__detailed__clean__oppfoulrate_median,detailed_efficiency,0.0,1315,1315,-0.054535415461815694,0.10888284385752586,0.5,1.0,0.13500190212230803,0.23886148036831956,False,False,False,,below_bounded_prescreen
diff__detailed__clean__netrtg_std,detailed_efficiency,0.0,1315,1315,0.08563824465991726,0.12706692541191467,0.4,1.0,0.14150577650328602,0.2381723069627694,False,False,False,,below_bounded_prescreen
absdiff__detailed__away__pace_mean,detailed_efficiency,0.0,1315,1307,-0.07832872677955402,0.09817378049346415,0.5,1.0,0.16913481070377787,0.23759034210021357,False,False,False,,below_bounded_prescreen
absdiff__massey__system_rth,massey_consensus,0.050190114068441066,1249,712,-0.03730961891111,0.09197019873809659,0.5789473684210527,1.0,0.10842975714416911,0.23663299109085695,False,False,False,,below_bounded_prescreen
diff__compact__last10_win_pct,compact_performance,0.0,1315,14,0.05805895275008993,0.06523440643965908,0.6,1.0,0.10554994415749588,0.2358634869297563,False,False,False,,below_bounded_prescreen
absdiff__coach__prior_tournament_win_pct_smoothed,prior_coach_history,0.0,1315,636,0.06130093740815034,0.09561220888328498,0.5,1.0,0.10405953169324197,0.23521768522604017,False,False,False,,below_bounded_prescreen
absdiff__compact__rest_days_std,compact_performance,0.0,1315,1313,0.033215317658534395,0.07184360812356946,0.6,1.0,0.06520318327580674,0.23518417445315865,False,False,False,,below_bounded_prescreen
absdiff__compact__ewm_h5_margin,compact_performance,0.0,1315,1315,0.06499373309820511,0.09735213103764566,0.5,1.0,0.15076613378404016,0.23499699882831343,False,False,False,,below_bounded_prescreen
diff__detailed__clean__oppfoulrate_mean,detailed_efficiency,0.0,1315,1315,-0.052760681261403174,0.09958854500067958,0.5,1.0,0.11194639206698995,0.2349319957951553,False,False,False,,below_bounded_prescreen
diff__detailed__all__oppfoulrate_mean,detailed_efficiency,0.0,1315,1315,-0.05287675601310847,0.09794210761329604,0.5,1.0,0.11013308954401715,0.23423977439550528,False,False,False,,below_bounded_prescreen
diff__compact__overtime_periods_mean,compact_performance,0.0,1315,500,-0.11910637890080257,0.07451897759758364,0.5,1.0,0.2038145049703383,0.23381993240620316,False,False,False,,below_bounded_prescreen
absdiff__detailed__clean__pace_ros,detailed_efficiency,0.0,1315,1315,-0.0626604252652246,0.059181505396017485,0.6,1.0,0.11413836012611633,0.23362688174339316,False,False,False,,below_bounded_prescreen
absdiff__detailed__all__pace_ros,detailed_efficiency,0.0,1315,1315,-0.06331080387983287,0.05863381080222045,0.6,1.0,0.11677595878129976,0.23340156768737708,False,False,False,,below_bounded_prescreen
interaction__pace_gap,matchup_interactions,0.0,1315,1315,-0.06331080387983287,0.05863381080222045,0.6,1.0,0.11677595878129976,0.23340156768737708,False,False,False,,below_bounded_prescreen
diff__detailed__all__oppblockpct_mean,detailed_efficiency,0.0,1315,1315,-0.061847876759209025,0.09049190547464851,0.5,1.0,0.09720248496201903,0.23315454811637654,False,False,False,,below_bounded_prescreen
absdiff__massey__system_pom,massey_consensus,0.0,1315,773,-0.03595004972748265,0.10459721744580172,0.5,1.0,0.13333168043556756,0.23278240809660833,False,False,False,,below_bounded_prescreen
diff__detailed__clean__oppblockpct_mean,detailed_efficiency,0.0,1315,1315,-0.061710521775238274,0.08980082223118344,0.5,1.0,0.10321693709345273,0.23255203197778238,False,False,False,,below_bounded_prescreen
absdiff__massey__system_dol,massey_consensus,0.0,1315,708,-0.03713071024033323,0.1008626723083602,0.5,1.0,0.10158166255286073,0.2325195724587718,False,False,False,,below_bounded_prescreen
mean__coach__prior_tournament_wins,prior_coach_history,0.0,1315,107,0.04710981234265782,0.09668921287283343,0.5,1.0,0.11179832662145334,0.23230304782948663,False,False,False,,below_bounded_prescreen
diff__detailed__all__efg_std,detailed_efficiency,0.0,1315,1315,-0.05775835097734728,0.056716823273098495,0.6,1.0,0.1010963290260938,0.23188705922505992,False,False,False,,below_bounded_prescreen
absdiff__massey__ordinal_median,massey_consensus,0.0,1315,309,-0.036903754764878886,0.09930553414612384,0.5,1.0,0.11742874451031342,0.23108833265800027,False,False,False,,below_bounded_prescreen
absdiff__massey__strength_median,massey_consensus,0.0,1315,966,-0.036579053733283275,0.09917852779872653,0.5,1.0,0.11612695133221675,0.2310080071114224,False,False,False,,below_bounded_prescreen
mean__compact__neutral_games,compact_performance,0.03878326996197719,1264,15,0.03838589456748918,0.10203845148438345,0.5,1.0,0.09091685375272039,0.2306840177702847,False,False,False,,below_bounded_prescreen
mean__detailed__neutral__games,detailed_efficiency,0.03878326996197719,1264,15,0.03838589456748918,0.10203845148438345,0.5,1.0,0.09091685375272039,0.2306840177702847,False,False,False,,below_bounded_prescreen
absdiff__rating__pagerank_binary_percentile,global_strength_ratings,0.0,1315,762,-0.04594774848456863,0.0948182510137246,0.5,1.0,0.12377053097315972,0.2306704439142665,False,False,False,,below_bounded_prescreen
diff__compact__half_pointsformean_second,compact_performance,0.0,1315,1178,0.09327839016157191,0.11254642951060673,0.4,1.0,0.1994600511900619,0.23056512995303458,False,False,False,,below_bounded_prescreen
absdiff__compact__half_marginmean_second,compact_performance,0.0,1315,1076,0.06663304865823076,0.12167308767667814,0.4,1.0,0.1647793745378019,0.2304711778081042,False,False,False,,below_bounded_prescreen
mean__massey__rank_improvement_std,massey_consensus,0.0,1315,1315,-0.06938307452293874,0.08450353939047303,0.5,1.0,0.13726522443974906,0.23033536632488363,False,False,False,,below_bounded_prescreen
diff__compact__day110plus_margin_mean,compact_performance,0.0,1315,1026,0.07701357043036956,0.047484737528594785,0.6,1.0,0.1526095349365275,0.2296312781109457,False,False,False,,below_bounded_prescreen
diff__detailed__all__oppblockpct_median,detailed_efficiency,0.0,1315,1229,-0.05381082538009246,0.08661379935667549,0.5,1.0,0.09730844561220821,0.22952066745033625,False,False,False,,below_bounded_prescreen
absdiff__massey__strength_trim05,massey_consensus,0.0,1315,1315,-0.03617650617519596,0.09571193130224373,0.5,1.0,0.11513903525925243,0.22929499697325,False,False,False,,below_bounded_prescreen
diff__detailed__all__oppfg3attemptrate_median,detailed_efficiency,0.0,1315,1302,-0.031593016034592934,0.09841277112966273,0.5,1.0,0.13743276472936145,0.2286912830806741,False,False,False,,below_bounded_prescreen
diff__detailed__ewm_h20__ftrate,detailed_efficiency,0.0,1315,1315,-0.06597372245681947,0.11734899579245592,0.4,1.0,0.15600847806859472,0.22860139779813535,False,False,False,,below_bounded_prescreen
seedprior__favorite_seed_games,prequential_seed_priors,0.0,1315,140,0.041990749546440366,0.0926139067065408,0.5,1.0,0.12853619425976864,0.22855119234896573,False,False,False,,below_bounded_prescreen
diff__detailed__clean__oppfg3attemptrate_median,detailed_efficiency,0.0,1315,1301,-0.03150878283861892,0.09832922928706492,0.5,1.0,0.14078179925171755,0.22849869031221862,False,False,False,,below_bounded_prescreen
diff__detailed__clean__oppblockpct_median,detailed_efficiency,0.0,1315,1226,-0.05388120065910435,0.08351525804873154,0.5,1.0,0.09050140049663256,0.2283211319885288,False,False,False,,below_bounded_prescreen
diff__detailed__clean__efg_std,detailed_efficiency,0.0,1315,1315,-0.05674067286800752,0.04948111007024812,0.6,1.0,0.10523179287957812,0.22802460914949763,False,False,False,,below_bounded_prescreen
absdiff__massey__ordinal_mean,massey_consensus,0.0,1315,1302,-0.03463704398816904,0.09363064536394385,0.5,1.0,0.1229359667038529,0.22764542078393613,False,False,False,,below_bounded_prescreen
diff__detailed__all__defrtg_std,detailed_efficiency,0.0,1315,1315,0.07911795541973368,0.11019165662923144,0.4,1.0,0.17238263101895715,0.22740264013361422,False,False,False,,below_bounded_prescreen
diff__detailed__all__oppassistturnoverratio_median,detailed_efficiency,0.0,1315,1118,-0.07386582940658509,0.11243166848724084,0.4,1.0,0.17068451261036202,0.22739030283890985,False,False,False,,below_bounded_prescreen
absdiff__norm__massey__strength_mean__pct,within_season_normalization,0.0,1315,713,-0.03663427361552106,0.09012967492060703,0.5,1.0,0.10706394528469933,0.22703922634591803,False,False,False,,below_bounded_prescreen
diff__compact__away_margin_std,compact_performance,0.0,1315,1315,-0.08854157420413585,0.10970416083625423,0.4,1.0,0.2379639884219835,0.22661858398943258,False,False,False,,below_bounded_prescreen
mean__massey__strength_iqr,massey_consensus,0.0,1315,998,-0.043113794810998536,0.08688549252445489,0.5,1.0,0.12145844085664828,0.2263317336358921,False,False,False,,below_bounded_prescreen
diff__detailed__clean__defrtg_std,detailed_efficiency,0.0,1315,1315,0.07952419228313873,0.10686231256645339,0.4,1.0,0.16868156372805806,0.22604196978506583,False,False,False,,below_bounded_prescreen
diff__detailed__clean__oppassistturnoverratio_median,detailed_efficiency,0.0,1315,1113,-0.0728489630927822,0.10907861880674016,0.4,1.0,0.17058389749673733,0.22556115300777788,False,False,False,,below_bounded_prescreen
absdiff__detailed__last20__orb_pct_mean,detailed_efficiency,0.0,1315,1315,0.05758518359564383,0.0770443907816768,0.5,1.0,0.10647463763487929,0.22539106246085136,False,False,False,,below_bounded_prescreen
absdiff__detailed__last20__net_rtg_mean,detailed_efficiency,0.0,1315,1315,0.06152835655151732,0.11612352741112732,0.4,1.0,0.1984536110367196,0.22533738715720614,False,False,False,,below_bounded_prescreen
diff__detailed__clean__oppassistturnoverratio_mean,detailed_efficiency,0.0,1315,1315,-0.07522683188119392,0.07497038844685794,0.5,1.0,0.1802139588985469,0.2253271311124126,False,False,False,,below_bounded_prescreen
diff__compact__day90plus_win_pct,compact_performance,0.0,1315,464,0.06496460368432465,0.07649817251174929,0.5,1.0,0.1449478315672723,0.2252134223535002,False,False,False,,below_bounded_prescreen
absdiff__massey__system_wob,massey_consensus,0.048669201520912544,1251,673,-0.03917618781759523,0.10382389539844045,0.47368421052631576,1.0,0.12918621365970345,0.22518272012727172,False,False,False,,below_bounded_prescreen
absdiff__compact__last20_margin_mean,compact_performance,0.0,1315,299,0.0627645899718229,0.11388870729262421,0.4,1.0,0.1873182078413163,0.224982060980608,False,False,False,,below_bounded_prescreen
absdiff__norm__rating__pagerank_margin__pct,within_season_normalization,0.0,1315,761,-0.04550347678618204,0.08121214312871193,0.5,1.0,0.10563405310973524,0.22476723147035238,False,False,False,,below_bounded_prescreen
absdiff__rating__pagerank_margin_percentile,global_strength_ratings,0.0,1315,761,-0.04550347678618204,0.08121214312871193,0.5,1.0,0.10563405310973524,0.22476723147035238,False,False,False,,below_bounded_prescreen
diff__detailed__all__oppassistturnoverratio_mean,detailed_efficiency,0.0,1315,1315,-0.07490724393197462,0.07344813467969387,0.5,1.0,0.18298740343074094,0.22441520217405786,False,False,False,,below_bounded_prescreen
absdiff__massey__system_wol,massey_consensus,0.050190114068441066,1249,665,-0.046391107640685235,0.0980642748443273,0.47368421052631576,1.0,0.12824930038953833,0.22392118814938153,False,False,False,,below_bounded_prescreen
diff__detailed__ewm_h5__oppefg,detailed_efficiency,0.0,1315,1315,-0.054650497887723325,0.11356567271680415,0.4,1.0,0.1753701556133045,0.22351982621483296,False,False,False,,below_bounded_prescreen
mean__massey__strength_std,massey_consensus,0.0,1315,1315,-0.044195654693546395,0.12345096788900806,0.4,1.0,0.2457216077537233,0.22315064430915516,False,False,False,,below_bounded_prescreen
mean__geography__neutral_games_with_city,geography_and_schedule_dispersion,0.0,1315,17,0.039818529288161236,0.06438043338469829,0.5384615384615384,1.0,0.07394975470581294,0.2228585404336643,False,False,False,,below_bounded_prescreen
absdiff__massey__system_sel,massey_consensus,0.048669201520912544,1251,692,-0.0348919754152566,0.10045639635156782,0.47368421052631576,1.0,0.12608456537108376,0.22274785978780318,False,False,False,,below_bounded_prescreen
diff__detailed__last10__four_factor_edge_mean,detailed_efficiency,0.0,1315,1315,0.06625746833615,0.06735785569014263,0.5,1.0,0.11286831298048142,0.22239368124600223,False,False,False,,below_bounded_prescreen
absdiff__norm__detailed__all__net_rtg_ros__pct,within_season_normalization,0.0,1315,713,-0.034597155640394416,0.07812385296680113,0.5,1.0,0.07958955994605871,0.22192724126710897,False,False,False,,below_bounded_prescreen
diff__compact__last10_margin_std,compact_performance,0.0,1315,1315,0.07821422180975611,0.06163859667386211,0.5,1.0,0.1348042312659261,0.22140148595096312,False,False,False,,below_bounded_prescreen
absdiff__compact__day120plus_margin_mean,compact_performance,0.0,1315,494,0.05347110667635155,0.10754511135498267,0.4,1.0,0.15793639810484872,0.2210678409949951,False,False,False,,below_bounded_prescreen
absdiff__norm__compact__margin_mean__pct,within_season_normalization,0.0,1315,788,-0.039062204626505025,0.07369333660976243,0.5,1.0,0.09001181159013279,0.22036601412691176,False,False,False,,below_bounded_prescreen
absdiff__norm__compact__margin_trim02__pct,within_season_normalization,0.0,1315,788,-0.039062204626505025,0.07369333660976243,0.5,1.0,0.09001181159013279,0.22036601412691176,False,False,False,,below_bounded_prescreen
absdiff__schedule__bad_loss_penalty_sum,schedule_and_accomplishment,0.0,1315,1313,-0.04872335403013827,0.10765019305685236,0.4,1.0,0.15153899357033657,0.22032967081110608,False,False,False,,below_bounded_prescreen
diff__detailed__all__oppfg3attemptrate_mean,detailed_efficiency,0.0,1315,1315,-0.04200330915373176,0.11252811860984502,0.4,1.0,0.17723968052165995,0.2201646377256802,False,False,False,,below_bounded_prescreen
diff__detailed__clean__oppfg3attemptrate_mean,detailed_efficiency,0.0,1315,1315,-0.04249522590603985,0.11246960619593217,0.4,1.0,0.18418428468389192,0.21996698928602054,False,False,False,,below_bounded_prescreen
mean__coach__prior_tournament_games,prior_coach_history,0.0,1315,141,0.04625143376806267,0.10438894190597042,0.4,1.0,0.12083649740356443,0.219448547647697,False,False,False,,below_bounded_prescreen
mean__prior__program_tournament_wins,prior_program_history,0.0,1315,133,0.05172780941366738,0.1047167692303245,0.4,1.0,0.15522788805596607,0.21943505177932393,False,False,False,,below_bounded_prescreen
mean__prior__program_win_pct_smoothed,prior_program_history,0.0,1315,1062,0.043956747656859606,0.10889500777036776,0.4,1.0,0.1745685611824912,0.218957345766986,False,False,False,,below_bounded_prescreen
absdiff__norm__detailed__clean__net_rtg_ros__pct,within_season_normalization,0.0,1315,716,-0.032681983239692354,0.07213598002911184,0.5,1.0,0.07724030968204139,0.21872569433942438,False,False,False,,below_bounded_prescreen
absdiff__detailed__last20__pace_mean,detailed_efficiency,0.0,1315,1239,-0.07723046846459279,0.08999902780723407,0.4,1.0,0.14567447334910988,0.2183632574757184,False,False,False,,below_bounded_prescreen
absdiff__compact__last10_margin_std,compact_performance,0.0,1315,1315,0.04463888029253679,0.06804440372905404,0.5,1.0,0.10873002619251793,0.2181326664066033,False,False,False,,below_bounded_prescreen
absdiff__massey__system_sag,massey_consensus,0.0,1315,733,-0.03304634734891883,0.10451755299996916,0.4,1.0,0.1311373389011864,0.2161931283006999,False,False,False,,below_bounded_prescreen
diff__detailed__clean__assistperfgm_median,detailed_efficiency,0.0,1315,1206,0.05282533698387595,0.09514006838848624,0.4,1.0,0.15304195407978846,0.21516712879973457,False,False,False,,below_bounded_prescreen
absdiff__detailed__all__tov_pct_ros,detailed_efficiency,0.0,1315,1315,-0.06308214791850819,0.12478899200899028,0.3,1.0,0.17439508768758127,0.21480098519888385,False,False,False,,below_bounded_prescreen
mean__prior__program_appearances,prior_program_history,0.0,1315,65,0.04901878974132751,0.09741873831926048,0.4,1.0,0.17037343188928228,0.2147301908607658,False,False,False,,below_bounded_prescreen
mean__detailed__neutral__pace_mean,detailed_efficiency,0.03878326996197719,1264,1247,0.027625535591847234,0.07160935046516975,0.5,1.0,0.06867197488387972,0.21460056546117448,False,False,False,,below_bounded_prescreen
absdiff__detailed__clean__tov_pct_ros,detailed_efficiency,0.0,1315,1315,-0.062336575916809404,0.12430161247792405,0.3,1.0,0.17935422051785854,0.21420465187038726,False,False,False,,below_bounded_prescreen
absdiff__detailed__last10__ft_rate_mean,detailed_efficiency,0.0,1315,1315,0.030538257530190068,0.10445735652085396,0.4,1.0,0.17073018237755144,0.21402874049154966,False,False,False,,below_bounded_prescreen
absdiff__compact__last10_margin_mean,compact_performance,0.0,1315,186,0.05075132432389517,0.09646167648628351,0.4,1.0,0.19392157727122175,0.21371003297382415,False,False,False,,below_bounded_prescreen
diff__detailed__last20__def_rtg_mean,detailed_efficiency,0.0,1315,1315,-0.06301643634379131,0.08510089220362169,0.4,1.0,0.12927572955667171,0.21354101507110562,False,False,False,,below_bounded_prescreen
absdiff__norm__schedule__quality_win_points_sum__pct,within_season_normalization,0.0,1315,711,-0.034259923113446965,0.09687419673863168,0.4,1.0,0.11396522211217054,0.21347818863501475,False,False,False,,below_bounded_prescreen
absdiff__massey__system_dok,massey_consensus,0.14600760456273765,1123,621,-0.04786760275672448,0.07013765897069033,0.5294117647058824,1.0,0.09888237494312901,0.21326692790260773,False,False,False,,below_bounded_prescreen
diff__detailed__clean__ftmaderate_median,detailed_efficiency,0.0,1315,1302,-0.0489384501270848,0.09179331698747395,0.4,1.0,0.1407839018456073,0.21319589510812187,False,False,False,,below_bounded_prescreen
diff__compact__last5_points_for_mean,compact_performance,0.0,1315,216,0.05648256317244083,0.09095969014207214,0.4,1.0,0.17776874839413104,0.21297606523036638,False,False,False,,below_bounded_prescreen
absdiff__compact__day110plus_margin_mean,compact_performance,0.0,1315,859,0.05276791318882842,0.0905791087314945,0.4,1.0,0.15809262757940284,0.21276320798948348,False,False,False,,below_bounded_prescreen
diff__detailed__all__ftmaderate_median,detailed_efficiency,0.0,1315,1303,-0.048684026475657796,0.09068791705804605,0.4,1.0,0.14083161230840663,0.21260742152017056,False,False,False,,below_bounded_prescreen
diff__compact__last20_margin_std,compact_performance,0.0,1315,1315,0.0795750042470175,0.11212227888071388,0.3,1.0,0.17002699012180178,0.21252411519221442,False,False,False,,below_bounded_prescreen
diff__detailed__last5__tov_pct_mean,detailed_efficiency,0.0,1315,1315,-0.06475147035784573,0.08511163272686545,0.4,1.0,0.20051109233425382,0.21107846349425133,False,False,False,,below_bounded_prescreen
absdiff__rating__elo_mov_log_percentile,dynamic_ratings,0.0,1315,663,-0.04049297163186433,0.09331698897175808,0.4,1.0,0.16660129413604435,0.21103655670001226,False,False,False,,below_bounded_prescreen
absdiff__detailed__clean__defrtg_std,detailed_efficiency,0.0,1315,1315,-0.03689891655105825,0.09343155558270436,0.4,1.0,0.14976683275057767,0.21097423501090778,False,False,False,,below_bounded_prescreen
absdiff__norm__rating__elo_mov_538__pct,within_season_normalization,0.0,1315,651,-0.041646975432071354,0.09266771103267683,0.4,1.0,0.16906102726579003,0.21088039480010898,False,False,False,,below_bounded_prescreen
absdiff__rating__elo_mov_538_percentile,dynamic_ratings,0.0,1315,651,-0.041646975432071354,0.09266771103267683,0.4,1.0,0.16906102726579003,0.21088039480010898,False,False,False,,below_bounded_prescreen
absdiff__massey__system_wlk,massey_consensus,0.0,1315,712,-0.03530694412939817,0.0889884596270435,0.4,1.0,0.12013592722181801,0.20967655124057577,False,False,False,,below_bounded_prescreen
absdiff__detailed__all__defrtg_std,detailed_efficiency,0.0,1315,1315,-0.038440130596163934,0.09046181783145293,0.4,1.0,0.15902916342332585,0.20951733475332046,False,False,False,,below_bounded_prescreen
mean__compact__days_since_last_game,compact_performance,0.0,1315,16,-0.036597388528965095,0.09273876545547938,0.4,1.0,0.17957484529163995,0.20938303908333683,False,False,False,,below_bounded_prescreen
seedprior__effective_games_pc2p0,prequential_seed_priors,0.0,1315,357,0.02913519715132784,0.09055173186547616,0.4,1.0,0.11252722339854158,0.209373485732779,False,False,False,,below_bounded_prescreen
seedprior__effective_games_pc8p0,prequential_seed_priors,0.0,1315,357,0.02913519715132784,0.09055173186547616,0.4,1.0,0.11252722339854158,0.209373485732779,False,False,False,,below_bounded_prescreen
absdiff__rating__elo_standard_percentile,dynamic_ratings,0.0,1315,680,-0.043370649447729975,0.08854080628813665,0.4,1.0,0.16897206686496602,0.20928224722220753,False,False,False,,below_bounded_prescreen
diff__compact__last10_points_against_mean,compact_performance,0.0,1315,334,-0.032194692546058265,0.13268569640760386,0.3,1.0,0.2448083423384016,0.2089796329422466,False,False,False,,below_bounded_prescreen
absdiff__massey__system_mor,massey_consensus,0.0,1315,762,-0.02594032003746567,0.09112588644240296,0.4,1.0,0.121629059115362,0.2085821335359814,False,False,False,,below_bounded_prescreen
absdiff__norm__schedule__rpi__pct,within_season_normalization,0.0,1315,688,-0.038387433045411125,0.08593368472511731,0.4,1.0,0.12809389668401672,0.2085696480706861,False,False,False,,below_bounded_prescreen
absdiff__detailed__last20__tov_pct_mean,detailed_efficiency,0.0,1315,1315,-0.02731241694696694,0.09235121405442556,0.4,1.0,0.14781405038915152,0.20842475245889094,False,False,False,,below_bounded_prescreen
absdiff__rating__elo_standard_delta,dynamic_ratings,0.0,1315,1315,0.03219318422973816,0.04896736907679075,0.5,1.0,0.06346592513350886,0.20804820068206162,False,False,False,,below_bounded_prescreen
absdiff__norm__rating__bt_c1p0__pct,within_season_normalization,0.0,1315,672,-0.044625003330546746,0.08448627185969423,0.4,1.0,0.16544888748440473,0.20775295572599733,False,False,False,,below_bounded_prescreen
absdiff__rating__bt_c1p0_percentile,global_strength_ratings,0.0,1315,672,-0.044625003330546746,0.08448627185969423,0.4,1.0,0.16544888748440473,0.20775295572599733,False,False,False,,below_bounded_prescreen
mean__detailed__clean__ftrate_std,detailed_efficiency,0.0,1315,1314,-0.005261141234808615,0.09979028132031151,0.4,1.0,0.132883125052995,0.20774146110328764,False,False,False,,below_bounded_prescreen
mean__detailed__all__ftrate_std,detailed_efficiency,0.0,1315,1314,-0.007234680688359741,0.09876163545179535,0.4,1.0,0.13385306324275797,0.2076430922385906,False,False,False,,below_bounded_prescreen
diff__compact__last10_points_for_mean,compact_performance,0.0,1315,338,0.05928649538417106,0.11132086662577806,0.3,1.0,0.17695901243605291,0.207398684467449,False,False,False,,below_bounded_prescreen
mean__conference__strength_std,conference_context,0.0,1315,1025,0.05555358310979572,0.07392610234161094,0.4,1.0,0.1430845179500071,0.20598293669012804,False,False,False,,below_bounded_prescreen
absdiff__massey__system_col,massey_consensus,0.0,1315,773,-0.03946805516102258,0.08007760807485798,0.4,1.0,0.1313834830621312,0.20586488468887154,False,False,False,,below_bounded_prescreen
absdiff__compact__margin_q25,compact_performance,0.0,1315,82,0.022620792533542503,0.08868700216123915,0.4,1.0,0.14458696507782415,0.20576285679166118,False,False,False,,below_bounded_prescreen
absdiff__detailed__last5__net_rtg_mean,detailed_efficiency,0.0,1315,1314,0.062440550554232914,0.10889559788793404,0.3,1.0,0.2077118107451945,0.20569833567833182,False,False,False,,below_bounded_prescreen
seedprior__pooled_pair_games,prequential_seed_priors,0.053231939163498096,1245,144,-0.03355296333362939,0.09563279419357607,0.4,1.0,0.19017754417888902,0.20541973624607957,False,False,False,,below_bounded_prescreen
absdiff__norm__rating__colley__pct,within_season_normalization,0.0,1315,688,-0.038228657467368955,0.07869390176666588,0.4,1.0,0.13166445993723297,0.2049167990933315,False,False,False,,below_bounded_prescreen
absdiff__rating__colley_percentile,global_strength_ratings,0.0,1315,688,-0.038228657467368955,0.07869390176666588,0.4,1.0,0.13166445993723297,0.2049167990933315,False,False,False,,below_bounded_prescreen
absdiff__schedule__opponent_strength_mean,schedule_and_accomplishment,0.0,1315,1315,-0.02285727237014007,0.12623915051992168,0.3,1.0,0.22266865960135926,0.20471664578693888,False,False,False,,below_bounded_prescreen
absdiff__norm__schedule__opponent_strength_mean__z,within_season_normalization,0.0,1315,1315,-0.022517263051236244,0.12623915113183704,0.3,1.0,0.22266867148452824,0.20464184355517262,False,False,False,,below_bounded_prescreen
diff__compact__margin_iqr,compact_performance,0.0,1315,128,0.06527950546988152,0.10535889106396637,0.3,1.0,0.20750525304745068,0.20463354879217976,False,False,False,,below_bounded_prescreen
absdiff__compact__day90plus_margin_mean,compact_performance,0.0,1315,1089,0.06264136901904324,0.10441059334023134,0.3,1.0,0.18330017069885535,0.20456617915954634,False,False,False,,below_bounded_prescreen
absdiff__detailed__all__ftrate_std,detailed_efficiency,0.0,1315,1315,0.025005041537139994,0.08424433846558507,0.4,1.0,0.13597640166082586,0.20449933553521862,False,False,False,,below_bounded_prescreen
absdiff__massey__system_rpi,massey_consensus,0.1520912547528517,1115,646,-0.04076340837816598,0.09691758255634207,0.4117647058823529,1.0,0.1179917743619163,0.2044837710567124,False,False,False,,below_bounded_prescreen
absdiff__schedule__opponent_strength_median,schedule_and_accomplishment,0.0,1315,1300,-0.022972981318087695,0.12154920994320861,0.3,1.0,0.1822244439016164,0.20410869890665476,False,False,False,,below_bounded_prescreen
absdiff__massey__system_dun,massey_consensus,0.09733840304182509,1187,635,-0.042584074349358715,0.07607164623884075,0.4444444444444444,1.0,0.14116055156744997,0.20356050335656958,False,False,False,,below_bounded_prescreen
absdiff__compact__last5_margin_mean,compact_performance,0.0,1315,114,0.06614639679492787,0.09755309296847678,0.3,1.0,0.16496499657105554,0.20277909205691075,False,False,False,,below_bounded_prescreen
absdiff__massey__rank_improvement_mean,massey_consensus,0.0,1315,1304,-0.041016624738438194,0.10812512333906685,0.3,1.0,0.15505406814187325,0.20272155391953356,False,False,False,,below_bounded_prescreen
absdiff__massey__system_cng,massey_consensus,0.20076045627376427,1051,607,-0.05061744527675025,0.06824153552597037,0.5,1.0,0.12905287613528124,0.20266882346603843,False,False,False,,below_bounded_prescreen
absdiff__detailed__last5__pace_mean,detailed_efficiency,0.0,1315,1082,-0.05705068481626123,0.10522927015511647,0.3,1.0,0.2192683941500721,0.20229046456803051,False,False,False,,below_bounded_prescreen
absdiff__massey__system_bih,massey_consensus,0.048669201520912544,1251,666,-0.033522258705343574,0.09216990674720377,0.3684210526315789,1.0,0.12959644068740947,0.20148642682571666,False,False,False,,below_bounded_prescreen
absdiff__compact__away_margin_std,compact_performance,0.0,1315,1315,0.06296307068249579,0.06136000862903136,0.4,1.0,0.14706151960801347,0.2014222189077636,False,False,False,,below_bounded_prescreen
absdiff__compact__margin_median,compact_performance,0.0,1315,42,0.05315278857969336,0.09798819422686247,0.3,1.0,0.13646042708259212,0.20126952963312283,False,False,False,,below_bounded_prescreen
absdiff__massey__system_mas,massey_consensus,0.19467680608365018,1059,573,-0.015113158093339721,0.07607288255163529,0.5,1.0,0.08847691515597597,0.20072665731238865,False,False,False,,below_bounded_prescreen
absdiff__adj__net_rtg_a50p0_percentile,opponent_adjusted_efficiency,0.0,1315,667,-0.03641118450693852,0.07041376045773586,0.4,1.0,0.1272066109609916,0.20072080117280003,False,True,True,44.0,selected
absdiff__norm__adj__net_rtg_a50p0__pct,within_season_normalization,0.0,1315,667,-0.03641118450693852,0.07041376045773586,0.4,1.0,0.1272066109609916,0.20072080117280003,False,False,False,,below_bounded_prescreen
diff__detailed__clean__ft_pct_ros,detailed_efficiency,0.0,1315,1315,0.05129753114210674,0.10209816785680635,0.3,1.0,0.2036655643032743,0.20014595485039957,False,False,False,,below_bounded_prescreen
absdiff__seed__number,selection_committee_prior,0.0,1315,15,-0.0036574697545456265,0.0841501798969048,0.4,1.0,0.12979524545362406,0.20000491987836938,False,False,False,,below_bounded_prescreen
matchup__seed_gap_abs,matchup_context,0.0,1315,15,-0.0036574697545456265,0.0841501798969048,0.4,1.0,0.12979524545362406,0.20000491987836938,False,True,True,25.0,selected
diff__detailed__all__ft_pct_ros,detailed_efficiency,0.0,1315,1315,0.0517147190883215,0.10163835087123813,0.3,1.0,0.2043481280139648,0.19998972149706645,False,False,False,,below_bounded_prescreen
diff__detailed__all__assistperfgm_median,detailed_efficiency,0.0,1315,1213,0.05442283163205039,0.09529636544632604,0.3,1.0,0.150318882972117,0.1997025230544029,False,False,False,,below_bounded_prescreen
absdiff__compact__pythag_exp13p91,compact_performance,0.0,1315,1315,-0.028659774220037838,0.0702588842364284,0.4,1.0,0.11139298179004817,0.19957369549029202,False,False,False,,below_bounded_prescreen
mean__detailed__all__offrtg_std,detailed_efficiency,0.0,1315,1315,-0.05087602746300658,0.09658915653983538,0.3,1.0,0.15739764291538783,0.19925961546436693,False,False,False,,below_bounded_prescreen
diff__detailed__all__oppftpct_median,detailed_efficiency,0.0,1315,1007,-0.03593100870041064,0.10220960896121532,0.3,1.0,0.15558862407896457,0.19874188925231512,False,False,False,,below_bounded_prescreen
diff__detailed__clean__oppftpct_median,detailed_efficiency,0.0,1315,1007,-0.03637620173311146,0.10113657090218661,0.3,1.0,0.1542864391033189,0.19837686085020134,False,False,False,,below_bounded_prescreen
mean__detailed__clean__offrtg_std,detailed_efficiency,0.0,1315,1315,-0.04995803494411551,0.09470555514158191,0.3,1.0,0.15293902144747448,0.19833187329776578,False,False,False,,below_bounded_prescreen
absdiff__massey__system_wil,massey_consensus,0.14600760456273765,1123,611,-0.0423529359508141,0.08038324802419987,0.4117647058823529,1.0,0.09823278855722303,0.19817403799466357,False,False,False,,below_bounded_prescreen
absdiff__detailed__last10__net_rtg_mean,detailed_efficiency,0.0,1315,1315,0.04965007144315639,0.0972024537073648,0.3,1.0,0.18727223837269702,0.19808930396212165,False,False,False,,below_bounded_prescreen
absdiff__massey__strength_max,massey_consensus,0.0,1315,686,-0.03935940575193346,0.0976582617550967,0.3,1.0,0.1423055588111728,0.19784281255542488,False,False,False,,below_bounded_prescreen
absdiff__compact__rest_days_mean,compact_performance,0.0,1315,782,-0.048576815672927355,0.05910940873025555,0.4,1.0,0.13103759591236608,0.19781791180207206,False,False,False,,below_bounded_prescreen
diff__detailed__all__drbpct_median,detailed_efficiency,0.0,1315,1251,0.030234818050737945,0.10460330547868531,0.3,1.0,0.17880321429865476,0.1977091180289851,False,False,False,,below_bounded_prescreen
absdiff__compact__pythag_exp11p5,compact_performance,0.0,1315,1315,-0.02038387924160142,0.07072381362772201,0.4,1.0,0.1243905133260278,0.19745626344141776,False,False,False,,below_bounded_prescreen
absdiff__compact__last10_margin_median,compact_performance,0.0,1315,51,0.04170206893978443,0.09588657195253836,0.3,1.0,0.14699772029684852,0.19732010089209706,False,False,False,,below_bounded_prescreen
diff__detailed__last10__pace_mean,detailed_efficiency,0.0,1315,1257,-0.024592097800741203,0.10898320046874516,0.3,1.0,0.2227324974091465,0.1968128978447949,False,False,False,,below_bounded_prescreen
absdiff__massey__ordinal_min,massey_consensus,0.0,1315,138,-0.03893622158183159,0.0951839769102509,0.3,1.0,0.13888931104669594,0.19669870522305555,False,False,False,,below_bounded_prescreen
diff__detailed__all__fg3attemptrate_median,detailed_efficiency,0.0,1315,1305,-0.04276671183269775,0.09365436630548538,0.3,1.0,0.16700968499479718,0.1956823850300346,False,False,False,,below_bounded_prescreen
diff__compact__half_pointsagainstmean_second,compact_performance,0.0,1315,1159,-0.03931332691202674,0.13454887474365645,0.2,1.0,0.2391059225112292,0.19566815489715184,False,False,False,,below_bounded_prescreen
absdiff__schedule__top_quartile_games,schedule_and_accomplishment,0.0,1315,25,-0.03269225621756304,0.1326636868285562,0.2,1.0,0.182793130949256,0.19555914080760062,False,False,False,,below_bounded_prescreen
diff__detailed__neutral__pace_mean,detailed_efficiency,0.03878326996197719,1264,1245,0.0569552601294722,0.09429210785583153,0.3,1.0,0.1861076966017544,0.19524339953825465,False,False,False,,below_bounded_prescreen
absdiff__rating__bt_c0p25_percentile,global_strength_ratings,0.0,1315,663,-0.04031446009544731,0.09313450344169412,0.3,1.0,0.16456622216363442,0.19499109398646622,False,False,False,,below_bounded_prescreen
absdiff__detailed__last5__tov_pct_mean,detailed_efficiency,0.0,1315,1314,0.05831738731822716,0.0831715544236806,0.3,1.0,0.14455065298183323,0.19497014521410333,False,False,False,,below_bounded_prescreen
mean__massey__ordinal_std,massey_consensus,0.0,1315,1315,-0.04842048185883906,0.08683878558441414,0.3,1.0,0.14105320449786324,0.19469299490954886,False,False,False,,below_bounded_prescreen
absdiff__compact__last20_margin_median,compact_performance,0.0,1315,46,0.028888074420666054,0.13871322207689626,0.2,1.0,0.25787134595081307,0.1946228691314242,False,False,False,,below_bounded_prescreen
absdiff__compact__away_win_pct,compact_performance,0.0,1315,448,0.02333583664162789,0.09745261808160148,0.3,1.0,0.13509970531733062,0.19450715252763362,False,False,False,,below_bounded_prescreen
diff__compact__margin_mad,compact_performance,0.0,1315,38,0.05695941589954669,0.04916665361392361,0.4,1.0,0.1409917647296169,0.19449139464339893,False,False,False,,below_bounded_prescreen
diff__compact__ewm_h5_points_against,compact_performance,0.0,1315,1315,-0.037516313685489466,0.13082328598864157,0.2,1.0,0.22844009017439826,0.19391116267837968,False,False,False,,below_bounded_prescreen
absdiff__massey__strength_mean,massey_consensus,0.0,1315,1315,-0.03302744776846472,0.0896103201480644,0.3,1.0,0.11458665665996684,0.1936955259137345,False,False,False,,below_bounded_prescreen
absdiff__norm__massey__strength_mean__z,within_season_normalization,0.0,1315,1315,-0.03288728755397887,0.0896103210036057,0.3,1.0,0.11458665441317098,0.19366469116707927,False,False,False,,below_bounded_prescreen
absdiff__schedule__bad_losses,schedule_and_accomplishment,0.0,1315,9,-0.01807000167787644,0.10068637710636189,0.3,1.0,0.1701779210265812,0.19349774453912327,False,False,False,,below_bounded_prescreen
absdiff__detailed__home__pace_mean,detailed_efficiency,0.0,1315,1311,-0.056672472547876725,0.11497322415236357,0.2,1.0,0.16113083269333223,0.19320985824593412,False,False,False,,below_bounded_prescreen
mean__coach__prior_tournament_appearances,prior_coach_history,0.0,1315,52,0.04073047432299615,0.08597618534607096,0.3,1.0,0.1331872556264701,0.19290178309211442,False,False,False,,below_bounded_prescreen
absdiff__compact__away_margin_mean,compact_performance,0.0,1315,1121,0.043319646044791986,0.08826505827064082,0.3,1.0,0.18502331209843334,0.1924966176158245,False,False,False,,below_bounded_prescreen
seedprior__generic_gender_games,prequential_seed_priors,0.0,1315,21,0.017335157241447408,0.09528665975384687,0.3,1.0,0.1326864978918646,0.19224387135929036,False,False,False,,below_bounded_prescreen
matchup__equal_seed,matchup_context,0.0,1315,2,-0.015098847601676738,0.0952866597538469,0.3,1.0,0.13268649789186462,0.1917518832385408,False,True,True,26.0,selected
absdiff__detailed__all__ftmaderate_median,detailed_efficiency,0.0,1315,1292,0.0450987209073149,0.1171514058229629,0.2,1.0,0.16904976199301144,0.19139240291491103,False,False,False,,below_bounded_prescreen
absdiff__detailed__clean__orb_pct_ros,detailed_efficiency,0.0,1315,1315,0.029318423541223736,0.08870047504235518,0.3,1.0,0.15040416188983385,0.19101011472380636,False,False,False,,below_bounded_prescreen
absdiff__detailed__all__orb_pct_ros,detailed_efficiency,0.0,1315,1315,0.029698022977382547,0.08831351190409353,0.3,1.0,0.15479324381791892,0.1907323210162723,False,False,False,,below_bounded_prescreen
seedprior__exact_pair_games,prequential_seed_priors,0.0,1315,103,-0.029984238814341084,0.12661761929371446,0.2,1.0,0.21701887141668452,0.1906922349434706,False,False,False,,below_bounded_prescreen
mean__compact__day90plus_games,compact_performance,0.0,1315,16,-0.02507194505210236,0.06242703410995615,0.3684210526315789,1.0,0.10765624892760137,0.19012192274819006,False,False,False,,below_bounded_prescreen
absdiff__detailed__all__efg_std,detailed_efficiency,0.0,1315,1315,-0.015900220581894716,0.09172057520163177,0.3,1.0,0.14053423637793713,0.1899025551696826,False,False,False,,below_bounded_prescreen
absdiff__detailed__clean__ftmaderate_median,detailed_efficiency,0.0,1315,1289,0.04464971006570036,0.11637316737439049,0.2,1.0,0.1951080199429423,0.18987773575644382,False,False,False,,below_bounded_prescreen
diff__detailed__all__ftpct_mean,detailed_efficiency,0.0,1315,1315,0.05679462212675914,0.11121113302653274,0.2,1.0,0.20448640033182458,0.18969670470734973,False,False,False,,below_bounded_prescreen
diff__detailed__clean__ftpct_mean,detailed_efficiency,0.0,1315,1315,0.05646194796318418,0.11109288132483422,0.2,1.0,0.2050378494994253,0.18954469760784395,False,False,False,,below_bounded_prescreen
absdiff__norm__schedule__opponent_strength_mean__pct,within_season_normalization,0.0,1315,912,-0.01861799370097394,0.12755239711327365,0.2,1.0,0.1963836396566815,0.18946576364231837,False,False,False,,below_bounded_prescreen
absdiff__compact__day120plus_win_pct,compact_performance,0.0,1315,31,0.022757980661782615,0.0915120363226262,0.3,1.0,0.18725037632143327,0.18944251812759544,False,False,False,,below_bounded_prescreen
absdiff__detailed__clean__efg_std,detailed_efficiency,0.0,1315,1315,-0.01364121884550123,0.09156993828302597,0.3,1.0,0.13921278268110857,0.1893861272146184,False,False,False,,below_bounded_prescreen
diff__detailed__last10__def_rtg_mean,detailed_efficiency,0.0,1315,1315,-0.01955252738276904,0.05085203060578755,0.4,1.0,0.08319107836046283,0.1893828875805687,False,False,False,,below_bounded_prescreen
absdiff__schedule__oowp,schedule_and_accomplishment,0.0,1315,1315,-0.02597631995435514,0.12719392223020187,0.2,1.0,0.24973860644523974,0.18877832880264542,False,False,False,,below_bounded_prescreen
absdiff__rating__margin_ridge_a5p0,global_strength_ratings,0.0,1315,1315,-0.013416099819427155,0.09336478298900154,0.3,1.0,0.18350031850171805,0.18842662505492597,False,False,False,,below_bounded_prescreen
absdiff__rating__margin_ridge_a5p0_z,global_strength_ratings,0.0,1315,1315,-0.011896066542124866,0.09336478600664266,0.3,1.0,0.18350032864744342,0.1880922187765582,False,False,False,,below_bounded_prescreen
absdiff__compact__last5_margin_median,compact_performance,0.0,1315,33,0.015050849575445818,0.12701262906583116,0.2,1.0,0.22777016991005816,0.1871664420617947,False,False,False,,below_bounded_prescreen
diff__detailed__clean__fg3pct_median,detailed_efficiency,0.0,1315,1019,0.07033710772166026,0.06498912373818774,0.3,1.0,0.19232427328121554,0.18697597216184675,False,False,False,,below_bounded_prescreen
diff__detailed__ewm_h5__efg,detailed_efficiency,0.0,1315,1315,0.05876663868214251,0.10448875176319322,0.2,1.0,0.20565684971198558,0.1868569873679247,False,False,False,,below_bounded_prescreen
absdiff__compact__pythag_residual_exp10p0,compact_performance,0.0,1315,1315,0.01939340168211602,0.04277251025819583,0.4,1.0,0.06122262499476129,0.1863484482942091,False,False,False,,below_bounded_prescreen
diff__detailed__clean__oppassistperfgm_mean,detailed_efficiency,0.0,1315,1315,-0.04580964406029889,0.10994697641741094,0.2,1.0,0.21474384368436428,0.18626291662624844,False,False,False,,below_bounded_prescreen
diff__detailed__all__oppassistperfgm_mean,detailed_efficiency,0.0,1315,1315,-0.04503051093295868,0.10955743528022696,0.2,1.0,0.21480447652496948,0.18590210227876108,False,False,False,,below_bounded_prescreen
mean__coach__prior_tournament_win_pct_smoothed,prior_coach_history,0.0,1315,688,0.030560504712006928,0.11167164710279665,0.2,1.0,0.1659385667666545,0.18568815897531774,False,False,False,,below_bounded_prescreen
mean__prior__program_years_since_appearance,prior_program_history,0.053231939163498096,1245,32,-0.03823540106727276,0.11984747783462632,0.2,1.0,0.21073727122030173,0.18525053161352875,False,False,False,,below_bounded_prescreen
absdiff__detailed__ewm_h10__efg,detailed_efficiency,0.0,1315,1315,0.001235242580293425,0.13130222916575413,0.2,1.0,0.26539575340504523,0.18468099323102471,False,False,False,,below_bounded_prescreen
absdiff__rating__elo_season_reset_mov_percentile,dynamic_ratings,0.0,1315,645,-0.03476257158426266,0.10868459756673425,0.2,1.0,0.17964094465553815,0.1846307347943487,False,False,False,,below_bounded_prescreen
diff__detailed__home__pace_mean,detailed_efficiency,0.0,1315,1314,0.05394589497452062,0.09819271448691555,0.2,1.0,0.159711082019187,0.18461215656734653,False,False,False,,below_bounded_prescreen
diff__detailed__ewm_h5__defrtg,detailed_efficiency,0.0,1315,1315,-0.03485432208850838,0.0679761828550825,0.3,1.0,0.11614225852159829,0.18365082828904752,False,False,False,,below_bounded_prescreen
diff__detailed__all__fg3pct_median,detailed_efficiency,0.0,1315,1017,0.06957409100071522,0.058647036130361846,0.3,1.0,0.19545985726190193,0.18363848307225497,False,False,False,,below_bounded_prescreen
absdiff__detailed__away__net_rtg_mean,detailed_efficiency,0.0,1315,1315,0.04030550952548413,0.10187935088758565,0.2,1.0,0.15810661520233563,0.18344503591355418,False,False,False,,below_bounded_prescreen
absdiff__detailed__last20__ft_rate_mean,detailed_efficiency,0.0,1315,1315,0.004528491952891421,0.12112307321590707,0.2,1.0,0.19273629218441427,0.18342589168589493,False,False,False,,below_bounded_prescreen
absdiff__detailed__last10__orb_pct_mean,detailed_efficiency,0.0,1315,1315,0.029879570238584507,0.0698085315818781,0.3,1.0,0.11876190763687565,0.18333112430631504,False,False,False,,below_bounded_prescreen
absdiff__schedule__owp,schedule_and_accomplishment,0.0,1315,1315,-0.007625749820702607,0.11949948458644541,0.2,1.0,0.19395950283355262,0.18327903744870627,False,False,False,,below_bounded_prescreen
absdiff__norm__detailed__all__efg_ros__z,within_season_normalization,0.0,1315,1315,0.010728027589177146,0.12033774883524953,0.2,1.0,0.23573126305591682,0.18269303498830208,False,False,False,,below_bounded_prescreen
diff__detailed__last5__pace_mean,detailed_efficiency,0.0,1315,1201,-0.005394190863155579,0.08301076139385685,0.3,1.0,0.15923214289922316,0.1826626017429766,False,False,False,,below_bounded_prescreen
diff__detailed__all__opp_tov_pct_ros,detailed_efficiency,0.0,1315,1315,0.04558268600417518,0.06275817984478885,0.3,1.0,0.13925959306358948,0.18258173352387358,False,False,False,,below_bounded_prescreen
absdiff__detailed__all__efg_ros,detailed_efficiency,0.0,1315,1315,0.00922940723504086,0.12033774880041997,0.2,1.0,0.23573125939865763,0.18236333863996426,False,False,False,,below_bounded_prescreen
absdiff__compact__half_delta_marginmean,compact_performance,0.0,1315,1255,0.045383965625977386,0.09897819749307285,0.2,1.0,0.17857448415003974,0.18235102786838842,False,False,False,,below_bounded_prescreen
absdiff__detailed__all__efg_mean,detailed_efficiency,0.0,1315,1315,0.003436795631849876,0.12287912978505083,0.2,1.0,0.24763265234805681,0.1818327712419091,False,False,False,,below_bounded_prescreen
absdiff__detailed__all__efg_trim02,detailed_efficiency,0.0,1315,1315,0.003436795631849876,0.12287912978505083,0.2,1.0,0.24763265234805681,0.1818327712419091,False,False,False,,below_bounded_prescreen
absdiff__detailed__clean__efg_mean,detailed_efficiency,0.0,1315,1315,0.004309091435046934,0.12153491491757434,0.2,1.0,0.25027048474990726,0.18127393988614973,False,False,False,,below_bounded_prescreen
absdiff__detailed__clean__efg_trim02,detailed_efficiency,0.0,1315,1315,0.004309091435046934,0.12153491491757434,0.2,1.0,0.25027048474990726,0.18127393988614973,False,False,False,,below_bounded_prescreen
absdiff__detailed__clean__efg_ros,detailed_efficiency,0.0,1315,1315,0.009662892364666548,0.11748790230805012,0.2,1.0,0.23705516509572044,0.1810378228242619,False,False,False,,below_bounded_prescreen
mean__compact__away_games,compact_performance,0.0,1315,24,-0.04422464890943809,0.09957191396345633,0.2,1.0,0.21730887178239627,0.18083158659123957,False,False,False,,below_bounded_prescreen
mean__detailed__away__games,detailed_efficiency,0.0,1315,24,-0.04422464890943809,0.09957191396345633,0.2,1.0,0.21730887178239627,0.18083158659123957,False,False,False,,below_bounded_prescreen
diff__detailed__all__fg3_attempt_rate_ros,detailed_efficiency,0.0,1315,1315,-0.04390848639558231,0.09503962996100954,0.2,1.0,0.16640353410121245,0.1806227480242642,False,False,False,,below_bounded_prescreen
diff__detailed__clean__drbpct_median,detailed_efficiency,0.0,1315,1256,0.02877272347577179,0.10210539507360146,0.2,1.0,0.17640809858446463,0.1802842648566199,False,False,False,,below_bounded_prescreen
absdiff__detailed__all__opp_tov_pct_ros,detailed_efficiency,0.0,1315,1315,-0.018077133069310747,0.10992676957112826,0.2,1.0,0.21430380142908156,0.18016966661222666,False,False,False,,below_bounded_prescreen
absdiff__compact__pythag_exp10p0,compact_performance,0.0,1315,1315,-0.014588409979823141,0.07140389205805388,0.3,1.0,0.1330811917229045,0.1801600707145108,False,False,False,,below_bounded_prescreen
absdiff__schedule__quality_wins,schedule_and_accomplishment,0.0,1315,20,-0.035676681594588075,0.09524278525911067,0.2,1.0,0.13598828819658565,0.18012587534731908,False,False,False,,below_bounded_prescreen
absdiff__compact__margin_slope,compact_performance,0.0,1315,1312,0.051975427869811075,0.09397638615717901,0.2,1.0,0.214472812726755,0.17996434697773417,False,False,False,,below_bounded_prescreen
diff__detailed__clean__fg3attemptrate_median,detailed_efficiency,0.0,1315,1306,-0.04260762519334317,0.09358443722256396,0.2,1.0,0.16501597857022732,0.1796935682665571,False,False,False,,below_bounded_prescreen
absdiff__detailed__clean__opp_tov_pct_ros,detailed_efficiency,0.0,1315,1315,-0.0158582289095862,0.11001977024763929,0.2,1.0,0.21515064166510023,0.17969227441237182,False,False,False,,below_bounded_prescreen
diff__detailed__ewm_h10__fg3attemptrate,detailed_efficiency,0.0,1315,1315,-0.027208599191901776,0.10345443806631482,0.2,1.0,0.20028981419065994,0.1796324295264231,False,False,False,,below_bounded_prescreen
absdiff__detailed__clean__opp_ft_rate_ros,detailed_efficiency,0.0,1315,1315,-0.005924063895837595,0.073699786898177,0.3,1.0,0.1305585502398282,0.17945684975861612,False,False,False,,below_bounded_prescreen
diff__detailed__clean__fg3_attempt_rate_ros,detailed_efficiency,0.0,1315,1315,-0.04407918873290173,0.09200808125703917,0.2,1.0,0.16779966654106376,0.17914931386297464,False,False,False,,below_bounded_prescreen
absdiff__detailed__all__opp_ft_rate_ros,detailed_efficiency,0.0,1315,1315,-0.008316660290139838,0.07170756663840216,0.3,1.0,0.12995084440854626,0.17905126347392197,False,False,False,,below_bounded_prescreen
diff__conference__tourney_games,conference_context,0.014448669201520912,1296,7,-0.03295096709345453,0.10439721289757256,0.2,1.0,0.23394978911053754,0.17884598985085168,False,False,False,,below_bounded_prescreen
absdiff__schedule__quality_win_points_mean,schedule_and_accomplishment,0.0,1315,1315,-0.010892531498133204,0.06972334390558248,0.3,1.0,0.1264055967989694,0.17880733813231012,False,False,False,,below_bounded_prescreen
diff__detailed__last5__opp_efg_mean,detailed_efficiency,0.0,1315,1315,-0.00043260009781756785,0.07513695689285044,0.3,1.0,0.15085489579097106,0.17812671549844925,False,False,False,,below_bounded_prescreen
diff__compact__neutral_win_pct,compact_performance,0.03878326996197719,1264,147,0.02113072654536839,0.07190444678413323,0.3,1.0,0.15027015946531572,0.1780494263207942,False,False,False,,below_bounded_prescreen
absdiff__detailed__all__ftmaderate_mean,detailed_efficiency,0.0,1315,1315,0.05483655684028003,0.12397418042558199,0.1,1.0,0.23963056276521882,0.17798642659853223,False,False,False,,below_bounded_prescreen
absdiff__schedule__elite_wins,schedule_and_accomplishment,0.0,1315,12,-0.0026652232225397236,0.08833201937666896,0.2631578947368421,1.0,0.18155414861389124,0.17782881562309893,False,False,False,,below_bounded_prescreen
mean__compact__close5_games,compact_performance,0.0,1315,26,-0.027653938748367853,0.09726653794418573,0.2,1.0,0.17442932483260884,0.17779463174454574,False,False,False,,below_bounded_prescreen
diff__detailed__last5__efg_mean,detailed_efficiency,0.0,1315,1315,0.038241307461889494,0.09278031485732224,0.2,1.0,0.18108913183101732,0.17770407349988968,False,False,False,,below_bounded_prescreen
absdiff__schedule__top_decile_games,schedule_and_accomplishment,0.0,1315,15,-0.017617554457103817,0.06648825436896791,0.3,1.0,0.15752039545831553,0.17748940825933482,False,False,False,,below_bounded_prescreen
diff__detailed__last5__net_rtg_mean,detailed_efficiency,0.0,1315,1315,0.05045313784043295,0.04704212757933848,0.3,1.0,0.10788929296305658,0.17736433984445546,False,False,False,,below_bounded_prescreen
absdiff__adj__def_rtg_a10p0,opponent_adjusted_efficiency,0.0,1315,1315,-0.026439611760118293,0.0921804296970549,0.2,1.0,0.1185611256352318,0.1773208758164031,False,True,True,45.0,selected
diff__detailed__last5__def_rtg_mean,detailed_efficiency,0.0,1315,1315,0.016858452887805398,0.06361387937205104,0.3,1.0,0.1263021631190217,0.17719143520914082,False,False,False,,below_bounded_prescreen
absdiff__detailed__all__ft_rate_ros,detailed_efficiency,0.0,1315,1315,0.02543042219628112,0.13794010148838282,0.1,1.0,0.26802441181018943,0.17708496512519803,False,False,False,,below_bounded_prescreen
absdiff__detailed__all__efg_median,detailed_efficiency,0.0,1315,1266,0.02160280210971602,0.09669050936237007,0.2,1.0,0.15631723619816162,0.17691137151014869,False,False,False,,below_bounded_prescreen
mean__prior__program_has_tournament_history,prior_program_history,0.0,1315,3,0.02465642870453733,0.09481634546566536,0.2,1.0,0.15554986609207877,0.17671426549483446,False,False,False,,below_bounded_prescreen
absdiff__detailed__clean__ftmaderate_mean,detailed_efficiency,0.0,1315,1315,0.052923036403948555,0.12140954837901602,0.1,1.0,0.23739498763669392,0.17642385172532862,False,False,False,,below_bounded_prescreen
mean__coach__prior_final_appearances,prior_coach_history,0.0,1315,13,0.04067464127234711,0.08738308207785603,0.2,1.0,0.16590661018616926,0.1762560360698405,False,False,False,,below_bounded_prescreen
diff__detailed__neutral__def_rtg_mean,detailed_efficiency,0.03878326996197719,1264,1264,-0.006252036984847398,0.07418572660215912,0.3,1.0,0.1445812212827832,0.17609868645743332,False,False,False,,below_bounded_prescreen
absdiff__compact__close5_win_pct,compact_performance,0.003041825095057034,1311,289,0.03820620079470744,0.08773650951512374,0.2,1.0,0.15575027215196863,0.17604553184841173,False,False,False,,below_bounded_prescreen
absdiff__compact__days_since_last_game,compact_performance,0.0,1315,9,-0.057496036615988996,0.0800514858649385,0.2,1.0,0.18149025454501302,0.17581423108888755,False,False,False,,below_bounded_prescreen
diff__compact__last5_win_pct,compact_performance,0.0,1315,9,-0.012187041524072899,0.059122229319428586,0.3,1.0,0.08917210314165908,0.1754929350829554,False,False,False,,below_bounded_prescreen
diff__compact__last5_margin_median,compact_performance,0.0,1315,58,0.04876126612147041,0.0799303927023251,0.2,1.0,0.1438238538851495,0.17534111288843357,False,False,False,,below_bounded_prescreen
mean__compact__margin_mad,compact_performance,0.0,1315,37,-0.021161670761345758,0.09511989367810392,0.2,1.0,0.1760986518821001,0.17526917045770196,False,False,False,,below_bounded_prescreen
absdiff__rating__elo_mov_538_delta,dynamic_ratings,0.0,1315,1315,0.009605628247860558,0.06132001171837284,0.3,1.0,0.10843621611847488,0.1752093951946093,False,False,False,,below_bounded_prescreen
absdiff__detailed__clean__ft_rate_ros,detailed_efficiency,0.0,1315,1315,0.024276720199979906,0.13434879173940162,0.1,1.0,0.2731351456801767,0.17490289265170128,False,False,False,,below_bounded_prescreen
absdiff__detailed__last5__ft_rate_mean,detailed_efficiency,0.0,1315,1315,0.011013895079171684,0.1368572191688951,0.1,1.0,0.23473264501768093,0.17472521631778018,False,False,False,,below_bounded_prescreen
absdiff__adj__net_rtg_a10p0_percentile,opponent_adjusted_efficiency,0.0,1315,685,-0.04196681336742795,0.08196297366967803,0.2,1.0,0.14801499980764776,0.1746543263099737,False,True,True,46.0,selected
absdiff__norm__adj__net_rtg_a10p0__pct,within_season_normalization,0.0,1315,685,-0.04196681336742795,0.08196297366967803,0.2,1.0,0.14801499980764776,0.1746543263099737,False,False,False,,below_bounded_prescreen
absdiff__detailed__all__ftmade_rate_ros,detailed_efficiency,0.0,1315,1315,0.059553603619022545,0.1152542312479193,0.1,1.0,0.25178778480515285,0.17435231240298013,False,False,False,,below_bounded_prescreen
absdiff__massey__rank_improvement_median,massey_consensus,0.0,1315,95,-0.03967434454410672,0.08496273959494241,0.2,1.0,0.17929248284634433,0.17433877149142205,False,False,False,,below_bounded_prescreen
absdiff__detailed__neutral__pace_mean,detailed_efficiency,0.03878326996197719,1264,1228,0.007395627098684121,0.07023323383812168,0.3,1.0,0.14826949554494562,0.1743055487852529,False,False,False,,below_bounded_prescreen
absdiff__norm__rating__margin_ridge_a25p0__pct,within_season_normalization,0.0,1315,680,-0.03927989834101132,0.08369091785193633,0.2,1.0,0.163004193960388,0.17429305044553642,False,False,False,,below_bounded_prescreen
absdiff__rating__margin_ridge_a25p0_percentile,global_strength_ratings,0.0,1315,680,-0.03927989834101132,0.08369091785193633,0.2,1.0,0.163004193960388,0.17429305044553642,False,False,False,,below_bounded_prescreen
absdiff__norm__compact__win_pct__pct,within_season_normalization,0.0,1315,846,-0.03668519931391474,0.08581248271884476,0.2,1.0,0.17503354765977266,0.17425939364771584,False,False,False,,below_bounded_prescreen
diff__detailed__clean__oppassistperfgm_median,detailed_efficiency,0.0,1315,1072,-0.02988571865753462,0.08942527704516515,0.2,1.0,0.18342193855055283,0.17416211354431477,False,False,False,,below_bounded_prescreen
absdiff__rating__pagerank_binary,global_strength_ratings,0.0,1315,1315,-0.016266537881522228,0.09330701980570968,0.2,1.0,0.16519211712247067,0.17375832315577672,False,False,False,,below_bounded_prescreen
absdiff__rating__pagerank_binary_z,global_strength_ratings,0.0,1315,1315,-0.015880474576355587,0.09330701888029737,0.2,1.0,0.16519211350684143,0.1736733889290673,False,False,False,,below_bounded_prescreen
absdiff__detailed__clean__efg_median,detailed_efficiency,0.0,1315,1267,0.020186691180094217,0.08855905639340436,0.2,1.0,0.1432224232136075,0.17322052219991052,False,False,False,,below_bounded_prescreen
diff__compact__last20_points_against_mean,compact_performance,0.0,1315,524,-0.05797001434038537,0.1093124245563972,0.1,1.0,0.2015049137688075,0.17316317039120316,False,False,False,,below_bounded_prescreen
diff__detailed__all__oppassistperfgm_median,detailed_efficiency,0.0,1315,1075,-0.02882520845038842,0.08802173235168168,0.2,1.0,0.1879341497056494,0.1730746113996667,False,False,False,,below_bounded_prescreen
absdiff__rating__margin_ridge_a5p0_percentile,global_strength_ratings,0.0,1315,718,-0.040094119602592584,0.08211288480539206,0.2,1.0,0.17967376557970566,0.17304794039597035,False,False,False,,below_bounded_prescreen
absdiff__detailed__clean__ftmade_rate_ros,detailed_efficiency,0.0,1315,1315,0.057545611872331884,0.11271963597441703,0.1,1.0,0.2492209065956224,0.1727966236158083,False,False,False,,below_bounded_prescreen
absdiff__compact__home_margin_std,compact_performance,0.0,1315,1315,-0.004042892602547548,0.09854546653508925,0.2,1.0,0.19095093329778318,0.17255322297749198,False,False,False,,below_bounded_prescreen
diff__detailed__all__ftpct_median,detailed_efficiency,0.0,1315,1123,0.05296317020356642,0.0784817687043244,0.2,1.0,0.22336655496522,0.17238848422425151,False,False,False,,below_bounded_prescreen
absdiff__conference__strength_std,conference_context,0.0,1315,1014,0.03062558044424319,0.08259965376574979,0.2,1.0,0.15064696503063074,0.1723595829040682,False,False,False,,below_bounded_prescreen
diff__detailed__clean__ftpct_median,detailed_efficiency,0.0,1315,1123,0.05242117043185902,0.07846614026381407,0.2,1.0,0.22195745816725537,0.17231810649494952,False,False,False,,below_bounded_prescreen
absdiff__compact__pythag_residual_exp11p5,compact_performance,0.0,1315,1315,0.015322181779364164,0.04849031644533576,0.3,1.0,0.06641974684855498,0.17198944201127908,False,False,False,,below_bounded_prescreen
absdiff__conference__tourney_win_pct,conference_context,0.014448669201520912,1296,9,-0.0009282632907658582,0.10274841909876994,0.2,1.0,0.21048693739223798,0.17194808805956688,False,False,False,,below_bounded_prescreen
mean__prior__program_championships,prior_program_history,0.0,1315,9,0.04600010298913264,0.0731958722845284,0.2,1.0,0.14667736405722606,0.17138694679189379,False,False,False,,below_bounded_prescreen
absdiff__rating__pagerank_margin,global_strength_ratings,0.0,1315,1315,-0.020062125922754182,0.12325671990992204,0.1,1.0,0.2065703619187861,0.17131407878301705,False,False,False,,below_bounded_prescreen
absdiff__detailed__last20__def_rtg_mean,detailed_efficiency,0.0,1315,1315,0.039757631068898236,0.07700119456320868,0.2,1.0,0.16087000694643422,0.1712724519476404,False,False,False,,below_bounded_prescreen
mean__compact__margin_iqr,compact_performance,0.0,1315,122,-0.027366795733308504,0.11803764008949844,0.1,1.0,0.18536169882484307,0.17126429435129342,False,False,False,,below_bounded_prescreen
absdiff__norm__rating__pagerank_margin__z,within_season_normalization,0.0,1315,1315,-0.019275328300826275,0.12325673168472569,0.1,1.0,0.2065703810039794,0.17114098819469095,False,False,False,,below_bounded_prescreen
absdiff__rating__pagerank_margin_z,global_strength_ratings,0.0,1315,1315,-0.019275328300826275,0.12325673168472569,0.1,1.0,0.2065703810039794,0.17114098819469095,False,False,False,,below_bounded_prescreen
absdiff__detailed__last20__efg_mean,detailed_efficiency,0.0,1315,1315,0.004457062373742522,0.1324864751725855,0.1,1.0,0.24003619644623914,0.17097261394721486,False,False,False,,below_bounded_prescreen
absdiff__detailed__last5__def_rtg_mean,detailed_efficiency,0.0,1315,1315,0.02121786735542152,0.12495981856796415,0.1,1.0,0.24244767158500283,0.1709507368674154,False,False,False,,below_bounded_prescreen
absdiff__norm__schedule__rpi__z,within_season_normalization,0.0,1315,1315,-0.004496345867874092,0.09236848414343002,0.2,1.0,0.1641533603072159,0.17075993406749007,False,False,False,,below_bounded_prescreen
absdiff__rating__colley,global_strength_ratings,0.0,1315,1315,-0.01297354755079261,0.08678147584588483,0.2,1.0,0.14380793740613076,0.17075697137095389,False,False,False,,below_bounded_prescreen
absdiff__norm__rating__colley__z,within_season_normalization,0.0,1315,1315,-0.012573028762671228,0.08678147907254219,0.2,1.0,0.14380794462121188,0.17066885849775945,False,False,False,,below_bounded_prescreen
absdiff__rating__colley_z,global_strength_ratings,0.0,1315,1315,-0.012573028762671228,0.08678147907254219,0.2,1.0,0.14380794462121188,0.17066885849775945,False,False,False,,below_bounded_prescreen
absdiff__schedule__rpi,schedule_and_accomplishment,0.0,1315,1315,-0.004040168135795882,0.09236848707336182,0.2,1.0,0.1641533695078103,0.17065957600477638,False,False,False,,below_bounded_prescreen
mean__coach__has_prior_tournament_history,prior_coach_history,0.0,1315,3,0.013239188098183656,0.06369974818915648,0.2631578947368421,1.0,0.1252069070539782,0.17058548738813112,False,False,False,,below_bounded_prescreen
absdiff__detailed__clean__offrtg_std,detailed_efficiency,0.0,1315,1315,-0.02799489248758419,0.0815527770701277,0.2,1.0,0.1705476560687879,0.1704823030981783,False,False,False,,below_bounded_prescreen
diff__detailed__away__pace_mean,detailed_efficiency,0.0,1315,1312,-0.05149392738466799,0.10899223734353912,0.1,1.0,0.23103107583142718,0.17040369491626867,False,False,False,,below_bounded_prescreen
absdiff__schedule__quality_win_points_sum,schedule_and_accomplishment,0.0,1315,1314,-0.0103771385922965,0.08536860843704178,0.2,1.0,0.13125183570361046,0.17000982911194085,False,False,False,,below_bounded_prescreen
absdiff__norm__schedule__quality_win_points_sum__z,within_season_normalization,0.0,1315,1314,-0.008598998495578988,0.08536860994452176,0.2,1.0,0.1312518270656327,0.1696186393597725,False,False,False,,below_bounded_prescreen
absdiff__rating__elo_mov_538_preseason,dynamic_ratings,0.0,1315,1315,-0.015501920217026243,0.08335306466308745,0.2,1.0,0.1514024563606819,0.1693637952316005,False,False,False,,below_bounded_prescreen
mean__detailed__last5__pace_mean,detailed_efficiency,0.0,1315,1214,0.020649415962362725,0.08363105097637877,0.2,1.0,0.18839744727318153,0.16914987808945434,False,False,False,,below_bounded_prescreen
mean__detailed__last20__pace_mean,detailed_efficiency,0.0,1315,1290,0.00939738194671666,0.08559197048324597,0.2,1.0,0.15237228604165837,0.1690566784185694,False,False,False,,below_bounded_prescreen
mean__detailed__home__pace_mean,detailed_efficiency,0.0,1315,1314,0.003929903417845033,0.08942435375023366,0.2,1.0,0.1696574250432335,0.16900197155030874,False,False,False,,below_bounded_prescreen
absdiff__rating__elo_mov_log_preseason,dynamic_ratings,0.0,1315,1315,-0.016883234180966548,0.08035494973635413,0.2,1.0,0.1426406586177274,0.16857906104855355,False,False,False,,below_bounded_prescreen
absdiff__compact__ewm_h10_margin,compact_performance,0.0,1315,1315,0.03322461840489593,0.07440638602131322,0.2,1.0,0.1627123936655714,0.1685159855926846,False,False,False,,below_bounded_prescreen
mean__coach__prior_championships,prior_coach_history,0.0,1315,7,0.036190429405830546,0.06948638858303616,0.2,1.0,0.12790243015607328,0.16819926378289715,False,False,False,,below_bounded_prescreen
diff__detailed__ewm_h5__fg3attemptrate,detailed_efficiency,0.0,1315,1315,-0.017551578946252266,0.08340081528515865,0.2,1.0,0.19773364395921686,0.16798439294668296,False,False,False,,below_bounded_prescreen
absdiff__detailed__all__oppefg_mean,detailed_efficiency,0.0,1315,1315,-0.01602439089368747,0.0797571491434127,0.2,1.0,0.14786624956374086,0.1678941476028997,False,False,False,,below_bounded_prescreen
mean__compact__neutral_margin_std,compact_performance,0.07452471482889733,1217,1215,-0.018815662544137787,0.09251903235688447,0.2,1.0,0.18422665143485042,0.16721753804730907,False,False,False,,below_bounded_prescreen
absdiff__detailed__last20__off_rtg_mean,detailed_efficiency,0.0,1315,1315,0.007949640138533193,0.08270529958094078,0.2,1.0,0.1591456022214147,0.16708164054047228,False,False,False,,below_bounded_prescreen
mean__compact__day120plus_games,compact_performance,0.0,1315,9,0.0013000126239088223,0.04770934653848377,0.3,1.0,0.1041198793507224,0.16702169394170324,False,False,False,,below_bounded_prescreen
absdiff__detailed__clean__oppefg_mean,detailed_efficiency,0.0,1315,1315,-0.01575634077535552,0.07789399786434179,0.2,1.0,0.1464498529743833,0.16699751982648695,False,False,False,,below_bounded_prescreen
absdiff__detailed__neutral__off_rtg_mean,detailed_efficiency,0.03878326996197719,1264,1264,-0.004737022780544105,0.09227947717074048,0.2,1.0,0.18400647172526519,0.16687337358770632,False,False,False,,below_bounded_prescreen
diff__detailed__clean__opp_tov_pct_ros,detailed_efficiency,0.0,1315,1315,0.04527682025018128,0.06324281254741541,0.2,1.0,0.13787804720160887,0.16680232858973493,False,False,False,,below_bounded_prescreen
mean__compact__last10_margin_std,compact_performance,0.0,1315,1315,0.027935407817807133,0.11399075130058142,0.1,1.0,0.2572394310526466,0.1665717731020908,False,False,False,,below_bounded_prescreen
absdiff__compact__margin_mad,compact_performance,0.0,1315,20,0.00366161024428632,0.043245559900888075,0.3,1.0,0.07740976679300465,0.1664670323344491,False,False,False,,below_bounded_prescreen
absdiff__detailed__all__offrtg_std,detailed_efficiency,0.0,1315,1315,-0.029717866056421523,0.07231515351148932,0.2,1.0,0.17084356058724126,0.16641546179443795,False,False,False,,below_bounded_prescreen
mean__compact__home_games,compact_performance,0.0,1315,23,0.005857849853275926,0.08381061686477578,0.2,1.0,0.17863168824458606,0.16637255553302965,False,False,False,,below_bounded_prescreen
mean__detailed__home__games,detailed_efficiency,0.0,1315,23,0.005857849853275926,0.08381061686477578,0.2,1.0,0.17863168824458606,0.16637255553302965,False,False,False,,below_bounded_prescreen
absdiff__detailed__clean__ftrate_std,detailed_efficiency,0.0,1315,1315,0.02579364411927878,0.0703092647062074,0.2,1.0,0.1282508937898792,0.1662930130136257,False,False,False,,below_bounded_prescreen
diff__detailed__clean__drb_pct_ros,detailed_efficiency,0.0,1315,1315,0.027798138860794422,0.10726412385574169,0.1,1.0,0.18661369329009317,0.16613782226852705,False,False,False,,below_bounded_prescreen
mean__prior__program_final_appearances,prior_program_history,0.0,1315,14,0.04321281522375725,0.06483458955289462,0.2,1.0,0.1759377874783118,0.16558991083548355,False,False,False,,below_bounded_prescreen
absdiff__compact__margin_q90,compact_performance,0.0,1315,227,0.02172320695627436,0.06866406969035338,0.2,1.0,0.1088850355833165,0.16538245755841732,False,False,False,,below_bounded_prescreen
absdiff__detailed__away__def_rtg_mean,detailed_efficiency,0.0,1315,1315,0.03976017120047755,0.0614036416256693,0.2,1.0,0.12288643305701871,0.1653055283221456,False,False,False,,below_bounded_prescreen
diff__detailed__all__fg3attemptrate_mean,detailed_efficiency,0.0,1315,1315,-0.044232802717313245,0.09584107966776839,0.1,1.0,0.16474304931516887,0.16514521286573097,False,False,False,,below_bounded_prescreen
absdiff__detailed__last10__efg_mean,detailed_efficiency,0.0,1315,1315,-0.01973378038419804,0.11230346020744061,0.1,1.0,0.23010099448977805,0.16504305280450396,False,False,False,,below_bounded_prescreen
absdiff__compact__margin_winsor02,compact_performance,0.0,1315,1313,0.019462630262014353,0.07145847337352434,0.2,1.0,0.15043306672335582,0.1645645232080006,False,False,False,,below_bounded_prescreen
absdiff__compact__last5_margin_std,compact_performance,0.0,1315,1312,0.03366437462411582,0.06275178467007225,0.2,1.0,0.1248509122362759,0.16453298256948912,False,False,False,,below_bounded_prescreen
absdiff__compact__last20_win_pct,compact_performance,0.0,1315,16,0.02714804613323387,0.06755803117909731,0.2,1.0,0.1474150837339768,0.1645038217659191,False,False,False,,below_bounded_prescreen
diff__detailed__last20__efg_mean,detailed_efficiency,0.0,1315,1315,0.04962674733625166,0.0933007206170033,0.1,1.0,0.18049140374464445,0.16448257416035117,False,False,False,,below_bounded_prescreen
absdiff__massey__momentum_systems,massey_consensus,0.0,1315,6,-0.016623022137805414,0.11032098883623981,0.1,1.0,0.21051979800960002,0.1641903475913283,False,False,False,,below_bounded_prescreen
absdiff__compact__pythag_exp8p0,compact_performance,0.0,1315,1315,-0.006519687658381488,0.07519425832075774,0.2,1.0,0.13803764415871617,0.16400606951245902,False,False,False,,below_bounded_prescreen
absdiff__detailed__ewm_h5__oppefg,detailed_efficiency,0.0,1315,1315,0.029212230045351055,0.06391857805181962,0.2,1.0,0.12851307229833692,0.16396708518291717,False,False,False,,below_bounded_prescreen
diff__detailed__all__opptovpct_mean,detailed_efficiency,0.0,1315,1315,0.0423937342487094,0.05806077980364748,0.2,1.0,0.13274284365142083,0.16388608209441005,False,False,False,,below_bounded_prescreen
absdiff__compact__margin_mean,compact_performance,0.0,1315,1276,0.01978994888809283,0.07020825038519442,0.2,1.0,0.15423141759142767,0.16388449223661664,False,False,False,,below_bounded_prescreen
absdiff__compact__margin_trim02,compact_performance,0.0,1315,1276,0.01978994888809283,0.07020825038519442,0.2,1.0,0.15423141759142767,0.16388449223661664,False,False,False,,below_bounded_prescreen
absdiff__norm__compact__margin_mean__z,within_season_normalization,0.0,1315,1309,0.019647807724260707,0.07020824552478941,0.2,1.0,0.15423141191030468,0.16385321907482409,False,False,False,,below_bounded_prescreen
absdiff__norm__compact__margin_trim02__z,within_season_normalization,0.0,1315,1309,0.019647807724260707,0.07020824552478941,0.2,1.0,0.15423141191030468,0.16385321907482409,False,False,False,,below_bounded_prescreen
absdiff__detailed__last10__off_rtg_mean,detailed_efficiency,0.0,1315,1315,0.011875562925370453,0.1101582275363735,0.1,1.0,0.1946624963877987,0.16370207320552885,False,False,False,,below_bounded_prescreen
diff__detailed__clean__opptovpct_mean,detailed_efficiency,0.0,1315,1315,0.042027979553882086,0.05751957860668029,0.2,1.0,0.1303267620681514,0.16364248275033455,False,False,False,,below_bounded_prescreen
absdiff__detailed__home__off_rtg_mean,detailed_efficiency,0.0,1315,1315,-0.015499886610744659,0.07074465249413397,0.2,1.0,0.1436782354485088,0.1636202788336078,False,False,False,,below_bounded_prescreen
absdiff__rating__elo_season_reset_mov_z,dynamic_ratings,0.0,1315,1315,0.003939702768794898,0.11406777942301075,0.1,1.0,0.2008974404394911,0.1635833711146004,False,False,False,,below_bounded_prescreen
diff__detailed__clean__fg3attemptrate_mean,detailed_efficiency,0.0,1315,1315,-0.04432011919698455,0.09240751394177434,0.1,1.0,0.16517812549272143,0.16349890789567942,False,False,False,,below_bounded_prescreen
absdiff__rating__elo_season_reset_mov,dynamic_ratings,0.0,1315,1315,0.0017935207755862888,0.11406778630334687,0.1,1.0,0.20089745304486312,0.16311121387444094,False,False,False,,below_bounded_prescreen
absdiff__rating__elo_season_reset_mov_delta,dynamic_ratings,0.0,1315,1315,0.0017935207755862888,0.11406778630334687,0.1,1.0,0.20089745304486312,0.16311121387444094,False,False,False,,below_bounded_prescreen
mean__detailed__clean__orbpct_std,detailed_efficiency,0.0,1315,1315,0.0017085659560191126,0.07296660116800624,0.2,1.0,0.125195420240166,0.1623920362613606,False,False,False,,below_bounded_prescreen
absdiff__rating__elo_mov_log_delta,dynamic_ratings,0.0,1315,1315,0.00797605917515221,0.06814959426361224,0.2,1.0,0.11366876259821178,0.16191978776113888,False,False,False,,below_bounded_prescreen
mean__compact__home_margin_std,compact_performance,0.0,1315,1315,-0.004579283030448993,0.11011711682215383,0.1,1.0,0.2052418710245576,0.16165398350035032,False,False,False,,below_bounded_prescreen
diff__detailed__last5__four_factor_edge_mean,detailed_efficiency,0.0,1315,1315,0.020750373008678876,0.0619366272046022,0.2,1.0,0.12234665095829034,0.1614007970817868,False,False,False,,below_bounded_prescreen
absdiff__rating__bt_c0p25_z,global_strength_ratings,0.0,1315,1315,0.00689126946612543,0.10780076497964902,0.1,1.0,0.20409213343617927,0.16109676113533195,False,False,False,,below_bounded_prescreen
mean__coach__midseason_change,prior_coach_history,0.0,1315,2,0.03411340383171305,0.0,0.3333333333333333,1.0,0.0,0.16083828217631022,False,False,False,,below_bounded_prescreen
mean__detailed__all__orbpct_std,detailed_efficiency,0.0,1315,1315,0.0015023344908676338,0.06951460530547046,0.2,1.0,0.12182483153225374,0.16082453087332657,False,False,False,,below_bounded_prescreen
mean__compact__close3_games,compact_performance,0.0,1315,20,-0.03390108251338803,0.09204273073029068,0.1,1.0,0.17051939712163586,0.16081797301861947,False,False,False,,below_bounded_prescreen
absdiff__rating__bt_c0p25,global_strength_ratings,0.0,1315,1315,0.005445968000045645,0.10780076493162713,0.1,1.0,0.2040921340114515,0.160778794766733,False,False,False,,below_bounded_prescreen
interaction__clean_shooting_attack_defense_edge,matchup_interactions,0.0,1315,1315,-0.00911412975499149,0.10578810706306901,0.1,1.0,0.20066198796534263,0.16075692041775755,False,False,False,,below_bounded_prescreen
interaction__shooting_attack_defense_edge,matchup_interactions,0.0,1315,1315,-0.008784219273508554,0.10576627148801429,0.1,1.0,0.20035932302877618,0.1606859656332677,False,False,False,,below_bounded_prescreen
mean__compact__last20_margin_std,compact_performance,0.0,1315,1315,0.019649780613778155,0.09863301118046608,0.1,1.0,0.17719537705323046,0.1605789820195257,False,False,False,,below_bounded_prescreen
diff__compact__last5_margin_mean,compact_performance,0.0,1315,206,0.04928709997733895,0.044372423661212336,0.2,1.0,0.09138531556024433,0.1604865127299867,False,False,False,,below_bounded_prescreen
absdiff__detailed__last5__efg_mean,detailed_efficiency,0.0,1315,1314,-0.04110720208233741,0.0842701714529685,0.1,1.0,0.12715164540780677,0.16040720093922683,False,False,False,,below_bounded_prescreen
mean__schedule__opponent_strength_std,schedule_and_accomplishment,0.0,1315,1314,0.001129126078044351,0.06859971767249529,0.2,1.0,0.1238267409923394,0.16022320258027392,False,False,False,,below_bounded_prescreen
absdiff__detailed__all__oppftmaderate_mean,detailed_efficiency,0.0,1315,1315,-0.01542848429282934,0.0976195977391281,0.1,1.0,0.1551329531764851,0.16004635533214454,False,False,False,,below_bounded_prescreen
absdiff__detailed__clean__opp_efg_ros,detailed_efficiency,0.0,1315,1315,-0.013878928429743547,0.0630199866611457,0.2,1.0,0.13558072432995627,0.15987972887869528,False,False,False,,below_bounded_prescreen
absdiff__detailed__clean__oppftmaderate_mean,detailed_efficiency,0.0,1315,1315,-0.014225874642167954,0.09746680086305118,0.1,1.0,0.15947514344403635,0.15953475109778006,False,False,False,,below_bounded_prescreen
absdiff__detailed__all__opp_efg_ros,detailed_efficiency,0.0,1315,1315,-0.01438549528436835,0.06155119898408962,0.2,1.0,0.13180423441698244,0.15943721509824477,False,False,False,,below_bounded_prescreen
absdiff__compact__home_win_pct,compact_performance,0.0,1315,399,0.009378059126401467,0.062459043996396416,0.2,1.0,0.11747044423277457,0.15934469635676762,False,False,False,,below_bounded_prescreen
absdiff__detailed__last10__tov_pct_mean,detailed_efficiency,0.0,1315,1315,0.023764344132310593,0.09237904185640256,0.1,1.0,0.17077836101100988,0.15873896135974117,False,False,False,,below_bounded_prescreen
absdiff__compact__margin_std,compact_performance,0.0,1315,1315,-0.024085778881409503,0.09380317250289472,0.1,1.0,0.19111493033880833,0.15867979694174722,False,False,False,,below_bounded_prescreen
diff__detailed__ewm_h20__fg3attemptrate,detailed_efficiency,0.0,1315,1315,-0.022408084587813456,0.09187836354356815,0.1,1.0,0.1649970916106358,0.15843150944580625,False,False,False,,below_bounded_prescreen
mean__compact__rest_days_std,compact_performance,0.0,1315,1313,0.009230236647245335,0.09702634034171373,0.1,1.0,0.15444579233540767,0.15842546373300023,False,False,False,,below_bounded_prescreen
absdiff__rating__bt_c1p0,global_strength_ratings,0.0,1315,1315,-0.003854201616537459,0.09996156002211828,0.1,1.0,0.1697621518670307,0.1580389870915738,False,False,False,,below_bounded_prescreen
absdiff__detailed__last10__def_rtg_mean,detailed_efficiency,0.0,1315,1315,0.012248762334206147,0.09495409581304987,0.1,1.0,0.1603749537137557,0.15785769555523904,False,False,False,,below_bounded_prescreen
absdiff__norm__rating__bt_c1p0__z,within_season_normalization,0.0,1315,1315,-0.0027547389910528674,0.09996156645813903,0.1,1.0,0.1697621752940141,0.15779710746617778,False,False,False,,below_bounded_prescreen
absdiff__rating__bt_c1p0_z,global_strength_ratings,0.0,1315,1315,-0.0027547389910528674,0.09996156645813903,0.1,1.0,0.1697621752940141,0.15779710746617778,False,False,False,,below_bounded_prescreen
absdiff__massey__ordinal_max,massey_consensus,0.0,1315,244,-0.007292227683381683,0.09564903329978082,0.1,1.0,0.14505012087418137,0.1577138212392715,False,False,False,,below_bounded_prescreen
mean__massey__systems,massey_consensus,0.0,1315,71,0.009918124017440534,0.10014707485592922,0.1,1.0,0.21824609431297554,0.15752273944216394,False,False,False,,below_bounded_prescreen
seedprior__favorite_prob_pc2p0,prequential_seed_priors,0.0,1315,542,0.006323704601769552,0.09691014516937863,0.1,1.0,0.16067534260932992,0.15748107098931785,False,False,False,,below_bounded_prescreen
absdiff__adj__net_rtg_a10p0,opponent_adjusted_efficiency,0.0,1315,1315,-0.00945665406785646,0.09734489366912374,0.1,1.0,0.18503987466238994,0.15740441786961223,False,True,True,47.0,selected
absdiff__detailed__last5__opp_efg_mean,detailed_efficiency,0.0,1315,1315,0.02959541324059519,0.08821804414552326,0.1,1.0,0.19097556420115983,0.15721662953473572,False,False,False,,below_bounded_prescreen
absdiff__detailed__last5__off_rtg_mean,detailed_efficiency,0.0,1315,1315,0.012283959712186036,0.09472371191139804,0.1,1.0,0.17694400895720092,0.15709209249586395,False,False,False,,below_bounded_prescreen
absdiff__adj__net_rtg_a10p0_z,opponent_adjusted_efficiency,0.0,1315,1315,-0.0074561501554091724,0.09734489894315321,0.1,1.0,0.18503988288031953,0.15696430921169077,False,True,False,,correlation_pruned_or_cap
absdiff__norm__adj__net_rtg_a10p0__z,within_season_normalization,0.0,1315,1315,-0.0074561501554091724,0.09734489894315321,0.1,1.0,0.18503988288031953,0.15696430921169077,False,False,False,,below_bounded_prescreen
absdiff__detailed__ewm_h5__efg,detailed_efficiency,0.0,1315,1315,-0.022424119125120812,0.12318476538450646,0.0,1.0,0.18478665095660843,0.15667052755382532,False,False,False,,below_bounded_prescreen
mean__geography__games_with_city,geography_and_schedule_dispersion,0.0,1315,29,0.027663243367657964,0.034477544220362394,0.23076923076923078,1.0,0.07855800334844808,0.15641589155579771,False,False,False,,below_bounded_prescreen
absdiff__rating__elo_standard,dynamic_ratings,0.0,1315,1315,-0.0032872388032887203,0.09744409513121485,0.1,1.0,0.1927189595346636,0.1557875998183201,False,False,False,,below_bounded_prescreen
absdiff__rating__elo_standard_z,dynamic_ratings,0.0,1315,1315,-0.0023274506260031677,0.09744409820592609,0.1,1.0,0.19271895939971861,0.15557644790057648,False,False,False,,below_bounded_prescreen
absdiff__massey__rank_improvement_std,massey_consensus,0.0,1315,1315,-0.016550107174142785,0.08791419030649217,0.1,1.0,0.1582332465405932,0.15551050506380393,False,False,False,,below_bounded_prescreen
absdiff__schedule__opponent_strength_pct_mean,schedule_and_accomplishment,0.0,1315,1315,-0.016903442363787546,0.1234874769321527,0.0,1.0,0.18825682989894194,0.1554624730515089,False,False,False,,below_bounded_prescreen
absdiff__detailed__ewm_h20__efg,detailed_efficiency,0.0,1315,1315,-0.0030432631147569496,0.0937541376765631,0.1,1.0,0.17177778153665266,0.15480039270853072,False,False,False,,below_bounded_prescreen
diff__detailed__clean__pace_ros,detailed_efficiency,0.0,1315,1315,0.019915728169034443,0.08705187049985985,0.1,1.0,0.18806308855311935,0.15464383449499555,False,False,False,,below_bounded_prescreen
absdiff__massey__strength_std,massey_consensus,0.0,1315,1315,0.0441161017443764,0.11157496377660787,0.0,1.0,0.2239071534614741,0.15430523885807562,False,False,False,,below_bounded_prescreen
absdiff__rating__margin_ridge_a25p0,global_strength_ratings,0.0,1315,1315,-0.0033679117457460555,0.0931727358827905,0.1,1.0,0.18017612249727094,0.15425680890791277,False,False,False,,below_bounded_prescreen
diff__detailed__all__pace_ros,detailed_efficiency,0.0,1315,1315,0.01911983839928173,0.08609163087326949,0.1,1.0,0.18675475447283016,0.15406015708809814,False,False,False,,below_bounded_prescreen
absdiff__compact__pythag_residual_exp13p91,compact_performance,0.0,1315,1315,0.0093175319330684,0.04989281219187481,0.2,1.0,0.10159181835199493,0.15393473414329517,False,False,False,,below_bounded_prescreen
absdiff__massey__strength_min,massey_consensus,0.0,1315,1169,0.04760134068398632,0.07371891151282,0.1,1.0,0.19898128216822045,0.1538981211899018,False,False,False,,below_bounded_prescreen
absdiff__detailed__poss0p475__net_rtg_mean,detailed_efficiency,0.0,1315,1315,0.017786643133008286,0.08024276583292778,0.1,1.0,0.11543454152624648,0.1538122074280173,False,False,False,,below_bounded_prescreen
absdiff__compact__neutral_margin_std,compact_performance,0.07452471482889733,1217,1215,0.00013336797649406623,0.10878695273549222,0.1,1.0,0.2125958038435975,0.1537812689278093,False,False,False,,below_bounded_prescreen
absdiff__norm__rating__margin_ridge_a25p0__z,within_season_normalization,0.0,1315,1315,-0.0008847882686037556,0.09317273539926074,0.1,1.0,0.1801761234524054,0.15371052147264178,False,False,False,,below_bounded_prescreen
absdiff__rating__margin_ridge_a25p0_z,global_strength_ratings,0.0,1315,1315,-0.0008847882686037556,0.09317273539926074,0.1,1.0,0.1801761234524054,0.15371052147264178,False,False,False,,below_bounded_prescreen
absdiff__rating__elo_mov_log,dynamic_ratings,0.0,1315,1315,-0.007912481631661198,0.08654099389447245,0.1,1.0,0.14120460710235044,0.15363223874421822,False,False,False,,below_bounded_prescreen
absdiff__detailed__poss0p44__net_rtg_mean,detailed_efficiency,0.0,1315,1315,0.017699825493762606,0.07969745090950317,0.1,1.0,0.11485392726932217,0.15355458095441643,False,False,False,,below_bounded_prescreen
absdiff__rating__elo_mov_log_z,dynamic_ratings,0.0,1315,1315,-0.006871588629491391,0.08654100083520178,0.1,1.0,0.14120460948696067,0.15340324551990656,False,False,False,,below_bounded_prescreen
absdiff__compact__neutral_win_pct,compact_performance,0.03878326996197719,1264,86,0.001351992241956333,0.09924983637591889,0.1,1.0,0.1929822507038526,0.15311540812855917,False,False,False,,below_bounded_prescreen
diff__detailed__all__drbpct_mean,detailed_efficiency,0.0,1315,1315,0.02269574479305911,0.11642136742694942,0.0,1.0,0.1965302911372503,0.15301410857391873,False,False,False,,below_bounded_prescreen
absdiff__detailed__last5__orb_pct_mean,detailed_efficiency,0.0,1315,1315,0.022740057410459435,0.07957663007818787,0.1,1.0,0.15948501409259724,0.15282019450412737,False,False,False,,below_bounded_prescreen
diff__detailed__last20__pace_mean,detailed_efficiency,0.0,1315,1277,-0.017137090843078333,0.1198308601442536,0.0,1.0,0.21876180298553205,0.15253850073529768,False,False,False,,below_bounded_prescreen
diff__detailed__clean__drbpct_mean,detailed_efficiency,0.0,1315,1315,0.02209867174415004,0.11491914309495482,0.0,1.0,0.1928110734467065,0.15231045353142306,False,False,False,,below_bounded_prescreen
absdiff__detailed__all__oppftmaderate_median,detailed_efficiency,0.0,1315,1295,-0.015172502282191969,0.08186376373471549,0.1,1.0,0.15958396525239668,0.1522491984846498,False,False,False,,below_bounded_prescreen
absdiff__rating__elo_mov_538,dynamic_ratings,0.0,1315,1315,-0.007304629060429184,0.08330192190632849,0.1,1.0,0.14218917954864987,0.1519043737263861,False,False,False,,below_bounded_prescreen
absdiff__massey__systems,massey_consensus,0.0,1315,5,-0.006734015873462254,0.12497054830220478,0.0,1.0,0.23911959018470658,0.15190256306983171,False,False,False,,below_bounded_prescreen
absdiff__detailed__all__oppefg_median,detailed_efficiency,0.0,1315,1280,-0.006827715803685312,0.0840417243520501,0.1,1.0,0.15129058487656127,0.15179050177073236,False,False,False,,below_bounded_prescreen
absdiff__detailed__clean__oppftmaderate_median,detailed_efficiency,0.0,1315,1295,-0.013604410193948873,0.08139501715237986,0.1,1.0,0.15760684293250668,0.15175830475851082,False,False,False,,below_bounded_prescreen
absdiff__norm__rating__elo_mov_538__z,within_season_normalization,0.0,1315,1315,-0.006263737853684737,0.08330192902333827,0.1,1.0,0.14218918097386182,0.15167538102005854,False,False,False,,below_bounded_prescreen
absdiff__rating__elo_mov_538_z,dynamic_ratings,0.0,1315,1315,-0.006263737853684737,0.08330192902333827,0.1,1.0,0.14218918097386182,0.15167538102005854,False,False,False,,below_bounded_prescreen
absdiff__detailed__clean__tovpct_std,detailed_efficiency,0.0,1315,1315,-0.014360687351915842,0.08099940427173147,0.1,1.0,0.15999043939070529,0.1516394476922244,False,False,False,,below_bounded_prescreen
absdiff__detailed__clean__oppefg_median,detailed_efficiency,0.0,1315,1280,-0.006355521643970963,0.08366531324067097,0.1,1.0,0.15071471056861363,0.15152897669445115,False,False,False,,below_bounded_prescreen
diff__compact__last5_points_against_mean,compact_performance,0.0,1315,220,0.009042302293397147,0.08314207517191123,0.1,1.0,0.15937098421198423,0.15152266321858537,False,False,False,,below_bounded_prescreen
absdiff__norm__detailed__all__efg_ros__pct,within_season_normalization,0.0,1315,910,-0.017083519928255374,0.11650813586463288,0.0,1.0,0.21127930877137235,0.15123110724838507,False,False,False,,below_bounded_prescreen
diff__detailed__all__drb_pct_ros,detailed_efficiency,0.0,1315,1315,0.028314423260436497,0.10942324964833244,0.0,1.0,0.18970013136956757,0.1511643276937129,False,False,False,,below_bounded_prescreen
absdiff__detailed__away__off_rtg_mean,detailed_efficiency,0.0,1315,1315,0.003509441347472287,0.08176550507376688,0.1,1.0,0.13480572042993505,0.1506272907146546,False,False,False,,below_bounded_prescreen
absdiff__compact__last10_win_pct,compact_performance,0.0,1315,8,0.033889374484979584,0.07371983949002305,0.1,1.0,0.2067159005862501,0.15057254931845657,False,False,False,,below_bounded_prescreen
mean__compact__away_margin_std,compact_performance,0.0,1315,1315,0.011040145987028635,0.07813563992433735,0.1,1.0,0.13726044244158342,0.15044352158316487,False,False,False,,below_bounded_prescreen
absdiff__detailed__all__tovpct_std,detailed_efficiency,0.0,1315,1315,-0.014107831135569827,0.0783204954315169,0.1,1.0,0.1582862618455884,0.15036611018312995,False,False,False,,below_bounded_prescreen
absdiff__detailed__all__off_rtg_ros,detailed_efficiency,0.0,1315,1315,-0.0023454731084324586,0.08080122293276082,0.1,1.0,0.1310424739233932,0.15005889213464463,False,False,False,,below_bounded_prescreen
mean__detailed__all__defrtg_std,detailed_efficiency,0.0,1315,1315,-0.03850659837180407,0.06563672662452287,0.1,1.0,0.14800482156387293,0.15005688755901297,False,False,False,,below_bounded_prescreen
absdiff__detailed__all__net_rtg_ros,detailed_efficiency,0.0,1315,1315,0.014733560165614638,0.07289281467121139,0.1,1.0,0.1053907277051257,0.15001430517041167,False,False,False,,below_bounded_prescreen
absdiff__norm__detailed__all__net_rtg_ros__z,within_season_normalization,0.0,1315,1315,0.014222819899528755,0.07289281521657814,0.1,1.0,0.10539073137733085,0.1499019424267606,False,False,False,,below_bounded_prescreen
absdiff__detailed__clean__off_rtg_ros,detailed_efficiency,0.0,1315,1315,-0.001928859817022694,0.08044870889941365,0.1,1.0,0.12978982455386165,0.14984813644930908,False,False,False,,below_bounded_prescreen
absdiff__compact__margin_iqr,compact_performance,0.0,1315,69,-0.006386008396776197,0.0827877982454722,0.1,1.0,0.19144578662918155,0.14948523353995016,False,False,False,,below_bounded_prescreen
absdiff__schedule__opponent_strength_std,schedule_and_accomplishment,0.0,1315,1315,0.007894278004760549,0.08359021615108297,0.1,1.0,0.21738398981260904,0.14916468532106278,False,False,False,,below_bounded_prescreen
mean__detailed__clean__pace_ros,detailed_efficiency,0.0,1315,1314,0.007686455651753985,0.07543832905609224,0.1,1.0,0.12316605209750427,0.14897477610641,False,False,False,,below_bounded_prescreen
mean__compact__margin_std,compact_performance,0.0,1315,1315,-0.018837536879218218,0.10837051014731054,0.0,1.0,0.18419543241833147,0.14879428568740383,False,False,False,,below_bounded_prescreen
mean__detailed__clean__defrtg_std,detailed_efficiency,0.0,1315,1315,-0.04003957583900638,0.06241460850550191,0.1,1.0,0.15239580512129322,0.1486718865623706,False,False,False,,below_bounded_prescreen
mean__compact__games,compact_performance,0.0,1315,28,-0.0019012971646531075,0.08007274276587752,0.1,1.0,0.15612497120081603,0.14860820305581224,False,False,False,,below_bounded_prescreen
mean__detailed__all__games,detailed_efficiency,0.0,1315,28,-0.0019012971646531075,0.08007274276587752,0.1,1.0,0.15612497120081603,0.14860820305581224,False,False,False,,below_bounded_prescreen
diff__detailed__clean__opptovpct_median,detailed_efficiency,0.0,1315,1315,0.01830961156203075,0.07127025247942294,0.1,1.0,0.14269654872189658,0.1485299737848939,False,False,False,,below_bounded_prescreen
diff__detailed__all__opptovpct_median,detailed_efficiency,0.0,1315,1315,0.017930223476852938,0.06973507503346635,0.1,1.0,0.1400384515859694,0.1478159471175327,False,False,False,,below_bounded_prescreen
diff__detailed__all__assistperfgm_mean,detailed_efficiency,0.0,1315,1315,0.049184963991992535,0.09069539589753389,0.0,1.0,0.1714120460716056,0.14749800026619042,False,False,False,,below_bounded_prescreen
absdiff__adj__net_rtg_a50p0_z,opponent_adjusted_efficiency,0.0,1315,1315,0.00922100031239999,0.0711072342654975,0.1,1.0,0.1312897450798056,0.14690850271297456,False,True,True,48.0,selected
absdiff__norm__adj__net_rtg_a50p0__z,within_season_normalization,0.0,1315,1315,0.00922100031239999,0.0711072342654975,0.1,1.0,0.1312897450798056,0.14690850271297456,False,False,False,,below_bounded_prescreen
absdiff__compact__win_pct,compact_performance,0.0,1315,809,0.015221626048014681,0.10517696065050865,0.0,1.0,0.1761239302327557,0.14678874163349717,False,False,False,,below_bounded_prescreen
absdiff__schedule__wp,schedule_and_accomplishment,0.0,1315,809,0.015221626048014681,0.10517696065050865,0.0,1.0,0.1761239302327557,0.14678874163349717,False,False,False,,below_bounded_prescreen
absdiff__norm__compact__win_pct__z,within_season_normalization,0.0,1315,1178,0.014456097402377702,0.1051769654045791,0.0,1.0,0.17612391636602132,0.1466203281680802,False,False,False,,below_bounded_prescreen
diff__detailed__clean__assistperfgm_mean,detailed_efficiency,0.0,1315,1315,0.04884154439912035,0.08854994847315267,0.0,1.0,0.17124082374814517,0.14639948208499398,False,False,False,,below_bounded_prescreen
absdiff__adj__net_rtg_a50p0,opponent_adjusted_efficiency,0.0,1315,1315,0.00619374129970655,0.0711072245997035,0.1,1.0,0.1312897447827475,0.1462425011024832,False,True,False,,correlation_pruned_or_cap
absdiff__detailed__home__def_rtg_mean,detailed_efficiency,0.0,1315,1315,-0.021978254185119003,0.06072476180682752,0.1,1.0,0.11618481292691313,0.14533570907092688,False,False,False,,below_bounded_prescreen
diff__detailed__clean__offrtg_std,detailed_efficiency,0.0,1315,1315,-0.011738073717927042,0.06429807786787894,0.1,1.0,0.10946710251518824,0.14506676949391833,False,False,False,,below_bounded_prescreen
mean__conference__tourney_games,conference_context,0.014448669201520912,1296,7,-0.008729961947279855,0.0702768825445627,0.1,1.0,0.14085154564196448,0.14486353988799142,False,False,False,,below_bounded_prescreen
mean__detailed__clean__netrtg_std,detailed_efficiency,0.0,1315,1315,-0.0250486001852329,0.09512229395019983,0.0,1.0,0.16356211433942514,0.14462690856327015,False,False,False,,below_bounded_prescreen
mean__schedule__top_decile_games,schedule_and_accomplishment,0.0,1315,27,-0.0031418089098107856,0.06984017241953576,0.1,1.0,0.14527232729144304,0.14440358762987782,False,False,False,,below_bounded_prescreen
mean__schedule__top_quartile_games,schedule_and_accomplishment,0.0,1315,44,0.00292647373057359,0.10794623410870147,0.0,1.0,0.20794222956427771,0.14414032741033178,False,False,False,,below_bounded_prescreen
absdiff__prior__program_win_pct_smoothed,prior_program_history,0.0,1315,1003,0.005597684486984095,0.06656503133990262,0.1,1.0,0.1262888487433067,0.14413115168055748,False,False,False,,below_bounded_prescreen
absdiff__detailed__home__net_rtg_mean,detailed_efficiency,0.0,1315,1315,0.006351133177679655,0.06568673039532223,0.1,1.0,0.12171551653356977,0.1440582592275014,False,False,False,,below_bounded_prescreen
mean__detailed__all__netrtg_std,detailed_efficiency,0.0,1315,1315,-0.025088493231763376,0.09420097231678987,0.0,1.0,0.16704013550634356,0.1440543298027933,False,False,False,,below_bounded_prescreen
absdiff__detailed__last10__opp_efg_mean,detailed_efficiency,0.0,1315,1315,0.02900137124710072,0.052211830945374696,0.1,1.0,0.09030664260256036,0.14382971482403958,False,False,False,,below_bounded_prescreen
absdiff__compact__last20_margin_std,compact_performance,0.0,1315,1315,-1.1013184345361668e-05,0.06837839848773095,0.1,1.0,0.13052878131122994,0.14360290292221764,False,False,False,,below_bounded_prescreen
mean__detailed__clean__ftmade_rate_ros,detailed_efficiency,0.0,1315,1315,0.0029984806191036975,0.10598864318084805,0.0,1.0,0.20106768876731562,0.14349150691231727,False,False,False,,below_bounded_prescreen
mean__detailed__last10__pace_mean,detailed_efficiency,0.0,1315,1266,0.003064737226000748,0.1047058778639372,0.0,1.0,0.19966575425184951,0.14294643339433605,False,False,False,,below_bounded_prescreen
mean__detailed__clean__games,detailed_efficiency,0.0,1315,28,-0.00848696758233809,0.10112979807940317,0.0,1.0,0.19040316508594607,0.14279330934279005,False,False,False,,below_bounded_prescreen
mean__detailed__clean__ftmaderate_mean,detailed_efficiency,0.0,1315,1315,0.0008967411114563262,0.10548815774864377,0.0,1.0,0.2075461367817368,0.14252975329259995,False,False,False,,below_bounded_prescreen
absdiff__detailed__last20__opp_efg_mean,detailed_efficiency,0.0,1315,1315,0.03999835786701235,0.0493412193194932,0.1,1.0,0.15289877955418046,0.14236747282193227,False,False,False,,below_bounded_prescreen
mean__compact__last5_margin_std,compact_performance,0.0,1315,1312,0.037226624944747946,0.048002889031015246,0.1,1.0,0.12585744960102607,0.14219694623869084,False,False,False,,below_bounded_prescreen
absdiff__adj__def_rtg_a50p0,opponent_adjusted_efficiency,0.0,1315,1315,-0.016452167222920346,0.06015993580894198,0.1,1.0,0.16431270925156702,0.14192373760727195,False,True,True,49.0,selected
absdiff__compact__margin_q75,compact_performance,0.0,1315,88,-0.009683061313077126,0.098355975632855,0.0,1.0,0.18568641625091847,0.14191368514261063,False,False,False,,below_bounded_prescreen
interaction__combined_margin_volatility,matchup_interactions,0.0,1315,1315,-0.01915475233058541,0.09145514699492194,0.0,1.0,0.16503082402524305,0.1415112831092816,False,False,False,,below_bounded_prescreen
mean__coach__seasons_with_program_through_current,prior_coach_history,0.0,1315,52,0.01891091578035648,0.0532780332192159,0.1,1.0,0.1074934875019188,0.1414341179168253,False,False,False,,below_bounded_prescreen
mean__detailed__clean__ftmaderate_median,detailed_efficiency,0.0,1315,1295,0.0009646735728485881,0.09975997298947512,0.0,1.0,0.16754915250509733,0.14139504912077083,False,False,False,,below_bounded_prescreen
mean__compact__rest_days_mean,compact_performance,0.0,1315,855,0.011919510555633816,0.094974589931159,0.0,1.0,0.17533661896858357,0.1411966307304524,False,False,False,,below_bounded_prescreen
mean__detailed__all__ftmaderate_mean,detailed_efficiency,0.0,1315,1315,0.0011424010702450063,0.10179685132397695,0.0,1.0,0.20146870068371403,0.14105506884361427,False,False,False,,below_bounded_prescreen
absdiff__rating__elo_standard_preseason,dynamic_ratings,0.0,1315,1315,-0.011347852271848221,0.09532281586372293,0.0,1.0,0.18327653157286816,0.1409204178514789,False,False,False,,below_bounded_prescreen
mean__detailed__all__ftmaderate_median,detailed_efficiency,0.0,1315,1296,0.0004263852685670071,0.09793854627109946,0.0,1.0,0.15646562319499513,0.1408456820414127,False,False,False,,below_bounded_prescreen
absdiff__compact__day90plus_win_pct,compact_performance,0.0,1315,302,0.022324481664418066,0.0904007323808237,0.0,1.0,0.18725917291959315,0.14081337059218363,False,False,False,,below_bounded_prescreen
seedprior__favorite_prob_pc8p0,prequential_seed_priors,0.0,1315,542,0.004507471446053248,0.09611785392066019,0.0,1.0,0.16163693194381995,0.1406627363222958,False,False,False,,below_bounded_prescreen
mean__detailed__all__ftmade_rate_ros,detailed_efficiency,0.0,1315,1315,0.003344889264624011,0.09865004680849065,0.0,1.0,0.19495444821051,0.1402897201778724,False,False,False,,below_bounded_prescreen
absdiff__detailed__neutral__net_rtg_mean,detailed_efficiency,0.03878326996197719,1264,1264,0.006604061850652024,0.062426976357804025,0.1,1.0,0.11930260423613082,0.13954307649248596,False,False,False,,below_bounded_prescreen
absdiff__massey__ordinal_std,massey_consensus,0.0,1315,1315,0.012167805069369065,0.09114047622930244,0.0,1.0,0.17934697022805687,0.1392504668962041,False,False,False,,below_bounded_prescreen
absdiff__massey__strength_iqr,massey_consensus,0.0,1315,905,0.014496062057788028,0.0894624790913412,0.0,1.0,0.18190160374561962,0.13885505946673235,False,False,False,,below_bounded_prescreen
absdiff__detailed__ewm_h10__oppefg,detailed_efficiency,0.0,1315,1315,-0.026441904035570042,0.08102972352948674,0.0,1.0,0.15234217895947458,0.13861779902360005,False,False,False,,below_bounded_prescreen
absdiff__compact__margin_q10,compact_performance,0.0,1315,198,0.033205152573965384,0.0828334417950422,0.0,1.0,0.21131026469547134,0.1386127750400738,False,False,False,,below_bounded_prescreen
absdiff__compact__half_marginmean_first,compact_performance,0.0,1315,1076,0.015274733831345604,0.08826013875474026,0.0,1.0,0.18126919592566273,0.13847454020814484,False,False,False,,below_bounded_prescreen
absdiff__detailed__all__drb_pct_ros,detailed_efficiency,0.0,1315,1315,0.007810297042009507,0.0911605592862022,0.0,1.0,0.17945975686284776,0.13829694353210523,False,False,False,,below_bounded_prescreen
absdiff__detailed__clean__drb_pct_ros,detailed_efficiency,0.0,1315,1315,0.007232273062857711,0.09099429074064014,0.0,1.0,0.1759491724828734,0.13823039273002102,False,False,False,,below_bounded_prescreen
mean__detailed__clean__tovpct_std,detailed_efficiency,0.0,1315,1314,-0.0070520111441826575,0.08835629130892039,0.0,1.0,0.1512885752445861,0.13791091927021853,False,False,False,,below_bounded_prescreen
mean__detailed__all__tovpct_std,detailed_efficiency,0.0,1315,1314,-0.009051411463047398,0.08689974056595025,0.0,1.0,0.14868180197582925,0.13775591391449338,False,False,False,,below_bounded_prescreen
absdiff__compact__day110plus_win_pct,compact_performance,0.0,1315,116,0.02015535578924659,0.08145493324933242,0.0,1.0,0.153542015807956,0.1373908656009956,False,False,False,,below_bounded_prescreen
absdiff__detailed__all__opp_ftmade_rate_ros,detailed_efficiency,0.0,1315,1315,-0.012047873209588325,0.08131190169852093,0.0,1.0,0.13050308253062534,0.13646012162017446,False,False,False,,below_bounded_prescreen
absdiff__detailed__clean__opp_ftmade_rate_ros,detailed_efficiency,0.0,1315,1315,-0.010517849076335621,0.08249822082578484,0.0,1.0,0.13669313668536356,0.13644534732575603,False,False,False,,below_bounded_prescreen
absdiff__detailed__poss0p475__off_rtg_mean,detailed_efficiency,0.0,1315,1315,-0.0025251934064956143,0.08374659420947697,0.0,1.0,0.12821373712303763,0.13562535828505648,False,False,False,,below_bounded_prescreen
diff__compact__close3_win_pct,compact_performance,0.03574144486692015,1268,185,0.01767568002941692,0.08569653721708745,0.0,1.0,0.1635981448914442,0.13561974608566232,False,False,False,,below_bounded_prescreen
absdiff__detailed__poss0p475__def_rtg_mean,detailed_efficiency,0.0,1315,1315,-0.016707866609416505,0.07772125196404209,0.0,1.0,0.14577032660501446,0.13515111853261125,False,False,False,,below_bounded_prescreen
absdiff__detailed__neutral__def_rtg_mean,detailed_efficiency,0.03878326996197719,1264,1264,0.006845270622526618,0.05141636923689425,0.1,1.0,0.1029893684829246,0.13496358043438994,False,False,False,,below_bounded_prescreen
absdiff__detailed__poss0p44__off_rtg_mean,detailed_efficiency,0.0,1315,1315,-0.0024502592653837993,0.08188542479031155,0.0,1.0,0.12334334502748016,0.13491032713663478,False,False,False,,below_bounded_prescreen
mean__detailed__away__pace_mean,detailed_efficiency,0.0,1315,1313,0.008889531298670405,0.08079156504229318,0.0,1.0,0.15155818274765334,0.1346733207961021,False,False,False,,below_bounded_prescreen
absdiff__detailed__clean__netrtg_std,detailed_efficiency,0.0,1315,1315,-0.011563772591836373,0.03947529193674344,0.1,1.0,0.07490880575378209,0.13449581786968956,False,False,False,,below_bounded_prescreen
absdiff__detailed__all__def_rtg_ros,detailed_efficiency,0.0,1315,1315,-0.01956805550629206,0.07533923092473405,0.0,1.0,0.15758826373061868,0.13416427250603186,False,False,False,,below_bounded_prescreen
absdiff__adj__off_rtg_a50p0,opponent_adjusted_efficiency,0.0,1315,1315,-0.009515373282762899,0.07709266504223627,0.0,1.0,0.13551101604728105,0.13367742070059002,False,False,False,,below_bounded_prescreen
absdiff__compact__close3_win_pct,compact_performance,0.03574144486692015,1268,113,0.01849675195507328,0.0804469912086918,0.0,1.0,0.15376111769093076,0.13367408091329733,False,False,False,,below_bounded_prescreen
absdiff__detailed__clean__def_rtg_ros,detailed_efficiency,0.0,1315,1315,-0.020344013202909367,0.07416264527834945,0.0,1.0,0.16359833132791685,0.13352981938513112,False,False,False,,below_bounded_prescreen
interaction__pace_mean,matchup_interactions,0.0,1315,1314,0.0076914459529859504,0.07646093332785776,0.0,1.0,0.1257901992181268,0.13336175813830356,False,False,False,,below_bounded_prescreen
mean__detailed__all__pace_ros,detailed_efficiency,0.0,1315,1314,0.0076914459529859504,0.07646093332785776,0.0,1.0,0.1257901992181268,0.13336175813830356,False,False,False,,below_bounded_prescreen
absdiff__detailed__poss0p44__def_rtg_mean,detailed_efficiency,0.0,1315,1315,-0.01584003711235998,0.07368084021906982,0.0,1.0,0.14259172882000276,0.1331479423170726,False,False,False,,below_bounded_prescreen
absdiff__detailed__clean__net_rtg_ros,detailed_efficiency,0.0,1315,1315,0.01558065095083151,0.07068128890205283,0.0,1.0,0.10567151142399925,0.13312790142520833,False,False,False,,below_bounded_prescreen
diff__detailed__last10__efg_mean,detailed_efficiency,0.0,1315,1315,0.02224937334593237,0.07388480003085016,0.0,1.0,0.1818005757077077,0.13308754312260487,False,False,False,,below_bounded_prescreen
absdiff__norm__detailed__clean__net_rtg_ros__z,within_season_normalization,0.0,1315,1315,0.01513890894177891,0.07068129817949034,0.0,1.0,0.10567152008703012,0.13303072228986554,False,False,False,,below_bounded_prescreen
mean__compact__day110plus_games,compact_performance,0.0,1315,12,-0.002638677586520756,0.03751575823235198,0.1,1.0,0.0646315878582888,0.13200280950623197,False,False,False,,below_bounded_prescreen
mean__detailed__clean__efg_std,detailed_efficiency,0.0,1315,1315,-0.010101050927248965,0.0721564646477758,0.0,1.0,0.13373022513685648,0.1315081252294529,False,False,False,,below_bounded_prescreen
absdiff__adj__off_rtg_a10p0,opponent_adjusted_efficiency,0.0,1315,1315,-0.012568410168947747,0.06769502418861312,0.0,1.0,0.12077986904852385,0.13042746708576183,False,False,False,,below_bounded_prescreen
mean__detailed__all__efg_std,detailed_efficiency,0.0,1315,1315,-0.010308666118860027,0.06920427370884014,0.0,1.0,0.13463767950078956,0.1301004507463609,False,False,False,,below_bounded_prescreen
diff__compact__close5_win_pct,compact_performance,0.003041825095057034,1311,410,0.024867769184453905,0.06455448371136702,0.0,1.0,0.1557532033492292,0.1299835872604623,False,False,False,,below_bounded_prescreen
absdiff__compact__home_margin_mean,compact_performance,0.0,1315,1234,0.00548772416438407,0.06874587174025432,0.0,1.0,0.12538370938175117,0.12918996937621655,False,False,False,,below_bounded_prescreen
diff__detailed__all__offrtg_std,detailed_efficiency,0.0,1315,1315,-0.012368032727858124,0.0639891880586112,0.0,1.0,0.11269014715675588,0.12892817158199196,False,False,False,,below_bounded_prescreen
absdiff__compact__neutral_margin_mean,compact_performance,0.03878326996197719,1264,703,0.0037227623424079203,0.07568842644673199,0.0,1.0,0.14174999608697078,0.1283767909693241,False,False,False,,below_bounded_prescreen
absdiff__compact__ewm_h20_margin,compact_performance,0.0,1315,1315,0.0014271402995635004,0.06585105971240589,0.0,1.0,0.10884020371028005,0.12756887137944758,False,False,False,,below_bounded_prescreen
diff__compact__day120plus_margin_mean,compact_performance,0.0,1315,701,0.0055259686582920815,0.06536733017835299,0.0,1.0,0.12941724520411868,0.12741534178226896,False,False,False,,below_bounded_prescreen
seedprior__pooled_gap_games,prequential_seed_priors,0.053231939163498096,1245,176,0.0027310330984764253,0.07462336212767978,0.0,1.0,0.12965945587350403,0.1269751077349311,False,False,False,,below_bounded_prescreen
absdiff__compact__last5_win_pct,compact_performance,0.0,1315,5,0.0018673731836350877,0.06590158292562462,0.0,1.0,0.13742502921704552,0.12654658073601774,False,False,False,,below_bounded_prescreen
absdiff__detailed__all__orbpct_std,detailed_efficiency,0.0,1315,1315,-0.009241363248684971,0.05946633100127809,0.0,1.0,0.10714694150097052,0.12629106113528535,False,False,False,,below_bounded_prescreen
diff__compact__day110plus_win_pct,compact_performance,0.0,1315,196,0.008534968663105175,0.057793308710049424,0.0,1.0,0.09773423317342148,0.12570911195977,False,False,False,,below_bounded_prescreen
seedprior__gap_games,prequential_seed_priors,0.0,1315,159,0.00983204926481669,0.05776293885136842,0.0,1.0,0.1231963081440409,0.12496140916115488,False,False,False,,below_bounded_prescreen
absdiff__detailed__clean__orbpct_std,detailed_efficiency,0.0,1315,1315,-0.006313937459202238,0.05450001322208041,0.0,1.0,0.09331005137791964,0.12381667053250632,False,False,False,,below_bounded_prescreen
absdiff__compact__pythag_residual_exp8p0,compact_performance,0.0,1315,1315,0.02104653070984872,0.04439973923240056,0.0,1.0,0.08523144476211109,0.12253285379723454,False,False,False,,below_bounded_prescreen
absdiff__detailed__all__netrtg_std,detailed_efficiency,0.0,1315,1315,-0.011364676641149615,0.041398996450184494,0.0,1.0,0.07356370412780999,0.11942919899202908,False,False,False,,below_bounded_prescreen
mean__geography__city_coverage,geography_and_schedule_dispersion,0.0,1315,2,0.029081641540423666,0.0,0.0,1.0,0.0,0.10639796113889322,False,False,False,,below_bounded_prescreen
context__season_centered_2000,matchup_context,0.0,1315,20,0.011437753040939991,0.0,0.0,1.0,0.0,0.10251630566900681,False,True,True,27.0,selected
seedprior__history_games,prequential_seed_priors,0.0,1315,20,0.01029437863137262,0.0,0.0,1.0,0.0,0.10226476329890198,False,False,False,,below_bounded_prescreen
diff__coach__midseason_change,prior_coach_history,0.0,1315,3,-0.0014076570383795661,0.0,0.0,1.0,0.0,0.10030968454844351,False,False,False,,below_bounded_prescreen
mean__geography__games_per_distinct_city,geography_and_schedule_dispersion,0.3406844106463878,867,377,0.0026889083166280843,0.01701618796601006,0.07692307692307693,1.0,0.03487999730799488,0.0924170696170045,False,False,False,,below_bounded_prescreen
