Gender,Season,DayNum,ID,y,p,variant
M,2014,136,2014_1107_1196,0,0.14372486621141434,pooled_reference
M,2014,134,2014_1107_1291,1,0.6840545386075974,pooled_reference
M,2014,136,2014_1110_1458,0,0.34413862228393555,pooled_reference
M,2014,139,2014_1112_1211,1,0.8851836510002613,pooled_reference
M,2014,143,2014_1112_1361,1,0.7995225340127945,pooled_reference
M,2014,137,2014_1112_1451,1,0.9161748364567757,pooled_reference
M,2014,145,2014_1112_1458,0,0.7093849033117294,pooled_reference
M,2014,136,2014_1113_1400,0,0.6089167296886444,pooled_reference
M,2014,139,2014_1124_1166,1,0.30527208745479584,pooled_reference
M,2014,137,2014_1124_1304,1,0.7264145165681839,pooled_reference
M,2014,143,2014_1124_1458,0,0.18333762884140015,pooled_reference
M,2014,136,2014_1140_1332,0,0.3697504252195358,pooled_reference
M,2014,135,2014_1142_1411,1,0.8298385515809059,pooled_reference
M,2014,137,2014_1142_1455,0,0.24747879803180695,pooled_reference
M,2014,136,2014_1153_1217,0,0.5497529059648514,pooled_reference
M,2014,137,2014_1157_1438,0,0.09996452927589417,pooled_reference
M,2014,136,2014_1160_1338,0,0.15851027518510818,pooled_reference
M,2014,152,2014_1163_1196,1,0.2693626582622528,pooled_reference
M,2014,144,2014_1163_1235,1,0.163785420358181,pooled_reference
M,2014,154,2014_1163_1246,1,0.12070643901824951,pooled_reference
M,2014,146,2014_1163_1277,1,0.08677710592746735,pooled_reference
M,2014,136,2014_1163_1386,1,0.5198756456375122,pooled_reference
M,2014,138,2014_1163_1437,1,0.28191418945789337,pooled_reference
M,2014,137,2014_1166_1418,1,0.8443838134407997,pooled_reference
M,2014,145,2014_1173_1196,0,0.38707953691482544,pooled_reference
M,2014,136,2014_1173_1326,1,0.2329661175608635,pooled_reference
M,2014,143,2014_1173_1390,1,0.7942612022161484,pooled_reference
M,2014,138,2014_1173_1393,1,0.16571278870105743,pooled_reference
M,2014,136,2014_1174_1277,0,0.0891481414437294,pooled_reference
M,2014,137,2014_1181_1273,0,0.9089815244078636,pooled_reference
M,2014,137,2014_1184_1242,0,0.186911903321743,pooled_reference
M,2014,138,2014_1196_1338,1,0.22541097551584244,pooled_reference
M,2014,143,2014_1196_1417,1,0.5778622180223465,pooled_reference
M,2014,137,2014_1203_1272,0,0.4765416085720062,pooled_reference
M,2014,137,2014_1211_1329,1,0.33319929242134094,pooled_reference
M,2014,138,2014_1217_1277,0,0.11613281071186066,pooled_reference
M,2014,135,2014_1234_1397,0,0.6067283600568771,pooled_reference
M,2014,137,2014_1235_1300,1,0.7456125169992447,pooled_reference
M,2014,139,2014_1235_1314,1,0.7321721464395523,pooled_reference
M,2014,139,2014_1242_1390,0,0.821635790169239,pooled_reference
M,2014,137,2014_1243_1246,0,0.0978313758969307,pooled_reference
M,2014,144,2014_1246_1257,1,0.5349781513214111,pooled_reference
M,2014,146,2014_1246_1276,1,0.7347941100597382,pooled_reference
M,2014,139,2014_1246_1455,1,0.6986837685108185,pooled_reference
M,2014,152,2014_1246_1458,1,0.5262788981199265,pooled_reference
M,2014,136,2014_1257_1264,1,0.9351554363965988,pooled_reference
M,2014,138,2014_1257_1387,1,0.8568186536431313,pooled_reference
M,2014,137,2014_1269_1397,0,0.6050993651151657,pooled_reference
M,2014,139,2014_1272_1438,0,0.4135851562023163,pooled_reference
M,2014,139,2014_1273_1397,0,0.1809629201889038,pooled_reference
M,2014,144,2014_1276_1397,1,0.4864040017127991,pooled_reference
M,2014,138,2014_1276_1400,1,0.6377566009759903,pooled_reference
M,2014,136,2014_1276_1459,1,0.8576109930872917,pooled_reference
M,2014,144,2014_1277_1438,1,0.5442818850278854,pooled_reference
M,2014,136,2014_1295_1328,1,0.256458580493927,pooled_reference
M,2014,138,2014_1295_1361,0,0.3126329332590103,pooled_reference
M,2014,136,2014_1301_1387,0,0.6373384445905685,pooled_reference
M,2014,134,2014_1301_1462,1,0.5510382950305939,pooled_reference
M,2014,137,2014_1307_1390,0,0.5785278230905533,pooled_reference
M,2014,136,2014_1308_1361,0,0.1738574206829071,pooled_reference
M,2014,137,2014_1314_1344,1,0.6046504825353622,pooled_reference
M,2014,138,2014_1332_1458,0,0.24075733125209808,pooled_reference
M,2014,139,2014_1372_1417,0,0.17898305505514145,pooled_reference
M,2014,137,2014_1372_1433,1,0.27811215817928314,pooled_reference
M,2014,136,2014_1393_1444,1,0.813821405172348,pooled_reference
M,2014,137,2014_1409_1417,0,0.15896901488304138,pooled_reference
M,2014,136,2014_1437_1454,1,0.885398231446743,pooled_reference
M,2015,137,2015_1107_1328,0,0.17486269772052765,pooled_reference
M,2015,138,2015_1112_1326,1,0.4765005558729172,pooled_reference
M,2015,136,2015_1112_1411,1,0.9327596537768841,pooled_reference
M,2015,145,2015_1112_1458,0,0.34118591248989105,pooled_reference
M,2015,143,2015_1112_1462,1,0.7646993473172188,pooled_reference
M,2015,138,2015_1116_1314,0,0.17481821030378342,pooled_reference
M,2015,136,2015_1116_1459,1,0.7872579544782639,pooled_reference
M,2015,136,2015_1124_1209,0,0.8610029965639114,pooled_reference
M,2015,137,2015_1125_1438,0,0.11140880733728409,pooled_reference
M,2015,135,2015_1129_1173,0,0.5785105973482132,pooled_reference
M,2015,137,2015_1138_1452,0,0.1444949060678482,pooled_reference
M,2015,138,2015_1139_1323,0,0.33875834941864014,pooled_reference
M,2015,136,2015_1139_1400,1,0.4697567969560623,pooled_reference
M,2015,134,2015_1140_1279,0,0.42398832738399506,pooled_reference
M,2015,138,2015_1153_1246,0,0.15273242443799973,pooled_reference
M,2015,136,2015_1153_1345,1,0.6053347289562225,pooled_reference
M,2015,137,2015_1157_1458,0,0.06769683584570885,pooled_reference
M,2015,137,2015_1172_1234,0,0.460530087351799,pooled_reference
M,2015,139,2015_1173_1328,0,0.2956434190273285,pooled_reference
M,2015,137,2015_1173_1344,1,0.31222711503505707,pooled_reference
M,2015,146,2015_1181_1211,1,0.6395761966705322,pooled_reference
M,2015,152,2015_1181_1277,1,0.8293639644980431,pooled_reference
M,2015,137,2015_1181_1352,1,0.9302102662622929,pooled_reference
M,2015,139,2015_1181_1361,1,0.8915487043559551,pooled_reference
M,2015,144,2015_1181_1428,1,0.7777244597673416,pooled_reference
M,2015,154,2015_1181_1458,1,0.49136583507061005,pooled_reference
M,2015,136,2015_1186_1207,0,0.2937837094068527,pooled_reference
M,2015,138,2015_1207_1428,0,0.31571702659130096,pooled_reference
M,2015,137,2015_1208_1277,0,0.24779275059700012,pooled_reference
M,2015,138,2015_1209_1462,0,0.27952994406223297,pooled_reference
M,2015,139,2015_1211_1234,1,0.8575369864702225,pooled_reference
M,2015,137,2015_1211_1295,1,0.9354948811233044,pooled_reference
M,2015,144,2015_1211_1417,1,0.7480598390102386,pooled_reference
M,2015,136,2015_1214_1246,0,0.06521104648709297,pooled_reference
M,2015,134,2015_1214_1264,1,0.5385101437568665,pooled_reference
M,2015,136,2015_1217_1314,0,0.09969791397452354,pooled_reference
M,2015,137,2015_1231_1455,0,0.4870954155921936,pooled_reference
M,2015,136,2015_1235_1412,0,0.8939465656876564,pooled_reference
M,2015,137,2015_1242_1308,1,0.8684073723852634,pooled_reference
M,2015,139,2015_1242_1455,0,0.46518778800964355,pooled_reference
M,2015,145,2015_1246_1323,1,0.7578936293721199,pooled_reference
M,2015,143,2015_1246_1452,1,0.8332567363977432,pooled_reference
M,2015,152,2015_1246_1458,0,0.7827693074941635,pooled_reference
M,2015,136,2015_1248_1437,0,0.12495861202478409,pooled_reference
M,2015,146,2015_1257_1277,0,0.6458019614219666,pooled_reference
M,2015,144,2015_1257_1301,1,0.8432181552052498,pooled_reference
M,2015,139,2015_1257_1320,1,0.7025594413280487,pooled_reference
M,2015,137,2015_1257_1414,1,0.891209565103054,pooled_reference
M,2015,136,2015_1261_1301,0,0.6148611754179001,pooled_reference
M,2015,137,2015_1268_1434,1,0.4425840526819229,pooled_reference
M,2015,139,2015_1268_1452,0,0.2997477799654007,pooled_reference
M,2015,144,2015_1277_1328,1,0.6218884587287903,pooled_reference
M,2015,139,2015_1277_1438,1,0.3332850784063339,pooled_reference
M,2015,136,2015_1279_1462,0,0.5632612407207489,pooled_reference
M,2015,138,2015_1301_1437,1,0.25185687094926834,pooled_reference
M,2015,143,2015_1314_1458,0,0.4026547074317932,pooled_reference
M,2015,135,2015_1316_1352,0,0.584048867225647,pooled_reference
M,2015,136,2015_1318_1323,0,0.23771822452545166,pooled_reference
M,2015,137,2015_1320_1461,1,0.7463815435767174,pooled_reference
M,2015,143,2015_1323_1455,1,0.6739550083875656,pooled_reference
M,2015,136,2015_1326_1433,1,0.7733891978859901,pooled_reference
M,2015,137,2015_1329_1332,0,0.6446299701929092,pooled_reference
M,2015,139,2015_1332_1458,0,0.07520635798573494,pooled_reference
M,2015,137,2015_1361_1385,1,0.6998856216669083,pooled_reference
M,2015,136,2015_1372_1428,0,0.30693936347961426,pooled_reference
M,2015,136,2015_1374_1417,0,0.730279728770256,pooled_reference
M,2015,138,2015_1412_1417,0,0.2618100047111511,pooled_reference
M,2016,136,2016_1112_1455,0,0.7826685011386871,pooled_reference
M,2016,138,2016_1114_1235,0,0.10906420275568962,pooled_reference
M,2016,136,2016_1114_1345,1,0.10030101984739304,pooled_reference
M,2016,136,2016_1122_1242,0,0.0767429880797863,pooled_reference
M,2016,136,2016_1124_1463,0,0.8037220761179924,pooled_reference
M,2016,136,2016_1138_1274,0,0.14718596637248993,pooled_reference
M,2016,136,2016_1139_1403,1,0.7636843249201775,pooled_reference
M,2016,138,2016_1139_1438,0,0.34317806363105774,pooled_reference
M,2016,137,2016_1143_1218,0,0.6243632137775421,pooled_reference
M,2016,136,2016_1151_1231,0,0.11432567611336708,pooled_reference
M,2016,137,2016_1153_1386,0,0.6211645305156708,pooled_reference
M,2016,136,2016_1160_1163,0,0.28782564401626587,pooled_reference
M,2016,138,2016_1163_1242,0,0.24640268832445145,pooled_reference
M,2016,137,2016_1167_1328,0,0.16039206087589264,pooled_reference
M,2016,137,2016_1173_1393,0,0.2890741527080536,pooled_reference
M,2016,143,2016_1181_1332,0,0.7136887758970261,pooled_reference
M,2016,136,2016_1181_1423,1,0.8845846801996231,pooled_reference
M,2016,138,2016_1181_1463,1,0.8893081210553646,pooled_reference
M,2016,134,2016_1192_1195,0,0.30622318387031555,pooled_reference
M,2016,136,2016_1195_1314,0,0.0700983926653862,pooled_reference
M,2016,136,2016_1201_1428,0,0.2525341212749481,pooled_reference
M,2016,136,2016_1211_1371,1,0.7072645723819733,pooled_reference
M,2016,144,2016_1211_1393,0,0.48992639780044556,pooled_reference
M,2016,138,2016_1211_1428,1,0.6723798215389252,pooled_reference
M,2016,136,2016_1214_1438,0,0.06200532428920269,pooled_reference
M,2016,139,2016_1218_1268,0,0.16648772358894348,pooled_reference
M,2016,137,2016_1221_1332,0,0.07743614166975021,pooled_reference
M,2016,135,2016_1221_1380,1,0.4732438325881958,pooled_reference
M,2016,138,2016_1231_1246,1,0.4144013375043869,pooled_reference
M,2016,144,2016_1231_1314,0,0.30359600484371185,pooled_reference
M,2016,136,2016_1233_1235,0,0.12312379851937294,pooled_reference
M,2016,137,2016_1234_1396,1,0.8606350049376488,pooled_reference
M,2016,139,2016_1234_1437,0,0.476188525557518,pooled_reference
M,2016,144,2016_1235_1438,0,0.33976389467716217,pooled_reference
M,2016,143,2016_1242_1268,1,0.698537066578865,pooled_reference
M,2016,145,2016_1242_1437,0,0.7316841036081314,pooled_reference
M,2016,136,2016_1246_1392,1,0.8381571024656296,pooled_reference
M,2016,137,2016_1268_1355,1,0.79705960303545,pooled_reference
M,2016,143,2016_1274_1437,0,0.5596413314342499,pooled_reference
M,2016,138,2016_1274_1455,1,0.8034396916627884,pooled_reference
M,2016,137,2016_1276_1323,0,0.4681762158870697,pooled_reference
M,2016,135,2016_1276_1409,1,0.7763819172978401,pooled_reference
M,2016,137,2016_1277_1292,0,0.9325927719473839,pooled_reference
M,2016,139,2016_1292_1393,0,0.1566225290298462,pooled_reference
M,2016,146,2016_1314_1323,1,0.7890743315219879,pooled_reference
M,2016,138,2016_1314_1344,1,0.9094719253480434,pooled_reference
M,2016,152,2016_1314_1393,1,0.7567420601844788,pooled_reference
M,2016,154,2016_1314_1437,0,0.7396889179944992,pooled_reference
M,2016,137,2016_1320_1400,1,0.25062474608421326,pooled_reference
M,2016,139,2016_1320_1401,0,0.21162791550159454,pooled_reference
M,2016,139,2016_1323_1372,1,0.8384029567241669,pooled_reference
M,2016,144,2016_1323_1458,1,0.5895938277244568,pooled_reference
M,2016,145,2016_1328_1332,1,0.5270826518535614,pooled_reference
M,2016,143,2016_1328_1401,1,0.5638089627027512,pooled_reference
M,2016,139,2016_1328_1433,1,0.6650052666664124,pooled_reference
M,2016,152,2016_1328_1437,0,0.47131605446338654,pooled_reference
M,2016,139,2016_1332_1386,1,0.6976640224456787,pooled_reference
M,2016,137,2016_1333_1433,0,0.34926389157772064,pooled_reference
M,2016,137,2016_1338_1458,0,0.6811034977436066,pooled_reference
M,2016,136,2016_1344_1425,1,0.5470690578222275,pooled_reference
M,2016,137,2016_1372_1452,1,0.17608440667390823,pooled_reference
M,2016,146,2016_1393_1438,1,0.3492005914449692,pooled_reference
M,2016,137,2016_1401_1453,1,0.8561350703239441,pooled_reference
M,2016,137,2016_1421_1437,0,0.102674949914217,pooled_reference
M,2016,134,2016_1435_1455,0,0.4865039587020874,pooled_reference
M,2016,137,2016_1451_1462,0,0.122367262840271,pooled_reference
M,2016,139,2016_1458_1462,1,0.41394421458244324,pooled_reference
M,2017,136,2017_1112_1315,1,0.8943825550377369,pooled_reference
M,2017,138,2017_1112_1388,1,0.5899060219526291,pooled_reference
M,2017,143,2017_1112_1462,0,0.7471911609172821,pooled_reference
M,2017,139,2017_1116_1314,0,0.07352845370769501,pooled_reference
M,2017,137,2017_1116_1371,1,0.578544557094574,pooled_reference
M,2017,137,2017_1124_1308,1,0.8743945360183716,pooled_reference
M,2017,144,2017_1124_1376,0,0.6931575387716293,pooled_reference
M,2017,139,2017_1124_1425,1,0.8674988076090813,pooled_reference
M,2017,136,2017_1137_1452,0,0.0923750102519989,pooled_reference
M,2017,138,2017_1139_1292,1,0.6606597453355789,pooled_reference
M,2017,144,2017_1139_1314,0,0.22652200609445572,pooled_reference
M,2017,136,2017_1139_1457,1,0.8626772686839104,pooled_reference
M,2017,137,2017_1153_1243,1,0.5152208507061005,pooled_reference
M,2017,139,2017_1153_1417,0,0.37928736209869385,pooled_reference
M,2017,137,2017_1166_1348,0,0.7604267969727516,pooled_reference
M,2017,137,2017_1173_1455,0,0.2829807996749878,pooled_reference
M,2017,139,2017_1181_1376,0,0.7299331426620483,pooled_reference
M,2017,137,2017_1181_1407,1,0.9053209386765957,pooled_reference
M,2017,136,2017_1190_1196,0,0.10859966650605202,pooled_reference
M,2017,136,2017_1195_1199,0,0.12992115318775177,pooled_reference
M,2017,146,2017_1196_1376,0,0.6886192709207535,pooled_reference
M,2017,138,2017_1196_1438,1,0.40804971754550934,pooled_reference
M,2017,144,2017_1196_1458,1,0.44433440268039703,pooled_reference
M,2017,138,2017_1199_1462,0,0.7945186868309975,pooled_reference
M,2017,154,2017_1211_1314,0,0.35964319109916687,pooled_reference
M,2017,138,2017_1211_1321,1,0.9149711094796658,pooled_reference
M,2017,136,2017_1211_1355,1,0.9385321214795113,pooled_reference
M,2017,152,2017_1211_1376,1,0.8024042919278145,pooled_reference
M,2017,143,2017_1211_1452,1,0.6235210448503494,pooled_reference
M,2017,145,2017_1211_1462,1,0.9049518294632435,pooled_reference
M,2017,137,2017_1233_1332,0,0.10042472928762436,pooled_reference
M,2017,136,2017_1235_1305,1,0.8336520493030548,pooled_reference
M,2017,138,2017_1235_1345,0,0.4891930818557739,pooled_reference
M,2017,137,2017_1240_1257,0,0.09414949640631676,pooled_reference
M,2017,139,2017_1242_1277,1,0.8371846750378609,pooled_reference
M,2017,145,2017_1242_1332,0,0.5867762714624405,pooled_reference
M,2017,143,2017_1242_1345,1,0.516354575753212,pooled_reference
M,2017,137,2017_1242_1413,1,0.9333657957613468,pooled_reference
M,2017,134,2017_1243_1448,1,0.6134748309850693,pooled_reference
M,2017,137,2017_1245_1417,0,0.10068117082118988,pooled_reference
M,2017,137,2017_1246_1297,1,0.9367718808352947,pooled_reference
M,2017,146,2017_1246_1314,0,0.4211459904909134,pooled_reference
M,2017,144,2017_1246_1417,1,0.6639114320278168,pooled_reference
M,2017,139,2017_1246_1455,1,0.7868151217699051,pooled_reference
M,2017,139,2017_1257_1276,0,0.6705206334590912,pooled_reference
M,2017,137,2017_1266_1376,0,0.5175754725933075,pooled_reference
M,2017,136,2017_1268_1462,0,0.5638667196035385,pooled_reference
M,2017,137,2017_1274_1277,0,0.6564853936433792,pooled_reference
M,2017,137,2017_1276_1329,1,0.6377562582492828,pooled_reference
M,2017,143,2017_1276_1332,0,0.5091761946678162,pooled_reference
M,2017,136,2017_1278_1292,0,0.4964318871498108,pooled_reference
M,2017,134,2017_1291_1309,1,0.5095516592264175,pooled_reference
M,2017,136,2017_1291_1437,0,0.054952627047896385,pooled_reference
M,2017,135,2017_1300_1413,0,0.6814151555299759,pooled_reference
M,2017,152,2017_1314_1332,1,0.8129651471972466,pooled_reference
M,2017,137,2017_1314_1411,1,0.9318220913410187,pooled_reference
M,2017,136,2017_1321_1435,1,0.7252258211374283,pooled_reference
M,2017,136,2017_1323_1343,1,0.7843550592660904,pooled_reference
M,2017,138,2017_1323_1452,0,0.31628628075122833,pooled_reference
M,2017,139,2017_1332_1348,1,0.6820062547922134,pooled_reference
M,2017,135,2017_1344_1425,0,0.43751004338264465,pooled_reference
M,2017,136,2017_1345_1436,1,0.8896349966526031,pooled_reference
M,2017,137,2017_1374_1425,0,0.8306098654866219,pooled_reference
M,2017,136,2017_1388_1433,1,0.578338086605072,pooled_reference
M,2017,136,2017_1423_1438,0,0.22000900655984879,pooled_reference
M,2017,138,2017_1437_1458,0,0.6537740975618362,pooled_reference
M,2017,136,2017_1439_1458,0,0.3641469329595566,pooled_reference
M,2018,138,2018_1104_1437,0,0.12849170714616776,pooled_reference
M,2018,136,2018_1104_1439,1,0.541562482714653,pooled_reference
M,2018,136,2018_1112_1138,0,0.7986876517534256,pooled_reference
M,2018,135,2018_1113_1393,0,0.44756509363651276,pooled_reference
M,2018,137,2018_1116_1139,0,0.5231755971908569,pooled_reference
M,2018,139,2018_1120_1155,0,0.5470597892999649,pooled_reference
M,2018,137,2018_1120_1158,1,0.8090157732367516,pooled_reference
M,2018,137,2018_1137_1277,0,0.0706847794353962,pooled_reference
M,2018,138,2018_1138_1246,0,0.12364177405834198,pooled_reference
M,2018,139,2018_1139_1345,0,0.20651908963918686,pooled_reference
M,2018,137,2018_1153_1209,1,0.8890783973038197,pooled_reference
M,2018,139,2018_1153_1305,0,0.7239984422922134,pooled_reference
M,2018,144,2018_1155_1242,0,0.2642400562763214,pooled_reference
M,2018,137,2018_1155_1308,1,0.7334793359041214,pooled_reference
M,2018,137,2018_1166_1243,0,0.5479507744312286,pooled_reference
M,2018,137,2018_1168_1345,0,0.06281577795743942,pooled_reference
M,2018,136,2018_1172_1246,0,0.28886258602142334,pooled_reference
M,2018,136,2018_1181_1233,1,0.9397392384707928,pooled_reference
M,2018,146,2018_1181_1242,0,0.5035508275032043,pooled_reference
M,2018,138,2018_1181_1348,1,0.8988362736999989,pooled_reference
M,2018,144,2018_1181_1393,1,0.8852448612451553,pooled_reference
M,2018,136,2018_1196_1382,1,0.6643858104944229,pooled_reference
M,2018,138,2018_1196_1403,0,0.3197295069694519,pooled_reference
M,2018,143,2018_1199_1211,1,0.2751416116952896,pooled_reference
M,2018,145,2018_1199_1276,0,0.3895009458065033,pooled_reference
M,2018,137,2018_1199_1281,1,0.6634441912174225,pooled_reference
M,2018,139,2018_1199_1462,1,0.5133883655071259,pooled_reference
M,2018,138,2018_1211_1326,1,0.6943626552820206,pooled_reference
M,2018,136,2018_1211_1422,1,0.8775468282401562,pooled_reference
M,2018,138,2018_1222_1276,0,0.31184133887290955,pooled_reference
M,2018,136,2018_1222_1361,1,0.5922478288412094,pooled_reference
M,2018,136,2018_1242_1335,1,0.9226396456360817,pooled_reference
M,2018,138,2018_1242_1371,1,0.755986861884594,pooled_reference
M,2018,152,2018_1242_1437,0,0.40117332339286804,pooled_reference
M,2018,143,2018_1243_1246,1,0.3810243010520935,pooled_reference
M,2018,145,2018_1243_1260,0,0.6222036629915237,pooled_reference
M,2018,139,2018_1243_1420,1,0.9047290682792664,pooled_reference
M,2018,137,2018_1252_1314,0,0.058454494923353195,pooled_reference
M,2018,134,2018_1254_1347,0,0.365110844373703,pooled_reference
M,2018,136,2018_1260_1274,1,0.23408707976341248,pooled_reference
M,2018,152,2018_1260_1276,0,0.29440416395664215,pooled_reference
M,2018,143,2018_1260_1305,1,0.2774273753166199,pooled_reference
M,2018,138,2018_1260_1397,1,0.3596472442150116,pooled_reference
M,2018,139,2018_1267_1452,0,0.14449462294578552,pooled_reference
M,2018,137,2018_1267_1455,1,0.1384187936782837,pooled_reference
M,2018,136,2018_1276_1285,1,0.9061319902539253,pooled_reference
M,2018,143,2018_1276_1401,1,0.6020638942718506,pooled_reference
M,2018,154,2018_1276_1437,0,0.2335793748497963,pooled_reference
M,2018,139,2018_1277_1393,0,0.8500183671712875,pooled_reference
M,2018,137,2018_1293_1452,0,0.19791585206985474,pooled_reference
M,2018,135,2018_1300_1411,0,0.5842990875244141,pooled_reference
M,2018,136,2018_1301_1371,0,0.3858753442764282,pooled_reference
M,2018,137,2018_1305_1400,1,0.5943201631307602,pooled_reference
M,2018,139,2018_1314_1401,0,0.6607173979282379,pooled_reference
M,2018,136,2018_1326_1355,1,0.8375686034560204,pooled_reference
M,2018,136,2018_1328_1348,0,0.4840652048587799,pooled_reference
M,2018,137,2018_1344_1401,0,0.27421070635318756,pooled_reference
M,2018,144,2018_1345_1403,0,0.685964435338974,pooled_reference
M,2018,136,2018_1347_1437,0,0.05505877733230591,pooled_reference
M,2018,136,2018_1372_1403,0,0.10078626126050949,pooled_reference
M,2018,134,2018_1382_1417,1,0.5245091617107391,pooled_reference
M,2018,137,2018_1393_1395,1,0.42926742136478424,pooled_reference
M,2018,136,2018_1397_1460,1,0.8916920460760593,pooled_reference
M,2018,146,2018_1403_1437,0,0.2990083545446396,pooled_reference
M,2018,137,2018_1411_1462,0,0.07305378094315529,pooled_reference
M,2018,137,2018_1420_1438,1,0.052726346999406815,pooled_reference
M,2018,144,2018_1437_1452,1,0.6899998933076859,pooled_reference
M,2019,136,2019_1101_1246,0,0.06404942646622658,pooled_reference
M,2019,137,2019_1113_1138,0,0.44513803720474243,pooled_reference
M,2019,135,2019_1113_1385,1,0.5294884443283081,pooled_reference
M,2019,138,2019_1120_1242,1,0.48063690960407257,pooled_reference
M,2019,146,2019_1120_1246,1,0.46273641288280487,pooled_reference
M,2019,136,2019_1120_1308,1,0.7165437787771225,pooled_reference
M,2019,144,2019_1120_1314,1,0.3412307798862457,pooled_reference
M,2019,152,2019_1120_1438,0,0.2027592584490776,pooled_reference
M,2019,138,2019_1124_1211,0,0.13337119668722153,pooled_reference
M,2019,136,2019_1124_1393,1,0.49127577245235443,pooled_reference
M,2019,136,2019_1125_1268,0,0.23484546691179276,pooled_reference
M,2019,134,2019_1125_1396,1,0.43452103435993195,pooled_reference
M,2019,136,2019_1133_1277,0,0.06542134657502174,pooled_reference
M,2019,139,2019_1138_1403,0,0.38803867995738983,pooled_reference
M,2019,137,2019_1153_1234,0,0.6703490316867828,pooled_reference
M,2019,137,2019_1159_1397,0,0.09972865879535675,pooled_reference
M,2019,146,2019_1181_1277,0,0.6511360257863998,pooled_reference
M,2019,137,2019_1181_1295,1,0.9386886171996593,pooled_reference
M,2019,139,2019_1181_1416,1,0.9050781950354576,pooled_reference
M,2019,144,2019_1181_1439,1,0.8349457383155823,pooled_reference
M,2019,136,2019_1192_1211,0,0.05435620993375778,pooled_reference
M,2019,134,2019_1192_1341,1,0.4417937695980072,pooled_reference
M,2019,138,2019_1196_1276,0,0.31550537049770355,pooled_reference
M,2019,136,2019_1196_1305,1,0.5096736997365952,pooled_reference
M,2019,143,2019_1199_1211,0,0.19635403156280518,pooled_reference
M,2019,138,2019_1199_1293,1,0.7756592333316803,pooled_reference
M,2019,136,2019_1199_1436,1,0.8213105127215385,pooled_reference
M,2019,137,2019_1205_1438,0,0.06597466394305229,pooled_reference
M,2019,137,2019_1209_1222,0,0.11604132875800133,pooled_reference
M,2019,145,2019_1211_1403,0,0.7198833525180817,pooled_reference
M,2019,144,2019_1222_1246,0,0.39828042685985565,pooled_reference
M,2019,139,2019_1222_1326,1,0.6459129303693771,pooled_reference
M,2019,137,2019_1233_1314,0,0.06694629788398743,pooled_reference
M,2019,139,2019_1234_1397,0,0.33970488607883453,pooled_reference
M,2019,137,2019_1235_1326,0,0.6964627802371979,pooled_reference
M,2019,136,2019_1242_1318,1,0.8336626067757607,pooled_reference
M,2019,137,2019_1243_1414,0,0.8346736282110214,pooled_reference
M,2019,138,2019_1246_1459,1,0.7333433330059052,pooled_reference
M,2019,137,2019_1251_1280,1,0.36305664479732513,pooled_reference
M,2019,139,2019_1251_1439,0,0.11613557487726212,pooled_reference
M,2019,136,2019_1257_1278,0,0.7224396020174026,pooled_reference
M,2019,138,2019_1261_1268,1,0.44936129450798035,pooled_reference
M,2019,144,2019_1261_1277,0,0.15607645362615585,pooled_reference
M,2019,136,2019_1261_1463,1,0.7923551499843597,pooled_reference
M,2019,136,2019_1266_1293,0,0.6673514991998672,pooled_reference
M,2019,136,2019_1276_1285,1,0.929103896021843,pooled_reference
M,2019,143,2019_1276_1403,0,0.5923789143562317,pooled_reference
M,2019,138,2019_1277_1278,1,0.8789425231516361,pooled_reference
M,2019,152,2019_1277_1403,0,0.6972434371709824,pooled_reference
M,2019,137,2019_1279_1328,0,0.35451823472976685,pooled_reference
M,2019,135,2019_1295_1300,1,0.6990429610013962,pooled_reference
M,2019,137,2019_1297_1403,0,0.10100488364696503,pooled_reference
M,2019,139,2019_1314_1449,1,0.7892777249217033,pooled_reference
M,2019,139,2019_1328_1438,0,0.14232096821069717,pooled_reference
M,2019,136,2019_1330_1345,0,0.12558367103338242,pooled_reference
M,2019,139,2019_1332_1414,1,0.7007308006286621,pooled_reference
M,2019,143,2019_1332_1438,0,0.1565822958946228,pooled_reference
M,2019,137,2019_1332_1458,1,0.33750827610492706,pooled_reference
M,2019,143,2019_1345_1397,1,0.44876256585121155,pooled_reference
M,2019,138,2019_1345_1437,1,0.5316663980484009,pooled_reference
M,2019,145,2019_1345_1438,0,0.17515257000923157,pooled_reference
M,2019,136,2019_1371_1459,0,0.380617156624794,pooled_reference
M,2019,137,2019_1387_1439,0,0.17652864754199982,pooled_reference
M,2019,136,2019_1388_1437,0,0.4056171029806137,pooled_reference
M,2019,154,2019_1403_1438,0,0.2895135283470154,pooled_reference
M,2019,137,2019_1416_1433,1,0.5223771184682846,pooled_reference
M,2019,137,2019_1429_1449,0,0.5420914888381958,pooled_reference
M,2021,138,2021_1101_1400,1,0.29425518214702606,pooled_reference
M,2021,140,2021_1101_1417,0,0.3160029500722885,pooled_reference
M,2021,138,2021_1104_1233,1,0.8970237970352173,pooled_reference
M,2021,140,2021_1104_1268,1,0.6776337027549744,pooled_reference
M,2021,146,2021_1104_1417,0,0.7295476645231247,pooled_reference
M,2021,136,2021_1111_1313,0,0.5135140269994736,pooled_reference
M,2021,147,2021_1116_1124,0,0.2409941628575325,pooled_reference
M,2021,137,2021_1116_1159,1,0.6736771613359451,pooled_reference
M,2021,145,2021_1116_1331,1,0.9016154333949089,pooled_reference
M,2021,139,2021_1116_1403,1,0.5588772594928741,pooled_reference
M,2021,154,2021_1124_1211,1,0.45033974945545197,pooled_reference
M,2021,137,2021_1124_1216,1,0.9223289974033833,pooled_reference
M,2021,152,2021_1124_1222,1,0.6797262728214264,pooled_reference
M,2021,145,2021_1124_1437,1,0.828250989317894,pooled_reference
M,2021,139,2021_1124_1458,1,0.8132039085030556,pooled_reference
M,2021,138,2021_1140_1417,0,0.5738667547702789,pooled_reference
M,2021,137,2021_1155_1353,0,0.5181841850280762,pooled_reference
M,2021,137,2021_1156_1222,0,0.08126619830727577,pooled_reference
M,2021,140,2021_1160_1199,0,0.5666495263576508,pooled_reference
M,2021,138,2021_1160_1207,1,0.8150014728307724,pooled_reference
M,2021,138,2021_1163_1268,0,0.5163724422454834,pooled_reference
M,2021,146,2021_1166_1211,0,0.17775779217481613,pooled_reference
M,2021,140,2021_1166_1325,1,0.6509231775999069,pooled_reference
M,2021,138,2021_1166_1364,1,0.5006093382835388,pooled_reference
M,2021,138,2021_1179_1425,0,0.39625445008277893,pooled_reference
M,2021,136,2021_1179_1455,1,0.6335789114236832,pooled_reference
M,2021,137,2021_1180_1228,0,0.09187892079353333,pooled_reference
M,2021,138,2021_1186_1242,0,0.1588248535990715,pooled_reference
M,2021,139,2021_1196_1331,0,0.8146464675664902,pooled_reference
M,2021,137,2021_1196_1439,1,0.5217822194099426,pooled_reference
M,2021,146,2021_1199_1276,0,0.3247058689594269,pooled_reference
M,2021,138,2021_1199_1422,1,0.6394622176885605,pooled_reference
M,2021,137,2021_1210_1260,0,0.2803594470024109,pooled_reference
M,2021,138,2021_1211_1313,1,0.9309907369315624,pooled_reference
M,2021,140,2021_1211_1328,1,0.8439811915159225,pooled_reference
M,2021,152,2021_1211_1417,1,0.860100731253624,pooled_reference
M,2021,148,2021_1211_1425,1,0.8141832277178764,pooled_reference
M,2021,138,2021_1213_1234,0,0.10011905431747437,pooled_reference
M,2021,147,2021_1222_1333,1,0.8791367970407009,pooled_reference
M,2021,139,2021_1222_1353,1,0.7890722081065178,pooled_reference
M,2021,145,2021_1222_1393,1,0.7468274235725403,pooled_reference
M,2021,139,2021_1228_1260,0,0.5672241002321243,pooled_reference
M,2021,140,2021_1234_1332,0,0.562799334526062,pooled_reference
M,2021,140,2021_1242_1425,0,0.5351726561784744,pooled_reference
M,2021,137,2021_1251_1329,0,0.3684985041618347,pooled_reference
M,2021,145,2021_1260_1333,0,0.8748525232076645,pooled_reference
M,2021,140,2021_1261_1276,0,0.3155456632375717,pooled_reference
M,2021,138,2021_1261_1382,1,0.5806976109743118,pooled_reference
M,2021,138,2021_1276_1411,1,0.9364433325827122,pooled_reference
M,2021,148,2021_1276_1417,0,0.6991030722856522,pooled_reference
M,2021,136,2021_1277_1417,0,0.42664025723934174,pooled_reference
M,2021,138,2021_1281_1328,0,0.46773143112659454,pooled_reference
M,2021,137,2021_1287_1452,0,0.20916757732629776,pooled_reference
M,2021,136,2021_1291_1411,0,0.5756503790616989,pooled_reference
M,2021,137,2021_1314_1458,0,0.5315526574850082,pooled_reference
M,2021,137,2021_1317_1345,1,0.44311410188674927,pooled_reference
M,2021,139,2021_1317_1437,0,0.3440238684415817,pooled_reference
M,2021,138,2021_1325_1438,1,0.24026264995336533,pooled_reference
M,2021,137,2021_1326_1331,0,0.9228551387786865,pooled_reference
M,2021,139,2021_1329_1333,0,0.6936482638120651,pooled_reference
M,2021,146,2021_1332_1425,0,0.4289495646953583,pooled_reference
M,2021,137,2021_1333_1397,1,0.2514695078134537,pooled_reference
M,2021,137,2021_1361_1393,0,0.6676652282476425,pooled_reference
M,2021,139,2021_1393_1452,1,0.3302325904369354,pooled_reference
M,2021,137,2021_1403_1429,1,0.5925627648830414,pooled_reference
M,2021,137,2021_1437_1457,1,0.6375120580196381,pooled_reference
M,2014,134,2014_1107_1291,1,0.6853062361478806,pooled_240_trees
M,2014,134,2014_1301_1462,1,0.5684534758329391,pooled_240_trees
M,2014,135,2014_1142_1411,1,0.9029651470482348,pooled_240_trees
M,2014,135,2014_1234_1397,0,0.5271921008825302,pooled_240_trees
M,2014,136,2014_1163_1386,1,0.4094797968864441,pooled_240_trees
M,2014,136,2014_1173_1326,1,0.1987368911504745,pooled_240_trees
M,2014,136,2014_1107_1196,0,0.0814589262008667,pooled_240_trees
M,2014,136,2014_1153_1217,0,0.5461293160915375,pooled_240_trees
M,2014,136,2014_1257_1264,1,0.9749237457290292,pooled_240_trees
M,2014,136,2014_1276_1459,1,0.904604621231556,pooled_240_trees
M,2014,136,2014_1174_1277,0,0.0440825372934341,pooled_240_trees
M,2014,136,2014_1295_1328,1,0.2413422763347625,pooled_240_trees
M,2014,136,2014_1140_1332,0,0.4131381064653396,pooled_240_trees
M,2014,136,2014_1160_1338,0,0.1217499375343322,pooled_240_trees
M,2014,136,2014_1308_1361,0,0.141367107629776,pooled_240_trees
M,2014,136,2014_1301_1387,0,0.7307747006416321,pooled_240_trees
M,2014,136,2014_1393_1444,1,0.8561063557863235,pooled_240_trees
M,2014,136,2014_1113_1400,0,0.5628071129322052,pooled_240_trees
M,2014,136,2014_1437_1454,1,0.9415983874350786,pooled_240_trees
M,2014,136,2014_1110_1458,0,0.3409584760665893,pooled_240_trees
M,2014,137,2014_1112_1451,1,0.9675431549549104,pooled_240_trees
M,2014,137,2014_1124_1304,1,0.759194940328598,pooled_240_trees
M,2014,137,2014_1166_1418,1,0.8983472287654877,pooled_240_trees
M,2014,137,2014_1211_1329,1,0.327885553240776,pooled_240_trees
M,2014,137,2014_1235_1300,1,0.8050745278596878,pooled_240_trees
M,2014,137,2014_1184_1242,0,0.1353208497166633,pooled_240_trees
M,2014,137,2014_1243_1246,0,0.052910653874278,pooled_240_trees
M,2014,137,2014_1203_1272,0,0.5021624565124512,pooled_240_trees
M,2014,137,2014_1181_1273,0,0.9506918974220752,pooled_240_trees
M,2014,137,2014_1314_1344,1,0.606317862868309,pooled_240_trees
M,2014,137,2014_1372_1433,1,0.2042008861899376,pooled_240_trees
M,2014,137,2014_1307_1390,0,0.6156553030014038,pooled_240_trees
M,2014,137,2014_1269_1397,0,0.5765734314918518,pooled_240_trees
M,2014,137,2014_1409_1417,0,0.1037469618022441,pooled_240_trees
M,2014,137,2014_1157_1438,0,0.0508594177663326,pooled_240_trees
M,2014,137,2014_1142_1455,0,0.2067612633109092,pooled_240_trees
M,2014,138,2014_1163_1437,1,0.2082227170467376,pooled_240_trees
M,2014,138,2014_1173_1393,1,0.1493087783455848,pooled_240_trees
M,2014,138,2014_1196_1338,1,0.1674709543585777,pooled_240_trees
M,2014,138,2014_1257_1387,1,0.917787291109562,pooled_240_trees
M,2014,138,2014_1276_1400,1,0.6346021592617035,pooled_240_trees
M,2014,138,2014_1217_1277,0,0.0674878545105457,pooled_240_trees
M,2014,138,2014_1295_1361,0,0.3408278822898865,pooled_240_trees
M,2014,138,2014_1332_1458,0,0.208211213350296,pooled_240_trees
M,2014,139,2014_1112_1211,1,0.9325010254979134,pooled_240_trees
M,2014,139,2014_1124_1166,1,0.3055246621370315,pooled_240_trees
M,2014,139,2014_1235_1314,1,0.7479642108082771,pooled_240_trees
M,2014,139,2014_1246_1455,1,0.7164267599582672,pooled_240_trees
M,2014,139,2014_1242_1390,0,0.8802877441048622,pooled_240_trees
M,2014,139,2014_1273_1397,0,0.1120272688567638,pooled_240_trees
M,2014,139,2014_1372_1417,0,0.111099224537611,pooled_240_trees
M,2014,139,2014_1272_1438,0,0.3764625489711761,pooled_240_trees
M,2014,143,2014_1112_1361,1,0.8531986251473427,pooled_240_trees
M,2014,143,2014_1173_1390,1,0.8626284003257751,pooled_240_trees
M,2014,143,2014_1196_1417,1,0.6173892915248871,pooled_240_trees
M,2014,143,2014_1124_1458,0,0.1913677081465721,pooled_240_trees
M,2014,144,2014_1163_1235,1,0.0997966155409812,pooled_240_trees
M,2014,144,2014_1246_1257,1,0.4909382462501526,pooled_240_trees
M,2014,144,2014_1276_1397,1,0.3839782774448395,pooled_240_trees
M,2014,144,2014_1277_1438,1,0.4886673092842102,pooled_240_trees
M,2014,145,2014_1173_1196,0,0.3837535381317138,pooled_240_trees
M,2014,145,2014_1112_1458,0,0.7945235073566437,pooled_240_trees
M,2014,146,2014_1163_1277,1,0.0442660003900527,pooled_240_trees
M,2014,146,2014_1246_1276,1,0.8372079953551292,pooled_240_trees
M,2014,152,2014_1163_1196,1,0.1770146116614341,pooled_240_trees
M,2014,152,2014_1246_1458,1,0.5977785438299179,pooled_240_trees
M,2014,154,2014_1163_1246,1,0.0587528925389051,pooled_240_trees
M,2015,134,2015_1214_1264,1,0.6720306873321533,pooled_240_trees
M,2015,134,2015_1140_1279,0,0.440159723162651,pooled_240_trees
M,2015,135,2015_1129_1173,0,0.5717879831790924,pooled_240_trees
M,2015,135,2015_1316_1352,0,0.5319657772779465,pooled_240_trees
M,2015,136,2015_1112_1411,1,0.9574532862752676,pooled_240_trees
M,2015,136,2015_1116_1459,1,0.8155993968248367,pooled_240_trees
M,2015,136,2015_1139_1400,1,0.3326058834791183,pooled_240_trees
M,2015,136,2015_1153_1345,1,0.5552931576967239,pooled_240_trees
M,2015,136,2015_1186_1207,0,0.3778511583805084,pooled_240_trees
M,2015,136,2015_1124_1209,0,0.8439542204141617,pooled_240_trees
M,2015,136,2015_1214_1246,0,0.0309360176324844,pooled_240_trees
M,2015,136,2015_1261_1301,0,0.5851919800043106,pooled_240_trees
M,2015,136,2015_1217_1314,0,0.062504356727004,pooled_240_trees
M,2015,136,2015_1318_1323,0,0.2716816961765289,pooled_240_trees
M,2015,136,2015_1326_1433,1,0.7680264636874199,pooled_240_trees
M,2015,136,2015_1235_1412,0,0.9265945889055728,pooled_240_trees
M,2015,136,2015_1374_1417,0,0.8474378883838654,pooled_240_trees
M,2015,136,2015_1372_1428,0,0.3678851574659347,pooled_240_trees
M,2015,136,2015_1248_1437,0,0.0799355823546648,pooled_240_trees
M,2015,136,2015_1279_1462,0,0.5893089026212692,pooled_240_trees
M,2015,137,2015_1173_1344,1,0.2274999022483825,pooled_240_trees
M,2015,137,2015_1181_1352,1,0.9663082091137768,pooled_240_trees
M,2015,137,2015_1211_1295,1,0.9711310379207134,pooled_240_trees
M,2015,137,2015_1172_1234,0,0.4702199399471283,pooled_240_trees
M,2015,137,2015_1242_1308,1,0.9072567746043204,pooled_240_trees
M,2015,137,2015_1257_1414,1,0.9346030913293362,pooled_240_trees
M,2015,137,2015_1268_1434,1,0.3662360459566116,pooled_240_trees
M,2015,137,2015_1208_1277,0,0.219074860215187,pooled_240_trees
M,2015,137,2015_1320_1461,1,0.8066791072487831,pooled_240_trees
M,2015,137,2015_1107_1328,0,0.196073830127716,pooled_240_trees
M,2015,137,2015_1329_1332,0,0.6354554146528244,pooled_240_trees
M,2015,137,2015_1361_1385,1,0.7408970445394516,pooled_240_trees
M,2015,137,2015_1125_1438,0,0.0732542648911476,pooled_240_trees
M,2015,137,2015_1138_1452,0,0.1478066369891166,pooled_240_trees
M,2015,137,2015_1231_1455,0,0.5100937187671661,pooled_240_trees
M,2015,137,2015_1157_1458,0,0.0302265901118516,pooled_240_trees
M,2015,138,2015_1112_1326,1,0.5722353756427765,pooled_240_trees
M,2015,138,2015_1153_1246,0,0.1094577126204967,pooled_240_trees
M,2015,138,2015_1301_1437,1,0.225913368165493,pooled_240_trees
M,2015,138,2015_1116_1314,0,0.1635972410440445,pooled_240_trees
M,2015,138,2015_1139_1323,0,0.2791232615709305,pooled_240_trees
M,2015,138,2015_1412_1417,0,0.3422159701585769,pooled_240_trees
M,2015,138,2015_1207_1428,0,0.4286767095327377,pooled_240_trees
M,2015,138,2015_1209_1462,0,0.2102291360497474,pooled_240_trees
M,2015,139,2015_1181_1361,1,0.9121433794498444,pooled_240_trees
M,2015,139,2015_1211_1234,1,0.8933081179857254,pooled_240_trees
M,2015,139,2015_1257_1320,1,0.6505046486854553,pooled_240_trees
M,2015,139,2015_1277_1438,1,0.3394733965396881,pooled_240_trees
M,2015,139,2015_1173_1328,0,0.320672333240509,pooled_240_trees
M,2015,139,2015_1268_1452,0,0.353640541434288,pooled_240_trees
M,2015,139,2015_1242_1455,0,0.5095817148685455,pooled_240_trees
M,2015,139,2015_1332_1458,0,0.0364449396729469,pooled_240_trees
M,2015,143,2015_1112_1462,1,0.7956892549991608,pooled_240_trees
M,2015,143,2015_1246_1452,1,0.9037932306528093,pooled_240_trees
M,2015,143,2015_1323_1455,1,0.7497001439332962,pooled_240_trees
M,2015,143,2015_1314_1458,0,0.4332635402679443,pooled_240_trees
M,2015,144,2015_1181_1428,1,0.8877908512949944,pooled_240_trees
M,2015,144,2015_1211_1417,1,0.7780043259263039,pooled_240_trees
M,2015,144,2015_1257_1301,1,0.8361704498529434,pooled_240_trees
M,2015,144,2015_1277_1328,1,0.6757299304008484,pooled_240_trees
M,2015,145,2015_1246_1323,1,0.7903501242399216,pooled_240_trees
M,2015,145,2015_1112_1458,0,0.2357045635581016,pooled_240_trees
M,2015,146,2015_1181_1211,1,0.6575078964233398,pooled_240_trees
M,2015,146,2015_1257_1277,0,0.6247181743383408,pooled_240_trees
M,2015,152,2015_1181_1277,1,0.8583476319909096,pooled_240_trees
M,2015,152,2015_1246_1458,0,0.8484875857830048,pooled_240_trees
M,2015,154,2015_1181_1458,1,0.4834379702806473,pooled_240_trees
M,2016,134,2016_1192_1195,0,0.2444790154695511,pooled_240_trees
M,2016,134,2016_1435_1455,0,0.523195207118988,pooled_240_trees
M,2016,135,2016_1221_1380,1,0.4270211309194565,pooled_240_trees
M,2016,135,2016_1276_1409,1,0.7688207253813744,pooled_240_trees
M,2016,136,2016_1114_1345,1,0.1018305011093616,pooled_240_trees
M,2016,136,2016_1139_1403,1,0.7308214455842972,pooled_240_trees
M,2016,136,2016_1160_1163,0,0.3066223859786987,pooled_240_trees
M,2016,136,2016_1181_1423,1,0.8929985724389553,pooled_240_trees
M,2016,136,2016_1211_1371,1,0.7584390342235565,pooled_240_trees
M,2016,136,2016_1151_1231,0,0.1180250905454158,pooled_240_trees
M,2016,136,2016_1233_1235,0,0.0826166570186615,pooled_240_trees
M,2016,136,2016_1122_1242,0,0.0459971316158771,pooled_240_trees
M,2016,136,2016_1246_1392,1,0.8797581195831299,pooled_240_trees
M,2016,136,2016_1138_1274,0,0.101970624178648,pooled_240_trees
M,2016,136,2016_1195_1314,0,0.0534600168466568,pooled_240_trees
M,2016,136,2016_1344_1425,1,0.6203317046165466,pooled_240_trees
M,2016,136,2016_1201_1428,0,0.2447809875011444,pooled_240_trees
M,2016,136,2016_1214_1438,0,0.0341947097331285,pooled_240_trees
M,2016,136,2016_1112_1455,0,0.813232958316803,pooled_240_trees
M,2016,136,2016_1124_1463,0,0.8794549889862537,pooled_240_trees
M,2016,137,2016_1143_1218,0,0.652830109000206,pooled_240_trees
M,2016,137,2016_1234_1396,1,0.8733117394149303,pooled_240_trees
M,2016,137,2016_1268_1355,1,0.8032663241028786,pooled_240_trees
M,2016,137,2016_1277_1292,0,0.9598666969686748,pooled_240_trees
M,2016,137,2016_1320_1400,1,0.2338574975728988,pooled_240_trees
M,2016,137,2016_1276_1323,0,0.4270341694355011,pooled_240_trees
M,2016,137,2016_1167_1328,0,0.1341310515999794,pooled_240_trees
M,2016,137,2016_1221_1332,0,0.0396154951304197,pooled_240_trees
M,2016,137,2016_1372_1452,1,0.0962206311523914,pooled_240_trees
M,2016,137,2016_1153_1386,0,0.5428718030452728,pooled_240_trees
M,2016,137,2016_1173_1393,0,0.2591623067855835,pooled_240_trees
M,2016,137,2016_1401_1453,1,0.8723480999469757,pooled_240_trees
M,2016,137,2016_1333_1433,0,0.3773586302995682,pooled_240_trees
M,2016,137,2016_1421_1437,0,0.058651216328144,pooled_240_trees
M,2016,137,2016_1338_1458,0,0.7038575708866119,pooled_240_trees
M,2016,137,2016_1451_1462,0,0.1343856900930404,pooled_240_trees
M,2016,138,2016_1181_1463,1,0.9206282198429108,pooled_240_trees
M,2016,138,2016_1211_1428,1,0.6660803407430649,pooled_240_trees
M,2016,138,2016_1231_1246,1,0.463720366358757,pooled_240_trees
M,2016,138,2016_1114_1235,0,0.0749511532485485,pooled_240_trees
M,2016,138,2016_1163_1242,0,0.2562510669231415,pooled_240_trees
M,2016,138,2016_1274_1455,1,0.8258440271019936,pooled_240_trees
M,2016,138,2016_1314_1344,1,0.9274959564208984,pooled_240_trees
M,2016,138,2016_1139_1438,0,0.3523660898208618,pooled_240_trees
M,2016,139,2016_1218_1268,0,0.1062674894928932,pooled_240_trees
M,2016,139,2016_1323_1372,1,0.8679626807570457,pooled_240_trees
M,2016,139,2016_1328_1433,1,0.7220577895641327,pooled_240_trees
M,2016,139,2016_1332_1386,1,0.703936442732811,pooled_240_trees
M,2016,139,2016_1292_1393,0,0.2178635597229004,pooled_240_trees
M,2016,139,2016_1320_1401,0,0.2327328994870185,pooled_240_trees
M,2016,139,2016_1234_1437,0,0.5758411139249802,pooled_240_trees
M,2016,139,2016_1458_1462,1,0.4729527831077575,pooled_240_trees
M,2016,143,2016_1242_1268,1,0.6392637193202972,pooled_240_trees
M,2016,143,2016_1328_1401,1,0.5835399478673935,pooled_240_trees
M,2016,143,2016_1181_1332,0,0.7108099311590195,pooled_240_trees
M,2016,143,2016_1274_1437,0,0.6523462533950806,pooled_240_trees
M,2016,144,2016_1231_1314,0,0.2632946223020553,pooled_240_trees
M,2016,144,2016_1323_1458,1,0.5633592158555984,pooled_240_trees
M,2016,144,2016_1211_1393,0,0.4978273510932922,pooled_240_trees
M,2016,144,2016_1235_1438,0,0.3802400380373001,pooled_240_trees
M,2016,145,2016_1328_1332,1,0.5425810515880585,pooled_240_trees
M,2016,145,2016_1242_1437,0,0.7821447178721428,pooled_240_trees
M,2016,146,2016_1314_1323,1,0.8073217868804932,pooled_240_trees
M,2016,146,2016_1393_1438,1,0.3202050179243088,pooled_240_trees
M,2016,152,2016_1314_1393,1,0.7524333894252777,pooled_240_trees
M,2016,152,2016_1328_1437,0,0.4988928437232971,pooled_240_trees
M,2016,154,2016_1314_1437,0,0.7861547097563744,pooled_240_trees
M,2017,134,2017_1243_1448,1,0.6554531008005142,pooled_240_trees
M,2017,134,2017_1291_1309,1,0.4378475546836853,pooled_240_trees
M,2017,135,2017_1300_1413,0,0.7464277148246765,pooled_240_trees
M,2017,135,2017_1344_1425,0,0.4811898916959762,pooled_240_trees
M,2017,136,2017_1112_1315,1,0.9130305089056492,pooled_240_trees
M,2017,136,2017_1139_1457,1,0.9016939699649812,pooled_240_trees
M,2017,136,2017_1190_1196,0,0.1072825044393539,pooled_240_trees
M,2017,136,2017_1195_1199,0,0.1413287371397018,pooled_240_trees
M,2017,136,2017_1211_1355,1,0.961668711155653,pooled_240_trees
M,2017,136,2017_1235_1305,1,0.8600351586937904,pooled_240_trees
M,2017,136,2017_1278_1292,0,0.4485604017972946,pooled_240_trees
M,2017,136,2017_1321_1435,1,0.7268268764019012,pooled_240_trees
M,2017,136,2017_1323_1343,1,0.8221032023429871,pooled_240_trees
M,2017,136,2017_1345_1436,1,0.9217485673725604,pooled_240_trees
M,2017,136,2017_1388_1433,1,0.6455158144235611,pooled_240_trees
M,2017,136,2017_1291_1437,0,0.0250042406842112,pooled_240_trees
M,2017,136,2017_1423_1438,0,0.221092015504837,pooled_240_trees
M,2017,136,2017_1137_1452,0,0.0652730390429496,pooled_240_trees
M,2017,136,2017_1439_1458,0,0.3453935831785202,pooled_240_trees
M,2017,136,2017_1268_1462,0,0.5190232694149017,pooled_240_trees
M,2017,137,2017_1116_1371,1,0.6233376264572144,pooled_240_trees
M,2017,137,2017_1124_1308,1,0.8868799619376659,pooled_240_trees
M,2017,137,2017_1153_1243,1,0.5760030448436737,pooled_240_trees
M,2017,137,2017_1181_1407,1,0.9089725092053412,pooled_240_trees
M,2017,137,2017_1242_1413,1,0.9656068366020918,pooled_240_trees
M,2017,137,2017_1246_1297,1,0.9525682739913464,pooled_240_trees
M,2017,137,2017_1240_1257,0,0.0724286213517189,pooled_240_trees
M,2017,137,2017_1276_1329,1,0.6755749434232712,pooled_240_trees
M,2017,137,2017_1274_1277,0,0.6415936052799225,pooled_240_trees
M,2017,137,2017_1314_1411,1,0.9583265781402588,pooled_240_trees
M,2017,137,2017_1233_1332,0,0.0989973507821559,pooled_240_trees
M,2017,137,2017_1166_1348,0,0.7758101001381874,pooled_240_trees
M,2017,137,2017_1266_1376,0,0.4618956446647644,pooled_240_trees
M,2017,137,2017_1245_1417,0,0.1007679216563701,pooled_240_trees
M,2017,137,2017_1374_1425,0,0.8813512809574604,pooled_240_trees
M,2017,137,2017_1173_1455,0,0.2662452757358551,pooled_240_trees
M,2017,138,2017_1112_1388,1,0.5513033866882324,pooled_240_trees
M,2017,138,2017_1139_1292,1,0.6466358602046967,pooled_240_trees
M,2017,138,2017_1196_1438,1,0.3624789714813232,pooled_240_trees
M,2017,138,2017_1211_1321,1,0.9407164305448532,pooled_240_trees
M,2017,138,2017_1235_1345,0,0.5119462460279465,pooled_240_trees
M,2017,138,2017_1323_1452,0,0.3342300206422806,pooled_240_trees
M,2017,138,2017_1437_1458,0,0.68806092441082,pooled_240_trees
M,2017,138,2017_1199_1462,0,0.7831401526927948,pooled_240_trees
M,2017,139,2017_1124_1425,1,0.904028121381998,pooled_240_trees
M,2017,139,2017_1242_1277,1,0.8320841863751411,pooled_240_trees
M,2017,139,2017_1246_1455,1,0.827618733048439,pooled_240_trees
M,2017,139,2017_1257_1276,0,0.5995385348796844,pooled_240_trees
M,2017,139,2017_1116_1314,0,0.0555042177438735,pooled_240_trees
M,2017,139,2017_1332_1348,1,0.6746468096971512,pooled_240_trees
M,2017,139,2017_1181_1376,0,0.697592556476593,pooled_240_trees
M,2017,139,2017_1153_1417,0,0.4185238927602768,pooled_240_trees
M,2017,143,2017_1211_1452,1,0.6956755965948105,pooled_240_trees
M,2017,143,2017_1242_1345,1,0.4930478930473327,pooled_240_trees
M,2017,143,2017_1276_1332,0,0.5797096192836761,pooled_240_trees
M,2017,143,2017_1112_1462,0,0.7231212705373764,pooled_240_trees
M,2017,144,2017_1196_1458,1,0.3735928237438202,pooled_240_trees
M,2017,144,2017_1246_1417,1,0.68405582010746,pooled_240_trees
M,2017,144,2017_1139_1314,0,0.2506954222917557,pooled_240_trees
M,2017,144,2017_1124_1376,0,0.7175290584564209,pooled_240_trees
M,2017,145,2017_1211_1462,1,0.9419856499880552,pooled_240_trees
M,2017,145,2017_1242_1332,0,0.5345796197652817,pooled_240_trees
M,2017,146,2017_1246_1314,0,0.4088019579648971,pooled_240_trees
M,2017,146,2017_1196_1376,0,0.6719088703393936,pooled_240_trees
M,2017,152,2017_1211_1376,1,0.8278541192412376,pooled_240_trees
M,2017,152,2017_1314_1332,1,0.8279008939862251,pooled_240_trees
M,2017,154,2017_1211_1314,0,0.3719129711389541,pooled_240_trees
M,2018,134,2018_1254_1347,0,0.3455067574977875,pooled_240_trees
M,2018,134,2018_1382_1417,1,0.5522954165935516,pooled_240_trees
M,2018,135,2018_1113_1393,0,0.3259529620409012,pooled_240_trees
M,2018,135,2018_1300_1411,0,0.5707441866397858,pooled_240_trees
M,2018,136,2018_1104_1439,1,0.5980402678251266,pooled_240_trees
M,2018,136,2018_1112_1138,0,0.7938377037644386,pooled_240_trees
M,2018,136,2018_1181_1233,1,0.9628311991691588,pooled_240_trees
M,2018,136,2018_1196_1382,1,0.6568487882614136,pooled_240_trees
M,2018,136,2018_1211_1422,1,0.9063670709729196,pooled_240_trees
M,2018,136,2018_1222_1361,1,0.5750630795955658,pooled_240_trees
M,2018,136,2018_1242_1335,1,0.9508529081940652,pooled_240_trees
M,2018,136,2018_1172_1246,0,0.3092812895774841,pooled_240_trees
M,2018,136,2018_1260_1274,1,0.2098505273461341,pooled_240_trees
M,2018,136,2018_1276_1285,1,0.9398514926433564,pooled_240_trees
M,2018,136,2018_1326_1355,1,0.8594003692269325,pooled_240_trees
M,2018,136,2018_1328_1348,0,0.5050506591796875,pooled_240_trees
M,2018,136,2018_1301_1371,0,0.3374678939580917,pooled_240_trees
M,2018,136,2018_1397_1460,1,0.921646784991026,pooled_240_trees
M,2018,136,2018_1372_1403,0,0.0670803524553775,pooled_240_trees
M,2018,136,2018_1347_1437,0,0.031605027616024,pooled_240_trees
M,2018,137,2018_1120_1158,1,0.8181480765342712,pooled_240_trees
M,2018,137,2018_1116_1139,0,0.5360614210367203,pooled_240_trees
M,2018,137,2018_1153_1209,1,0.904925461858511,pooled_240_trees
M,2018,137,2018_1155_1308,1,0.7653639391064644,pooled_240_trees
M,2018,137,2018_1199_1281,1,0.64822718501091,pooled_240_trees
M,2018,137,2018_1166_1243,0,0.5181079357862473,pooled_240_trees
M,2018,137,2018_1267_1455,1,0.1233545318245887,pooled_240_trees
M,2018,137,2018_1137_1277,0,0.0479043871164321,pooled_240_trees
M,2018,137,2018_1305_1400,1,0.632541760802269,pooled_240_trees
M,2018,137,2018_1252_1314,0,0.0410857591778039,pooled_240_trees
M,2018,137,2018_1168_1345,0,0.0360961742699146,pooled_240_trees
M,2018,137,2018_1393_1395,1,0.4960638582706451,pooled_240_trees
M,2018,137,2018_1344_1401,0,0.2218376398086547,pooled_240_trees
M,2018,137,2018_1420_1438,1,0.0254215765744447,pooled_240_trees
M,2018,137,2018_1293_1452,0,0.1894588470458984,pooled_240_trees
M,2018,137,2018_1411_1462,0,0.0473686382174491,pooled_240_trees
M,2018,138,2018_1181_1348,1,0.9116240069270134,pooled_240_trees
M,2018,138,2018_1211_1326,1,0.7165178060531616,pooled_240_trees
M,2018,138,2018_1242_1371,1,0.7925047501921654,pooled_240_trees
M,2018,138,2018_1138_1246,0,0.1017568297684192,pooled_240_trees
M,2018,138,2018_1260_1397,1,0.3279055655002594,pooled_240_trees
M,2018,138,2018_1222_1276,0,0.2735073715448379,pooled_240_trees
M,2018,138,2018_1196_1403,0,0.3056356459856033,pooled_240_trees
M,2018,138,2018_1104_1437,0,0.1096400544047355,pooled_240_trees
M,2018,139,2018_1120_1155,0,0.5120647251605988,pooled_240_trees
M,2018,139,2018_1199_1462,1,0.5439707189798355,pooled_240_trees
M,2018,139,2018_1243_1420,1,0.92294193059206,pooled_240_trees
M,2018,139,2018_1153_1305,0,0.713840514421463,pooled_240_trees
M,2018,139,2018_1139_1345,0,0.1806301772594452,pooled_240_trees
M,2018,139,2018_1277_1393,0,0.8348198384046555,pooled_240_trees
M,2018,139,2018_1314_1401,0,0.6417783498764038,pooled_240_trees
M,2018,139,2018_1267_1452,0,0.1391568519175052,pooled_240_trees
M,2018,143,2018_1199_1211,1,0.2310647442936897,pooled_240_trees
M,2018,143,2018_1243_1246,1,0.3829545825719833,pooled_240_trees
M,2018,143,2018_1260_1305,1,0.2822642475366592,pooled_240_trees
M,2018,143,2018_1276_1401,1,0.6434832215309143,pooled_240_trees
M,2018,144,2018_1181_1393,1,0.8954041711986065,pooled_240_trees
M,2018,144,2018_1155_1242,0,0.2367914617061615,pooled_240_trees
M,2018,144,2018_1345_1403,0,0.7237236946821213,pooled_240_trees
M,2018,144,2018_1437_1452,1,0.6978559643030167,pooled_240_trees
M,2018,145,2018_1243_1260,0,0.6513379067182541,pooled_240_trees
M,2018,145,2018_1199_1276,0,0.3216394186019897,pooled_240_trees
M,2018,146,2018_1181_1242,0,0.5160111486911774,pooled_240_trees
M,2018,146,2018_1403_1437,0,0.3423216342926025,pooled_240_trees
M,2018,152,2018_1260_1276,0,0.3246717154979706,pooled_240_trees
M,2018,152,2018_1242_1437,0,0.3492786735296249,pooled_240_trees
M,2018,154,2018_1276_1437,0,0.2871306985616684,pooled_240_trees
M,2019,134,2019_1125_1396,1,0.3560579419136047,pooled_240_trees
M,2019,134,2019_1192_1341,1,0.4060176014900207,pooled_240_trees
M,2019,135,2019_1113_1385,1,0.5558374375104904,pooled_240_trees
M,2019,135,2019_1295_1300,1,0.6633347868919373,pooled_240_trees
M,2019,136,2019_1120_1308,1,0.7587538436055183,pooled_240_trees
M,2019,136,2019_1124_1393,1,0.4968515634536743,pooled_240_trees
M,2019,136,2019_1196_1305,1,0.5526033788919449,pooled_240_trees
M,2019,136,2019_1199_1436,1,0.8387808203697205,pooled_240_trees
M,2019,136,2019_1192_1211,0,0.0252911848947405,pooled_240_trees
M,2019,136,2019_1242_1318,1,0.8429732918739319,pooled_240_trees
M,2019,136,2019_1101_1246,0,0.0503639131784439,pooled_240_trees
M,2019,136,2019_1261_1463,1,0.8007575795054436,pooled_240_trees
M,2019,136,2019_1125_1268,0,0.2250053584575653,pooled_240_trees
M,2019,136,2019_1276_1285,1,0.9472967889159918,pooled_240_trees
M,2019,136,2019_1133_1277,0,0.036157401278615,pooled_240_trees
M,2019,136,2019_1257_1278,0,0.7667543962597847,pooled_240_trees
M,2019,136,2019_1266_1293,0,0.6416624486446381,pooled_240_trees
M,2019,136,2019_1330_1345,0,0.0830676555633544,pooled_240_trees
M,2019,136,2019_1388_1437,0,0.3139704465866089,pooled_240_trees
M,2019,136,2019_1371_1459,0,0.3615234494209289,pooled_240_trees
M,2019,137,2019_1113_1138,0,0.4877371490001678,pooled_240_trees
M,2019,137,2019_1181_1295,1,0.9617285411804914,pooled_240_trees
M,2019,137,2019_1209_1222,0,0.0986496098339557,pooled_240_trees
M,2019,137,2019_1153_1234,0,0.6850417703390121,pooled_240_trees
M,2019,137,2019_1251_1280,1,0.3307041078805923,pooled_240_trees
M,2019,137,2019_1233_1314,0,0.0523398537188768,pooled_240_trees
M,2019,137,2019_1235_1326,0,0.7205820530653,pooled_240_trees
M,2019,137,2019_1279_1328,0,0.3221724778413772,pooled_240_trees
M,2019,137,2019_1332_1458,1,0.3335038125514984,pooled_240_trees
M,2019,137,2019_1159_1397,0,0.0945382602512836,pooled_240_trees
M,2019,137,2019_1297_1403,0,0.1208324320614337,pooled_240_trees
M,2019,137,2019_1243_1414,0,0.8395796790719032,pooled_240_trees
M,2019,137,2019_1416_1433,1,0.4525273442268371,pooled_240_trees
M,2019,137,2019_1205_1438,0,0.0495935510843992,pooled_240_trees
M,2019,137,2019_1387_1439,0,0.1703000217676162,pooled_240_trees
M,2019,137,2019_1429_1449,0,0.4641589373350143,pooled_240_trees
M,2019,138,2019_1120_1242,1,0.5118530094623566,pooled_240_trees
M,2019,138,2019_1199_1293,1,0.796770267188549,pooled_240_trees
M,2019,138,2019_1124_1211,0,0.091310616582632,pooled_240_trees
M,2019,138,2019_1246_1459,1,0.701211467385292,pooled_240_trees
M,2019,138,2019_1261_1268,1,0.4435758888721466,pooled_240_trees
M,2019,138,2019_1196_1276,0,0.3126329928636551,pooled_240_trees
M,2019,138,2019_1277_1278,1,0.9063217118382454,pooled_240_trees
M,2019,138,2019_1345_1437,1,0.4837665855884552,pooled_240_trees
M,2019,139,2019_1181_1416,1,0.9239023216068744,pooled_240_trees
M,2019,139,2019_1222_1326,1,0.7217338234186172,pooled_240_trees
M,2019,139,2019_1314_1449,1,0.7530499994754791,pooled_240_trees
M,2019,139,2019_1332_1414,1,0.7020388543605804,pooled_240_trees
M,2019,139,2019_1234_1397,0,0.3070932328701019,pooled_240_trees
M,2019,139,2019_1138_1403,0,0.3680351674556732,pooled_240_trees
M,2019,139,2019_1328_1438,0,0.1049546785652637,pooled_240_trees
M,2019,139,2019_1251_1439,0,0.0918204225599765,pooled_240_trees
M,2019,143,2019_1199_1211,0,0.1733453199267387,pooled_240_trees
M,2019,143,2019_1345_1397,1,0.4292998313903808,pooled_240_trees
M,2019,143,2019_1276_1403,0,0.6954226344823837,pooled_240_trees
M,2019,143,2019_1332_1438,0,0.1374545320868492,pooled_240_trees
M,2019,144,2019_1120_1314,1,0.4006125777959823,pooled_240_trees
M,2019,144,2019_1181_1439,1,0.8560433611273766,pooled_240_trees
M,2019,144,2019_1222_1246,0,0.4324673861265182,pooled_240_trees
M,2019,144,2019_1261_1277,0,0.1747598871588707,pooled_240_trees
M,2019,145,2019_1211_1403,0,0.7406894266605377,pooled_240_trees
M,2019,145,2019_1345_1438,0,0.1335861608386039,pooled_240_trees
M,2019,146,2019_1120_1246,1,0.488363653421402,pooled_240_trees
M,2019,146,2019_1181_1277,0,0.7276783883571625,pooled_240_trees
M,2019,152,2019_1277_1403,0,0.7178961634635925,pooled_240_trees
M,2019,152,2019_1120_1438,0,0.1667336970567703,pooled_240_trees
M,2019,154,2019_1403_1438,0,0.2417042031884193,pooled_240_trees
M,2021,136,2021_1179_1455,1,0.6696689575910568,pooled_240_trees
M,2021,136,2021_1111_1313,0,0.5801026523113251,pooled_240_trees
M,2021,136,2021_1291_1411,0,0.6164761185646057,pooled_240_trees
M,2021,136,2021_1277_1417,0,0.3451332747936249,pooled_240_trees
M,2021,137,2021_1116_1159,1,0.6841058731079102,pooled_240_trees
M,2021,137,2021_1124_1216,1,0.9422322157770396,pooled_240_trees
M,2021,137,2021_1196_1439,1,0.4982795119285583,pooled_240_trees
M,2021,137,2021_1156_1222,0,0.0650536268949508,pooled_240_trees
M,2021,137,2021_1180_1228,0,0.0553950127214193,pooled_240_trees
M,2021,137,2021_1210_1260,0,0.2832836657762527,pooled_240_trees
M,2021,137,2021_1317_1345,1,0.499424010515213,pooled_240_trees
M,2021,137,2021_1251_1329,0,0.3940356373786926,pooled_240_trees
M,2021,137,2021_1326_1331,0,0.9388158731162548,pooled_240_trees
M,2021,137,2021_1333_1397,1,0.3078141361474991,pooled_240_trees
M,2021,137,2021_1155_1353,0,0.4925150424242019,pooled_240_trees
M,2021,137,2021_1361_1393,0,0.6291138082742691,pooled_240_trees
M,2021,137,2021_1403_1429,1,0.6561107337474823,pooled_240_trees
M,2021,137,2021_1437_1457,1,0.758357435464859,pooled_240_trees
M,2021,137,2021_1287_1452,0,0.1834206134080886,pooled_240_trees
M,2021,137,2021_1314_1458,0,0.5260618329048157,pooled_240_trees
M,2021,138,2021_1101_1400,1,0.2951458692550659,pooled_240_trees
M,2021,138,2021_1104_1233,1,0.919841542840004,pooled_240_trees
M,2021,138,2021_1160_1207,1,0.7874477282166481,pooled_240_trees
M,2021,138,2021_1166_1364,1,0.4361439645290375,pooled_240_trees
M,2021,138,2021_1199_1422,1,0.5850153714418411,pooled_240_trees
M,2021,138,2021_1211_1313,1,0.9517685361206532,pooled_240_trees
M,2021,138,2021_1213_1234,0,0.0813228487968444,pooled_240_trees
M,2021,138,2021_1186_1242,0,0.1192367672920227,pooled_240_trees
M,2021,138,2021_1261_1382,1,0.5835467129945755,pooled_240_trees
M,2021,138,2021_1163_1268,0,0.4872678518295288,pooled_240_trees
M,2021,138,2021_1276_1411,1,0.959814328700304,pooled_240_trees
M,2021,138,2021_1325_1438,1,0.2076327502727508,pooled_240_trees
M,2021,138,2021_1281_1328,0,0.459251806139946,pooled_240_trees
M,2021,138,2021_1140_1417,0,0.4999261796474457,pooled_240_trees
M,2021,138,2021_1179_1425,0,0.3751847892999649,pooled_240_trees
M,2021,139,2021_1116_1403,1,0.5388103574514389,pooled_240_trees
M,2021,139,2021_1124_1458,1,0.8173661008477211,pooled_240_trees
M,2021,139,2021_1222_1353,1,0.8189965337514877,pooled_240_trees
M,2021,139,2021_1228_1260,0,0.5571517199277878,pooled_240_trees
M,2021,139,2021_1196_1331,0,0.7853207141160965,pooled_240_trees
M,2021,139,2021_1329_1333,0,0.6582839339971542,pooled_240_trees
M,2021,139,2021_1393_1452,1,0.2783222645521164,pooled_240_trees
M,2021,139,2021_1317_1437,0,0.3483120799064636,pooled_240_trees
M,2021,140,2021_1104_1268,1,0.6961492300033569,pooled_240_trees
M,2021,140,2021_1166_1325,1,0.6416515558958054,pooled_240_trees
M,2021,140,2021_1160_1199,0,0.6126598566770554,pooled_240_trees
M,2021,140,2021_1211_1328,1,0.8699751123785973,pooled_240_trees
M,2021,140,2021_1261_1276,0,0.3184670209884643,pooled_240_trees
M,2021,140,2021_1234_1332,0,0.5283056795597076,pooled_240_trees
M,2021,140,2021_1101_1417,0,0.2909071296453476,pooled_240_trees
M,2021,140,2021_1242_1425,0,0.6026954799890518,pooled_240_trees
M,2021,145,2021_1116_1331,1,0.899113118648529,pooled_240_trees
M,2021,145,2021_1124_1437,1,0.8273173198103905,pooled_240_trees
M,2021,145,2021_1222_1393,1,0.7648827582597733,pooled_240_trees
M,2021,145,2021_1260_1333,0,0.882301103323698,pooled_240_trees
M,2021,146,2021_1166_1211,0,0.1544745415449142,pooled_240_trees
M,2021,146,2021_1199_1276,0,0.3235943168401718,pooled_240_trees
M,2021,146,2021_1104_1417,0,0.7144177109003067,pooled_240_trees
M,2021,146,2021_1332_1425,0,0.4020643979310989,pooled_240_trees
M,2021,147,2021_1116_1124,0,0.2110687345266342,pooled_240_trees
M,2021,147,2021_1222_1333,1,0.8965639285743237,pooled_240_trees
M,2021,148,2021_1211_1425,1,0.8325080648064613,pooled_240_trees
M,2021,148,2021_1276_1417,0,0.6694487780332565,pooled_240_trees
M,2021,152,2021_1124_1222,1,0.6831177026033401,pooled_240_trees
M,2021,152,2021_1211_1417,1,0.8637239411473274,pooled_240_trees
M,2021,154,2021_1124_1211,1,0.4634600579738617,pooled_240_trees
M,2014,134,2014_1107_1291,1,0.7069592028856277,pooled_less_regularized
M,2014,134,2014_1301_1462,1,0.5917310416698456,pooled_less_regularized
M,2014,135,2014_1142_1411,1,0.8744668141007423,pooled_less_regularized
M,2014,135,2014_1234_1397,0,0.543134480714798,pooled_less_regularized
M,2014,136,2014_1163_1386,1,0.5521613657474518,pooled_less_regularized
M,2014,136,2014_1173_1326,1,0.2824002206325531,pooled_less_regularized
M,2014,136,2014_1107_1196,0,0.1016298905014991,pooled_less_regularized
M,2014,136,2014_1153_1217,0,0.4769372791051864,pooled_less_regularized
M,2014,136,2014_1257_1264,1,0.9470589850097896,pooled_less_regularized
M,2014,136,2014_1276_1459,1,0.8797715939581394,pooled_less_regularized
M,2014,136,2014_1174_1277,0,0.0810211524367332,pooled_less_regularized
M,2014,136,2014_1295_1328,1,0.2960591316223144,pooled_less_regularized
M,2014,136,2014_1140_1332,0,0.4054420590400696,pooled_less_regularized
M,2014,136,2014_1160_1338,0,0.1436761990189552,pooled_less_regularized
M,2014,136,2014_1308_1361,0,0.1487755477428436,pooled_less_regularized
M,2014,136,2014_1301_1387,0,0.7343478351831436,pooled_less_regularized
M,2014,136,2014_1393_1444,1,0.8408820480108261,pooled_less_regularized
M,2014,136,2014_1113_1400,0,0.5559613853693008,pooled_less_regularized
M,2014,136,2014_1437_1454,1,0.912092350423336,pooled_less_regularized
M,2014,136,2014_1110_1458,0,0.4149575233459472,pooled_less_regularized
M,2014,137,2014_1112_1451,1,0.9431593213230371,pooled_less_regularized
M,2014,137,2014_1124_1304,1,0.732729434967041,pooled_less_regularized
M,2014,137,2014_1166_1418,1,0.8568292558193207,pooled_less_regularized
M,2014,137,2014_1211_1329,1,0.3799609541893005,pooled_less_regularized
M,2014,137,2014_1235_1300,1,0.7638063877820969,pooled_less_regularized
M,2014,137,2014_1184_1242,0,0.173520915210247,pooled_less_regularized
M,2014,137,2014_1243_1246,0,0.0652958340942859,pooled_less_regularized
M,2014,137,2014_1203_1272,0,0.4374032020568847,pooled_less_regularized
M,2014,137,2014_1181_1273,0,0.9320683367550372,pooled_less_regularized
M,2014,137,2014_1314_1344,1,0.6163482666015625,pooled_less_regularized
M,2014,137,2014_1372_1433,1,0.3536582887172699,pooled_less_regularized
M,2014,137,2014_1307_1390,0,0.6585525274276733,pooled_less_regularized
M,2014,137,2014_1269_1397,0,0.6258111298084259,pooled_less_regularized
M,2014,137,2014_1409_1417,0,0.105884276330471,pooled_less_regularized
M,2014,137,2014_1157_1438,0,0.0849785730242729,pooled_less_regularized
M,2014,137,2014_1142_1455,0,0.2402748763561248,pooled_less_regularized
M,2014,138,2014_1163_1437,1,0.2492509111762046,pooled_less_regularized
M,2014,138,2014_1173_1393,1,0.1499981358647346,pooled_less_regularized
M,2014,138,2014_1196_1338,1,0.1879496499896049,pooled_less_regularized
M,2014,138,2014_1257_1387,1,0.8704510480165482,pooled_less_regularized
M,2014,138,2014_1276_1400,1,0.5917587280273438,pooled_less_regularized
M,2014,138,2014_1217_1277,0,0.0913088954985141,pooled_less_regularized
M,2014,138,2014_1295_1361,0,0.3815878331661224,pooled_less_regularized
M,2014,138,2014_1332_1458,0,0.1924533098936081,pooled_less_regularized
M,2014,139,2014_1112_1211,1,0.8795606829226017,pooled_less_regularized
M,2014,139,2014_1124_1166,1,0.3257525116205215,pooled_less_regularized
M,2014,139,2014_1235_1314,1,0.7623036429286003,pooled_less_regularized
M,2014,139,2014_1246_1455,1,0.7391043156385422,pooled_less_regularized
M,2014,139,2014_1242_1390,0,0.8627065420150757,pooled_less_regularized
M,2014,139,2014_1273_1397,0,0.143688753247261,pooled_less_regularized
M,2014,139,2014_1372_1417,0,0.1773204430937767,pooled_less_regularized
M,2014,139,2014_1272_1438,0,0.5117539316415787,pooled_less_regularized
M,2014,143,2014_1112_1361,1,0.8437765538692474,pooled_less_regularized
M,2014,143,2014_1173_1390,1,0.8130595684051514,pooled_less_regularized
M,2014,143,2014_1196_1417,1,0.5370283424854279,pooled_less_regularized
M,2014,143,2014_1124_1458,0,0.2077865153551101,pooled_less_regularized
M,2014,144,2014_1163_1235,1,0.1631251350045204,pooled_less_regularized
M,2014,144,2014_1246_1257,1,0.5385323762893677,pooled_less_regularized
M,2014,144,2014_1276_1397,1,0.4523606300354004,pooled_less_regularized
M,2014,144,2014_1277_1438,1,0.6359449923038483,pooled_less_regularized
M,2014,145,2014_1173_1196,0,0.4344045966863632,pooled_less_regularized
M,2014,145,2014_1112_1458,0,0.7196398973464966,pooled_less_regularized
M,2014,146,2014_1163_1277,1,0.0579141750931739,pooled_less_regularized
M,2014,146,2014_1246_1276,1,0.778693713247776,pooled_less_regularized
M,2014,152,2014_1163_1196,1,0.1879385560750961,pooled_less_regularized
M,2014,152,2014_1246_1458,1,0.6466277539730072,pooled_less_regularized
M,2014,154,2014_1163_1246,1,0.0916490592062473,pooled_less_regularized
M,2015,134,2015_1214_1264,1,0.5627448111772537,pooled_less_regularized
M,2015,134,2015_1140_1279,0,0.4166197478771209,pooled_less_regularized
M,2015,135,2015_1129_1173,0,0.5459370315074921,pooled_less_regularized
M,2015,135,2015_1316_1352,0,0.5311245918273926,pooled_less_regularized
M,2015,136,2015_1112_1411,1,0.94793045707047,pooled_less_regularized
M,2015,136,2015_1116_1459,1,0.7808780521154404,pooled_less_regularized
M,2015,136,2015_1139_1400,1,0.4551975876092911,pooled_less_regularized
M,2015,136,2015_1153_1345,1,0.581253170967102,pooled_less_regularized
M,2015,136,2015_1186_1207,0,0.3441157341003418,pooled_less_regularized
M,2015,136,2015_1124_1209,0,0.8433881476521492,pooled_less_regularized
M,2015,136,2015_1214_1246,0,0.0505969319492578,pooled_less_regularized
M,2015,136,2015_1261_1301,0,0.5965446680784225,pooled_less_regularized
M,2015,136,2015_1217_1314,0,0.0807176381349563,pooled_less_regularized
M,2015,136,2015_1318_1323,0,0.2138143107295036,pooled_less_regularized
M,2015,136,2015_1326_1433,1,0.7744815871119499,pooled_less_regularized
M,2015,136,2015_1235_1412,0,0.9111066833138466,pooled_less_regularized
M,2015,136,2015_1374_1417,0,0.7236446589231491,pooled_less_regularized
M,2015,136,2015_1372_1428,0,0.3442028164863586,pooled_less_regularized
M,2015,136,2015_1248_1437,0,0.1083219312131404,pooled_less_regularized
M,2015,136,2015_1279_1462,0,0.5835866034030914,pooled_less_regularized
M,2015,137,2015_1173_1344,1,0.2791112214326858,pooled_less_regularized
M,2015,137,2015_1181_1352,1,0.9456229526549578,pooled_less_regularized
M,2015,137,2015_1211_1295,1,0.9509585723280908,pooled_less_regularized
M,2015,137,2015_1172_1234,0,0.4756779074668884,pooled_less_regularized
M,2015,137,2015_1242_1308,1,0.875524777919054,pooled_less_regularized
M,2015,137,2015_1257_1414,1,0.9147413931787014,pooled_less_regularized
M,2015,137,2015_1268_1434,1,0.4155267477035522,pooled_less_regularized
M,2015,137,2015_1208_1277,0,0.2552943006157875,pooled_less_regularized
M,2015,137,2015_1320_1461,1,0.7766090780496597,pooled_less_regularized
M,2015,137,2015_1107_1328,0,0.1527559980750084,pooled_less_regularized
M,2015,137,2015_1329_1332,0,0.6110373437404633,pooled_less_regularized
M,2015,137,2015_1361_1385,1,0.7274639308452606,pooled_less_regularized
M,2015,137,2015_1125_1438,0,0.1035740487277507,pooled_less_regularized
M,2015,137,2015_1138_1452,0,0.1459518820047378,pooled_less_regularized
M,2015,137,2015_1231_1455,0,0.491304948925972,pooled_less_regularized
M,2015,137,2015_1157_1458,0,0.0487069562077522,pooled_less_regularized
M,2015,138,2015_1112_1326,1,0.5046278685331345,pooled_less_regularized
M,2015,138,2015_1153_1246,0,0.1182346493005752,pooled_less_regularized
M,2015,138,2015_1301_1437,1,0.2034839019179344,pooled_less_regularized
M,2015,138,2015_1116_1314,0,0.1787964329123497,pooled_less_regularized
M,2015,138,2015_1139_1323,0,0.3245813399553299,pooled_less_regularized
M,2015,138,2015_1412_1417,0,0.2931610941886902,pooled_less_regularized
M,2015,138,2015_1207_1428,0,0.3263537436723709,pooled_less_regularized
M,2015,138,2015_1209_1462,0,0.2734106630086899,pooled_less_regularized
M,2015,139,2015_1181_1361,1,0.8886345960199833,pooled_less_regularized
M,2015,139,2015_1211_1234,1,0.8816050477325916,pooled_less_regularized
M,2015,139,2015_1257_1320,1,0.6871308982372284,pooled_less_regularized
M,2015,139,2015_1277_1438,1,0.371405616402626,pooled_less_regularized
M,2015,139,2015_1173_1328,0,0.3182109296321869,pooled_less_regularized
M,2015,139,2015_1268_1452,0,0.2894512116909027,pooled_less_regularized
M,2015,139,2015_1242_1455,0,0.4939045906066894,pooled_less_regularized
M,2015,139,2015_1332_1458,0,0.0564462281763553,pooled_less_regularized
M,2015,143,2015_1112_1462,1,0.8016649410128593,pooled_less_regularized
M,2015,143,2015_1246_1452,1,0.8759595975279808,pooled_less_regularized
M,2015,143,2015_1323_1455,1,0.6640079170465469,pooled_less_regularized
M,2015,143,2015_1314_1458,0,0.3758725523948669,pooled_less_regularized
M,2015,144,2015_1181_1428,1,0.8033869415521622,pooled_less_regularized
M,2015,144,2015_1211_1417,1,0.7335361242294312,pooled_less_regularized
M,2015,144,2015_1257_1301,1,0.8663735687732697,pooled_less_regularized
M,2015,144,2015_1277_1328,1,0.6581799983978271,pooled_less_regularized
M,2015,145,2015_1246_1323,1,0.791520319879055,pooled_less_regularized
M,2015,145,2015_1112_1458,0,0.3178119212388992,pooled_less_regularized
M,2015,146,2015_1181_1211,1,0.6443661153316498,pooled_less_regularized
M,2015,146,2015_1257_1277,0,0.630112424492836,pooled_less_regularized
M,2015,152,2015_1181_1277,1,0.8165872767567635,pooled_less_regularized
M,2015,152,2015_1246_1458,0,0.7833281680941582,pooled_less_regularized
M,2015,154,2015_1181_1458,1,0.4682032614946365,pooled_less_regularized
M,2016,134,2016_1192_1195,0,0.2827608287334442,pooled_less_regularized
M,2016,134,2016_1435_1455,0,0.4757472574710846,pooled_less_regularized
M,2016,135,2016_1221_1380,1,0.497076004743576,pooled_less_regularized
M,2016,135,2016_1276_1409,1,0.7789158970117569,pooled_less_regularized
M,2016,136,2016_1114_1345,1,0.0916216224431991,pooled_less_regularized
M,2016,136,2016_1139_1403,1,0.7238750606775284,pooled_less_regularized
M,2016,136,2016_1160_1163,0,0.2664298117160797,pooled_less_regularized
M,2016,136,2016_1181_1423,1,0.8594428151845932,pooled_less_regularized
M,2016,136,2016_1211_1371,1,0.7207807898521423,pooled_less_regularized
M,2016,136,2016_1151_1231,0,0.1101479269564151,pooled_less_regularized
M,2016,136,2016_1233_1235,0,0.1320817172527313,pooled_less_regularized
M,2016,136,2016_1122_1242,0,0.0688367336988449,pooled_less_regularized
M,2016,136,2016_1246_1392,1,0.8093284517526627,pooled_less_regularized
M,2016,136,2016_1138_1274,0,0.1348030492663383,pooled_less_regularized
M,2016,136,2016_1195_1314,0,0.0546241533011198,pooled_less_regularized
M,2016,136,2016_1344_1425,1,0.5625656545162201,pooled_less_regularized
M,2016,136,2016_1201_1428,0,0.2509432137012481,pooled_less_regularized
M,2016,136,2016_1214_1438,0,0.0426580123603343,pooled_less_regularized
M,2016,136,2016_1112_1455,0,0.7618918046355247,pooled_less_regularized
M,2016,136,2016_1124_1463,0,0.7762249857187271,pooled_less_regularized
M,2016,137,2016_1143_1218,0,0.624774694442749,pooled_less_regularized
M,2016,137,2016_1234_1396,1,0.8570315390825272,pooled_less_regularized
M,2016,137,2016_1268_1355,1,0.8020209446549416,pooled_less_regularized
M,2016,137,2016_1277_1292,0,0.9565706979483366,pooled_less_regularized
M,2016,137,2016_1320_1400,1,0.2364476695656776,pooled_less_regularized
M,2016,137,2016_1276_1323,0,0.4688047170639038,pooled_less_regularized
M,2016,137,2016_1167_1328,0,0.1390060782432556,pooled_less_regularized
M,2016,137,2016_1221_1332,0,0.0590093880891799,pooled_less_regularized
M,2016,137,2016_1372_1452,1,0.1631586402654647,pooled_less_regularized
M,2016,137,2016_1153_1386,0,0.6164146512746811,pooled_less_regularized
M,2016,137,2016_1173_1393,0,0.3067458420991897,pooled_less_regularized
M,2016,137,2016_1401_1453,1,0.8578277230262756,pooled_less_regularized
M,2016,137,2016_1333_1433,0,0.3166875839233398,pooled_less_regularized
M,2016,137,2016_1421_1437,0,0.0855368860065937,pooled_less_regularized
M,2016,137,2016_1338_1458,0,0.6384091526269913,pooled_less_regularized
M,2016,137,2016_1451_1462,0,0.1452846676111221,pooled_less_regularized
M,2016,138,2016_1181_1463,1,0.8970579728484154,pooled_less_regularized
M,2016,138,2016_1211_1428,1,0.6464124619960785,pooled_less_regularized
M,2016,138,2016_1231_1246,1,0.4055928438901901,pooled_less_regularized
M,2016,138,2016_1114_1235,0,0.094559222459793,pooled_less_regularized
M,2016,138,2016_1163_1242,0,0.2586862444877624,pooled_less_regularized
M,2016,138,2016_1274_1455,1,0.8041561394929886,pooled_less_regularized
M,2016,138,2016_1314_1344,1,0.9225701689720154,pooled_less_regularized
M,2016,138,2016_1139_1438,0,0.3904022425413131,pooled_less_regularized
M,2016,139,2016_1218_1268,0,0.1883968561887741,pooled_less_regularized
M,2016,139,2016_1323_1372,1,0.8607401996850967,pooled_less_regularized
M,2016,139,2016_1328_1433,1,0.6990742385387421,pooled_less_regularized
M,2016,139,2016_1332_1386,1,0.6670762300491333,pooled_less_regularized
M,2016,139,2016_1292_1393,0,0.146567091345787,pooled_less_regularized
M,2016,139,2016_1320_1401,0,0.1863744333386421,pooled_less_regularized
M,2016,139,2016_1234_1437,0,0.5011886805295944,pooled_less_regularized
M,2016,139,2016_1458_1462,1,0.4615468531847,pooled_less_regularized
M,2016,143,2016_1242_1268,1,0.6776091009378433,pooled_less_regularized
M,2016,143,2016_1328_1401,1,0.5543597638607025,pooled_less_regularized
M,2016,143,2016_1181_1332,0,0.7546000704169273,pooled_less_regularized
M,2016,143,2016_1274_1437,0,0.5696426928043365,pooled_less_regularized
M,2016,144,2016_1231_1314,0,0.3357935696840286,pooled_less_regularized
M,2016,144,2016_1323_1458,1,0.5668866634368896,pooled_less_regularized
M,2016,144,2016_1211_1393,0,0.4669595509767532,pooled_less_regularized
M,2016,144,2016_1235_1438,0,0.3938381671905517,pooled_less_regularized
M,2016,145,2016_1328_1332,1,0.5523176938295364,pooled_less_regularized
M,2016,145,2016_1242_1437,0,0.7129755616188049,pooled_less_regularized
M,2016,146,2016_1314_1323,1,0.780657947063446,pooled_less_regularized
M,2016,146,2016_1393_1438,1,0.3914535641670227,pooled_less_regularized
M,2016,152,2016_1314_1393,1,0.7695879936218262,pooled_less_regularized
M,2016,152,2016_1328_1437,0,0.5282942950725555,pooled_less_regularized
M,2016,154,2016_1314_1437,0,0.7702466174960136,pooled_less_regularized
M,2017,134,2017_1243_1448,1,0.5946787297725677,pooled_less_regularized
M,2017,134,2017_1291_1309,1,0.515357568860054,pooled_less_regularized
M,2017,135,2017_1300_1413,0,0.6759654581546783,pooled_less_regularized
M,2017,135,2017_1344_1425,0,0.4810947030782699,pooled_less_regularized
M,2017,136,2017_1112_1315,1,0.9112745895981788,pooled_less_regularized
M,2017,136,2017_1139_1457,1,0.8728220164775848,pooled_less_regularized
M,2017,136,2017_1190_1196,0,0.1104517504572868,pooled_less_regularized
M,2017,136,2017_1195_1199,0,0.1243453174829483,pooled_less_regularized
M,2017,136,2017_1211_1355,1,0.9524632263928652,pooled_less_regularized
M,2017,136,2017_1235_1305,1,0.8286596536636353,pooled_less_regularized
M,2017,136,2017_1278_1292,0,0.4489755183458328,pooled_less_regularized
M,2017,136,2017_1321_1435,1,0.7015703618526459,pooled_less_regularized
M,2017,136,2017_1323_1343,1,0.7957773879170418,pooled_less_regularized
M,2017,136,2017_1345_1436,1,0.8881500661373138,pooled_less_regularized
M,2017,136,2017_1388_1433,1,0.5857701450586319,pooled_less_regularized
M,2017,136,2017_1291_1437,0,0.0377849508076906,pooled_less_regularized
M,2017,136,2017_1423_1438,0,0.2273313626646995,pooled_less_regularized
M,2017,136,2017_1137_1452,0,0.0654277764260768,pooled_less_regularized
M,2017,136,2017_1439_1458,0,0.3360571265220642,pooled_less_regularized
M,2017,136,2017_1268_1462,0,0.5389196276664734,pooled_less_regularized
M,2017,137,2017_1116_1371,1,0.5835604071617126,pooled_less_regularized
M,2017,137,2017_1124_1308,1,0.8632700070738792,pooled_less_regularized
M,2017,137,2017_1153_1243,1,0.5490066409111023,pooled_less_regularized
M,2017,137,2017_1181_1407,1,0.9107745699584484,pooled_less_regularized
M,2017,137,2017_1242_1413,1,0.953220795840025,pooled_less_regularized
M,2017,137,2017_1246_1297,1,0.9570051841437816,pooled_less_regularized
M,2017,137,2017_1240_1257,0,0.0725592225790023,pooled_less_regularized
M,2017,137,2017_1276_1329,1,0.6334569603204727,pooled_less_regularized
M,2017,137,2017_1274_1277,0,0.6488513499498367,pooled_less_regularized
M,2017,137,2017_1314_1411,1,0.9497395996004344,pooled_less_regularized
M,2017,137,2017_1233_1332,0,0.1071433722972869,pooled_less_regularized
M,2017,137,2017_1166_1348,0,0.7454516887664795,pooled_less_regularized
M,2017,137,2017_1266_1376,0,0.5130845606327057,pooled_less_regularized
M,2017,137,2017_1245_1417,0,0.1005751602351665,pooled_less_regularized
M,2017,137,2017_1374_1425,0,0.8364346399903297,pooled_less_regularized
M,2017,137,2017_1173_1455,0,0.2889526486396789,pooled_less_regularized
M,2017,138,2017_1112_1388,1,0.6040936261415482,pooled_less_regularized
M,2017,138,2017_1139_1292,1,0.6638097614049911,pooled_less_regularized
M,2017,138,2017_1196_1438,1,0.4128757566213608,pooled_less_regularized
M,2017,138,2017_1211_1321,1,0.9213129170238972,pooled_less_regularized
M,2017,138,2017_1235_1345,0,0.5091696083545685,pooled_less_regularized
M,2017,138,2017_1323_1452,0,0.3461942970752716,pooled_less_regularized
M,2017,138,2017_1437_1458,0,0.6544169336557388,pooled_less_regularized
M,2017,138,2017_1199_1462,0,0.7785883247852325,pooled_less_regularized
M,2017,139,2017_1124_1425,1,0.8637134283781052,pooled_less_regularized
M,2017,139,2017_1242_1277,1,0.8533742129802704,pooled_less_regularized
M,2017,139,2017_1246_1455,1,0.7839996293187141,pooled_less_regularized
M,2017,139,2017_1257_1276,0,0.6589939296245575,pooled_less_regularized
M,2017,139,2017_1116_1314,0,0.0669795833528041,pooled_less_regularized
M,2017,139,2017_1332_1348,1,0.6723521053791046,pooled_less_regularized
M,2017,139,2017_1181_1376,0,0.7419116348028183,pooled_less_regularized
M,2017,139,2017_1153_1417,0,0.4063111841678619,pooled_less_regularized
M,2017,143,2017_1211_1452,1,0.6506243348121643,pooled_less_regularized
M,2017,143,2017_1242_1345,1,0.5187608748674393,pooled_less_regularized
M,2017,143,2017_1276_1332,0,0.5461779832839966,pooled_less_regularized
M,2017,143,2017_1112_1462,0,0.7280899286270142,pooled_less_regularized
M,2017,144,2017_1196_1458,1,0.4533153176307678,pooled_less_regularized
M,2017,144,2017_1246_1417,1,0.6566476225852966,pooled_less_regularized
M,2017,144,2017_1139_1314,0,0.2361506968736648,pooled_less_regularized
M,2017,144,2017_1124_1376,0,0.6975213140249252,pooled_less_regularized
M,2017,145,2017_1211_1462,1,0.9193058721721172,pooled_less_regularized
M,2017,145,2017_1242_1332,0,0.5737847238779068,pooled_less_regularized
M,2017,146,2017_1246_1314,0,0.4275520741939544,pooled_less_regularized
M,2017,146,2017_1196_1376,0,0.7003680467605591,pooled_less_regularized
M,2017,152,2017_1211_1376,1,0.8156680539250374,pooled_less_regularized
M,2017,152,2017_1314_1332,1,0.791111059486866,pooled_less_regularized
M,2017,154,2017_1211_1314,0,0.3765489459037781,pooled_less_regularized
M,2018,134,2018_1254_1347,0,0.3716797977685928,pooled_less_regularized
M,2018,134,2018_1382_1417,1,0.5301608890295029,pooled_less_regularized
M,2018,135,2018_1113_1393,0,0.4247532337903976,pooled_less_regularized
M,2018,135,2018_1300_1411,0,0.5965698808431625,pooled_less_regularized
M,2018,136,2018_1104_1439,1,0.5507576018571854,pooled_less_regularized
M,2018,136,2018_1112_1138,0,0.7859226986765862,pooled_less_regularized
M,2018,136,2018_1181_1233,1,0.952195841819048,pooled_less_regularized
M,2018,136,2018_1196_1382,1,0.6690586507320404,pooled_less_regularized
M,2018,136,2018_1211_1422,1,0.8861745856702328,pooled_less_regularized
M,2018,136,2018_1222_1361,1,0.5907611399888992,pooled_less_regularized
M,2018,136,2018_1242_1335,1,0.934106320142746,pooled_less_regularized
M,2018,136,2018_1172_1246,0,0.2657065689563751,pooled_less_regularized
M,2018,136,2018_1260_1274,1,0.2329095229506492,pooled_less_regularized
M,2018,136,2018_1276_1285,1,0.90480000898242,pooled_less_regularized
M,2018,136,2018_1326_1355,1,0.8161210715770721,pooled_less_regularized
M,2018,136,2018_1328_1348,0,0.5017755925655365,pooled_less_regularized
M,2018,136,2018_1301_1371,0,0.3967239558696747,pooled_less_regularized
M,2018,136,2018_1397_1460,1,0.90796372666955,pooled_less_regularized
M,2018,136,2018_1372_1403,0,0.090567372739315,pooled_less_regularized
M,2018,136,2018_1347_1437,0,0.0410451777279377,pooled_less_regularized
M,2018,137,2018_1120_1158,1,0.8363223820924759,pooled_less_regularized
M,2018,137,2018_1116_1139,0,0.5226443409919739,pooled_less_regularized
M,2018,137,2018_1153_1209,1,0.893371507525444,pooled_less_regularized
M,2018,137,2018_1155_1308,1,0.7315493822097778,pooled_less_regularized
M,2018,137,2018_1199_1281,1,0.6520920693874359,pooled_less_regularized
M,2018,137,2018_1166_1243,0,0.546145960688591,pooled_less_regularized
M,2018,137,2018_1267_1455,1,0.126345157623291,pooled_less_regularized
M,2018,137,2018_1137_1277,0,0.0556777212768793,pooled_less_regularized
M,2018,137,2018_1305_1400,1,0.6013564616441727,pooled_less_regularized
M,2018,137,2018_1252_1314,0,0.0521547142416238,pooled_less_regularized
M,2018,137,2018_1168_1345,0,0.0495238360017538,pooled_less_regularized
M,2018,137,2018_1393_1395,1,0.4351028352975845,pooled_less_regularized
M,2018,137,2018_1344_1401,0,0.2843769788742065,pooled_less_regularized
M,2018,137,2018_1420_1438,1,0.0407037623226642,pooled_less_regularized
M,2018,137,2018_1293_1452,0,0.1915788501501083,pooled_less_regularized
M,2018,137,2018_1411_1462,0,0.056188128888607,pooled_less_regularized
M,2018,138,2018_1181_1348,1,0.9038417562842368,pooled_less_regularized
M,2018,138,2018_1211_1326,1,0.7014237344264984,pooled_less_regularized
M,2018,138,2018_1242_1371,1,0.759410448372364,pooled_less_regularized
M,2018,138,2018_1138_1246,0,0.1290001571178436,pooled_less_regularized
M,2018,138,2018_1260_1397,1,0.316103532910347,pooled_less_regularized
M,2018,138,2018_1222_1276,0,0.3050554990768432,pooled_less_regularized
M,2018,138,2018_1196_1403,0,0.3326266705989837,pooled_less_regularized
M,2018,138,2018_1104_1437,0,0.1148500628769397,pooled_less_regularized
M,2018,139,2018_1120_1155,0,0.561365619301796,pooled_less_regularized
M,2018,139,2018_1199_1462,1,0.5004215836524963,pooled_less_regularized
M,2018,139,2018_1243_1420,1,0.9058279395103456,pooled_less_regularized
M,2018,139,2018_1153_1305,0,0.7126341909170151,pooled_less_regularized
M,2018,139,2018_1139_1345,0,0.2096932455897331,pooled_less_regularized
M,2018,139,2018_1277_1393,0,0.8564486429095268,pooled_less_regularized
M,2018,139,2018_1314_1401,0,0.6630091220140457,pooled_less_regularized
M,2018,139,2018_1267_1452,0,0.1475627794861793,pooled_less_regularized
M,2018,143,2018_1199_1211,1,0.263886958360672,pooled_less_regularized
M,2018,143,2018_1243_1246,1,0.3884680271148681,pooled_less_regularized
M,2018,143,2018_1260_1305,1,0.2816018015146255,pooled_less_regularized
M,2018,143,2018_1276_1401,1,0.6085480600595474,pooled_less_regularized
M,2018,144,2018_1181_1393,1,0.888309184461832,pooled_less_regularized
M,2018,144,2018_1155_1242,0,0.2568633407354355,pooled_less_regularized
M,2018,144,2018_1345_1403,0,0.6857327371835709,pooled_less_regularized
M,2018,144,2018_1437_1452,1,0.7085647135972977,pooled_less_regularized
M,2018,145,2018_1243_1260,0,0.6425419300794601,pooled_less_regularized
M,2018,145,2018_1199_1276,0,0.3749514073133468,pooled_less_regularized
M,2018,146,2018_1181_1242,0,0.5202449411153793,pooled_less_regularized
M,2018,146,2018_1403_1437,0,0.3059083670377731,pooled_less_regularized
M,2018,152,2018_1260_1276,0,0.2801207304000854,pooled_less_regularized
M,2018,152,2018_1242_1437,0,0.3871728181838989,pooled_less_regularized
M,2018,154,2018_1276_1437,0,0.2533365488052368,pooled_less_regularized
M,2019,134,2019_1125_1396,1,0.4237235486507416,pooled_less_regularized
M,2019,134,2019_1192_1341,1,0.4398752897977829,pooled_less_regularized
M,2019,135,2019_1113_1385,1,0.5388966649770737,pooled_less_regularized
M,2019,135,2019_1295_1300,1,0.6912316381931305,pooled_less_regularized
M,2019,136,2019_1120_1308,1,0.7045763283967972,pooled_less_regularized
M,2019,136,2019_1124_1393,1,0.505269929766655,pooled_less_regularized
M,2019,136,2019_1196_1305,1,0.5159950703382492,pooled_less_regularized
M,2019,136,2019_1199_1436,1,0.8136732801795006,pooled_less_regularized
M,2019,136,2019_1192_1211,0,0.0487206280231475,pooled_less_regularized
M,2019,136,2019_1242_1318,1,0.8042135760188103,pooled_less_regularized
M,2019,136,2019_1101_1246,0,0.0509073659777641,pooled_less_regularized
M,2019,136,2019_1261_1463,1,0.7913667261600494,pooled_less_regularized
M,2019,136,2019_1125_1268,0,0.2603742033243179,pooled_less_regularized
M,2019,136,2019_1276_1285,1,0.9466568399220704,pooled_less_regularized
M,2019,136,2019_1133_1277,0,0.0525518134236335,pooled_less_regularized
M,2019,136,2019_1257_1278,0,0.7109218090772629,pooled_less_regularized
M,2019,136,2019_1266_1293,0,0.6591719686985016,pooled_less_regularized
M,2019,136,2019_1330_1345,0,0.1246408373117446,pooled_less_regularized
M,2019,136,2019_1388_1437,0,0.3900541812181473,pooled_less_regularized
M,2019,136,2019_1371_1459,0,0.3685112297534942,pooled_less_regularized
M,2019,137,2019_1113_1138,0,0.4420008063316345,pooled_less_regularized
M,2019,137,2019_1181_1295,1,0.937381410971284,pooled_less_regularized
M,2019,137,2019_1209_1222,0,0.1156165488064289,pooled_less_regularized
M,2019,137,2019_1153_1234,0,0.6624624580144882,pooled_less_regularized
M,2019,137,2019_1251_1280,1,0.3693874925374985,pooled_less_regularized
M,2019,137,2019_1233_1314,0,0.0572282150387764,pooled_less_regularized
M,2019,137,2019_1235_1326,0,0.6870585530996323,pooled_less_regularized
M,2019,137,2019_1279_1328,0,0.3578944206237793,pooled_less_regularized
M,2019,137,2019_1332_1458,1,0.3408263921737671,pooled_less_regularized
M,2019,137,2019_1159_1397,0,0.08822026476264,pooled_less_regularized
M,2019,137,2019_1297_1403,0,0.1133589223027229,pooled_less_regularized
M,2019,137,2019_1243_1414,0,0.8280236124992371,pooled_less_regularized
M,2019,137,2019_1416_1433,1,0.5165794044733047,pooled_less_regularized
M,2019,137,2019_1205_1438,0,0.0606848187744617,pooled_less_regularized
M,2019,137,2019_1387_1439,0,0.1596900150179863,pooled_less_regularized
M,2019,137,2019_1429_1449,0,0.5506372153759003,pooled_less_regularized
M,2019,138,2019_1120_1242,1,0.4725827872753143,pooled_less_regularized
M,2019,138,2019_1199_1293,1,0.7678216025233269,pooled_less_regularized
M,2019,138,2019_1124_1211,0,0.1239827796816825,pooled_less_regularized
M,2019,138,2019_1246_1459,1,0.7203221023082733,pooled_less_regularized
M,2019,138,2019_1261_1268,1,0.457088902592659,pooled_less_regularized
M,2019,138,2019_1196_1276,0,0.3220596611499786,pooled_less_regularized
M,2019,138,2019_1277_1278,1,0.8735695034265518,pooled_less_regularized
M,2019,138,2019_1345_1437,1,0.5245615839958191,pooled_less_regularized
M,2019,139,2019_1181_1416,1,0.9095488265156746,pooled_less_regularized
M,2019,139,2019_1222_1326,1,0.6625753790140152,pooled_less_regularized
M,2019,139,2019_1314_1449,1,0.7935416623950005,pooled_less_regularized
M,2019,139,2019_1332_1414,1,0.6810174137353897,pooled_less_regularized
M,2019,139,2019_1234_1397,0,0.3336488008499145,pooled_less_regularized
M,2019,139,2019_1138_1403,0,0.3420192301273346,pooled_less_regularized
M,2019,139,2019_1328_1438,0,0.1445347890257835,pooled_less_regularized
M,2019,139,2019_1251_1439,0,0.1289239525794983,pooled_less_regularized
M,2019,143,2019_1199_1211,0,0.1962353512644767,pooled_less_regularized
M,2019,143,2019_1345_1397,1,0.4583083093166351,pooled_less_regularized
M,2019,143,2019_1276_1403,0,0.5947544872760773,pooled_less_regularized
M,2019,143,2019_1332_1438,0,0.1261872425675392,pooled_less_regularized
M,2019,144,2019_1120_1314,1,0.3542256504297256,pooled_less_regularized
M,2019,144,2019_1181_1439,1,0.8244436159729958,pooled_less_regularized
M,2019,144,2019_1222_1246,0,0.4093003123998642,pooled_less_regularized
M,2019,144,2019_1261_1277,0,0.1564620286226272,pooled_less_regularized
M,2019,145,2019_1211_1403,0,0.7190804928541183,pooled_less_regularized
M,2019,145,2019_1345_1438,0,0.1901796013116836,pooled_less_regularized
M,2019,146,2019_1120_1246,1,0.4707542657852173,pooled_less_regularized
M,2019,146,2019_1181_1277,0,0.6437386125326157,pooled_less_regularized
M,2019,152,2019_1277_1403,0,0.6952085494995117,pooled_less_regularized
M,2019,152,2019_1120_1438,0,0.2158946990966797,pooled_less_regularized
M,2019,154,2019_1403_1438,0,0.2875256687402725,pooled_less_regularized
M,2021,136,2021_1179_1455,1,0.6329792737960815,pooled_less_regularized
M,2021,136,2021_1111_1313,0,0.5158727467060089,pooled_less_regularized
M,2021,136,2021_1291_1411,0,0.6049951463937759,pooled_less_regularized
M,2021,136,2021_1277_1417,0,0.4332600682973861,pooled_less_regularized
M,2021,137,2021_1116_1159,1,0.6462468802928925,pooled_less_regularized
M,2021,137,2021_1124_1216,1,0.9345062226057052,pooled_less_regularized
M,2021,137,2021_1196_1439,1,0.5166356563568115,pooled_less_regularized
M,2021,137,2021_1156_1222,0,0.0808515101671218,pooled_less_regularized
M,2021,137,2021_1180_1228,0,0.0995392613112926,pooled_less_regularized
M,2021,137,2021_1210_1260,0,0.2876079827547073,pooled_less_regularized
M,2021,137,2021_1317_1345,1,0.4477264285087585,pooled_less_regularized
M,2021,137,2021_1251_1329,0,0.3216893374919891,pooled_less_regularized
M,2021,137,2021_1326_1331,0,0.9224534630775452,pooled_less_regularized
M,2021,137,2021_1333_1397,1,0.2491529658436775,pooled_less_regularized
M,2021,137,2021_1155_1353,0,0.5160837769508362,pooled_less_regularized
M,2021,137,2021_1361_1393,0,0.6612804979085922,pooled_less_regularized
M,2021,137,2021_1403_1429,1,0.5923413783311844,pooled_less_regularized
M,2021,137,2021_1437_1457,1,0.6308051198720932,pooled_less_regularized
M,2021,137,2021_1287_1452,0,0.1799608916044235,pooled_less_regularized
M,2021,137,2021_1314_1458,0,0.520370602607727,pooled_less_regularized
M,2021,138,2021_1101_1400,1,0.2705733180046081,pooled_less_regularized
M,2021,138,2021_1104_1233,1,0.8950118087232113,pooled_less_regularized
M,2021,138,2021_1160_1207,1,0.8081032782793045,pooled_less_regularized
M,2021,138,2021_1166_1364,1,0.5476795583963394,pooled_less_regularized
M,2021,138,2021_1199_1422,1,0.6267716735601425,pooled_less_regularized
M,2021,138,2021_1211_1313,1,0.9421557821333408,pooled_less_regularized
M,2021,138,2021_1213_1234,0,0.0887569896876812,pooled_less_regularized
M,2021,138,2021_1186_1242,0,0.1362055316567421,pooled_less_regularized
M,2021,138,2021_1261_1382,1,0.572250247001648,pooled_less_regularized
M,2021,138,2021_1163_1268,0,0.5310195982456207,pooled_less_regularized
M,2021,138,2021_1276_1411,1,0.9530284553766252,pooled_less_regularized
M,2021,138,2021_1325_1438,1,0.2151638865470886,pooled_less_regularized
M,2021,138,2021_1281_1328,0,0.4566539674997329,pooled_less_regularized
M,2021,138,2021_1140_1417,0,0.5695561766624451,pooled_less_regularized
M,2021,138,2021_1179_1425,0,0.3876085579395294,pooled_less_regularized
M,2021,139,2021_1116_1403,1,0.5631808489561081,pooled_less_regularized
M,2021,139,2021_1124_1458,1,0.7964169904589653,pooled_less_regularized
M,2021,139,2021_1222_1353,1,0.7866637632250786,pooled_less_regularized
M,2021,139,2021_1228_1260,0,0.5942349582910538,pooled_less_regularized
M,2021,139,2021_1196_1331,0,0.8031062111258507,pooled_less_regularized
M,2021,139,2021_1329_1333,0,0.6820527166128159,pooled_less_regularized
M,2021,139,2021_1393_1452,1,0.3142119795083999,pooled_less_regularized
M,2021,139,2021_1317_1437,0,0.3798611462116241,pooled_less_regularized
M,2021,140,2021_1104_1268,1,0.6643389165401459,pooled_less_regularized
M,2021,140,2021_1166_1325,1,0.6393471956253052,pooled_less_regularized
M,2021,140,2021_1160_1199,0,0.5707119703292847,pooled_less_regularized
M,2021,140,2021_1211_1328,1,0.8482720032334328,pooled_less_regularized
M,2021,140,2021_1261_1276,0,0.2920813262462616,pooled_less_regularized
M,2021,140,2021_1234_1332,0,0.5557372123003006,pooled_less_regularized
M,2021,140,2021_1101_1417,0,0.2892710566520691,pooled_less_regularized
M,2021,140,2021_1242_1425,0,0.5536348968744278,pooled_less_regularized
M,2021,145,2021_1116_1331,1,0.91641728207469,pooled_less_regularized
M,2021,145,2021_1124_1437,1,0.8319067880511284,pooled_less_regularized
M,2021,145,2021_1222_1393,1,0.7577578350901604,pooled_less_regularized
M,2021,145,2021_1260_1333,0,0.8684339299798012,pooled_less_regularized
M,2021,146,2021_1166_1211,0,0.1774399131536483,pooled_less_regularized
M,2021,146,2021_1199_1276,0,0.3350986540317535,pooled_less_regularized
M,2021,146,2021_1104_1417,0,0.7385673820972443,pooled_less_regularized
M,2021,146,2021_1332_1425,0,0.4409108757972717,pooled_less_regularized
M,2021,147,2021_1116_1124,0,0.2517302334308624,pooled_less_regularized
M,2021,147,2021_1222_1333,1,0.8855709806084633,pooled_less_regularized
M,2021,148,2021_1211_1425,1,0.8179615959525108,pooled_less_regularized
M,2021,148,2021_1276_1417,0,0.6785833835601807,pooled_less_regularized
M,2021,152,2021_1124_1222,1,0.6908310651779175,pooled_less_regularized
M,2021,152,2021_1211_1417,1,0.8621780350804329,pooled_less_regularized
M,2021,154,2021_1124_1211,1,0.4703891724348068,pooled_less_regularized
M,2014,134,2014_1107_1291,1,0.6703534573316574,pooled_64_features
M,2014,134,2014_1301_1462,1,0.4042930454015732,pooled_64_features
M,2014,135,2014_1142_1411,1,0.679412230849266,pooled_64_features
M,2014,135,2014_1234_1397,0,0.8552001640200615,pooled_64_features
M,2014,136,2014_1163_1386,1,0.5673158764839172,pooled_64_features
M,2014,136,2014_1173_1326,1,0.2064866945147514,pooled_64_features
M,2014,136,2014_1107_1196,0,0.1754934191703796,pooled_64_features
M,2014,136,2014_1153_1217,0,0.3655994832515716,pooled_64_features
M,2014,136,2014_1257_1264,1,0.9237803295254708,pooled_64_features
M,2014,136,2014_1276_1459,1,0.8684315606951714,pooled_64_features
M,2014,136,2014_1174_1277,0,0.1405276283621788,pooled_64_features
M,2014,136,2014_1295_1328,1,0.2961842715740204,pooled_64_features
M,2014,136,2014_1140_1332,0,0.3849727064371109,pooled_64_features
M,2014,136,2014_1160_1338,0,0.1579535230994224,pooled_64_features
M,2014,136,2014_1308_1361,0,0.1136467419564724,pooled_64_features
M,2014,136,2014_1301_1387,0,0.4622660726308822,pooled_64_features
M,2014,136,2014_1393_1444,1,0.7880261689424515,pooled_64_features
M,2014,136,2014_1113_1400,0,0.3834272474050522,pooled_64_features
M,2014,136,2014_1437_1454,1,0.8432275801897049,pooled_64_features
M,2014,136,2014_1110_1458,0,0.4338862746953964,pooled_64_features
M,2014,137,2014_1112_1451,1,0.8849773295223713,pooled_64_features
M,2014,137,2014_1124_1304,1,0.6211135685443878,pooled_64_features
M,2014,137,2014_1166_1418,1,0.8618262484669685,pooled_64_features
M,2014,137,2014_1211_1329,1,0.1949332803487777,pooled_64_features
M,2014,137,2014_1235_1300,1,0.7589776441454887,pooled_64_features
M,2014,137,2014_1184_1242,0,0.1687584072351455,pooled_64_features
M,2014,137,2014_1243_1246,0,0.1286925673484802,pooled_64_features
M,2014,137,2014_1203_1272,0,0.2851666808128357,pooled_64_features
M,2014,137,2014_1181_1273,0,0.8843540400266647,pooled_64_features
M,2014,137,2014_1314_1344,1,0.6667258143424988,pooled_64_features
M,2014,137,2014_1372_1433,1,0.4005843847990036,pooled_64_features
M,2014,137,2014_1307_1390,0,0.5818740874528885,pooled_64_features
M,2014,137,2014_1269_1397,0,0.7667550444602966,pooled_64_features
M,2014,137,2014_1409_1417,0,0.1607357412576675,pooled_64_features
M,2014,137,2014_1157_1438,0,0.1429732292890548,pooled_64_features
M,2014,137,2014_1142_1455,0,0.111599501222372,pooled_64_features
M,2014,138,2014_1163_1437,1,0.2862032055854797,pooled_64_features
M,2014,138,2014_1173_1393,1,0.2168818712234497,pooled_64_features
M,2014,138,2014_1196_1338,1,0.2766926288604736,pooled_64_features
M,2014,138,2014_1257_1387,1,0.8664359226822853,pooled_64_features
M,2014,138,2014_1276_1400,1,0.5984370559453964,pooled_64_features
M,2014,138,2014_1217_1277,0,0.1235099099576473,pooled_64_features
M,2014,138,2014_1295_1361,0,0.344932347536087,pooled_64_features
M,2014,138,2014_1332_1458,0,0.2954799681901932,pooled_64_features
M,2014,139,2014_1112_1211,1,0.8506572619080544,pooled_64_features
M,2014,139,2014_1124_1166,1,0.1336875185370445,pooled_64_features
M,2014,139,2014_1235_1314,1,0.7557326704263687,pooled_64_features
M,2014,139,2014_1246_1455,1,0.5717877149581909,pooled_64_features
M,2014,139,2014_1242_1390,0,0.7098536044359207,pooled_64_features
M,2014,139,2014_1273_1397,0,0.3006234914064407,pooled_64_features
M,2014,139,2014_1372_1417,0,0.1617860347032547,pooled_64_features
M,2014,139,2014_1272_1438,0,0.6314283460378647,pooled_64_features
M,2014,143,2014_1112_1361,1,0.6060224026441574,pooled_64_features
M,2014,143,2014_1173_1390,1,0.7044915109872818,pooled_64_features
M,2014,143,2014_1196_1417,1,0.4402302950620651,pooled_64_features
M,2014,143,2014_1124_1458,0,0.1372671499848365,pooled_64_features
M,2014,144,2014_1163_1235,1,0.2916553765535354,pooled_64_features
M,2014,144,2014_1246_1257,1,0.2968028932809829,pooled_64_features
M,2014,144,2014_1276_1397,1,0.7504027038812637,pooled_64_features
M,2014,144,2014_1277_1438,1,0.8276412338018417,pooled_64_features
M,2014,145,2014_1173_1196,0,0.3585365414619446,pooled_64_features
M,2014,145,2014_1112_1458,0,0.6414037793874741,pooled_64_features
M,2014,146,2014_1163_1277,1,0.1339308023452758,pooled_64_features
M,2014,146,2014_1246_1276,1,0.5954305976629257,pooled_64_features
M,2014,152,2014_1163_1196,1,0.4719935953617096,pooled_64_features
M,2014,152,2014_1246_1458,1,0.4309383034706116,pooled_64_features
M,2014,154,2014_1163_1246,1,0.2801303565502167,pooled_64_features
M,2015,134,2015_1214_1264,1,0.4312119334936142,pooled_64_features
M,2015,134,2015_1140_1279,0,0.4874660670757293,pooled_64_features
M,2015,135,2015_1129_1173,0,0.5875775963068008,pooled_64_features
M,2015,135,2015_1316_1352,0,0.7047453224658966,pooled_64_features
M,2015,136,2015_1112_1411,1,0.9283087700605392,pooled_64_features
M,2015,136,2015_1116_1459,1,0.7790652438998222,pooled_64_features
M,2015,136,2015_1139_1400,1,0.5223125070333481,pooled_64_features
M,2015,136,2015_1153_1345,1,0.4187656491994858,pooled_64_features
M,2015,136,2015_1186_1207,0,0.246197871863842,pooled_64_features
M,2015,136,2015_1124_1209,0,0.8438726961612701,pooled_64_features
M,2015,136,2015_1214_1246,0,0.0709291845560073,pooled_64_features
M,2015,136,2015_1261_1301,0,0.5225135833024979,pooled_64_features
M,2015,136,2015_1217_1314,0,0.131741926074028,pooled_64_features
M,2015,136,2015_1318_1323,0,0.248654618859291,pooled_64_features
M,2015,136,2015_1326_1433,1,0.6744334548711777,pooled_64_features
M,2015,136,2015_1235_1412,0,0.8869778290390968,pooled_64_features
M,2015,136,2015_1374_1417,0,0.6605090647935867,pooled_64_features
M,2015,136,2015_1372_1428,0,0.2917080968618393,pooled_64_features
M,2015,136,2015_1248_1437,0,0.0793835073709487,pooled_64_features
M,2015,136,2015_1279_1462,0,0.447076067328453,pooled_64_features
M,2015,137,2015_1173_1344,1,0.30109503865242,pooled_64_features
M,2015,137,2015_1181_1352,1,0.9290708154439926,pooled_64_features
M,2015,137,2015_1211_1295,1,0.9271356984972954,pooled_64_features
M,2015,137,2015_1172_1234,0,0.4011687189340591,pooled_64_features
M,2015,137,2015_1242_1308,1,0.8600723072886467,pooled_64_features
M,2015,137,2015_1257_1414,1,0.8785027340054512,pooled_64_features
M,2015,137,2015_1268_1434,1,0.4723825454711914,pooled_64_features
M,2015,137,2015_1208_1277,0,0.2120141610503196,pooled_64_features
M,2015,137,2015_1320_1461,1,0.7202662825584412,pooled_64_features
M,2015,137,2015_1107_1328,0,0.1962791532278061,pooled_64_features
M,2015,137,2015_1329_1332,0,0.6316821277141571,pooled_64_features
M,2015,137,2015_1361_1385,1,0.6461277306079865,pooled_64_features
M,2015,137,2015_1125_1438,0,0.1253576874732971,pooled_64_features
M,2015,137,2015_1138_1452,0,0.1781500950455665,pooled_64_features
M,2015,137,2015_1231_1455,0,0.504947692155838,pooled_64_features
M,2015,137,2015_1157_1458,0,0.0709291845560073,pooled_64_features
M,2015,138,2015_1112_1326,1,0.4622406214475631,pooled_64_features
M,2015,138,2015_1153_1246,0,0.1034681051969528,pooled_64_features
M,2015,138,2015_1301_1437,1,0.19634909927845,pooled_64_features
M,2015,138,2015_1116_1314,0,0.2093990445137024,pooled_64_features
M,2015,138,2015_1139_1323,0,0.3620479255914688,pooled_64_features
M,2015,138,2015_1412_1417,0,0.2314181253314018,pooled_64_features
M,2015,138,2015_1207_1428,0,0.3926724046468735,pooled_64_features
M,2015,138,2015_1209_1462,0,0.2992524653673172,pooled_64_features
M,2015,139,2015_1181_1361,1,0.871626153588295,pooled_64_features
M,2015,139,2015_1211_1234,1,0.8627997934818268,pooled_64_features
M,2015,139,2015_1257_1320,1,0.6479426771402359,pooled_64_features
M,2015,139,2015_1277_1438,1,0.3570321500301361,pooled_64_features
M,2015,139,2015_1173_1328,0,0.1707383021712303,pooled_64_features
M,2015,139,2015_1268_1452,0,0.3709326535463333,pooled_64_features
M,2015,139,2015_1242_1455,0,0.4669495522975921,pooled_64_features
M,2015,139,2015_1332_1458,0,0.0849410891532898,pooled_64_features
M,2015,143,2015_1112_1462,1,0.7788724675774574,pooled_64_features
M,2015,143,2015_1246_1452,1,0.845215767621994,pooled_64_features
M,2015,143,2015_1323_1455,1,0.6664689034223557,pooled_64_features
M,2015,143,2015_1314_1458,0,0.3101829588413238,pooled_64_features
M,2015,144,2015_1181_1428,1,0.7652883157134056,pooled_64_features
M,2015,144,2015_1211_1417,1,0.7488767132163048,pooled_64_features
M,2015,144,2015_1257_1301,1,0.7362447082996368,pooled_64_features
M,2015,144,2015_1277_1328,1,0.5306123197078705,pooled_64_features
M,2015,145,2015_1246_1323,1,0.7946026027202606,pooled_64_features
M,2015,145,2015_1112_1458,0,0.344322919845581,pooled_64_features
M,2015,146,2015_1181_1211,1,0.6115532070398331,pooled_64_features
M,2015,146,2015_1257_1277,0,0.4930935353040695,pooled_64_features
M,2015,152,2015_1181_1277,1,0.7328822910785675,pooled_64_features
M,2015,152,2015_1246_1458,0,0.6759520769119263,pooled_64_features
M,2015,154,2015_1181_1458,1,0.4724694192409515,pooled_64_features
M,2016,134,2016_1192_1195,0,0.2528733611106872,pooled_64_features
M,2016,134,2016_1435_1455,0,0.3805545270442962,pooled_64_features
M,2016,135,2016_1221_1380,1,0.4687891006469726,pooled_64_features
M,2016,135,2016_1276_1409,1,0.7878153473138809,pooled_64_features
M,2016,136,2016_1114_1345,1,0.1139097809791565,pooled_64_features
M,2016,136,2016_1139_1403,1,0.7792600765824318,pooled_64_features
M,2016,136,2016_1160_1163,0,0.2532796114683151,pooled_64_features
M,2016,136,2016_1181_1423,1,0.906479462981224,pooled_64_features
M,2016,136,2016_1211_1371,1,0.7354227155447006,pooled_64_features
M,2016,136,2016_1151_1231,0,0.0989044494926929,pooled_64_features
M,2016,136,2016_1233_1235,0,0.146625131368637,pooled_64_features
M,2016,136,2016_1122_1242,0,0.0639629662036895,pooled_64_features
M,2016,136,2016_1246_1392,1,0.8094668462872505,pooled_64_features
M,2016,136,2016_1138_1274,0,0.1525940597057342,pooled_64_features
M,2016,136,2016_1195_1314,0,0.0751336365938186,pooled_64_features
M,2016,136,2016_1344_1425,1,0.5823550522327423,pooled_64_features
M,2016,136,2016_1201_1428,0,0.2542754337191582,pooled_64_features
M,2016,136,2016_1214_1438,0,0.065662682056427,pooled_64_features
M,2016,136,2016_1112_1455,0,0.7258710712194443,pooled_64_features
M,2016,136,2016_1124_1463,0,0.7902479991316795,pooled_64_features
M,2016,137,2016_1143_1218,0,0.5807424038648605,pooled_64_features
M,2016,137,2016_1234_1396,1,0.8478514924645424,pooled_64_features
M,2016,137,2016_1268_1355,1,0.8025423586368561,pooled_64_features
M,2016,137,2016_1277_1292,0,0.9241242296993732,pooled_64_features
M,2016,137,2016_1320_1400,1,0.2086948901414871,pooled_64_features
M,2016,137,2016_1276_1323,0,0.4684519469738006,pooled_64_features
M,2016,137,2016_1167_1328,0,0.1591811925172805,pooled_64_features
M,2016,137,2016_1221_1332,0,0.0869150981307029,pooled_64_features
M,2016,137,2016_1372_1452,1,0.1337098404765129,pooled_64_features
M,2016,137,2016_1153_1386,0,0.6874149143695831,pooled_64_features
M,2016,137,2016_1173_1393,0,0.3248131275177002,pooled_64_features
M,2016,137,2016_1401_1453,1,0.8552999496459961,pooled_64_features
M,2016,137,2016_1333_1433,0,0.394063338637352,pooled_64_features
M,2016,137,2016_1421_1437,0,0.0916404351592063,pooled_64_features
M,2016,137,2016_1338_1458,0,0.6096968799829483,pooled_64_features
M,2016,137,2016_1451_1462,0,0.1185509599745273,pooled_64_features
M,2016,138,2016_1181_1463,1,0.8984061032533646,pooled_64_features
M,2016,138,2016_1211_1428,1,0.6998536735773087,pooled_64_features
M,2016,138,2016_1231_1246,1,0.4533652663230896,pooled_64_features
M,2016,138,2016_1114_1235,0,0.1334250271320343,pooled_64_features
M,2016,138,2016_1163_1242,0,0.2322589233517646,pooled_64_features
M,2016,138,2016_1274_1455,1,0.7493883073329926,pooled_64_features
M,2016,138,2016_1314_1344,1,0.9029372967779636,pooled_64_features
M,2016,138,2016_1139_1438,0,0.4524274617433548,pooled_64_features
M,2016,139,2016_1218_1268,0,0.1963035687804222,pooled_64_features
M,2016,139,2016_1323_1372,1,0.8445781916379929,pooled_64_features
M,2016,139,2016_1328_1433,1,0.7006925940513611,pooled_64_features
M,2016,139,2016_1332_1386,1,0.699200376868248,pooled_64_features
M,2016,139,2016_1292_1393,0,0.1453602090477943,pooled_64_features
M,2016,139,2016_1320_1401,0,0.2613241523504257,pooled_64_features
M,2016,139,2016_1234_1437,0,0.4316568225622177,pooled_64_features
M,2016,139,2016_1458_1462,1,0.3188543766736984,pooled_64_features
M,2016,143,2016_1242_1268,1,0.7561156451702118,pooled_64_features
M,2016,143,2016_1328_1401,1,0.5590673238039017,pooled_64_features
M,2016,143,2016_1181_1332,0,0.7482740357518196,pooled_64_features
M,2016,143,2016_1274_1437,0,0.504902720451355,pooled_64_features
M,2016,144,2016_1231_1314,0,0.3527583479881286,pooled_64_features
M,2016,144,2016_1323_1458,1,0.5822256952524185,pooled_64_features
M,2016,144,2016_1211_1393,0,0.4557036459445953,pooled_64_features
M,2016,144,2016_1235_1438,0,0.4121961444616318,pooled_64_features
M,2016,145,2016_1328_1332,1,0.5594546943902969,pooled_64_features
M,2016,145,2016_1242_1437,0,0.7311118990182877,pooled_64_features
M,2016,146,2016_1314_1323,1,0.7708906680345535,pooled_64_features
M,2016,146,2016_1393_1438,1,0.3742396533489227,pooled_64_features
M,2016,152,2016_1314_1393,1,0.767058938741684,pooled_64_features
M,2016,152,2016_1328_1437,0,0.4421416223049164,pooled_64_features
M,2016,154,2016_1314_1437,0,0.6966647058725357,pooled_64_features
M,2017,134,2017_1243_1448,1,0.6201823353767395,pooled_64_features
M,2017,134,2017_1291_1309,1,0.5836941599845886,pooled_64_features
M,2017,135,2017_1300_1413,0,0.6060570031404495,pooled_64_features
M,2017,135,2017_1344_1425,0,0.4766514599323272,pooled_64_features
M,2017,136,2017_1112_1315,1,0.8919953294098377,pooled_64_features
M,2017,136,2017_1139_1457,1,0.881673339754343,pooled_64_features
M,2017,136,2017_1190_1196,0,0.1045237146317958,pooled_64_features
M,2017,136,2017_1195_1199,0,0.1241173297166824,pooled_64_features
M,2017,136,2017_1211_1355,1,0.9444775506854056,pooled_64_features
M,2017,136,2017_1235_1305,1,0.7781988903880119,pooled_64_features
M,2017,136,2017_1278_1292,0,0.5602833479642868,pooled_64_features
M,2017,136,2017_1321_1435,1,0.6320520490407944,pooled_64_features
M,2017,136,2017_1323_1343,1,0.7889586985111237,pooled_64_features
M,2017,136,2017_1345_1436,1,0.8725731000304222,pooled_64_features
M,2017,136,2017_1388_1433,1,0.6217191964387894,pooled_64_features
M,2017,136,2017_1291_1437,0,0.0507494118064641,pooled_64_features
M,2017,136,2017_1423_1438,0,0.2477499768137931,pooled_64_features
M,2017,136,2017_1137_1452,0,0.0534635633230209,pooled_64_features
M,2017,136,2017_1439_1458,0,0.2766422033309936,pooled_64_features
M,2017,136,2017_1268_1462,0,0.4675251841545105,pooled_64_features
M,2017,137,2017_1116_1371,1,0.5353527963161469,pooled_64_features
M,2017,137,2017_1124_1308,1,0.8317758664488792,pooled_64_features
M,2017,137,2017_1153_1243,1,0.5540319085121155,pooled_64_features
M,2017,137,2017_1181_1407,1,0.9136031195521356,pooled_64_features
M,2017,137,2017_1242_1413,1,0.9466353878378868,pooled_64_features
M,2017,137,2017_1246_1297,1,0.948034968227148,pooled_64_features
M,2017,137,2017_1240_1257,0,0.0516136027872562,pooled_64_features
M,2017,137,2017_1276_1329,1,0.594762995839119,pooled_64_features
M,2017,137,2017_1274_1277,0,0.6021440029144287,pooled_64_features
M,2017,137,2017_1314_1411,1,0.9466353878378868,pooled_64_features
M,2017,137,2017_1233_1332,0,0.1114981360733509,pooled_64_features
M,2017,137,2017_1166_1348,0,0.7619316652417183,pooled_64_features
M,2017,137,2017_1266_1376,0,0.4747321009635925,pooled_64_features
M,2017,137,2017_1245_1417,0,0.1207194775342941,pooled_64_features
M,2017,137,2017_1374_1425,0,0.8221161141991615,pooled_64_features
M,2017,137,2017_1173_1455,0,0.2245338857173919,pooled_64_features
M,2017,138,2017_1112_1388,1,0.6476855576038361,pooled_64_features
M,2017,138,2017_1139_1292,1,0.7579302042722702,pooled_64_features
M,2017,138,2017_1196_1438,1,0.4355173707008362,pooled_64_features
M,2017,138,2017_1211_1321,1,0.918358150869608,pooled_64_features
M,2017,138,2017_1235_1345,0,0.5359100550413132,pooled_64_features
M,2017,138,2017_1323_1452,0,0.3182366788387298,pooled_64_features
M,2017,138,2017_1437_1458,0,0.655820444226265,pooled_64_features
M,2017,138,2017_1199_1462,0,0.7332601547241211,pooled_64_features
M,2017,139,2017_1124_1425,1,0.8351774364709854,pooled_64_features
M,2017,139,2017_1242_1277,1,0.8550599068403244,pooled_64_features
M,2017,139,2017_1246_1455,1,0.7390444129705429,pooled_64_features
M,2017,139,2017_1257_1276,0,0.685491293668747,pooled_64_features
M,2017,139,2017_1116_1314,0,0.0819549039006233,pooled_64_features
M,2017,139,2017_1332_1348,1,0.7041323781013489,pooled_64_features
M,2017,139,2017_1181_1376,0,0.7372571676969528,pooled_64_features
M,2017,139,2017_1153_1417,0,0.428346186876297,pooled_64_features
M,2017,143,2017_1211_1452,1,0.6236430555582047,pooled_64_features
M,2017,143,2017_1242_1345,1,0.6027710884809494,pooled_64_features
M,2017,143,2017_1276_1332,0,0.5193538218736649,pooled_64_features
M,2017,143,2017_1112_1462,0,0.7062741667032242,pooled_64_features
M,2017,144,2017_1196_1458,1,0.503023087978363,pooled_64_features
M,2017,144,2017_1246_1417,1,0.6281723827123642,pooled_64_features
M,2017,144,2017_1139_1314,0,0.2738762348890304,pooled_64_features
M,2017,144,2017_1124_1376,0,0.7056982517242432,pooled_64_features
M,2017,145,2017_1211_1462,1,0.9148308858275414,pooled_64_features
M,2017,145,2017_1242_1332,0,0.6198640465736389,pooled_64_features
M,2017,146,2017_1246_1314,0,0.4650921672582626,pooled_64_features
M,2017,146,2017_1196_1376,0,0.6719497740268707,pooled_64_features
M,2017,152,2017_1211_1376,1,0.815059021115303,pooled_64_features
M,2017,152,2017_1314_1332,1,0.7573676258325577,pooled_64_features
M,2017,154,2017_1211_1314,0,0.3502737432718277,pooled_64_features
M,2018,134,2018_1254_1347,0,0.3869252353906631,pooled_64_features
M,2018,134,2018_1382_1417,1,0.5363645255565643,pooled_64_features
M,2018,135,2018_1113_1393,0,0.458694651722908,pooled_64_features
M,2018,135,2018_1300_1411,0,0.5582164973020554,pooled_64_features
M,2018,136,2018_1104_1439,1,0.517620176076889,pooled_64_features
M,2018,136,2018_1112_1138,0,0.8247890993952751,pooled_64_features
M,2018,136,2018_1181_1233,1,0.9469775538891554,pooled_64_features
M,2018,136,2018_1196_1382,1,0.6349519491195679,pooled_64_features
M,2018,136,2018_1211_1422,1,0.8674221262335777,pooled_64_features
M,2018,136,2018_1222_1361,1,0.5639337003231049,pooled_64_features
M,2018,136,2018_1242_1335,1,0.9247433878481388,pooled_64_features
M,2018,136,2018_1172_1246,0,0.2229599952697754,pooled_64_features
M,2018,136,2018_1260_1274,1,0.1890343800187111,pooled_64_features
M,2018,136,2018_1276_1285,1,0.8663558140397072,pooled_64_features
M,2018,136,2018_1326_1355,1,0.8096857890486717,pooled_64_features
M,2018,136,2018_1328_1348,0,0.4656959772109985,pooled_64_features
M,2018,136,2018_1301_1371,0,0.4294047802686691,pooled_64_features
M,2018,136,2018_1397_1460,1,0.901155523955822,pooled_64_features
M,2018,136,2018_1372_1403,0,0.1043874621391296,pooled_64_features
M,2018,136,2018_1347_1437,0,0.05369702167809,pooled_64_features
M,2018,137,2018_1120_1158,1,0.8880861885845661,pooled_64_features
M,2018,137,2018_1116_1139,0,0.4521698951721191,pooled_64_features
M,2018,137,2018_1153_1209,1,0.9058348536491394,pooled_64_features
M,2018,137,2018_1155_1308,1,0.7353161871433258,pooled_64_features
M,2018,137,2018_1199_1281,1,0.6172574013471603,pooled_64_features
M,2018,137,2018_1166_1243,0,0.5899388343095779,pooled_64_features
M,2018,137,2018_1267_1455,1,0.1175305992364883,pooled_64_features
M,2018,137,2018_1137_1277,0,0.0596032869070768,pooled_64_features
M,2018,137,2018_1305_1400,1,0.5942017585039139,pooled_64_features
M,2018,137,2018_1252_1314,0,0.066602811217308,pooled_64_features
M,2018,137,2018_1168_1345,0,0.0524902902543544,pooled_64_features
M,2018,137,2018_1393_1395,1,0.3870183527469635,pooled_64_features
M,2018,137,2018_1344_1401,0,0.3159605115652084,pooled_64_features
M,2018,137,2018_1420_1438,1,0.0539383813738822,pooled_64_features
M,2018,137,2018_1293_1452,0,0.1223945766687393,pooled_64_features
M,2018,137,2018_1411_1462,0,0.0622402988374233,pooled_64_features
M,2018,138,2018_1181_1348,1,0.8768366053700447,pooled_64_features
M,2018,138,2018_1211_1326,1,0.6464587450027466,pooled_64_features
M,2018,138,2018_1242_1371,1,0.7416028678417206,pooled_64_features
M,2018,138,2018_1138_1246,0,0.1567474007606506,pooled_64_features
M,2018,138,2018_1260_1397,1,0.3152446001768112,pooled_64_features
M,2018,138,2018_1222_1276,0,0.3259073793888092,pooled_64_features
M,2018,138,2018_1196_1403,0,0.3203682005405426,pooled_64_features
M,2018,138,2018_1104_1437,0,0.1117993593215942,pooled_64_features
M,2018,139,2018_1120_1155,0,0.5946423709392548,pooled_64_features
M,2018,139,2018_1199_1462,1,0.3977022916078567,pooled_64_features
M,2018,139,2018_1243_1420,1,0.8931987024843693,pooled_64_features
M,2018,139,2018_1153_1305,0,0.718355655670166,pooled_64_features
M,2018,139,2018_1139_1345,0,0.1994786038994789,pooled_64_features
M,2018,139,2018_1277_1393,0,0.8568140119314194,pooled_64_features
M,2018,139,2018_1314_1401,0,0.6153459548950195,pooled_64_features
M,2018,139,2018_1267_1452,0,0.0831059962511062,pooled_64_features
M,2018,143,2018_1199_1211,1,0.2573635876178741,pooled_64_features
M,2018,143,2018_1243_1246,1,0.3955183327198028,pooled_64_features
M,2018,143,2018_1260_1305,1,0.290876567363739,pooled_64_features
M,2018,143,2018_1276_1401,1,0.5589888393878937,pooled_64_features
M,2018,144,2018_1181_1393,1,0.8814924322068691,pooled_64_features
M,2018,144,2018_1155_1242,0,0.2556864768266678,pooled_64_features
M,2018,144,2018_1345_1403,0,0.662906214594841,pooled_64_features
M,2018,144,2018_1437_1452,1,0.7155213356018066,pooled_64_features
M,2018,145,2018_1243_1260,0,0.6464791744947433,pooled_64_features
M,2018,145,2018_1199_1276,0,0.4214291721582412,pooled_64_features
M,2018,146,2018_1181_1242,0,0.5004032254219055,pooled_64_features
M,2018,146,2018_1403_1437,0,0.324249267578125,pooled_64_features
M,2018,152,2018_1260_1276,0,0.2281526178121566,pooled_64_features
M,2018,152,2018_1242_1437,0,0.4353068023920059,pooled_64_features
M,2018,154,2018_1276_1437,0,0.2470325678586959,pooled_64_features
M,2019,134,2019_1125_1396,1,0.48526631295681,pooled_64_features
M,2019,134,2019_1192_1341,1,0.519198551774025,pooled_64_features
M,2019,135,2019_1113_1385,1,0.4791670739650726,pooled_64_features
M,2019,135,2019_1295_1300,1,0.7174255847930908,pooled_64_features
M,2019,136,2019_1120_1308,1,0.7559942528605461,pooled_64_features
M,2019,136,2019_1124_1393,1,0.5083346962928772,pooled_64_features
M,2019,136,2019_1196_1305,1,0.4826205521821975,pooled_64_features
M,2019,136,2019_1199_1436,1,0.8337909877300262,pooled_64_features
M,2019,136,2019_1192_1211,0,0.0525368861854076,pooled_64_features
M,2019,136,2019_1242_1318,1,0.892901100218296,pooled_64_features
M,2019,136,2019_1101_1246,0,0.0516220200806856,pooled_64_features
M,2019,136,2019_1261_1463,1,0.8110054954886436,pooled_64_features
M,2019,136,2019_1125_1268,0,0.2653066664934158,pooled_64_features
M,2019,136,2019_1276_1285,1,0.9163770973682404,pooled_64_features
M,2019,136,2019_1133_1277,0,0.0582143049687147,pooled_64_features
M,2019,136,2019_1257_1278,0,0.7209840714931488,pooled_64_features
M,2019,136,2019_1266_1293,0,0.6756891459226608,pooled_64_features
M,2019,136,2019_1330_1345,0,0.1350202783942222,pooled_64_features
M,2019,136,2019_1388_1437,0,0.4149234741926193,pooled_64_features
M,2019,136,2019_1371_1459,0,0.3735283464193344,pooled_64_features
M,2019,137,2019_1113_1138,0,0.4625232219696045,pooled_64_features
M,2019,137,2019_1181_1295,1,0.9463191814720632,pooled_64_features
M,2019,137,2019_1209_1222,0,0.1228301934897899,pooled_64_features
M,2019,137,2019_1153_1234,0,0.6457008421421051,pooled_64_features
M,2019,137,2019_1251_1280,1,0.3182504177093506,pooled_64_features
M,2019,137,2019_1233_1314,0,0.0536808185279369,pooled_64_features
M,2019,137,2019_1235_1326,0,0.6378418058156967,pooled_64_features
M,2019,137,2019_1279_1328,0,0.3598517328500747,pooled_64_features
M,2019,137,2019_1332_1458,1,0.2865930795669555,pooled_64_features
M,2019,137,2019_1159_1397,0,0.0954276695847511,pooled_64_features
M,2019,137,2019_1297_1403,0,0.0714108273386955,pooled_64_features
M,2019,137,2019_1243_1414,0,0.8059786483645439,pooled_64_features
M,2019,137,2019_1416_1433,1,0.5200696587562561,pooled_64_features
M,2019,137,2019_1205_1438,0,0.0536808185279369,pooled_64_features
M,2019,137,2019_1387_1439,0,0.1838874667882919,pooled_64_features
M,2019,137,2019_1429_1449,0,0.5543811172246933,pooled_64_features
M,2019,138,2019_1120_1242,1,0.4435401409864425,pooled_64_features
M,2019,138,2019_1199_1293,1,0.7795707061886787,pooled_64_features
M,2019,138,2019_1124_1211,0,0.1336425170302391,pooled_64_features
M,2019,138,2019_1246_1459,1,0.731376051902771,pooled_64_features
M,2019,138,2019_1261_1268,1,0.439465582370758,pooled_64_features
M,2019,138,2019_1196_1276,0,0.3111075460910797,pooled_64_features
M,2019,138,2019_1277_1278,1,0.8771010972559452,pooled_64_features
M,2019,138,2019_1345_1437,1,0.5441133379936218,pooled_64_features
M,2019,139,2019_1181_1416,1,0.9052967131137848,pooled_64_features
M,2019,139,2019_1222_1326,1,0.5959971845149994,pooled_64_features
M,2019,139,2019_1314_1449,1,0.8163223192095757,pooled_64_features
M,2019,139,2019_1332_1414,1,0.686916396021843,pooled_64_features
M,2019,139,2019_1234_1397,0,0.3183454722166061,pooled_64_features
M,2019,139,2019_1138_1403,0,0.3180679380893707,pooled_64_features
M,2019,139,2019_1328_1438,0,0.1707719713449478,pooled_64_features
M,2019,139,2019_1251_1439,0,0.1143042147159576,pooled_64_features
M,2019,143,2019_1199_1211,0,0.1638119742274284,pooled_64_features
M,2019,143,2019_1345_1397,1,0.4449994713068008,pooled_64_features
M,2019,143,2019_1276_1403,0,0.4984986782073974,pooled_64_features
M,2019,143,2019_1332_1438,0,0.1351233571767807,pooled_64_features
M,2019,144,2019_1120_1314,1,0.3076323270797729,pooled_64_features
M,2019,144,2019_1181_1439,1,0.8100667372345924,pooled_64_features
M,2019,144,2019_1222_1246,0,0.3557141125202179,pooled_64_features
M,2019,144,2019_1261_1277,0,0.1553524583578109,pooled_64_features
M,2019,145,2019_1211_1403,0,0.705836832523346,pooled_64_features
M,2019,145,2019_1345_1438,0,0.2275363355875015,pooled_64_features
M,2019,146,2019_1120_1246,1,0.3880296945571899,pooled_64_features
M,2019,146,2019_1181_1277,0,0.6157315075397491,pooled_64_features
M,2019,152,2019_1277_1403,0,0.6248603314161301,pooled_64_features
M,2019,152,2019_1120_1438,0,0.1973425149917602,pooled_64_features
M,2019,154,2019_1403_1438,0,0.3325020968914032,pooled_64_features
M,2021,136,2021_1179_1455,1,0.6887328028678894,pooled_64_features
M,2021,136,2021_1111_1313,0,0.50639508664608,pooled_64_features
M,2021,136,2021_1291_1411,0,0.5811015218496323,pooled_64_features
M,2021,136,2021_1277_1417,0,0.4946097731590271,pooled_64_features
M,2021,137,2021_1116_1159,1,0.6514171808958054,pooled_64_features
M,2021,137,2021_1124_1216,1,0.9370788354426622,pooled_64_features
M,2021,137,2021_1196_1439,1,0.5038051456212997,pooled_64_features
M,2021,137,2021_1156_1222,0,0.0798599682748317,pooled_64_features
M,2021,137,2021_1180_1228,0,0.0788248814642429,pooled_64_features
M,2021,137,2021_1210_1260,0,0.3088798075914383,pooled_64_features
M,2021,137,2021_1317_1345,1,0.4192737936973572,pooled_64_features
M,2021,137,2021_1251_1329,0,0.3448366224765777,pooled_64_features
M,2021,137,2021_1326_1331,0,0.9180934056639672,pooled_64_features
M,2021,137,2021_1333_1397,1,0.2405053377151489,pooled_64_features
M,2021,137,2021_1155_1353,0,0.4960548877716064,pooled_64_features
M,2021,137,2021_1361_1393,0,0.6639111042022705,pooled_64_features
M,2021,137,2021_1403_1429,1,0.6522718518972397,pooled_64_features
M,2021,137,2021_1437_1457,1,0.6186724454164505,pooled_64_features
M,2021,137,2021_1287_1452,0,0.2069489434361457,pooled_64_features
M,2021,137,2021_1314_1458,0,0.4944648444652557,pooled_64_features
M,2021,138,2021_1101_1400,1,0.2759816646575928,pooled_64_features
M,2021,138,2021_1104_1233,1,0.9041257090866566,pooled_64_features
M,2021,138,2021_1160_1207,1,0.8342344239354134,pooled_64_features
M,2021,138,2021_1166_1364,1,0.5595858097076416,pooled_64_features
M,2021,138,2021_1199_1422,1,0.6667554974555969,pooled_64_features
M,2021,138,2021_1211_1313,1,0.9414003640413284,pooled_64_features
M,2021,138,2021_1213_1234,0,0.101722564548254,pooled_64_features
M,2021,138,2021_1186_1242,0,0.1260431706905365,pooled_64_features
M,2021,138,2021_1261_1382,1,0.6551856845617294,pooled_64_features
M,2021,138,2021_1163_1268,0,0.4640067368745804,pooled_64_features
M,2021,138,2021_1276_1411,1,0.948512239381671,pooled_64_features
M,2021,138,2021_1325_1438,1,0.2383520156145095,pooled_64_features
M,2021,138,2021_1281_1328,0,0.454647496342659,pooled_64_features
M,2021,138,2021_1140_1417,0,0.6118348985910416,pooled_64_features
M,2021,138,2021_1179_1425,0,0.4460111260414123,pooled_64_features
M,2021,139,2021_1116_1403,1,0.5874645560979843,pooled_64_features
M,2021,139,2021_1124_1458,1,0.7950314208865166,pooled_64_features
M,2021,139,2021_1222_1353,1,0.789090521633625,pooled_64_features
M,2021,139,2021_1228_1260,0,0.5958586782217026,pooled_64_features
M,2021,139,2021_1196_1331,0,0.7809336110949516,pooled_64_features
M,2021,139,2021_1329_1333,0,0.6894679367542267,pooled_64_features
M,2021,139,2021_1393_1452,1,0.3385355621576309,pooled_64_features
M,2021,139,2021_1317_1437,0,0.3415008634328842,pooled_64_features
M,2021,140,2021_1104_1268,1,0.6939597427845001,pooled_64_features
M,2021,140,2021_1166_1325,1,0.6355820000171661,pooled_64_features
M,2021,140,2021_1160_1199,0,0.5271911174058914,pooled_64_features
M,2021,140,2021_1211_1328,1,0.8472027629613876,pooled_64_features
M,2021,140,2021_1261_1276,0,0.3262818902730942,pooled_64_features
M,2021,140,2021_1234_1332,0,0.642048254609108,pooled_64_features
M,2021,140,2021_1101_1417,0,0.3259343355894089,pooled_64_features
M,2021,140,2021_1242_1425,0,0.5268130600452423,pooled_64_features
M,2021,145,2021_1116_1331,1,0.912948951125145,pooled_64_features
M,2021,145,2021_1124_1437,1,0.8179084584116936,pooled_64_features
M,2021,145,2021_1222_1393,1,0.7494431585073471,pooled_64_features
M,2021,145,2021_1260_1333,0,0.8668501377105713,pooled_64_features
M,2021,146,2021_1166_1211,0,0.1619552746415138,pooled_64_features
M,2021,146,2021_1199_1276,0,0.3721670061349869,pooled_64_features
M,2021,146,2021_1104_1417,0,0.7226041704416275,pooled_64_features
M,2021,146,2021_1332_1425,0,0.4585886001586914,pooled_64_features
M,2021,147,2021_1116_1124,0,0.2799409925937652,pooled_64_features
M,2021,147,2021_1222_1333,1,0.8847778551280499,pooled_64_features
M,2021,148,2021_1211_1425,1,0.8355226740241051,pooled_64_features
M,2021,148,2021_1276_1417,0,0.7553994506597519,pooled_64_features
M,2021,152,2021_1124_1222,1,0.6604697555303574,pooled_64_features
M,2021,152,2021_1211_1417,1,0.8773012794554234,pooled_64_features
M,2021,154,2021_1124_1211,1,0.4273878931999206,pooled_64_features
M,2014,136,2014_1107_1196,0,0.2572415918111801,men_reference
M,2014,134,2014_1107_1291,1,0.7237711548805237,men_reference
M,2014,136,2014_1110_1458,0,0.3496980518102646,men_reference
M,2014,139,2014_1112_1211,1,0.6966442465782166,men_reference
M,2014,143,2014_1112_1361,1,0.6744990646839142,men_reference
M,2014,137,2014_1112_1451,1,0.7893009707331657,men_reference
M,2014,145,2014_1112_1458,0,0.6174445003271103,men_reference
M,2014,136,2014_1113_1400,0,0.6974746733903885,men_reference
M,2014,139,2014_1124_1166,1,0.23398807644844055,men_reference
M,2014,137,2014_1124_1304,1,0.5570480078458786,men_reference
M,2014,143,2014_1124_1458,0,0.26686257123947144,men_reference
M,2014,136,2014_1140_1332,0,0.3919091522693634,men_reference
M,2014,135,2014_1142_1411,1,0.687607929110527,men_reference
M,2014,137,2014_1142_1455,0,0.2391522377729416,men_reference
M,2014,136,2014_1153_1217,0,0.5119292587041855,men_reference
M,2014,137,2014_1157_1438,0,0.21093535423278809,men_reference
M,2014,136,2014_1160_1338,0,0.2560538202524185,men_reference
M,2014,152,2014_1163_1196,1,0.3265584111213684,men_reference
M,2014,144,2014_1163_1235,1,0.40296676754951477,men_reference
M,2014,154,2014_1163_1246,1,0.33707742393016815,men_reference
M,2014,146,2014_1163_1277,1,0.2384701743721962,men_reference
M,2014,136,2014_1163_1386,1,0.455326184630394,men_reference
M,2014,138,2014_1163_1437,1,0.2869592756032944,men_reference
M,2014,137,2014_1166_1418,1,0.7624799534678459,men_reference
M,2014,145,2014_1173_1196,0,0.36766017973423004,men_reference
M,2014,136,2014_1173_1326,1,0.3510262221097946,men_reference
M,2014,143,2014_1173_1390,1,0.658165454864502,men_reference
M,2014,138,2014_1173_1393,1,0.3705204874277115,men_reference
M,2014,136,2014_1174_1277,0,0.22571952641010284,men_reference
M,2014,137,2014_1181_1273,0,0.650762066245079,men_reference
M,2014,137,2014_1184_1242,0,0.3979494571685791,men_reference
M,2014,138,2014_1196_1338,1,0.40050432085990906,men_reference
M,2014,143,2014_1196_1417,1,0.4097089171409607,men_reference
M,2014,137,2014_1203_1272,0,0.5251299887895584,men_reference
M,2014,137,2014_1211_1329,1,0.28119273483753204,men_reference
M,2014,138,2014_1217_1277,0,0.31754322350025177,men_reference
M,2014,135,2014_1234_1397,0,0.7585220336914062,men_reference
M,2014,137,2014_1235_1300,1,0.4329818934202194,men_reference
M,2014,139,2014_1235_1314,1,0.43722115457057953,men_reference
M,2014,139,2014_1242_1390,0,0.5097700655460358,men_reference
M,2014,137,2014_1243_1246,0,0.41017085313796997,men_reference
M,2014,144,2014_1246_1257,1,0.3560866117477417,men_reference
M,2014,146,2014_1246_1276,1,0.4066058397293091,men_reference
M,2014,139,2014_1246_1455,1,0.5240291953086853,men_reference
M,2014,152,2014_1246_1458,1,0.4081909954547882,men_reference
M,2014,136,2014_1257_1264,1,0.8437563925981522,men_reference
M,2014,138,2014_1257_1387,1,0.743162602186203,men_reference
M,2014,137,2014_1269_1397,0,0.7557063028216362,men_reference
M,2014,139,2014_1272_1438,0,0.4728983938694,men_reference
M,2014,139,2014_1273_1397,0,0.4612121134996414,men_reference
M,2014,144,2014_1276_1397,1,0.6191987246274948,men_reference
M,2014,138,2014_1276_1400,1,0.7030572146177292,men_reference
M,2014,136,2014_1276_1459,1,0.7588328644633293,men_reference
M,2014,144,2014_1277_1438,1,0.5064000189304352,men_reference
M,2014,136,2014_1295_1328,1,0.40881378948688507,men_reference
M,2014,138,2014_1295_1361,0,0.26825766265392303,men_reference
M,2014,136,2014_1301_1387,0,0.4381081610918045,men_reference
M,2014,134,2014_1301_1462,1,0.3658180981874466,men_reference
M,2014,137,2014_1307_1390,0,0.4994369149208069,men_reference
M,2014,136,2014_1308_1361,0,0.17665699124336243,men_reference
M,2014,137,2014_1314_1344,1,0.6308824270963669,men_reference
M,2014,138,2014_1332_1458,0,0.43817098438739777,men_reference
M,2014,139,2014_1372_1417,0,0.27633605897426605,men_reference
M,2014,137,2014_1372_1433,1,0.320686012506485,men_reference
M,2014,136,2014_1393_1444,1,0.6610838323831558,men_reference
M,2014,137,2014_1409_1417,0,0.30549855530261993,men_reference
M,2014,136,2014_1437_1454,1,0.7582842484116554,men_reference
M,2015,137,2015_1107_1328,0,0.2721794545650482,men_reference
M,2015,138,2015_1112_1326,1,0.7437324598431587,men_reference
M,2015,136,2015_1112_1411,1,0.9023616164922714,men_reference
M,2015,145,2015_1112_1458,0,0.48473554849624634,men_reference
M,2015,143,2015_1112_1462,1,0.7592888996005058,men_reference
M,2015,138,2015_1116_1314,0,0.1348642185330391,men_reference
M,2015,136,2015_1116_1459,1,0.5988089442253113,men_reference
M,2015,136,2015_1124_1209,0,0.6133725941181183,men_reference
M,2015,137,2015_1125_1438,0,0.09852124378085136,men_reference
M,2015,135,2015_1129_1173,0,0.49375978112220764,men_reference
M,2015,137,2015_1138_1452,0,0.35356728732585907,men_reference
M,2015,138,2015_1139_1323,0,0.2602950930595398,men_reference
M,2015,136,2015_1139_1400,1,0.4163583815097809,men_reference
M,2015,134,2015_1140_1279,0,0.3958125412464142,men_reference
M,2015,138,2015_1153_1246,0,0.3092348277568817,men_reference
M,2015,136,2015_1153_1345,1,0.7162822037935257,men_reference
M,2015,137,2015_1157_1458,0,0.18171857297420502,men_reference
M,2015,137,2015_1172_1234,0,0.5921193808317184,men_reference
M,2015,139,2015_1173_1328,0,0.3338640481233597,men_reference
M,2015,137,2015_1173_1344,1,0.466420978307724,men_reference
M,2015,146,2015_1181_1211,1,0.6931135654449463,men_reference
M,2015,152,2015_1181_1277,1,0.7353054285049438,men_reference
M,2015,137,2015_1181_1352,1,0.866037093102932,men_reference
M,2015,139,2015_1181_1361,1,0.7272899746894836,men_reference
M,2015,144,2015_1181_1428,1,0.6804813891649246,men_reference
M,2015,154,2015_1181_1458,1,0.39302292466163635,men_reference
M,2015,136,2015_1186_1207,0,0.6935920119285583,men_reference
M,2015,138,2015_1207_1428,0,0.2678358554840088,men_reference
M,2015,137,2015_1208_1277,0,0.21497269719839096,men_reference
M,2015,138,2015_1209_1462,0,0.4300767481327057,men_reference
M,2015,139,2015_1211_1234,1,0.6604644656181335,men_reference
M,2015,137,2015_1211_1295,1,0.7826167345046997,men_reference
M,2015,144,2015_1211_1417,1,0.6493218392133713,men_reference
M,2015,136,2015_1214_1246,0,0.1021454893052578,men_reference
M,2015,134,2015_1214_1264,1,0.4667952060699463,men_reference
M,2015,136,2015_1217_1314,0,0.37109413743019104,men_reference
M,2015,137,2015_1231_1455,0,0.6114287078380585,men_reference
M,2015,136,2015_1235_1412,0,0.8808446750044823,men_reference
M,2015,137,2015_1242_1308,1,0.57475745677948,men_reference
M,2015,139,2015_1242_1455,0,0.3859719783067703,men_reference
M,2015,145,2015_1246_1323,1,0.7153044939041138,men_reference
M,2015,143,2015_1246_1452,1,0.6757815331220627,men_reference
M,2015,152,2015_1246_1458,0,0.7482783049345016,men_reference
M,2015,136,2015_1248_1437,0,0.4032100439071655,men_reference
M,2015,146,2015_1257_1277,0,0.7074419260025024,men_reference
M,2015,144,2015_1257_1301,1,0.8423862606287003,men_reference
M,2015,139,2015_1257_1320,1,0.6067315936088562,men_reference
M,2015,137,2015_1257_1414,1,0.8416954204440117,men_reference
M,2015,136,2015_1261_1301,0,0.6021614670753479,men_reference
M,2015,137,2015_1268_1434,1,0.4287751168012619,men_reference
M,2015,139,2015_1268_1452,0,0.4224051833152771,men_reference
M,2015,144,2015_1277_1328,1,0.5171440690755844,men_reference
M,2015,139,2015_1277_1438,1,0.2909822314977646,men_reference
M,2015,136,2015_1279_1462,0,0.501775935292244,men_reference
M,2015,138,2015_1301_1437,1,0.21429050713777542,men_reference
M,2015,143,2015_1314_1458,0,0.33654582500457764,men_reference
M,2015,135,2015_1316_1352,0,0.49746760725975037,men_reference
M,2015,136,2015_1318_1323,0,0.26696377992630005,men_reference
M,2015,137,2015_1320_1461,1,0.7881722077727318,men_reference
M,2015,143,2015_1323_1455,1,0.7157528400421143,men_reference
M,2015,136,2015_1326_1433,1,0.3967917412519455,men_reference
M,2015,137,2015_1329_1332,0,0.5183868855237961,men_reference
M,2015,139,2015_1332_1458,0,0.2157776653766632,men_reference
M,2015,137,2015_1361_1385,1,0.5784478038549423,men_reference
M,2015,136,2015_1372_1428,0,0.33168981969356537,men_reference
M,2015,136,2015_1374_1417,0,0.7422967255115509,men_reference
M,2015,138,2015_1412_1417,0,0.40230193734169006,men_reference
M,2016,136,2016_1112_1455,0,0.718194991350174,men_reference
M,2016,138,2016_1114_1235,0,0.2271815910935402,men_reference
M,2016,136,2016_1114_1345,1,0.12235113978385925,men_reference
M,2016,136,2016_1122_1242,0,0.15639186650514603,men_reference
M,2016,136,2016_1124_1463,0,0.8056191653013229,men_reference
M,2016,136,2016_1138_1274,0,0.22873695939779282,men_reference
M,2016,136,2016_1139_1403,1,0.6582970470190048,men_reference
M,2016,138,2016_1139_1438,0,0.2562067210674286,men_reference
M,2016,137,2016_1143_1218,0,0.6992785036563873,men_reference
M,2016,136,2016_1151_1231,0,0.15340209752321243,men_reference
M,2016,137,2016_1153_1386,0,0.5891321152448654,men_reference
M,2016,136,2016_1160_1163,0,0.19703318923711777,men_reference
M,2016,138,2016_1163_1242,0,0.4062917232513428,men_reference
M,2016,137,2016_1167_1328,0,0.13007624819874763,men_reference
M,2016,137,2016_1173_1393,0,0.3743899315595627,men_reference
M,2016,143,2016_1181_1332,0,0.6997910439968109,men_reference
M,2016,136,2016_1181_1423,1,0.8454179540276527,men_reference
M,2016,138,2016_1181_1463,1,0.8178712427616119,men_reference
M,2016,134,2016_1192_1195,0,0.3676985502243042,men_reference
M,2016,136,2016_1195_1314,0,0.10255615413188934,men_reference
M,2016,136,2016_1201_1428,0,0.2543320506811142,men_reference
M,2016,136,2016_1211_1371,1,0.6906930804252625,men_reference
M,2016,144,2016_1211_1393,0,0.610541582107544,men_reference
M,2016,138,2016_1211_1428,1,0.6580796390771866,men_reference
M,2016,136,2016_1214_1438,0,0.12682660296559334,men_reference
M,2016,139,2016_1218_1268,0,0.1446003094315529,men_reference
M,2016,137,2016_1221_1332,0,0.1574908345937729,men_reference
M,2016,135,2016_1221_1380,1,0.5149121880531311,men_reference
M,2016,138,2016_1231_1246,1,0.3046032041311264,men_reference
M,2016,144,2016_1231_1314,0,0.22035304456949234,men_reference
M,2016,136,2016_1233_1235,0,0.1535714492201805,men_reference
M,2016,137,2016_1234_1396,1,0.6670402735471725,men_reference
M,2016,139,2016_1234_1437,0,0.3765815794467926,men_reference
M,2016,144,2016_1235_1438,0,0.31308433413505554,men_reference
M,2016,143,2016_1242_1268,1,0.6507640331983566,men_reference
M,2016,145,2016_1242_1437,0,0.6217691004276276,men_reference
M,2016,136,2016_1246_1392,1,0.8248443603515625,men_reference
M,2016,137,2016_1268_1355,1,0.8007070198655128,men_reference
M,2016,143,2016_1274_1437,0,0.4756503403186798,men_reference
M,2016,138,2016_1274_1455,1,0.6705450266599655,men_reference
M,2016,137,2016_1276_1323,0,0.496730774641037,men_reference
M,2016,135,2016_1276_1409,1,0.7427119314670563,men_reference
M,2016,137,2016_1277_1292,0,0.905000351369381,men_reference
M,2016,139,2016_1292_1393,0,0.21182625740766525,men_reference
M,2016,146,2016_1314_1323,1,0.7264060378074646,men_reference
M,2016,138,2016_1314_1344,1,0.8926314972341061,men_reference
M,2016,152,2016_1314_1393,1,0.7206763178110123,men_reference
M,2016,154,2016_1314_1437,0,0.6729298084974289,men_reference
M,2016,137,2016_1320_1400,1,0.4260503947734833,men_reference
M,2016,139,2016_1320_1401,0,0.25267864763736725,men_reference
M,2016,139,2016_1323_1372,1,0.7831755578517914,men_reference
M,2016,144,2016_1323_1458,1,0.5888227373361588,men_reference
M,2016,145,2016_1328_1332,1,0.4830215573310852,men_reference
M,2016,143,2016_1328_1401,1,0.6201495975255966,men_reference
M,2016,139,2016_1328_1433,1,0.6138323992490768,men_reference
M,2016,152,2016_1328_1437,0,0.3970978260040283,men_reference
M,2016,139,2016_1332_1386,1,0.5965664982795715,men_reference
M,2016,137,2016_1333_1433,0,0.2357148975133896,men_reference
M,2016,137,2016_1338_1458,0,0.57437963783741,men_reference
M,2016,136,2016_1344_1425,1,0.4791179299354553,men_reference
M,2016,137,2016_1372_1452,1,0.20957013964653015,men_reference
M,2016,146,2016_1393_1438,1,0.33615416288375854,men_reference
M,2016,137,2016_1401_1453,1,0.8865660801529884,men_reference
M,2016,137,2016_1421_1437,0,0.16445289552211761,men_reference
M,2016,134,2016_1435_1455,0,0.5000445544719696,men_reference
M,2016,137,2016_1451_1462,0,0.14724814891815186,men_reference
M,2016,139,2016_1458_1462,1,0.42471079528331757,men_reference
M,2017,136,2017_1112_1315,1,0.8485489338636398,men_reference
M,2017,138,2017_1112_1388,1,0.5348881930112839,men_reference
M,2017,143,2017_1112_1462,0,0.71422378718853,men_reference
M,2017,139,2017_1116_1314,0,0.11200569197535515,men_reference
M,2017,137,2017_1116_1371,1,0.5864292234182358,men_reference
M,2017,137,2017_1124_1308,1,0.8754024244844913,men_reference
M,2017,144,2017_1124_1376,0,0.7546762228012085,men_reference
M,2017,139,2017_1124_1425,1,0.8059574663639069,men_reference
M,2017,136,2017_1137_1452,0,0.13912664353847504,men_reference
M,2017,138,2017_1139_1292,1,0.4819881319999695,men_reference
M,2017,144,2017_1139_1314,0,0.18014584481716156,men_reference
M,2017,136,2017_1139_1457,1,0.8526738956570625,men_reference
M,2017,137,2017_1153_1243,1,0.6918933987617493,men_reference
M,2017,139,2017_1153_1417,0,0.4787384122610092,men_reference
M,2017,137,2017_1166_1348,0,0.692383885383606,men_reference
M,2017,137,2017_1173_1455,0,0.24592739343643188,men_reference
M,2017,139,2017_1181_1376,0,0.8034740760922432,men_reference
M,2017,137,2017_1181_1407,1,0.8945806547999382,men_reference
M,2017,136,2017_1190_1196,0,0.18335102498531342,men_reference
M,2017,136,2017_1195_1199,0,0.14864802360534668,men_reference
M,2017,146,2017_1196_1376,0,0.6894847899675369,men_reference
M,2017,138,2017_1196_1438,1,0.24215038120746613,men_reference
M,2017,144,2017_1196_1458,1,0.34168194234371185,men_reference
M,2017,138,2017_1199_1462,0,0.7049995362758636,men_reference
M,2017,154,2017_1211_1314,0,0.3966754972934723,men_reference
M,2017,138,2017_1211_1321,1,0.7778265252709389,men_reference
M,2017,136,2017_1211_1355,1,0.9120596647262573,men_reference
M,2017,152,2017_1211_1376,1,0.812824621796608,men_reference
M,2017,143,2017_1211_1452,1,0.6063829660415649,men_reference
M,2017,145,2017_1211_1462,1,0.8263358548283577,men_reference
M,2017,137,2017_1233_1332,0,0.1325119435787201,men_reference
M,2017,136,2017_1235_1305,1,0.7382795661687851,men_reference
M,2017,138,2017_1235_1345,0,0.49147188663482666,men_reference
M,2017,137,2017_1240_1257,0,0.11859951168298721,men_reference
M,2017,139,2017_1242_1277,1,0.7574993371963501,men_reference
M,2017,145,2017_1242_1332,0,0.6552195847034454,men_reference
M,2017,143,2017_1242_1345,1,0.7070405781269073,men_reference
M,2017,137,2017_1242_1413,1,0.8993315286934376,men_reference
M,2017,134,2017_1243_1448,1,0.6519932001829147,men_reference
M,2017,137,2017_1245_1417,0,0.15386124700307846,men_reference
M,2017,137,2017_1246_1297,1,0.9057604521512985,men_reference
M,2017,146,2017_1246_1314,0,0.4263434410095215,men_reference
M,2017,144,2017_1246_1417,1,0.6529355347156525,men_reference
M,2017,139,2017_1246_1455,1,0.6650017946958542,men_reference
M,2017,139,2017_1257_1276,0,0.6798657178878784,men_reference
M,2017,137,2017_1266_1376,0,0.36937008798122406,men_reference
M,2017,136,2017_1268_1462,0,0.662300318479538,men_reference
M,2017,137,2017_1274_1277,0,0.6878403127193451,men_reference
M,2017,137,2017_1276_1329,1,0.7314906269311905,men_reference
M,2017,143,2017_1276_1332,0,0.5985322445631027,men_reference
M,2017,136,2017_1278_1292,0,0.3319437801837921,men_reference
M,2017,134,2017_1291_1309,1,0.467627614736557,men_reference
M,2017,136,2017_1291_1437,0,0.10504469648003578,men_reference
M,2017,135,2017_1300_1413,0,0.6475449800491333,men_reference
M,2017,152,2017_1314_1332,1,0.7197923511266708,men_reference
M,2017,137,2017_1314_1411,1,0.8975496850907803,men_reference
M,2017,136,2017_1321_1435,1,0.620570033788681,men_reference
M,2017,136,2017_1323_1343,1,0.7003799974918365,men_reference
M,2017,138,2017_1323_1452,0,0.22631628066301346,men_reference
M,2017,139,2017_1332_1348,1,0.7166342437267303,men_reference
M,2017,135,2017_1344_1425,0,0.33266858756542206,men_reference
M,2017,136,2017_1345_1436,1,0.6933602541685104,men_reference
M,2017,137,2017_1374_1425,0,0.7985149398446083,men_reference
M,2017,136,2017_1388_1433,1,0.6946399211883545,men_reference
M,2017,136,2017_1423_1438,0,0.216640405356884,men_reference
M,2017,138,2017_1437_1458,0,0.6507409811019897,men_reference
M,2017,136,2017_1439_1458,0,0.23945927619934082,men_reference
M,2018,138,2018_1104_1437,0,0.12445994466543198,men_reference
M,2018,136,2018_1104_1439,1,0.4738036245107651,men_reference
M,2018,136,2018_1112_1138,0,0.865946963429451,men_reference
M,2018,135,2018_1113_1393,0,0.26088152825832367,men_reference
M,2018,137,2018_1116_1139,0,0.7466491535305977,men_reference
M,2018,139,2018_1120_1155,0,0.5500284135341644,men_reference
M,2018,137,2018_1120_1158,1,0.7916124761104584,men_reference
M,2018,137,2018_1137_1277,0,0.1531035080552101,men_reference
M,2018,138,2018_1138_1246,0,0.12847968935966492,men_reference
M,2018,139,2018_1139_1345,0,0.16395076364278793,men_reference
M,2018,137,2018_1153_1209,1,0.8667659386992455,men_reference
M,2018,139,2018_1153_1305,0,0.8053981587290764,men_reference
M,2018,144,2018_1155_1242,0,0.19917812198400497,men_reference
M,2018,137,2018_1155_1308,1,0.6171916872262955,men_reference
M,2018,137,2018_1166_1243,0,0.554044783115387,men_reference
M,2018,137,2018_1168_1345,0,0.11656299978494644,men_reference
M,2018,136,2018_1172_1246,0,0.23990745097398758,men_reference
M,2018,136,2018_1181_1233,1,0.9181890487670898,men_reference
M,2018,146,2018_1181_1242,0,0.5935774743556976,men_reference
M,2018,138,2018_1181_1348,1,0.8990453295409679,men_reference
M,2018,144,2018_1181_1393,1,0.8535756841301918,men_reference
M,2018,136,2018_1196_1382,1,0.6127223670482635,men_reference
M,2018,138,2018_1196_1403,0,0.4304945021867752,men_reference
M,2018,143,2018_1199_1211,1,0.26682092249393463,men_reference
M,2018,145,2018_1199_1276,0,0.39311830699443817,men_reference
M,2018,137,2018_1199_1281,1,0.7322379350662231,men_reference
M,2018,139,2018_1199_1462,1,0.5287226289510727,men_reference
M,2018,138,2018_1211_1326,1,0.8128386810421944,men_reference
M,2018,136,2018_1211_1422,1,0.8643746227025986,men_reference
M,2018,138,2018_1222_1276,0,0.3156898468732834,men_reference
M,2018,136,2018_1222_1361,1,0.6446572989225388,men_reference
M,2018,136,2018_1242_1335,1,0.9033898487687111,men_reference
M,2018,138,2018_1242_1371,1,0.7655601650476456,men_reference
M,2018,152,2018_1242_1437,0,0.3044964373111725,men_reference
M,2018,143,2018_1243_1246,1,0.24298744648694992,men_reference
M,2018,145,2018_1243_1260,0,0.658470630645752,men_reference
M,2018,139,2018_1243_1420,1,0.8268788829445839,men_reference
M,2018,137,2018_1252_1314,0,0.0933440662920475,men_reference
M,2018,134,2018_1254_1347,0,0.5000887960195541,men_reference
M,2018,136,2018_1260_1274,1,0.2697981148958206,men_reference
M,2018,152,2018_1260_1276,0,0.19263172149658203,men_reference
M,2018,143,2018_1260_1305,1,0.27302537858486176,men_reference
M,2018,138,2018_1260_1397,1,0.32739342749118805,men_reference
M,2018,139,2018_1267_1452,0,0.1262872815132141,men_reference
M,2018,137,2018_1267_1455,1,0.14292003959417343,men_reference
M,2018,136,2018_1276_1285,1,0.8342883735895157,men_reference
M,2018,143,2018_1276_1401,1,0.6865068525075912,men_reference
M,2018,154,2018_1276_1437,0,0.2042059227824211,men_reference
M,2018,139,2018_1277_1393,0,0.6439905911684036,men_reference
M,2018,137,2018_1293_1452,0,0.2297060415148735,men_reference
M,2018,135,2018_1300_1411,0,0.6470946073532104,men_reference
M,2018,136,2018_1301_1371,0,0.5012848824262619,men_reference
M,2018,137,2018_1305_1400,1,0.6471970677375793,men_reference
M,2018,139,2018_1314_1401,0,0.7565107718110085,men_reference
M,2018,136,2018_1326_1355,1,0.7312167584896088,men_reference
M,2018,136,2018_1328_1348,0,0.32651767134666443,men_reference
M,2018,137,2018_1344_1401,0,0.21169469505548477,men_reference
M,2018,144,2018_1345_1403,0,0.7681255117058754,men_reference
M,2018,136,2018_1347_1437,0,0.08226018771529198,men_reference
M,2018,136,2018_1372_1403,0,0.13756247609853745,men_reference
M,2018,134,2018_1382_1417,1,0.5957470089197159,men_reference
M,2018,137,2018_1393_1395,1,0.6653871685266495,men_reference
M,2018,136,2018_1397_1460,1,0.8329044803977013,men_reference
M,2018,146,2018_1403_1437,0,0.23853860795497894,men_reference
M,2018,137,2018_1411_1462,0,0.13855382055044174,men_reference
M,2018,137,2018_1420_1438,1,0.08003633469343185,men_reference
M,2018,144,2018_1437_1452,1,0.5390841513872147,men_reference
M,2019,136,2019_1101_1246,0,0.11145187169313431,men_reference
M,2019,137,2019_1113_1138,0,0.3439610004425049,men_reference
M,2019,135,2019_1113_1385,1,0.6261009126901627,men_reference
M,2019,138,2019_1120_1242,1,0.4607527256011963,men_reference
M,2019,146,2019_1120_1246,1,0.40677444636821747,men_reference
M,2019,136,2019_1120_1308,1,0.6965940296649933,men_reference
M,2019,144,2019_1120_1314,1,0.36475539207458496,men_reference
M,2019,152,2019_1120_1438,0,0.17147240042686462,men_reference
M,2019,138,2019_1124_1211,0,0.1401052102446556,men_reference
M,2019,136,2019_1124_1393,1,0.35072799026966095,men_reference
M,2019,136,2019_1125_1268,0,0.3166992962360382,men_reference
M,2019,134,2019_1125_1396,1,0.3314181715250015,men_reference
M,2019,136,2019_1133_1277,0,0.10777098312973976,men_reference
M,2019,139,2019_1138_1403,0,0.41905365884304047,men_reference
M,2019,137,2019_1153_1234,0,0.753959447145462,men_reference
M,2019,137,2019_1159_1397,0,0.11730116978287697,men_reference
M,2019,146,2019_1181_1277,0,0.7759387418627739,men_reference
M,2019,137,2019_1181_1295,1,0.9176061898469925,men_reference
M,2019,139,2019_1181_1416,1,0.8935925886034966,men_reference
M,2019,144,2019_1181_1439,1,0.8793920651078224,men_reference
M,2019,136,2019_1192_1211,0,0.10801408812403679,men_reference
M,2019,134,2019_1192_1341,1,0.4104108214378357,men_reference
M,2019,138,2019_1196_1276,0,0.23903483152389526,men_reference
M,2019,136,2019_1196_1305,1,0.44823122024536133,men_reference
M,2019,143,2019_1199_1211,0,0.35946711897850037,men_reference
M,2019,138,2019_1199_1293,1,0.8102256655693054,men_reference
M,2019,136,2019_1199_1436,1,0.8299520239233971,men_reference
M,2019,137,2019_1205_1438,0,0.08436740189790726,men_reference
M,2019,137,2019_1209_1222,0,0.11392546072602272,men_reference
M,2019,145,2019_1211_1403,0,0.8295910879969597,men_reference
M,2019,144,2019_1222_1246,0,0.5380108803510666,men_reference
M,2019,139,2019_1222_1326,1,0.7044019401073456,men_reference
M,2019,137,2019_1233_1314,0,0.08951963856816292,men_reference
M,2019,139,2019_1234_1397,0,0.29194456338882446,men_reference
M,2019,137,2019_1235_1326,0,0.6917989701032639,men_reference
M,2019,136,2019_1242_1318,1,0.8873786479234695,men_reference
M,2019,137,2019_1243_1414,0,0.7551072537899017,men_reference
M,2019,138,2019_1246_1459,1,0.729055866599083,men_reference
M,2019,137,2019_1251_1280,1,0.24083249270915985,men_reference
M,2019,139,2019_1251_1439,0,0.15275582671165466,men_reference
M,2019,136,2019_1257_1278,0,0.7895901128649712,men_reference
M,2019,138,2019_1261_1268,1,0.5004157721996307,men_reference
M,2019,144,2019_1261_1277,0,0.10698598623275757,men_reference
M,2019,136,2019_1261_1463,1,0.7509491890668869,men_reference
M,2019,136,2019_1266_1293,0,0.6259645968675613,men_reference
M,2019,136,2019_1276_1285,1,0.9068362936377525,men_reference
M,2019,143,2019_1276_1403,0,0.6582037657499313,men_reference
M,2019,138,2019_1277_1278,1,0.8671799078583717,men_reference
M,2019,152,2019_1277_1403,0,0.7349838614463806,men_reference
M,2019,137,2019_1279_1328,0,0.44521233439445496,men_reference
M,2019,135,2019_1295_1300,1,0.6846692711114883,men_reference
M,2019,137,2019_1297_1403,0,0.13721176981925964,men_reference
M,2019,139,2019_1314_1449,1,0.8542978018522263,men_reference
M,2019,139,2019_1328_1438,0,0.16637594997882843,men_reference
M,2019,136,2019_1330_1345,0,0.27127793431282043,men_reference
M,2019,139,2019_1332_1414,1,0.7875900119543076,men_reference
M,2019,143,2019_1332_1438,0,0.3064035028219223,men_reference
M,2019,137,2019_1332_1458,1,0.5266051888465881,men_reference
M,2019,143,2019_1345_1397,1,0.41174668073654175,men_reference
M,2019,138,2019_1345_1437,1,0.405394971370697,men_reference
M,2019,145,2019_1345_1438,0,0.17353616654872894,men_reference
M,2019,136,2019_1371_1459,0,0.34212616086006165,men_reference
M,2019,137,2019_1387_1439,0,0.24899566918611526,men_reference
M,2019,136,2019_1388_1437,0,0.28111526370048523,men_reference
M,2019,154,2019_1403_1438,0,0.24722829461097717,men_reference
M,2019,137,2019_1416_1433,1,0.4414604604244232,men_reference
M,2019,137,2019_1429_1449,0,0.5989775210618973,men_reference
M,2021,138,2021_1101_1400,1,0.5331520438194275,men_reference
M,2021,140,2021_1101_1417,0,0.5632350444793701,men_reference
M,2021,138,2021_1104_1233,1,0.848624512553215,men_reference
M,2021,140,2021_1104_1268,1,0.7141950130462646,men_reference
M,2021,146,2021_1104_1417,0,0.7458319365978241,men_reference
M,2021,136,2021_1111_1313,0,0.453898549079895,men_reference
M,2021,147,2021_1116_1124,0,0.21118246018886566,men_reference
M,2021,137,2021_1116_1159,1,0.6232910454273224,men_reference
M,2021,145,2021_1116_1331,1,0.8470055013895035,men_reference
M,2021,139,2021_1116_1403,1,0.49094417691230774,men_reference
M,2021,154,2021_1124_1211,1,0.31005071103572845,men_reference
M,2021,137,2021_1124_1216,1,0.8968431614339352,men_reference
M,2021,152,2021_1124_1222,1,0.6055895388126373,men_reference
M,2021,145,2021_1124_1437,1,0.8446915149688721,men_reference
M,2021,139,2021_1124_1458,1,0.8386071249842644,men_reference
M,2021,138,2021_1140_1417,0,0.5734670013189316,men_reference
M,2021,137,2021_1155_1353,0,0.5340398848056793,men_reference
M,2021,137,2021_1156_1222,0,0.09201740846037865,men_reference
M,2021,140,2021_1160_1199,0,0.5757504105567932,men_reference
M,2021,138,2021_1160_1207,1,0.8404156565666199,men_reference
M,2021,138,2021_1163_1268,0,0.4709804058074951,men_reference
M,2021,146,2021_1166_1211,0,0.18507228046655655,men_reference
M,2021,140,2021_1166_1325,1,0.716788038611412,men_reference
M,2021,138,2021_1166_1364,1,0.5906191319227219,men_reference
M,2021,138,2021_1179_1425,0,0.32962965965270996,men_reference
M,2021,136,2021_1179_1455,1,0.7899200990796089,men_reference
M,2021,137,2021_1180_1228,0,0.15543761104345322,men_reference
M,2021,138,2021_1186_1242,0,0.1431288719177246,men_reference
M,2021,139,2021_1196_1331,0,0.8376145884394646,men_reference
M,2021,137,2021_1196_1439,1,0.5273431688547134,men_reference
M,2021,146,2021_1199_1276,0,0.2674423158168793,men_reference
M,2021,138,2021_1199_1422,1,0.719427764415741,men_reference
M,2021,137,2021_1210_1260,0,0.1496027186512947,men_reference
M,2021,138,2021_1211_1313,1,0.9014264903962612,men_reference
M,2021,140,2021_1211_1328,1,0.8632060587406158,men_reference
M,2021,152,2021_1211_1417,1,0.8309852778911591,men_reference
M,2021,148,2021_1211_1425,1,0.7786089703440666,men_reference
M,2021,138,2021_1213_1234,0,0.18883732706308365,men_reference
M,2021,147,2021_1222_1333,1,0.847075380384922,men_reference
M,2021,139,2021_1222_1353,1,0.7292040586471558,men_reference
M,2021,145,2021_1222_1393,1,0.795598566532135,men_reference
M,2021,139,2021_1228_1260,0,0.555262103676796,men_reference
M,2021,140,2021_1234_1332,0,0.6252204030752182,men_reference
M,2021,140,2021_1242_1425,0,0.5331341326236725,men_reference
M,2021,137,2021_1251_1329,0,0.3217374235391617,men_reference
M,2021,145,2021_1260_1333,0,0.8644082024693489,men_reference
M,2021,140,2021_1261_1276,0,0.3127106577157974,men_reference
M,2021,138,2021_1261_1382,1,0.5585728138685226,men_reference
M,2021,138,2021_1276_1411,1,0.8785392045974731,men_reference
M,2021,148,2021_1276_1417,0,0.7238360047340393,men_reference
M,2021,136,2021_1277_1417,0,0.5305814743041992,men_reference
M,2021,138,2021_1281_1328,0,0.4676666706800461,men_reference
M,2021,137,2021_1287_1452,0,0.18968769907951355,men_reference
M,2021,136,2021_1291_1411,0,0.648096352815628,men_reference
M,2021,137,2021_1314_1458,0,0.5146446228027344,men_reference
M,2021,137,2021_1317_1345,1,0.49325358867645264,men_reference
M,2021,139,2021_1317_1437,0,0.3894829601049423,men_reference
M,2021,138,2021_1325_1438,1,0.14463894814252853,men_reference
M,2021,137,2021_1326_1331,0,0.880122534930706,men_reference
M,2021,139,2021_1329_1333,0,0.8014206066727638,men_reference
M,2021,146,2021_1332_1425,0,0.36639881134033203,men_reference
M,2021,137,2021_1333_1397,1,0.20694708079099655,men_reference
M,2021,137,2021_1361_1393,0,0.7247728407382965,men_reference
M,2021,139,2021_1393_1452,1,0.34418852627277374,men_reference
M,2021,137,2021_1403_1429,1,0.6226563155651093,men_reference
M,2021,137,2021_1437_1457,1,0.6224038302898407,men_reference
M,2014,136,2014_1107_1196,0,0.25444240868091583,men_massey
M,2014,134,2014_1107_1291,1,0.7165305465459824,men_massey
M,2014,136,2014_1110_1458,0,0.34090548753738403,men_massey
M,2014,139,2014_1112_1211,1,0.6989975273609161,men_massey
M,2014,143,2014_1112_1361,1,0.6754287928342819,men_massey
M,2014,137,2014_1112_1451,1,0.7959048599004745,men_massey
M,2014,145,2014_1112_1458,0,0.618750587105751,men_massey
M,2014,136,2014_1113_1400,0,0.687913715839386,men_massey
M,2014,139,2014_1124_1166,1,0.23165913671255112,men_massey
M,2014,137,2014_1124_1304,1,0.5544665157794952,men_massey
M,2014,143,2014_1124_1458,0,0.26520808041095734,men_massey
M,2014,136,2014_1140_1332,0,0.39191001653671265,men_massey
M,2014,135,2014_1142_1411,1,0.6798059344291687,men_massey
M,2014,137,2014_1142_1455,0,0.23115142434835434,men_massey
M,2014,136,2014_1153_1217,0,0.5122129023075104,men_massey
M,2014,137,2014_1157_1438,0,0.2078525722026825,men_massey
M,2014,136,2014_1160_1338,0,0.25069308280944824,men_massey
M,2014,152,2014_1163_1196,1,0.33300068974494934,men_massey
M,2014,144,2014_1163_1235,1,0.40723834931850433,men_massey
M,2014,154,2014_1163_1246,1,0.34427934885025024,men_massey
M,2014,146,2014_1163_1277,1,0.23705103993415833,men_massey
M,2014,136,2014_1163_1386,1,0.4639759659767151,men_massey
M,2014,138,2014_1163_1437,1,0.2889200448989868,men_massey
M,2014,137,2014_1166_1418,1,0.7613048627972603,men_massey
M,2014,145,2014_1173_1196,0,0.3706527501344681,men_massey
M,2014,136,2014_1173_1326,1,0.34837549924850464,men_massey
M,2014,143,2014_1173_1390,1,0.646746039390564,men_massey
M,2014,138,2014_1173_1393,1,0.3756728172302246,men_massey
M,2014,136,2014_1174_1277,0,0.2269969955086708,men_massey
M,2014,137,2014_1181_1273,0,0.6528557687997818,men_massey
M,2014,137,2014_1184_1242,0,0.3962072879076004,men_massey
M,2014,138,2014_1196_1338,1,0.4118504226207733,men_massey
M,2014,143,2014_1196_1417,1,0.41778166592121124,men_massey
M,2014,137,2014_1203_1272,0,0.5217425525188446,men_massey
M,2014,137,2014_1211_1329,1,0.2698390930891037,men_massey
M,2014,138,2014_1217_1277,0,0.30621665716171265,men_massey
M,2014,135,2014_1234_1397,0,0.7685506567358971,men_massey
M,2014,137,2014_1235_1300,1,0.44496750831604004,men_massey
M,2014,139,2014_1235_1314,1,0.4415353834629059,men_massey
M,2014,139,2014_1242_1390,0,0.513005256652832,men_massey
M,2014,137,2014_1243_1246,0,0.3996431827545166,men_massey
M,2014,144,2014_1246_1257,1,0.3629581183195114,men_massey
M,2014,146,2014_1246_1276,1,0.3979894369840622,men_massey
M,2014,139,2014_1246_1455,1,0.5086133629083633,men_massey
M,2014,152,2014_1246_1458,1,0.4031437337398529,men_massey
M,2014,136,2014_1257_1264,1,0.8454253599047661,men_massey
M,2014,138,2014_1257_1387,1,0.7405950576066971,men_massey
M,2014,137,2014_1269_1397,0,0.7657191380858421,men_massey
M,2014,139,2014_1272_1438,0,0.46897341310977936,men_massey
M,2014,139,2014_1273_1397,0,0.4672538638114929,men_massey
M,2014,144,2014_1276_1397,1,0.6441464573144913,men_massey
M,2014,138,2014_1276_1400,1,0.7080893516540527,men_massey
M,2014,136,2014_1276_1459,1,0.766145296394825,men_massey
M,2014,144,2014_1277_1438,1,0.5031532943248749,men_massey
M,2014,136,2014_1295_1328,1,0.4013293981552124,men_massey
M,2014,138,2014_1295_1361,0,0.2697231322526932,men_massey
M,2014,136,2014_1301_1387,0,0.44613777101039886,men_massey
M,2014,134,2014_1301_1462,1,0.3567860573530197,men_massey
M,2014,137,2014_1307_1390,0,0.5041235685348511,men_massey
M,2014,136,2014_1308_1361,0,0.17979047447443008,men_massey
M,2014,137,2014_1314_1344,1,0.6362459361553192,men_massey
M,2014,138,2014_1332_1458,0,0.43957871198654175,men_massey
M,2014,139,2014_1372_1417,0,0.268911212682724,men_massey
M,2014,137,2014_1372_1433,1,0.3178907185792923,men_massey
M,2014,136,2014_1393_1444,1,0.6668276637792587,men_massey
M,2014,137,2014_1409_1417,0,0.3011968731880188,men_massey
M,2014,136,2014_1437_1454,1,0.760045051574707,men_massey
M,2015,137,2015_1107_1328,0,0.24760638177394867,men_massey
M,2015,138,2015_1112_1326,1,0.7558426111936569,men_massey
M,2015,136,2015_1112_1411,1,0.9099822081625462,men_massey
M,2015,145,2015_1112_1458,0,0.5171124488115311,men_massey
M,2015,143,2015_1112_1462,1,0.7684219628572464,men_massey
M,2015,138,2015_1116_1314,0,0.1391616314649582,men_massey
M,2015,136,2015_1116_1459,1,0.6316042393445969,men_massey
M,2015,136,2015_1124_1209,0,0.69328173995018,men_massey
M,2015,137,2015_1125_1438,0,0.08567049354314804,men_massey
M,2015,135,2015_1129_1173,0,0.4849884957075119,men_massey
M,2015,137,2015_1138_1452,0,0.3651612102985382,men_massey
M,2015,138,2015_1139_1323,0,0.25725311785936356,men_massey
M,2015,136,2015_1139_1400,1,0.4115367531776428,men_massey
M,2015,134,2015_1140_1279,0,0.442383348941803,men_massey
M,2015,138,2015_1153_1246,0,0.3531753867864609,men_massey
M,2015,136,2015_1153_1345,1,0.7498312890529633,men_massey
M,2015,137,2015_1157_1458,0,0.17781943827867508,men_massey
M,2015,137,2015_1172_1234,0,0.6198441386222839,men_massey
M,2015,139,2015_1173_1328,0,0.3480660021305084,men_massey
M,2015,137,2015_1173_1344,1,0.5012505948543549,men_massey
M,2015,146,2015_1181_1211,1,0.7078790366649628,men_massey
M,2015,152,2015_1181_1277,1,0.7276682704687119,men_massey
M,2015,137,2015_1181_1352,1,0.9003662392497063,men_massey
M,2015,139,2015_1181_1361,1,0.712051048874855,men_massey
M,2015,144,2015_1181_1428,1,0.6850071996450424,men_massey
M,2015,154,2015_1181_1458,1,0.3920513540506363,men_massey
M,2015,136,2015_1186_1207,0,0.6988276243209839,men_massey
M,2015,138,2015_1207_1428,0,0.2424979954957962,men_massey
M,2015,137,2015_1208_1277,0,0.1838940680027008,men_massey
M,2015,138,2015_1209_1462,0,0.3761022388935089,men_massey
M,2015,139,2015_1211_1234,1,0.6844663023948669,men_massey
M,2015,137,2015_1211_1295,1,0.7833867818117142,men_massey
M,2015,144,2015_1211_1417,1,0.6361322849988937,men_massey
M,2015,136,2015_1214_1246,0,0.09468460083007812,men_massey
M,2015,134,2015_1214_1264,1,0.45960646867752075,men_massey
M,2015,136,2015_1217_1314,0,0.3967929780483246,men_massey
M,2015,137,2015_1231_1455,0,0.5541958808898926,men_massey
M,2015,136,2015_1235_1412,0,0.8738375604152679,men_massey
M,2015,137,2015_1242_1308,1,0.629064530134201,men_massey
M,2015,139,2015_1242_1455,0,0.399810791015625,men_massey
M,2015,145,2015_1246_1323,1,0.6667180806398392,men_massey
M,2015,143,2015_1246_1452,1,0.6400799304246902,men_massey
M,2015,152,2015_1246_1458,0,0.6976042985916138,men_massey
M,2015,136,2015_1248_1437,0,0.3703138530254364,men_massey
M,2015,146,2015_1257_1277,0,0.7008908689022064,men_massey
M,2015,144,2015_1257_1301,1,0.8667990639805794,men_massey
M,2015,139,2015_1257_1320,1,0.6512136459350586,men_massey
M,2015,137,2015_1257_1414,1,0.8486069962382317,men_massey
M,2015,136,2015_1261_1301,0,0.6191113889217377,men_massey
M,2015,137,2015_1268_1434,1,0.4746536612510681,men_massey
M,2015,139,2015_1268_1452,0,0.3914569914340973,men_massey
M,2015,144,2015_1277_1328,1,0.5476611107587814,men_massey
M,2015,139,2015_1277_1438,1,0.26771344244480133,men_massey
M,2015,136,2015_1279_1462,0,0.536225900053978,men_massey
M,2015,138,2015_1301_1437,1,0.22684413939714432,men_massey
M,2015,143,2015_1314_1458,0,0.35154472291469574,men_massey
M,2015,135,2015_1316_1352,0,0.47017577290534973,men_massey
M,2015,136,2015_1318_1323,0,0.2770594358444214,men_massey
M,2015,137,2015_1320_1461,1,0.7886988669633865,men_massey
M,2015,143,2015_1323_1455,1,0.6818161904811859,men_massey
M,2015,136,2015_1326_1433,1,0.40278497338294983,men_massey
M,2015,137,2015_1329_1332,0,0.4448612779378891,men_massey
M,2015,139,2015_1332_1458,0,0.20930427312850952,men_massey
M,2015,137,2015_1361_1385,1,0.536969855427742,men_massey
M,2015,136,2015_1372_1428,0,0.25729992985725403,men_massey
M,2015,136,2015_1374_1417,0,0.71169413626194,men_massey
M,2015,138,2015_1412_1417,0,0.3691357225179672,men_massey
M,2016,136,2016_1112_1455,0,0.7472605928778648,men_massey
M,2016,138,2016_1114_1235,0,0.22416622191667557,men_massey
M,2016,136,2016_1114_1345,1,0.12111248448491096,men_massey
M,2016,136,2016_1122_1242,0,0.14618990570306778,men_massey
M,2016,136,2016_1124_1463,0,0.8234352171421051,men_massey
M,2016,136,2016_1138_1274,0,0.2057761400938034,men_massey
M,2016,136,2016_1139_1403,1,0.6856739073991776,men_massey
M,2016,138,2016_1139_1438,0,0.20326266437768936,men_massey
M,2016,137,2016_1143_1218,0,0.7731951773166656,men_massey
M,2016,136,2016_1151_1231,0,0.13523774594068527,men_massey
M,2016,137,2016_1153_1386,0,0.5551834255456924,men_massey
M,2016,136,2016_1160_1163,0,0.23012998700141907,men_massey
M,2016,138,2016_1163_1242,0,0.3874231278896332,men_massey
M,2016,137,2016_1167_1328,0,0.12679633125662804,men_massey
M,2016,137,2016_1173_1393,0,0.3703809827566147,men_massey
M,2016,143,2016_1181_1332,0,0.6355808824300766,men_massey
M,2016,136,2016_1181_1423,1,0.8535133004188538,men_massey
M,2016,138,2016_1181_1463,1,0.8392412513494492,men_massey
M,2016,134,2016_1192_1195,0,0.3691631555557251,men_massey
M,2016,136,2016_1195_1314,0,0.09418096393346786,men_massey
M,2016,136,2016_1201_1428,0,0.2590239942073822,men_massey
M,2016,136,2016_1211_1371,1,0.6486684530973434,men_massey
M,2016,144,2016_1211_1393,0,0.5772968381643295,men_massey
M,2016,138,2016_1211_1428,1,0.537833034992218,men_massey
M,2016,136,2016_1214_1438,0,0.10899678617715836,men_massey
M,2016,139,2016_1218_1268,0,0.1443209871649742,men_massey
M,2016,137,2016_1221_1332,0,0.11001598089933395,men_massey
M,2016,135,2016_1221_1380,1,0.5742723494768143,men_massey
M,2016,138,2016_1231_1246,1,0.49899759888648987,men_massey
M,2016,144,2016_1231_1314,0,0.21805332601070404,men_massey
M,2016,136,2016_1233_1235,0,0.15343542397022247,men_massey
M,2016,137,2016_1234_1396,1,0.6972125768661499,men_massey
M,2016,139,2016_1234_1437,0,0.2919480502605438,men_massey
M,2016,144,2016_1235_1438,0,0.2821267992258072,men_massey
M,2016,143,2016_1242_1268,1,0.6894031465053558,men_massey
M,2016,145,2016_1242_1437,0,0.5117655694484711,men_massey
M,2016,136,2016_1246_1392,1,0.8553585559129715,men_massey
M,2016,137,2016_1268_1355,1,0.7985399514436722,men_massey
M,2016,143,2016_1274_1437,0,0.5147785842418671,men_massey
M,2016,138,2016_1274_1455,1,0.7055676728487015,men_massey
M,2016,137,2016_1276_1323,0,0.333227276802063,men_massey
M,2016,135,2016_1276_1409,1,0.6349941939115524,men_massey
M,2016,137,2016_1277_1292,0,0.9186682887375355,men_massey
M,2016,139,2016_1292_1393,0,0.16730430722236633,men_massey
M,2016,146,2016_1314_1323,1,0.6976615190505981,men_massey
M,2016,138,2016_1314_1344,1,0.898739967495203,men_massey
M,2016,152,2016_1314_1393,1,0.8232401385903358,men_massey
M,2016,154,2016_1314_1437,0,0.6709642708301544,men_massey
M,2016,137,2016_1320_1400,1,0.3878292888402939,men_massey
M,2016,139,2016_1320_1401,0,0.2060793712735176,men_massey
M,2016,139,2016_1323_1372,1,0.7155681997537613,men_massey
M,2016,144,2016_1323_1458,1,0.6220497786998749,men_massey
M,2016,145,2016_1328_1332,1,0.6228621304035187,men_massey
M,2016,143,2016_1328_1401,1,0.6000205725431442,men_massey
M,2016,139,2016_1328_1433,1,0.6617924869060516,men_massey
M,2016,152,2016_1328_1437,0,0.4651705175638199,men_massey
M,2016,139,2016_1332_1386,1,0.6847546547651291,men_massey
M,2016,137,2016_1333_1433,0,0.23217739164829254,men_massey
M,2016,137,2016_1338_1458,0,0.553134098649025,men_massey
M,2016,136,2016_1344_1425,1,0.3783598244190216,men_massey
M,2016,137,2016_1372_1452,1,0.23569796979427338,men_massey
M,2016,146,2016_1393_1438,1,0.22826269268989563,men_massey
M,2016,137,2016_1401_1453,1,0.8928930051624775,men_massey
M,2016,137,2016_1421_1437,0,0.14581068605184555,men_massey
M,2016,134,2016_1435_1455,0,0.4978628158569336,men_massey
M,2016,137,2016_1451_1462,0,0.1716248318552971,men_massey
M,2016,139,2016_1458_1462,1,0.3802986741065979,men_massey
M,2017,136,2017_1112_1315,1,0.8249068483710289,men_massey
M,2017,138,2017_1112_1388,1,0.48469389975070953,men_massey
M,2017,143,2017_1112_1462,0,0.7242652922868729,men_massey
M,2017,139,2017_1116_1314,0,0.11524789035320282,men_massey
M,2017,137,2017_1116_1371,1,0.636783242225647,men_massey
M,2017,137,2017_1124_1308,1,0.8770507574081421,men_massey
M,2017,144,2017_1124_1376,0,0.6952056288719177,men_massey
M,2017,139,2017_1124_1425,1,0.7999457195401192,men_massey
M,2017,136,2017_1137_1452,0,0.19375410676002502,men_massey
M,2017,138,2017_1139_1292,1,0.47925740480422974,men_massey
M,2017,144,2017_1139_1314,0,0.13111784309148788,men_massey
M,2017,136,2017_1139_1457,1,0.8445111811161041,men_massey
M,2017,137,2017_1153_1243,1,0.7649747654795647,men_massey
M,2017,139,2017_1153_1417,0,0.5444070249795914,men_massey
M,2017,137,2017_1166_1348,0,0.6955262273550034,men_massey
M,2017,137,2017_1173_1455,0,0.31658801436424255,men_massey
M,2017,139,2017_1181_1376,0,0.797280952334404,men_massey
M,2017,137,2017_1181_1407,1,0.8979771435260773,men_massey
M,2017,136,2017_1190_1196,0,0.1354980170726776,men_massey
M,2017,136,2017_1195_1199,0,0.1512862592935562,men_massey
M,2017,146,2017_1196_1376,0,0.6368559002876282,men_massey
M,2017,138,2017_1196_1438,1,0.26940926164388657,men_massey
M,2017,144,2017_1196_1458,1,0.3747560381889343,men_massey
M,2017,138,2017_1199_1462,0,0.8082491159439087,men_massey
M,2017,154,2017_1211_1314,0,0.38476255536079407,men_massey
M,2017,138,2017_1211_1321,1,0.8136578276753426,men_massey
M,2017,136,2017_1211_1355,1,0.9039843268692493,men_massey
M,2017,152,2017_1211_1376,1,0.8069603815674782,men_massey
M,2017,143,2017_1211_1452,1,0.6808936446905136,men_massey
M,2017,145,2017_1211_1462,1,0.873730756342411,men_massey
M,2017,137,2017_1233_1332,0,0.15193865448236465,men_massey
M,2017,136,2017_1235_1305,1,0.7751627713441849,men_massey
M,2017,138,2017_1235_1345,0,0.5242417007684708,men_massey
M,2017,137,2017_1240_1257,0,0.10986767336726189,men_massey
M,2017,139,2017_1242_1277,1,0.6286892741918564,men_massey
M,2017,145,2017_1242_1332,0,0.5758623778820038,men_massey
M,2017,143,2017_1242_1345,1,0.6449473947286606,men_massey
M,2017,137,2017_1242_1413,1,0.8990298882126808,men_massey
M,2017,134,2017_1243_1448,1,0.5365574359893799,men_massey
M,2017,137,2017_1245_1417,0,0.14687170833349228,men_massey
M,2017,137,2017_1246_1297,1,0.9119023308157921,men_massey
M,2017,146,2017_1246_1314,0,0.4185959994792938,men_massey
M,2017,144,2017_1246_1417,1,0.6298429369926453,men_massey
M,2017,139,2017_1246_1455,1,0.7091946005821228,men_massey
M,2017,139,2017_1257_1276,0,0.6586986184120178,men_massey
M,2017,137,2017_1266_1376,0,0.4825890511274338,men_massey
M,2017,136,2017_1268_1462,0,0.6762025207281113,men_massey
M,2017,137,2017_1274_1277,0,0.611984521150589,men_massey
M,2017,137,2017_1276_1329,1,0.7719643786549568,men_massey
M,2017,143,2017_1276_1332,0,0.6488308906555176,men_massey
M,2017,136,2017_1278_1292,0,0.43841780722141266,men_massey
M,2017,134,2017_1291_1309,1,0.6079572439193726,men_massey
M,2017,136,2017_1291_1437,0,0.10259860754013062,men_massey
M,2017,135,2017_1300_1413,0,0.6184598505496979,men_massey
M,2017,152,2017_1314_1332,1,0.7296864092350006,men_massey
M,2017,137,2017_1314_1411,1,0.8927783332765102,men_massey
M,2017,136,2017_1321_1435,1,0.5335821211338043,men_massey
M,2017,136,2017_1323_1343,1,0.7106034010648727,men_massey
M,2017,138,2017_1323_1452,0,0.35968726873397827,men_massey
M,2017,139,2017_1332_1348,1,0.6779245436191559,men_massey
M,2017,135,2017_1344_1425,0,0.40302637219429016,men_massey
M,2017,136,2017_1345_1436,1,0.722509853541851,men_massey
M,2017,137,2017_1374_1425,0,0.81843301653862,men_massey
M,2017,136,2017_1388_1433,1,0.6890181750059128,men_massey
M,2017,136,2017_1423_1438,0,0.16627159714698792,men_massey
M,2017,138,2017_1437_1458,0,0.6807918548583984,men_massey
M,2017,136,2017_1439_1458,0,0.20418820530176163,men_massey
M,2018,138,2018_1104_1437,0,0.10518207401037216,men_massey
M,2018,136,2018_1104_1439,1,0.39704564213752747,men_massey
M,2018,136,2018_1112_1138,0,0.8639107048511505,men_massey
M,2018,135,2018_1113_1393,0,0.25699256360530853,men_massey
M,2018,137,2018_1116_1139,0,0.7954084053635597,men_massey
M,2018,139,2018_1120_1155,0,0.5392183810472488,men_massey
M,2018,137,2018_1120_1158,1,0.7757931351661682,men_massey
M,2018,137,2018_1137_1277,0,0.16288604587316513,men_massey
M,2018,138,2018_1138_1246,0,0.13101152330636978,men_massey
M,2018,139,2018_1139_1345,0,0.15225579589605331,men_massey
M,2018,137,2018_1153_1209,1,0.8631264865398407,men_massey
M,2018,139,2018_1153_1305,0,0.8368159830570221,men_massey
M,2018,144,2018_1155_1242,0,0.2028351128101349,men_massey
M,2018,137,2018_1155_1308,1,0.6286301016807556,men_massey
M,2018,137,2018_1166_1243,0,0.5630558729171753,men_massey
M,2018,137,2018_1168_1345,0,0.10984828695654869,men_massey
M,2018,136,2018_1172_1246,0,0.22329753637313843,men_massey
M,2018,136,2018_1181_1233,1,0.9209345616400242,men_massey
M,2018,146,2018_1181_1242,0,0.5613851398229599,men_massey
M,2018,138,2018_1181_1348,1,0.9038653187453747,men_massey
M,2018,144,2018_1181_1393,1,0.8411035984754562,men_massey
M,2018,136,2018_1196_1382,1,0.6519506126642227,men_massey
M,2018,138,2018_1196_1403,0,0.3834902495145798,men_massey
M,2018,143,2018_1199_1211,1,0.27627699077129364,men_massey
M,2018,145,2018_1199_1276,0,0.3768383264541626,men_massey
M,2018,137,2018_1199_1281,1,0.7032811641693115,men_massey
M,2018,139,2018_1199_1462,1,0.523770809173584,men_massey
M,2018,138,2018_1211_1326,1,0.7941774502396584,men_massey
M,2018,136,2018_1211_1422,1,0.8751155249774456,men_massey
M,2018,138,2018_1222_1276,0,0.3303738534450531,men_massey
M,2018,136,2018_1222_1361,1,0.6806621253490448,men_massey
M,2018,136,2018_1242_1335,1,0.9064388275146484,men_massey
M,2018,138,2018_1242_1371,1,0.758064515888691,men_massey
M,2018,152,2018_1242_1437,0,0.3222110867500305,men_massey
M,2018,143,2018_1243_1246,1,0.20367485284805298,men_massey
M,2018,145,2018_1243_1260,0,0.6889126002788544,men_massey
M,2018,139,2018_1243_1420,1,0.826202280819416,men_massey
M,2018,137,2018_1252_1314,0,0.09336362034082413,men_massey
M,2018,134,2018_1254_1347,0,0.5444486290216446,men_massey
M,2018,136,2018_1260_1274,1,0.2584720700979233,men_massey
M,2018,152,2018_1260_1276,0,0.17374223470687866,men_massey
M,2018,143,2018_1260_1305,1,0.28590036928653717,men_massey
M,2018,138,2018_1260_1397,1,0.3450615257024765,men_massey
M,2018,139,2018_1267_1452,0,0.12619192525744438,men_massey
M,2018,137,2018_1267_1455,1,0.1384752169251442,men_massey
M,2018,136,2018_1276_1285,1,0.8429946526885033,men_massey
M,2018,143,2018_1276_1401,1,0.7017654478549957,men_massey
M,2018,154,2018_1276_1437,0,0.24909192323684692,men_massey
M,2018,139,2018_1277_1393,0,0.6522155106067657,men_massey
M,2018,137,2018_1293_1452,0,0.18596697598695755,men_massey
M,2018,135,2018_1300_1411,0,0.6439327001571655,men_massey
M,2018,136,2018_1301_1371,0,0.44564490020275116,men_massey
M,2018,137,2018_1305_1400,1,0.6132147014141083,men_massey
M,2018,139,2018_1314_1401,0,0.7768108397722244,men_massey
M,2018,136,2018_1326_1355,1,0.7069674730300903,men_massey
M,2018,136,2018_1328_1348,0,0.33649128675460815,men_massey
M,2018,137,2018_1344_1401,0,0.2183886095881462,men_massey
M,2018,144,2018_1345_1403,0,0.7467722520232201,men_massey
M,2018,136,2018_1347_1437,0,0.08116672188043594,men_massey
M,2018,136,2018_1372_1403,0,0.11354821547865868,men_massey
M,2018,134,2018_1382_1417,1,0.5150117129087448,men_massey
M,2018,137,2018_1393_1395,1,0.6235383898019791,men_massey
M,2018,136,2018_1397_1460,1,0.81766377389431,men_massey
M,2018,146,2018_1403_1437,0,0.24437028169631958,men_massey
M,2018,137,2018_1411_1462,0,0.12989459931850433,men_massey
M,2018,137,2018_1420_1438,1,0.07874418050050735,men_massey
M,2018,144,2018_1437_1452,1,0.5852877348661423,men_massey
M,2019,136,2019_1101_1246,0,0.1148248203098774,men_massey
M,2019,137,2019_1113_1138,0,0.3095513880252838,men_massey
M,2019,135,2019_1113_1385,1,0.6329555660486221,men_massey
M,2019,138,2019_1120_1242,1,0.4482639878988266,men_massey
M,2019,146,2019_1120_1246,1,0.4119750112295151,men_massey
M,2019,136,2019_1120_1308,1,0.7164801210165024,men_massey
M,2019,144,2019_1120_1314,1,0.3520332872867584,men_massey
M,2019,152,2019_1120_1438,0,0.17010818421840668,men_massey
M,2019,138,2019_1124_1211,0,0.13095737993717194,men_massey
M,2019,136,2019_1124_1393,1,0.38267864286899567,men_massey
M,2019,136,2019_1125_1268,0,0.2869710475206375,men_massey
M,2019,134,2019_1125_1396,1,0.3364393413066864,men_massey
M,2019,136,2019_1133_1277,0,0.10832175239920616,men_massey
M,2019,139,2019_1138_1403,0,0.40386588871479034,men_massey
M,2019,137,2019_1153_1234,0,0.7149229645729065,men_massey
M,2019,137,2019_1159_1397,0,0.123513612896204,men_massey
M,2019,146,2019_1181_1277,0,0.7658905014395714,men_massey
M,2019,137,2019_1181_1295,1,0.9132886305451393,men_massey
M,2019,139,2019_1181_1416,1,0.8890415765345097,men_massey
M,2019,144,2019_1181_1439,1,0.8706689700484276,men_massey
M,2019,136,2019_1192_1211,0,0.1085469163954258,men_massey
M,2019,134,2019_1192_1341,1,0.3940410315990448,men_massey
M,2019,138,2019_1196_1276,0,0.21526087075471878,men_massey
M,2019,136,2019_1196_1305,1,0.44052810966968536,men_massey
M,2019,143,2019_1199_1211,0,0.3532188981771469,men_massey
M,2019,138,2019_1199_1293,1,0.8227483257651329,men_massey
M,2019,136,2019_1199_1436,1,0.8365639820694923,men_massey
M,2019,137,2019_1205_1438,0,0.08401799574494362,men_massey
M,2019,137,2019_1209_1222,0,0.113564383238554,men_massey
M,2019,145,2019_1211_1403,0,0.7931138128042221,men_massey
M,2019,144,2019_1222_1246,0,0.5696044862270355,men_massey
M,2019,139,2019_1222_1326,1,0.7210212200880051,men_massey
M,2019,137,2019_1233_1314,0,0.09225691482424736,men_massey
M,2019,139,2019_1234_1397,0,0.287301167845726,men_massey
M,2019,137,2019_1235_1326,0,0.6926757395267487,men_massey
M,2019,136,2019_1242_1318,1,0.8919956088066101,men_massey
M,2019,137,2019_1243_1414,0,0.7436556369066238,men_massey
M,2019,138,2019_1246_1459,1,0.7321147173643112,men_massey
M,2019,137,2019_1251_1280,1,0.23076754063367844,men_massey
M,2019,139,2019_1251_1439,0,0.16537338495254517,men_massey
M,2019,136,2019_1257_1278,0,0.7690051943063736,men_massey
M,2019,138,2019_1261_1268,1,0.5265370160341263,men_massey
M,2019,144,2019_1261_1277,0,0.12718918919563293,men_massey
M,2019,136,2019_1261_1463,1,0.7423240691423416,men_massey
M,2019,136,2019_1266_1293,0,0.5981608480215073,men_massey
M,2019,136,2019_1276_1285,1,0.9039560705423355,men_massey
M,2019,143,2019_1276_1403,0,0.6708265542984009,men_massey
M,2019,138,2019_1277_1278,1,0.8648986369371414,men_massey
M,2019,152,2019_1277_1403,0,0.7022128999233246,men_massey
M,2019,137,2019_1279_1328,0,0.45366916060447693,men_massey
M,2019,135,2019_1295_1300,1,0.6985802054405212,men_massey
M,2019,137,2019_1297_1403,0,0.13800301402807236,men_massey
M,2019,139,2019_1314_1449,1,0.8571433126926422,men_massey
M,2019,139,2019_1328_1438,0,0.1639176681637764,men_massey
M,2019,136,2019_1330_1345,0,0.295106902718544,men_massey
M,2019,139,2019_1332_1414,1,0.8036450892686844,men_massey
M,2019,143,2019_1332_1438,0,0.33432212471961975,men_massey
M,2019,137,2019_1332_1458,1,0.5431948155164719,men_massey
M,2019,143,2019_1345_1397,1,0.43470631539821625,men_massey
M,2019,138,2019_1345_1437,1,0.37872879207134247,men_massey
M,2019,145,2019_1345_1438,0,0.17265286296606064,men_massey
M,2019,136,2019_1371_1459,0,0.3245273232460022,men_massey
M,2019,137,2019_1387_1439,0,0.24065596610307693,men_massey
M,2019,136,2019_1388_1437,0,0.29998764395713806,men_massey
M,2019,154,2019_1403_1438,0,0.26056092977523804,men_massey
M,2019,137,2019_1416_1433,1,0.4364844858646393,men_massey
M,2019,137,2019_1429_1449,0,0.5833696573972702,men_massey
M,2021,138,2021_1101_1400,1,0.49000898003578186,men_massey
M,2021,140,2021_1101_1417,0,0.5003198087215424,men_massey
M,2021,138,2021_1104_1233,1,0.8531370535492897,men_massey
M,2021,140,2021_1104_1268,1,0.7742428332567215,men_massey
M,2021,146,2021_1104_1417,0,0.7782854214310646,men_massey
M,2021,136,2021_1111_1313,0,0.5002819895744324,men_massey
M,2021,147,2021_1116_1124,0,0.18659639358520508,men_massey
M,2021,137,2021_1116_1159,1,0.6602847129106522,men_massey
M,2021,145,2021_1116_1331,1,0.8508892506361008,men_massey
M,2021,139,2021_1116_1403,1,0.5341254025697708,men_massey
M,2021,154,2021_1124_1211,1,0.3594661056995392,men_massey
M,2021,137,2021_1124_1216,1,0.8939641378819942,men_massey
M,2021,152,2021_1124_1222,1,0.5783206671476364,men_massey
M,2021,145,2021_1124_1437,1,0.8430079817771912,men_massey
M,2021,139,2021_1124_1458,1,0.8236438408493996,men_massey
M,2021,138,2021_1140_1417,0,0.5402817875146866,men_massey
M,2021,137,2021_1155_1353,0,0.5318952947854996,men_massey
M,2021,137,2021_1156_1222,0,0.09616890177130699,men_massey
M,2021,140,2021_1160_1199,0,0.6012921780347824,men_massey
M,2021,138,2021_1160_1207,1,0.8424048200249672,men_massey
M,2021,138,2021_1163_1268,0,0.5902481824159622,men_massey
M,2021,146,2021_1166_1211,0,0.18060580641031265,men_massey
M,2021,140,2021_1166_1325,1,0.7205256223678589,men_massey
M,2021,138,2021_1166_1364,1,0.6148682683706284,men_massey
M,2021,138,2021_1179_1425,0,0.3170621544122696,men_massey
M,2021,136,2021_1179_1455,1,0.7384113222360611,men_massey
M,2021,137,2021_1180_1228,0,0.14946913719177246,men_massey
M,2021,138,2021_1186_1242,0,0.1480783373117447,men_massey
M,2021,139,2021_1196_1331,0,0.8421300202608109,men_massey
M,2021,137,2021_1196_1439,1,0.6084192544221878,men_massey
M,2021,146,2021_1199_1276,0,0.2661224603652954,men_massey
M,2021,138,2021_1199_1422,1,0.7447413429617882,men_massey
M,2021,137,2021_1210_1260,0,0.18123359978199005,men_massey
M,2021,138,2021_1211_1313,1,0.8995871171355247,men_massey
M,2021,140,2021_1211_1328,1,0.8585424870252609,men_massey
M,2021,152,2021_1211_1417,1,0.8222064524888992,men_massey
M,2021,148,2021_1211_1425,1,0.7855276837944984,men_massey
M,2021,138,2021_1213_1234,0,0.16689425706863403,men_massey
M,2021,147,2021_1222_1333,1,0.8538361564278603,men_massey
M,2021,139,2021_1222_1353,1,0.7851442471146584,men_massey
M,2021,145,2021_1222_1393,1,0.8275357708334923,men_massey
M,2021,139,2021_1228_1260,0,0.5592552721500397,men_massey
M,2021,140,2021_1234_1332,0,0.6668134927749634,men_massey
M,2021,140,2021_1242_1425,0,0.48005057871341705,men_massey
M,2021,137,2021_1251_1329,0,0.3064878433942795,men_massey
M,2021,145,2021_1260_1333,0,0.8629947081208229,men_massey
M,2021,140,2021_1261_1276,0,0.2926985174417496,men_massey
M,2021,138,2021_1261_1382,1,0.5355259329080582,men_massey
M,2021,138,2021_1276_1411,1,0.8769658133387566,men_massey
M,2021,148,2021_1276_1417,0,0.7456388920545578,men_massey
M,2021,136,2021_1277_1417,0,0.5187492221593857,men_massey
M,2021,138,2021_1281_1328,0,0.47557327151298523,men_massey
M,2021,137,2021_1287_1452,0,0.1902436763048172,men_massey
M,2021,136,2021_1291_1411,0,0.6986783444881439,men_massey
M,2021,137,2021_1314_1458,0,0.48812004923820496,men_massey
M,2021,137,2021_1317_1345,1,0.436968594789505,men_massey
M,2021,139,2021_1317_1437,0,0.3482760041952133,men_massey
M,2021,138,2021_1325_1438,1,0.1423139050602913,men_massey
M,2021,137,2021_1326_1331,0,0.8731477037072182,men_massey
M,2021,139,2021_1329_1333,0,0.751438319683075,men_massey
M,2021,146,2021_1332_1425,0,0.36584319174289703,men_massey
M,2021,137,2021_1333_1397,1,0.19744636118412018,men_massey
M,2021,137,2021_1361_1393,0,0.6843238323926926,men_massey
M,2021,139,2021_1393_1452,1,0.3459729999303818,men_massey
M,2021,137,2021_1403_1429,1,0.6032064706087112,men_massey
M,2021,137,2021_1437_1457,1,0.6592440158128738,men_massey
M,2014,134,2014_1107_1291,1,0.6881055235862732,men_massey_no_coach
M,2014,134,2014_1301_1462,1,0.3351588547229767,men_massey_no_coach
M,2014,135,2014_1142_1411,1,0.675400897860527,men_massey_no_coach
M,2014,135,2014_1234_1397,0,0.7400037348270416,men_massey_no_coach
M,2014,136,2014_1163_1386,1,0.4389420747756958,men_massey_no_coach
M,2014,136,2014_1173_1326,1,0.3807092756032944,men_massey_no_coach
M,2014,136,2014_1107_1196,0,0.2705569118261337,men_massey_no_coach
M,2014,136,2014_1153_1217,0,0.5297196209430695,men_massey_no_coach
M,2014,136,2014_1257_1264,1,0.8346416354179382,men_massey_no_coach
M,2014,136,2014_1276_1459,1,0.7493174970149994,men_massey_no_coach
M,2014,136,2014_1174_1277,0,0.2271602302789688,men_massey_no_coach
M,2014,136,2014_1295_1328,1,0.3691739290952682,men_massey_no_coach
M,2014,136,2014_1140_1332,0,0.42555071413517,men_massey_no_coach
M,2014,136,2014_1160_1338,0,0.2416838929057121,men_massey_no_coach
M,2014,136,2014_1308_1361,0,0.1445053368806839,men_massey_no_coach
M,2014,136,2014_1301_1387,0,0.4832718968391418,men_massey_no_coach
M,2014,136,2014_1393_1444,1,0.6492980718612671,men_massey_no_coach
M,2014,136,2014_1113_1400,0,0.6593108624219894,men_massey_no_coach
M,2014,136,2014_1437_1454,1,0.7782826721668243,men_massey_no_coach
M,2014,136,2014_1110_1458,0,0.380731850862503,men_massey_no_coach
M,2014,137,2014_1112_1451,1,0.8173585161566734,men_massey_no_coach
M,2014,137,2014_1124_1304,1,0.5003576874732971,men_massey_no_coach
M,2014,137,2014_1166_1418,1,0.7417647838592529,men_massey_no_coach
M,2014,137,2014_1211_1329,1,0.260383203625679,men_massey_no_coach
M,2014,137,2014_1235_1300,1,0.4305896311998367,men_massey_no_coach
M,2014,137,2014_1184_1242,0,0.4609148502349853,men_massey_no_coach
M,2014,137,2014_1243_1246,0,0.3811589330434799,men_massey_no_coach
M,2014,137,2014_1203_1272,0,0.5319804251194,men_massey_no_coach
M,2014,137,2014_1181_1273,0,0.6374589949846268,men_massey_no_coach
M,2014,137,2014_1314_1344,1,0.6310694813728333,men_massey_no_coach
M,2014,137,2014_1372_1433,1,0.3566665649414062,men_massey_no_coach
M,2014,137,2014_1307_1390,0,0.5424716025590897,men_massey_no_coach
M,2014,137,2014_1269_1397,0,0.7409411817789078,men_massey_no_coach
M,2014,137,2014_1409_1417,0,0.3562703877687454,men_massey_no_coach
M,2014,137,2014_1157_1438,0,0.2286539450287819,men_massey_no_coach
M,2014,137,2014_1142_1455,0,0.2797175049781799,men_massey_no_coach
M,2014,138,2014_1163_1437,1,0.2360546290874481,men_massey_no_coach
M,2014,138,2014_1173_1393,1,0.3938618302345276,men_massey_no_coach
M,2014,138,2014_1196_1338,1,0.37354676425457,men_massey_no_coach
M,2014,138,2014_1257_1387,1,0.7228963822126389,men_massey_no_coach
M,2014,138,2014_1276_1400,1,0.6750894486904144,men_massey_no_coach
M,2014,138,2014_1217_1277,0,0.308274894952774,men_massey_no_coach
M,2014,138,2014_1295_1361,0,0.2307651489973068,men_massey_no_coach
M,2014,138,2014_1332_1458,0,0.4110346585512161,men_massey_no_coach
M,2014,139,2014_1112_1211,1,0.7087578475475311,men_massey_no_coach
M,2014,139,2014_1124_1166,1,0.2553220242261886,men_massey_no_coach
M,2014,139,2014_1235_1314,1,0.4662140905857086,men_massey_no_coach
M,2014,139,2014_1246_1455,1,0.5491868257522583,men_massey_no_coach
M,2014,139,2014_1242_1390,0,0.4832649379968643,men_massey_no_coach
M,2014,139,2014_1273_1397,0,0.4190028309822082,men_massey_no_coach
M,2014,139,2014_1372_1417,0,0.3182873874902725,men_massey_no_coach
M,2014,139,2014_1272_1438,0,0.4622683674097061,men_massey_no_coach
M,2014,143,2014_1112_1361,1,0.6227335184812546,men_massey_no_coach
M,2014,143,2014_1173_1390,1,0.7090527713298798,men_massey_no_coach
M,2014,143,2014_1196_1417,1,0.4885098189115524,men_massey_no_coach
M,2014,143,2014_1124_1458,0,0.2716585844755173,men_massey_no_coach
M,2014,144,2014_1163_1235,1,0.4154857844114303,men_massey_no_coach
M,2014,144,2014_1246_1257,1,0.3745471835136413,men_massey_no_coach
M,2014,144,2014_1276_1397,1,0.569799154996872,men_massey_no_coach
M,2014,144,2014_1277_1438,1,0.4954316616058349,men_massey_no_coach
M,2014,145,2014_1173_1196,0,0.4273259788751602,men_massey_no_coach
M,2014,145,2014_1112_1458,0,0.5483474135398865,men_massey_no_coach
M,2014,146,2014_1163_1277,1,0.2327446788549423,men_massey_no_coach
M,2014,146,2014_1246_1276,1,0.4520130306482315,men_massey_no_coach
M,2014,152,2014_1163_1196,1,0.3256088346242904,men_massey_no_coach
M,2014,152,2014_1246_1458,1,0.4534912705421448,men_massey_no_coach
M,2014,154,2014_1163_1246,1,0.3322307169437408,men_massey_no_coach
M,2015,134,2015_1214_1264,1,0.4933340549468994,men_massey_no_coach
M,2015,134,2015_1140_1279,0,0.4002286791801452,men_massey_no_coach
M,2015,135,2015_1129_1173,0,0.5474434494972229,men_massey_no_coach
M,2015,135,2015_1316_1352,0,0.4847699701786041,men_massey_no_coach
M,2015,136,2015_1112_1411,1,0.8957254849374294,men_massey_no_coach
M,2015,136,2015_1116_1459,1,0.6174738258123398,men_massey_no_coach
M,2015,136,2015_1139_1400,1,0.3969289809465408,men_massey_no_coach
M,2015,136,2015_1153_1345,1,0.7263019531965256,men_massey_no_coach
M,2015,136,2015_1186_1207,0,0.6594521552324295,men_massey_no_coach
M,2015,136,2015_1124_1209,0,0.6559349149465561,men_massey_no_coach
M,2015,136,2015_1214_1246,0,0.0998469367623329,men_massey_no_coach
M,2015,136,2015_1261_1301,0,0.5847276598215103,men_massey_no_coach
M,2015,136,2015_1217_1314,0,0.3513201624155044,men_massey_no_coach
M,2015,136,2015_1318_1323,0,0.2271102890372276,men_massey_no_coach
M,2015,136,2015_1326_1433,1,0.4002292603254318,men_massey_no_coach
M,2015,136,2015_1235_1412,0,0.8686802834272385,men_massey_no_coach
M,2015,136,2015_1374_1417,0,0.723048597574234,men_massey_no_coach
M,2015,136,2015_1372_1428,0,0.291377305984497,men_massey_no_coach
M,2015,136,2015_1248_1437,0,0.3676644712686538,men_massey_no_coach
M,2015,136,2015_1279_1462,0,0.5485592484474182,men_massey_no_coach
M,2015,137,2015_1173_1344,1,0.4029419124126434,men_massey_no_coach
M,2015,137,2015_1181_1352,1,0.8697812631726265,men_massey_no_coach
M,2015,137,2015_1211_1295,1,0.7907122150063515,men_massey_no_coach
M,2015,137,2015_1172_1234,0,0.6123227477073669,men_massey_no_coach
M,2015,137,2015_1242_1308,1,0.5648755133152008,men_massey_no_coach
M,2015,137,2015_1257_1414,1,0.8248805925250053,men_massey_no_coach
M,2015,137,2015_1268_1434,1,0.4085908085107803,men_massey_no_coach
M,2015,137,2015_1208_1277,0,0.2137898877263069,men_massey_no_coach
M,2015,137,2015_1320_1461,1,0.7769087329506874,men_massey_no_coach
M,2015,137,2015_1107_1328,0,0.2261407598853111,men_massey_no_coach
M,2015,137,2015_1329_1332,0,0.5167267471551895,men_massey_no_coach
M,2015,137,2015_1361_1385,1,0.5613396018743515,men_massey_no_coach
M,2015,137,2015_1125_1438,0,0.1027795411646366,men_massey_no_coach
M,2015,137,2015_1138_1452,0,0.3050327003002167,men_massey_no_coach
M,2015,137,2015_1231_1455,0,0.6218148171901703,men_massey_no_coach
M,2015,137,2015_1157_1458,0,0.1828727275133133,men_massey_no_coach
M,2015,138,2015_1112_1326,1,0.7053272426128387,men_massey_no_coach
M,2015,138,2015_1153_1246,0,0.2843098640441894,men_massey_no_coach
M,2015,138,2015_1301_1437,1,0.2042473331093788,men_massey_no_coach
M,2015,138,2015_1116_1314,0,0.1346245780587196,men_massey_no_coach
M,2015,138,2015_1139_1323,0,0.2366276606917381,men_massey_no_coach
M,2015,138,2015_1412_1417,0,0.3470747917890548,men_massey_no_coach
M,2015,138,2015_1207_1428,0,0.2709680199623108,men_massey_no_coach
M,2015,138,2015_1209_1462,0,0.3418100774288177,men_massey_no_coach
M,2015,139,2015_1181_1361,1,0.7858639806509018,men_massey_no_coach
M,2015,139,2015_1211_1234,1,0.6752389073371887,men_massey_no_coach
M,2015,139,2015_1257_1320,1,0.5927287936210632,men_massey_no_coach
M,2015,139,2015_1277_1438,1,0.2704974859952926,men_massey_no_coach
M,2015,139,2015_1173_1328,0,0.3248180001974106,men_massey_no_coach
M,2015,139,2015_1268_1452,0,0.3871917575597763,men_massey_no_coach
M,2015,139,2015_1242_1455,0,0.3793537616729736,men_massey_no_coach
M,2015,139,2015_1332_1458,0,0.1949167028069496,men_massey_no_coach
M,2015,143,2015_1112_1462,1,0.7558961063623428,men_massey_no_coach
M,2015,143,2015_1246_1452,1,0.6552355885505676,men_massey_no_coach
M,2015,143,2015_1323_1455,1,0.7354375049471855,men_massey_no_coach
M,2015,143,2015_1314_1458,0,0.3436773866415024,men_massey_no_coach
M,2015,144,2015_1181_1428,1,0.7476375550031662,men_massey_no_coach
M,2015,144,2015_1211_1417,1,0.618412122130394,men_massey_no_coach
M,2015,144,2015_1257_1301,1,0.8507465049624443,men_massey_no_coach
M,2015,144,2015_1277_1328,1,0.5240170359611511,men_massey_no_coach
M,2015,145,2015_1246_1323,1,0.6622821539640427,men_massey_no_coach
M,2015,145,2015_1112_1458,0,0.4455430805683136,men_massey_no_coach
M,2015,146,2015_1181_1211,1,0.7225816994905472,men_massey_no_coach
M,2015,146,2015_1257_1277,0,0.685688391327858,men_massey_no_coach
M,2015,152,2015_1181_1277,1,0.7968894988298416,men_massey_no_coach
M,2015,152,2015_1246_1458,0,0.7327087968587875,men_massey_no_coach
M,2015,154,2015_1181_1458,1,0.4478892683982849,men_massey_no_coach
M,2016,134,2016_1192_1195,0,0.344849556684494,men_massey_no_coach
M,2016,134,2016_1435_1455,0,0.5429924130439758,men_massey_no_coach
M,2016,135,2016_1221_1380,1,0.5446658283472061,men_massey_no_coach
M,2016,135,2016_1276_1409,1,0.6672046482563019,men_massey_no_coach
M,2016,136,2016_1114_1345,1,0.1303869634866714,men_massey_no_coach
M,2016,136,2016_1139_1403,1,0.6847907602787018,men_massey_no_coach
M,2016,136,2016_1160_1163,0,0.242900438606739,men_massey_no_coach
M,2016,136,2016_1181_1423,1,0.8531280606985092,men_massey_no_coach
M,2016,136,2016_1211_1371,1,0.6214665174484253,men_massey_no_coach
M,2016,136,2016_1151_1231,0,0.1516403332352638,men_massey_no_coach
M,2016,136,2016_1233_1235,0,0.1476451903581619,men_massey_no_coach
M,2016,136,2016_1122_1242,0,0.1487909033894539,men_massey_no_coach
M,2016,136,2016_1246_1392,1,0.8324993029236794,men_massey_no_coach
M,2016,136,2016_1138_1274,0,0.2286960557103157,men_massey_no_coach
M,2016,136,2016_1195_1314,0,0.1032963059842586,men_massey_no_coach
M,2016,136,2016_1344_1425,1,0.3730007708072662,men_massey_no_coach
M,2016,136,2016_1201_1428,0,0.2688471525907516,men_massey_no_coach
M,2016,136,2016_1214_1438,0,0.1149758733808994,men_massey_no_coach
M,2016,136,2016_1112_1455,0,0.769356831908226,men_massey_no_coach
M,2016,136,2016_1124_1463,0,0.8199435845017433,men_massey_no_coach
M,2016,137,2016_1143_1218,0,0.7412087544798851,men_massey_no_coach
M,2016,137,2016_1234_1396,1,0.7199449092149734,men_massey_no_coach
M,2016,137,2016_1268_1355,1,0.8151583895087242,men_massey_no_coach
M,2016,137,2016_1277_1292,0,0.9111589267849922,men_massey_no_coach
M,2016,137,2016_1320_1400,1,0.3390218466520309,men_massey_no_coach
M,2016,137,2016_1276_1323,0,0.3726148009300232,men_massey_no_coach
M,2016,137,2016_1167_1328,0,0.159429632127285,men_massey_no_coach
M,2016,137,2016_1221_1332,0,0.1362329572439193,men_massey_no_coach
M,2016,137,2016_1372_1452,1,0.173225849866867,men_massey_no_coach
M,2016,137,2016_1153_1386,0,0.5567485690116882,men_massey_no_coach
M,2016,137,2016_1173_1393,0,0.3139148950576782,men_massey_no_coach
M,2016,137,2016_1401_1453,1,0.8990664221346378,men_massey_no_coach
M,2016,137,2016_1333_1433,0,0.238121673464775,men_massey_no_coach
M,2016,137,2016_1421_1437,0,0.1895267888903617,men_massey_no_coach
M,2016,137,2016_1338_1458,0,0.4966305494308471,men_massey_no_coach
M,2016,137,2016_1451_1462,0,0.1887961700558662,men_massey_no_coach
M,2016,138,2016_1181_1463,1,0.7892354130744934,men_massey_no_coach
M,2016,138,2016_1211_1428,1,0.4954621344804764,men_massey_no_coach
M,2016,138,2016_1231_1246,1,0.5481953024864197,men_massey_no_coach
M,2016,138,2016_1114_1235,0,0.2785278260707855,men_massey_no_coach
M,2016,138,2016_1163_1242,0,0.4545470774173736,men_massey_no_coach
M,2016,138,2016_1274_1455,1,0.7165801078081131,men_massey_no_coach
M,2016,138,2016_1314_1344,1,0.8939069584012032,men_massey_no_coach
M,2016,138,2016_1139_1438,0,0.2158776819705963,men_massey_no_coach
M,2016,139,2016_1218_1268,0,0.1552348211407661,men_massey_no_coach
M,2016,139,2016_1323_1372,1,0.7143784612417221,men_massey_no_coach
M,2016,139,2016_1328_1433,1,0.5859887152910233,men_massey_no_coach
M,2016,139,2016_1332_1386,1,0.6652168184518814,men_massey_no_coach
M,2016,139,2016_1292_1393,0,0.16769640147686,men_massey_no_coach
M,2016,139,2016_1320_1401,0,0.2234715521335601,men_massey_no_coach
M,2016,139,2016_1234_1437,0,0.3269222378730774,men_massey_no_coach
M,2016,139,2016_1458_1462,1,0.4771053791046142,men_massey_no_coach
M,2016,143,2016_1242_1268,1,0.6997999101877213,men_massey_no_coach
M,2016,143,2016_1328_1401,1,0.5304448306560516,men_massey_no_coach
M,2016,143,2016_1181_1332,0,0.624772310256958,men_massey_no_coach
M,2016,143,2016_1274_1437,0,0.5558785945177078,men_massey_no_coach
M,2016,144,2016_1231_1314,0,0.2605877667665481,men_massey_no_coach
M,2016,144,2016_1323_1458,1,0.5359978526830673,men_massey_no_coach
M,2016,144,2016_1211_1393,0,0.5308891236782074,men_massey_no_coach
M,2016,144,2016_1235_1438,0,0.2816687375307083,men_massey_no_coach
M,2016,145,2016_1328_1332,1,0.5895558744668961,men_massey_no_coach
M,2016,145,2016_1242_1437,0,0.6021078377962112,men_massey_no_coach
M,2016,146,2016_1314_1323,1,0.7250026315450668,men_massey_no_coach
M,2016,146,2016_1393_1438,1,0.2996504008769989,men_massey_no_coach
M,2016,152,2016_1314_1393,1,0.7954049184918404,men_massey_no_coach
M,2016,152,2016_1328_1437,0,0.5118760764598846,men_massey_no_coach
M,2016,154,2016_1314_1437,0,0.6691970378160477,men_massey_no_coach
M,2017,134,2017_1243_1448,1,0.5267973691225052,men_massey_no_coach
M,2017,134,2017_1291_1309,1,0.470255360007286,men_massey_no_coach
M,2017,135,2017_1300_1413,0,0.6418152898550034,men_massey_no_coach
M,2017,135,2017_1344_1425,0,0.4045339971780777,men_massey_no_coach
M,2017,136,2017_1112_1315,1,0.8783321976661682,men_massey_no_coach
M,2017,136,2017_1139_1457,1,0.7998595982789993,men_massey_no_coach
M,2017,136,2017_1190_1196,0,0.1508606970310211,men_massey_no_coach
M,2017,136,2017_1195_1199,0,0.1847063601016998,men_massey_no_coach
M,2017,136,2017_1211_1355,1,0.9135587215423584,men_massey_no_coach
M,2017,136,2017_1235_1305,1,0.7696223258972168,men_massey_no_coach
M,2017,136,2017_1278_1292,0,0.5201075375080109,men_massey_no_coach
M,2017,136,2017_1321_1435,1,0.618177592754364,men_massey_no_coach
M,2017,136,2017_1323_1343,1,0.7211510837078094,men_massey_no_coach
M,2017,136,2017_1345_1436,1,0.7748389169573784,men_massey_no_coach
M,2017,136,2017_1388_1433,1,0.6248071938753128,men_massey_no_coach
M,2017,136,2017_1291_1437,0,0.0916371010243892,men_massey_no_coach
M,2017,136,2017_1423_1438,0,0.2128041833639145,men_massey_no_coach
M,2017,136,2017_1137_1452,0,0.2045966610312461,men_massey_no_coach
M,2017,136,2017_1439_1458,0,0.1942288652062416,men_massey_no_coach
M,2017,136,2017_1268_1462,0,0.6774680465459824,men_massey_no_coach
M,2017,137,2017_1116_1371,1,0.719921424984932,men_massey_no_coach
M,2017,137,2017_1124_1308,1,0.8550643995404243,men_massey_no_coach
M,2017,137,2017_1153_1243,1,0.6842518746852875,men_massey_no_coach
M,2017,137,2017_1181_1407,1,0.8732702434062958,men_massey_no_coach
M,2017,137,2017_1242_1413,1,0.9024235680699348,men_massey_no_coach
M,2017,137,2017_1246_1297,1,0.8952752202749252,men_massey_no_coach
M,2017,137,2017_1240_1257,0,0.1554141491651535,men_massey_no_coach
M,2017,137,2017_1276_1329,1,0.6960293650627136,men_massey_no_coach
M,2017,137,2017_1274_1277,0,0.5980192869901657,men_massey_no_coach
M,2017,137,2017_1314_1411,1,0.895524837076664,men_massey_no_coach
M,2017,137,2017_1233_1332,0,0.1179737485945224,men_massey_no_coach
M,2017,137,2017_1166_1348,0,0.6661207228899002,men_massey_no_coach
M,2017,137,2017_1266_1376,0,0.4800161123275757,men_massey_no_coach
M,2017,137,2017_1245_1417,0,0.1499105915427208,men_massey_no_coach
M,2017,137,2017_1374_1425,0,0.8452028185129166,men_massey_no_coach
M,2017,137,2017_1173_1455,0,0.3489850908517837,men_massey_no_coach
M,2017,138,2017_1112_1388,1,0.4795417785644531,men_massey_no_coach
M,2017,138,2017_1139_1292,1,0.5443571358919144,men_massey_no_coach
M,2017,138,2017_1196_1438,1,0.298017755150795,men_massey_no_coach
M,2017,138,2017_1211_1321,1,0.7845598682761192,men_massey_no_coach
M,2017,138,2017_1235_1345,0,0.4545213580131531,men_massey_no_coach
M,2017,138,2017_1323_1452,0,0.3345767706632614,men_massey_no_coach
M,2017,138,2017_1437_1458,0,0.5932515114545822,men_massey_no_coach
M,2017,138,2017_1199_1462,0,0.7550398707389832,men_massey_no_coach
M,2017,139,2017_1124_1425,1,0.8677700832486153,men_massey_no_coach
M,2017,139,2017_1242_1277,1,0.747621551156044,men_massey_no_coach
M,2017,139,2017_1246_1455,1,0.7875905707478523,men_massey_no_coach
M,2017,139,2017_1257_1276,0,0.7163370102643967,men_massey_no_coach
M,2017,139,2017_1116_1314,0,0.1248734965920448,men_massey_no_coach
M,2017,139,2017_1332_1348,1,0.6578704714775085,men_massey_no_coach
M,2017,139,2017_1181_1376,0,0.754002295434475,men_massey_no_coach
M,2017,139,2017_1153_1417,0,0.4367789328098297,men_massey_no_coach
M,2017,143,2017_1211_1452,1,0.7369207292795181,men_massey_no_coach
M,2017,143,2017_1242_1345,1,0.6872283071279526,men_massey_no_coach
M,2017,143,2017_1276_1332,0,0.6369491517543793,men_massey_no_coach
M,2017,143,2017_1112_1462,0,0.6578965783119202,men_massey_no_coach
M,2017,144,2017_1196_1458,1,0.3055102825164795,men_massey_no_coach
M,2017,144,2017_1246_1417,1,0.5650407373905182,men_massey_no_coach
M,2017,144,2017_1139_1314,0,0.2195308655500412,men_massey_no_coach
M,2017,144,2017_1124_1376,0,0.7512215077877045,men_massey_no_coach
M,2017,145,2017_1211_1462,1,0.8404461666941643,men_massey_no_coach
M,2017,145,2017_1242_1332,0,0.6202404797077179,men_massey_no_coach
M,2017,146,2017_1246_1314,0,0.3838406801223755,men_massey_no_coach
M,2017,146,2017_1196_1376,0,0.7499533295631409,men_massey_no_coach
M,2017,152,2017_1211_1376,1,0.7825204059481621,men_massey_no_coach
M,2017,152,2017_1314_1332,1,0.7183330208063126,men_massey_no_coach
M,2017,154,2017_1211_1314,0,0.4821045100688934,men_massey_no_coach
M,2018,134,2018_1254_1347,0,0.4462175816297531,men_massey_no_coach
M,2018,134,2018_1382_1417,1,0.586275190114975,men_massey_no_coach
M,2018,135,2018_1113_1393,0,0.2921018451452255,men_massey_no_coach
M,2018,135,2018_1300_1411,0,0.6309459805488586,men_massey_no_coach
M,2018,136,2018_1104_1439,1,0.4146932512521744,men_massey_no_coach
M,2018,136,2018_1112_1138,0,0.8551388010382652,men_massey_no_coach
M,2018,136,2018_1181_1233,1,0.9147197976708412,men_massey_no_coach
M,2018,136,2018_1196_1382,1,0.591928169131279,men_massey_no_coach
M,2018,136,2018_1211_1422,1,0.8567494601011276,men_massey_no_coach
M,2018,136,2018_1222_1361,1,0.5742864906787872,men_massey_no_coach
M,2018,136,2018_1242_1335,1,0.8985118381679058,men_massey_no_coach
M,2018,136,2018_1172_1246,0,0.241480678319931,men_massey_no_coach
M,2018,136,2018_1260_1274,1,0.276263028383255,men_massey_no_coach
M,2018,136,2018_1276_1285,1,0.8490542620420456,men_massey_no_coach
M,2018,136,2018_1326_1355,1,0.6488240957260132,men_massey_no_coach
M,2018,136,2018_1328_1348,0,0.3921830207109451,men_massey_no_coach
M,2018,136,2018_1301_1371,0,0.3171087354421615,men_massey_no_coach
M,2018,136,2018_1397_1460,1,0.8562615588307381,men_massey_no_coach
M,2018,136,2018_1372_1403,0,0.1158102191984653,men_massey_no_coach
M,2018,136,2018_1347_1437,0,0.0807912424206733,men_massey_no_coach
M,2018,137,2018_1120_1158,1,0.8017866164445877,men_massey_no_coach
M,2018,137,2018_1116_1139,0,0.7358143329620361,men_massey_no_coach
M,2018,137,2018_1153_1209,1,0.876502014696598,men_massey_no_coach
M,2018,137,2018_1155_1308,1,0.5988494008779526,men_massey_no_coach
M,2018,137,2018_1199_1281,1,0.7056692987680435,men_massey_no_coach
M,2018,137,2018_1166_1243,0,0.5050273239612579,men_massey_no_coach
M,2018,137,2018_1267_1455,1,0.1628296822309494,men_massey_no_coach
M,2018,137,2018_1137_1277,0,0.0975382514297962,men_massey_no_coach
M,2018,137,2018_1305_1400,1,0.5428978651762009,men_massey_no_coach
M,2018,137,2018_1252_1314,0,0.098068181425333,men_massey_no_coach
M,2018,137,2018_1168_1345,0,0.0987012274563312,men_massey_no_coach
M,2018,137,2018_1393_1395,1,0.5021845400333405,men_massey_no_coach
M,2018,137,2018_1344_1401,0,0.2335966303944587,men_massey_no_coach
M,2018,137,2018_1420_1438,1,0.0772609375417232,men_massey_no_coach
M,2018,137,2018_1293_1452,0,0.1905290186405182,men_massey_no_coach
M,2018,137,2018_1411_1462,0,0.1114796884357929,men_massey_no_coach
M,2018,138,2018_1181_1348,1,0.8946688994765282,men_massey_no_coach
M,2018,138,2018_1211_1326,1,0.7472695633769035,men_massey_no_coach
M,2018,138,2018_1242_1371,1,0.712685689330101,men_massey_no_coach
M,2018,138,2018_1138_1246,0,0.1363110393285751,men_massey_no_coach
M,2018,138,2018_1260_1397,1,0.3255049884319305,men_massey_no_coach
M,2018,138,2018_1222_1276,0,0.3166239857673645,men_massey_no_coach
M,2018,138,2018_1196_1403,0,0.3108297884464264,men_massey_no_coach
M,2018,138,2018_1104_1437,0,0.1134204752743244,men_massey_no_coach
M,2018,139,2018_1120_1155,0,0.6085397452116013,men_massey_no_coach
M,2018,139,2018_1199_1462,1,0.4776824414730072,men_massey_no_coach
M,2018,139,2018_1243_1420,1,0.8278586864471436,men_massey_no_coach
M,2018,139,2018_1153_1305,0,0.8341014385223389,men_massey_no_coach
M,2018,139,2018_1139_1345,0,0.1582147255539894,men_massey_no_coach
M,2018,139,2018_1277_1393,0,0.799164168536663,men_massey_no_coach
M,2018,139,2018_1314_1401,0,0.7432214468717575,men_massey_no_coach
M,2018,139,2018_1267_1452,0,0.1224757470190525,men_massey_no_coach
M,2018,143,2018_1199_1211,1,0.2773401588201523,men_massey_no_coach
M,2018,143,2018_1243_1246,1,0.2082132399082183,men_massey_no_coach
M,2018,143,2018_1260_1305,1,0.2863674908876419,men_massey_no_coach
M,2018,143,2018_1276_1401,1,0.6607990562915802,men_massey_no_coach
M,2018,144,2018_1181_1393,1,0.8562617748975754,men_massey_no_coach
M,2018,144,2018_1155_1242,0,0.234960988163948,men_massey_no_coach
M,2018,144,2018_1345_1403,0,0.6930107921361923,men_massey_no_coach
M,2018,144,2018_1437_1452,1,0.6252921968698502,men_massey_no_coach
M,2018,145,2018_1243_1260,0,0.635042816400528,men_massey_no_coach
M,2018,145,2018_1199_1276,0,0.3743937462568283,men_massey_no_coach
M,2018,146,2018_1181_1242,0,0.4683689028024673,men_massey_no_coach
M,2018,146,2018_1403_1437,0,0.306936040520668,men_massey_no_coach
M,2018,152,2018_1260_1276,0,0.1786079928278923,men_massey_no_coach
M,2018,152,2018_1242_1437,0,0.4071646779775619,men_massey_no_coach
M,2018,154,2018_1276_1437,0,0.2188124358654022,men_massey_no_coach
M,2019,134,2019_1125_1396,1,0.3457072377204895,men_massey_no_coach
M,2019,134,2019_1192_1341,1,0.4080843925476074,men_massey_no_coach
M,2019,135,2019_1113_1385,1,0.6487103551626205,men_massey_no_coach
M,2019,135,2019_1295_1300,1,0.6594617366790771,men_massey_no_coach
M,2019,136,2019_1120_1308,1,0.7254273593425751,men_massey_no_coach
M,2019,136,2019_1124_1393,1,0.416752815246582,men_massey_no_coach
M,2019,136,2019_1196_1305,1,0.4584063291549682,men_massey_no_coach
M,2019,136,2019_1199_1436,1,0.8407399728894234,men_massey_no_coach
M,2019,136,2019_1192_1211,0,0.1063715256750583,men_massey_no_coach
M,2019,136,2019_1242_1318,1,0.8644435852766037,men_massey_no_coach
M,2019,136,2019_1101_1246,0,0.1199478954076767,men_massey_no_coach
M,2019,136,2019_1261_1463,1,0.7807708829641342,men_massey_no_coach
M,2019,136,2019_1125_1268,0,0.2132853046059608,men_massey_no_coach
M,2019,136,2019_1276_1285,1,0.9018789976835252,men_massey_no_coach
M,2019,136,2019_1133_1277,0,0.1003896221518516,men_massey_no_coach
M,2019,136,2019_1257_1278,0,0.7594677060842514,men_massey_no_coach
M,2019,136,2019_1266_1293,0,0.621127724647522,men_massey_no_coach
M,2019,136,2019_1330_1345,0,0.2284094765782356,men_massey_no_coach
M,2019,136,2019_1388_1437,0,0.2428162992000579,men_massey_no_coach
M,2019,136,2019_1371_1459,0,0.2831123620271683,men_massey_no_coach
M,2019,137,2019_1113_1138,0,0.3182432502508163,men_massey_no_coach
M,2019,137,2019_1181_1295,1,0.9212501645088196,men_massey_no_coach
M,2019,137,2019_1209_1222,0,0.113996896892786,men_massey_no_coach
M,2019,137,2019_1153_1234,0,0.7249870747327805,men_massey_no_coach
M,2019,137,2019_1251_1280,1,0.2563008069992065,men_massey_no_coach
M,2019,137,2019_1233_1314,0,0.0980635210871696,men_massey_no_coach
M,2019,137,2019_1235_1326,0,0.7486871033906937,men_massey_no_coach
M,2019,137,2019_1279_1328,0,0.4900901615619659,men_massey_no_coach
M,2019,137,2019_1332_1458,1,0.4179026931524277,men_massey_no_coach
M,2019,137,2019_1159_1397,0,0.1205701306462287,men_massey_no_coach
M,2019,137,2019_1297_1403,0,0.1443724036216735,men_massey_no_coach
M,2019,137,2019_1243_1414,0,0.7516398876905441,men_massey_no_coach
M,2019,137,2019_1416_1433,1,0.433886855840683,men_massey_no_coach
M,2019,137,2019_1205_1438,0,0.0854615122079849,men_massey_no_coach
M,2019,137,2019_1387_1439,0,0.2386945933103561,men_massey_no_coach
M,2019,137,2019_1429_1449,0,0.4943215548992157,men_massey_no_coach
M,2019,138,2019_1120_1242,1,0.6031680852174759,men_massey_no_coach
M,2019,138,2019_1199_1293,1,0.7851480096578598,men_massey_no_coach
M,2019,138,2019_1124_1211,0,0.1689824908971786,men_massey_no_coach
M,2019,138,2019_1246_1459,1,0.7088688760995865,men_massey_no_coach
M,2019,138,2019_1261_1268,1,0.5830411911010742,men_massey_no_coach
M,2019,138,2019_1196_1276,0,0.2236706465482711,men_massey_no_coach
M,2019,138,2019_1277_1278,1,0.8743377476930618,men_massey_no_coach
M,2019,138,2019_1345_1437,1,0.4476069360971451,men_massey_no_coach
M,2019,139,2019_1181_1416,1,0.8858617395162582,men_massey_no_coach
M,2019,139,2019_1222_1326,1,0.7291465550661087,men_massey_no_coach
M,2019,139,2019_1314_1449,1,0.8146040365099907,men_massey_no_coach
M,2019,139,2019_1332_1414,1,0.7836805805563927,men_massey_no_coach
M,2019,139,2019_1234_1397,0,0.2627508342266083,men_massey_no_coach
M,2019,139,2019_1138_1403,0,0.4200284481048584,men_massey_no_coach
M,2019,139,2019_1328_1438,0,0.130236268043518,men_massey_no_coach
M,2019,139,2019_1251_1439,0,0.1334249153733253,men_massey_no_coach
M,2019,143,2019_1199_1211,0,0.3217570930719375,men_massey_no_coach
M,2019,143,2019_1345_1397,1,0.4373983740806579,men_massey_no_coach
M,2019,143,2019_1276_1403,0,0.627930536866188,men_massey_no_coach
M,2019,143,2019_1332_1438,0,0.2263040468096733,men_massey_no_coach
M,2019,144,2019_1120_1314,1,0.428977370262146,men_massey_no_coach
M,2019,144,2019_1181_1439,1,0.8517193868756294,men_massey_no_coach
M,2019,144,2019_1222_1246,0,0.5489917248487473,men_massey_no_coach
M,2019,144,2019_1261_1277,0,0.1408367827534675,men_massey_no_coach
M,2019,145,2019_1211_1403,0,0.7302270382642746,men_massey_no_coach
M,2019,145,2019_1345_1438,0,0.1607011184096336,men_massey_no_coach
M,2019,146,2019_1120_1246,1,0.3941785991191864,men_massey_no_coach
M,2019,146,2019_1181_1277,0,0.7281224131584167,men_massey_no_coach
M,2019,152,2019_1277_1403,0,0.7126032114028931,men_massey_no_coach
M,2019,152,2019_1120_1438,0,0.1883583217859268,men_massey_no_coach
M,2019,154,2019_1403_1438,0,0.288657933473587,men_massey_no_coach
M,2021,136,2021_1179_1455,1,0.7445270121097565,men_massey_no_coach
M,2021,136,2021_1111_1313,0,0.4957744777202606,men_massey_no_coach
M,2021,136,2021_1291_1411,0,0.6875093579292297,men_massey_no_coach
M,2021,136,2021_1277_1417,0,0.4289891421794891,men_massey_no_coach
M,2021,137,2021_1116_1159,1,0.67212775349617,men_massey_no_coach
M,2021,137,2021_1124_1216,1,0.8969586864113808,men_massey_no_coach
M,2021,137,2021_1196_1439,1,0.5834216177463531,men_massey_no_coach
M,2021,137,2021_1156_1222,0,0.0989586487412452,men_massey_no_coach
M,2021,137,2021_1180_1228,0,0.1658266335725784,men_massey_no_coach
M,2021,137,2021_1210_1260,0,0.2233427539467811,men_massey_no_coach
M,2021,137,2021_1317_1345,1,0.4472891986370086,men_massey_no_coach
M,2021,137,2021_1251_1329,0,0.3056975901126861,men_massey_no_coach
M,2021,137,2021_1326_1331,0,0.8768860176205635,men_massey_no_coach
M,2021,137,2021_1333_1397,1,0.2065272778272628,men_massey_no_coach
M,2021,137,2021_1155_1353,0,0.5615625828504562,men_massey_no_coach
M,2021,137,2021_1361_1393,0,0.7071936428546906,men_massey_no_coach
M,2021,137,2021_1403_1429,1,0.6202683299779892,men_massey_no_coach
M,2021,137,2021_1437_1457,1,0.6547515988349915,men_massey_no_coach
M,2021,137,2021_1287_1452,0,0.2399532496929168,men_massey_no_coach
M,2021,137,2021_1314_1458,0,0.4795486629009247,men_massey_no_coach
M,2021,138,2021_1101_1400,1,0.4884999692440033,men_massey_no_coach
M,2021,138,2021_1104_1233,1,0.863301083445549,men_massey_no_coach
M,2021,138,2021_1160_1207,1,0.8475050926208496,men_massey_no_coach
M,2021,138,2021_1166_1364,1,0.6516664028167725,men_massey_no_coach
M,2021,138,2021_1199_1422,1,0.6994456499814987,men_massey_no_coach
M,2021,138,2021_1211_1313,1,0.8849864229559898,men_massey_no_coach
M,2021,138,2021_1213_1234,0,0.1788950562477111,men_massey_no_coach
M,2021,138,2021_1186_1242,0,0.15141661465168,men_massey_no_coach
M,2021,138,2021_1261_1382,1,0.563943400979042,men_massey_no_coach
M,2021,138,2021_1163_1268,0,0.6028059870004654,men_massey_no_coach
M,2021,138,2021_1276_1411,1,0.8807023614645004,men_massey_no_coach
M,2021,138,2021_1325_1438,1,0.1447222828865051,men_massey_no_coach
M,2021,138,2021_1281_1328,0,0.5391880720853806,men_massey_no_coach
M,2021,138,2021_1140_1417,0,0.5232377499341965,men_massey_no_coach
M,2021,138,2021_1179_1425,0,0.3879020661115646,men_massey_no_coach
M,2021,139,2021_1116_1403,1,0.5938927084207535,men_massey_no_coach
M,2021,139,2021_1124_1458,1,0.8220738396048546,men_massey_no_coach
M,2021,139,2021_1222_1353,1,0.7353440076112747,men_massey_no_coach
M,2021,139,2021_1228_1260,0,0.5540340393781662,men_massey_no_coach
M,2021,139,2021_1196_1331,0,0.8323669508099556,men_massey_no_coach
M,2021,139,2021_1329_1333,0,0.7968520820140839,men_massey_no_coach
M,2021,139,2021_1393_1452,1,0.4019298404455185,men_massey_no_coach
M,2021,139,2021_1317_1437,0,0.3688107132911682,men_massey_no_coach
M,2021,140,2021_1104_1268,1,0.776597835123539,men_massey_no_coach
M,2021,140,2021_1166_1325,1,0.7482122257351875,men_massey_no_coach
M,2021,140,2021_1160_1199,0,0.6340921223163605,men_massey_no_coach
M,2021,140,2021_1211_1328,1,0.8585019260644913,men_massey_no_coach
M,2021,140,2021_1261_1276,0,0.2814034521579742,men_massey_no_coach
M,2021,140,2021_1234_1332,0,0.7052460312843323,men_massey_no_coach
M,2021,140,2021_1101_1417,0,0.5002176761627197,men_massey_no_coach
M,2021,140,2021_1242_1425,0,0.4516926854848861,men_massey_no_coach
M,2021,145,2021_1116_1331,1,0.8685748241841793,men_massey_no_coach
M,2021,145,2021_1124_1437,1,0.8589881360530853,men_massey_no_coach
M,2021,145,2021_1222_1393,1,0.7939440459012985,men_massey_no_coach
M,2021,145,2021_1260_1333,0,0.8580774888396263,men_massey_no_coach
M,2021,146,2021_1166_1211,0,0.2119356989860534,men_massey_no_coach
M,2021,146,2021_1199_1276,0,0.212255947291851,men_massey_no_coach
M,2021,146,2021_1104_1417,0,0.7838688492774963,men_massey_no_coach
M,2021,146,2021_1332_1425,0,0.3258872181177139,men_massey_no_coach
M,2021,147,2021_1116_1124,0,0.2014802694320678,men_massey_no_coach
M,2021,147,2021_1222_1333,1,0.8399540036916733,men_massey_no_coach
M,2021,148,2021_1211_1425,1,0.7874791622161865,men_massey_no_coach
M,2021,148,2021_1276_1417,0,0.7732260227203369,men_massey_no_coach
M,2021,152,2021_1124_1222,1,0.5958874970674515,men_massey_no_coach
M,2021,152,2021_1211_1417,1,0.8209557756781578,men_massey_no_coach
M,2021,154,2021_1124_1211,1,0.3897238969802856,men_massey_no_coach
