Feature,Block,MissingRate,NonMissingRows,UniqueValues,GlobalCorrelation,MedianAbsoluteSeasonCorrelation,SeasonSignConsistency,SeasonCoverage,SeasonCorrelationIQR,StabilityScore,Mandatory,InPrecorrelationPool,Selected,SelectionRank,ExclusionReason,OuterFoldID,InnerFoldID,Model,TargetColumn,SeedAware
matchup__seed_diff,matchup_context,0.0,780,29,-0.49513162520483583,0.48866559097884016,1.0,1.0,0.10396810689969038,0.5993297169389196,True,True,True,1.0,selected,rich_M_2018,rich_M_2018_inner_2015,lgb_classifier,Team1Win,True
diff__massey__strength_mean,massey_consensus,0.0,780,780,0.47640299562727967,0.48161757297403796,1.0,1.0,0.052933760201461844,0.5938677436574812,True,True,True,6.0,selected,rich_M_2018,rich_M_2018_inner_2015,lgb_classifier,Team1Win,True
diff__norm__rating__elo_mov_538__pct,within_season_normalization,0.0,780,570,0.4581930825144817,0.47276656538188455,1.0,1.0,0.046753242690356245,0.5858602998288763,True,True,True,2.0,selected,rich_M_2018,rich_M_2018_inner_2015,lgb_classifier,Team1Win,True
diff__adj__net_rtg_a50p0,opponent_adjusted_efficiency,0.0,780,780,0.45580910027872934,0.4476471956621365,1.0,1.0,0.11225723349001127,0.5706583666395455,True,True,True,5.0,selected,rich_M_2018,rich_M_2018_inner_2015,lgb_classifier,Team1Win,True
diff__compact__margin_trim02,compact_performance,0.0,780,772,0.43677362607295467,0.4233170073860592,1.0,1.0,0.11841491769858653,0.554545764573415,True,True,True,3.0,selected,rich_M_2018,rich_M_2018_inner_2015,lgb_classifier,Team1Win,True
diff__norm__schedule__opponent_strength_mean__pct,within_season_normalization,0.0,780,678,0.4141617693846098,0.3943199579425236,1.0,1.0,0.093716829307249,0.5366404959047355,True,True,True,4.0,selected,rich_M_2018,rich_M_2018_inner_2015,lgb_classifier,Team1Win,True
diff__rating__margin_ridge_a5p0_z,global_strength_ratings,0.0,780,780,0.5033306574100577,0.5061535542869825,1.0,1.0,0.08690882483888257,0.6102100976944089,False,True,True,69.0,selected,rich_M_2018,rich_M_2018_inner_2015,lgb_classifier,Team1Win,True
diff__norm__adj__net_rtg_a10p0__z,within_season_normalization,0.0,780,780,0.4954145036294836,0.4916150245195436,1.0,1.0,0.08293417782604562,0.6016490354548254,False,True,True,25.0,selected,rich_M_2018,rich_M_2018_inner_2015,lgb_classifier,Team1Win,True
diff__norm__schedule__quality_win_points_sum__z,within_season_normalization,0.0,780,780,0.4893951464622306,0.49029835430652835,1.0,1.0,0.07193613343617267,0.6001326969513774,False,True,True,26.0,selected,rich_M_2018,rich_M_2018_inner_2015,lgb_classifier,Team1Win,True
seedprior__team1_prob_pc2p0,prequential_seed_priors,0.0,780,452,0.4964744153172158,0.4901805241867385,1.0,1.0,0.13080765323109161,0.5992787168501783,False,True,True,92.0,selected,rich_M_2018,rich_M_2018_inner_2015,lgb_classifier,Team1Win,True
diff__norm__rating__colley__z,within_season_normalization,0.0,780,780,0.4901600908178202,0.4839476404487706,1.0,1.0,0.07033514344023534,0.5973166816577208,False,True,True,27.0,selected,rich_M_2018,rich_M_2018_inner_2015,lgb_classifier,Team1Win,True
diff__massey__system_pom,massey_consensus,0.0,780,620,0.4644344572009982,0.4888712419821518,1.0,1.0,0.06476796691560971,0.594243058059028,False,True,True,13.0,selected,rich_M_2018,rich_M_2018_inner_2015,lgb_classifier,Team1Win,True
diff__norm__schedule__rpi__z,within_season_normalization,0.0,780,780,0.4778685928875756,0.48181133473761883,1.0,1.0,0.09312630766780994,0.5926754788026113,False,True,True,28.0,selected,rich_M_2018,rich_M_2018_inner_2015,lgb_classifier,Team1Win,True
diff__massey__ordinal_max,massey_consensus,0.0,780,309,-0.4708452680433413,0.48426170643863475,1.0,1.0,0.09828607076307494,0.5921001352295567,False,True,True,14.0,selected,rich_M_2018,rich_M_2018_inner_2015,lgb_classifier,Team1Win,True
diff__massey__system_mor,massey_consensus,0.0,780,614,0.46604447317246167,0.4843641010210372,1.0,1.0,0.08069720420453785,0.5917966644198579,False,True,True,15.0,selected,rich_M_2018,rich_M_2018_inner_2015,lgb_classifier,Team1Win,True
diff__norm__rating__elo_mov_538__z,within_season_normalization,0.0,780,780,0.49130862532870073,0.4726281211548451,1.0,1.0,0.09472921238253351,0.5911602272313384,False,True,True,29.0,selected,rich_M_2018,rich_M_2018_inner_2015,lgb_classifier,Team1Win,True
diff__massey__system_rpi,massey_consensus,0.0,780,612,0.46398347982330407,0.47260865178049216,1.0,1.0,0.04876338900334126,0.5869779828556294,False,True,True,16.0,selected,rich_M_2018,rich_M_2018_inner_2015,lgb_classifier,Team1Win,True
diff__norm__schedule__rpi__pct,within_season_normalization,0.0,780,572,0.45859311709342215,0.47365885909891003,1.0,1.0,0.05491050920468571,0.5860503177598422,False,True,True,30.0,selected,rich_M_2018,rich_M_2018_inner_2015,lgb_classifier,Team1Win,True
diff__norm__rating__bt_c1p0__z,within_season_normalization,0.0,780,780,0.4784952162277465,0.46899033036317206,1.0,1.0,0.11357802241150222,0.5858411852479667,False,True,True,31.0,selected,rich_M_2018,rich_M_2018_inner_2015,lgb_classifier,Team1Win,True
diff__massey__ordinal_std,massey_consensus,0.0,780,780,-0.4686719501176624,0.4682793594596122,1.0,1.0,0.06632579306371511,0.5852288898439509,False,True,True,17.0,selected,rich_M_2018,rich_M_2018_inner_2015,lgb_classifier,Team1Win,True
diff__norm__adj__net_rtg_a10p0__pct,within_season_normalization,0.0,780,564,0.4566252368581916,0.47152851939990026,1.0,1.0,0.08992528304280656,0.5831942300990419,False,True,True,32.0,selected,rich_M_2018,rich_M_2018_inner_2015,lgb_classifier,Team1Win,True
diff__schedule__bad_loss_penalty_sum,schedule_and_accomplishment,0.0,780,779,-0.43915149281932125,0.48149626546833535,1.0,1.0,0.12099458475251629,0.5828917524549511,False,True,True,73.0,selected,rich_M_2018,rich_M_2018_inner_2015,lgb_classifier,Team1Win,True
diff__massey__system_wol,massey_consensus,0.0,780,574,0.46273920244428596,0.4649348740460765,1.0,1.0,0.06546946689680871,0.5823525854039873,False,True,True,18.0,selected,rich_M_2018,rich_M_2018_inner_2015,lgb_classifier,Team1Win,True
diff__schedule__quality_wins,schedule_and_accomplishment,0.0,780,35,0.4692072386637193,0.4654867217795189,1.0,1.0,0.1089460099530496,0.5823013785620652,False,True,True,74.0,selected,rich_M_2018,rich_M_2018_inner_2015,lgb_classifier,Team1Win,True
diff__massey__system_cng,massey_consensus,0.08205128205128205,716,590,0.44400910712293,0.4771289740105438,1.0,1.0,0.0870952951554515,0.576655996721785,False,True,True,19.0,selected,rich_M_2018,rich_M_2018_inner_2015,lgb_classifier,Team1Win,True
diff__compact__half_marginmean_first,compact_performance,0.0,780,720,0.45871168749354363,0.45437273137566137,1.0,1.0,0.08186450275352897,0.5757409021987558,False,True,True,46.0,selected,rich_M_2018,rich_M_2018_inner_2015,lgb_classifier,Team1Win,True
diff__seed__top4,selection_committee_prior,0.0,780,3,0.4461323725367174,0.46046298305604305,1.0,1.0,0.08857652804807126,0.5756282927030556,False,True,True,89.0,selected,rich_M_2018,rich_M_2018_inner_2015,lgb_classifier,Team1Win,True
diff__norm__rating__pagerank_margin__pct,within_season_normalization,0.0,780,623,0.45310822914601107,0.451842750774596,1.0,1.0,0.0781376705414108,0.5734428239622721,False,True,True,33.0,selected,rich_M_2018,rich_M_2018_inner_2015,lgb_classifier,Team1Win,True
diff__norm__schedule__quality_win_points_sum__pct,within_season_normalization,0.0,780,584,0.45356621041376,0.44742016284956454,1.0,1.0,0.042795863339325946,0.5728344099252451,False,True,True,34.0,selected,rich_M_2018,rich_M_2018_inner_2015,lgb_classifier,Team1Win,True
diff__rating__pagerank_binary_z,global_strength_ratings,0.0,780,780,0.44233518945832195,0.45464689270084147,1.0,1.0,0.1056118800916061,0.5713197749735706,False,True,True,70.0,selected,rich_M_2018,rich_M_2018_inner_2015,lgb_classifier,Team1Win,True
diff__massey__system_sel,massey_consensus,0.08205128205128205,716,548,0.44420704172195447,0.4628150254786467,1.0,1.0,0.08192612042967562,0.5700356140272907,False,True,True,20.0,selected,rich_M_2018,rich_M_2018_inner_2015,lgb_classifier,Team1Win,True
diff__massey__strength_iqr,massey_consensus,0.0,780,689,-0.4439400267158127,0.4458892452509242,1.0,1.0,0.049151712690005456,0.5697275750903222,False,True,True,21.0,selected,rich_M_2018,rich_M_2018_inner_2015,lgb_classifier,Team1Win,True
diff__massey__system_bih,massey_consensus,0.08205128205128205,716,545,0.4358634237530193,0.46353214820750327,1.0,1.0,0.08064504194926303,0.5685954801231927,False,True,True,22.0,selected,rich_M_2018,rich_M_2018_inner_2015,lgb_classifier,Team1Win,True
diff__rating__pagerank_margin_z,global_strength_ratings,0.0,780,780,0.4412232911408228,0.44503190054684083,1.0,1.0,0.08819657746395537,0.5671565732149063,False,True,True,71.0,selected,rich_M_2018,rich_M_2018_inner_2015,lgb_classifier,Team1Win,True
diff__massey__ordinal_min,massey_consensus,0.0,780,166,-0.42923546358469616,0.44592777921423343,1.0,1.0,0.05084190662292054,0.5664434597465484,False,True,True,23.0,selected,rich_M_2018,rich_M_2018_inner_2015,lgb_classifier,Team1Win,True
diff__rating__bt_c0p25_z,global_strength_ratings,0.0,780,780,0.4518012799708651,0.43546102999343805,1.0,1.0,0.13263171593113748,0.5631123073531952,False,True,True,72.0,selected,rich_M_2018,rich_M_2018_inner_2015,lgb_classifier,Team1Win,True
matchup__team1_seed,matchup_context,0.0,780,16,-0.44099551221676075,0.43359504825990824,1.0,1.0,0.1007868033910097,0.561113163716803,False,True,True,7.0,selected,rich_M_2018,rich_M_2018_inner_2015,lgb_classifier,Team1Win,True
diff__massey__rank_improvement_std,massey_consensus,0.0,780,780,-0.42723266138759924,0.43465903428536107,1.0,1.0,0.08810072005294034,0.5591034931601274,False,True,True,24.0,selected,rich_M_2018,rich_M_2018_inner_2015,lgb_classifier,Team1Win,True
diff__schedule__oowp,schedule_and_accomplishment,0.0,780,780,0.4247800340518037,0.43194812472308497,1.0,1.0,0.06572328375852293,0.5581577760081367,False,True,True,75.0,selected,rich_M_2018,rich_M_2018_inner_2015,lgb_classifier,Team1Win,True
diff__compact__pythag_exp8p0,compact_performance,0.0,780,780,0.4307298036569803,0.4192801118069235,1.0,1.0,0.09245748421404132,0.5523167111032972,False,True,True,47.0,selected,rich_M_2018,rich_M_2018_inner_2015,lgb_classifier,Team1Win,True
diff__adj__net_rtg_a50p0_percentile,opponent_adjusted_efficiency,0.0,780,562,0.41831032832011683,0.41580737857702327,1.0,1.0,0.08927562334088712,0.5480447890137614,False,True,True,35.0,selected,rich_M_2018,rich_M_2018_inner_2015,lgb_classifier,Team1Win,True
diff__adj__off_rtg_a10p0,opponent_adjusted_efficiency,0.0,780,780,0.39108615689540127,0.4199001015172318,1.0,1.0,0.07017609375844502,0.5447839594949218,False,True,True,36.0,selected,rich_M_2018,rich_M_2018_inner_2015,lgb_classifier,Team1Win,True
matchup__team1_is_seed_favorite,matchup_context,0.0,780,2,0.40521615448820947,0.41520429746548193,1.0,1.0,0.12632716120996712,0.5433925303224387,False,True,True,8.0,selected,rich_M_2018,rich_M_2018_inner_2015,lgb_classifier,Team1Win,True
diff__compact__upside_tail_mean,compact_performance,0.0,780,772,0.4248627009213712,0.3977020414135387,1.0,1.0,0.15466661815139593,0.5381801093551444,False,True,True,48.0,selected,rich_M_2018,rich_M_2018_inner_2015,lgb_classifier,Team1Win,True
diff__schedule__top_quartile_games,schedule_and_accomplishment,0.0,780,40,0.40881400247598115,0.3946916075364089,1.0,1.0,0.05072679434875599,0.5373619803882418,False,True,True,76.0,selected,rich_M_2018,rich_M_2018_inner_2015,lgb_classifier,Team1Win,True
diff__compact__wins,compact_performance,0.0,780,31,0.39754708694351754,0.3997909151791513,1.0,1.0,0.09656582275882258,0.5354973655032135,False,True,True,49.0,selected,rich_M_2018,rich_M_2018_inner_2015,lgb_classifier,Team1Win,True
diff__seed__top8,selection_committee_prior,0.0,780,3,0.399925748385176,0.3907183079492731,1.0,1.0,0.06183191166125157,0.5330551759939398,False,True,True,90.0,selected,rich_M_2018,rich_M_2018_inner_2015,lgb_classifier,Team1Win,True
diff__schedule__opponent_strength_median,schedule_and_accomplishment,0.0,780,774,0.38935338315153556,0.39170207757115133,1.0,1.0,0.09673796229392084,0.5298052230357335,False,True,True,77.0,selected,rich_M_2018,rich_M_2018_inner_2015,lgb_classifier,Team1Win,True
diff__compact__margin_median,compact_performance,0.0,780,63,0.370948044774179,0.40546190208245314,1.0,1.0,0.19261120529747433,0.5285258346379978,False,True,True,50.0,selected,rich_M_2018,rich_M_2018_inner_2015,lgb_classifier,Team1Win,True
diff__compact__blowout_win10_rate,compact_performance,0.0,780,626,0.3850924108011085,0.3968855115701604,1.0,1.0,0.19117894321859263,0.5275782182011771,False,True,True,51.0,selected,rich_M_2018,rich_M_2018_inner_2015,lgb_classifier,Team1Win,True
diff__compact__home_margin_mean,compact_performance,0.0,780,766,0.3956040422056956,0.38524703280969064,1.0,1.0,0.15357182452085555,0.5258085920530703,False,True,True,52.0,selected,rich_M_2018,rich_M_2018_inner_2015,lgb_classifier,Team1Win,True
diff__schedule__elite_wins,schedule_and_accomplishment,0.0,780,20,0.3764818728091539,0.3838803530004586,1.0,1.0,0.052057316830873224,0.5250062887849991,False,True,True,78.0,selected,rich_M_2018,rich_M_2018_inner_2015,lgb_classifier,Team1Win,True
diff__compact__half_winpct_first,compact_performance,0.0,780,334,0.38499476572895425,0.3778653666352633,1.0,1.0,0.0867947292257179,0.5226024352762676,False,True,True,53.0,selected,rich_M_2018,rich_M_2018_inner_2015,lgb_classifier,Team1Win,True
diff__adj__def_rtg_a10p0,opponent_adjusted_efficiency,0.0,780,780,-0.37056691217262105,0.3835189438943001,1.0,1.0,0.1317252739215371,0.5203448027903791,False,True,True,37.0,selected,rich_M_2018,rich_M_2018_inner_2015,lgb_classifier,Team1Win,True
diff__compact__blowout_win20_rate,compact_performance,0.0,780,635,0.3862695324337972,0.359676647833166,1.0,1.0,0.13361130582048492,0.5122796358625356,False,True,True,54.0,selected,rich_M_2018,rich_M_2018_inner_2015,lgb_classifier,Team1Win,True
diff__schedule__owp,schedule_and_accomplishment,0.0,780,780,0.37456429721673695,0.3596073575772051,1.0,1.0,0.07339637605033966,0.512079821982727,False,True,True,79.0,selected,rich_M_2018,rich_M_2018_inner_2015,lgb_classifier,Team1Win,True
matchup__team2_seed,matchup_context,0.0,780,16,0.3506971896589563,0.3746487771908607,1.0,1.0,0.1698749899684195,0.5101897951778468,False,True,True,9.0,selected,rich_M_2018,rich_M_2018_inner_2015,lgb_classifier,Team1Win,True
diff__adj__off_rtg_a50p0,opponent_adjusted_efficiency,0.0,780,780,0.34644539045026507,0.3694058586108294,1.0,1.0,0.09489328400704627,0.5097370666719745,False,True,True,38.0,selected,rich_M_2018,rich_M_2018_inner_2015,lgb_classifier,Team1Win,True
diff__compact__margin_q90,compact_performance,0.0,780,317,0.3838581601479353,0.35553787656339836,1.0,1.0,0.13875613915285495,0.5095567304168628,False,True,True,55.0,selected,rich_M_2018,rich_M_2018_inner_2015,lgb_classifier,Team1Win,True
diff__compact__margin_q25,compact_performance,0.0,780,129,0.3668162346367288,0.3646330780246084,1.0,1.0,0.18640483422543463,0.508267255702875,False,True,True,56.0,selected,rich_M_2018,rich_M_2018_inner_2015,lgb_classifier,Team1Win,True
diff__compact__win_pct,compact_performance,0.0,780,622,0.3609778477901351,0.3617450381772212,1.0,1.0,0.17850075008884764,0.505912714835342,False,True,True,57.0,selected,rich_M_2018,rich_M_2018_inner_2015,lgb_classifier,Team1Win,True
diff__compact__margin_q75,compact_performance,0.0,780,133,0.38634638354424594,0.34838889110802007,1.0,1.0,0.18942676655971935,0.5046458014491949,False,True,True,58.0,selected,rich_M_2018,rich_M_2018_inner_2015,lgb_classifier,Team1Win,True
diff__compact__blowout_loss10_rate,compact_performance,0.0,780,498,-0.3243667368219051,0.3718741232761166,1.0,1.0,0.13589620433105704,0.5044244131001128,False,True,True,59.0,selected,rich_M_2018,rich_M_2018_inner_2015,lgb_classifier,Team1Win,True
diff__compact__downside_tail_mean,compact_performance,0.0,780,755,-0.3598897136456307,0.35408801141676816,1.0,1.0,0.1410450073174172,0.5034961821893907,False,True,True,60.0,selected,rich_M_2018,rich_M_2018_inner_2015,lgb_classifier,Team1Win,True
diff__compact__half_delta_marginmean,compact_performance,0.0,780,770,-0.33778400687362775,0.3562171049678382,1.0,1.0,0.0905305275430916,0.5016754707950367,False,True,True,61.0,selected,rich_M_2018,rich_M_2018_inner_2015,lgb_classifier,Team1Win,True
diff__compact__margin_slope,compact_performance,0.0,780,780,-0.3429308456346163,0.3498704666407745,1.0,1.0,0.12079122064019443,0.49855096120157955,False,True,True,62.0,selected,rich_M_2018,rich_M_2018_inner_2015,lgb_classifier,Team1Win,True
diff__compact__ewm_h10_margin,compact_performance,0.0,780,780,0.3495582987600803,0.3471189887279279,1.0,1.0,0.20110740127653237,0.4954756442655618,False,True,True,63.0,selected,rich_M_2018,rich_M_2018_inner_2015,lgb_classifier,Team1Win,True
diff__compact__ewm_h20_margin,compact_performance,0.0,780,780,0.3390289113240404,0.33656097053134826,1.0,1.0,0.12928568481044672,0.49096419895391813,False,True,True,64.0,selected,rich_M_2018,rich_M_2018_inner_2015,lgb_classifier,Team1Win,True
diff__schedule__bad_losses,schedule_and_accomplishment,0.0,780,13,-0.31229543653829767,0.34230796379070383,1.0,1.0,0.07854304807495582,0.4898710967349651,False,True,True,80.0,selected,rich_M_2018,rich_M_2018_inner_2015,lgb_classifier,Team1Win,True
diff__compact__away_games,compact_performance,0.0,780,19,-0.34012938074006493,0.3308554619649443,1.0,1.0,0.09985389635979508,0.4896449296515958,False,True,True,65.0,selected,rich_M_2018,rich_M_2018_inner_2015,lgb_classifier,Team1Win,True
diff__compact__margin_q10,compact_performance,0.0,780,279,0.33999251566248523,0.33148661090824766,1.0,1.0,0.17522214553960191,0.4869030408601215,False,True,True,66.0,selected,rich_M_2018,rich_M_2018_inner_2015,lgb_classifier,Team1Win,True
diff__schedule__top_decile_games,schedule_and_accomplishment,0.0,780,29,0.31721918749306544,0.32377582633596447,1.0,1.0,0.15183297707067145,0.47912729880691046,False,True,True,81.0,selected,rich_M_2018,rich_M_2018_inner_2015,lgb_classifier,Team1Win,True
diff__adj__def_rtg_a50p0,opponent_adjusted_efficiency,0.0,780,780,-0.30116596904628534,0.32277306758010793,1.0,1.0,0.1445885114241854,0.4754040451716672,False,True,True,39.0,selected,rich_M_2018,rich_M_2018_inner_2015,lgb_classifier,Team1Win,True
diff__compact__away_margin_mean,compact_performance,0.0,780,746,0.31086908058353896,0.30954594861306084,1.0,1.0,0.14206440354408206,0.47129067692088444,False,True,True,67.0,selected,rich_M_2018,rich_M_2018_inner_2015,lgb_classifier,Team1Win,True
diff__compact__half_pointsformean_first,compact_performance,0.0,780,717,0.30199907144580884,0.30590560585751286,1.0,1.0,0.0988857462828297,0.46931905667837087,False,True,True,68.0,selected,rich_M_2018,rich_M_2018_inner_2015,lgb_classifier,Team1Win,True
diff__seed__playin,selection_committee_prior,0.0,780,3,-0.09422336955568639,0.12798846592562396,0.8333333333333334,1.0,0.03140611326489484,0.31424069374928804,False,True,True,91.0,selected,rich_M_2018,rich_M_2018_inner_2015,lgb_classifier,Team1Win,True
diff__schedule__opponent_strength_std,schedule_and_accomplishment,0.0,780,780,0.1370338018352301,0.14483233079075453,0.6666666666666666,1.0,0.12147047070591913,0.30147480302174273,False,True,True,82.0,selected,rich_M_2018,rich_M_2018_inner_2015,lgb_classifier,Team1Win,True
absdiff__schedule__opponent_strength_median,schedule_and_accomplishment,0.0,780,771,-0.05260269134904502,0.15096970653274627,0.6666666666666666,1.0,0.12266299181651377,0.2857981982265142,False,True,True,83.0,selected,rich_M_2018,rich_M_2018_inner_2015,lgb_classifier,Team1Win,True
absdiff__schedule__opponent_strength_mean,schedule_and_accomplishment,0.0,780,780,-0.04812718786226215,0.13979743415384913,0.5,1.0,0.17110359288261753,0.2508466060082405,False,True,True,84.0,selected,rich_M_2018,rich_M_2018_inner_2015,lgb_classifier,Team1Win,True
seedprior__favorite_seed_games,prequential_seed_priors,0.0,780,92,0.04649565597449526,0.07542872625020111,0.6666666666666666,1.0,0.06388881568880855,0.2505459469535998,False,True,True,93.0,selected,rich_M_2018,rich_M_2018_inner_2015,lgb_classifier,Team1Win,True
absdiff__schedule__quality_win_points_mean,schedule_and_accomplishment,0.0,780,780,-0.035034511088868174,0.07654665594657156,0.6666666666666666,1.0,0.0694823467899618,0.24833736008897356,False,True,True,85.0,selected,rich_M_2018,rich_M_2018_inner_2015,lgb_classifier,Team1Win,True
absdiff__schedule__oowp,schedule_and_accomplishment,0.0,780,780,-0.0460182370851346,0.12693310621881687,0.5,1.0,0.15149431003674513,0.2449921307422919,False,True,True,86.0,selected,rich_M_2018,rich_M_2018_inner_2015,lgb_classifier,Team1Win,True
absdiff__schedule__quality_wins,schedule_and_accomplishment,0.0,780,19,-0.06652804992156451,0.10527981104755821,0.5,1.0,0.08118685306987439,0.24192300616277715,False,True,True,87.0,selected,rich_M_2018,rich_M_2018_inner_2015,lgb_classifier,Team1Win,True
seedprior__pooled_pair_games,prequential_seed_priors,0.041025641025641026,748,104,-0.05853757048137998,0.11616357284435111,0.5,1.0,0.16746838876110914,0.23865599363869647,False,True,True,94.0,selected,rich_M_2018,rich_M_2018_inner_2015,lgb_classifier,Team1Win,True
absdiff__schedule__top_quartile_games,schedule_and_accomplishment,0.0,780,22,-0.05815560664967547,0.1404872316923955,0.3333333333333333,1.0,0.17193462026332199,0.22668405319807888,False,True,True,88.0,selected,rich_M_2018,rich_M_2018_inner_2015,lgb_classifier,Team1Win,True
matchup__seed_gap_abs,matchup_context,0.0,780,15,-0.026428842897572167,0.07357068000609678,0.5,1.0,0.08470505217930338,0.2177400697532202,False,True,True,10.0,selected,rich_M_2018,rich_M_2018_inner_2015,lgb_classifier,Team1Win,True
seedprior__exact_pair_games,prequential_seed_priors,0.0,780,79,-0.05593049186520722,0.12661761929371446,0.3333333333333333,1.0,0.2235938736964625,0.21747074385680334,False,True,True,95.0,selected,rich_M_2018,rich_M_2018_inner_2015,lgb_classifier,Team1Win,True
seedprior__effective_games_pc2p0,prequential_seed_priors,0.0,780,236,0.036823634255746265,0.09325231860426439,0.3333333333333333,1.0,0.1278185107340536,0.20108290537028228,False,True,True,96.0,selected,rich_M_2018,rich_M_2018_inner_2015,lgb_classifier,Team1Win,True
seedprior__generic_gender_games,prequential_seed_priors,0.0,780,13,0.02742798470497643,0.1111111111111111,0.16666666666666666,1.0,0.21234563468817702,0.17754033124756774,False,True,True,97.0,selected,rich_M_2018,rich_M_2018_inner_2015,lgb_classifier,Team1Win,True
matchup__equal_seed,matchup_context,0.0,780,2,-0.010806375252628748,0.1111111111111111,0.16666666666666666,1.0,0.21234563468817708,0.17388357716805125,False,True,True,11.0,selected,rich_M_2018,rich_M_2018_inner_2015,lgb_classifier,Team1Win,True
absdiff__adj__net_rtg_a10p0_z,opponent_adjusted_efficiency,0.0,780,780,0.014513232848921698,0.10172184529621783,0.16666666666666666,1.0,0.20561805387000562,0.1704613414808138,False,True,True,40.0,selected,rich_M_2018,rich_M_2018_inner_2015,lgb_classifier,Team1Win,True
absdiff__adj__net_rtg_a10p0_percentile,opponent_adjusted_efficiency,0.0,780,460,-0.027822716286185014,0.09092084097371536,0.16666666666666666,1.0,0.15900256837532045,0.17006956518199795,False,True,True,41.0,selected,rich_M_2018,rich_M_2018_inner_2015,lgb_classifier,Team1Win,True
absdiff__adj__off_rtg_a50p0,opponent_adjusted_efficiency,0.0,780,780,0.011340005472349162,0.07709266504223627,0.16666666666666666,1.0,0.12125367156618143,0.16131580022820965,False,True,True,42.0,selected,rich_M_2018,rich_M_2018_inner_2015,lgb_classifier,Team1Win,True
absdiff__adj__net_rtg_a50p0_percentile,opponent_adjusted_efficiency,0.0,780,448,-0.016218426297925064,0.07451376956370032,0.16666666666666666,1.0,0.14480585336852034,0.16020909570804553,False,True,True,43.0,selected,rich_M_2018,rich_M_2018_inner_2015,lgb_classifier,Team1Win,True
absdiff__adj__def_rtg_a10p0,opponent_adjusted_efficiency,0.0,780,780,-0.007407502896175875,0.09426653995351753,0.0,1.0,0.1545293506894525,0.14069641578726902,False,True,True,44.0,selected,rich_M_2018,rich_M_2018_inner_2015,lgb_classifier,Team1Win,True
absdiff__adj__net_rtg_a50p0_z,opponent_adjusted_efficiency,0.0,780,780,0.04088641523278253,0.0711072342654975,0.0,1.0,0.14665218288494425,0.13726039648325317,False,True,True,45.0,selected,rich_M_2018,rich_M_2018_inner_2015,lgb_classifier,Team1Win,True
context__season_centered_2000,matchup_context,0.0,780,12,0.03498048447684615,0.0,0.0,1.0,0.0,0.10769570658490615,False,True,True,12.0,selected,rich_M_2018,rich_M_2018_inner_2015,lgb_classifier,Team1Win,True
matchup__seed_diff,matchup_context,0.0,847,29,-0.49845838336031423,0.5220375117028367,1.0,1.0,0.0971371394867388,0.6163533643771613,True,True,True,1.0,selected,rich_M_2018,rich_M_2018_inner_2016,lgb_classifier,Team1Win,True
diff__massey__strength_mean,massey_consensus,0.0,847,847,0.47435977115848893,0.4770799010375618,1.0,1.0,0.04163473700804737,0.5916921126725753,True,True,True,6.0,selected,rich_M_2018,rich_M_2018_inner_2016,lgb_classifier,Team1Win,True
diff__norm__rating__elo_mov_538__pct,within_season_normalization,0.0,847,607,0.4555620744654231,0.4598317394630629,1.0,1.0,0.060196560080345185,0.5785350289214495,True,True,True,2.0,selected,rich_M_2018,rich_M_2018_inner_2016,lgb_classifier,Team1Win,True
diff__adj__net_rtg_a50p0,opponent_adjusted_efficiency,0.0,847,847,0.4581664994466466,0.4573843717200805,1.0,1.0,0.08658122395416923,0.5768778793457341,True,True,True,5.0,selected,rich_M_2018,rich_M_2018_inner_2016,lgb_classifier,Team1Win,True
diff__compact__margin_trim02,compact_performance,0.0,847,837,0.44079139467736966,0.4262834304115841,1.0,1.0,0.11348937706106732,0.557050578344139,True,True,True,3.0,selected,rich_M_2018,rich_M_2018_inner_2016,lgb_classifier,Team1Win,True
diff__norm__schedule__opponent_strength_mean__pct,within_season_normalization,0.0,847,723,0.41758850190304087,0.39882872582764206,1.0,1.0,0.0900514903833406,0.5397051992006036,True,True,True,4.0,selected,rich_M_2018,rich_M_2018_inner_2016,lgb_classifier,Team1Win,True
seedprior__team1_prob_pc2p0,prequential_seed_priors,0.0,847,490,0.49858231525331653,0.5274217642751469,1.0,1.0,0.12520960679839555,0.6178421719358643,False,True,True,68.0,selected,rich_M_2018,rich_M_2018_inner_2016,lgb_classifier,Team1Win,True
diff__rating__margin_ridge_a5p0,global_strength_ratings,0.0,847,847,0.5071801693503208,0.506437545274714,1.0,1.0,0.07686428010585661,0.611595087784699,False,True,True,78.0,selected,rich_M_2018,rich_M_2018_inner_2016,lgb_classifier,Team1Win,True
diff__norm__rating__colley__z,within_season_normalization,0.0,847,847,0.4907856696995442,0.5015468022338618,1.0,1.0,0.06417075165563457,0.606148482339928,False,True,True,25.0,selected,rich_M_2018,rich_M_2018_inner_2016,lgb_classifier,Team1Win,True
diff__norm__rating__margin_ridge_a25p0__z,within_season_normalization,0.0,847,847,0.4960908854046311,0.4993604492529357,1.0,1.0,0.08380655242628393,0.6054807483333766,False,True,True,26.0,selected,rich_M_2018,rich_M_2018_inner_2016,lgb_classifier,Team1Win,True
diff__norm__schedule__quality_win_points_sum__z,within_season_normalization,0.0,847,847,0.49123687441264857,0.4940372623483211,1.0,1.0,0.0725071850886902,0.6023097108944292,False,True,True,27.0,selected,rich_M_2018,rich_M_2018_inner_2016,lgb_classifier,Team1Win,True
diff__norm__schedule__rpi__z,within_season_normalization,0.0,847,847,0.4787286170482409,0.49149593362771976,1.0,1.0,0.08556837064293188,0.5978156090662011,False,True,True,28.0,selected,rich_M_2018,rich_M_2018_inner_2016,lgb_classifier,Team1Win,True
diff__norm__rating__elo_mov_538__z,within_season_normalization,0.0,847,847,0.49208241668449987,0.48141483251571476,1.0,1.0,0.09022934280657757,0.5957280775658699,False,True,True,29.0,selected,rich_M_2018,rich_M_2018_inner_2016,lgb_classifier,Team1Win,True
diff__massey__system_pom,massey_consensus,0.0,847,652,0.46355148136616664,0.48851665929054255,1.0,1.0,0.05092951753357472,0.5944321416586741,False,True,True,13.0,selected,rich_M_2018,rich_M_2018_inner_2016,lgb_classifier,Team1Win,True
diff__massey__ordinal_max,massey_consensus,0.0,847,321,-0.4714719351396646,0.4811898598249749,1.0,1.0,0.0839832708885268,0.5913356276111731,False,True,True,14.0,selected,rich_M_2018,rich_M_2018_inner_2016,lgb_classifier,Team1Win,True
diff__massey__system_mor,massey_consensus,0.0,847,650,0.46583362545351875,0.4792158946890733,1.0,1.0,0.06876850746069396,0.5897562867521015,False,True,True,15.0,selected,rich_M_2018,rich_M_2018_inner_2016,lgb_classifier,Team1Win,True
diff__massey__ordinal_std,massey_consensus,0.0,847,847,-0.4725301345823781,0.47047386564002164,1.0,1.0,0.0787150140581917,0.5866354845530058,False,True,True,16.0,selected,rich_M_2018,rich_M_2018_inner_2016,lgb_classifier,Team1Win,True
diff__norm__rating__bt_c1p0__z,within_season_normalization,0.0,847,847,0.4791238822923528,0.46972539357822896,1.0,1.0,0.10861027690140285,0.5865310319458114,False,True,True,30.0,selected,rich_M_2018,rich_M_2018_inner_2016,lgb_classifier,Team1Win,True
diff__massey__system_rpi,massey_consensus,0.0,847,665,0.46086137821821155,0.4720683261175037,1.0,1.0,0.06469501868769706,0.5853944989969004,False,True,True,17.0,selected,rich_M_2018,rich_M_2018_inner_2016,lgb_classifier,Team1Win,True
diff__norm__schedule__rpi__pct,within_season_normalization,0.0,847,609,0.4577325878195798,0.47158503610289393,1.0,1.0,0.05150037102798577,0.5850019718085773,False,True,True,31.0,selected,rich_M_2018,rich_M_2018_inner_2016,lgb_classifier,Team1Win,True
diff__schedule__quality_wins,schedule_and_accomplishment,0.0,847,36,0.46837978472457226,0.46578605802697826,1.0,1.0,0.10562430089196367,0.5823958884566769,False,True,True,82.0,selected,rich_M_2018,rich_M_2018_inner_2016,lgb_classifier,Team1Win,True
diff__schedule__bad_loss_penalty_sum,schedule_and_accomplishment,0.0,847,846,-0.4359406698263006,0.48120796268984994,1.0,1.0,0.11565874551941924,0.5822604196321373,False,True,True,83.0,selected,rich_M_2018,rich_M_2018_inner_2016,lgb_classifier,Team1Win,True
diff__norm__adj__net_rtg_a10p0__pct,within_season_normalization,0.0,847,609,0.45393399857126243,0.4678044897674765,1.0,1.0,0.08383198191643859,0.5810583554974089,False,True,True,32.0,selected,rich_M_2018,rich_M_2018_inner_2016,lgb_classifier,Team1Win,True
diff__norm__rating__pagerank_margin__pct,within_season_normalization,0.0,847,662,0.45453491845222366,0.46001003734036877,1.0,1.0,0.06392755579801218,0.5782453977509456,False,True,True,33.0,selected,rich_M_2018,rich_M_2018_inner_2016,lgb_classifier,Team1Win,True
diff__compact__half_marginmean_first,compact_performance,0.0,847,782,0.464795277821783,0.4554948236162775,1.0,1.0,0.08212618064973337,0.5776074292306161,False,True,True,45.0,selected,rich_M_2018,rich_M_2018_inner_2016,lgb_classifier,Team1Win,True
diff__rating__pagerank_binary_z,global_strength_ratings,0.0,847,847,0.44765038545501246,0.46334142391190414,1.0,1.0,0.10274899927209563,0.5767770083069329,False,True,True,79.0,selected,rich_M_2018,rich_M_2018_inner_2016,lgb_classifier,Team1Win,True
diff__rating__bt_c0p25_z,global_strength_ratings,0.0,847,847,0.45117661284638183,0.4609654714153358,1.0,1.0,0.1288341054254859,0.5753689168885457,False,True,True,80.0,selected,rich_M_2018,rich_M_2018_inner_2016,lgb_classifier,Team1Win,True
diff__seed__top4,selection_committee_prior,0.0,847,3,0.44322952930625215,0.45993310550389993,1.0,1.0,0.0833464234597115,0.5749445301508589,False,True,True,75.0,selected,rich_M_2018,rich_M_2018_inner_2016,lgb_classifier,Team1Win,True
diff__massey__system_wol,massey_consensus,0.0,847,611,0.45893418080166404,0.45270538840591196,1.0,1.0,0.08426353171144702,0.5748935649427459,False,True,True,18.0,selected,rich_M_2018,rich_M_2018_inner_2016,lgb_classifier,Team1Win,True
diff__massey__system_cng,massey_consensus,0.0755608028335301,783,628,0.444394224700073,0.4702668678328965,1.0,1.0,0.08060120847152413,0.574225913428263,False,True,True,19.0,selected,rich_M_2018,rich_M_2018_inner_2016,lgb_classifier,Team1Win,True
diff__massey__strength_iqr,massey_consensus,0.0,847,728,-0.4472988326277863,0.4516472086834899,1.0,1.0,0.06090383202915134,0.5727602500650221,False,True,True,20.0,selected,rich_M_2018,rich_M_2018_inner_2016,lgb_classifier,Team1Win,True
diff__rating__elo_season_reset_mov,dynamic_ratings,0.0,847,847,0.45550344582126223,0.450878843328456,1.0,1.0,0.10903923899321227,0.5722710333186082,False,True,True,99.0,selected,rich_M_2018,rich_M_2018_inner_2016,lgb_classifier,Team1Win,True
diff__rating__elo_standard_z,dynamic_ratings,0.0,847,847,0.463835205635047,0.4442226004749435,1.0,1.0,0.1220670710093339,0.5703879106273098,False,True,True,100.0,selected,rich_M_2018,rich_M_2018_inner_2016,lgb_classifier,Team1Win,True
diff__rating__pagerank_margin_z,global_strength_ratings,0.0,847,847,0.44869821232316953,0.4486285874554335,1.0,1.0,0.11477102679265683,0.5694644876179991,False,True,True,81.0,selected,rich_M_2018,rich_M_2018_inner_2016,lgb_classifier,Team1Win,True
diff__massey__system_sel,massey_consensus,0.0755608028335301,783,578,0.444357443554454,0.4596554089328152,1.0,1.0,0.07496628465456034,0.5693497182568664,False,True,True,21.0,selected,rich_M_2018,rich_M_2018_inner_2016,lgb_classifier,Team1Win,True
diff__massey__system_bih,massey_consensus,0.0755608028335301,783,583,0.4350591592774373,0.4578997496100996,1.0,1.0,0.07348883801107209,0.5665204771067588,False,True,True,22.0,selected,rich_M_2018,rich_M_2018_inner_2016,lgb_classifier,Team1Win,True
diff__schedule__oowp,schedule_and_accomplishment,0.0,847,847,0.42985548094173914,0.4439543530600775,1.0,1.0,0.07026383840813788,0.5648557417396943,False,True,True,84.0,selected,rich_M_2018,rich_M_2018_inner_2016,lgb_classifier,Team1Win,True
diff__massey__strength_max,massey_consensus,0.0,847,566,0.4273185957022173,0.44291136845707346,1.0,1.0,0.0743173482382063,0.5636348539843548,False,True,True,23.0,selected,rich_M_2018,rich_M_2018_inner_2016,lgb_classifier,Team1Win,True
matchup__team1_seed,matchup_context,0.0,847,16,-0.4473008636022774,0.43522210696604186,1.0,1.0,0.10484627294076776,0.5631189504185704,False,True,True,7.0,selected,rich_M_2018,rich_M_2018_inner_2016,lgb_classifier,Team1Win,True
diff__massey__rank_improvement_std,massey_consensus,0.0,847,847,-0.43435763135342226,0.4401313442612918,1.0,1.0,0.10415656291510011,0.5626554616265689,False,True,True,24.0,selected,rich_M_2018,rich_M_2018_inner_2016,lgb_classifier,Team1Win,True
diff__compact__pythag_exp8p0,compact_performance,0.0,847,847,0.43333691725063384,0.43171541040414907,1.0,1.0,0.0754345977536024,0.5595401348789869,False,True,True,46.0,selected,rich_M_2018,rich_M_2018_inner_2016,lgb_classifier,Team1Win,True
diff__rating__elo_standard_percentile,dynamic_ratings,0.0,847,614,0.42943092911341385,0.43075232638584365,1.0,1.0,0.055951735109675216,0.558997851665769,False,True,True,101.0,selected,rich_M_2018,rich_M_2018_inner_2016,lgb_classifier,Team1Win,True
diff__rating__elo_season_reset_mov_percentile,dynamic_ratings,0.0,847,594,0.4164827271400354,0.4306016695570071,1.0,1.0,0.08279896552728061,0.55500304273708,False,True,True,102.0,selected,rich_M_2018,rich_M_2018_inner_2016,lgb_classifier,Team1Win,True
diff__adj__off_rtg_a10p0,opponent_adjusted_efficiency,0.0,847,847,0.3973158741112276,0.424550689873839,1.0,1.0,0.07199523702523425,0.5483140139629034,False,True,True,34.0,selected,rich_M_2018,rich_M_2018_inner_2016,lgb_classifier,Team1Win,True
matchup__team1_is_seed_favorite,matchup_context,0.0,847,2,0.4189893989665805,0.4197552742803491,1.0,1.0,0.15257398213201862,0.5475572401419345,False,True,True,8.0,selected,rich_M_2018,rich_M_2018_inner_2016,lgb_classifier,Team1Win,True
diff__adj__net_rtg_a50p0_percentile,opponent_adjusted_efficiency,0.0,847,597,0.4157519934735507,0.41152175435137156,1.0,1.0,0.08862176657906035,0.545451009989677,False,True,True,35.0,selected,rich_M_2018,rich_M_2018_inner_2016,lgb_classifier,Team1Win,True
diff__compact__wins,compact_performance,0.0,847,32,0.39927211950992364,0.4162611652537803,1.0,1.0,0.08824802918958652,0.5441153044464143,False,True,True,47.0,selected,rich_M_2018,rich_M_2018_inner_2016,lgb_classifier,Team1Win,True
diff__schedule__opponent_strength_mean,schedule_and_accomplishment,0.0,847,847,0.40370245915507086,0.40689245608829355,1.0,1.0,0.04480120930206,0.5423308715644142,False,True,True,85.0,selected,rich_M_2018,rich_M_2018_inner_2016,lgb_classifier,Team1Win,True
diff__compact__upside_tail_mean,compact_performance,0.0,847,835,0.4329726386268654,0.401477391091249,1.0,1.0,0.15954255853210036,0.5415814258804259,False,True,True,48.0,selected,rich_M_2018,rich_M_2018_inner_2016,lgb_classifier,Team1Win,True
diff__schedule__top_quartile_games,schedule_and_accomplishment,0.0,847,40,0.40882938158286825,0.3996001855013119,1.0,1.0,0.042251395159428884,0.5400604971824835,False,True,True,86.0,selected,rich_M_2018,rich_M_2018_inner_2016,lgb_classifier,Team1Win,True
diff__seed__top8,selection_committee_prior,0.0,847,3,0.40923178484103395,0.3953993239946186,1.0,1.0,0.07445291799772386,0.5368445514625354,False,True,True,76.0,selected,rich_M_2018,rich_M_2018_inner_2016,lgb_classifier,Team1Win,True
diff__compact__blowout_win10_rate,compact_performance,0.0,847,670,0.39160284735341705,0.40594279947394163,1.0,1.0,0.18372935863239587,0.5336559958199479,False,True,True,49.0,selected,rich_M_2018,rich_M_2018_inner_2016,lgb_classifier,Team1Win,True
diff__compact__home_margin_mean,compact_performance,0.0,847,826,0.40289402271523794,0.3937584071297062,1.0,1.0,0.1485391477887983,0.5316991545080594,False,True,True,50.0,selected,rich_M_2018,rich_M_2018_inner_2016,lgb_classifier,Team1Win,True
diff__rating__elo_mov_538_preseason,dynamic_ratings,0.0,847,847,0.38904558501536496,0.392361259685526,1.0,1.0,0.05630223593392997,0.5316713439150755,False,True,True,103.0,selected,rich_M_2018,rich_M_2018_inner_2016,lgb_classifier,Team1Win,True
diff__compact__margin_median,compact_performance,0.0,847,66,0.37313711866426114,0.3958833259427635,1.0,1.0,0.16226282189425434,0.5256236496828938,False,True,True,51.0,selected,rich_M_2018,rich_M_2018_inner_2016,lgb_classifier,Team1Win,True
diff__compact__half_winpct_first,compact_performance,0.0,847,342,0.3875153961892663,0.3819449981380126,1.0,1.0,0.07916678482681233,0.5254203148748121,False,True,True,52.0,selected,rich_M_2018,rich_M_2018_inner_2016,lgb_classifier,Team1Win,True
diff__schedule__elite_wins,schedule_and_accomplishment,0.0,847,22,0.376126928042474,0.3827549729800212,1.0,1.0,0.02705414541464307,0.5253881453831687,False,True,True,87.0,selected,rich_M_2018,rich_M_2018_inner_2016,lgb_classifier,Team1Win,True
diff__schedule__opponent_strength_median,schedule_and_accomplishment,0.0,847,841,0.3874001428985059,0.381765773873047,1.0,1.0,0.08982506111148958,0.5248826004522743,False,True,True,88.0,selected,rich_M_2018,rich_M_2018_inner_2016,lgb_classifier,Team1Win,True
diff__adj__off_rtg_a50p0,opponent_adjusted_efficiency,0.0,847,847,0.35278791888560146,0.38019455187594775,1.0,1.0,0.090077543491349,0.5165036253156333,False,True,True,36.0,selected,rich_M_2018,rich_M_2018_inner_2016,lgb_classifier,Team1Win,True
diff__adj__def_rtg_a10p0,opponent_adjusted_efficiency,0.0,847,847,-0.3697860685273434,0.3741178218249764,1.0,1.0,0.11519996820936285,0.5163214908236298,False,True,True,37.0,selected,rich_M_2018,rich_M_2018_inner_2016,lgb_classifier,Team1Win,True
diff__compact__margin_q90,compact_performance,0.0,847,329,0.39504133374609796,0.3638416097160531,1.0,1.0,0.13707375370105312,0.5160701159398049,False,True,True,53.0,selected,rich_M_2018,rich_M_2018_inner_2016,lgb_classifier,Team1Win,True
diff__schedule__owp,schedule_and_accomplishment,0.0,847,847,0.37762992893216224,0.36131931127767347,1.0,1.0,0.0608708025952866,0.5140770216745475,False,True,True,89.0,selected,rich_M_2018,rich_M_2018_inner_2016,lgb_classifier,Team1Win,True
diff__compact__blowout_win20_rate,compact_performance,0.0,847,671,0.3961896942174224,0.3612043643048205,1.0,1.0,0.16260870079512846,0.5140354795623416,False,True,True,54.0,selected,rich_M_2018,rich_M_2018_inner_2016,lgb_classifier,Team1Win,True
diff__compact__margin_q25,compact_performance,0.0,847,133,0.36599674557047124,0.3715458265707226,1.0,1.0,0.17881563782777493,0.5117086552663395,False,True,True,55.0,selected,rich_M_2018,rich_M_2018_inner_2016,lgb_classifier,Team1Win,True
diff__compact__ewm_h10_margin,compact_performance,0.0,847,847,0.3588037050358874,0.37529443697932957,1.0,1.0,0.2079625997381674,0.5107596408684467,False,True,True,56.0,selected,rich_M_2018,rich_M_2018_inner_2016,lgb_classifier,Team1Win,True
diff__compact__margin_q75,compact_performance,0.0,847,136,0.39914567915654814,0.3539074996689069,1.0,1.0,0.2071695345766385,0.5094008678724504,False,True,True,57.0,selected,rich_M_2018,rich_M_2018_inner_2016,lgb_classifier,Team1Win,True
diff__rating__elo_standard_preseason,dynamic_ratings,0.0,847,847,0.36470019886061894,0.35223385642811705,1.0,1.0,0.07304398416987629,0.5063845354680373,False,True,True,104.0,selected,rich_M_2018,rich_M_2018_inner_2016,lgb_classifier,Team1Win,True
diff__compact__win_pct,compact_performance,0.0,847,658,0.35907729319150794,0.3592455326683718,1.0,1.0,0.15543710563736918,0.5052173759574554,False,True,True,58.0,selected,rich_M_2018,rich_M_2018_inner_2016,lgb_classifier,Team1Win,True
matchup__team2_seed,matchup_context,0.0,847,16,0.3463993352000792,0.36428699634757844,1.0,1.0,0.1648443410028873,0.5044718383507396,False,True,True,9.0,selected,rich_M_2018,rich_M_2018_inner_2016,lgb_classifier,Team1Win,True
diff__compact__margin_slope,compact_performance,0.0,847,847,-0.3451703825963294,0.3600429100184219,1.0,1.0,0.1174692588199795,0.5040593106272357,False,True,True,59.0,selected,rich_M_2018,rich_M_2018_inner_2016,lgb_classifier,Team1Win,True
diff__compact__downside_tail_mean,compact_performance,0.0,847,814,-0.3575780605726057,0.3553465049609697,1.0,1.0,0.12961651850547856,0.5040488349670196,False,True,True,60.0,selected,rich_M_2018,rich_M_2018_inner_2016,lgb_classifier,Team1Win,True
diff__compact__half_delta_marginmean,compact_performance,0.0,847,834,-0.3387845914901625,0.3546262353022042,1.0,1.0,0.08840081408275213,0.5012171705095837,False,True,True,61.0,selected,rich_M_2018,rich_M_2018_inner_2016,lgb_classifier,Team1Win,True
diff__compact__blowout_loss10_rate,compact_performance,0.0,847,523,-0.3192600022394946,0.36292779089577837,1.0,1.0,0.12686616738278816,0.4993678934273509,False,True,True,62.0,selected,rich_M_2018,rich_M_2018_inner_2016,lgb_classifier,Team1Win,True
diff__compact__ewm_h20_margin,compact_performance,0.0,847,847,0.3523339250242178,0.345139794635568,1.0,1.0,0.13604751340682708,0.49773866439412745,False,True,True,63.0,selected,rich_M_2018,rich_M_2018_inner_2016,lgb_classifier,Team1Win,True
diff__compact__away_games,compact_performance,0.0,847,20,-0.3461230078537625,0.33362156646749536,1.0,1.0,0.1095386844800838,0.49190386625302207,False,True,True,64.0,selected,rich_M_2018,rich_M_2018_inner_2016,lgb_classifier,Team1Win,True
diff__compact__margin_q10,compact_performance,0.0,847,293,0.3394891817665897,0.34061112990963693,1.0,1.0,0.17030258314401148,0.491368859019515,False,True,True,65.0,selected,rich_M_2018,rich_M_2018_inner_2016,lgb_classifier,Team1Win,True
diff__schedule__bad_losses,schedule_and_accomplishment,0.0,847,14,-0.29976317442471556,0.333649438983632,1.0,1.0,0.10210372428777609,0.48201548011406975,False,True,True,90.0,selected,rich_M_2018,rich_M_2018_inner_2016,lgb_classifier,Team1Win,True
diff__compact__away_margin_mean,compact_performance,0.0,847,800,0.31567163588426544,0.31568372051689114,1.0,1.0,0.12245673428645554,0.4760776763711879,False,True,True,66.0,selected,rich_M_2018,rich_M_2018_inner_2016,lgb_classifier,Team1Win,True
diff__adj__def_rtg_a50p0,opponent_adjusted_efficiency,0.0,847,847,-0.3011247283742088,0.320065767724593,1.0,1.0,0.12174931404691655,0.4750090361882539,False,True,True,38.0,selected,rich_M_2018,rich_M_2018_inner_2016,lgb_classifier,Team1Win,True
diff__compact__half_pointsformean_first,compact_performance,0.0,847,772,0.30401590971129067,0.3160049730424933,1.0,1.0,0.09283701423641993,0.47485240662742395,False,True,True,67.0,selected,rich_M_2018,rich_M_2018_inner_2016,lgb_classifier,Team1Win,True
diff__schedule__top_decile_games,schedule_and_accomplishment,0.0,847,29,0.31196474143213415,0.31114922644024595,1.0,1.0,0.14326978707051638,0.47225308032356694,False,True,True,91.0,selected,rich_M_2018,rich_M_2018_inner_2016,lgb_classifier,Team1Win,True
diff__rating__elo_mov_538_delta,dynamic_ratings,0.0,847,847,0.19421073256259788,0.22499778413777702,1.0,1.0,0.12793227348827024,0.4056080066103737,False,True,True,105.0,selected,rich_M_2018,rich_M_2018_inner_2016,lgb_classifier,Team1Win,True
diff__seed__playin,selection_committee_prior,0.0,847,3,-0.10091353127506425,0.12998877418150556,0.8461538461538461,1.0,0.02817528972578766,0.31885319228322073,False,True,True,77.0,selected,rich_M_2018,rich_M_2018_inner_2016,lgb_classifier,Team1Win,True
diff__schedule__opponent_strength_std,schedule_and_accomplishment,0.0,847,847,0.13416691695259092,0.14082382249988634,0.6923076923076923,1.0,0.1134187915302655,0.3033446356375356,False,True,True,92.0,selected,rich_M_2018,rich_M_2018_inner_2016,lgb_classifier,Team1Win,True
absdiff__schedule__opponent_strength_median,schedule_and_accomplishment,0.0,847,837,-0.060794378934682335,0.1520110218643265,0.6923076923076923,1.0,0.12483876911321859,0.2921157338652089,False,True,True,93.0,selected,rich_M_2018,rich_M_2018_inner_2016,lgb_classifier,Team1Win,True
absdiff__schedule__opponent_strength_mean,schedule_and_accomplishment,0.0,847,847,-0.05882035708650452,0.1405470033599375,0.5384615384615384,1.0,0.1713744959242019,0.259701906488679,False,True,True,94.0,selected,rich_M_2018,rich_M_2018_inner_2016,lgb_classifier,Team1Win,True
seedprior__favorite_seed_games,prequential_seed_priors,0.0,847,99,0.058754013206867475,0.08089868881250913,0.6923076923076923,1.0,0.10261991956216426,0.2584216875222594,False,True,True,69.0,selected,rich_M_2018,rich_M_2018_inner_2016,lgb_classifier,Team1Win,True
absdiff__schedule__oowp,schedule_and_accomplishment,0.0,847,847,-0.054300309516789956,0.13313273290959082,0.5384615384615384,1.0,0.12312646028115111,0.2570785676328975,False,True,True,95.0,selected,rich_M_2018,rich_M_2018_inner_2016,lgb_classifier,Team1Win,True
seedprior__pooled_pair_games,prequential_seed_priors,0.0448642266824085,809,111,-0.07140936602292602,0.1283411394582117,0.5384615384615384,1.0,0.1594566632383691,0.2535002489547041,False,True,True,70.0,selected,rich_M_2018,rich_M_2018_inner_2016,lgb_classifier,Team1Win,True
absdiff__schedule__quality_wins,schedule_and_accomplishment,0.0,847,20,-0.06442369549615973,0.10231932335794783,0.5384615384615384,1.0,0.07094062497122484,0.24660270937596726,False,True,True,96.0,selected,rich_M_2018,rich_M_2018_inner_2016,lgb_classifier,Team1Win,True
absdiff__schedule__top_quartile_games,schedule_and_accomplishment,0.0,847,22,-0.06922594528732683,0.14132524929026846,0.38461538461538464,1.0,0.18289828270897626,0.23728835785264324,False,True,True,97.0,selected,rich_M_2018,rich_M_2018_inner_2016,lgb_classifier,Team1Win,True
absdiff__schedule__opponent_strength_pct_mean,schedule_and_accomplishment,0.0,847,847,-0.05551355209622857,0.13756882323377836,0.38461538461538464,1.0,0.17092722370541746,0.23294738920362873,False,True,True,98.0,selected,rich_M_2018,rich_M_2018_inner_2016,lgb_classifier,Team1Win,True
seedprior__exact_pair_games,prequential_seed_priors,0.0,847,81,-0.06290305662040044,0.12597018626257953,0.38461538461538464,1.0,0.1908519657931647,0.22820874476926123,False,True,True,71.0,selected,rich_M_2018,rich_M_2018_inner_2016,lgb_classifier,Team1Win,True
matchup__seed_gap_abs,matchup_context,0.0,847,15,-0.02424698100631384,0.06496710027988009,0.5384615384615384,1.0,0.07703119677549283,0.21959114223855794,False,True,True,10.0,selected,rich_M_2018,rich_M_2018_inner_2016,lgb_classifier,Team1Win,True
seedprior__effective_games_pc2p0,prequential_seed_priors,0.0,847,248,0.03367872070478433,0.08972698612491732,0.38461538461538464,1.0,0.09963630976761303,0.20803128104276988,False,True,True,72.0,selected,rich_M_2018,rich_M_2018_inner_2016,lgb_classifier,Team1Win,True
seedprior__generic_gender_games,prequential_seed_priors,0.0,847,14,0.028876755513861343,0.1111111111111111,0.23076923076923078,1.0,0.20409442332395153,0.1884455195365017,False,True,True,73.0,selected,rich_M_2018,rich_M_2018_inner_2016,lgb_classifier,Team1Win,True
matchup__equal_seed,matchup_context,0.0,847,2,-0.019489478424535373,0.1111111111111111,0.23076923076923078,1.0,0.2040944233239516,0.18638031857685,False,True,True,11.0,selected,rich_M_2018,rich_M_2018_inner_2016,lgb_classifier,Team1Win,True
absdiff__adj__net_rtg_a10p0_percentile,opponent_adjusted_efficiency,0.0,847,490,-0.03246991014286159,0.08725803518969369,0.23076923076923078,1.0,0.13079992994543654,0.18071831684774198,False,True,True,39.0,selected,rich_M_2018,rich_M_2018_inner_2016,lgb_classifier,Team1Win,True
absdiff__adj__net_rtg_a10p0_z,opponent_adjusted_efficiency,0.0,847,847,0.010366202394932432,0.10149823689870689,0.23076923076923078,1.0,0.1942027393115211,0.1801546855888805,False,True,True,40.0,selected,rich_M_2018,rich_M_2018_inner_2016,lgb_classifier,Team1Win,True
absdiff__adj__net_rtg_a50p0_percentile,opponent_adjusted_efficiency,0.0,847,474,-0.021995162212419525,0.0774619836597061,0.23076923076923078,1.0,0.1434676041476328,0.17320506060056284,False,True,True,41.0,selected,rich_M_2018,rich_M_2018_inner_2016,lgb_classifier,Team1Win,True
absdiff__adj__off_rtg_a50p0,opponent_adjusted_efficiency,0.0,847,847,0.009630872713857647,0.07473215110272081,0.23076923076923078,1.0,0.09494501862288618,0.17111550070451614,False,True,True,42.0,selected,rich_M_2018,rich_M_2018_inner_2016,lgb_classifier,Team1Win,True
absdiff__adj__def_rtg_a10p0,opponent_adjusted_efficiency,0.0,847,847,-0.006994945680863544,0.09350144017312206,0.07692307692307693,1.0,0.13623371998052772,0.15327792284135977,False,True,True,43.0,selected,rich_M_2018,rich_M_2018_inner_2016,lgb_classifier,Team1Win,True
absdiff__adj__net_rtg_a50p0_z,opponent_adjusted_efficiency,0.0,847,847,0.0401376982510232,0.06657331501232397,0.07692307692307693,1.0,0.12737555201805106,0.14799815504811087,False,True,True,44.0,selected,rich_M_2018,rich_M_2018_inner_2016,lgb_classifier,Team1Win,True
seedprior__favorite_prob_pc2p0,prequential_seed_priors,0.0,847,350,0.0026113783119292096,0.06685212879766993,0.07692307692307693,1.0,0.12261733037329013,0.1400665241442667,False,True,True,74.0,selected,rich_M_2018,rich_M_2018_inner_2016,lgb_classifier,Team1Win,True
context__season_centered_2000,matchup_context,0.0,847,13,0.021698821201510114,0.0,0.0,1.0,0.0,0.10477374066433223,False,True,True,12.0,selected,rich_M_2018,rich_M_2018_inner_2016,lgb_classifier,Team1Win,True
matchup__seed_diff,matchup_context,0.0,914,29,-0.49316466936090414,0.48866559097884016,1.0,1.0,0.11266738106399632,0.5985490156866823,True,True,True,1.0,selected,rich_M_2018,rich_M_2018_inner_2017,lgb_classifier,Team1Win,True
diff__massey__strength_mean,massey_consensus,0.0,914,914,0.4717947605391017,0.47683329275628694,1.0,1.0,0.05781183517601296,0.5903623544345795,True,True,True,6.0,selected,rich_M_2018,rich_M_2018_inner_2017,lgb_classifier,Team1Win,True
diff__norm__rating__elo_mov_538__pct,within_season_normalization,0.0,914,631,0.45653888254362357,0.4591025061604823,1.0,1.0,0.05451319664270471,0.5786272292509205,True,True,True,2.0,selected,rich_M_2018,rich_M_2018_inner_2017,lgb_classifier,Team1Win,True
diff__adj__net_rtg_a50p0,opponent_adjusted_efficiency,0.0,914,914,0.45562607537245864,0.4476471956621365,1.0,1.0,0.08716605271826983,0.5716217483910355,True,True,True,5.0,selected,rich_M_2018,rich_M_2018_inner_2017,lgb_classifier,Team1Win,True
diff__compact__margin_trim02,compact_performance,0.0,914,903,0.43653420179408864,0.4233170073860592,1.0,1.0,0.11556483316220273,0.5546070946135199,True,True,True,3.0,selected,rich_M_2018,rich_M_2018_inner_2017,lgb_classifier,Team1Win,True
diff__norm__schedule__opponent_strength_mean__pct,within_season_normalization,0.0,914,769,0.41308638933699077,0.3943199579425236,1.0,1.0,0.09152737763621599,0.5364914903611007,True,True,True,4.0,selected,rich_M_2018,rich_M_2018_inner_2017,lgb_classifier,Team1Win,True
diff__rating__margin_ridge_a5p0_z,global_strength_ratings,0.0,914,914,0.5045984316446844,0.5061535542869825,1.0,1.0,0.08625514188824623,0.6105151553440523,False,True,True,68.0,selected,rich_M_2018,rich_M_2018_inner_2017,lgb_classifier,Team1Win,True
diff__norm__adj__net_rtg_a10p0__z,within_season_normalization,0.0,914,914,0.4964485321957573,0.4916150245195436,1.0,1.0,0.07658668082597048,0.6021304216194087,False,True,True,25.0,selected,rich_M_2018,rich_M_2018_inner_2017,lgb_classifier,Team1Win,True
diff__norm__schedule__quality_win_points_sum__z,within_season_normalization,0.0,914,914,0.48754865424424976,0.49029835430652835,1.0,1.0,0.07284232964844461,0.5996902208149307,False,True,True,26.0,selected,rich_M_2018,rich_M_2018_inner_2017,lgb_classifier,Team1Win,True
seedprior__team1_prob_pc2p0,prequential_seed_priors,0.0,914,530,0.4953461999863544,0.48988457097584254,1.0,1.0,0.11886832990933777,0.5993660248690288,False,True,True,89.0,selected,rich_M_2018,rich_M_2018_inner_2017,lgb_classifier,Team1Win,True
diff__norm__rating__elo_mov_538__z,within_season_normalization,0.0,914,914,0.4927117740244062,0.48635014145656186,1.0,1.0,0.08683311019843276,0.5983713337765817,False,True,True,27.0,selected,rich_M_2018,rich_M_2018_inner_2017,lgb_classifier,Team1Win,True
diff__norm__rating__colley__z,within_season_normalization,0.0,914,914,0.4865808359068854,0.4839476404487706,1.0,1.0,0.06239146524250694,0.5968469927052243,False,True,True,28.0,selected,rich_M_2018,rich_M_2018_inner_2017,lgb_classifier,Team1Win,True
diff__norm__schedule__rpi__z,within_season_normalization,0.0,914,914,0.47661081624698765,0.48181133473761883,1.0,1.0,0.08491914274879636,0.5927270545384424,False,True,True,29.0,selected,rich_M_2018,rich_M_2018_inner_2017,lgb_classifier,Team1Win,True
diff__massey__ordinal_max,massey_consensus,0.0,914,333,-0.46838017086602224,0.4810943228359495,1.0,1.0,0.08183517335532259,0.5906955056175678,False,True,True,13.0,selected,rich_M_2018,rich_M_2018_inner_2017,lgb_classifier,Team1Win,True
diff__massey__system_pom,massey_consensus,0.0,914,681,0.46333424259177836,0.4764644559842114,1.0,1.0,0.050607345465175535,0.5886121784240057,False,True,True,14.0,selected,rich_M_2018,rich_M_2018_inner_2017,lgb_classifier,Team1Win,True
diff__massey__system_mor,massey_consensus,0.0,914,678,0.4669259971346978,0.4745724224471496,1.0,1.0,0.0683316069995753,0.5877852178642823,False,True,True,15.0,selected,rich_M_2018,rich_M_2018_inner_2017,lgb_classifier,Team1Win,True
diff__norm__rating__bt_c1p0__z,within_season_normalization,0.0,914,914,0.47578227934794937,0.46899033036317206,1.0,1.0,0.10178431044499525,0.5857160876130717,False,True,True,30.0,selected,rich_M_2018,rich_M_2018_inner_2017,lgb_classifier,Team1Win,True
diff__rating__elo_standard_z,dynamic_ratings,0.0,914,914,0.46761229912758145,0.4709344699986029,1.0,1.0,0.11480563282947787,0.5843310260942182,False,True,True,96.0,selected,rich_M_2018,rich_M_2018_inner_2017,lgb_classifier,Team1Win,True
diff__massey__ordinal_std,massey_consensus,0.0,914,914,-0.46823805631453547,0.4682793594596122,1.0,1.0,0.09450304209328902,0.5840063432460801,False,True,True,16.0,selected,rich_M_2018,rich_M_2018_inner_2017,lgb_classifier,Team1Win,True
diff__massey__system_rpi,massey_consensus,0.0,914,703,0.4532583990938564,0.46978794986193495,1.0,1.0,0.07118840281008981,0.5823675276219735,False,True,True,17.0,selected,rich_M_2018,rich_M_2018_inner_2017,lgb_classifier,Team1Win,True
diff__norm__schedule__rpi__pct,within_season_normalization,0.0,914,634,0.4524663199281672,0.4665817119095633,1.0,1.0,0.07567173781969244,0.5804749425879994,False,True,True,31.0,selected,rich_M_2018,rich_M_2018_inner_2017,lgb_classifier,Team1Win,True
diff__schedule__quality_wins,schedule_and_accomplishment,0.0,914,36,0.464631120507012,0.46016781150566277,1.0,1.0,0.10594363744976032,0.5788616505362704,False,True,True,72.0,selected,rich_M_2018,rich_M_2018_inner_2017,lgb_classifier,Team1Win,True
diff__compact__half_marginmean_first,compact_performance,0.0,914,839,0.45848336086358155,0.45437273137566137,1.0,1.0,0.09409634026676561,0.5752013968396347,False,True,True,45.0,selected,rich_M_2018,rich_M_2018_inner_2017,lgb_classifier,Team1Win,True
diff__norm__adj__net_rtg_a10p0__pct,within_season_normalization,0.0,914,636,0.4530330702198929,0.4551934188301579,1.0,1.0,0.07691749114843682,0.5750834168409148,False,True,True,32.0,selected,rich_M_2018,rich_M_2018_inner_2017,lgb_classifier,Team1Win,True
diff__norm__rating__pagerank_margin__pct,within_season_normalization,0.0,914,699,0.4496172323469432,0.451842750774596,1.0,1.0,0.0785618849590829,0.5726578360897703,False,True,True,33.0,selected,rich_M_2018,rich_M_2018_inner_2017,lgb_classifier,Team1Win,True
diff__rating__pagerank_binary_z,global_strength_ratings,0.0,914,914,0.44606907491738457,0.45464689270084147,1.0,1.0,0.09736310833076034,0.572471180644998,False,True,True,69.0,selected,rich_M_2018,rich_M_2018_inner_2017,lgb_classifier,Team1Win,True
diff__massey__system_wol,massey_consensus,0.0,914,639,0.453200662225988,0.4494671720197376,1.0,1.0,0.08529606341702284,0.5720365457225105,False,True,True,18.0,selected,rich_M_2018,rich_M_2018_inner_2017,lgb_classifier,Team1Win,True
diff__seed__top4,selection_committee_prior,0.0,914,3,0.4412679309990714,0.45327114188917306,1.0,1.0,0.0768061054023284,0.5715768487105056,False,True,True,107.0,selected,rich_M_2018,rich_M_2018_inner_2017,lgb_classifier,Team1Win,True
diff__schedule__bad_loss_penalty_sum,schedule_and_accomplishment,0.0,914,913,-0.4299373004658331,0.4608753965036083,1.0,1.0,0.12481125291060419,0.5708139463077911,False,True,True,73.0,selected,rich_M_2018,rich_M_2018_inner_2017,lgb_classifier,Team1Win,True
diff__massey__system_cng,massey_consensus,0.0700218818380744,850,661,0.4444476022419587,0.4600218698847963,1.0,1.0,0.07352845819605491,0.570046081163045,False,True,True,19.0,selected,rich_M_2018,rich_M_2018_inner_2017,lgb_classifier,Team1Win,True
diff__massey__strength_iqr,massey_consensus,0.0,914,762,-0.4452144516515658,0.4458892452509242,1.0,1.0,0.06499890763979516,0.5693740607781962,False,True,True,20.0,selected,rich_M_2018,rich_M_2018_inner_2017,lgb_classifier,Team1Win,True
diff__massey__system_sel,massey_consensus,0.0700218818380744,850,610,0.4419413884209583,0.4584507864189812,1.0,1.0,0.07828412629844683,0.568550367334738,False,True,True,21.0,selected,rich_M_2018,rich_M_2018_inner_2017,lgb_classifier,Team1Win,True
diff__rating__pagerank_margin_z,global_strength_ratings,0.0,914,914,0.4483316848218553,0.44503190054684083,1.0,1.0,0.09586359464580751,0.5684137391374595,False,True,True,70.0,selected,rich_M_2018,rich_M_2018_inner_2017,lgb_classifier,Team1Win,True
diff__rating__elo_season_reset_mov,dynamic_ratings,0.0,914,914,0.45060371707056796,0.4399475272052641,1.0,1.0,0.12351865498610282,0.5653668846146076,False,True,True,97.0,selected,rich_M_2018,rich_M_2018_inner_2017,lgb_classifier,Team1Win,True
diff__rating__elo_standard_percentile,dynamic_ratings,0.0,914,641,0.43231052205578785,0.4383762006561421,1.0,1.0,0.04940551339506205,0.563552670631419,False,True,True,98.0,selected,rich_M_2018,rich_M_2018_inner_2017,lgb_classifier,Team1Win,True
diff__rating__bt_c0p25_z,global_strength_ratings,0.0,914,914,0.4480054087613075,0.43517874470789714,1.0,1.0,0.12667425922620779,0.5623800170182299,False,True,True,71.0,selected,rich_M_2018,rich_M_2018_inner_2017,lgb_classifier,Team1Win,True
diff__massey__ordinal_min,massey_consensus,0.0,914,180,-0.4237988567134033,0.44157979012722764,1.0,1.0,0.07532586380682688,0.5621810131857449,False,True,True,22.0,selected,rich_M_2018,rich_M_2018_inner_2017,lgb_classifier,Team1Win,True
diff__massey__system_wob,massey_consensus,0.0700218818380744,850,601,0.43171199800261856,0.4460260934915935,1.0,1.0,0.07021723775488686,0.5606587243792995,False,True,True,23.0,selected,rich_M_2018,rich_M_2018_inner_2017,lgb_classifier,Team1Win,True
matchup__team1_seed,matchup_context,0.0,914,16,-0.44056179194882616,0.43359504825990824,1.0,1.0,0.12031488480303659,0.5602366220013762,False,True,True,7.0,selected,rich_M_2018,rich_M_2018_inner_2017,lgb_classifier,Team1Win,True
diff__massey__rank_improvement_std,massey_consensus,0.0,914,914,-0.4284100236770808,0.43465903428536107,1.0,1.0,0.1062969491496657,0.5586346636999445,False,True,True,24.0,selected,rich_M_2018,rich_M_2018_inner_2017,lgb_classifier,Team1Win,True
diff__conference__strength_max,conference_context,0.0,914,793,0.422488862155381,0.43732275428783274,1.0,1.0,0.13260464887952716,0.5575582857771624,False,True,True,110.0,selected,rich_M_2018,rich_M_2018_inner_2017,lgb_classifier,Team1Win,True
diff__schedule__oowp,schedule_and_accomplishment,0.0,914,914,0.4226323644702077,0.43194812472308497,1.0,1.0,0.06990960856984085,0.5575178357077328,False,True,True,74.0,selected,rich_M_2018,rich_M_2018_inner_2017,lgb_classifier,Team1Win,True
diff__compact__pythag_exp8p0,compact_performance,0.0,914,914,0.42915191207564346,0.4192801118069235,1.0,1.0,0.09408632278249413,0.551904421412665,False,True,True,46.0,selected,rich_M_2018,rich_M_2018_inner_2017,lgb_classifier,Team1Win,True
diff__adj__off_rtg_a10p0,opponent_adjusted_efficiency,0.0,914,914,0.40113122835079934,0.42923819379048467,1.0,1.0,0.06908647499295961,0.5515197442568901,False,True,True,34.0,selected,rich_M_2018,rich_M_2018_inner_2017,lgb_classifier,Team1Win,True
diff__rating__elo_season_reset_mov_percentile,dynamic_ratings,0.0,914,626,0.4112788641123581,0.42591599636677,1.0,1.0,0.11646853578806388,0.5502622869292458,False,True,True,99.0,selected,rich_M_2018,rich_M_2018_inner_2017,lgb_classifier,Team1Win,True
diff__adj__net_rtg_a50p0_percentile,opponent_adjusted_efficiency,0.0,914,631,0.4144068806193238,0.4112420229648742,1.0,1.0,0.08807779610269068,0.5450425729152832,False,True,True,35.0,selected,rich_M_2018,rich_M_2018_inner_2017,lgb_classifier,Team1Win,True
matchup__team1_is_seed_favorite,matchup_context,0.0,914,2,0.4130262207276873,0.41520429746548193,1.0,1.0,0.14851057919977945,0.5442234081755314,False,True,True,8.0,selected,rich_M_2018,rich_M_2018_inner_2017,lgb_classifier,Team1Win,True
diff__compact__upside_tail_mean,compact_performance,0.0,914,902,0.4266727553478137,0.3977020414135387,1.0,1.0,0.16370576156679278,0.5382167555923458,False,True,True,47.0,selected,rich_M_2018,rich_M_2018_inner_2017,lgb_classifier,Team1Win,True
diff__schedule__opponent_strength_mean,schedule_and_accomplishment,0.0,914,914,0.39931083857328054,0.40020222381488885,1.0,1.0,0.06352748964314836,0.5374043523315424,False,True,True,75.0,selected,rich_M_2018,rich_M_2018_inner_2017,lgb_classifier,Team1Win,True
diff__schedule__top_quartile_games,schedule_and_accomplishment,0.0,914,41,0.40532112407198023,0.3946916075364089,1.0,1.0,0.03781748296272497,0.5371099195948029,False,True,True,76.0,selected,rich_M_2018,rich_M_2018_inner_2017,lgb_classifier,Team1Win,True
diff__compact__wins,compact_performance,0.0,914,32,0.3963594855261432,0.3997909151791513,1.0,1.0,0.09308142517278872,0.5353754690948326,False,True,True,48.0,selected,rich_M_2018,rich_M_2018_inner_2017,lgb_classifier,Team1Win,True
diff__rating__elo_mov_538_preseason,dynamic_ratings,0.0,914,914,0.3973174807575767,0.3965790741763786,1.0,1.0,0.060503453537082474,0.5353476632298453,False,True,True,100.0,selected,rich_M_2018,rich_M_2018_inner_2017,lgb_classifier,Team1Win,True
diff__seed__top8,selection_committee_prior,0.0,914,3,0.39871489396627546,0.3907183079492731,1.0,1.0,0.07392525685200385,0.5323050542141515,False,True,True,108.0,selected,rich_M_2018,rich_M_2018_inner_2017,lgb_classifier,Team1Win,True
diff__compact__blowout_win10_rate,compact_performance,0.0,914,710,0.3890369731019836,0.3968855115701604,1.0,1.0,0.1674391896081358,0.529395612051788,False,True,True,49.0,selected,rich_M_2018,rich_M_2018_inner_2017,lgb_classifier,Team1Win,True
diff__conference__strength_mean,conference_context,0.0,914,793,0.38723251480545173,0.3897915792661736,1.0,1.0,0.08627266078083456,0.5288402048737293,False,True,True,111.0,selected,rich_M_2018,rich_M_2018_inner_2017,lgb_classifier,Team1Win,True
diff__compact__home_margin_mean,compact_performance,0.0,914,887,0.4003088601875927,0.38524703280969064,1.0,1.0,0.14206891800880433,0.5273037682695698,False,True,True,50.0,selected,rich_M_2018,rich_M_2018_inner_2017,lgb_classifier,Team1Win,True
diff__conference__strength_percentile,conference_context,0.0,914,118,0.3988594758660482,0.37622855601646943,1.0,1.0,0.08274845497624622,0.525028853379386,False,True,True,112.0,selected,rich_M_2018,rich_M_2018_inner_2017,lgb_classifier,Team1Win,True
diff__schedule__elite_wins,schedule_and_accomplishment,0.0,914,22,0.37413340415552887,0.38237160508197265,1.0,1.0,0.04465019981787027,0.5240617113608484,False,True,True,77.0,selected,rich_M_2018,rich_M_2018_inner_2017,lgb_classifier,Team1Win,True
diff__compact__half_winpct_first,compact_performance,0.0,914,353,0.3842392214400419,0.3778653666352633,1.0,1.0,0.08051317215276116,0.5226874778156252,False,True,True,51.0,selected,rich_M_2018,rich_M_2018_inner_2017,lgb_classifier,Team1Win,True
diff__adj__off_rtg_a50p0,opponent_adjusted_efficiency,0.0,914,914,0.35883370627924255,0.389211689685125,1.0,1.0,0.08814651543176061,0.5222391658130229,False,True,True,36.0,selected,rich_M_2018,rich_M_2018_inner_2017,lgb_classifier,Team1Win,True
diff__compact__blowout_win20_rate,compact_performance,0.0,914,714,0.39815187988779205,0.37123917065572315,1.0,1.0,0.14477705417516906,0.5199971333230546,False,True,True,52.0,selected,rich_M_2018,rich_M_2018_inner_2017,lgb_classifier,Team1Win,True
diff__compact__margin_median,compact_performance,0.0,914,68,0.3647714181613595,0.3908803635474528,1.0,1.0,0.2018196112835056,0.5197995020469363,False,True,True,53.0,selected,rich_M_2018,rich_M_2018_inner_2017,lgb_classifier,Team1Win,True
diff__schedule__opponent_strength_median,schedule_and_accomplishment,0.0,914,907,0.3816086078382751,0.37123480338434733,1.0,1.0,0.09500106105177442,0.5183465569068363,False,True,True,78.0,selected,rich_M_2018,rich_M_2018_inner_2017,lgb_classifier,Team1Win,True
diff__schedule__owp,schedule_and_accomplishment,0.0,914,914,0.3785079959173401,0.3681802076559782,1.0,1.0,0.05680169660579926,0.5177261909124524,False,True,True,79.0,selected,rich_M_2018,rich_M_2018_inner_2017,lgb_classifier,Team1Win,True
diff__compact__margin_q75,compact_performance,0.0,914,137,0.39800694091807537,0.3647479850915186,1.0,1.0,0.1911973126745688,0.5149926673389228,False,True,True,54.0,selected,rich_M_2018,rich_M_2018_inner_2017,lgb_classifier,Team1Win,True
diff__adj__def_rtg_a10p0,opponent_adjusted_efficiency,0.0,914,914,-0.3646997259996918,0.3728058664901996,1.0,1.0,0.1424927508157407,0.5134810456025984,False,True,True,37.0,selected,rich_M_2018,rich_M_2018_inner_2017,lgb_classifier,Team1Win,True
diff__rating__elo_standard_preseason,dynamic_ratings,0.0,914,914,0.375725279411757,0.35772422398561915,1.0,1.0,0.08080855600443637,0.5111348467435063,False,True,True,101.0,selected,rich_M_2018,rich_M_2018_inner_2017,lgb_classifier,Team1Win,True
diff__compact__margin_q90,compact_performance,0.0,914,336,0.3877055924380038,0.35553787656339836,1.0,1.0,0.14776522310955215,0.5100428021624099,False,True,True,55.0,selected,rich_M_2018,rich_M_2018_inner_2017,lgb_classifier,Team1Win,True
diff__conference__strength_median,conference_context,0.0,914,793,0.3574967594730429,0.36604193962279996,1.0,1.0,0.11036910203022204,0.5099346540218045,False,True,True,113.0,selected,rich_M_2018,rich_M_2018_inner_2017,lgb_classifier,Team1Win,True
diff__compact__margin_q25,compact_performance,0.0,914,136,0.36581963799608014,0.3594512138683682,1.0,1.0,0.16216039937782017,0.5065304870408416,False,True,True,56.0,selected,rich_M_2018,rich_M_2018_inner_2017,lgb_classifier,Team1Win,True
diff__compact__downside_tail_mean,compact_performance,0.0,914,874,-0.3578760155748297,0.35331020598493196,1.0,1.0,0.11176401753526999,0.503851061597819,False,True,True,57.0,selected,rich_M_2018,rich_M_2018_inner_2017,lgb_classifier,Team1Win,True
diff__compact__win_pct,compact_performance,0.0,914,700,0.3553208024504307,0.3542508847142954,1.0,1.0,0.15145140857086198,0.502152944859122,False,True,True,58.0,selected,rich_M_2018,rich_M_2018_inner_2017,lgb_classifier,Team1Win,True
matchup__team2_seed,matchup_context,0.0,914,16,0.34306125489882766,0.3528728365207683,1.0,1.0,0.14771720169407576,0.4989437495399478,False,True,True,9.0,selected,rich_M_2018,rich_M_2018_inner_2017,lgb_classifier,Team1Win,True
diff__compact__ewm_h10_margin,compact_performance,0.0,914,914,0.355602335578311,0.3471189887279279,1.0,1.0,0.1896020013804809,0.4972655483614146,False,True,True,59.0,selected,rich_M_2018,rich_M_2018_inner_2017,lgb_classifier,Team1Win,True
diff__compact__half_delta_marginmean,compact_performance,0.0,914,897,-0.32517279252331915,0.3516872342478524,1.0,1.0,0.09048073332481871,0.4967286574611066,False,True,True,60.0,selected,rich_M_2018,rich_M_2018_inner_2017,lgb_classifier,Team1Win,True
diff__compact__margin_slope,compact_performance,0.0,914,914,-0.331493806422583,0.3498704666407745,1.0,1.0,0.11688881589362432,0.49619090876479505,False,True,True,61.0,selected,rich_M_2018,rich_M_2018_inner_2017,lgb_classifier,Team1Win,True
diff__compact__ewm_h20_margin,compact_performance,0.0,914,914,0.3499437494101769,0.33656097053134826,1.0,1.0,0.1253796788571524,0.49352170357099995,False,True,True,62.0,selected,rich_M_2018,rich_M_2018_inner_2017,lgb_classifier,Team1Win,True
diff__compact__margin_q10,compact_performance,0.0,914,298,0.33993135192770435,0.34272202233660076,1.0,1.0,0.14662931686257863,0.4934262954711601,False,True,True,63.0,selected,rich_M_2018,rich_M_2018_inner_2017,lgb_classifier,Team1Win,True
diff__compact__away_games,compact_performance,0.0,914,20,-0.3389828029185259,0.3308554619649443,1.0,1.0,0.120838274541759,0.4885533074035786,False,True,True,64.0,selected,rich_M_2018,rich_M_2018_inner_2017,lgb_classifier,Team1Win,True
diff__compact__ewm_h20_win,compact_performance,0.0,914,914,0.31796947197908376,0.33255863427624544,1.0,1.0,0.147260590300061,0.4836910046759938,False,True,True,65.0,selected,rich_M_2018,rich_M_2018_inner_2017,lgb_classifier,Team1Win,True
diff__compact__blowout_loss10_rate,compact_performance,0.0,914,548,-0.315855282335957,0.3210517987231378,1.0,1.0,0.12441658442965264,0.4786163621238306,False,True,True,66.0,selected,rich_M_2018,rich_M_2018_inner_2017,lgb_classifier,Team1Win,True
diff__schedule__bad_losses,schedule_and_accomplishment,0.0,914,14,-0.2907557852965063,0.3209813234863678,1.0,1.0,0.16523246445637443,0.47142800946043295,False,True,True,80.0,selected,rich_M_2018,rich_M_2018_inner_2017,lgb_classifier,Team1Win,True
diff__compact__away_margin_mean,compact_performance,0.0,914,852,0.30869582863475303,0.30954594861306084,1.0,1.0,0.14368670534984684,0.47074766941992097,False,True,True,67.0,selected,rich_M_2018,rich_M_2018_inner_2017,lgb_classifier,Team1Win,True
diff__adj__def_rtg_a50p0,opponent_adjusted_efficiency,0.0,914,914,-0.2922178704157134,0.31484259262542513,1.0,1.0,0.13217235691537366,0.47012548167504603,False,True,True,38.0,selected,rich_M_2018,rich_M_2018_inner_2017,lgb_classifier,Team1Win,True
diff__schedule__top_decile_games,schedule_and_accomplishment,0.0,914,29,0.30823974147404776,0.2891485376745422,1.0,1.0,0.13700829378756982,0.46112370945656794,False,True,True,81.0,selected,rich_M_2018,rich_M_2018_inner_2017,lgb_classifier,Team1Win,True
diff__conference__tourney_last_day,conference_context,0.020787746170678335,895,17,0.23849337481269248,0.23426862711981933,1.0,1.0,0.18947857810374985,0.4156753206585014,False,True,True,114.0,selected,rich_M_2018,rich_M_2018_inner_2017,lgb_classifier,Team1Win,True
diff__rating__elo_mov_538_delta,dynamic_ratings,0.0,914,914,0.17153593623566846,0.20586132244563055,0.8571428571428571,1.0,0.13051729277096472,0.3684735061777682,False,True,True,102.0,selected,rich_M_2018,rich_M_2018_inner_2017,lgb_classifier,Team1Win,True
diff__rating__elo_standard_delta,dynamic_ratings,0.0,914,914,0.1914524206464531,0.19955230635805207,0.8571428571428571,1.0,0.19281784916735722,0.36733478277024756,False,True,True,103.0,selected,rich_M_2018,rich_M_2018_inner_2017,lgb_classifier,Team1Win,True
diff__seed__playin,selection_committee_prior,0.0,914,3,-0.10660014685474703,0.13205670510433248,0.8571428571428571,1.0,0.03384458677221881,0.3226283244300924,False,True,True,109.0,selected,rich_M_2018,rich_M_2018_inner_2017,lgb_classifier,Team1Win,True
diff__schedule__opponent_strength_std,schedule_and_accomplishment,0.0,914,914,0.13003499415639533,0.1336285096842909,0.7142857142857143,1.0,0.10992800492005336,0.3026379774517788,False,True,True,82.0,selected,rich_M_2018,rich_M_2018_inner_2017,lgb_classifier,Team1Win,True
absdiff__schedule__opponent_strength_median,schedule_and_accomplishment,0.0,914,903,-0.06634725660073627,0.15096970653274627,0.7142857142857143,1.0,0.12027762872712504,0.29653646472450945,False,True,True,83.0,selected,rich_M_2018,rich_M_2018_inner_2017,lgb_classifier,Team1Win,True
seedprior__pooled_pair_games,prequential_seed_priors,0.047045951859956234,871,114,-0.08695102042609879,0.14012134137470966,0.5714285714285714,1.0,0.16357598957765712,0.26750932405027106,False,True,True,90.0,selected,rich_M_2018,rich_M_2018_inner_2017,lgb_classifier,Team1Win,True
absdiff__schedule__opponent_strength_mean,schedule_and_accomplishment,0.0,914,914,-0.06659913513891859,0.13979743415384913,0.5714285714285714,1.0,0.1425422893207636,0.2674814579801505,False,True,True,84.0,selected,rich_M_2018,rich_M_2018_inner_2017,lgb_classifier,Team1Win,True
absdiff__schedule__oowp,schedule_and_accomplishment,0.0,914,914,-0.07048884430529045,0.13546606527181682,0.5714285714285714,1.0,0.12933914220750814,0.266786262817907,False,True,True,85.0,selected,rich_M_2018,rich_M_2018_inner_2017,lgb_classifier,Team1Win,True
absdiff__schedule__quality_wins,schedule_and_accomplishment,0.0,914,20,-0.0686560082912805,0.10145316272559014,0.5714285714285714,1.0,0.06314035576157132,0.25270479713047356,False,True,True,86.0,selected,rich_M_2018,rich_M_2018_inner_2017,lgb_classifier,Team1Win,True
absdiff__schedule__top_quartile_games,schedule_and_accomplishment,0.0,914,22,-0.07624739332139134,0.1404872316923955,0.42857142857142855,1.0,0.14569229020403987,0.24695203470632293,False,True,True,87.0,selected,rich_M_2018,rich_M_2018_inner_2017,lgb_classifier,Team1Win,True
absdiff__schedule__opponent_strength_pct_mean,schedule_and_accomplishment,0.0,914,914,-0.06179473640490961,0.13351665949340202,0.42857142857142855,1.0,0.14993803391701604,0.240256745780661,False,True,True,88.0,selected,rich_M_2018,rich_M_2018_inner_2017,lgb_classifier,Team1Win,True
seedprior__exact_pair_games,prequential_seed_priors,0.0,914,83,-0.0751779798114675,0.12661761929371446,0.42857142857142855,1.0,0.19180691234974798,0.23821476489694446,False,True,True,91.0,selected,rich_M_2018,rich_M_2018_inner_2017,lgb_classifier,Team1Win,True
seedprior__favorite_seed_games,prequential_seed_priors,0.0,914,106,0.04754320199623741,0.07542872625020111,0.5714285714285714,1.0,0.09571078344559089,0.23426543313001658,False,True,True,92.0,selected,rich_M_2018,rich_M_2018_inner_2017,lgb_classifier,Team1Win,True
matchup__seed_gap_abs,matchup_context,0.0,914,15,-0.031580245835401914,0.07357068000609678,0.5714285714285714,1.0,0.08203970802879945,0.23040856359413434,False,True,True,10.0,selected,rich_M_2018,rich_M_2018_inner_2017,lgb_classifier,Team1Win,True
absdiff__rating__elo_mov_538_delta,dynamic_ratings,0.0,914,914,0.015170030870098045,0.08050937933916785,0.5714285714285714,1.0,0.07882215901096148,0.23025759394235512,False,True,True,104.0,selected,rich_M_2018,rich_M_2018_inner_2017,lgb_classifier,Team1Win,True
absdiff__rating__elo_mov_log_percentile,dynamic_ratings,0.0,914,490,-0.051017247360890035,0.09331698897175808,0.42857142857142855,1.0,0.13215441018055799,0.21930120129004596,False,True,True,105.0,selected,rich_M_2018,rich_M_2018_inner_2017,lgb_classifier,Team1Win,True
absdiff__rating__elo_standard_percentile,dynamic_ratings,0.0,914,505,-0.05159471164007197,0.08854080628813665,0.42857142857142855,1.0,0.1460676263173966,0.21657914709785414,False,True,True,106.0,selected,rich_M_2018,rich_M_2018_inner_2017,lgb_classifier,Team1Win,True
matchup__equal_seed,matchup_context,0.0,914,2,-0.020493896197448756,0.10435055920298221,0.2857142857142857,1.0,0.1802801493900983,0.19310000531955196,False,True,True,11.0,selected,rich_M_2018,rich_M_2018_inner_2017,lgb_classifier,Team1Win,True
seedprior__generic_gender_games,prequential_seed_priors,0.0,914,15,0.019919193791956533,0.10435055920298222,0.2857142857142857,1.0,0.18028014939009826,0.1929735707903437,False,True,True,93.0,selected,rich_M_2018,rich_M_2018_inner_2017,lgb_classifier,Team1Win,True
absdiff__adj__net_rtg_a10p0_percentile,opponent_adjusted_efficiency,0.0,914,505,-0.048063819936571064,0.09092084097371536,0.2857142857142857,1.0,0.17563675311698612,0.19290485964303528,False,True,True,39.0,selected,rich_M_2018,rich_M_2018_inner_2017,lgb_classifier,Team1Win,True
absdiff__adj__net_rtg_a50p0_percentile,opponent_adjusted_efficiency,0.0,914,494,-0.033424615429961904,0.0903706658024575,0.2857142857142857,1.0,0.13963751565744192,0.19086012006775926,False,True,True,40.0,selected,rich_M_2018,rich_M_2018_inner_2017,lgb_classifier,Team1Win,True
absdiff__adj__net_rtg_a10p0,opponent_adjusted_efficiency,0.0,914,914,-0.0020079196043427242,0.10172184415233929,0.2857142857142857,1.0,0.18510895550856693,0.18757815500002128,False,True,True,41.0,selected,rich_M_2018,rich_M_2018_inner_2017,lgb_classifier,Team1Win,True
seedprior__effective_games_pc2p0,prequential_seed_priors,0.0,914,263,0.021691406172131066,0.08103449685553119,0.2857142857142857,1.0,0.1116601643580272,0.18491654698848842,False,True,True,94.0,selected,rich_M_2018,rich_M_2018_inner_2017,lgb_classifier,Team1Win,True
absdiff__adj__off_rtg_a50p0,opponent_adjusted_efficiency,0.0,914,914,0.0069259398886322735,0.07157305982386607,0.14285714285714285,1.0,0.10772745662114316,0.15442682008325195,False,True,True,42.0,selected,rich_M_2018,rich_M_2018_inner_2017,lgb_classifier,Team1Win,True
seedprior__favorite_prob_pc8p0,prequential_seed_priors,0.0,914,376,-0.013588474688106665,0.06853141400151241,0.14285714285714285,1.0,0.1518541345556602,0.15266752062702588,False,True,True,95.0,selected,rich_M_2018,rich_M_2018_inner_2017,lgb_classifier,Team1Win,True
absdiff__adj__def_rtg_a10p0,opponent_adjusted_efficiency,0.0,914,914,-0.013482301873372557,0.09426653995351753,0.0,1.0,0.15718953656436885,0.14192646412725562,False,True,True,43.0,selected,rich_M_2018,rich_M_2018_inner_2017,lgb_classifier,Team1Win,True
absdiff__adj__net_rtg_a50p0_z,opponent_adjusted_efficiency,0.0,914,914,0.028828925827137485,0.0711072342654975,0.0,1.0,0.12836038109876682,0.1353394208854584,False,True,True,44.0,selected,rich_M_2018,rich_M_2018_inner_2017,lgb_classifier,Team1Win,True
context__season_centered_2000,matchup_context,0.0,914,14,0.004807488223100348,0.0,0.0,1.0,0.0,0.10105764740908209,False,True,True,12.0,selected,rich_M_2018,rich_M_2018_inner_2017,lgb_classifier,Team1Win,True
matchup__seed_diff,matchup_context,0.0,981,29,-0.4959704023464183,0.5220375117028367,1.0,1.0,0.11328017092208398,0.6151602872966904,True,True,True,1.0,selected,rich_M_2018,,lgb_classifier,Team1Win,True
diff__massey__strength_mean,massey_consensus,0.0,981,981,0.47285405406787534,0.4770799010375618,1.0,1.0,0.05681589234768453,0.5907536086990549,True,True,True,6.0,selected,rich_M_2018,,lgb_classifier,Team1Win,True
diff__norm__rating__elo_mov_538__pct,within_season_normalization,0.0,981,651,0.45624517339374393,0.4598317394630629,1.0,1.0,0.04882983320506418,0.5791399797606913,True,True,True,2.0,selected,rich_M_2018,,lgb_classifier,Team1Win,True
diff__adj__net_rtg_a50p0,opponent_adjusted_efficiency,0.0,981,981,0.4542586503898042,0.4508789611111473,1.0,1.0,0.08594669594033294,0.5729209365814942,True,True,True,5.0,selected,rich_M_2018,,lgb_classifier,Team1Win,True
diff__compact__margin_trim02,compact_performance,0.0,981,966,0.4342307092310318,0.4209789872602496,1.0,1.0,0.10978387648873011,0.5532093148561976,True,True,True,3.0,selected,rich_M_2018,,lgb_classifier,Team1Win,True
diff__norm__schedule__opponent_strength_mean__pct,within_season_normalization,0.0,981,809,0.4164151971497411,0.39882872582764206,1.0,1.0,0.10088909667238671,0.5390135679033157,True,True,True,4.0,selected,rich_M_2018,,lgb_classifier,Team1Win,True
seedprior__team1_prob_pc2p0,prequential_seed_priors,0.0,981,567,0.49783466159565964,0.5274217642751469,1.0,1.0,0.1217208282188792,0.6178172392743604,False,True,True,68.0,selected,rich_M_2018,,lgb_classifier,Team1Win,True
diff__rating__margin_ridge_a5p0,global_strength_ratings,0.0,981,981,0.5084718082883687,0.506437545274714,1.0,1.0,0.09403384326801822,0.6111924658245831,False,True,True,78.0,selected,rich_M_2018,,lgb_classifier,Team1Win,True
diff__norm__rating__margin_ridge_a25p0__z,within_season_normalization,0.0,981,981,0.4959965914213773,0.4993604492529357,1.0,1.0,0.0861070008483999,0.6053679857201761,False,True,True,25.0,selected,rich_M_2018,,lgb_classifier,Team1Win,True
diff__norm__rating__colley__z,within_season_normalization,0.0,981,981,0.48847401026117043,0.5015468022338618,1.0,1.0,0.07348985438904632,0.6052671531541493,False,True,True,26.0,selected,rich_M_2018,,lgb_classifier,Team1Win,True
diff__norm__schedule__quality_win_points_sum__z,within_season_normalization,0.0,981,981,0.4896365192231624,0.4940372623483211,1.0,1.0,0.09315698492874092,0.6011316407591402,False,True,True,27.0,selected,rich_M_2018,,lgb_classifier,Team1Win,True
diff__norm__rating__elo_mov_538__z,within_season_normalization,0.0,981,981,0.49163135782628253,0.4912854503974089,1.0,1.0,0.08343687759028806,0.600638439808927,False,True,True,28.0,selected,rich_M_2018,,lgb_classifier,Team1Win,True
diff__rating__elo_standard_z,dynamic_ratings,0.0,981,981,0.4695182922331694,0.49764633952226234,1.0,1.0,0.11253207604753152,0.5976629842200819,False,True,True,99.0,selected,rich_M_2018,,lgb_classifier,Team1Win,True
diff__norm__schedule__rpi__z,within_season_normalization,0.0,981,981,0.4790356707727478,0.49149593362771976,1.0,1.0,0.09345991919783003,0.5975674989433968,False,True,True,29.0,selected,rich_M_2018,,lgb_classifier,Team1Win,True
diff__massey__system_pom,massey_consensus,0.0,981,705,0.464899972267507,0.48851665929054255,1.0,1.0,0.050285173396776406,0.5947545834224408,False,True,True,13.0,selected,rich_M_2018,,lgb_classifier,Team1Win,True
diff__massey__ordinal_max,massey_consensus,0.0,981,342,-0.4724802197636999,0.4811898598249749,1.0,1.0,0.10260592793841633,0.5908125439464653,False,True,True,14.0,selected,rich_M_2018,,lgb_classifier,Team1Win,True
diff__massey__system_mor,massey_consensus,0.0,981,701,0.4700650500007895,0.4792158946890733,1.0,1.0,0.07825476179216434,0.5903077499792422,False,True,True,15.0,selected,rich_M_2018,,lgb_classifier,Team1Win,True
diff__norm__rating__bt_c1p0__z,within_season_normalization,0.0,981,981,0.4767773709803235,0.46972539357822896,1.0,1.0,0.10138797243060782,0.5863036916359967,False,True,True,30.0,selected,rich_M_2018,,lgb_classifier,Team1Win,True
diff__massey__ordinal_std,massey_consensus,0.0,981,981,-0.4724374537120076,0.47047386564002164,1.0,1.0,0.09664976671635572,0.5858977046551979,False,True,True,16.0,selected,rich_M_2018,,lgb_classifier,Team1Win,True
diff__massey__system_rpi,massey_consensus,0.0,981,726,0.4558757111748315,0.4720683261175037,1.0,1.0,0.08122179611400426,0.5836365811503046,False,True,True,17.0,selected,rich_M_2018,,lgb_classifier,Team1Win,True
diff__norm__schedule__rpi__pct,within_season_normalization,0.0,981,656,0.4553390978935902,0.47158503610289393,1.0,1.0,0.07287192897687922,0.5836205417069038,False,True,True,31.0,selected,rich_M_2018,,lgb_classifier,Team1Win,True
diff__schedule__quality_wins,schedule_and_accomplishment,0.0,981,36,0.46580986597203,0.46578605802697826,1.0,1.0,0.09872877644404127,0.5821063273090346,False,True,True,82.0,selected,rich_M_2018,,lgb_classifier,Team1Win,True
diff__norm__rating__margin_ridge_a25p0__pct,within_season_normalization,0.0,981,655,0.448686948662962,0.4625128004267821,1.0,1.0,0.06408968069316934,0.5781536856829803,False,True,True,32.0,selected,rich_M_2018,,lgb_classifier,Team1Win,True
diff__rating__pagerank_binary_z,global_strength_ratings,0.0,981,981,0.4469914525520112,0.46334142391190414,1.0,1.0,0.09197721738942499,0.5770629143435795,False,True,True,79.0,selected,rich_M_2018,,lgb_classifier,Team1Win,True
diff__norm__rating__pagerank_margin__pct,within_season_normalization,0.0,981,721,0.4529737550189419,0.46001003734036877,1.0,1.0,0.08917076530285217,0.5768922134154302,False,True,True,33.0,selected,rich_M_2018,,lgb_classifier,Team1Win,True
diff__compact__half_marginmean_first,compact_performance,0.0,981,893,0.46280715917163345,0.4554948236162775,1.0,1.0,0.09965100983737885,0.5764690499600774,False,True,True,45.0,selected,rich_M_2018,,lgb_classifier,Team1Win,True
diff__massey__system_cng,massey_consensus,0.0652395514780836,917,683,0.44940901160499563,0.4702668678328965,1.0,1.0,0.0758578967181393,0.5763445991259171,False,True,True,18.0,selected,rich_M_2018,,lgb_classifier,Team1Win,True
diff__seed__top4,selection_committee_prior,0.0,981,3,0.4449242281388633,0.45993310550389993,1.0,1.0,0.08591207794352068,0.5752147377146811,False,True,True,75.0,selected,rich_M_2018,,lgb_classifier,Team1Win,True
diff__rating__bt_c0p25_z,global_strength_ratings,0.0,981,981,0.4475133775377161,0.4609654714153358,1.0,1.0,0.12451441302692967,0.5747357928165815,False,True,True,80.0,selected,rich_M_2018,,lgb_classifier,Team1Win,True
diff__massey__system_wol,massey_consensus,0.0,981,655,0.4537959632304738,0.45270538840591196,1.0,1.0,0.08245628893351742,0.5738354467882013,False,True,True,19.0,selected,rich_M_2018,,lgb_classifier,Team1Win,True
diff__massey__strength_iqr,massey_consensus,0.0,981,790,-0.44858368602831716,0.4516472086834899,1.0,1.0,0.07126679063285424,0.5726283994689907,False,True,True,20.0,selected,rich_M_2018,,lgb_classifier,Team1Win,True
diff__rating__pagerank_margin_z,global_strength_ratings,0.0,981,981,0.45065807426588256,0.4486285874554335,1.0,1.0,0.096200704861579,0.570638470122639,False,True,True,81.0,selected,rich_M_2018,,lgb_classifier,Team1Win,True
diff__massey__system_sel,massey_consensus,0.0652395514780836,917,629,0.4461162848599834,0.4596554089328152,1.0,1.0,0.08704418628014016,0.5700792473874954,False,True,True,21.0,selected,rich_M_2018,,lgb_classifier,Team1Win,True
diff__conference__strength_max,conference_context,0.0,981,851,0.42815874182416286,0.4585725011401675,1.0,1.0,0.1293082745778752,0.5691373927654813,False,True,True,111.0,selected,rich_M_2018,,lgb_classifier,Team1Win,True
diff__schedule__bad_loss_penalty_sum,schedule_and_accomplishment,0.0,981,980,-0.4313482314787066,0.4560673862335413,1.0,1.0,0.11789156349574592,0.5690932937775854,False,True,True,83.0,selected,rich_M_2018,,lgb_classifier,Team1Win,True
diff__rating__elo_standard_percentile,dynamic_ratings,0.0,981,662,0.43554638858064815,0.4460000749264405,1.0,1.0,0.06005983925826891,0.5674978478821032,False,True,True,100.0,selected,rich_M_2018,,lgb_classifier,Team1Win,True
diff__massey__system_bih,massey_consensus,0.0652395514780836,917,625,0.436693930087534,0.4578997496100996,1.0,1.0,0.08102461260469063,0.5674043958096711,False,True,True,22.0,selected,rich_M_2018,,lgb_classifier,Team1Win,True
diff__schedule__oowp,schedule_and_accomplishment,0.0,981,981,0.42778651188128564,0.4439543530600775,1.0,1.0,0.08399862302587546,0.5638511771616851,False,True,True,84.0,selected,rich_M_2018,,lgb_classifier,Team1Win,True
diff__massey__ordinal_min,massey_consensus,0.0,981,181,-0.4264365518301269,0.44277353828784133,1.0,1.0,0.07884677977973326,0.5631934685896024,False,True,True,23.0,selected,rich_M_2018,,lgb_classifier,Team1Win,True
diff__massey__rank_improvement_std,massey_consensus,0.0,981,981,-0.4293967906100476,0.4401313442612918,1.0,1.0,0.09719883460130296,0.5618423857955784,False,True,True,24.0,selected,rich_M_2018,,lgb_classifier,Team1Win,True
matchup__team1_seed,matchup_context,0.0,981,16,-0.4368381674845026,0.4319679895537747,1.0,1.0,0.1114096753230785,0.5589926448194792,False,True,True,7.0,selected,rich_M_2018,,lgb_classifier,Team1Win,True
diff__rating__elo_season_reset_mov_z,dynamic_ratings,0.0,981,981,0.44218490498429963,0.4290162076802205,1.0,1.0,0.12517220651578498,0.5582015705224203,False,True,True,101.0,selected,rich_M_2018,,lgb_classifier,Team1Win,True
diff__compact__pythag_exp11p5,compact_performance,0.0,981,981,0.4196239521463188,0.41779157119685767,1.0,1.0,0.07993738506925874,0.5496597282439114,False,True,True,46.0,selected,rich_M_2018,,lgb_classifier,Team1Win,True
diff__adj__off_rtg_a10p0,opponent_adjusted_efficiency,0.0,981,981,0.39809437057551217,0.424550689873839,1.0,1.0,0.07208680102959003,0.5484816206248718,False,True,True,34.0,selected,rich_M_2018,,lgb_classifier,Team1Win,True
matchup__team1_is_seed_favorite,matchup_context,0.0,981,2,0.42049091659200005,0.4197552742803491,1.0,1.0,0.1664176477758395,0.5473338273937739,False,True,True,8.0,selected,rich_M_2018,,lgb_classifier,Team1Win,True
diff__adj__net_rtg_a50p0_percentile,opponent_adjusted_efficiency,0.0,981,652,0.4137121547720361,0.41152175435137156,1.0,1.0,0.08416462803241953,0.5451805310172095,False,True,True,35.0,selected,rich_M_2018,,lgb_classifier,Team1Win,True
diff__rating__elo_season_reset_mov_percentile,dynamic_ratings,0.0,981,645,0.39998892546860665,0.42123032317653286,1.0,1.0,0.13701262059854935,0.5447076139038872,False,True,True,102.0,selected,rich_M_2018,,lgb_classifier,Team1Win,True
diff__schedule__opponent_strength_mean,schedule_and_accomplishment,0.0,981,981,0.4017918227740761,0.40689245608829355,1.0,1.0,0.07012165780396479,0.5408977136205191,False,True,True,85.0,selected,rich_M_2018,,lgb_classifier,Team1Win,True
diff__compact__upside_tail_mean,compact_performance,0.0,981,969,0.425186875183879,0.401477391091249,1.0,1.0,0.15653421159034098,0.5399888918006391,False,True,True,47.0,selected,rich_M_2018,,lgb_classifier,Team1Win,True
diff__schedule__top_quartile_games,schedule_and_accomplishment,0.0,981,42,0.4070635691831338,0.3996001855013119,1.0,1.0,0.04865806631824576,0.5394157516081892,False,True,True,86.0,selected,rich_M_2018,,lgb_classifier,Team1Win,True
diff__rating__elo_mov_538_preseason,dynamic_ratings,0.0,981,981,0.40813108658418107,0.4007968886672312,1.0,1.0,0.08055874777798716,0.5389489956976713,False,True,True,103.0,selected,rich_M_2018,,lgb_classifier,Team1Win,True
diff__seed__top8,selection_committee_prior,0.0,981,3,0.4035782189959902,0.3953993239946186,1.0,1.0,0.11439362918694712,0.5340031385290569,False,True,True,76.0,selected,rich_M_2018,,lgb_classifier,Team1Win,True
diff__compact__home_margin_mean,compact_performance,0.0,981,949,0.40387730529750066,0.3937584071297062,1.0,1.0,0.13559868822881038,0.5324330950585567,False,True,True,48.0,selected,rich_M_2018,,lgb_classifier,Team1Win,True
diff__conference__strength_mean,conference_context,0.0,981,851,0.3877166831602124,0.3952572953666327,1.0,1.0,0.07615834808514865,0.5319748381478245,False,True,True,112.0,selected,rich_M_2018,,lgb_classifier,Team1Win,True
diff__compact__wins,compact_performance,0.0,981,32,0.3934133431494068,0.38332066510452223,1.0,1.0,0.08848223201454797,0.5270055654624582,False,True,True,49.0,selected,rich_M_2018,,lgb_classifier,Team1Win,True
diff__compact__blowout_win20_rate,compact_performance,0.0,981,748,0.39957200068645193,0.3812739770066258,1.0,1.0,0.12694540755520978,0.5258395328119915,False,True,True,50.0,selected,rich_M_2018,,lgb_classifier,Team1Win,True
diff__conference__strength_percentile,conference_context,0.0,981,118,0.4013071447302538,0.37624090851418446,1.0,1.0,0.08128594626477798,0.5256317700768732,False,True,True,113.0,selected,rich_M_2018,,lgb_classifier,Team1Win,True
diff__compact__half_winpct_first,compact_performance,0.0,981,364,0.3886262105353341,0.3819449981380126,1.0,1.0,0.09588259461509607,0.5249960616394157,False,True,True,51.0,selected,rich_M_2018,,lgb_classifier,Team1Win,True
diff__schedule__elite_wins,schedule_and_accomplishment,0.0,981,22,0.3760471221437202,0.3827549729800212,1.0,1.0,0.04666867033902933,0.5245860070884675,False,True,True,87.0,selected,rich_M_2018,,lgb_classifier,Team1Win,True
diff__schedule__opponent_strength_median,schedule_and_accomplishment,0.0,981,974,0.3813092039308647,0.381765773873047,1.0,1.0,0.07940659903687264,0.5239593323623779,False,True,True,88.0,selected,rich_M_2018,,lgb_classifier,Team1Win,True
diff__compact__blowout_win10_rate,compact_performance,0.0,981,752,0.3807236244509573,0.3878282236663791,1.0,1.0,0.1712278256626057,0.5230676317125683,False,True,True,52.0,selected,rich_M_2018,,lgb_classifier,Team1Win,True
diff__compact__margin_q75,compact_performance,0.0,981,141,0.39973664154503924,0.3755884705141304,1.0,1.0,0.17522509077249898,0.5212155233557912,False,True,True,53.0,selected,rich_M_2018,,lgb_classifier,Team1Win,True
diff__schedule__owp,schedule_and_accomplishment,0.0,981,981,0.38256650589270985,0.3750411040342829,1.0,1.0,0.07729176020071155,0.5210926908248235,False,True,True,89.0,selected,rich_M_2018,,lgb_classifier,Team1Win,True
diff__compact__margin_median,compact_performance,0.0,981,71,0.3635865181136568,0.3858774011521421,1.0,1.0,0.1808733971891387,0.5179752506504671,False,True,True,54.0,selected,rich_M_2018,,lgb_classifier,Team1Win,True
diff__adj__off_rtg_a50p0,opponent_adjusted_efficiency,0.0,981,981,0.35366911713459315,0.38019455187594775,1.0,1.0,0.10631174462947701,0.5160481208848863,False,True,True,36.0,selected,rich_M_2018,,lgb_classifier,Team1Win,True
diff__adj__def_rtg_a10p0,opponent_adjusted_efficiency,0.0,981,981,-0.37260465567284895,0.3741178218249764,1.0,1.0,0.14825057963371124,0.515619555538667,False,True,True,37.0,selected,rich_M_2018,,lgb_classifier,Team1Win,True
diff__compact__margin_q90,compact_performance,0.0,981,346,0.39390808291388807,0.3638416097160531,1.0,1.0,0.14821904257989987,0.5153749892015649,False,True,True,55.0,selected,rich_M_2018,,lgb_classifier,Team1Win,True
diff__rating__elo_standard_preseason,dynamic_ratings,0.0,981,981,0.38568343859679055,0.36321459154312125,1.0,1.0,0.10864563045446979,0.5148475352138132,False,True,True,104.0,selected,rich_M_2018,,lgb_classifier,Team1Win,True
diff__conference__strength_median,conference_context,0.0,981,851,0.3574470317209286,0.36193209514279434,1.0,1.0,0.10584254460043857,0.5081320508631281,False,True,True,114.0,selected,rich_M_2018,,lgb_classifier,Team1Win,True
matchup__team2_seed,matchup_context,0.0,981,16,0.3513163991641824,0.36428699634757844,1.0,1.0,0.1532432828591887,0.5060176347485902,False,True,True,9.0,selected,rich_M_2018,,lgb_classifier,Team1Win,True
diff__compact__downside_tail_mean,compact_performance,0.0,981,931,-0.3561103583655523,0.3516831065519783,1.0,1.0,0.09391151656506141,0.5033957093227686,False,True,True,56.0,selected,rich_M_2018,,lgb_classifier,Team1Win,True
diff__compact__margin_slope,compact_performance,0.0,981,981,-0.3335748829125472,0.3600429100184219,1.0,1.0,0.11384231996957273,0.50165337825082,False,True,True,57.0,selected,rich_M_2018,,lgb_classifier,Team1Win,True
diff__compact__win_pct,compact_performance,0.0,981,743,0.35187726570203876,0.349256236760219,1.0,1.0,0.14746571150435472,0.4991573636391794,False,True,True,58.0,selected,rich_M_2018,,lgb_classifier,Team1Win,True
diff__compact__margin_q25,compact_performance,0.0,981,139,0.35755511167789994,0.34735660116601375,1.0,1.0,0.1564586786221544,0.49913494598393837,False,True,True,59.0,selected,rich_M_2018,,lgb_classifier,Team1Win,True
diff__compact__half_delta_marginmean,compact_performance,0.0,981,963,-0.32715255635300416,0.35368338935665483,1.0,1.0,0.08745432017774385,0.4982434164817455,False,True,True,60.0,selected,rich_M_2018,,lgb_classifier,Team1Win,True
diff__compact__ewm_h20_win,compact_performance,0.0,981,981,0.3205263980391709,0.35815516265627184,1.0,1.0,0.1371089864935014,0.49694592618388794,False,True,True,61.0,selected,rich_M_2018,,lgb_classifier,Team1Win,True
diff__compact__ewm_h20_margin,compact_performance,0.0,981,981,0.3489370263473812,0.34100958913901763,1.0,1.0,0.11471184430747772,0.4958622748108532,False,True,True,62.0,selected,rich_M_2018,,lgb_classifier,Team1Win,True
diff__compact__margin_q10,compact_performance,0.0,981,305,0.33527942449311027,0.34061112990963693,1.0,1.0,0.12295605058114578,0.4923365737218642,False,True,True,63.0,selected,rich_M_2018,,lgb_classifier,Team1Win,True
diff__compact__away_games,compact_performance,0.0,981,21,-0.34308622664366256,0.33362156646749536,1.0,1.0,0.11768680859147046,0.49090984942234467,False,True,True,64.0,selected,rich_M_2018,,lgb_classifier,Team1Win,True
diff__compact__ewm_h10_margin,compact_performance,0.0,981,981,0.3479143652507044,0.3189435404765263,1.0,1.0,0.18278502327925972,0.48232265885271713,False,True,True,65.0,selected,rich_M_2018,,lgb_classifier,Team1Win,True
diff__schedule__bad_losses,schedule_and_accomplishment,0.0,981,14,-0.2972563489532234,0.333649438983632,1.0,1.0,0.14702097930320385,0.4796672883097243,False,True,True,90.0,selected,rich_M_2018,,lgb_classifier,Team1Win,True
diff__compact__half_pointsformean_first,compact_performance,0.0,981,877,0.30140719333128047,0.3160049730424933,1.0,1.0,0.09766142830353147,0.4740855124611372,False,True,True,66.0,selected,rich_M_2018,,lgb_classifier,Team1Win,True
diff__adj__def_rtg_a50p0,opponent_adjusted_efficiency,0.0,981,981,-0.29892382048271443,0.320065767724593,1.0,1.0,0.1516533484950663,0.4733286750741991,False,True,True,38.0,selected,rich_M_2018,,lgb_classifier,Team1Win,True
diff__schedule__top_decile_games,schedule_and_accomplishment,0.0,981,29,0.31180038668317833,0.31114922644024595,1.0,1.0,0.13074680050462323,0.47271784174143233,False,True,True,91.0,selected,rich_M_2018,,lgb_classifier,Team1Win,True
diff__compact__away_margin_mean,compact_performance,0.0,981,913,0.29590241867925393,0.3034081767092306,1.0,1.0,0.15424948119204873,0.46456447768218456,False,True,True,67.0,selected,rich_M_2018,,lgb_classifier,Team1Win,True
diff__conference__team_count,conference_context,0.0,981,17,0.2090796458640614,0.20522979852192477,1.0,1.0,0.08455150205863154,0.4011257652982721,False,True,True,115.0,selected,rich_M_2018,,lgb_classifier,Team1Win,True
diff__conference__tourney_last_day,conference_context,0.019367991845056064,962,17,0.23057654450328124,0.19887762761201555,1.0,1.0,0.19772861819799825,0.3967295169689649,False,True,True,116.0,selected,rich_M_2018,,lgb_classifier,Team1Win,True
diff__rating__elo_standard_delta,dynamic_ratings,0.0,981,981,0.1790917008309793,0.18912963117175985,0.8666666666666667,1.0,0.19719135511237473,0.36096140960743184,False,True,True,105.0,selected,rich_M_2018,,lgb_classifier,Team1Win,True
diff__conference__strength_std,conference_context,0.0,981,851,0.18274409207740114,0.2058074388504225,0.7333333333333333,1.0,0.16377285965431224,0.3497736898523919,False,True,True,117.0,selected,rich_M_2018,,lgb_classifier,Team1Win,True
diff__rating__elo_mov_538_delta,dynamic_ratings,0.0,981,981,0.1535306019904219,0.18672486075348407,0.7333333333333333,1.0,0.13115612802749818,0.3354917538117985,False,True,True,106.0,selected,rich_M_2018,,lgb_classifier,Team1Win,True
diff__seed__playin,selection_committee_prior,0.0,981,3,-0.11157110603394121,0.1341246360271594,0.8666666666666667,1.0,0.03587582877988302,0.32615710213597493,False,True,True,77.0,selected,rich_M_2018,,lgb_classifier,Team1Win,True
diff__schedule__opponent_strength_std,schedule_and_accomplishment,0.0,981,981,0.13706859507238184,0.14082382249988634,0.7333333333333333,1.0,0.12128837047506817,0.31023232423020003,False,True,True,92.0,selected,rich_M_2018,,lgb_classifier,Team1Win,True
absdiff__schedule__opponent_strength_median,schedule_and_accomplishment,0.0,981,969,-0.042900924030905244,0.1520110218643265,0.6,1.0,0.1324700880062402,0.27310469026142625,False,True,True,93.0,selected,rich_M_2018,,lgb_classifier,Team1Win,True
diff__conference__tourney_champion,conference_context,0.019367991845056064,962,3,-0.1334831598603435,0.14779939172464399,0.4666666666666667,1.0,0.2045621277009553,0.26524474540812865,False,True,True,118.0,selected,rich_M_2018,,lgb_classifier,Team1Win,True
seedprior__pooled_pair_games,prequential_seed_priors,0.04892966360856269,933,119,-0.07990155646224496,0.1283411394582117,0.6,1.0,0.15452384650998593,0.265086762412551,False,True,True,69.0,selected,rich_M_2018,,lgb_classifier,Team1Win,True
diff__conference__tourney_win_pct,conference_context,0.019367991845056064,962,17,-0.08548159588064143,0.08812768291715514,0.6,1.0,0.08366298008640569,0.25221128034291485,False,True,True,119.0,selected,rich_M_2018,,lgb_classifier,Team1Win,True
diff__conference__tourney_wins,conference_context,0.019367991845056064,962,9,-0.07425663753832637,0.09336907226825136,0.6,1.0,0.10423202147266462,0.25143489474068137,False,True,True,120.0,selected,rich_M_2018,,lgb_classifier,Team1Win,True
absdiff__schedule__oowp,schedule_and_accomplishment,0.0,981,981,-0.0531996262105827,0.13779939763404284,0.4666666666666667,1.0,0.19303927378853475,0.24479272434579405,False,True,True,94.0,selected,rich_M_2018,,lgb_classifier,Team1Win,True
absdiff__schedule__opponent_strength_mean,schedule_and_accomplishment,0.0,981,981,-0.04195663509918453,0.1405470033599375,0.4666666666666667,1.0,0.20369708457584063,0.24321180461822367,False,True,True,95.0,selected,rich_M_2018,,lgb_classifier,Team1Win,True
seedprior__favorite_seed_games,prequential_seed_priors,0.0,981,109,0.05640152804984157,0.08089868881250913,0.6,1.0,0.10950887987145558,0.24285935160611133,False,True,True,70.0,selected,rich_M_2018,,lgb_classifier,Team1Win,True
absdiff__schedule__quality_wins,schedule_and_accomplishment,0.0,981,20,-0.05053235520573892,0.10231932335794783,0.4666666666666667,1.0,0.10368492948075692,0.23074966284451393,False,True,True,96.0,selected,rich_M_2018,,lgb_classifier,Team1Win,True
absdiff__schedule__top_quartile_games,schedule_and_accomplishment,0.0,981,22,-0.055275633426787346,0.14132524929026846,0.3333333333333333,1.0,0.17676435152849113,0.22625951828541577,False,True,True,97.0,selected,rich_M_2018,,lgb_classifier,Team1Win,True
seedprior__exact_pair_games,prequential_seed_priors,0.0,981,87,-0.06752711374439987,0.12597018626257953,0.3333333333333333,1.0,0.18273970422358013,0.2213453995941963,False,True,True,71.0,selected,rich_M_2018,,lgb_classifier,Team1Win,True
absdiff__schedule__opponent_strength_pct_mean,schedule_and_accomplishment,0.0,981,981,-0.03786381968799907,0.13756882323377836,0.3333333333333333,1.0,0.19157996099201569,0.22003321037722612,False,True,True,98.0,selected,rich_M_2018,,lgb_classifier,Team1Win,True
matchup__seed_gap_abs,matchup_context,0.0,981,15,-0.017873666683565683,0.08217425973231346,0.4666666666666667,1.0,0.09976913101742779,0.21405175276786448,False,True,True,10.0,selected,rich_M_2018,,lgb_classifier,Team1Win,True
absdiff__rating__elo_mov_538_delta,dynamic_ratings,0.0,981,981,0.010007470515251573,0.07263644651769806,0.4666666666666667,1.0,0.11065229707721386,0.20730771262542852,False,True,True,107.0,selected,rich_M_2018,,lgb_classifier,Team1Win,True
absdiff__rating__elo_standard_delta,dynamic_ratings,0.0,981,981,0.03629614434694114,0.0567829229597737,0.4666666666666667,1.0,0.1118767023050804,0.2054325533514819,False,True,True,108.0,selected,rich_M_2018,,lgb_classifier,Team1Win,True
absdiff__rating__elo_mov_log_percentile,dynamic_ratings,0.0,981,502,-0.042132108000171524,0.09194571131616856,0.3333333333333333,1.0,0.16383773951992586,0.20018282894433495,False,True,True,109.0,selected,rich_M_2018,,lgb_classifier,Team1Win,True
matchup__equal_seed,matchup_context,0.0,981,2,-0.02304085125580058,0.09759000729485331,0.3333333333333333,1.0,0.15646587545624502,0.19898688909288925,False,True,True,11.0,selected,rich_M_2018,,lgb_classifier,Team1Win,True
seedprior__generic_gender_games,prequential_seed_priors,0.0,981,16,0.02260406400272649,0.09759000729485333,0.3333333333333333,1.0,0.15646587545624502,0.19889079589721295,False,True,True,72.0,selected,rich_M_2018,,lgb_classifier,Team1Win,True
seedprior__effective_games_pc2p0,prequential_seed_priors,0.0,981,277,0.02746649338044352,0.08972698612491732,0.3333333333333333,1.0,0.10612673691554995,0.1981998457403692,False,True,True,73.0,selected,rich_M_2018,,lgb_classifier,Team1Win,True
absdiff__rating__elo_standard_percentile,dynamic_ratings,0.0,981,514,-0.041977504927312635,0.08220324940544131,0.3333333333333333,1.0,0.1736524784392641,0.19507984499438338,False,True,True,110.0,selected,rich_M_2018,,lgb_classifier,Team1Win,True
absdiff__adj__net_rtg_a50p0_percentile,opponent_adjusted_efficiency,0.0,981,505,-0.03131142536003937,0.0774619836597061,0.3333333333333333,1.0,0.13342206330921674,0.19206671653683224,False,True,True,39.0,selected,rich_M_2018,,lgb_classifier,Team1Win,True
absdiff__adj__net_rtg_a10p0_percentile,opponent_adjusted_efficiency,0.0,981,515,-0.04086430984703077,0.08725803518969369,0.2,1.0,0.1679105086915998,0.17615758470973578,False,True,True,40.0,selected,rich_M_2018,,lgb_classifier,Team1Win,True
absdiff__adj__net_rtg_a10p0_z,opponent_adjusted_efficiency,0.0,981,981,0.005480838097910508,0.10149823689870689,0.2,1.0,0.19444626859891376,0.1741470873489631,False,True,True,41.0,selected,rich_M_2018,,lgb_classifier,Team1Win,True
absdiff__adj__def_rtg_a10p0,opponent_adjusted_efficiency,0.0,981,981,-0.019768659181658578,0.09503163973391297,0.06666666666666667,1.0,0.15455742605977707,0.1544486617165187,False,True,True,42.0,selected,rich_M_2018,,lgb_classifier,Team1Win,True
absdiff__adj__net_rtg_a50p0_z,opponent_adjusted_efficiency,0.0,981,981,0.031278133290237445,0.06657331501232397,0.06666666666666667,1.0,0.12500949190307922,0.14450266752031127,False,True,True,43.0,selected,rich_M_2018,,lgb_classifier,Team1Win,True
seedprior__favorite_prob_pc2p0,prequential_seed_priors,0.0,981,402,0.0013073174571958755,0.08288199470444453,0.06666666666666667,1.0,0.1582188103560237,0.1444088815511422,False,True,True,74.0,selected,rich_M_2018,,lgb_classifier,Team1Win,True
absdiff__adj__def_rtg_a50p0,opponent_adjusted_efficiency,0.0,981,981,-0.014318241582090815,0.07172828359267878,0.06666666666666667,1.0,0.17030447479075583,0.14143407694758225,False,True,True,44.0,selected,rich_M_2018,,lgb_classifier,Team1Win,True
context__season_centered_2000,matchup_context,0.0,981,15,0.0051818993889161955,0.0,0.0,1.0,0.0,0.10114001786556157,False,True,True,12.0,selected,rich_M_2018,,lgb_classifier,Team1Win,True
