Feature,Block,MissingRate,NonMissingRows,UniqueValues,GlobalCorrelation,MedianAbsoluteSeasonCorrelation,SeasonSignConsistency,SeasonCoverage,SeasonCorrelationIQR,StabilityScore,Mandatory,InPrecorrelationPool,Selected,SelectionRank,ExclusionReason
matchup__seed_diff,matchup_context,0.0,1355,29,-0.5345076439901866,0.5423247031035874,1.0,1.0,0.1650674377755627,0.6313048416565404,True,True,True,1.0,selected
diff__norm__rating__elo_mov_538__pct,within_season_normalization,0.0,1355,888,0.48079958584014704,0.48745253499659613,1.0,1.0,0.0702064043432622,0.596944869509468,True,True,True,2.0,selected
diff__adj__net_rtg_a50p0,opponent_adjusted_efficiency,0.0,1355,1355,0.47550355365317704,0.49438928076267047,1.0,1.0,0.14118933350642526,0.5962700632295238,True,True,True,5.0,selected
diff__compact__margin_trim02,compact_performance,0.0,1355,1329,0.4502177913763674,0.4722482304353682,1.0,1.0,0.13635881889346596,0.5802727119560389,True,True,True,3.0,selected
diff__norm__schedule__opponent_strength_mean__pct,within_season_normalization,0.0,1355,1120,0.45228476947253443,0.45576520109696245,1.0,1.0,0.1390739795373795,0.5727069866290043,True,True,True,4.0,selected
context__women,matchup_context,0.0,1355,2,0.04208997270597478,0.0,0.0,1.0,0.0,0.10925979399531446,True,True,True,6.0,selected
diff__rating__margin_ridge_a5p0_z,global_strength_ratings,0.0,1355,1355,0.554550769187933,0.5497039981912916,1.0,1.0,0.14609696726010285,0.640015209662761,False,True,True,61.0,selected
diff__rating__margin_ridge_a5p0,global_strength_ratings,0.0,1355,1355,0.5474395068907087,0.5497040001042997,1.0,1.0,0.1460969752233101,0.6384507325570874,False,True,False,,correlation_pruned_or_cap
seedprior__team1_prob_pc2p0,prequential_seed_priors,0.0,1355,776,0.5419354302295487,0.55440379125372,1.0,1.0,0.18015900956755354,0.6381332540695841,False,True,True,67.0,selected
seedprior__team1_prob_pc8p0,prequential_seed_priors,0.0,1355,776,0.5404841613646764,0.5520420269480673,1.0,1.0,0.18275472719757974,0.6365764993473979,False,True,False,,correlation_pruned_or_cap
diff__seed__number,selection_committee_prior,0.0,1355,29,-0.5345076439901866,0.5423247031035874,1.0,1.0,0.1650674377755627,0.6313048416565404,False,True,False,,correlation_pruned_or_cap
diff__seed__strength,selection_committee_prior,0.0,1355,29,0.5345076439901866,0.5423247031035874,1.0,1.0,0.1650674377755627,0.6313048416565404,False,True,False,,correlation_pruned_or_cap
diff__norm__rating__margin_ridge_a25p0__z,within_season_normalization,0.0,1355,1355,0.535916593409116,0.5354889658307569,1.0,1.0,0.15376088016623896,0.6287859189421192,False,True,True,13.0,selected
diff__rating__margin_ridge_a25p0_z,global_strength_ratings,0.0,1355,1355,0.535916593409116,0.5354889658307569,1.0,1.0,0.15376088016623896,0.6287859189421192,False,True,False,,correlation_pruned_or_cap
diff__adj__net_rtg_a10p0_z,opponent_adjusted_efficiency,0.0,1355,1355,0.5361737734911675,0.5314743596619689,1.0,1.0,0.14238979261272505,0.6273703311012929,False,True,False,,correlation_pruned_or_cap
diff__norm__adj__net_rtg_a10p0__z,within_season_normalization,0.0,1355,1355,0.5361737734911675,0.5314743596619689,1.0,1.0,0.14238979261272505,0.6273703311012929,False,True,False,,correlation_pruned_or_cap
diff__rating__margin_ridge_a25p0,global_strength_ratings,0.0,1355,1355,0.526552034129515,0.5354889665724771,1.0,1.0,0.15376087967146235,0.6267257162764237,False,True,False,,correlation_pruned_or_cap
diff__norm__rating__elo_mov_538__z,within_season_normalization,0.0,1355,1355,0.5280648823840235,0.5318851991647321,1.0,1.0,0.13357567052398533,0.6261361429025971,False,True,True,14.0,selected
diff__rating__elo_mov_538_z,dynamic_ratings,0.0,1355,1355,0.5280648823840235,0.5318851991647321,1.0,1.0,0.13357567052398533,0.6261361429025971,False,True,False,,correlation_pruned_or_cap
diff__rating__elo_mov_538,dynamic_ratings,0.0,1355,1355,0.5261922943962462,0.5318851989053491,1.0,1.0,0.1335756699109773,0.6257241734453026,False,True,False,,correlation_pruned_or_cap
diff__adj__net_rtg_a10p0,opponent_adjusted_efficiency,0.0,1355,1355,0.5279684151190829,0.5314743544901915,1.0,1.0,0.14238979221681913,0.6255651497928174,False,True,False,,correlation_pruned_or_cap
diff__rating__elo_mov_log_z,dynamic_ratings,0.0,1355,1355,0.5288274296575483,0.5302036928078614,1.0,1.0,0.13446867939225587,0.6254610598967438,False,True,False,,correlation_pruned_or_cap
diff__rating__elo_mov_log,dynamic_ratings,0.0,1355,1355,0.5268305437524985,0.530203693807413,1.0,1.0,0.13446867800517653,0.6250217455329008,False,True,False,,correlation_pruned_or_cap
diff__schedule__quality_wins,schedule_and_accomplishment,0.0,1355,44,0.5125227147573739,0.5355674341124791,1.0,1.0,0.13433600550249186,0.6244539254005125,False,True,True,88.0,selected
diff__norm__rating__colley__z,within_season_normalization,0.0,1355,1355,0.5248663107057132,0.5217498121693354,1.0,1.0,0.12265577963429775,0.621004267011166,False,True,True,15.0,selected
diff__rating__colley_z,global_strength_ratings,0.0,1355,1355,0.5248663107057132,0.5217498121693354,1.0,1.0,0.12265577963429775,0.621004267011166,False,True,False,,correlation_pruned_or_cap
diff__rating__colley,global_strength_ratings,0.0,1355,1355,0.524745186831024,0.5217498120773104,1.0,1.0,0.1226557821433164,0.6209776196142016,False,True,False,,correlation_pruned_or_cap
diff__norm__schedule__quality_win_points_sum__z,within_season_normalization,0.0,1355,1355,0.5274732384329942,0.516916785130249,1.0,1.0,0.10733972702793926,0.6198705802366606,False,True,True,16.0,selected
diff__schedule__quality_win_points_sum,schedule_and_accomplishment,0.0,1355,1355,0.5267290942561162,0.5169167827030455,1.0,1.0,0.10733973436722999,0.6197068670591183,False,True,False,,correlation_pruned_or_cap
diff__schedule__quality_win_points_mean,schedule_and_accomplishment,0.0,1355,1355,0.5206189165958484,0.5150377810337421,1.0,1.0,0.12511877785057957,0.6167495454332597,False,True,False,,correlation_pruned_or_cap
diff__norm__rating__bt_c1p0__z,within_season_normalization,0.0,1355,1355,0.5160843931972331,0.516663180699118,1.0,1.0,0.13021544594693252,0.6163282754010906,False,True,True,17.0,selected
diff__rating__bt_c1p0_z,global_strength_ratings,0.0,1355,1355,0.5160843931972331,0.516663180699118,1.0,1.0,0.13021544594693252,0.6163282754010906,False,True,False,,correlation_pruned_or_cap
diff__rating__bt_c1p0,global_strength_ratings,0.0,1355,1355,0.5144809849163435,0.5166631810620019,1.0,1.0,0.13021544927579481,0.6159755256203248,False,True,False,,correlation_pruned_or_cap
diff__norm__schedule__rpi__z,within_season_normalization,0.0,1355,1355,0.5111350651630353,0.5075174285967676,1.0,1.0,0.10966121445695254,0.6116716314840381,False,True,True,18.0,selected
diff__schedule__rpi,schedule_and_accomplishment,0.0,1355,1355,0.5106421204091764,0.5075174296786406,1.0,1.0,0.10966122121522803,0.611563183887157,False,True,False,,correlation_pruned_or_cap
diff__compact__half_marginmean_first,compact_performance,0.0,1355,1211,0.5039775140343252,0.5105525542487425,1.0,1.0,0.13240637632196167,0.6106440240740695,False,True,True,38.0,selected
diff__rating__margin_ridge_a5p0_percentile,global_strength_ratings,0.0,1355,935,0.48975711525084525,0.5089457320097485,1.0,1.0,0.08115055392351811,0.6087944945629244,False,True,True,62.0,selected
diff__rating__elo_standard_z,dynamic_ratings,0.0,1355,1355,0.5019616435898316,0.5063419341063946,1.0,1.0,0.14417638137186983,0.6077086347059576,False,True,True,77.0,selected
diff__rating__elo_standard,dynamic_ratings,0.0,1355,1355,0.5002618700918808,0.5063419304003823,1.0,1.0,0.14417637871240657,0.607334682863901,False,True,False,,correlation_pruned_or_cap
diff__rating__bt_c0p25_z,global_strength_ratings,0.0,1355,1355,0.48263195385861557,0.5082287054676596,1.0,1.0,0.1503331131391773,0.6041154839478049,False,True,True,63.0,selected
diff__rating__bt_c0p25,global_strength_ratings,0.0,1355,1355,0.4818522042390415,0.5082287020399839,1.0,1.0,0.15033311735388277,0.6039439372176262,False,True,False,,correlation_pruned_or_cap
diff__rating__pagerank_binary_percentile,global_strength_ratings,0.0,1355,988,0.4754284110102438,0.5055096163832093,1.0,1.0,0.10546117030242008,0.6030204194740972,False,True,False,,correlation_pruned_or_cap
diff__rating__elo_mov_log_percentile,dynamic_ratings,0.0,1355,901,0.4824913688989848,0.49258683152054444,1.0,1.0,0.06925450521054904,0.599819600079216,False,True,False,,correlation_pruned_or_cap
diff__norm__rating__colley__pct,within_season_normalization,0.0,1355,905,0.4793760477265661,0.49341515333698777,1.0,1.0,0.07178208362803479,0.5994307207564772,False,True,True,19.0,selected
diff__rating__colley_percentile,global_strength_ratings,0.0,1355,905,0.4793760477265661,0.49341515333698777,1.0,1.0,0.07178208362803479,0.5994307207564772,False,True,False,,correlation_pruned_or_cap
diff__adj__net_rtg_a50p0_z,opponent_adjusted_efficiency,0.0,1355,1355,0.4853176359604562,0.49438928342843336,1.0,1.0,0.14118933690166535,0.5984291624808817,False,True,False,,correlation_pruned_or_cap
diff__norm__adj__net_rtg_a50p0__z,within_season_normalization,0.0,1355,1355,0.4853176359604562,0.49438928342843336,1.0,1.0,0.14118933690166535,0.5984291624808817,False,True,False,,correlation_pruned_or_cap
diff__norm__schedule__rpi__pct,within_season_normalization,0.0,1355,905,0.4749667148073561,0.48900403094468914,1.0,1.0,0.05443590771872858,0.59703717580232,False,True,True,20.0,selected
diff__rating__elo_mov_538_percentile,dynamic_ratings,0.0,1355,888,0.48079958584014704,0.48745253499659613,1.0,1.0,0.0702064043432622,0.596944869509468,False,True,False,,correlation_pruned_or_cap
matchup__team1_seed,matchup_context,0.0,1355,16,-0.475004152850898,0.495839556277986,1.0,1.0,0.14548803939020571,0.5966843790650225,False,True,True,7.0,selected
diff__norm__rating__bt_c1p0__pct,within_season_normalization,0.0,1355,898,0.4739150352847262,0.48989783960010236,1.0,1.0,0.08680031811503913,0.5959402580460874,False,True,False,,correlation_pruned_or_cap
diff__rating__bt_c1p0_percentile,global_strength_ratings,0.0,1355,898,0.4739150352847262,0.48989783960010236,1.0,1.0,0.08680031811503913,0.5959402580460874,False,True,False,,correlation_pruned_or_cap
diff__norm__rating__pagerank_margin__pct,within_season_normalization,0.0,1355,1005,0.47868943980886536,0.4887059924418194,1.0,1.0,0.11317218932256351,0.5953636655571212,False,True,True,21.0,selected
diff__rating__pagerank_margin_percentile,global_strength_ratings,0.0,1355,1005,0.47868943980886536,0.4887059924418194,1.0,1.0,0.11317218932256351,0.5953636655571212,False,True,False,,correlation_pruned_or_cap
diff__adj__net_rtg_a10p0_percentile,opponent_adjusted_efficiency,0.0,1355,894,0.47600057686188785,0.48277303661650994,1.0,1.0,0.0901491202869037,0.592845219674064,False,True,False,,correlation_pruned_or_cap
diff__norm__adj__net_rtg_a10p0__pct,within_season_normalization,0.0,1355,894,0.47600057686188785,0.48277303661650994,1.0,1.0,0.0901491202869037,0.592845219674064,False,True,True,22.0,selected
diff__rating__elo_season_reset_mov_z,dynamic_ratings,0.0,1355,1355,0.4697370461296625,0.4853733619487982,1.0,1.0,0.13096238669541366,0.5910828684161323,False,True,True,78.0,selected
diff__rating__elo_season_reset_mov,dynamic_ratings,0.0,1355,1355,0.4679845114609964,0.48537336219619726,1.0,1.0,0.13096238311546432,0.5906973110509752,False,True,False,,correlation_pruned_or_cap
diff__rating__elo_season_reset_mov_delta,dynamic_ratings,0.0,1355,1355,0.4679845114609964,0.48537336219619726,1.0,1.0,0.13096238311546432,0.5906973110509752,False,True,False,,correlation_pruned_or_cap
diff__rating__pagerank_binary_z,global_strength_ratings,0.0,1355,1355,0.4638623810294425,0.48522374636020593,1.0,1.0,0.11976674222234718,0.5901664523904823,False,True,True,64.0,selected
diff__conference__strength_max,conference_context,0.0,1355,1162,0.43966470264422813,0.4907600631948379,1.0,1.0,0.12830891171407427,0.5871587084466894,False,True,True,106.0,selected
diff__norm__rating__margin_ridge_a25p0__pct,within_season_normalization,0.0,1355,902,0.4729693707486392,0.47163162840677203,1.0,1.0,0.09682152555052836,0.58656358217793,False,True,False,,correlation_pruned_or_cap
diff__rating__margin_ridge_a25p0_percentile,global_strength_ratings,0.0,1355,902,0.4729693707486392,0.47163162840677203,1.0,1.0,0.09682152555052836,0.58656358217793,False,True,False,,correlation_pruned_or_cap
diff__schedule__bad_loss_penalty_sum,schedule_and_accomplishment,0.0,1355,1354,-0.4513580928682065,0.48120796268984994,1.0,1.0,0.09764563505935064,0.5863727771197593,False,True,True,89.0,selected
diff__compact__upside_tail_mean,compact_performance,0.0,1355,1329,0.4458804034876477,0.4845246986167994,1.0,1.0,0.1525889256795715,0.5845619870761632,False,True,False,,correlation_pruned_or_cap
diff__norm__schedule__quality_win_points_sum__pct,within_season_normalization,0.0,1355,919,0.4741004346488809,0.4650498515167104,1.0,1.0,0.08524937977863073,0.5841160491596296,False,True,True,23.0,selected
diff__norm__rating__pagerank_margin__z,within_season_normalization,0.0,1355,1355,0.46837341140734573,0.47030980554689683,1.0,1.0,0.1254260204579003,0.5837738163538105,False,True,True,24.0,selected
diff__rating__pagerank_margin_z,global_strength_ratings,0.0,1355,1355,0.46837341140734573,0.47030980554689683,1.0,1.0,0.1254260204579003,0.5837738163538105,False,True,False,,correlation_pruned_or_cap
diff__norm__compact__margin_mean__z,within_season_normalization,0.0,1355,1353,0.45923001777306177,0.4722482311756541,1.0,1.0,0.13635882269099897,0.5822554019667476,False,True,False,,correlation_pruned_or_cap
diff__norm__compact__margin_trim02__z,within_season_normalization,0.0,1355,1353,0.45923001777306177,0.4722482311756541,1.0,1.0,0.13635882269099897,0.5822554019667476,False,True,False,,correlation_pruned_or_cap
diff__seed__top4,selection_committee_prior,0.0,1355,3,0.472856899422235,0.4645591192666872,1.0,1.0,0.12689478774655416,0.5819411036110393,False,True,True,74.0,selected
diff__compact__margin_mean,compact_performance,0.0,1355,1329,0.4502177913763674,0.4722482304353682,1.0,1.0,0.13635881889346596,0.5802727119560389,False,True,False,,correlation_pruned_or_cap
diff__schedule__oowp,schedule_and_accomplishment,0.0,1355,1355,0.47731917912385435,0.4601636664136614,1.0,1.0,0.15422386806342736,0.5797198245632683,False,True,True,90.0,selected
diff__rating__pagerank_binary,global_strength_ratings,0.0,1355,1355,0.411041291452189,0.48522374535508267,1.0,1.0,0.11976675195028885,0.5785458118119097,False,True,True,65.0,selected
diff__norm__detailed__all__net_rtg_ros__z,within_season_normalization,0.0,1355,1355,0.45352783524517726,0.4640141631153274,1.0,1.0,0.1306187756236084,0.5772781710243517,False,True,False,,correlation_pruned_or_cap
diff__rating__elo_standard_percentile,dynamic_ratings,0.0,1355,895,0.4555517348549261,0.45641765601573425,1.0,1.0,0.06824923100763353,0.5765718873153308,False,True,True,79.0,selected
diff__norm__detailed__clean__net_rtg_ros__z,within_season_normalization,0.0,1355,1355,0.4528426574345974,0.46228808743458843,1.0,1.0,0.13052162025776076,0.5763028017939034,False,True,False,,correlation_pruned_or_cap
diff__compact__margin_winsor02,compact_performance,0.0,1355,1353,0.4486890710742921,0.46383011438886235,1.0,1.0,0.1327175001839993,0.5760413505356382,False,True,False,,correlation_pruned_or_cap
diff__detailed__all__net_rtg_ros,detailed_efficiency,0.0,1355,1355,0.44565826166185196,0.46401416522424493,1.0,1.0,0.1306187732042099,0.5755468659450765,False,True,False,,correlation_pruned_or_cap
diff__compact__home_margin_mean,compact_performance,0.010332103321033211,1341,1289,0.4427364942552118,0.46873807600819595,1.0,1.0,0.17067397905504217,0.5747427777921964,False,True,True,39.0,selected
diff__detailed__clean__net_rtg_ros,detailed_efficiency,0.0,1355,1355,0.44502359294226423,0.4622880879770043,1.0,1.0,0.13052161501203263,0.5745826080757789,False,True,False,,correlation_pruned_or_cap
diff__detailed__all__netrtg_mean,detailed_efficiency,0.0,1355,1355,0.4409525335803796,0.4611527790022606,1.0,1.0,0.13161953391412845,0.5730981099522034,False,True,False,,correlation_pruned_or_cap
diff__detailed__all__netrtg_trim02,detailed_efficiency,0.0,1355,1355,0.4409525335803796,0.4611527790022606,1.0,1.0,0.13161953391412845,0.5730981099522034,False,True,False,,correlation_pruned_or_cap
diff__detailed__poss0p475__net_rtg_mean,detailed_efficiency,0.0,1355,1355,0.4409525335803796,0.4611527790022606,1.0,1.0,0.13161953391412845,0.5730981099522034,False,True,False,,correlation_pruned_or_cap
diff__detailed__poss0p44__net_rtg_mean,detailed_efficiency,0.0,1355,1355,0.4409959389472028,0.46024839966670195,1.0,1.0,0.13219951819634196,0.572650357680548,False,True,False,,correlation_pruned_or_cap
diff__detailed__clean__netrtg_mean,detailed_efficiency,0.0,1355,1355,0.4403588498781877,0.4598177162754424,1.0,1.0,0.1313834179557944,0.5723361140671819,False,True,False,,correlation_pruned_or_cap
diff__detailed__clean__netrtg_trim02,detailed_efficiency,0.0,1355,1355,0.4403588498781877,0.4598177162754424,1.0,1.0,0.1313834179557944,0.5723361140671819,False,True,False,,correlation_pruned_or_cap
diff__rating__bt_c0p25_percentile,global_strength_ratings,0.0,1355,916,0.44224117132361584,0.45465038013858666,1.0,1.0,0.08443756111261813,0.5721477377132124,False,True,True,66.0,selected
diff__compact__margin_q90,compact_performance,0.0,1355,438,0.44243279327584734,0.46334301680462964,1.0,1.0,0.19249631295069008,0.5720400100688809,False,True,True,40.0,selected
diff__compact__margin_q75,compact_performance,0.0,1355,189,0.4262521440728703,0.467041532029989,1.0,1.0,0.15494492923345715,0.5717576099010878,False,True,True,41.0,selected
diff__rating__pagerank_margin,global_strength_ratings,0.0,1355,1355,0.4128147590880126,0.4703098086962481,1.0,1.0,0.1254260183205726,0.5715509144407389,False,True,False,,correlation_pruned_or_cap
diff__compact__pythag_exp8p0,compact_performance,0.0,1355,1355,0.4398134966705335,0.4531885671046634,1.0,1.0,0.0797138483868629,0.5711009275422813,False,True,True,42.0,selected
diff__detailed__home__net_rtg_mean,detailed_efficiency,0.010332103321033211,1341,1341,0.43249508697440514,0.46051459810181783,1.0,1.0,0.14162677179958932,0.5697042870855755,False,True,False,,correlation_pruned_or_cap
diff__conference__strength_percentile,conference_context,0.0,1355,120,0.4389743169502895,0.45405613577692755,1.0,1.0,0.1330638278509249,0.5691987417879519,False,True,True,107.0,selected
diff__adj__off_rtg_a10p0,opponent_adjusted_efficiency,0.0,1355,1355,0.45969480688186676,0.4435952317816446,1.0,1.0,0.12464535221073336,0.5690727546807708,False,True,True,25.0,selected
diff__compact__pythag_exp10p0,compact_performance,0.0,1355,1355,0.4322383076999908,0.4468818710971013,1.0,1.0,0.06795749703375503,0.5668774259392564,False,True,False,,correlation_pruned_or_cap
diff__norm__conference__strength_mean__pct,within_season_normalization,0.0,1355,1037,0.4373743184697455,0.4503323301910079,1.0,1.0,0.14027689846796026,0.5667707926163094,False,True,False,,correlation_pruned_or_cap
matchup__team1_is_seed_favorite,matchup_context,0.0,1355,2,0.4549092721326513,0.4466903994101174,1.0,1.0,0.2045882255863573,0.5663079025625853,False,True,True,8.0,selected
diff__adj__net_rtg_a50p0_percentile,opponent_adjusted_efficiency,0.0,1355,905,0.43091676782051525,0.44448217302800735,1.0,1.0,0.08500737683585752,0.5647528369005226,False,True,True,26.0,selected
diff__norm__adj__net_rtg_a50p0__pct,within_season_normalization,0.0,1355,905,0.43091676782051525,0.44448217302800735,1.0,1.0,0.08500737683585752,0.5647528369005226,False,True,False,,correlation_pruned_or_cap
diff__rating__elo_mov_log_preseason,dynamic_ratings,0.0,1355,1355,0.4581741067972586,0.4370166127370009,1.0,1.0,0.165836844885334,0.563932803813744,False,True,True,80.0,selected
diff__rating__elo_mov_538_preseason,dynamic_ratings,0.0,1355,1355,0.45736131853047896,0.43590390658073475,1.0,1.0,0.16888321461318073,0.5630980366509308,False,True,False,,correlation_pruned_or_cap
diff__schedule__opponent_strength_median,schedule_and_accomplishment,0.0,1355,1345,0.4287907875482622,0.4471807598932178,1.0,1.0,0.1482947824349103,0.5630489467119658,False,True,True,91.0,selected
diff__rating__elo_season_reset_mov_percentile,dynamic_ratings,0.0,1355,891,0.42164052645313516,0.44035555164566736,1.0,1.0,0.08493445800723831,0.5607342022893206,False,True,True,81.0,selected
diff__norm__conference__strength_mean__z,within_season_normalization,0.0,1355,1162,0.43030535084474936,0.4357470770468448,1.0,1.0,0.10512832998628191,0.5596206409688791,False,True,False,,correlation_pruned_or_cap
diff__conference__strength_mean,conference_context,0.0,1355,1162,0.4274821756105042,0.43574707725451367,1.0,1.0,0.10512833060494203,0.5589995424922798,False,True,True,108.0,selected
diff__detailed__clean__fourfactoredge_mean,detailed_efficiency,0.0,1355,1355,0.4157010028447129,0.44145834372473797,1.0,1.0,0.11043204464890538,0.5589369438277548,False,True,True,116.0,selected
diff__schedule__opponent_strength_pct_mean,schedule_and_accomplishment,0.0,1355,1355,0.4494935276040532,0.4277455656141968,1.0,1.0,0.13494755893789767,0.5588085452101902,False,True,True,92.0,selected
diff__detailed__all__fourfactoredge_mean,detailed_efficiency,0.0,1355,1355,0.41613427192627905,0.4413888237397839,1.0,1.0,0.11802543492750767,0.5586951578217774,False,True,False,,correlation_pruned_or_cap
diff__seed__top8,selection_committee_prior,0.0,1355,3,0.43574214068152106,0.43457051971942107,1.0,1.0,0.1554347967393459,0.5582397285456829,False,True,True,75.0,selected
diff__schedule__top_quartile_games,schedule_and_accomplishment,0.0,1355,46,0.45109521957046456,0.4259002540230172,1.0,1.0,0.14572304359791383,0.5578441484926339,False,True,True,93.0,selected
diff__compact__pythag_exp11p5,compact_performance,0.0,1355,1355,0.42534613438236585,0.42965975514474836,1.0,1.0,0.06789024856783821,0.5570972220908861,False,True,False,,correlation_pruned_or_cap
diff__prior__program_win_pct_smoothed,prior_program_history,0.0,1355,1065,0.4307950422263614,0.42602543165715284,1.0,1.0,0.10183091808405703,0.5551938797618706,False,True,False,,correlation_pruned_or_cap
diff__adj__def_rtg_a10p0,opponent_adjusted_efficiency,0.0,1355,1355,-0.43396542375011266,0.43026498005435715,1.0,1.0,0.1924291199460882,0.5543024188532726,False,True,True,27.0,selected
diff__compact__blowout_win20_rate,compact_performance,0.0,1355,1020,0.4202489600364257,0.43422063152719814,1.0,1.0,0.16542106434324383,0.554263831767339,False,True,True,43.0,selected
diff__norm__schedule__opponent_strength_mean__z,within_season_normalization,0.0,1355,1355,0.4534805720308393,0.4179638899608506,1.0,1.0,0.16329057838790217,0.5538567698924768,False,False,False,,below_bounded_prescreen
diff__schedule__opponent_strength_mean,schedule_and_accomplishment,0.0,1355,1355,0.45189646431648944,0.4179638926268156,1.0,1.0,0.16329057780013884,0.5535082674984937,False,True,True,94.0,selected
diff__prior__program_tournament_games,prior_program_history,0.0,1355,181,0.4141647449887274,0.4321954465260727,1.0,1.0,0.14509959781779114,0.5527660743173233,False,True,False,,correlation_pruned_or_cap
interaction__strength_gap_squared_signed,matchup_interactions,0.0,1355,1355,0.3798653745458164,0.435875512689765,1.0,1.0,0.050883011941284806,0.5507553080135154,False,True,False,,correlation_pruned_or_cap
diff__rating__elo_standard_preseason,dynamic_ratings,0.0,1355,1355,0.43387689949360025,0.42183719646525786,1.0,1.0,0.19805568843962668,0.5500125446543307,False,True,True,82.0,selected
diff__prior__program_tournament_wins,prior_program_history,0.0,1355,153,0.40913187483930946,0.4267374361949858,1.0,1.0,0.12199364529983336,0.5499632360262479,False,True,False,,correlation_pruned_or_cap
diff__compact__half_winpct_first,compact_performance,0.0,1355,413,0.41468773926037006,0.4203262077827204,1.0,1.0,0.1163624563148532,0.5483333841203931,False,True,True,44.0,selected
diff__adj__off_rtg_a50p0,opponent_adjusted_efficiency,0.0,1355,1355,0.4096003912747822,0.4192324715422177,1.0,1.0,0.11268968893053471,0.5468360848634952,False,True,True,28.0,selected
diff__schedule__owp,schedule_and_accomplishment,0.0,1355,1355,0.42971855402990733,0.4107524225696438,1.0,1.0,0.12492135426520268,0.5467023905494005,False,True,True,95.0,selected
diff__compact__pythag_exp13p91,compact_performance,0.0,1355,1355,0.4126765195208961,0.40976025195919974,1.0,1.0,0.06692707928206132,0.5447966720637305,False,True,True,45.0,selected
diff__compact__wins,compact_performance,0.0,1355,36,0.39802672318206056,0.4162611652537803,1.0,1.0,0.08824802918958652,0.5438413172542844,False,True,True,46.0,selected
diff__detailed__all__netrtg_median,detailed_efficiency,0.0,1355,1355,0.3817019442693326,0.4272381559449521,1.0,1.0,0.1331958897135042,0.54372090700429,False,True,False,,correlation_pruned_or_cap
diff__norm__compact__margin_mean__pct,within_season_normalization,0.0,1355,1012,0.4054572752959734,0.4099348802040978,1.0,1.0,0.057447959641592716,0.5436714246774174,False,False,False,,below_bounded_prescreen
diff__norm__compact__margin_trim02__pct,within_season_normalization,0.0,1355,1012,0.4054572752959734,0.4099348802040978,1.0,1.0,0.057447959641592716,0.5436714246774174,False,False,False,,below_bounded_prescreen
diff__detailed__clean__netrtg_median,detailed_efficiency,0.0,1355,1355,0.38191543087071744,0.4265227287220703,1.0,1.0,0.14286954898275683,0.5430375226188413,False,True,False,,correlation_pruned_or_cap
matchup__team2_seed,matchup_context,0.0,1355,16,0.3834313098167269,0.423844609929689,1.0,1.0,0.14995605427677183,0.5418020587548597,False,True,True,9.0,selected
diff__compact__margin_median,compact_performance,0.0,1355,99,0.38192417577506094,0.4231078379969995,1.0,1.0,0.1440022516549997,0.5413549908428731,False,True,True,47.0,selected
diff__compact__blowout_win10_rate,compact_performance,0.0,1355,984,0.3987912348615968,0.4154346658484065,1.0,1.0,0.14932390445428545,0.541169755098615,False,True,True,48.0,selected
diff__detailed__ewm_h20__netrtg,detailed_efficiency,0.0,1355,1355,0.3912496202592159,0.4175202064500959,1.0,1.0,0.13967058343761707,0.5408977922155688,False,True,False,,correlation_pruned_or_cap
diff__schedule__elite_wins,schedule_and_accomplishment,0.0,1355,30,0.42871738042686874,0.39959499359451045,1.0,1.0,0.13145568541691965,0.5408651932025993,False,True,True,96.0,selected
diff__conference__strength_median,conference_context,0.0,1355,1162,0.3907270692674955,0.4153304156689793,1.0,1.0,0.14168501278286305,0.5396511542486445,False,True,True,109.0,selected
diff__norm__detailed__all__net_rtg_ros__pct,within_season_normalization,0.0,1355,936,0.40394179443466893,0.40121456443488723,1.0,1.0,0.0650337631913745,0.538848835176718,False,False,False,,below_bounded_prescreen
diff__detailed__clean__off_rtg_ros,detailed_efficiency,0.0,1355,1355,0.3869350196425594,0.4085831996545653,1.0,1.0,0.08110052508770593,0.5380016191520461,False,True,False,,correlation_pruned_or_cap
diff__detailed__all__off_rtg_ros,detailed_efficiency,0.0,1355,1355,0.3868160999106304,0.40662031484110644,1.0,1.0,0.07855933432265605,0.5371349197311636,False,True,False,,correlation_pruned_or_cap
diff__norm__detailed__clean__net_rtg_ros__pct,within_season_normalization,0.0,1355,940,0.4030433391348361,0.39773458859256844,1.0,1.0,0.07013814363519422,0.5367766113886889,False,False,False,,below_bounded_prescreen
diff__prior__program_appearances,prior_program_history,0.0,1355,56,0.3925569747064536,0.40492823574295916,1.0,1.0,0.12403581047127482,0.5357666551731892,False,True,False,,correlation_pruned_or_cap
diff__compact__ewm_h20_margin,compact_performance,0.0,1355,1355,0.39176564146071824,0.4065317492633987,1.0,1.0,0.14553447613749532,0.5355023017222895,False,True,True,49.0,selected
diff__detailed__clean__offrtg_mean,detailed_efficiency,0.0,1355,1355,0.38297958833898177,0.40403174451183377,1.0,1.0,0.10353013931576655,0.5340495412276255,False,True,False,,correlation_pruned_or_cap
diff__detailed__clean__offrtg_trim02,detailed_efficiency,0.0,1355,1355,0.38297958833898177,0.40403174451183377,1.0,1.0,0.10353013931576655,0.5340495412276255,False,True,False,,correlation_pruned_or_cap
diff__detailed__all__offrtg_mean,detailed_efficiency,0.0,1355,1355,0.38279250135769277,0.4007659424702966,1.0,1.0,0.09718489263229435,0.5326946069791431,False,True,False,,correlation_pruned_or_cap
diff__detailed__all__offrtg_trim02,detailed_efficiency,0.0,1355,1355,0.38279250135769277,0.4007659424702966,1.0,1.0,0.09718489263229435,0.5326946069791431,False,True,False,,correlation_pruned_or_cap
diff__detailed__poss0p475__off_rtg_mean,detailed_efficiency,0.0,1355,1355,0.38279250135769277,0.4007659424702966,1.0,1.0,0.09718489263229435,0.5326946069791431,False,True,False,,correlation_pruned_or_cap
diff__detailed__poss0p44__off_rtg_mean,detailed_efficiency,0.0,1355,1355,0.3817739305864588,0.39976622524561034,1.0,1.0,0.09455191925823797,0.5320959760765844,False,True,False,,correlation_pruned_or_cap
diff__compact__ewm_h10_margin,compact_performance,0.0,1355,1355,0.369210209808315,0.3980841619510667,1.0,1.0,0.1600300827554243,0.5259054405841244,False,True,True,50.0,selected
diff__detailed__ewm_h20__fourfactoredge,detailed_efficiency,0.0,1355,1355,0.37054918071198095,0.390715957419652,1.0,1.0,0.15484768694455198,0.5228705718402867,False,True,True,117.0,selected
diff__detailed__ewm_h10__netrtg,detailed_efficiency,0.0,1355,1355,0.3595948721204036,0.3909169490571466,1.0,1.0,0.15093058393213338,0.5207137840566338,False,True,False,,correlation_pruned_or_cap
diff__detailed__clean__offrtg_median,detailed_efficiency,0.0,1355,1355,0.3518513106904761,0.39400590587488005,1.0,1.0,0.15201629783288306,0.5204494712585318,False,True,True,118.0,selected
diff__compact__margin_q25,compact_performance,0.0,1355,192,0.37370872735598804,0.38396491829656726,1.0,1.0,0.15395364147666862,0.520360935141603,False,True,True,51.0,selected
diff__detailed__all__offrtg_median,detailed_efficiency,0.0,1355,1355,0.3520240997514324,0.39230180573015905,1.0,1.0,0.1531843906778224,0.5196227930686786,False,True,False,,correlation_pruned_or_cap
diff__schedule__top_decile_games,schedule_and_accomplishment,0.0,1355,32,0.3699475023778873,0.3878775374361052,1.0,1.0,0.2018593862908154,0.5194952930408331,False,True,True,97.0,selected
diff__detailed__all__fourfactoredge_median,detailed_efficiency,0.0,1355,1355,0.35990201335694155,0.38156505138466607,1.0,1.0,0.1677330243311032,0.5156203466299226,False,True,True,119.0,selected
diff__detailed__clean__fourfactoredge_median,detailed_efficiency,0.0,1355,1355,0.35951835221759215,0.37871758658217103,1.0,1.0,0.16489032461705566,0.5142828660626301,False,True,False,,correlation_pruned_or_cap
diff__norm__compact__win_pct__z,within_season_normalization,0.0,1355,1251,0.3616713455832312,0.3742338392522387,1.0,1.0,0.13949431489460523,0.5136201662736012,False,False,False,,below_bounded_prescreen
diff__compact__win_pct,compact_performance,0.0,1355,965,0.36012485896397545,0.3742338395942234,1.0,1.0,0.13949431737134033,0.5132799392824482,False,True,True,52.0,selected
diff__schedule__wp,schedule_and_accomplishment,0.0,1355,965,0.36012485896397545,0.3742338395942234,1.0,1.0,0.13949431737134033,0.5132799392824482,False,True,False,,correlation_pruned_or_cap
diff__compact__half_pointsformean_first,compact_performance,0.0,1355,1173,0.3841400856190883,0.3647078219364894,1.0,1.0,0.16710594098577203,0.5128863357262834,False,True,True,53.0,selected
diff__detailed__all__fourfactorcomposite_mean,detailed_efficiency,0.0,1355,1355,0.3668326285184459,0.3678454138026652,1.0,1.0,0.1581905605428267,0.5109413544776243,False,True,True,120.0,selected
diff__detailed__clean__fourfactorcomposite_mean,detailed_efficiency,0.0,1355,1355,0.367332140222567,0.367514594737928,1.0,1.0,0.16141891566806676,0.5107633196964475,False,True,False,,correlation_pruned_or_cap
diff__detailed__ewm_h20__offrtg,detailed_efficiency,0.0,1355,1355,0.3450812793741354,0.3681076908073291,1.0,1.0,0.10034979667753313,0.5085955811827265,False,True,False,,correlation_pruned_or_cap
diff__compact__margin_q10,compact_performance,0.0,1355,388,0.3480691640215729,0.3682997662521145,1.0,1.0,0.14146891859552352,0.50770034714194,False,True,True,54.0,selected
diff__detailed__away__net_rtg_mean,detailed_efficiency,0.0,1355,1355,0.3272406547430784,0.37660559683248424,1.0,1.0,0.16112168757774592,0.5063187630199599,False,True,False,,correlation_pruned_or_cap
diff__compact__downside_tail_mean,compact_performance,0.0,1355,1257,-0.358788029001867,0.3569021158246421,1.0,1.0,0.1048749212480442,0.5060513851263172,False,True,True,55.0,selected
diff__compact__margin_slope,compact_performance,0.0,1355,1354,-0.34816525038204676,0.3600429100184219,1.0,1.0,0.1174692588199795,0.5047181815400936,False,True,True,56.0,selected
diff__compact__away_margin_mean,compact_performance,0.0,1355,1258,0.32756778156458355,0.3732951340271415,1.0,1.0,0.17011620022729057,0.5044419282681446,False,True,True,57.0,selected
diff__detailed__ewm_h10__fourfactoredge,detailed_efficiency,0.0,1355,1355,0.33709208361566656,0.36747561143638285,1.0,1.0,0.15812909670447506,0.5042233880167314,False,True,False,,correlation_pruned_or_cap
diff__detailed__home__off_rtg_mean,detailed_efficiency,0.010332103321033211,1341,1341,0.3484141962127903,0.357574637778372,1.0,1.0,0.12452215585354504,0.5024794948006079,False,True,False,,correlation_pruned_or_cap
diff__compact__half_delta_marginmean,compact_performance,0.0,1355,1324,-0.332959485789278,0.3546262353022042,1.0,1.0,0.08840081408275213,0.499935647255389,False,True,True,58.0,selected
diff__detailed__ewm_h10__offrtg,detailed_efficiency,0.0,1355,1355,0.3208085529618154,0.36317813885065475,1.0,1.0,0.12801748215587433,0.49978268901367867,False,False,False,,below_bounded_prescreen
diff__norm__compact__win_pct__pct,within_season_normalization,0.0,1355,1070,0.3347645029888431,0.34919881270237324,1.0,1.0,0.11291607112403756,0.49674697790972305,False,False,False,,below_bounded_prescreen
diff__compact__losses,compact_performance,0.0,1355,34,-0.3440303889438295,0.3480354856087891,1.0,1.0,0.1528837656000862,0.4966283680358578,False,True,False,,correlation_pruned_or_cap
diff__prior__program_final_appearances,prior_program_history,0.0,1355,18,0.3336299352288078,0.3468617158403446,1.0,1.0,0.0898730745908658,0.4962972863700684,False,True,False,,correlation_pruned_or_cap
diff__adj__def_rtg_a50p0,opponent_adjusted_efficiency,0.0,1355,1355,-0.3544533285812244,0.33215929917057546,1.0,1.0,0.1571516291974963,0.49113013072184575,False,True,True,29.0,selected
diff__detailed__all__fourfactorcomposite_median,detailed_efficiency,0.0,1355,1355,0.3445012371400971,0.3324139843559053,1.0,1.0,0.1378050036520584,0.48983678451557355,False,False,False,,below_bounded_prescreen
diff__compact__ewm_h20_win,compact_performance,0.0,1355,1355,0.32653354608306717,0.33885295938599197,1.0,1.0,0.12168925586699059,0.4896192304088713,False,True,True,59.0,selected
diff__compact__away_games,compact_performance,0.0,1355,20,-0.3342547455127706,0.3280893574623933,1.0,1.0,0.08779401369064532,0.4875071750471325,False,True,True,60.0,selected
diff__detailed__clean__fourfactorcomposite_median,detailed_efficiency,0.0,1355,1355,0.34510715223861904,0.3256959584151364,1.0,1.0,0.13771343541615355,0.4867490961151155,False,False,False,,below_bounded_prescreen
diff__detailed__away__games,detailed_efficiency,0.0,1355,20,-0.33062991015383064,0.3280893574623933,1.0,1.0,0.10958579284330244,0.48583804010205944,False,False,False,,below_bounded_prescreen
diff__prior__program_championships,prior_program_history,0.0,1355,15,0.3185784007391724,0.32815257021258093,1.0,1.0,0.08985960760074746,0.48400609756062685,False,True,False,,correlation_pruned_or_cap
diff__schedule__bad_losses,schedule_and_accomplishment,0.0,1355,14,-0.29681684771720984,0.333649438983632,1.0,1.0,0.09741951289998962,0.4815546566939299,False,True,True,98.0,selected
diff__detailed__away__off_rtg_mean,detailed_efficiency,0.0,1355,1355,0.3191179516940469,0.3225927148542665,1.0,1.0,0.1203121799417804,0.48023796530506707,False,False,False,,below_bounded_prescreen
diff__detailed__all__oppfourfactorcomposite_mean,detailed_efficiency,0.0,1355,1355,-0.32051947823198246,0.3207513836157826,1.0,1.0,0.15517945480213108,0.4782677711545265,False,False,False,,below_bounded_prescreen
diff__detailed__clean__oppfourfactorcomposite_mean,detailed_efficiency,0.0,1355,1355,-0.3194999588014058,0.31956868942305916,1.0,1.0,0.15862881051847375,0.4773378094386387,False,False,False,,below_bounded_prescreen
diff__compact__blowout_loss10_rate,compact_performance,0.0,1355,711,-0.3180211021443734,0.3145662207397389,1.0,1.0,0.12559844838993378,0.4759324904912395,False,False,False,,below_bounded_prescreen
diff__detailed__clean__assist_to_turnover_ros,detailed_efficiency,0.0,1355,1355,0.28029943969348436,0.3222015488797519,1.0,1.0,0.2145286891527076,0.4677414726287391,False,False,False,,below_bounded_prescreen
diff__detailed__all__assist_to_turnover_ros,detailed_efficiency,0.0,1355,1355,0.2802519866253519,0.32152506339075165,1.0,1.0,0.21486878497864725,0.4673927160859923,False,False,False,,below_bounded_prescreen
diff__detailed__all__assistturnoverratio_mean,detailed_efficiency,0.0,1355,1355,0.2680834859733901,0.32133090443918794,1.0,1.0,0.17974952496347513,0.466027220046417,False,False,False,,below_bounded_prescreen
diff__detailed__clean__assistturnoverratio_mean,detailed_efficiency,0.0,1355,1355,0.268337104260798,0.32119600626492123,1.0,1.0,0.18078792015083814,0.4659767291385042,False,False,False,,below_bounded_prescreen
diff__compact__points_for_mean,compact_performance,0.0,1355,1332,0.314383511029612,0.33189350151538755,0.9047619047619048,1.0,0.1939986269454541,0.4654752128379872,False,False,False,,below_bounded_prescreen
diff__compact__half_delta_pointsformean,compact_performance,0.0,1355,1303,-0.29008725133012014,0.30022892050016786,1.0,1.0,0.0795921816326852,0.4647453898673995,False,False,False,,below_bounded_prescreen
diff__compact__home_games,compact_performance,0.010332103321033211,1341,23,0.2907992342518848,0.3004501956767434,1.0,1.0,0.10992097455097749,0.4629685182125297,False,False,False,,below_bounded_prescreen
diff__detailed__all__fgpct_median,detailed_efficiency,0.0,1355,1334,0.29120287648571336,0.308985782435213,1.0,1.0,0.24063967382470083,0.4627522214427711,False,False,False,,below_bounded_prescreen
diff__detailed__clean__fgpct_median,detailed_efficiency,0.0,1355,1333,0.29083773942261115,0.3094136108487882,1.0,1.0,0.2440919808944416,0.4627391566446151,False,False,False,,below_bounded_prescreen
diff__detailed__all__def_rtg_ros,detailed_efficiency,0.0,1355,1355,-0.30768415506290886,0.2969751155846721,1.0,1.0,0.19588065356173395,0.46240334345201317,False,False,False,,below_bounded_prescreen
diff__detailed__home__games,detailed_efficiency,0.010332103321033211,1341,24,0.28657084436984054,0.3004501956767434,1.0,1.0,0.10234892628977249,0.46234115436892814,False,False,False,,below_bounded_prescreen
diff__detailed__clean__def_rtg_ros,detailed_efficiency,0.0,1355,1355,-0.3067696638188845,0.2948259262398352,1.0,1.0,0.19723602308259036,0.46111632971197186,False,False,False,,below_bounded_prescreen
diff__detailed__clean__assistturnoverratio_median,detailed_efficiency,0.0,1355,1158,0.2631898737131264,0.3115056186750992,1.0,1.0,0.16368392815914606,0.46087711205456955,False,False,False,,below_bounded_prescreen
diff__detailed__all__assistturnoverratio_median,detailed_efficiency,0.0,1355,1153,0.2629963192587934,0.31067355262545,1.0,1.0,0.16289808760817368,0.4604665719928236,False,False,False,,below_bounded_prescreen
diff__detailed__all__defrtg_mean,detailed_efficiency,0.0,1355,1355,-0.30270508090859327,0.2924972925902804,1.0,1.0,0.19373359698132378,0.4592444743639721,False,False,False,,below_bounded_prescreen
diff__detailed__all__defrtg_trim02,detailed_efficiency,0.0,1355,1355,-0.30270508090859327,0.2924972925902804,1.0,1.0,0.19373359698132378,0.4592444743639721,False,False,False,,below_bounded_prescreen
diff__detailed__poss0p475__def_rtg_mean,detailed_efficiency,0.0,1355,1355,-0.30270508090859327,0.2924972925902804,1.0,1.0,0.19373359698132378,0.4592444743639721,False,False,False,,below_bounded_prescreen
diff__detailed__clean__defrtg_mean,detailed_efficiency,0.0,1355,1355,-0.30178043327676335,0.29085156635377546,1.0,1.0,0.1840436184278126,0.4586387024335876,False,False,False,,below_bounded_prescreen
diff__detailed__clean__defrtg_trim02,detailed_efficiency,0.0,1355,1355,-0.30178043327676335,0.29085156635377546,1.0,1.0,0.1840436184278126,0.4586387024335876,False,False,False,,below_bounded_prescreen
diff__detailed__poss0p44__def_rtg_mean,detailed_efficiency,0.0,1355,1355,-0.3046478772368819,0.28813530936859655,1.0,1.0,0.19537701105984465,0.4575124010466466,False,False,False,,below_bounded_prescreen
diff__compact__away_win_pct,compact_performance,0.0,1355,645,0.28513222233505664,0.2922546212726429,1.0,1.0,0.1473161555088983,0.4571186609042251,False,False,False,,below_bounded_prescreen
diff__detailed__clean__fgpct_mean,detailed_efficiency,0.0,1355,1355,0.30482307909960654,0.286578184328706,1.0,1.0,0.27765116282636815,0.45351255936663754,False,False,False,,below_bounded_prescreen
diff__detailed__all__fgpct_mean,detailed_efficiency,0.0,1355,1355,0.3045843630183676,0.2860919643812086,1.0,1.0,0.2750614224380544,0.4533302458694988,False,False,False,,below_bounded_prescreen
diff__detailed__clean__fg_pct_ros,detailed_efficiency,0.0,1355,1355,0.3098587371145337,0.28440933322922163,1.0,1.0,0.28399292966579237,0.4533256849285921,False,False,False,,below_bounded_prescreen
diff__detailed__all__fg_pct_ros,detailed_efficiency,0.0,1355,1355,0.30961708809434113,0.28383877185805023,1.0,1.0,0.2813567370771629,0.45310410038953264,False,False,False,,below_bounded_prescreen
diff__detailed__clean__oppfourfactorcomposite_median,detailed_efficiency,0.0,1355,1355,-0.27486660006914093,0.27763800457358173,1.0,1.0,0.08765184070840454,0.45023082058219405,False,False,False,,below_bounded_prescreen
diff__detailed__clean__opptrueshootingpct_mean,detailed_efficiency,0.0,1355,1355,-0.2881604794168597,0.2758451241229972,1.0,1.0,0.17726136648406554,0.4487105103913851,False,False,False,,below_bounded_prescreen
diff__detailed__all__oppfourfactorcomposite_median,detailed_efficiency,0.0,1355,1355,-0.27590249363464436,0.2734671124644216,1.0,1.0,0.08496788900222019,0.4485640470224553,False,False,False,,below_bounded_prescreen
diff__detailed__clean__efg_ros,detailed_efficiency,0.0,1355,1355,0.2597311773252396,0.2951770611419252,1.0,1.0,0.2699083324370179,0.44802951506219607,False,False,False,,below_bounded_prescreen
diff__detailed__all__opptrueshootingpct_mean,detailed_efficiency,0.0,1355,1355,-0.28850139850680023,0.2734503629641601,1.0,1.0,0.17387606683032844,0.44777143922107976,False,False,False,,below_bounded_prescreen
diff__detailed__all__efg_ros,detailed_efficiency,0.0,1355,1355,0.25938500547791493,0.2942831398902457,1.0,1.0,0.2691039514434162,0.4475564502947226,False,False,False,,below_bounded_prescreen
diff__detailed__all__blockpct_mean,detailed_efficiency,0.0,1355,1355,0.2542361264010546,0.29236825126131627,1.0,1.0,0.2381168811107774,0.4467440331692328,False,False,False,,below_bounded_prescreen
diff__detailed__clean__blockpct_mean,detailed_efficiency,0.0,1355,1355,0.25407932627097934,0.2922159996817834,1.0,1.0,0.23710351287862716,0.4466769911117264,False,False,False,,below_bounded_prescreen
diff__norm__detailed__all__efg_ros__z,within_season_normalization,0.0,1355,1355,0.25391072208544396,0.29428314020273677,1.0,1.0,0.2691039580231144,0.44635210783518675,False,False,False,,below_bounded_prescreen
diff__compact__ewm_h10_win,compact_performance,0.0,1355,1355,0.2635902807053947,0.27483657801412403,1.0,1.0,0.10789293630337518,0.4455957017498313,False,False,False,,below_bounded_prescreen
diff__compact__blowout_loss20_rate,compact_performance,0.0,1355,207,-0.25649770117313114,0.27407571190295804,1.0,1.0,0.06512184211843255,0.4453809622867714,False,False,False,,below_bounded_prescreen
diff__detailed__clean__blockpct_median,detailed_efficiency,0.0,1355,1308,0.2519510742113771,0.31967261388566115,0.9047619047619048,1.0,0.22094117348770229,0.4447963488140169,False,False,False,,below_bounded_prescreen
diff__detailed__all__blockpct_median,detailed_efficiency,0.0,1355,1310,0.2519835246005865,0.31918183231613917,0.9047619047619048,1.0,0.2203010004252243,0.4445935196687716,False,False,False,,below_bounded_prescreen
diff__compact__win_slope,compact_performance,0.0,1355,1277,-0.26358250433545705,0.2707232845531284,1.0,1.0,0.08829249805730457,0.44440362761701,False,False,False,,below_bounded_prescreen
diff__detailed__clean__orb_pct_ros,detailed_efficiency,0.0,1355,1355,0.2656766493605867,0.30840245293349033,0.9047619047619048,1.0,0.17831484366179323,0.44411135128283746,False,False,False,,below_bounded_prescreen
diff__detailed__all__orb_pct_ros,detailed_efficiency,0.0,1355,1355,0.26535790488148925,0.308216927405889,0.9047619047619048,1.0,0.18057054936260714,0.4438619470161548,False,False,False,,below_bounded_prescreen
diff__compact__ewm_h20_points_for,compact_performance,0.0,1355,1355,0.3029724792160375,0.29032582581224287,0.9047619047619048,1.0,0.17388218761626728,0.4438169590746589,False,False,False,,below_bounded_prescreen
diff__compact__home_win_pct,compact_performance,0.010332103321033211,1341,539,0.2668547869656758,0.26556712756494644,1.0,1.0,0.06115746549145576,0.44290740747828206,False,False,False,,below_bounded_prescreen
diff__detailed__all__opptrueshootingpct_median,detailed_efficiency,0.0,1355,1355,-0.25924778025605855,0.2714212508953094,1.0,1.0,0.15049302636994766,0.44129699103128345,False,False,False,,below_bounded_prescreen
diff__detailed__clean__opptrueshootingpct_median,detailed_efficiency,0.0,1355,1355,-0.25901382087394853,0.2698847643276989,1.0,1.0,0.14808353586841294,0.44060438603482766,False,False,False,,below_bounded_prescreen
diff__compact__half_pointsagainstmean_first,compact_performance,0.0,1355,1167,-0.27292299529373304,0.265446943045056,1.0,1.0,0.17227283291572817,0.440566678309619,False,False,False,,below_bounded_prescreen
diff__detailed__all__true_shooting_ros,detailed_efficiency,0.0,1355,1355,0.24534939082910903,0.3199476583343985,0.9047619047619048,1.0,0.2966842115018868,0.44044627828474453,False,False,False,,below_bounded_prescreen
diff__detailed__clean__true_shooting_ros,detailed_efficiency,0.0,1355,1355,0.24560533731112114,0.3175554862569639,0.9047619047619048,1.0,0.29296575597940094,0.4395030821345181,False,False,False,,below_bounded_prescreen
diff__detailed__clean__orbpct_mean,detailed_efficiency,0.0,1355,1355,0.2637500531030698,0.301425126190949,0.9047619047619048,1.0,0.20583574571234237,0.43923754718774194,False,False,False,,below_bounded_prescreen
diff__detailed__clean__orbpct_trim02,detailed_efficiency,0.0,1355,1355,0.2637500531030698,0.301425126190949,0.9047619047619048,1.0,0.20583574571234237,0.43923754718774194,False,False,False,,below_bounded_prescreen
diff__detailed__home__def_rtg_mean,detailed_efficiency,0.010332103321033211,1341,1341,-0.28293508226068437,0.28796878482266725,0.9047619047619048,1.0,0.15067233372881564,0.4383791779593003,False,False,False,,below_bounded_prescreen
diff__detailed__all__trueshootingpct_mean,detailed_efficiency,0.0,1355,1355,0.24277637227067986,0.3172064231106454,0.9047619047619048,1.0,0.3079419945453729,0.4381141099727492,False,False,False,,below_bounded_prescreen
diff__detailed__clean__trueshootingpct_mean,detailed_efficiency,0.0,1355,1355,0.2430423462557616,0.31490263952682934,0.9047619047619048,1.0,0.3046122928380125,0.43719999619752986,False,False,False,,below_bounded_prescreen
diff__detailed__all__orbpct_mean,detailed_efficiency,0.0,1355,1355,0.26346885885222493,0.29302155417290654,0.9047619047619048,1.0,0.20492909325169148,0.4351782359823217,False,False,False,,below_bounded_prescreen
diff__detailed__all__orbpct_trim02,detailed_efficiency,0.0,1355,1355,0.26346885885222493,0.29302155417290654,0.9047619047619048,1.0,0.20492909325169148,0.4351782359823217,False,False,False,,below_bounded_prescreen
diff__detailed__ewm_h20__defrtg,detailed_efficiency,0.0,1355,1355,-0.2707645259728785,0.2499740959512576,1.0,1.0,0.19300187977998032,0.4318356865794377,False,False,False,,below_bounded_prescreen
diff__detailed__clean__defrtg_median,detailed_efficiency,0.0,1355,1355,-0.2599350731604422,0.2481900130463341,1.0,1.0,0.15593618628117248,0.4300794749062907,False,False,False,,below_bounded_prescreen
diff__detailed__all__defrtg_median,detailed_efficiency,0.0,1355,1355,-0.26138002223434187,0.24689580533546146,1.0,1.0,0.15443578776236463,0.4298361599420821,False,False,False,,below_bounded_prescreen
diff__compact__ewm_h10_points_for,compact_performance,0.0,1355,1355,0.2624069535251263,0.28287237533686366,0.9047619047619048,1.0,0.21252292366243403,0.42976925775262975,False,False,False,,below_bounded_prescreen
diff__detailed__clean__efg_mean,detailed_efficiency,0.0,1355,1355,0.2534768827220258,0.2922142379088566,0.9047619047619048,1.0,0.2827937950039429,0.4294779013568439,False,False,False,,below_bounded_prescreen
diff__detailed__clean__efg_trim02,detailed_efficiency,0.0,1355,1355,0.2534768827220258,0.2922142379088566,0.9047619047619048,1.0,0.2827937950039429,0.4294779013568439,False,False,False,,below_bounded_prescreen
diff__detailed__all__efg_mean,detailed_efficiency,0.0,1355,1355,0.2531507046055604,0.2915435422452266,0.9047619047619048,1.0,0.2835574095891488,0.42905366366927083,False,False,False,,below_bounded_prescreen
diff__detailed__all__efg_trim02,detailed_efficiency,0.0,1355,1355,0.2531507046055604,0.2915435422452266,0.9047619047619048,1.0,0.2835574095891488,0.42905366366927083,False,False,False,,below_bounded_prescreen
diff__detailed__clean__games,detailed_efficiency,0.0,1355,15,0.25741885819819704,0.2720885349689835,0.9047619047619048,1.0,0.11148902746518602,0.42753698925201267,False,False,False,,below_bounded_prescreen
diff__detailed__clean__reboundshare_median,detailed_efficiency,0.0,1355,1339,0.2587020911351717,0.24575109931486558,1.0,1.0,0.20686601222546178,0.4266003472318547,False,False,False,,below_bounded_prescreen
diff__detailed__all__rebound_share_ros,detailed_efficiency,0.0,1355,1355,0.2816689703393447,0.26643679870931614,0.9047619047619048,1.0,0.22324551498481007,0.4256889210176399,False,False,False,,below_bounded_prescreen
diff__detailed__clean__rebound_share_ros,detailed_efficiency,0.0,1355,1355,0.2815157189306323,0.26643679870931614,0.9047619047619048,1.0,0.22244373194655725,0.4256872770292533,False,False,False,,below_bounded_prescreen
diff__compact__games,compact_performance,0.0,1355,15,0.258826600717098,0.2703038133851473,0.9047619047619048,1.0,0.14613096059480873,0.4256043489207446,False,False,False,,below_bounded_prescreen
diff__quality__CompactGames,detailed_efficiency,0.0,1355,15,0.258826600717098,0.2703038133851473,0.9047619047619048,1.0,0.14613096059480873,0.4256043489207446,False,False,False,,below_bounded_prescreen
diff__detailed__all__games,detailed_efficiency,0.0,1355,15,0.25265798562543884,0.2703038133851473,0.9047619047619048,1.0,0.11703568226361277,0.42541106473382756,False,False,False,,below_bounded_prescreen
diff__quality__DetailedGames,detailed_efficiency,0.0,1355,15,0.25265798562543884,0.2703038133851473,0.9047619047619048,1.0,0.11703568226361277,0.42541106473382756,False,False,False,,below_bounded_prescreen
diff__detailed__all__reboundshare_median,detailed_efficiency,0.0,1355,1338,0.2588160402365117,0.24071164436340758,1.0,1.0,0.20607655196597743,0.42423805606782905,False,False,False,,below_bounded_prescreen
diff__detailed__all__orbpct_median,detailed_efficiency,0.0,1355,1302,0.25206849098564116,0.23870747943451587,1.0,1.0,0.18944440302164545,0.42245688202454285,False,False,False,,below_bounded_prescreen
diff__detailed__clean__orbpct_median,detailed_efficiency,0.0,1355,1302,0.25188053995403203,0.23595268983115122,1.0,1.0,0.18926594013106496,0.42110037230359704,False,False,False,,below_bounded_prescreen
diff__detailed__clean__tov_pct_ros,detailed_efficiency,0.0,1355,1355,-0.2356090200564019,0.2404129450955398,1.0,1.0,0.1539749951296107,0.4210731982530831,False,False,False,,below_bounded_prescreen
diff__detailed__clean__oppfgpct_mean,detailed_efficiency,0.0,1355,1355,-0.2462716444144357,0.26816674840283966,0.9047619047619048,1.0,0.16724698563782842,0.42097182634093055,False,False,False,,below_bounded_prescreen
diff__detailed__all__tov_pct_ros,detailed_efficiency,0.0,1355,1355,-0.2352136836939903,0.2404129450955398,1.0,1.0,0.15444241750374674,0.42096752735838705,False,False,False,,below_bounded_prescreen
diff__detailed__clean__efg_median,detailed_efficiency,0.0,1355,1327,0.24597588483203697,0.27804417880775,0.9047619047619048,1.0,0.2870054169591004,0.4208575885743088,False,False,False,,below_bounded_prescreen
diff__detailed__all__oppfgpct_mean,detailed_efficiency,0.0,1355,1355,-0.2463952132460933,0.26720433708977265,0.9047619047619048,1.0,0.1643034846592923,0.4206547940927644,False,False,False,,below_bounded_prescreen
diff__detailed__ewm_h20__efg,detailed_efficiency,0.0,1355,1355,0.2511410957999508,0.2333172751926157,1.0,1.0,0.1710209743973658,0.42040249419255,False,False,False,,below_bounded_prescreen
diff__detailed__last20__net_rtg_mean,detailed_efficiency,0.0,1355,1355,0.23445122571745247,0.24149288913543152,1.0,1.0,0.20941828345918703,0.41911912510447913,False,False,False,,below_bounded_prescreen
diff__detailed__clean__oppefg_mean,detailed_efficiency,0.0,1355,1355,-0.25331242259070696,0.26349412990124343,0.9047619047619048,1.0,0.20015164257073984,0.4189617543816275,False,False,False,,below_bounded_prescreen
diff__detailed__all__opp_efg_ros,detailed_efficiency,0.0,1355,1355,-0.2509573898111701,0.26303049839041565,0.9047619047619048,1.0,0.1847162073003671,0.41883852145574696,False,False,False,,below_bounded_prescreen
diff__detailed__last20__off_rtg_mean,detailed_efficiency,0.0,1355,1355,0.23791308151906618,0.2641400854101771,0.9047619047619048,1.0,0.1296331789578261,0.4187046965346713,False,False,False,,below_bounded_prescreen
diff__detailed__clean__opp_efg_ros,detailed_efficiency,0.0,1355,1355,-0.25088897619013795,0.26268238320958565,0.9047619047619048,1.0,0.18607518085944352,0.4186020162299584,False,False,False,,below_bounded_prescreen
diff__detailed__all__oppefg_mean,detailed_efficiency,0.0,1355,1355,-0.2534193003396794,0.26237933719712375,0.9047619047619048,1.0,0.19906465491153555,0.41849364649479226,False,False,False,,below_bounded_prescreen
diff__detailed__all__reboundshare_mean,detailed_efficiency,0.0,1355,1355,0.278588819613736,0.25153161293448656,0.9047619047619048,1.0,0.2116968882191281,0.41831874375671513,False,False,False,,below_bounded_prescreen
diff__detailed__clean__reboundshare_mean,detailed_efficiency,0.0,1355,1355,0.27839653051142715,0.25153161293448656,0.9047619047619048,1.0,0.21078497126928997,0.41831291683220073,False,False,False,,below_bounded_prescreen
diff__detailed__clean__fg2pct_mean,detailed_efficiency,0.0,1355,1355,0.27702818990552497,0.2926480697573417,0.8095238095238095,1.0,0.317221948749624,0.41825220683656406,False,False,False,,below_bounded_prescreen
diff__detailed__all__efg_median,detailed_efficiency,0.0,1355,1326,0.24534179863531544,0.2728553376047313,0.9047619047619048,1.0,0.2901809853750207,0.41810042309694434,False,False,False,,below_bounded_prescreen
diff__detailed__all__fg2pct_mean,detailed_efficiency,0.0,1355,1355,0.2770925195315191,0.29161885849431063,0.8095238095238095,1.0,0.3138850275825856,0.41790581479470934,False,False,False,,below_bounded_prescreen
diff__detailed__clean__tovpct_mean,detailed_efficiency,0.0,1355,1355,-0.23071617981801998,0.23362267847643703,1.0,1.0,0.14898066998081802,0.4169372184294214,False,False,False,,below_bounded_prescreen
diff__detailed__clean__tovpct_trim02,detailed_efficiency,0.0,1355,1355,-0.23071617981801998,0.23362267847643703,1.0,1.0,0.14898066998081802,0.4169372184294214,False,False,False,,below_bounded_prescreen
diff__detailed__all__tovpct_mean,detailed_efficiency,0.0,1355,1355,-0.2303189862253767,0.23362267847643703,1.0,1.0,0.1492720701903822,0.4168381798306574,False,False,False,,below_bounded_prescreen
diff__detailed__all__tovpct_trim02,detailed_efficiency,0.0,1355,1355,-0.2303189862253767,0.23362267847643703,1.0,1.0,0.1492720701903822,0.4168381798306574,False,False,False,,below_bounded_prescreen
diff__conference__team_count,conference_context,0.0,1355,17,0.23307762702093718,0.22843596288371326,1.0,1.0,0.11968670429733652,0.41613887195689503,False,True,True,110.0,selected
diff__compact__last20_margin_mean,compact_performance,0.0,1355,561,0.2376804343978733,0.23165797957320813,1.0,1.0,0.20523798024207662,0.415276006552989,False,False,False,,below_bounded_prescreen
diff__detailed__clean__oppfg2pct_mean,detailed_efficiency,0.0,1355,1355,-0.24392302602408458,0.2536001982119948,0.9047619047619048,1.0,0.1854185946953906,0.41273632184114517,False,False,False,,below_bounded_prescreen
diff__detailed__all__oppfg2pct_mean,detailed_efficiency,0.0,1355,1355,-0.24372589774081926,0.25286228340020767,0.9047619047619048,1.0,0.18704036258454346,0.4122738837936029,False,False,False,,below_bounded_prescreen
diff__detailed__clean__trueshootingpct_median,detailed_efficiency,0.0,1355,1354,0.21613942447421303,0.2722269326770263,0.9047619047619048,1.0,0.27588311309157937,0.411946181307541,False,False,False,,below_bounded_prescreen
diff__detailed__ewm_h20__orbpct,detailed_efficiency,0.0,1355,1355,0.24890704784526493,0.21500840698798923,1.0,1.0,0.16523000978549054,0.4113543854887735,False,False,False,,below_bounded_prescreen
diff__detailed__all__trueshootingpct_median,detailed_efficiency,0.0,1355,1354,0.2159942193897726,0.26972254914444194,0.9047619047619048,1.0,0.2778559777651403,0.41063321750638127,False,False,False,,below_bounded_prescreen
diff__prior__program_years_since_appearance,prior_program_history,0.07527675276752767,1253,46,-0.2157996334980299,0.23565377695153994,1.0,1.0,0.11861142298738106,0.4098231351654082,False,True,False,,correlation_pruned_or_cap
diff__norm__detailed__all__efg_ros__pct,within_season_normalization,0.0,1355,1102,0.224236981024769,0.22383181422205134,1.0,1.0,0.20637576956022885,0.4085163758696247,False,False,False,,below_bounded_prescreen
diff__detailed__clean__tovpct_median,detailed_efficiency,0.0,1355,1355,-0.2059831910100875,0.22293653855054602,1.0,1.0,0.1813064492065609,0.4050735825582189,False,False,False,,below_bounded_prescreen
diff__compact__half_delta_winpct,compact_performance,0.0,1355,795,-0.22645190088104397,0.20466025485079792,1.0,1.0,0.0819011941619639,0.4047802927557341,False,False,False,,below_bounded_prescreen
diff__detailed__all__tovpct_median,detailed_efficiency,0.0,1355,1355,-0.20569892566629147,0.22179543067040233,1.0,1.0,0.18197687409796062,0.4044364954044588,False,False,False,,below_bounded_prescreen
diff__compact__last20_margin_median,compact_performance,0.0,1355,105,0.22025758771369947,0.21513815281605764,1.0,1.0,0.19475713589632504,0.4039326972128685,False,False,False,,below_bounded_prescreen
diff__detailed__ewm_h10__orbpct,detailed_efficiency,0.0,1355,1355,0.23857021921266441,0.23471111674187572,0.9047619047619048,1.0,0.16269160726778714,0.4034010247340798,False,False,False,,below_bounded_prescreen
diff__geography__games_with_city,geography_and_schedule_dispersion,0.0,1355,15,0.22758161490192566,0.21895791324064162,1.0,1.0,0.2971382143913717,0.40328222505827677,False,True,False,,correlation_pruned_or_cap
interaction__rebounding_matchup_edge,matchup_interactions,0.0,1355,1355,0.2557026620574406,0.23188288546345226,0.9047619047619048,1.0,0.2400872152336926,0.4027167868276511,False,True,False,,correlation_pruned_or_cap
diff__compact__ewm_h5_margin,compact_performance,0.0,1355,1355,0.20192272206573053,0.22085440148663615,1.0,1.0,0.2012725088097741,0.4023822112156551,False,False,False,,below_bounded_prescreen
diff__compact__rest_days_std,compact_performance,0.0,1355,1355,-0.2309095154293518,0.20112310272461692,1.0,1.0,0.1269170364608191,0.4022625012438408,False,False,False,,below_bounded_prescreen
diff__detailed__ewm_h5__netrtg,detailed_efficiency,0.0,1355,1355,0.19631361113285936,0.21905693576534954,1.0,1.0,0.1850233638030872,0.4009353890644733,False,False,False,,below_bounded_prescreen
diff__detailed__all__foulrate_mean,detailed_efficiency,0.0,1355,1355,-0.23025223408176274,0.23085217929349122,0.9047619047619048,1.0,0.13820678560401198,0.40069817089660786,False,False,False,,below_bounded_prescreen
diff__detailed__ewm_h5__offrtg,detailed_efficiency,0.0,1355,1355,0.20233016189696787,0.24506706619590574,0.9047619047619048,1.0,0.16495879769320754,0.40030838024554416,False,False,False,,below_bounded_prescreen
diff__detailed__clean__foulrate_mean,detailed_efficiency,0.0,1355,1355,-0.22992509685850945,0.22897668121271106,0.9047619047619048,1.0,0.13676398276421084,0.39978367374230966,False,False,False,,below_bounded_prescreen
diff__detailed__last20__four_factor_edge_mean,detailed_efficiency,0.0,1355,1355,0.2227042239380131,0.2073240445937,1.0,1.0,0.22185318475036597,0.3996363432813242,False,False,False,,below_bounded_prescreen
diff__detailed__clean__opp_ft_rate_ros,detailed_efficiency,0.0,1355,1355,-0.21259093962542996,0.240594641891911,0.9047619047619048,1.0,0.18629282050902282,0.39956562676725577,False,False,False,,below_bounded_prescreen
diff__detailed__clean__oppftrate_mean,detailed_efficiency,0.0,1355,1355,-0.21280821200434766,0.2402376309205443,0.9047619047619048,1.0,0.18451503543884848,0.3995131728271686,False,False,False,,below_bounded_prescreen
diff__detailed__all__opp_ft_rate_ros,detailed_efficiency,0.0,1355,1355,-0.21298304855953742,0.239805222304263,0.9047619047619048,1.0,0.18633173707065545,0.39927141266822297,False,False,False,,below_bounded_prescreen
diff__detailed__all__oppftrate_mean,detailed_efficiency,0.0,1355,1355,-0.21316081846846355,0.23939394950101875,0.9047619047619048,1.0,0.18294371350377922,0.39924863204530453,False,False,False,,below_bounded_prescreen
diff__detailed__clean__oppfgpct_median,detailed_efficiency,0.0,1355,1333,-0.20853356687726363,0.2364369104417982,0.9047619047619048,1.0,0.12997658629049105,0.3989299430353463,False,False,False,,below_bounded_prescreen
diff__detailed__clean__oppftrate_median,detailed_efficiency,0.0,1355,1353,-0.21184748256662284,0.2074978658217083,1.0,1.0,0.19081430335023936,0.39857284962506745,False,False,False,,below_bounded_prescreen
diff__detailed__all__oppfgpct_median,detailed_efficiency,0.0,1355,1333,-0.21040623805213526,0.23540335964796422,0.9047619047619048,1.0,0.14111796214618663,0.3984001712785499,False,False,False,,below_bounded_prescreen
diff__detailed__all__oppftrate_median,detailed_efficiency,0.0,1355,1352,-0.2118682113623162,0.20684140116745192,1.0,1.0,0.19063466900786527,0.3982694922997719,False,False,False,,below_bounded_prescreen
diff__detailed__all__foul_rate_ros,detailed_efficiency,0.0,1355,1355,-0.23201197887913727,0.22570342197752838,0.9047619047619048,1.0,0.14888560092159264,0.3981867586276649,False,False,False,,below_bounded_prescreen
diff__detailed__clean__foul_rate_ros,detailed_efficiency,0.0,1355,1355,-0.23173563965930316,0.224025542026217,0.9047619047619048,1.0,0.14910248565562365,0.39731190623331064,False,False,False,,below_bounded_prescreen
diff__detailed__all__oppefg_median,detailed_efficiency,0.0,1355,1343,-0.2266521810746809,0.22513299317997182,0.9047619047619048,1.0,0.15101963121981743,0.39664843607592837,False,False,False,,below_bounded_prescreen
diff__detailed__clean__oppefg_median,detailed_efficiency,0.0,1355,1344,-0.22598558504458222,0.22576455841991394,0.9047619047619048,1.0,0.1585127823831434,0.3965052102179457,False,False,False,,below_bounded_prescreen
diff__compact__ewm_h20_points_against,compact_performance,0.0,1355,1355,-0.19925461583732437,0.23357539352001525,0.9047619047619048,1.0,0.1072596419374266,0.3964237234582264,False,False,False,,below_bounded_prescreen
diff__detailed__clean__oppfg2pct_median,detailed_efficiency,0.0,1355,1315,-0.22248712579399646,0.22527540558242218,0.9047619047619048,1.0,0.18831862015109485,0.3943085223101029,False,False,False,,below_bounded_prescreen
diff__detailed__all__oppfg2pct_median,detailed_efficiency,0.0,1355,1313,-0.2204228993171913,0.22288289417226118,0.9047619047619048,1.0,0.18929807938112142,0.39266680863912734,False,False,False,,below_bounded_prescreen
diff__compact__close5_games,compact_performance,0.0,1355,25,-0.22893124800211215,0.25076644977173995,0.8095238095238095,1.0,0.19234168479424307,0.3925629125829397,False,False,False,,below_bounded_prescreen
diff__detailed__all__oppftmaderate_median,detailed_efficiency,0.0,1355,1341,-0.21387437089766165,0.22206833187830802,0.9047619047619048,1.0,0.17410392303660163,0.3914429087395141,False,False,False,,below_bounded_prescreen
diff__detailed__clean__oppftmaderate_median,detailed_efficiency,0.0,1355,1341,-0.21243561919585632,0.2207736314415442,0.9047619047619048,1.0,0.17483377065035274,0.3904757332509203,False,False,False,,below_bounded_prescreen
diff__detailed__clean__oppftmaderate_mean,detailed_efficiency,0.0,1355,1355,-0.21692265563048296,0.24914228343959927,0.8095238095238095,1.0,0.181510022887115,0.38957468889803887,False,False,False,,below_bounded_prescreen
diff__detailed__all__oppftmaderate_mean,detailed_efficiency,0.0,1355,1355,-0.21737618564080052,0.24866907572577582,0.8095238095238095,1.0,0.1811571910682454,0.3894614390704282,False,False,False,,below_bounded_prescreen
diff__detailed__all__fg2pct_median,detailed_efficiency,0.0,1355,1251,0.2595957907303746,0.2387252533749059,0.8095238095238095,1.0,0.3153694485879296,0.3886082271609296,False,False,False,,below_bounded_prescreen
diff__detailed__clean__fg2pct_median,detailed_efficiency,0.0,1355,1249,0.26046405450426424,0.2372464351947341,0.8095238095238095,1.0,0.31605631576052884,0.38806193777779885,False,False,False,,below_bounded_prescreen
diff__detailed__clean__opp_ftmade_rate_ros,detailed_efficiency,0.0,1355,1355,-0.2167664283063583,0.24590757110195396,0.8095238095238095,1.0,0.18467377384702074,0.38786110692626546,False,False,False,,below_bounded_prescreen
diff__detailed__all__opp_ftmade_rate_ros,detailed_efficiency,0.0,1355,1355,-0.21728152493781172,0.24557246386528925,0.8095238095238095,1.0,0.18412139523721321,0.38783567185597845,False,False,False,,below_bounded_prescreen
diff__rating__elo_standard_delta,dynamic_ratings,0.0,1355,1355,0.20285880817731752,0.2124697416400615,0.9047619047619048,1.0,0.1449731692598257,0.38557739177775113,False,True,True,83.0,selected
diff__detailed__ewm_h10__defrtg,detailed_efficiency,0.0,1355,1355,-0.2174372272350836,0.20980294428796442,0.9047619047619048,1.0,0.2114163118559503,0.3848468555376081,False,False,False,,below_bounded_prescreen
diff__detailed__last20__orb_pct_mean,detailed_efficiency,0.0,1355,1355,0.20396585028822967,0.20736710087807994,0.9047619047619048,1.0,0.14547229068353323,0.3833517086194523,False,False,False,,below_bounded_prescreen
diff__prior__program_has_tournament_history,prior_program_history,0.0,1355,3,0.19571011380467895,0.21081851067789195,0.9047619047619048,1.0,0.1588766297091588,0.38265594973595585,False,True,False,,correlation_pruned_or_cap
diff__conference__strength_std,conference_context,0.0,1355,1162,0.21983381578325983,0.2289458670274225,0.8095238095238095,1.0,0.19609057344887254,0.3799376422313346,False,True,True,111.0,selected
diff__compact__home_margin_std,compact_performance,0.013284132841328414,1337,1336,0.20982010022360328,0.22728516918690184,0.8095238095238095,1.0,0.10059959125415596,0.37969439850524256,False,False,False,,below_bounded_prescreen
diff__compact__half_delta_pointsagainstmean,compact_performance,0.0,1355,1309,0.20597030449903972,0.22945552799227578,0.8095238095238095,1.0,0.15082496995629793,0.3789429311516387,False,False,False,,below_bounded_prescreen
diff__detailed__all__foulrate_median,detailed_efficiency,0.0,1355,1355,-0.2029182707320416,0.19620393686712445,0.9047619047619048,1.0,0.16945072746780157,0.3768037849204616,False,False,False,,below_bounded_prescreen
diff__detailed__clean__foulrate_median,detailed_efficiency,0.0,1355,1355,-0.20235096369115615,0.19311263611529406,0.9047619047619048,1.0,0.15526066739150135,0.3757627554136401,False,False,False,,below_bounded_prescreen
diff__detailed__away__def_rtg_mean,detailed_efficiency,0.0,1355,1355,-0.18525992909517727,0.20017203691484367,0.9047619047619048,1.0,0.15982679606363984,0.3752085950394231,False,False,False,,below_bounded_prescreen
diff__detailed__ewm_h5__orbpct,detailed_efficiency,0.0,1355,1355,0.18355507880069638,0.19395851504793932,0.9047619047619048,1.0,0.11658344732387287,0.37358077142811386,False,False,False,,below_bounded_prescreen
interaction__free_throw_pressure_edge,matchup_interactions,0.0,1355,1355,-0.19176679911405584,0.1894537860413012,0.9047619047619048,1.0,0.1448438704102997,0.3720946630504096,False,True,False,,correlation_pruned_or_cap
diff__detailed__ewm_h10__efg,detailed_efficiency,0.0,1355,1355,0.2102694519294043,0.2208885275637058,0.8095238095238095,1.0,0.25361821813141194,0.37166485345360084,False,False,False,,below_bounded_prescreen
diff__detailed__ewm_h20__tovpct,detailed_efficiency,0.0,1355,1355,-0.20955742238365954,0.17920801986584797,0.9047619047619048,1.0,0.1695550754092348,0.37010218420554747,False,False,False,,below_bounded_prescreen
diff__rating__elo_mov_538_delta,dynamic_ratings,0.0,1355,1355,0.18035359642639323,0.18672486075348407,0.9047619047619048,1.0,0.12642380136407877,0.3690106770828204,False,True,True,84.0,selected
diff__rating__elo_mov_log_delta,dynamic_ratings,0.0,1355,1355,0.1814263882711864,0.18365110671492565,0.9047619047619048,1.0,0.12076280979684248,0.3679977290128563,False,True,False,,correlation_pruned_or_cap
diff__detailed__ewm_h20__oppefg,detailed_efficiency,0.0,1355,1355,-0.2077744817812482,0.20551211018688245,0.8095238095238095,1.0,0.16254207105876825,0.36737832556303696,False,False,False,,below_bounded_prescreen
diff__compact__neutral_margin_mean,compact_performance,0.05461254612546126,1281,857,0.1864364060936943,0.22334691516948108,0.8095238095238095,1.0,0.1945168121119356,0.36559666197125884,False,False,False,,below_bounded_prescreen
diff__compact__points_against_mean,compact_performance,0.0,1355,1325,-0.18891776126300905,0.21326861282126505,0.8095238095238095,1.0,0.22621955628145268,0.3644058689046206,False,False,False,,below_bounded_prescreen
diff__schedule__opponent_strength_std,schedule_and_accomplishment,0.0,1355,1355,0.19845933049999423,0.2037306455904915,0.8095238095238095,1.0,0.1698571656110911,0.36418128549280054,False,True,True,99.0,selected
diff__detailed__ewm_h5__fourfactoredge,detailed_efficiency,0.0,1355,1355,0.1799731967858172,0.1798138359799945,0.9047619047619048,1.0,0.20924733463248604,0.3622967559398825,False,False,False,,below_bounded_prescreen
diff__compact__half_marginmean_second,compact_performance,0.0,1355,1203,0.18906397110198203,0.17071214399366352,0.9047619047619048,1.0,0.21677166833500694,0.359626940787899,False,False,False,,below_bounded_prescreen
diff__detailed__ewm_h10__oppefg,detailed_efficiency,0.0,1355,1355,-0.1813240441702464,0.19845083628476776,0.8095238095238095,1.0,0.18434272926008008,0.3572977914875491,False,False,False,,below_bounded_prescreen
diff__detailed__ewm_h10__tovpct,detailed_efficiency,0.0,1355,1355,-0.1876348153416951,0.16203530783696918,0.9047619047619048,1.0,0.19004505258969548,0.35621670979523506,False,False,False,,below_bounded_prescreen
diff__detailed__neutral__net_rtg_mean,detailed_efficiency,0.05461254612546126,1281,1281,0.17614093056578853,0.20719058019182174,0.8095238095238095,1.0,0.21573313029460556,0.3547279638385363,False,False,False,,below_bounded_prescreen
diff__compact__overtime_rate,compact_performance,0.0,1355,380,-0.17470549750373773,0.19600200350316344,0.8095238095238095,1.0,0.1880013510122095,0.3545199266156619,False,False,False,,below_bounded_prescreen
diff__detailed__all__ftrate_std,detailed_efficiency,0.0,1355,1355,-0.16939249847344723,0.19542024332033653,0.8095238095238095,1.0,0.18415837031133736,0.353225541169276,False,False,False,,below_bounded_prescreen
diff__detailed__clean__ftrate_std,detailed_efficiency,0.0,1355,1355,-0.1681583007395173,0.19595386479801247,0.8095238095238095,1.0,0.18467463726769123,0.3531895052988417,False,False,False,,below_bounded_prescreen
diff__compact__neutral_games,compact_performance,0.05461254612546126,1281,30,0.15866277942864113,0.1774481511769335,0.9047619047619048,1.0,0.18273871623811444,0.35316427646157234,False,False,False,,below_bounded_prescreen
diff__detailed__neutral__games,detailed_efficiency,0.05461254612546126,1281,29,0.1576206212400365,0.1774481511769335,0.9047619047619048,1.0,0.185392303617613,0.3528288581648995,False,False,False,,below_bounded_prescreen
diff__compact__last20_win_pct,compact_performance,0.0,1355,23,0.15957177238257408,0.1523385754812402,0.9047619047619048,1.0,0.1210511222956646,0.3481481660252398,False,False,False,,below_bounded_prescreen
diff__geography__neutral_games_with_city,geography_and_schedule_dispersion,0.0,1355,30,0.15043989912119984,0.17863743113797062,0.8571428571428571,1.0,0.20106881602048837,0.34794284925492747,False,True,False,,correlation_pruned_or_cap
diff__compact__close3_games,compact_performance,0.0,1355,19,-0.1615758375056305,0.21164520679393728,0.7142857142857143,1.0,0.17943092233926775,0.3442448609044722,False,False,False,,below_bounded_prescreen
diff__compact__pythag_residual_exp10p0,compact_performance,0.0,1355,1355,-0.13680951632037566,0.15186960292174342,0.9047619047619048,1.0,0.12844851104629845,0.34261946731297227,False,False,False,,below_bounded_prescreen
diff__compact__ewm_h5_points_for,compact_performance,0.0,1355,1355,0.16203717319970684,0.17845917690855848,0.8095238095238095,1.0,0.22268005536716368,0.3419251903291666,False,False,False,,below_bounded_prescreen
diff__compact__day90plus_games,compact_performance,0.0,1355,11,0.14992505647969714,0.17034401639810523,0.8,1.0,0.1572623500027081,0.33645814629651555,False,False,False,,below_bounded_prescreen
diff__compact__rest_days_mean,compact_performance,0.0,1355,903,-0.1943817137512463,0.219676652361306,0.6190476190476191,1.0,0.280520320986555,0.33603557636685794,False,False,False,,below_bounded_prescreen
diff__compact__last20_points_for_mean,compact_performance,0.0,1355,563,0.18343694298519864,0.18398834392500876,0.7142857142857143,1.0,0.2561436981978069,0.3327104988985499,False,False,False,,below_bounded_prescreen
diff__detailed__last10__orb_pct_mean,detailed_efficiency,0.0,1355,1355,0.15484002253336288,0.15574659887481945,0.8095238095238095,1.0,0.15419514400340378,0.33217917618092657,False,False,False,,below_bounded_prescreen
diff__compact__close5_wins,compact_performance,0.0,1355,20,-0.16160993811305913,0.15451147339722227,0.8095238095238095,1.0,0.17770048705095676,0.332135483657311,False,False,False,,below_bounded_prescreen
diff__compact__day90plus_margin_mean,compact_performance,0.0,1355,1228,0.16290468290404045,0.14848949208295859,0.8095238095238095,1.0,0.16306276928843932,0.33011528519098093,False,False,False,,below_bounded_prescreen
diff__detailed__ewm_h5__ftrate,detailed_efficiency,0.0,1355,1355,-0.11728118289520054,0.1641656869891904,0.8095238095238095,1.0,0.152940287622425,0.3280075880106681,False,False,False,,below_bounded_prescreen
diff__geography__games_per_distinct_city,geography_and_schedule_dispersion,0.33062730627306275,907,458,0.16245751501866276,0.1414347317085794,1.0,1.0,0.23416112019321056,0.3278126952146505,False,True,False,,correlation_pruned_or_cap
diff__compact__pythag_residual_exp11p5,compact_performance,0.0,1355,1355,-0.13643531501241235,0.11986873402914863,0.9047619047619048,1.0,0.1405798834321069,0.32669147106134255,False,False,False,,below_bounded_prescreen
diff__detailed__all__oppstealpct_mean,detailed_efficiency,0.0,1355,1355,-0.13993526465730022,0.14784224757000544,0.8095238095238095,1.0,0.13178391342000442,0.32600249004521803,False,False,False,,below_bounded_prescreen
diff__detailed__neutral__off_rtg_mean,detailed_efficiency,0.05461254612546126,1281,1281,0.16817756581518628,0.17878992306432576,0.7142857142857143,1.0,0.16974451128604584,0.32594515769445287,False,False,False,,below_bounded_prescreen
diff__detailed__clean__oppstealpct_mean,detailed_efficiency,0.0,1355,1355,-0.14049458730713096,0.1450377353241478,0.8095238095238095,1.0,0.13080676627262416,0.3248184610360643,False,False,False,,below_bounded_prescreen
diff__context__d1_tenure,availability_and_context,0.3254612546125461,914,27,0.1384954785415289,0.14285714285714285,1.0,1.0,0.20764109222780916,0.3246978897924489,False,True,False,,correlation_pruned_or_cap
diff__compact__overtime_periods_mean,compact_performance,0.0,1355,465,-0.1563241607554702,0.16962178415654186,0.7142857142857143,1.0,0.21668464404375182,0.32142810028530777,False,False,False,,below_bounded_prescreen
diff__detailed__last10__off_rtg_mean,detailed_efficiency,0.0,1355,1355,0.14655434018716318,0.15783890730700303,0.7142857142857143,1.0,0.1011831196921924,0.31824301984656395,False,False,False,,below_bounded_prescreen
diff__detailed__all__oppstealpct_median,detailed_efficiency,0.0,1355,1355,-0.12121990928749406,0.1368713978879547,0.8095238095238095,1.0,0.09934878708818724,0.31791650906974905,False,False,False,,below_bounded_prescreen
diff__detailed__clean__oppstealpct_median,detailed_efficiency,0.0,1355,1355,-0.12021093508843954,0.1368713978879547,0.8095238095238095,1.0,0.1026158116823261,0.3175638537621915,False,False,False,,below_bounded_prescreen
diff__compact__margin_std,compact_performance,0.0,1355,1355,0.15210571427202219,0.15049322820475966,0.7142857142857143,1.0,0.14358949217663106,0.3142421412767786,False,False,False,,below_bounded_prescreen
diff__detailed__last20__tov_pct_mean,detailed_efficiency,0.0,1355,1355,-0.13925525641670747,0.12437840367129131,0.8095238095238095,1.0,0.16180990373935542,0.31338920354813077,False,False,False,,below_bounded_prescreen
diff__detailed__clean__tovpct_std,detailed_efficiency,0.0,1355,1355,-0.13554668946515133,0.1545355773112369,0.7142857142857143,1.0,0.16340991702993862,0.31174666639624377,False,False,False,,below_bounded_prescreen
diff__detailed__all__tovpct_std,detailed_efficiency,0.0,1355,1355,-0.13580565718021625,0.15219678518618052,0.7142857142857143,1.0,0.16663993955774387,0.3105518181724187,False,False,False,,below_bounded_prescreen
diff__detailed__last20__opp_efg_mean,detailed_efficiency,0.0,1355,1355,-0.13095330167205083,0.1876622319969698,0.6190476190476191,1.0,0.20184740067274684,0.3098613207471058,False,False,False,,below_bounded_prescreen
diff__detailed__last10__ft_rate_mean,detailed_efficiency,0.0,1355,1355,-0.1163655089963116,0.15986506622612914,0.7142857142857143,1.0,0.19211417676940676,0.3089367909826686,False,False,False,,below_bounded_prescreen
diff__detailed__last5__orb_pct_mean,detailed_efficiency,0.0,1355,1355,0.11986369342878281,0.11469976698689813,0.8095238095238095,1.0,0.072133357489035,0.30806437593229147,False,False,False,,below_bounded_prescreen
diff__compact__ewm_h10_points_against,compact_performance,0.0,1355,1355,-0.13966973481351583,0.20765447148946778,0.5238095238095238,1.0,0.21454363907357785,0.3056292662204987,False,False,False,,below_bounded_prescreen
diff__seed__playin,selection_committee_prior,0.0,1355,3,-0.08691202934244364,0.11468185313135519,0.8571428571428571,1.0,0.14285714285714285,0.3055965073869595,False,True,True,76.0,selected
diff__compact__pythag_residual_exp13p91,compact_performance,0.0,1355,1355,-0.11504377000068551,0.11275342755896268,0.8095238095238095,1.0,0.15851981243543378,0.3026142916548451,False,False,False,,below_bounded_prescreen
diff__detailed__clean__fg3_pct_ros,detailed_efficiency,0.0,1355,1354,0.1205126344731203,0.09875634860068735,0.8095238095238095,1.0,0.10173387630571334,0.2993702813839974,False,False,False,,below_bounded_prescreen
diff__compact__half_winpct_second,compact_performance,0.0,1355,442,0.1169109246536007,0.1335475305884709,0.7142857142857143,1.0,0.12062638735891255,0.29928387689761593,False,False,False,,below_bounded_prescreen
diff__compact__last10_margin_mean,compact_performance,0.0,1355,376,0.13812119015849905,0.1273198093928724,0.7142857142857143,1.0,0.16463729715255976,0.29920039274306043,False,False,False,,below_bounded_prescreen
diff__detailed__all__oppfg3pct_mean,detailed_efficiency,0.0,1355,1355,-0.1261946743431254,0.1624126924420327,0.6190476190476191,1.0,0.1597920817235043,0.29837685650634216,False,False,False,,below_bounded_prescreen
diff__detailed__clean__oppfg3pct_mean,detailed_efficiency,0.0,1355,1355,-0.12522659891581953,0.16042340252635862,0.6190476190476191,1.0,0.1613632301770979,0.2971461748146676,False,False,False,,below_bounded_prescreen
diff__compact__half_pointsformean_second,compact_performance,0.0,1355,1178,0.15447059811497826,0.18287274198646025,0.5238095238095238,1.0,0.2552848017849726,0.295360579476921,False,False,False,,below_bounded_prescreen
mean__detailed__all__opp_ftmade_rate_ros,detailed_efficiency,0.0,1355,1355,-0.0935110713767283,0.09917546330021326,0.8095238095238095,1.0,0.09720755614513671,0.2938121653649867,False,False,False,,below_bounded_prescreen
mean__detailed__clean__opp_ftmade_rate_ros,detailed_efficiency,0.0,1355,1355,-0.0933599006354145,0.09882264214455194,0.8095238095238095,1.0,0.09693646154320505,0.29362039743125745,False,False,False,,below_bounded_prescreen
diff__conference__tourney_last_day,conference_context,0.020664206642066422,1327,19,0.049234616148787075,0.2696596266276231,0.42857142857142855,1.0,0.3730930007514786,0.2922628083439963,False,True,True,112.0,selected
diff__detailed__last5__ft_rate_mean,detailed_efficiency,0.0,1355,1355,-0.10406582975299583,0.12402669927030342,0.7142857142857143,1.0,0.11870893247187067,0.2919646551822442,False,False,False,,below_bounded_prescreen
diff__conference__tourney_champion,conference_context,0.020664206642066422,1327,3,-0.13724506520434548,0.13954869147849236,0.6190476190476191,1.0,0.12582637717868528,0.2895387136837387,False,True,True,113.0,selected
diff__detailed__clean__oppblockpct_mean,detailed_efficiency,0.0,1355,1355,-0.13018873189605534,0.1400495143612695,0.6190476190476191,1.0,0.13684475433414284,0.28943911678479495,False,False,False,,below_bounded_prescreen
mean__detailed__all__oppftmaderate_mean,detailed_efficiency,0.0,1355,1355,-0.0940881174499752,0.08932885129981583,0.8095238095238095,1.0,0.10697642417428715,0.28882198701974415,False,False,False,,below_bounded_prescreen
mean__detailed__clean__oppftmaderate_mean,detailed_efficiency,0.0,1355,1355,-0.09392614652587446,0.08896409435937054,0.8095238095238095,1.0,0.10849594858404821,0.2885504891086379,False,False,False,,below_bounded_prescreen
diff__detailed__all__oppblockpct_mean,detailed_efficiency,0.0,1355,1355,-0.12970265081428348,0.13833937066442534,0.6190476190476191,1.0,0.137732836919015,0.288475786668925,False,False,False,,below_bounded_prescreen
diff__compact__last10_margin_median,compact_performance,0.0,1355,115,0.1360314861378256,0.10009562556927419,0.7142857142857143,1.0,0.12140026658462105,0.28740253084590267,False,False,False,,below_bounded_prescreen
diff__detailed__all__oppblockpct_median,detailed_efficiency,0.0,1355,1287,-0.11830971021392472,0.13961917576192462,0.6190476190476191,1.0,0.13756217054883507,0.28659047283845285,False,False,False,,below_bounded_prescreen
diff__compact__days_since_last_game,compact_performance,0.0,1355,19,-0.0512688962168561,0.2852969750659017,0.3333333333333333,1.0,0.3880917151519393,0.28603136992659695,False,False,False,,below_bounded_prescreen
diff__compact__last_game_day,compact_performance,0.0,1355,19,0.0512688962168561,0.2852969750659017,0.3333333333333333,1.0,0.3880917151519393,0.28603136992659695,False,False,False,,below_bounded_prescreen
mean__detailed__all__oppftmaderate_median,detailed_efficiency,0.0,1355,1341,-0.09558359411717528,0.08212395250296622,0.8095238095238095,1.0,0.10044211316585062,0.2859540129043779,False,False,False,,below_bounded_prescreen
mean__detailed__clean__oppftmaderate_median,detailed_efficiency,0.0,1355,1342,-0.09505397190384735,0.08164490081411262,0.8095238095238095,1.0,0.10059279811622591,0.285601523808781,False,False,False,,below_bounded_prescreen
diff__detailed__all__fg3pct_mean,detailed_efficiency,0.0,1355,1355,0.10227233144166507,0.11023665244870758,0.7142857142857143,1.0,0.10423034140832182,0.28553000672192735,False,False,False,,below_bounded_prescreen
diff__detailed__clean__oppblockpct_median,detailed_efficiency,0.0,1355,1285,-0.11932246285880026,0.136177841346714,0.6190476190476191,1.0,0.1320029095360144,0.28538380834153726,False,False,False,,below_bounded_prescreen
diff__detailed__last10__net_rtg_mean,detailed_efficiency,0.0,1355,1355,0.13608374130930653,0.1309174864736987,0.6190476190476191,1.0,0.1659746742659259,0.28518744867240486,False,False,False,,below_bounded_prescreen
diff__detailed__all__fg3_pct_ros,detailed_efficiency,0.0,1355,1354,0.11982020303789653,0.09875634860068735,0.7142857142857143,1.0,0.09803090810193515,0.2841279699583041,False,False,False,,below_bounded_prescreen
interaction__adjusted_offense_defense_edge,matchup_interactions,0.0,1355,1355,0.11018548034052819,0.1043864075125664,0.7142857142857143,1.0,0.12548038356215674,0.28361278022417613,False,True,False,,correlation_pruned_or_cap
diff__detailed__clean__fg3pct_mean,detailed_efficiency,0.0,1355,1355,0.1031325113101356,0.10548697283721079,0.7142857142857143,1.0,0.10711254899252538,0.2833241117761042,False,False,False,,below_bounded_prescreen
absdiff__detailed__away__pace_mean,detailed_efficiency,0.0,1355,1350,-0.09032375122057824,0.14451304575082397,0.6190476190476191,1.0,0.18088039553346463,0.28104989045520323,False,False,False,,below_bounded_prescreen
diff__detailed__all__netrtg_std,detailed_efficiency,0.0,1355,1355,0.11141021736127761,0.12800815777278635,0.6190476190476191,1.0,0.12521436169025513,0.27999320813042733,False,False,False,,below_bounded_prescreen
diff__compact__ewm_h5_win,compact_performance,0.0,1355,1355,0.08334727573159274,0.1056424898984761,0.7142857142857143,1.0,0.10810059191089225,0.2790064864214975,False,False,False,,below_bounded_prescreen
diff__detailed__all__fg3_attempt_rate_ros,detailed_efficiency,0.0,1355,1355,-0.12141217425820672,0.1539139224233966,0.5238095238095238,1.0,0.2001197951610281,0.2763940931031185,False,False,False,,below_bounded_prescreen
diff__detailed__clean__fg3_attempt_rate_ros,detailed_efficiency,0.0,1355,1355,-0.12173347142104171,0.15386473640347495,0.5238095238095238,1.0,0.20282156744012106,0.2763330982982161,False,False,False,,below_bounded_prescreen
diff__detailed__clean__oppftpct_mean,detailed_efficiency,0.0,1355,1355,-0.07895336116342205,0.13399291434942975,0.6190476190476191,1.0,0.1628667418781458,0.2742192877161724,False,False,False,,below_bounded_prescreen
diff__geography__distinct_cities,geography_and_schedule_dispersion,0.0,1355,16,-0.10223718003591098,0.08730503216863805,0.7142857142857143,1.0,0.12580133102518945,0.2736522560935534,False,True,False,,correlation_pruned_or_cap
diff__detailed__all__oppftpct_mean,detailed_efficiency,0.0,1355,1355,-0.07954823378500588,0.13145883371368286,0.6190476190476191,1.0,0.1608185587820005,0.2732157283116081,False,False,False,,below_bounded_prescreen
diff__compact__day110plus_margin_mean,compact_performance,0.0,1355,1066,0.10948698575248807,0.08426390487599712,0.7142857142857143,1.0,0.15788627182391432,0.2725040746187837,False,False,False,,below_bounded_prescreen
diff__compact__close3_wins,compact_performance,0.0,1355,17,-0.10524228356485467,0.15337180852736235,0.5238095238095238,1.0,0.20850820788389485,0.27224096597157,False,False,False,,below_bounded_prescreen
diff__detailed__ewm_h10__ftrate,detailed_efficiency,0.0,1355,1355,-0.08802528531950245,0.15085963140020234,0.5238095238095238,1.0,0.14735862318774515,0.2696933647244017,False,False,False,,below_bounded_prescreen
diff__detailed__clean__steal_pct_ros,detailed_efficiency,0.0,1355,1355,0.09966170695259219,0.11330276097573584,0.6190476190476191,1.0,0.1495797772398486,0.26937532875594855,False,False,False,,below_bounded_prescreen
diff__detailed__all__steal_pct_ros,detailed_efficiency,0.0,1355,1355,0.09950257149213194,0.11147006138568569,0.6190476190476191,1.0,0.1488736954564387,0.26848886642275965,False,False,False,,below_bounded_prescreen
diff__detailed__ewm_h5__efg,detailed_efficiency,0.0,1355,1355,0.11670048160748552,0.1408571738442321,0.5238095238095238,1.0,0.21520187151976158,0.2684869983476116,False,False,False,,below_bounded_prescreen
diff__compact__pythag_residual_exp8p0,compact_performance,0.0,1355,1355,-0.10748505622942624,0.10239961029695979,0.6190476190476191,1.0,0.088587364469054,0.26830264978187135,False,False,False,,below_bounded_prescreen
diff__detailed__neutral__def_rtg_mean,detailed_efficiency,0.05461254612546126,1281,1281,-0.07710480744914126,0.13052437763117522,0.6190476190476191,1.0,0.1546826276850429,0.26810606915195556,False,False,False,,below_bounded_prescreen
diff__detailed__clean__stealpct_mean,detailed_efficiency,0.0,1355,1355,0.09760045578133303,0.11161120149880162,0.6190476190476191,1.0,0.15523318810304598,0.2678837685148152,False,False,False,,below_bounded_prescreen
diff__detailed__ewm_h10__fg3attemptrate,detailed_efficiency,0.0,1355,1355,-0.11068364713499251,0.14044692891720006,0.5238095238095238,1.0,0.2007516276483502,0.26754438695354416,False,False,False,,below_bounded_prescreen
diff__detailed__all__stealpct_mean,detailed_efficiency,0.0,1355,1355,0.09745259949909035,0.1104139244109162,0.6190476190476191,1.0,0.1544415028280012,0.26730821454153864,False,False,False,,below_bounded_prescreen
absdiff__compact__last20_margin_mean,compact_performance,0.0,1355,348,0.09757753089736566,0.10721243179421035,0.6190476190476191,1.0,0.15347705404421402,0.2658375609444919,False,False,False,,below_bounded_prescreen
absdiff__detailed__last20__net_rtg_mean,detailed_efficiency,0.0,1355,1355,0.09510403966764308,0.10547476155798421,0.6190476190476191,1.0,0.12898212257716304,0.2654391084192464,False,False,False,,below_bounded_prescreen
diff__detailed__last10__tov_pct_mean,detailed_efficiency,0.0,1355,1355,-0.0887473923173667,0.11140761062168268,0.6190476190476191,1.0,0.16977198278508568,0.265256819144444,False,False,False,,below_bounded_prescreen
diff__compact__last5_points_for_mean,compact_performance,0.0,1355,234,0.09685493355696265,0.1385461930766683,0.5238095238095238,1.0,0.16109025669841334,0.26517617160091983,False,False,False,,below_bounded_prescreen
diff__detailed__ewm_h5__fg3attemptrate,detailed_efficiency,0.0,1355,1355,-0.10006315490051794,0.1368986449840342,0.5238095238095238,1.0,0.17254059263547183,0.2646331437745553,False,False,False,,below_bounded_prescreen
diff__quality__HasCompleteDetailedCoverage,detailed_efficiency,0.0,1355,3,-0.020911495706620282,0.0,1.0,1.0,0.0,0.2646005290554565,False,False,False,,below_bounded_prescreen
absdiff__schedule__opponent_strength_median,schedule_and_accomplishment,0.0,1355,1341,-0.03402860043337923,0.13154277454471516,0.6190476190476191,1.0,0.13075263507620594,0.2644443375213775,False,True,True,100.0,selected
diff__detailed__clean__netrtg_std,detailed_efficiency,0.0,1355,1355,0.11145122675337052,0.12711074244413634,0.5238095238095238,1.0,0.12250831904245743,0.2644416173067524,False,False,False,,below_bounded_prescreen
diff__availability__rich_coverage,availability_and_context,0.0,1355,3,0.015767642261584492,0.0,1.0,1.0,0.0,0.2634688812975486,False,True,False,,correlation_pruned_or_cap
diff__quality__RichFeatureCoverageEligible,detailed_efficiency,0.0,1355,3,0.015767642261584492,0.0,1.0,1.0,0.0,0.2634688812975486,False,False,False,,below_bounded_prescreen
diff__compact__day90plus_win_pct,compact_performance,0.0,1355,448,0.07694443597799688,0.11011617782039235,0.6190476190476191,1.0,0.13422806304671986,0.26346203779469796,False,False,False,,below_bounded_prescreen
mean__availability__rich_coverage,availability_and_context,0.0,1355,2,-0.015458713790350893,0.0,1.0,1.0,0.0,0.26340091703387725,False,True,False,,correlation_pruned_or_cap
absdiff__availability__rich_coverage,availability_and_context,0.0,1355,2,0.015458713790350883,0.0,1.0,1.0,0.0,0.2634009170338772,False,True,False,,correlation_pruned_or_cap
absdiff__compact__away_margin_mean,compact_performance,0.0,1355,1184,0.0956154025975482,0.10057002120264502,0.6190476190476191,1.0,0.13307084335234282,0.2630337840622555,False,False,False,,below_bounded_prescreen
diff__quality__MissingDetailedGames,detailed_efficiency,0.0,1355,7,0.009883285731956907,0.0,1.0,1.0,0.0,0.26217432286103054,False,False,False,,below_bounded_prescreen
mean__prior__program_championships,prior_program_history,0.0,1355,10,0.12721995024818913,0.08747242419523182,0.6190476190476191,1.0,0.1777034781836752,0.2619146325885849,False,True,False,,correlation_pruned_or_cap
diff__detailed__all__fg3attemptrate_mean,detailed_efficiency,0.0,1355,1355,-0.12197874910535082,0.15628565716315634,0.42857142857142855,1.0,0.21909109715624447,0.261660224926671,False,False,False,,below_bounded_prescreen
diff__detailed__clean__fg3attemptrate_mean,detailed_efficiency,0.0,1355,1355,-0.12227928065221519,0.15603950257489274,0.42857142857142855,1.0,0.22058597004242375,0.26154839274916747,False,False,False,,below_bounded_prescreen
diff__compact__neutral_win_pct,compact_performance,0.05461254612546126,1281,148,0.06247156724876784,0.12237596084984177,0.6190476190476191,1.0,0.1494321097730944,0.2611855369693114,False,False,False,,below_bounded_prescreen
diff__detailed__clean__fg3attemptrate_median,detailed_efficiency,0.0,1355,1344,-0.11940902955592124,0.12438812441437934,0.5238095238095238,1.0,0.2335740534706145,0.260442847891904,False,False,False,,below_bounded_prescreen
absdiff__conference__strength_std,conference_context,0.0,1355,1044,0.118498297934269,0.11744891527196656,0.5238095238095238,1.0,0.15648424256092844,0.25999525898316983,False,True,True,114.0,selected
absdiff__compact__margin_median,compact_performance,0.0,1355,60,0.13478857452162954,0.11116482690400532,0.5238095238095238,1.0,0.19545055856653676,0.25900410477554336,False,False,False,,below_bounded_prescreen
diff__quality__FlaggedPossessionRate,detailed_efficiency,0.0,1355,23,-0.05945701187294598,0.12512178786544587,0.5789473684210527,1.0,0.17525383419235802,0.2587604263671362,False,False,False,,below_bounded_prescreen
mean__prior__program_win_pct_smoothed,prior_program_history,0.0,1355,1036,0.08315573312528654,0.13048988835830347,0.5238095238095238,1.0,0.15039772103103202,0.25872302266783126,False,True,False,,correlation_pruned_or_cap
diff__detailed__all__orbpct_std,detailed_efficiency,0.0,1355,1355,0.11278131232289829,0.11911137070165376,0.5238095238095238,1.0,0.18558815658385014,0.25837134419400126,False,False,False,,below_bounded_prescreen
diff__detailed__all__oppfg3pct_median,detailed_efficiency,0.0,1355,924,-0.08806788042131107,0.13112728686623026,0.5238095238095238,1.0,0.2059639429586088,0.2578869974796584,False,False,False,,below_bounded_prescreen
diff__compact__last10_points_for_mean,compact_performance,0.0,1355,359,0.11302345334577449,0.15264581048667175,0.42857142857142855,1.0,0.2277809382446501,0.2575953398113154,False,False,False,,below_bounded_prescreen
absdiff__compact__half_marginmean_second,compact_performance,0.0,1355,1113,0.1033540568550457,0.11970423908346539,0.5238095238095238,1.0,0.1605383507553035,0.2575839170474851,False,False,False,,below_bounded_prescreen
diff__detailed__clean__orbpct_std,detailed_efficiency,0.0,1355,1355,0.11363140143401462,0.1157989118096849,0.5238095238095238,1.0,0.18802427673821376,0.25687093872412725,False,False,False,,below_bounded_prescreen
diff__detailed__all__oppassistturnoverratio_mean,detailed_efficiency,0.0,1355,1355,-0.10195653951736734,0.0834587299849189,0.6190476190476191,1.0,0.16184654896639192,0.2550643861755452,False,False,False,,below_bounded_prescreen
mean__prior__program_tournament_games,prior_program_history,0.0,1355,153,0.06799195098708001,0.09859904651041515,0.6190476190476191,1.0,0.16107521342424339,0.2548903820528062,False,False,False,,below_bounded_prescreen
diff__quality__FlaggedPossessionGames,detailed_efficiency,0.0,1355,5,-0.0564741648485035,0.1259881576697424,0.5555555555555556,1.0,0.1743538759167313,0.2548133658003668,False,False,False,,below_bounded_prescreen
diff__detailed__clean__oppassistturnoverratio_mean,detailed_efficiency,0.0,1355,1355,-0.1021346285520382,0.08300100684737718,0.6190476190476191,1.0,0.16799289761578007,0.2546380047111773,False,False,False,,below_bounded_prescreen
absdiff__norm__schedule__opponent_strength_mean__z,within_season_normalization,0.0,1355,1355,-0.047681192941233554,0.13511059824226349,0.5238095238095238,1.0,0.13764141969891125,0.2536468166249253,False,False,False,,below_bounded_prescreen
absdiff__norm__schedule__quality_win_points_sum__pct,within_season_normalization,0.0,1355,718,-0.05176073580637062,0.12956122674135934,0.5238095238095238,1.0,0.1216572194918958,0.252519985743102,False,False,False,,below_bounded_prescreen
diff__detailed__last20__def_rtg_mean,detailed_efficiency,0.0,1355,1355,-0.1173481753172268,0.13721253191320837,0.42857142857142855,1.0,0.20076027173018526,0.2522196315903511,False,False,False,,below_bounded_prescreen
diff__compact__last10_win_pct,compact_performance,0.0,1355,15,0.06177160274032662,0.09124617842380943,0.6190476190476191,1.0,0.1081718318493221,0.2521086640199465,False,False,False,,below_bounded_prescreen
diff__detailed__last10__opp_efg_mean,detailed_efficiency,0.0,1355,1355,-0.061247456242051815,0.12277410760979868,0.5238095238095238,1.0,0.11467256778275162,0.25162863312416855,False,False,False,,below_bounded_prescreen
absdiff__norm__rating__pagerank_margin__pct,within_season_normalization,0.0,1355,796,-0.05813097969781595,0.09079968795138044,0.6190476190476191,1.0,0.10313416295219556,0.2512949182797134,False,False,False,,below_bounded_prescreen
absdiff__rating__pagerank_margin_percentile,global_strength_ratings,0.0,1355,796,-0.05813097969781595,0.09079968795138044,0.6190476190476191,1.0,0.10313416295219556,0.2512949182797134,False,False,False,,below_bounded_prescreen
absdiff__schedule__opponent_strength_mean,schedule_and_accomplishment,0.0,1355,1355,-0.03425406253530519,0.13511059805691986,0.5238095238095238,1.0,0.13764143723607034,0.25069284714516965,False,True,True,101.0,selected
diff__detailed__all__oppassistturnoverratio_median,detailed_efficiency,0.0,1355,1194,-0.09889706680826589,0.1019886448788951,0.5238095238095238,1.0,0.09844426792306665,0.2505836573322893,False,False,False,,below_bounded_prescreen
diff__detailed__ewm_h20__fg3attemptrate,detailed_efficiency,0.0,1355,1355,-0.10467830619032667,0.13946050342345845,0.42857142857142855,1.0,0.20030163575717752,0.25052963214627344,False,False,False,,below_bounded_prescreen
diff__detailed__all__stealpct_median,detailed_efficiency,0.0,1355,1355,0.0780767613817109,0.08596618969830402,0.6190476190476191,1.0,0.17886087907263773,0.2503338424438759,False,False,False,,below_bounded_prescreen
diff__detailed__clean__stealpct_median,detailed_efficiency,0.0,1355,1355,0.0779252902674215,0.08469238942516621,0.6190476190476191,1.0,0.17712210391116248,0.2497586456740851,False,False,False,,below_bounded_prescreen
diff__detailed__clean__oppassistturnoverratio_median,detailed_efficiency,0.0,1355,1185,-0.09770261100411778,0.10034328263525727,0.5238095238095238,1.0,0.09399134180988583,0.24970922022295777,False,False,False,,below_bounded_prescreen
diff__conference__tourney_win_pct,conference_context,0.020664206642066422,1327,17,-0.0746224055779646,0.08111964161895961,0.6190476190476191,1.0,0.08308935685848637,0.24942526544616708,False,True,True,115.0,selected
diff__detailed__last5__off_rtg_mean,detailed_efficiency,0.0,1355,1355,0.09849221508207154,0.07176687776327169,0.6190476190476191,1.0,0.14721245454745396,0.24927550951014701,False,False,False,,below_bounded_prescreen
diff__detailed__ewm_h5__tovpct,detailed_efficiency,0.0,1355,1355,-0.11683362224975134,0.0988152481796009,0.5238095238095238,1.0,0.19646002619368375,0.24908583878293025,False,False,False,,below_bounded_prescreen
absdiff__schedule__oowp,schedule_and_accomplishment,0.0,1355,1355,-0.04890386031054127,0.12342610813986242,0.5238095238095238,1.0,0.1217150240960481,0.24894430402113496,False,True,True,102.0,selected
diff__compact__last20_margin_std,compact_performance,0.0,1355,1355,0.09399645729559344,0.10429612756183161,0.5238095238095238,1.0,0.14792348645579304,0.24863394618600185,False,False,False,,below_bounded_prescreen
absdiff__compact__ewm_h5_margin,compact_performance,0.0,1355,1355,0.09307477287069123,0.10508852544908424,0.5238095238095238,1.0,0.17200382304075432,0.2478483131350062,False,False,False,,below_bounded_prescreen
absdiff__compact__rest_days_mean,compact_performance,0.0,1355,762,-0.06415126458859932,0.07925516074434559,0.6190476190476191,1.0,0.08883162248124137,0.24765010951514713,False,False,False,,below_bounded_prescreen
absdiff__norm__schedule__opponent_strength_mean__pct,within_season_normalization,0.0,1355,966,-0.048551643952892215,0.11916148195623104,0.5238095238095238,1.0,0.10789666718189381,0.24737253013087526,False,False,False,,below_bounded_prescreen
mean__prior__program_tournament_wins,prior_program_history,0.0,1355,118,0.07986339415116361,0.10615681276736876,0.5238095238095238,1.0,0.14407137458069408,0.24657188566788907,False,False,False,,below_bounded_prescreen
diff__detailed__all__fg3attemptrate_median,detailed_efficiency,0.0,1355,1344,-0.11948824970689483,0.12613503721273137,0.42857142857142855,1.0,0.23390531456180064,0.24604744878658444,False,False,False,,below_bounded_prescreen
absdiff__detailed__last10__pace_mean,detailed_efficiency,0.0,1355,1227,-0.08760403844901925,0.09876242260968576,0.5238095238095238,1.0,0.14551740234832525,0.24466767902702422,False,False,False,,below_bounded_prescreen
diff__detailed__home__pace_mean,detailed_efficiency,0.010332103321033211,1341,1340,0.10189338718203429,0.1325461734168156,0.42857142857142855,1.0,0.22923074583185657,0.24461433889259068,False,False,False,,below_bounded_prescreen
absdiff__detailed__all__efg_median,detailed_efficiency,0.0,1355,1304,0.07261279860550787,0.10097456290087545,0.5238095238095238,1.0,0.09463692318024408,0.24446665276794602,False,False,False,,below_bounded_prescreen
absdiff__detailed__clean__efg_median,detailed_efficiency,0.0,1355,1304,0.0717191404368755,0.10077981202763267,0.5238095238095238,1.0,0.0955967243918715,0.24413817550322525,False,False,False,,below_bounded_prescreen
absdiff__compact__margin_winsor02,compact_performance,0.0,1355,1352,0.09652594267596737,0.12765594997378785,0.42857142857142855,1.0,0.1773548172811813,0.24398779925631228,False,False,False,,below_bounded_prescreen
diff__detailed__clean__oppfg3pct_median,detailed_efficiency,0.0,1355,935,-0.0863704157940837,0.13280816272342216,0.42857142857142855,1.0,0.21016790991772805,0.24291412175666047,False,False,False,,below_bounded_prescreen
diff__detailed__ewm_h5__oppefg,detailed_efficiency,0.0,1355,1355,-0.07885242339947912,0.1329925497322253,0.42857142857142855,1.0,0.18064986850110082,0.24252939085073807,False,False,False,,below_bounded_prescreen
absdiff__detailed__clean__opp_ftmade_rate_ros,detailed_efficiency,0.0,1355,1355,0.04855601422836961,0.11095678492282511,0.5238095238095238,1.0,0.13511974504724927,0.24234631390083122,False,False,False,,below_bounded_prescreen
diff__compact__half_pointsagainstmean_second,compact_performance,0.0,1355,1187,-0.05462058874117813,0.1459154025048364,0.42857142857142855,1.0,0.2119790505254493,0.24214818927579126,False,False,False,,below_bounded_prescreen
absdiff__detailed__all__opp_ftmade_rate_ros,detailed_efficiency,0.0,1355,1355,0.047900626958365555,0.11083560331524492,0.5238095238095238,1.0,0.1387109929760428,0.2420003116126401,False,False,False,,below_bounded_prescreen
diff__compact__last5_margin_std,compact_performance,0.0,1355,1354,0.10865357270700143,0.07994303694584531,0.5238095238095238,1.0,0.11449836126154705,0.24150603308860802,False,False,False,,below_bounded_prescreen
diff__compact__day110plus_games,compact_performance,0.0,1355,11,0.09282473285319236,0.12828712923798374,0.42857142857142855,1.0,0.23863883474706937,0.24102513844348034,False,False,False,,below_bounded_prescreen
diff__compact__day120plus_games,compact_performance,0.0,1355,10,0.0696865900862662,0.20481992407797503,0.23809523809523808,1.0,0.27240600564374506,0.24084361124589487,False,False,False,,below_bounded_prescreen
absdiff__compact__margin_q75,compact_performance,0.0,1355,113,0.09931982056581982,0.15868024379934806,0.3333333333333333,1.0,0.2639964907218777,0.24079035125262568,False,False,False,,below_bounded_prescreen
absdiff__schedule__quality_wins,schedule_and_accomplishment,0.0,1355,24,-0.04051954965688556,0.1082402987371686,0.5238095238095238,1.0,0.09753006990020337,0.24077796533187143,False,True,True,103.0,selected
absdiff__schedule__top_quartile_games,schedule_and_accomplishment,0.0,1355,25,-0.05542990590982099,0.13673488130151185,0.42857142857142855,1.0,0.16710488899815282,0.23971455533638877,False,True,True,104.0,selected
absdiff__compact__margin_mean,compact_performance,0.0,1355,1312,0.09687198620366716,0.11694389468617103,0.42857142857142855,1.0,0.17557118343088238,0.23899348764836217,False,False,False,,below_bounded_prescreen
absdiff__compact__margin_trim02,compact_performance,0.0,1355,1312,0.09687198620366716,0.11694389468617103,0.42857142857142855,1.0,0.17557118343088238,0.23899348764836217,False,False,False,,below_bounded_prescreen
absdiff__norm__rating__colley__pct,within_season_normalization,0.0,1355,713,-0.044188358399956544,0.10175738167876021,0.5238095238095238,1.0,0.11158470537704464,0.23791111764823736,False,False,False,,below_bounded_prescreen
absdiff__rating__colley_percentile,global_strength_ratings,0.0,1355,713,-0.044188358399956544,0.10175738167876021,0.5238095238095238,1.0,0.11158470537704464,0.23791111764823736,False,False,False,,below_bounded_prescreen
absdiff__norm__compact__margin_mean__z,within_season_normalization,0.0,1355,1349,0.09085978784913169,0.11694389192751382,0.42857142857142855,1.0,0.17557118043903702,0.2376708028058827,False,False,False,,below_bounded_prescreen
absdiff__norm__compact__margin_trim02__z,within_season_normalization,0.0,1355,1349,0.09085978784913169,0.11694389192751382,0.42857142857142855,1.0,0.17557118043903702,0.2376708028058827,False,False,False,,below_bounded_prescreen
interaction__turnover_pressure_edge,matchup_interactions,0.0,1355,1355,0.09340102113262702,0.0834004629751235,0.5238095238095238,1.0,0.17894660060018555,0.23723210666275363,False,True,False,,correlation_pruned_or_cap
absdiff__detailed__clean__pace_ros,detailed_efficiency,0.0,1355,1355,-0.06872218881471216,0.08992433143800779,0.5238095238095238,1.0,0.12247443361082869,0.2371931070945711,False,False,False,,below_bounded_prescreen
absdiff__detailed__clean__off_rtg_ros,detailed_efficiency,0.0,1355,1355,0.07205564970653416,0.1207914634216102,0.42857142857142855,1.0,0.13443064908153854,0.23702634798597744,False,False,False,,below_bounded_prescreen
diff__compact__day120plus_win_pct,compact_performance,0.0,1355,53,-0.06452184076297585,0.05615601136463656,0.6190476190476191,1.0,0.07978196125539697,0.23700603102028342,False,False,False,,below_bounded_prescreen
absdiff__detailed__last10__efg_mean,detailed_efficiency,0.0,1355,1355,0.05230932819272086,0.1311387906507045,0.42857142857142855,1.0,0.15515011029053202,0.23682009587454403,False,False,False,,below_bounded_prescreen
diff__detailed__last10__four_factor_edge_mean,detailed_efficiency,0.0,1355,1355,0.12402489816485524,0.10508816386228124,0.42857142857142855,1.0,0.24555327115660333,0.2364770939753276,False,False,False,,below_bounded_prescreen
absdiff__compact__margin_q25,compact_performance,0.0,1355,112,0.05961727370266398,0.09309002646382787,0.5238095238095238,1.0,0.13712515364484887,0.23612353058095334,False,False,False,,below_bounded_prescreen
absdiff__detailed__all__defrtg_std,detailed_efficiency,0.0,1355,1355,-0.048633749765652955,0.13480013974109098,0.42857142857142855,1.0,0.19848392587301256,0.23603556356067543,False,False,False,,below_bounded_prescreen
absdiff__detailed__all__off_rtg_ros,detailed_efficiency,0.0,1355,1355,0.07174195913897423,0.1188215684155398,0.42857142857142855,1.0,0.13421348797218174,0.23602047290257475,False,False,False,,below_bounded_prescreen
absdiff__detailed__last20__off_rtg_mean,detailed_efficiency,0.0,1355,1355,0.0643410818598739,0.08875280839502091,0.5238095238095238,1.0,0.12096027944790054,0.23572749867039008,False,False,False,,below_bounded_prescreen
absdiff__detailed__all__pace_ros,detailed_efficiency,0.0,1355,1355,-0.06941436953554155,0.08687308486311358,0.5238095238095238,1.0,0.12767563040421037,0.23567274062546908,False,False,False,,below_bounded_prescreen
interaction__pace_gap,matchup_interactions,0.0,1355,1355,-0.06941436953554155,0.08687308486311358,0.5238095238095238,1.0,0.12767563040421037,0.23567274062546908,False,True,False,,correlation_pruned_or_cap
diff__compact__last10_margin_std,compact_performance,0.0,1355,1355,0.10204700255824288,0.07814091981352354,0.5238095238095238,1.0,0.20420233615126832,0.23559941243677782,False,False,False,,below_bounded_prescreen
absdiff__compact__last5_margin_median,compact_performance,0.0,1355,44,0.06440162252500417,0.12507506501480148,0.42857142857142855,1.0,0.18182781805670933,0.23550270401176582,False,False,False,,below_bounded_prescreen
absdiff__detailed__last20__pace_mean,detailed_efficiency,0.0,1355,1292,-0.09201771884449221,0.11011669607566128,0.42857142857142855,1.0,0.15614383593519607,0.23542558739612643,False,False,False,,below_bounded_prescreen
absdiff__rating__pagerank_binary_percentile,global_strength_ratings,0.0,1355,803,-0.055076658858458645,0.0914202663781486,0.5238095238095238,1.0,0.11302478420252782,0.23528712525179496,False,False,False,,below_bounded_prescreen
seedprior__favorite_seed_games,prequential_seed_priors,0.0,1355,138,0.020785115500060375,0.07041500219806535,0.6190476190476191,1.0,0.07603562989566334,0.23437812031687716,False,True,True,68.0,selected
absdiff__detailed__last20__efg_mean,detailed_efficiency,0.0,1355,1355,0.07976044689923131,0.1512990974771867,0.3333333333333333,1.0,0.2304725024482394,0.23428529834228426,False,False,False,,below_bounded_prescreen
absdiff__detailed__clean__defrtg_std,detailed_efficiency,0.0,1355,1355,-0.04892455521732078,0.12817476886897022,0.42857142857142855,1.0,0.1914431895321969,0.23320099219505697,False,False,False,,below_bounded_prescreen
absdiff__detailed__away__net_rtg_mean,detailed_efficiency,0.0,1355,1355,0.0963517612307205,0.10306750698984653,0.42857142857142855,1.0,0.15141572596432706,0.23318459035874034,False,False,False,,below_bounded_prescreen
diff__detailed__clean__fg3pct_median,detailed_efficiency,0.0,1355,991,0.08806567678785088,0.07379891116794497,0.5238095238095238,1.0,0.14099874832421153,0.23296750013049614,False,False,False,,below_bounded_prescreen
absdiff__detailed__ewm_h10__efg,detailed_efficiency,0.0,1355,1355,0.07315074725495462,0.1545407551557459,0.3333333333333333,1.0,0.2727714803862987,0.23269520098872942,False,False,False,,below_bounded_prescreen
absdiff__compact__last20_margin_median,compact_performance,0.0,1355,63,0.08680414183853614,0.10905698266389802,0.42857142857142855,1.0,0.18405499124260927,0.2326534918048732,False,False,False,,below_bounded_prescreen
diff__detailed__all__fg3pct_median,detailed_efficiency,0.0,1355,991,0.0874201749093517,0.07379891116794497,0.5238095238095238,1.0,0.14861852756723876,0.23252069854750523,False,False,False,,below_bounded_prescreen
mean__prior__program_final_appearances,prior_program_history,0.0,1355,13,0.07928845160333561,0.0731507169975816,0.5238095238095238,1.0,0.1272690517070762,0.23127456525281379,False,False,False,,below_bounded_prescreen
absdiff__detailed__all__oppftmaderate_mean,detailed_efficiency,0.0,1355,1355,0.047951715024350416,0.11968360266708856,0.42857142857142855,1.0,0.1471551579006601,0.23068272884096178,False,False,False,,below_bounded_prescreen
diff__compact__last5_margin_median,compact_performance,0.0,1355,75,0.08149259223939069,0.10657082583819287,0.42857142857142855,1.0,0.1779647499209264,0.23053520526959007,False,False,False,,below_bounded_prescreen
diff__detailed__ewm_h5__defrtg,detailed_efficiency,0.0,1355,1355,-0.07989783266438191,0.10822540749636421,0.42857142857142855,1.0,0.20055625380546954,0.23007489720362864,False,False,False,,below_bounded_prescreen
diff__detailed__all__defrtg_std,detailed_efficiency,0.0,1355,1355,0.08071337113938684,0.10423191683715333,0.42857142857142855,1.0,0.1875925183469983,0.22885598957004735,False,False,False,,below_bounded_prescreen
mean__detailed__clean__ftrate_std,detailed_efficiency,0.0,1355,1354,-0.05300744824344678,0.0788555031733031,0.5238095238095238,1.0,0.11219729272726577,0.22883391223717695,False,False,False,,below_bounded_prescreen
mean__detailed__all__ftrate_std,detailed_efficiency,0.0,1355,1354,-0.05314674400604211,0.07800575169915272,0.5238095238095238,1.0,0.10708663760218394,0.22866110280235902,False,False,False,,below_bounded_prescreen
diff__detailed__clean__defrtg_std,detailed_efficiency,0.0,1355,1355,0.08097223897966425,0.10235107312738553,0.42857142857142855,1.0,0.1795153276475039,0.22833322314219962,False,False,False,,below_bounded_prescreen
absdiff__seed__number,selection_committee_prior,0.0,1355,15,-0.03520107327176767,0.08612610006149615,0.5238095238095238,1.0,0.1185892419709743,0.2281507182799919,False,True,False,,correlation_pruned_or_cap
matchup__seed_gap_abs,matchup_context,0.0,1355,15,-0.03520107327176767,0.08612610006149615,0.5238095238095238,1.0,0.1185892419709743,0.2281507182799919,False,True,True,10.0,selected
absdiff__detailed__clean__oppftmaderate_mean,detailed_efficiency,0.0,1355,1355,0.048358889226512915,0.11393174229557664,0.42857142857142855,1.0,0.1437043397074579,0.22814944691483988,False,False,False,,below_bounded_prescreen
diff__detailed__all__drbpct_median,detailed_efficiency,0.0,1355,1292,0.0634542331603715,0.10548788224881961,0.42857142857142855,1.0,0.16441381065015873,0.22658899092013737,False,False,False,,below_bounded_prescreen
diff__conference__tourney_wins,conference_context,0.020664206642066422,1327,9,-0.06304691030120818,0.07021515125726406,0.5238095238095238,1.0,0.09487046388022126,0.22593516159270222,False,False,False,,below_bounded_prescreen
absdiff__detailed__ewm_h5__efg,detailed_efficiency,0.0,1355,1355,0.06757547612074145,0.1403798433082272,0.3333333333333333,1.0,0.24335094630697562,0.22584822501556648,False,False,False,,below_bounded_prescreen
diff__detailed__neutral__pace_mean,detailed_efficiency,0.05461254612546126,1281,1265,0.07207111237297917,0.14181735509730434,0.3333333333333333,1.0,0.18552851444476096,0.2254711642342675,False,False,False,,below_bounded_prescreen
mean__prior__program_years_since_appearance,prior_program_history,0.07527675276752767,1253,29,-0.08354559995614881,0.11048862082297627,0.42857142857142855,1.0,0.22647848743445598,0.22490471883802948,False,False,False,,below_bounded_prescreen
diff__detailed__clean__oppftpct_median,detailed_efficiency,0.0,1355,996,-0.053176909240257225,0.10453331877665428,0.42857142857142855,1.0,0.14857009027152152,0.22450353800621836,False,False,False,,below_bounded_prescreen
diff__detailed__all__oppftpct_median,detailed_efficiency,0.0,1355,996,-0.05344869566548966,0.10464262499172552,0.42857142857142855,1.0,0.15243877802658423,0.2244610504928012,False,False,False,,below_bounded_prescreen
diff__compact__margin_iqr,compact_performance,0.0,1355,138,0.0887799530742291,0.09776084365942989,0.42857142857142855,1.0,0.2820368422073798,0.22374674951599013,False,False,False,,below_bounded_prescreen
diff__detailed__last10__def_rtg_mean,detailed_efficiency,0.0,1355,1355,-0.048149355329301764,0.072524016173736,0.5238095238095238,1.0,0.14211224668373923,0.22352941987801392,False,False,False,,below_bounded_prescreen
absdiff__detailed__poss0p475__net_rtg_mean,detailed_efficiency,0.0,1355,1355,0.09711707763879136,0.11561438586370254,0.3333333333333333,1.0,0.17769048667731638,0.223086376161352,False,False,False,,below_bounded_prescreen
absdiff__detailed__poss0p44__net_rtg_mean,detailed_efficiency,0.0,1355,1355,0.09687069734634358,0.11493927404759514,0.3333333333333333,1.0,0.1778807700722535,0.22270050748948444,False,False,False,,below_bounded_prescreen
absdiff__detailed__last5__off_rtg_mean,detailed_efficiency,0.0,1355,1355,0.07364044368894535,0.12535997050805053,0.3333333333333333,1.0,0.19859437262650625,0.22176324188370533,False,False,False,,below_bounded_prescreen
absdiff__compact__day110plus_margin_mean,compact_performance,0.0,1355,901,0.07513889943946814,0.09054619795108819,0.42857142857142855,1.0,0.1794250912042777,0.2213871578164628,False,False,False,,below_bounded_prescreen
absdiff__detailed__last5__efg_mean,detailed_efficiency,0.0,1355,1354,0.04276224767091402,0.10171426758127534,0.42857142857142855,1.0,0.1401868300910204,0.221194498294401,False,False,False,,below_bounded_prescreen
diff__detailed__last5__four_factor_edge_mean,detailed_efficiency,0.0,1355,1355,0.0610893331863765,0.09323100407362425,0.42857142857142855,1.0,0.14788032024066494,0.22084675101814447,False,False,False,,below_bounded_prescreen
diff__detailed__clean__ftrate_mean,detailed_efficiency,0.0,1355,1355,-0.06582872031184996,0.12761865642575856,0.3333333333333333,1.0,0.20799009997042026,0.22075300288748761,False,False,False,,below_bounded_prescreen
diff__detailed__clean__ftrate_trim02,detailed_efficiency,0.0,1355,1355,-0.06582872031184996,0.12761865642575856,0.3333333333333333,1.0,0.20799009997042026,0.22075300288748761,False,False,False,,below_bounded_prescreen
diff__detailed__all__ftrate_mean,detailed_efficiency,0.0,1355,1355,-0.0669516103489959,0.12761865642575856,0.3333333333333333,1.0,0.21462318854299656,0.2207347151527567,False,False,False,,below_bounded_prescreen
diff__detailed__all__ftrate_trim02,detailed_efficiency,0.0,1355,1355,-0.0669516103489959,0.12761865642575856,0.3333333333333333,1.0,0.21462318854299656,0.2207347151527567,False,False,False,,below_bounded_prescreen
diff__compact__last20_points_against_mean,compact_performance,0.0,1355,547,-0.07738683154202068,0.12081023360244131,0.3333333333333333,1.0,0.20411453654159747,0.22018276694008582,False,False,False,,below_bounded_prescreen
diff__detailed__last20__ft_rate_mean,detailed_efficiency,0.0,1355,1355,-0.08695741777548759,0.11541740627432705,0.3333333333333333,1.0,0.19444650930883134,0.22008645988326433,False,False,False,,below_bounded_prescreen
absdiff__compact__margin_q90,compact_performance,0.0,1355,268,0.07590635980038556,0.04856546758907144,0.5238095238095238,1.0,0.0942338666852863,0.22005099274095147,False,False,False,,below_bounded_prescreen
diff__compact__margin_mad,compact_performance,0.0,1355,39,0.08603026597267645,0.05142869352173918,0.5238095238095238,1.0,0.1877554726163716,0.2199117363092926,False,False,False,,below_bounded_prescreen
mean__compact__games,compact_performance,0.0,1355,15,0.021804685826258014,0.07105310669155017,0.5238095238095238,1.0,0.07908401753820253,0.21954868520171658,False,False,False,,below_bounded_prescreen
diff__detailed__all__oppfoulrate_median,detailed_efficiency,0.0,1355,1355,-0.04888326446406717,0.13187414733562924,0.3333333333333333,1.0,0.21764126835434003,0.21868159150235655,False,False,False,,below_bounded_prescreen
diff__detailed__last20__efg_mean,detailed_efficiency,0.0,1355,1355,0.12489478117071375,0.13378177276531872,0.23809523809523808,1.0,0.27863446170076966,0.2186419624121173,False,False,False,,below_bounded_prescreen
diff__detailed__all__ft_pct_ros,detailed_efficiency,0.0,1355,1355,0.07146624382821497,0.11992521411372754,0.3333333333333333,1.0,0.20765377499707627,0.21831385875024678,False,False,False,,below_bounded_prescreen
diff__detailed__clean__ft_pct_ros,detailed_efficiency,0.0,1355,1355,0.0711119537905362,0.11993538362204934,0.3333333333333333,1.0,0.20815414236635496,0.2182207816111808,False,False,False,,below_bounded_prescreen
diff__compact__neutral_margin_std,compact_performance,0.11439114391143912,1200,1198,0.08354017865707741,0.09876140727453296,0.42857142857142855,1.0,0.18012834071577785,0.21799931822621516,False,False,False,,below_bounded_prescreen
absdiff__detailed__poss0p475__off_rtg_mean,detailed_efficiency,0.0,1355,1355,0.07111919826722685,0.11428739537149425,0.3333333333333333,1.0,0.14946225576790612,0.21785901649972422,False,False,False,,below_bounded_prescreen
diff__detailed__clean__oppfoulrate_median,detailed_efficiency,0.0,1355,1355,-0.048171714848934254,0.1296437203999656,0.3333333333333333,1.0,0.2181563256905012,0.2174338433644623,False,False,False,,below_bounded_prescreen
absdiff__schedule__opponent_strength_pct_mean,schedule_and_accomplishment,0.0,1355,1355,-0.04647013807592425,0.12393699671777918,0.3333333333333333,1.0,0.14041632327138762,0.21742986920371515,False,True,True,105.0,selected
absdiff__detailed__poss0p44__off_rtg_mean,detailed_efficiency,0.0,1355,1355,0.06976777814901511,0.11442801060096337,0.3333333333333333,1.0,0.1548854000699146,0.21741227361178248,False,False,False,,below_bounded_prescreen
diff__detailed__clean__drb_pct_ros,detailed_efficiency,0.0,1355,1355,0.07379819372333224,0.11458850567951913,0.3333333333333333,1.0,0.19126675349104383,0.21692074853899387,False,False,False,,below_bounded_prescreen
mean__prior__program_appearances,prior_program_history,0.0,1355,53,0.04066060057942679,0.0951642147458813,0.42857142857142855,1.0,0.16977726739515192,0.21640449308111942,False,False,False,,below_bounded_prescreen
absdiff__detailed__home__net_rtg_mean,detailed_efficiency,0.010332103321033211,1341,1341,0.07001306413264666,0.08172271797853088,0.42857142857142855,1.0,0.15390002731138316,0.2162186379521677,False,False,False,,below_bounded_prescreen
diff__detailed__all__ftpct_mean,detailed_efficiency,0.0,1355,1355,0.08207005458390003,0.1413141613361682,0.23809523809523808,1.0,0.1989402863453697,0.21602383609124204,False,False,False,,below_bounded_prescreen
diff__detailed__clean__ftpct_mean,detailed_efficiency,0.0,1355,1355,0.08170682240042249,0.14161293923222898,0.23809523809523808,1.0,0.20121770877609324,0.21599624150375724,False,False,False,,below_bounded_prescreen
absdiff__detailed__last5__pace_mean,detailed_efficiency,0.0,1355,1137,-0.06295537495141973,0.12470992900243853,0.3333333333333333,1.0,0.2763140669613964,0.2159917190653603,False,False,False,,below_bounded_prescreen
diff__compact__last10_points_against_mean,compact_performance,0.0,1355,351,-0.03279685966591632,0.1307272199357779,0.3333333333333333,1.0,0.18956156122570036,0.2157152455799803,False,False,False,,below_bounded_prescreen
absdiff__detailed__last10__off_rtg_mean,detailed_efficiency,0.0,1355,1355,0.06461601320253055,0.11264254529687316,0.3333333333333333,1.0,0.1510604313040334,0.21557486072822782,False,False,False,,below_bounded_prescreen
diff__detailed__all__ft_rate_ros,detailed_efficiency,0.0,1355,1355,-0.059586629748092715,0.12029922249658977,0.3333333333333333,1.0,0.21654963651169032,0.21552403321580918,False,False,False,,below_bounded_prescreen
diff__detailed__all__ftmade_rate_ros,detailed_efficiency,0.0,1355,1355,-0.02951638959474151,0.13843682326155984,0.3333333333333333,1.0,0.28502856076755967,0.2148754717790228,False,False,False,,below_bounded_prescreen
diff__detailed__clean__ft_rate_ros,detailed_efficiency,0.0,1355,1355,-0.05844128655175162,0.11958338008751361,0.3333333333333333,1.0,0.21788521877891098,0.21487503006556877,False,False,False,,below_bounded_prescreen
diff__detailed__all__ftmaderate_mean,detailed_efficiency,0.0,1355,1355,-0.035056978378936454,0.13559069062652981,0.3333333333333333,1.0,0.28496894596891564,0.21473064223867705,False,False,False,,below_bounded_prescreen
diff__detailed__clean__ftmade_rate_ros,detailed_efficiency,0.0,1355,1355,-0.028616072369662845,0.1378140988980639,0.3333333333333333,1.0,0.2849247949178366,0.21438264492901637,False,False,False,,below_bounded_prescreen
absdiff__norm__rating__bt_c1p0__pct,within_season_normalization,0.0,1355,689,-0.04015686837673168,0.09154777725193913,0.42857142857142855,1.0,0.1771742553905018,0.21426190247962026,False,False,False,,below_bounded_prescreen
absdiff__rating__bt_c1p0_percentile,global_strength_ratings,0.0,1355,689,-0.04015686837673168,0.09154777725193913,0.42857142857142855,1.0,0.1771742553905018,0.21426190247962026,False,False,False,,below_bounded_prescreen
diff__detailed__clean__ftmaderate_mean,detailed_efficiency,0.0,1355,1355,-0.03418721946151309,0.13473834859433154,0.3333333333333333,1.0,0.28241084973310354,0.2142324949508212,False,False,False,,below_bounded_prescreen
absdiff__detailed__last10__ft_rate_mean,detailed_efficiency,0.0,1355,1355,0.032823471095553856,0.0922211919732603,0.42857142857142855,1.0,0.14609431398358702,0.21421499180027187,False,False,False,,below_bounded_prescreen
diff__detailed__last5__tov_pct_mean,detailed_efficiency,0.0,1355,1355,-0.04628271398220947,0.12232932202645506,0.3333333333333333,1.0,0.21043613113596257,0.21381615973667936,False,False,False,,below_bounded_prescreen
absdiff__detailed__all__net_rtg_ros,detailed_efficiency,0.0,1355,1355,0.09546331348065343,0.09757357885172273,0.3333333333333333,1.0,0.18550180998430887,0.21375050774853163,False,False,False,,below_bounded_prescreen
seedprior__pooled_pair_games,prequential_seed_priors,0.03911439114391144,1302,118,-0.05792070583205231,0.08727958215666161,0.42857142857142855,1.0,0.15889525758315406,0.2137232216948386,False,True,True,69.0,selected
absdiff__norm__schedule__rpi__pct,within_season_normalization,0.0,1355,706,-0.040196795987605706,0.0848098831036802,0.42857142857142855,1.0,0.11143774388860356,0.2136659578229242,False,False,False,,below_bounded_prescreen
absdiff__adj__def_rtg_a50p0,opponent_adjusted_efficiency,0.0,1355,1355,0.06327809567759235,0.1452655882271362,0.23809523809523808,1.0,0.20218791858310867,0.21365638475000945,False,True,True,30.0,selected
diff__detailed__clean__ftrate_median,detailed_efficiency,0.0,1355,1346,-0.048712798818517276,0.11882544298842328,0.3333333333333333,1.0,0.201770224522507,0.21301555272695,False,False,False,,below_bounded_prescreen
absdiff__norm__detailed__all__net_rtg_ros__z,within_season_normalization,0.0,1355,1355,0.08972065528392018,0.09757358034339224,0.3333333333333333,1.0,0.18550180490493573,0.2124871238644266,False,False,False,,below_bounded_prescreen
diff__detailed__last5__net_rtg_mean,detailed_efficiency,0.0,1355,1355,0.07266296796404424,0.07123133317958541,0.42857142857142855,1.0,0.1570959022816681,0.21246448535845258,False,False,False,,below_bounded_prescreen
diff__detailed__all__ftrate_median,detailed_efficiency,0.0,1355,1346,-0.04874693706828523,0.11595376158655518,0.3333333333333333,1.0,0.1978367033888413,0.21180199691434892,False,False,False,,below_bounded_prescreen
diff__detailed__clean__assistperfgm_median,detailed_efficiency,0.0,1355,1261,0.03663767821228767,0.08478624924878203,0.42857142857142855,1.0,0.141038091478716,0.2116875937583986,False,False,False,,below_bounded_prescreen
diff__detailed__all__pace_ros,detailed_efficiency,0.0,1355,1355,0.05791380895984467,0.1440297048043003,0.23809523809523808,1.0,0.2146422188005537,0.2113848456204459,False,False,False,,below_bounded_prescreen
seedprior__exact_pair_games,prequential_seed_priors,0.0,1355,84,-0.07622120447570949,0.09686678979919877,0.3333333333333333,1.0,0.14048592197442247,0.21097862054262792,False,True,True,70.0,selected
diff__detailed__clean__pace_ros,detailed_efficiency,0.0,1355,1355,0.058114703662679644,0.14230925752272855,0.23809523809523808,1.0,0.21421975814976807,0.21062012618594658,False,False,False,,below_bounded_prescreen
absdiff__compact__day90plus_margin_mean,compact_performance,0.0,1355,1145,0.09442809075823648,0.08983988229448088,0.3333333333333333,1.0,0.17174712247878834,0.21036077190234465,False,False,False,,below_bounded_prescreen
diff__detailed__clean__drbpct_median,detailed_efficiency,0.0,1355,1296,0.06305876794181163,0.10349743501871743,0.3333333333333333,1.0,0.16825608470401354,0.2101547877013557,False,False,False,,below_bounded_prescreen
diff__detailed__last5__efg_mean,detailed_efficiency,0.0,1355,1355,0.06402876869302876,0.10084377515011694,0.3333333333333333,1.0,0.15097208617291047,0.2097857910709394,False,False,False,,below_bounded_prescreen
diff__compact__first_game_day,compact_performance,0.0,1355,27,-0.09369302042224666,0.095516745509042,0.3333333333333333,1.0,0.253927478480525,0.20963673653134676,False,False,False,,below_bounded_prescreen
absdiff__adj__net_rtg_a50p0,opponent_adjusted_efficiency,0.0,1355,1355,0.08974865139847027,0.12492440874633745,0.23809523809523808,1.0,0.20889998532097165,0.20944765818830466,False,True,True,31.0,selected
absdiff__detailed__all__oppftmaderate_median,detailed_efficiency,0.0,1355,1335,0.04414628870988151,0.07498082672549597,0.42857142857142855,1.0,0.1475903762834442,0.2083707938645028,False,False,False,,below_bounded_prescreen
absdiff__detailed__all__efg_ros,detailed_efficiency,0.0,1355,1355,0.08312436823278653,0.1256982748584608,0.23809523809523808,1.0,0.20996548612739666,0.20831915159341644,False,False,False,,below_bounded_prescreen
absdiff__detailed__all__efg_mean,detailed_efficiency,0.0,1355,1355,0.07979414375299843,0.12838473176226206,0.23809523809523808,1.0,0.22486441859176215,0.20828004422311305,False,False,False,,below_bounded_prescreen
absdiff__detailed__all__efg_trim02,detailed_efficiency,0.0,1355,1355,0.07979414375299843,0.12838473176226206,0.23809523809523808,1.0,0.22486441859176215,0.20828004422311305,False,False,False,,below_bounded_prescreen
mean__detailed__neutral__pace_mean,detailed_efficiency,0.05461254612546126,1281,1268,0.03645763510453958,0.08506519639061388,0.42857142857142855,1.0,0.1206276589574354,0.20822929251358763,False,False,False,,below_bounded_prescreen
diff__detailed__last10__efg_mean,detailed_efficiency,0.0,1355,1355,0.0730358141593265,0.1283729836476179,0.23809523809523808,1.0,0.18924005853342935,0.20821254701980935,False,False,False,,below_bounded_prescreen
absdiff__schedule__quality_win_points_mean,schedule_and_accomplishment,0.0,1355,1355,-0.020448934891540593,0.08230777573272668,0.42857142857142855,1.0,0.11255235762298249,0.20807583229435703,False,False,False,,below_bounded_prescreen
absdiff__compact__last10_margin_std,compact_performance,0.0,1355,1355,0.05616407985472759,0.06438314173231886,0.42857142857142855,1.0,0.09636395000123006,0.20797687617093252,False,False,False,,below_bounded_prescreen
absdiff__adj__net_rtg_a50p0_z,opponent_adjusted_efficiency,0.0,1355,1355,0.08257342459672853,0.1249244220643905,0.23809523809523808,1.0,0.20889995738186634,0.20786911580215117,False,True,True,32.0,selected
absdiff__norm__adj__net_rtg_a50p0__z,within_season_normalization,0.0,1355,1355,0.08257342459672853,0.1249244220643905,0.23809523809523808,1.0,0.20889995738186634,0.20786911580215117,False,False,False,,below_bounded_prescreen
absdiff__detailed__clean__efg_ros,detailed_efficiency,0.0,1355,1355,0.08421815697999004,0.12443559887164296,0.23809523809523808,1.0,0.21270365558958887,0.20784417386564097,False,False,False,,below_bounded_prescreen
absdiff__detailed__clean__efg_mean,detailed_efficiency,0.0,1355,1355,0.08102335575941902,0.12698031834637535,0.23809523809523808,1.0,0.22931860228930873,0.2076981850769981,False,False,False,,below_bounded_prescreen
absdiff__detailed__clean__efg_trim02,detailed_efficiency,0.0,1355,1355,0.08102335575941902,0.12698031834637535,0.23809523809523808,1.0,0.22931860228930873,0.2076981850769981,False,False,False,,below_bounded_prescreen
absdiff__adj__off_rtg_a50p0,opponent_adjusted_efficiency,0.0,1355,1355,0.06759448001331918,0.09286124438181113,0.3333333333333333,1.0,0.1375575161070855,0.20727521559524947,False,True,True,33.0,selected
absdiff__detailed__clean__oppftmaderate_median,detailed_efficiency,0.0,1355,1336,0.04387571032698231,0.0722904986375646,0.42857142857142855,1.0,0.14293460369135838,0.20720614004174137,False,False,False,,below_bounded_prescreen
diff__detailed__all__drbpct_mean,detailed_efficiency,0.0,1355,1355,0.06936079970274656,0.12784405232966192,0.23809523809523808,1.0,0.19140394656407766,0.20706360128551696,False,False,False,,below_bounded_prescreen
absdiff__norm__detailed__all__efg_ros__z,within_season_normalization,0.0,1355,1355,0.07723740471079724,0.12569828010386086,0.23809523809523808,1.0,0.20996548235240015,0.2070240222873707,False,False,False,,below_bounded_prescreen
absdiff__compact__last10_margin_median,compact_performance,0.0,1355,68,0.073078084266017,0.0896969181857811,0.3333333333333333,1.0,0.13724998462110646,0.20697503321618774,False,False,False,,below_bounded_prescreen
diff__detailed__clean__drbpct_mean,detailed_efficiency,0.0,1355,1355,0.06866606336638541,0.12782430677033804,0.23809523809523808,1.0,0.19338124033885384,0.206822189672051,False,False,False,,below_bounded_prescreen
mean__compact__home_margin_std,compact_performance,0.013284132841328414,1337,1336,0.04387386461488,0.14177529192177338,0.23809523809523808,1.0,0.19810279335588066,0.2068127860714214,False,False,False,,below_bounded_prescreen
absdiff__detailed__away__off_rtg_mean,detailed_efficiency,0.0,1355,1355,0.0690051541074983,0.09236753907930453,0.3333333333333333,1.0,0.1563747552658826,0.20659589578441384,False,False,False,,below_bounded_prescreen
absdiff__compact__day120plus_margin_mean,compact_performance,0.0,1355,512,0.06343172098540993,0.10117046218561161,0.3333333333333333,1.0,0.24457362726898557,0.20606718870845767,False,False,False,,below_bounded_prescreen
absdiff__detailed__last5__tov_pct_mean,detailed_efficiency,0.0,1355,1355,0.060254028331558025,0.09509048133674611,0.3333333333333333,1.0,0.15480250362824827,0.2060405504627843,False,False,False,,below_bounded_prescreen
absdiff__rating__elo_mov_538_delta,dynamic_ratings,0.0,1355,1355,0.025408118461726185,0.07263644651769806,0.42857142857142855,1.0,0.08962253007344138,0.20544180775856574,False,True,True,85.0,selected
diff__detailed__clean__oppfoulrate_mean,detailed_efficiency,0.0,1355,1355,-0.0392335967212768,0.10695025962961933,0.3333333333333333,1.0,0.2059166217417931,0.20506418436455978,False,False,False,,below_bounded_prescreen
absdiff__schedule__bad_loss_penalty_sum,schedule_and_accomplishment,0.0,1355,1354,-0.030600923818109256,0.10983837437000112,0.3333333333333333,1.0,0.19355665387707024,0.2050456901158351,False,False,False,,below_bounded_prescreen
diff__detailed__all__opp_tov_pct_ros,detailed_efficiency,0.0,1355,1355,0.052850553208853596,0.06312930537712964,0.42857142857142855,1.0,0.14012220853853102,0.20489572851685736,False,False,False,,below_bounded_prescreen
diff__detailed__all__oppfoulrate_mean,detailed_efficiency,0.0,1355,1355,-0.03978849133037578,0.10500221332445575,0.3333333333333333,1.0,0.21344480562845072,0.20395007159661674,False,False,False,,below_bounded_prescreen
diff__compact__last5_margin_mean,compact_performance,0.0,1355,247,0.07543431184037984,0.08241041385404643,0.3333333333333333,1.0,0.14223918521255044,0.20379631317965718,False,False,False,,below_bounded_prescreen
absdiff__rating__bt_c0p25_percentile,global_strength_ratings,0.0,1355,695,-0.029891756072178564,0.1073609348417355,0.3333333333333333,1.0,0.19409082751990325,0.20367913529244952,False,False,False,,below_bounded_prescreen
absdiff__compact__last10_margin_mean,compact_performance,0.0,1355,223,0.07119327040489055,0.0874722873076543,0.3333333333333333,1.0,0.18797908666568364,0.20346338726345597,False,False,False,,below_bounded_prescreen
absdiff__detailed__poss0p44__def_rtg_mean,detailed_efficiency,0.0,1355,1355,0.05430880118242568,0.12700966832504823,0.23809523809523808,1.0,0.19314802101247025,0.2032818943108961,False,False,False,,below_bounded_prescreen
absdiff__detailed__poss0p475__def_rtg_mean,detailed_efficiency,0.0,1355,1355,0.053098199410394877,0.12697871847442732,0.23809523809523808,1.0,0.19394930501562183,0.2029686546326252,False,False,False,,below_bounded_prescreen
diff__compact__ewm_h5_points_against,compact_performance,0.0,1355,1355,-0.04758445669539037,0.1303573097505683,0.23809523809523808,1.0,0.20445125999099834,0.20295727684885684,False,False,False,,below_bounded_prescreen
absdiff__compact__ewm_h10_margin,compact_performance,0.0,1355,1355,0.10235120604607208,0.10788961085733624,0.23809523809523808,1.0,0.23716316457109474,0.20291299005405156,False,False,False,,below_bounded_prescreen
absdiff__detailed__clean__ft_rate_ros,detailed_efficiency,0.0,1355,1355,0.02634262040469931,0.10477185860216064,0.3333333333333333,1.0,0.18384181212316303,0.20206552946647777,False,False,False,,below_bounded_prescreen
diff__detailed__all__drb_pct_ros,detailed_efficiency,0.0,1355,1355,0.07443635653686645,0.11468266001896882,0.23809523809523808,1.0,0.18872023743868166,0.2019701038449065,False,False,False,,below_bounded_prescreen
mean__detailed__all__games,detailed_efficiency,0.0,1355,15,0.01578690283989451,0.07105310669155017,0.42857142857142855,1.0,0.1065382504888533,0.20188850838859532,False,False,False,,below_bounded_prescreen
mean__conference__strength_std,conference_context,0.0,1355,1054,0.07132888202812067,0.08146891543981445,0.3333333333333333,1.0,0.16222903671650982,0.20164160532197042,False,False,False,,below_bounded_prescreen
absdiff__detailed__last5__ft_rate_mean,detailed_efficiency,0.0,1355,1355,0.03117463634966549,0.13323012313649807,0.23809523809523808,1.0,0.18675246890045183,0.2014340184416655,False,False,False,,below_bounded_prescreen
mean__detailed__clean__tovpct_std,detailed_efficiency,0.0,1355,1354,-0.02020680947680983,0.09776644805249898,0.3333333333333333,1.0,0.1200808579263794,0.19990349216637585,False,False,False,,below_bounded_prescreen
absdiff__norm__rating__colley__z,within_season_normalization,0.0,1355,1355,-0.016926454914457212,0.10003503028640748,0.3333333333333333,1.0,0.1328286991751171,0.19976081998498482,False,False,False,,below_bounded_prescreen
absdiff__rating__colley_z,global_strength_ratings,0.0,1355,1355,-0.016926454914457212,0.10003503028640748,0.3333333333333333,1.0,0.1328286991751171,0.19976081998498482,False,False,False,,below_bounded_prescreen
mean__detailed__all__tovpct_std,detailed_efficiency,0.0,1355,1354,-0.02063038037389785,0.09759522426843781,0.3333333333333333,1.0,0.12552541987652227,0.19969670786938012,False,False,False,,below_bounded_prescreen
mean__detailed__clean__ftmaderate_median,detailed_efficiency,0.0,1355,1338,-0.049759094294125984,0.08601950876762891,0.3333333333333333,1.0,0.14864774885572754,0.19962378833227382,False,False,False,,below_bounded_prescreen
absdiff__detailed__all__ft_rate_ros,detailed_efficiency,0.0,1355,1355,0.026653352411809456,0.09904372551476774,0.3333333333333333,1.0,0.17897472539199927,0.19957907009533998,False,False,False,,below_bounded_prescreen
absdiff__rating__elo_standard_percentile,dynamic_ratings,0.0,1355,694,-0.03506847028010413,0.094878363170832,0.3333333333333333,1.0,0.1770816125762733,0.19950674661390466,False,True,True,86.0,selected
absdiff__detailed__last5__net_rtg_mean,detailed_efficiency,0.0,1355,1355,0.07341586488474999,0.1116152894951802,0.23809523809523808,1.0,0.2128227030628688,0.19930915920505482,False,False,False,,below_bounded_prescreen
absdiff__rating__colley,global_strength_ratings,0.0,1355,1355,-0.014816269843566118,0.10003502592284665,0.3333333333333333,1.0,0.1328286942276811,0.19929657737277703,False,False,False,,below_bounded_prescreen
mean__detailed__all__ftmaderate_median,detailed_efficiency,0.0,1355,1336,-0.0501434761622013,0.0843582824655587,0.3333333333333333,1.0,0.14167237094048335,0.19918997883486644,False,False,False,,below_bounded_prescreen
absdiff__compact__home_margin_mean,compact_performance,0.010332103321033211,1341,1256,0.06629318156457747,0.07476285744210234,0.3333333333333333,1.0,0.10609105771456243,0.19873379427548435,False,False,False,,below_bounded_prescreen
absdiff__detailed__last10__net_rtg_mean,detailed_efficiency,0.0,1355,1355,0.07269538465384974,0.08096857633562636,0.3333333333333333,1.0,0.2403632468105804,0.1985767047258577,False,False,False,,below_bounded_prescreen
absdiff__adj__def_rtg_a10p0,opponent_adjusted_efficiency,0.0,1355,1355,0.05644205503442076,0.11438460308231382,0.23809523809523808,1.0,0.17319275874491996,0.1984893893325245,False,True,True,34.0,selected
absdiff__detailed__clean__net_rtg_ros,detailed_efficiency,0.0,1355,1355,0.09462385767012621,0.09738143567656785,0.23809523809523808,1.0,0.18277295045414738,0.19834465788925254,False,False,False,,below_bounded_prescreen
diff__detailed__all__assistperfgm_median,detailed_efficiency,0.0,1355,1264,0.037980464798979534,0.0873869815891953,0.3333333333333333,1.0,0.13961798516954968,0.1980500673451406,False,False,False,,below_bounded_prescreen
absdiff__norm__detailed__clean__net_rtg_ros__z,within_season_normalization,0.0,1355,1355,0.08891547882625302,0.09738143426443464,0.23809523809523808,1.0,0.18277296158922793,0.19708881342037327,False,False,False,,below_bounded_prescreen
absdiff__detailed__neutral__net_rtg_mean,detailed_efficiency,0.05461254612546126,1281,1281,0.04820043946359853,0.08769025265956232,0.3333333333333333,1.0,0.15044112702092682,0.19564210252104094,False,False,False,,below_bounded_prescreen
absdiff__norm__schedule__quality_win_points_sum__z,within_season_normalization,0.0,1355,1354,-0.019731776834224064,0.08948060511980836,0.3333333333333333,1.0,0.12665211600574883,0.19555893005414068,False,False,False,,below_bounded_prescreen
absdiff__schedule__quality_win_points_sum,schedule_and_accomplishment,0.0,1355,1354,-0.018658739183994993,0.08948059982743306,0.3333333333333333,1.0,0.12665209758920867,0.19532285996741175,False,False,False,,below_bounded_prescreen
absdiff__rating__elo_mov_log_percentile,dynamic_ratings,0.0,1355,689,-0.038088556836701135,0.08255650555574243,0.3333333333333333,1.0,0.1541954022619108,0.19517212241368753,False,True,True,87.0,selected
absdiff__norm__rating__elo_mov_538__pct,within_season_normalization,0.0,1355,674,-0.03861081683501337,0.0806571865881824,0.3333333333333333,1.0,0.14416906955219547,0.194776399817276,False,False,False,,below_bounded_prescreen
absdiff__rating__elo_mov_538_percentile,dynamic_ratings,0.0,1355,674,-0.03861081683501337,0.0806571865881824,0.3333333333333333,1.0,0.14416906955219547,0.194776399817276,False,True,False,,correlation_pruned_or_cap
absdiff__detailed__away__def_rtg_mean,detailed_efficiency,0.0,1355,1355,0.07631558052743098,0.062384765204970855,0.3333333333333333,1.0,0.14152927970357057,0.19440627715961134,False,False,False,,below_bounded_prescreen
interaction__clean_shooting_attack_defense_edge,matchup_interactions,0.0,1355,1355,0.03334576780906979,0.11962887221816666,0.23809523809523808,1.0,0.22454078902033076,0.19387153411714023,False,True,False,,correlation_pruned_or_cap
absdiff__compact__half_marginmean_first,compact_performance,0.0,1355,1116,0.05868765651431425,0.1033828110214025,0.23809523809523808,1.0,0.1726955255382066,0.19372245079713216,False,False,False,,below_bounded_prescreen
absdiff__detailed__ewm_h20__efg,detailed_efficiency,0.0,1355,1355,0.054274376314546034,0.10698824772276551,0.23809523809523808,1.0,0.19681944791289913,0.1935171818748497,False,False,False,,below_bounded_prescreen
diff__detailed__clean__oppassistperfgm_mean,detailed_efficiency,0.0,1355,1355,-0.05575345241780346,0.10991815442823452,0.23809523809523808,1.0,0.24764331557279884,0.1932159791297955,False,False,False,,below_bounded_prescreen
absdiff__rating__elo_mov_log_delta,dynamic_ratings,0.0,1355,1355,0.025631361036860277,0.07935381142560638,0.3333333333333333,1.0,0.09641650235730476,0.19320540215144147,False,True,False,,correlation_pruned_or_cap
interaction__shooting_attack_defense_edge,matchup_interactions,0.0,1355,1355,0.03310660097729096,0.11799760141897045,0.23809523809523808,1.0,0.22204235487766927,0.19313584479624116,False,True,False,,correlation_pruned_or_cap
diff__detailed__all__oppassistperfgm_mean,detailed_efficiency,0.0,1355,1355,-0.054824360128948875,0.10919671613221942,0.23809523809523808,1.0,0.24617117431208743,0.19272417409458867,False,False,False,,below_bounded_prescreen
absdiff__detailed__last20__orb_pct_mean,detailed_efficiency,0.0,1355,1355,0.04547333553507996,0.07347995231424104,0.3333333333333333,1.0,0.15775263163847447,0.19229773899634764,False,False,False,,below_bounded_prescreen
absdiff__compact__last5_margin_mean,compact_performance,0.0,1355,145,0.0760463337084458,0.09332351094013286,0.23809523809523808,1.0,0.18637875493942513,0.19216556656478292,False,False,False,,below_bounded_prescreen
absdiff__norm__schedule__rpi__z,within_season_normalization,0.0,1355,1355,-0.015494355906272406,0.08656415818008499,0.3333333333333333,1.0,0.15778390370820583,0.19198153141082583,False,False,False,,below_bounded_prescreen
mean__compact__rest_days_std,compact_performance,0.0,1355,1354,-0.008374149618520997,0.09194705911708245,0.3333333333333333,1.0,0.1933161252966359,0.1915775896137421,False,False,False,,below_bounded_prescreen
absdiff__schedule__rpi,schedule_and_accomplishment,0.0,1355,1355,-0.012585561335371045,0.08656414979351189,0.3333333333333333,1.0,0.15778389910064752,0.19134159276397475,False,False,False,,below_bounded_prescreen
absdiff__norm__compact__margin_mean__pct,within_season_normalization,0.0,1355,808,-0.03127117377221935,0.07410049367240325,0.3333333333333333,1.0,0.1142220567716458,0.19121234625510933,False,False,False,,below_bounded_prescreen
absdiff__norm__compact__margin_trim02__pct,within_season_normalization,0.0,1355,808,-0.03127117377221935,0.07410049367240325,0.3333333333333333,1.0,0.1142220567716458,0.19121234625510933,False,False,False,,below_bounded_prescreen
diff__compact__away_margin_std,compact_performance,0.0,1355,1355,-0.047870047364210896,0.10712438694420602,0.23809523809523808,1.0,0.22589017367077163,0.19101074730175252,False,False,False,,below_bounded_prescreen
absdiff__rating__margin_ridge_a5p0_percentile,global_strength_ratings,0.0,1355,740,-0.047175017273229015,0.10161234474138182,0.23809523809523808,1.0,0.1700990268275085,0.19044370629811141,False,False,False,,below_bounded_prescreen
diff__compact__day120plus_margin_mean,compact_performance,0.0,1355,706,0.040359102714581846,0.07272786495433622,0.3333333333333333,1.0,0.17763107832563718,0.19001646797559724,False,False,False,,below_bounded_prescreen
diff__detailed__clean__opp_tov_pct_ros,detailed_efficiency,0.0,1355,1355,0.05230320692570568,0.06335631971770118,0.3333333333333333,1.0,0.1410151715243919,0.18961046546050947,False,False,False,,below_bounded_prescreen
absdiff__schedule__top_decile_games,schedule_and_accomplishment,0.0,1355,17,-0.0216221777378939,0.08243161748138382,0.3333333333333333,1.0,0.2058286536872959,0.1894242426792424,False,False,False,,below_bounded_prescreen
diff__detailed__clean__oppfg3attemptrate_median,detailed_efficiency,0.0,1355,1339,-0.0057774269040107625,0.08537915388331678,0.3333333333333333,1.0,0.16093994667349065,0.18914876324926813,False,False,False,,below_bounded_prescreen
absdiff__rating__elo_standard_delta,dynamic_ratings,0.0,1355,1355,0.04048137492925409,0.06845842430442972,0.3333333333333333,1.0,0.16280454971285846,0.18858709749538116,False,False,False,,below_bounded_prescreen
absdiff__norm__rating__margin_ridge_a25p0__pct,within_season_normalization,0.0,1355,706,-0.038790408975543214,0.10393143689839864,0.23809523809523808,1.0,0.20088284347993812,0.1884809040418914,False,False,False,,below_bounded_prescreen
absdiff__rating__margin_ridge_a25p0_percentile,global_strength_ratings,0.0,1355,706,-0.038790408975543214,0.10393143689839864,0.23809523809523808,1.0,0.20088284347993812,0.1884809040418914,False,False,False,,below_bounded_prescreen
absdiff__adj__net_rtg_a50p0_percentile,opponent_adjusted_efficiency,0.0,1355,688,-0.029898922058389916,0.10327934794520893,0.23809523809523808,1.0,0.14882060103118294,0.18829426392053686,False,True,True,35.0,selected
absdiff__norm__adj__net_rtg_a50p0__pct,within_season_normalization,0.0,1355,688,-0.029898922058389916,0.10327934794520893,0.23809523809523808,1.0,0.14882060103118294,0.18829426392053686,False,False,False,,below_bounded_prescreen
diff__detailed__all__opptovpct_mean,detailed_efficiency,0.0,1355,1355,0.05122790849610978,0.06041583368938309,0.3333333333333333,1.0,0.14620213109893007,0.18775498812942418,False,False,False,,below_bounded_prescreen
absdiff__rating__pagerank_margin,global_strength_ratings,0.0,1355,1355,0.07209395184937928,0.1528542595814503,0.047619047619047616,1.0,0.2288751234012953,0.1876947566889554,False,False,False,,below_bounded_prescreen
diff__detailed__clean__opptovpct_mean,detailed_efficiency,0.0,1355,1355,0.0506424375951949,0.06041583368938309,0.3333333333333333,1.0,0.1474071415123646,0.18757798411468551,False,False,False,,below_bounded_prescreen
mean__detailed__clean__offrtg_std,detailed_efficiency,0.0,1355,1355,-0.03766685837229266,0.09868795789465494,0.23809523809523808,1.0,0.1685323105098872,0.18701087430618138,False,False,False,,below_bounded_prescreen
absdiff__compact__close5_win_pct,compact_performance,0.03025830258302583,1314,251,0.04351936358020659,0.06501673018289815,0.3333333333333333,1.0,0.12894280533691352,0.1865372473886513,False,False,False,,below_bounded_prescreen
absdiff__detailed__last10__tov_pct_mean,detailed_efficiency,0.0,1355,1355,0.04261422197779221,0.09977858147514303,0.23809523809523808,1.0,0.22149122236526606,0.1865044371438104,False,False,False,,below_bounded_prescreen
mean__detailed__clean__games,detailed_efficiency,0.0,1355,15,0.010812159054333456,0.07223436064220959,0.3333333333333333,1.0,0.11144040045380844,0.18592688541539495,False,False,False,,below_bounded_prescreen
mean__detailed__all__offrtg_std,detailed_efficiency,0.0,1355,1355,-0.03894598575028682,0.09728057959459124,0.23809523809523808,1.0,0.19144803584277625,0.18570011173199394,False,False,False,,below_bounded_prescreen
absdiff__detailed__all__def_rtg_ros,detailed_efficiency,0.0,1355,1355,0.050320069069903335,0.12345876359788915,0.14285714285714285,1.0,0.1880649406798634,0.18566516695231383,False,False,False,,below_bounded_prescreen
diff__detailed__all__oppfg3attemptrate_median,detailed_efficiency,0.0,1355,1341,-0.006033793555707277,0.07653942493890119,0.3333333333333333,1.0,0.15208450351419567,0.18531631174569366,False,False,False,,below_bounded_prescreen
absdiff__detailed__ewm_h5__oppefg,detailed_efficiency,0.0,1355,1355,0.03891672164490195,0.05945070671862856,0.3333333333333333,1.0,0.14078350074260412,0.18480001129044932,False,False,False,,below_bounded_prescreen
absdiff__detailed__last5__opp_efg_mean,detailed_efficiency,0.0,1355,1355,0.01983534167912208,0.0685387777305149,0.3333333333333333,1.0,0.14617890871986755,0.18474856546459265,False,False,False,,below_bounded_prescreen
diff__detailed__clean__oppfg3attemptrate_mean,detailed_efficiency,0.0,1355,1355,-0.016592725151951614,0.10330925359615302,0.23809523809523808,1.0,0.16693293571483234,0.1846567619262276,False,False,False,,below_bounded_prescreen
absdiff__adj__net_rtg_a10p0_percentile,opponent_adjusted_efficiency,0.0,1355,689,-0.040603877459133214,0.09458364675773702,0.23809523809523808,1.0,0.19856491543029609,0.18448564496274933,False,True,True,36.0,selected
absdiff__norm__adj__net_rtg_a10p0__pct,within_season_normalization,0.0,1355,689,-0.040603877459133214,0.09458364675773702,0.23809523809523808,1.0,0.19856491543029609,0.18448564496274933,False,False,False,,below_bounded_prescreen
absdiff__compact__neutral_margin_mean,compact_performance,0.05461254612546126,1281,694,0.04767697923979586,0.09567777906158399,0.23809523809523808,1.0,0.1483797076840018,0.18420531548015653,False,False,False,,below_bounded_prescreen
absdiff__detailed__clean__def_rtg_ros,detailed_efficiency,0.0,1355,1355,0.04932060667939332,0.11872157054217361,0.14285714285714285,1.0,0.1694634944190029,0.18391549041009259,False,False,False,,below_bounded_prescreen
mean__detailed__home__games,detailed_efficiency,0.010332103321033211,1341,24,0.05490905999967518,0.08499103657426704,0.23809523809523808,1.0,0.16871980525769006,0.18339556837482454,False,False,False,,below_bounded_prescreen
mean__compact__home_games,compact_performance,0.010332103321033211,1341,24,0.053403092688124536,0.08499103657426704,0.23809523809523808,1.0,0.16871980525769006,0.1830642555662834,False,False,False,,below_bounded_prescreen
diff__detailed__all__oppfg3attemptrate_mean,detailed_efficiency,0.0,1355,1355,-0.016080758617472372,0.10011273653793164,0.23809523809523808,1.0,0.16890061868881576,0.18293109378173658,False,False,False,,below_bounded_prescreen
absdiff__norm__rating__pagerank_margin__z,within_season_normalization,0.0,1355,1355,0.05031250851092908,0.1528542614380371,0.047619047619047616,1.0,0.2288751253879605,0.18290283996619142,False,False,False,,below_bounded_prescreen
absdiff__rating__pagerank_margin_z,global_strength_ratings,0.0,1355,1355,0.05031250851092908,0.1528542614380371,0.047619047619047616,1.0,0.2288751253879605,0.18290283996619142,False,False,False,,below_bounded_prescreen
absdiff__schedule__elite_wins,schedule_and_accomplishment,0.0,1355,16,0.023105717453291305,0.06792826216160186,0.3,1.0,0.07381267493784545,0.1827363166797792,False,False,False,,below_bounded_prescreen
absdiff__schedule__owp,schedule_and_accomplishment,0.0,1355,1355,-0.01588024811348009,0.10083517639095853,0.23809523809523808,1.0,0.18574410824035653,0.18256001301824956,False,False,False,,below_bounded_prescreen
diff__detailed__ewm_h20__ftrate,detailed_efficiency,0.0,1355,1355,-0.04651590216239477,0.08738443696980545,0.23809523809523808,1.0,0.20027639664113192,0.1822622104508263,False,False,False,,below_bounded_prescreen
diff__detailed__clean__ftpct_median,detailed_efficiency,0.0,1355,1139,0.06645340735111704,0.10529492514146128,0.14285714285714285,1.0,0.15727398478410268,0.18172749715092593,False,False,False,,below_bounded_prescreen
absdiff__detailed__all__opp_ft_rate_ros,detailed_efficiency,0.0,1355,1355,0.050148832858045576,0.11395194297889548,0.14285714285714285,1.0,0.1719936716376855,0.1817070718502753,False,False,False,,below_bounded_prescreen
absdiff__compact__days_since_last_game,compact_performance,0.0,1355,10,-0.03726582326751317,0.08776272149377909,0.23809523809523808,1.0,0.17098928917719788,0.18158025396401703,False,False,False,,below_bounded_prescreen
seedprior__favorite_prob_pc8p0,prequential_seed_priors,0.0,1355,531,-0.017758444229638858,0.09497211463425531,0.23809523809523808,1.0,0.15375540374673174,0.1814384947003319,False,True,True,71.0,selected
diff__detailed__all__ftpct_median,detailed_efficiency,0.0,1355,1139,0.06642698249086752,0.10444312922646519,0.14285714285714285,1.0,0.1543608881774316,0.18142934550673975,False,False,False,,below_bounded_prescreen
absdiff__rating__elo_season_reset_mov,dynamic_ratings,0.0,1355,1355,0.030225962119604665,0.08847578784188939,0.23809523809523808,1.0,0.14856503071023638,0.18127072669724859,False,False,False,,below_bounded_prescreen
absdiff__rating__elo_season_reset_mov_delta,dynamic_ratings,0.0,1355,1355,0.030225962119604665,0.08847578784188939,0.23809523809523808,1.0,0.14856503071023638,0.18127072669724859,False,False,False,,below_bounded_prescreen
absdiff__adj__off_rtg_a10p0,opponent_adjusted_efficiency,0.0,1355,1355,0.04858049703721921,0.07569248591047892,0.23809523809523808,1.0,0.10752949870261633,0.18081416073235154,False,True,True,37.0,selected
absdiff__rating__elo_season_reset_mov_z,dynamic_ratings,0.0,1355,1355,0.026275331951497935,0.08847578569000554,0.23809523809523808,1.0,0.1485650245319867,0.18040158727449082,False,False,False,,below_bounded_prescreen
mean__compact__rest_days_mean,compact_performance,0.0,1355,833,-0.018919787003821145,0.09237654396977935,0.23809523809523808,1.0,0.16855989399064011,0.17985593658194723,False,False,False,,below_bounded_prescreen
absdiff__compact__away_win_pct,compact_performance,0.0,1355,476,0.024779189509640774,0.08712511705605593,0.23809523809523808,1.0,0.14974650421438268,0.1793768558056906,False,False,False,,below_bounded_prescreen
absdiff__detailed__clean__opp_ft_rate_ros,detailed_efficiency,0.0,1355,1355,0.051863255360394975,0.10743397226978656,0.14285714285714285,1.0,0.16380406152663415,0.1792832032648619,False,False,False,,below_bounded_prescreen
absdiff__schedule__bad_losses,schedule_and_accomplishment,0.0,1355,8,-0.022530332730562173,0.10468936449087246,0.2,1.0,0.1994570104181602,0.17922928773961605,False,False,False,,below_bounded_prescreen
diff__compact__last5_win_pct,compact_performance,0.0,1355,9,-0.020352386447675536,0.04860458056436725,0.3333333333333333,1.0,0.06953700504034545,0.17835957682110443,False,False,False,,below_bounded_prescreen
absdiff__detailed__last10__orb_pct_mean,detailed_efficiency,0.0,1355,1355,0.02563906391517786,0.08506492317821067,0.23809523809523808,1.0,0.17696655411757062,0.17748833311741552,False,False,False,,below_bounded_prescreen
mean__compact__last10_margin_std,compact_performance,0.0,1355,1355,0.04510921636063317,0.10748647144553913,0.14285714285714285,1.0,0.18327278024664811,0.17704376554047502,False,False,False,,below_bounded_prescreen
diff__detailed__last20__pace_mean,detailed_efficiency,0.0,1355,1326,0.01994566548777949,0.12030498873068635,0.14285714285714285,1.0,0.20416641879194597,0.17682492710350595,False,False,False,,below_bounded_prescreen
mean__geography__games_with_city,geography_and_schedule_dispersion,0.0,1355,15,0.04736124741604785,0.04701735274113107,0.2857142857142857,1.0,0.05881247505062478,0.17634959045953416,False,True,False,,correlation_pruned_or_cap
absdiff__detailed__home__pace_mean,detailed_efficiency,0.010332103321033211,1341,1339,-0.06420740034202958,0.06569809557357197,0.23809523809523808,1.0,0.1654388619470438,0.1763118293022347,False,False,False,,below_bounded_prescreen
absdiff__norm__detailed__clean__net_rtg_ros__pct,within_season_normalization,0.0,1355,730,-0.027525007111131667,0.07572795009093841,0.23809523809523808,1.0,0.10880232833109456,0.17614806257009372,False,False,False,,below_bounded_prescreen
absdiff__compact__ewm_h20_margin,compact_performance,0.0,1355,1355,0.07290156471359671,0.09441050226184503,0.14285714285714285,1.0,0.2064310619795852,0.17595528570063634,False,False,False,,below_bounded_prescreen
diff__detailed__clean__ftmaderate_median,detailed_efficiency,0.0,1355,1342,-0.011007299301506651,0.11992940937179086,0.14285714285714285,1.0,0.1760318391376858,0.1758035916364265,False,False,False,,below_bounded_prescreen
mean__detailed__clean__ftmade_rate_ros,detailed_efficiency,0.0,1355,1355,-0.04233527900590452,0.10667306141336207,0.14285714285714285,1.0,0.19808724583923643,0.17545048388328618,False,False,False,,below_bounded_prescreen
mean__detailed__clean__ftmaderate_mean,detailed_efficiency,0.0,1355,1355,-0.04535693805066438,0.10607108539392944,0.14285714285714285,1.0,0.20802800112086398,0.17542867017254057,False,False,False,,below_bounded_prescreen
diff__detailed__away__pace_mean,detailed_efficiency,0.0,1355,1353,-0.017951060546580563,0.12008074405551973,0.14285714285714285,1.0,0.2383453851276866,0.17491131791893258,False,False,False,,below_bounded_prescreen
mean__detailed__all__ftmaderate_mean,detailed_efficiency,0.0,1355,1355,-0.044697119327177695,0.10499272557471376,0.14285714285714285,1.0,0.20762184769821085,0.17478214347705612,False,False,False,,below_bounded_prescreen
diff__detailed__all__ftmaderate_median,detailed_efficiency,0.0,1355,1340,-0.011965307260726438,0.11666468944878168,0.14285714285714285,1.0,0.17566477923418256,0.17446197022055057,False,False,False,,below_bounded_prescreen
mean__detailed__last20__pace_mean,detailed_efficiency,0.0,1355,1335,0.013662714620110941,0.08082164091607882,0.23809523809523808,1.0,0.13837425293482378,0.17436045283398738,False,False,False,,below_bounded_prescreen
mean__schedule__top_quartile_games,schedule_and_accomplishment,0.0,1355,46,0.040873376871693665,0.07079649679381782,0.23809523809523808,1.0,0.18151702887898208,0.17380901831288395,False,False,False,,below_bounded_prescreen
mean__detailed__home__pace_mean,detailed_efficiency,0.010332103321033211,1341,1340,0.0019231791627749258,0.08817990213320129,0.23809523809523808,1.0,0.16906035244279582,0.1732557081715907,False,False,False,,below_bounded_prescreen
diff__detailed__clean__oppassistperfgm_median,detailed_efficiency,0.0,1355,1108,-0.0529225685894107,0.06730587230324217,0.23809523809523808,1.0,0.2233858869554192,0.1731095864122479,False,False,False,,below_bounded_prescreen
seedprior__effective_games_pc2p0,prequential_seed_priors,0.0,1355,325,-0.008190583854722832,0.07915751283528108,0.23809523809523808,1.0,0.12341014036762042,0.17295636708950723,False,True,True,72.0,selected
seedprior__effective_games_pc8p0,prequential_seed_priors,0.0,1355,325,-0.008190583854722832,0.07915751283528108,0.23809523809523808,1.0,0.12341014036762042,0.17295636708950723,False,True,False,,correlation_pruned_or_cap
absdiff__detailed__last20__ft_rate_mean,detailed_efficiency,0.0,1355,1355,0.015844785108936155,0.07473425233415477,0.23809523809523808,1.0,0.112824554625085,0.17294054975459494,False,False,False,,below_bounded_prescreen
mean__detailed__all__ftmade_rate_ros,detailed_efficiency,0.0,1355,1355,-0.041665136215781245,0.10142408358747079,0.14285714285714285,1.0,0.19770587170417725,0.17279879807843365,False,False,False,,below_bounded_prescreen
diff__detailed__all__oppassistperfgm_median,detailed_efficiency,0.0,1355,1108,-0.05176428798197891,0.06658593131120687,0.23809523809523808,1.0,0.22791652105978483,0.17232796763826133,False,False,False,,below_bounded_prescreen
diff__detailed__all__efg_std,detailed_efficiency,0.0,1355,1355,-0.040945978501139894,0.06253984749181217,0.23809523809523808,1.0,0.12901935057595426,0.17196170613852055,False,False,False,,below_bounded_prescreen
diff__detailed__clean__efg_std,detailed_efficiency,0.0,1355,1355,-0.04100430684789329,0.06253984749181217,0.23809523809523808,1.0,0.12935326527125135,0.1719611817869944,False,False,False,,below_bounded_prescreen
mean__prior__program_has_tournament_history,prior_program_history,0.0,1355,3,0.01775800076483439,0.07540862145760695,0.23809523809523808,1.0,0.1618251718361605,0.17172512968970657,False,False,False,,below_bounded_prescreen
absdiff__detailed__all__orb_pct_ros,detailed_efficiency,0.0,1355,1355,0.022363059761229192,0.10826839116397455,0.14285714285714285,1.0,0.20278740883454605,0.17163434740993921,False,False,False,,below_bounded_prescreen
absdiff__rating__margin_ridge_a5p0,global_strength_ratings,0.0,1355,1355,0.039605405454721104,0.09750083465594635,0.14285714285714285,1.0,0.16884511537730623,0.17161692807694348,False,False,False,,below_bounded_prescreen
absdiff__detailed__clean__orb_pct_ros,detailed_efficiency,0.0,1355,1355,0.022156562467318345,0.10826839116397455,0.14285714285714285,1.0,0.20506331389920526,0.1714978818026925,False,False,False,,below_bounded_prescreen
absdiff__compact__pythag_exp13p91,compact_performance,0.0,1355,1355,-0.02216966127683673,0.06594009434856798,0.23809523809523808,1.0,0.11058597098654423,0.17020037002399302,False,False,False,,below_bounded_prescreen
absdiff__norm__detailed__all__net_rtg_ros__pct,within_season_normalization,0.0,1355,729,-0.028476019758377834,0.06133304375930195,0.23809523809523808,1.0,0.10407520899232653,0.1696368150868531,False,False,False,,below_bounded_prescreen
mean__schedule__top_decile_games,schedule_and_accomplishment,0.0,1355,29,0.02663376773112667,0.06249190470226671,0.23809523809523808,1.0,0.11281094839617974,0.1694383433173268,False,False,False,,below_bounded_prescreen
absdiff__compact__last20_win_pct,compact_performance,0.0,1355,12,-0.006394060173318206,0.07264178467933904,0.23809523809523808,1.0,0.12541160235396234,0.16935352388529235,False,False,False,,below_bounded_prescreen
absdiff__rating__margin_ridge_a5p0_z,global_strength_ratings,0.0,1355,1355,0.028471930895423905,0.09750082386158496,0.14285714285714285,1.0,0.16884511097741683,0.16916755866860023,False,False,False,,below_bounded_prescreen
absdiff__rating__pagerank_binary,global_strength_ratings,0.0,1355,1355,0.06767295996038551,0.1142676444556382,0.047619047619047616,1.0,0.21170583977954535,0.16888733455785696,False,False,False,,below_bounded_prescreen
mean__compact__close5_games,compact_performance,0.0,1355,29,-0.0421380577225569,0.08999154119267315,0.14285714285714285,1.0,0.16188816417650054,0.1688479287615285,False,False,False,,below_bounded_prescreen
mean__detailed__clean__efg_std,detailed_efficiency,0.0,1355,1355,-0.03308561356038241,0.09593367228467595,0.14285714285714285,1.0,0.1870359926763546,0.16870270083001726,False,False,False,,below_bounded_prescreen
absdiff__compact__win_pct,compact_performance,0.0,1355,816,0.01609447679687628,0.10185354278618759,0.14285714285714285,1.0,0.1733400123309281,0.16835402779658856,False,False,False,,below_bounded_prescreen
absdiff__schedule__wp,schedule_and_accomplishment,0.0,1355,816,0.01609447679687628,0.10185354278618759,0.14285714285714285,1.0,0.1733400123309281,0.16835402779658856,False,False,False,,below_bounded_prescreen
absdiff__detailed__last5__def_rtg_mean,detailed_efficiency,0.0,1355,1355,-0.007290160218870056,0.1084952696656403,0.14285714285714285,1.0,0.2121095211492732,0.1680543266988307,False,False,False,,below_bounded_prescreen
absdiff__norm__compact__win_pct__z,within_season_normalization,0.0,1355,1208,0.013848245615530977,0.10185354443114036,0.14285714285714285,1.0,0.17334001623070305,0.1678598575702789,False,False,False,,below_bounded_prescreen
absdiff__detailed__last10__def_rtg_mean,detailed_efficiency,0.0,1355,1355,0.016842745133569734,0.09996421837599126,0.14285714285714285,1.0,0.17026457737876777,0.1677347885118533,False,False,False,,below_bounded_prescreen
mean__detailed__all__efg_std,detailed_efficiency,0.0,1355,1355,-0.03347800174418004,0.09284126679155222,0.14285714285714285,1.0,0.17859892346711287,0.167642154362123,False,False,False,,below_bounded_prescreen
mean__detailed__all__defrtg_std,detailed_efficiency,0.0,1355,1355,0.03007187414676959,0.05504785448187531,0.23809523809523808,1.0,0.08735071748096283,0.16763999185958903,False,False,False,,below_bounded_prescreen
absdiff__detailed__clean__ftrate_std,detailed_efficiency,0.0,1355,1355,-0.02653153053514627,0.09750080275078084,0.14285714285714285,1.0,0.217738753239395,0.16678491476567403,False,False,False,,below_bounded_prescreen
absdiff__detailed__last10__opp_efg_mean,detailed_efficiency,0.0,1355,1355,0.03463713782266976,0.05161821383669766,0.23809523809523808,1.0,0.0933506321030888,0.16675812577371676,False,False,False,,below_bounded_prescreen
absdiff__compact__away_margin_std,compact_performance,0.0,1355,1355,0.0335119191624873,0.05231592439609851,0.23809523809523808,1.0,0.10497949614869032,0.16638032417516496,False,False,False,,below_bounded_prescreen
absdiff__rating__elo_standard,dynamic_ratings,0.0,1355,1355,0.01656117353137071,0.09895671455798247,0.14285714285714285,1.0,0.1921906173537331,0.16631219932772667,False,False,False,,below_bounded_prescreen
absdiff__detailed__ewm_h10__oppefg,detailed_efficiency,0.0,1355,1355,0.032517071406146666,0.0902036126646499,0.14285714285714285,1.0,0.1823620951623454,0.1660141488390333,False,False,False,,below_bounded_prescreen
mean__compact__day120plus_games,compact_performance,0.0,1355,11,-0.03802624567049118,0.04699441626634136,0.23809523809523808,1.0,0.09265742976802538,0.165312034759869,False,False,False,,below_bounded_prescreen
mean__compact__days_since_last_game,compact_performance,0.0,1355,20,0.02799713777852019,0.08932797788430769,0.14285714285714285,1.0,0.16659920954206886,0.16522997417120222,False,False,False,,below_bounded_prescreen
absdiff__rating__elo_standard_z,dynamic_ratings,0.0,1355,1355,0.011540041546004567,0.09895672155576742,0.14285714285714285,1.0,0.192190606487461,0.1652075540845338,False,False,False,,below_bounded_prescreen
absdiff__detailed__all__ftmaderate_mean,detailed_efficiency,0.0,1355,1355,0.018298154873145324,0.09110062341994186,0.14285714285714285,1.0,0.14393159858611568,0.16485377222736228,False,False,False,,below_bounded_prescreen
absdiff__compact__home_margin_std,compact_performance,0.013284132841328414,1337,1336,-0.020504212106303193,0.12827936075293192,0.047619047619047616,1.0,0.1951722434407271,0.1648344470789063,False,False,False,,below_bounded_prescreen
absdiff__rating__pagerank_binary_z,global_strength_ratings,0.0,1355,1355,0.04894984957095562,0.11426764328257878,0.047619047619047616,1.0,0.21170584228749095,0.16476824960879605,False,False,False,,below_bounded_prescreen
absdiff__compact__margin_std,compact_performance,0.0,1355,1355,0.0011319943193659808,0.06920505751607886,0.23809523809523808,1.0,0.17748362157095027,0.16446335959037847,False,False,False,,below_bounded_prescreen
mean__schedule__opponent_strength_std,schedule_and_accomplishment,0.0,1355,1354,0.038289398405711474,0.0807034400891204,0.14285714285714285,1.0,0.14406145722740776,0.16425600346008087,False,False,False,,below_bounded_prescreen
mean__compact__close3_games,compact_performance,0.0,1355,19,-0.04352940582393395,0.11347922494338615,0.047619047619047616,1.0,0.19148616253139528,0.16400609837188265,False,False,False,,below_bounded_prescreen
absdiff__detailed__clean__ftmaderate_mean,detailed_efficiency,0.0,1355,1355,0.01755707984147576,0.09110062341994186,0.14285714285714285,1.0,0.1621406537294909,0.16396237351465998,False,False,False,,below_bounded_prescreen
mean__detailed__away__games,detailed_efficiency,0.0,1355,20,-0.0101119243401614,0.1311000911426545,0.047619047619047616,1.0,0.22220298743694322,0.16388359522487958,False,False,False,,below_bounded_prescreen
mean__detailed__last10__pace_mean,detailed_efficiency,0.0,1355,1303,0.010210908577830314,0.09662172838919357,0.14285714285714285,1.0,0.1911329571686753,0.16383665408433143,False,False,False,,below_bounded_prescreen
absdiff__detailed__all__ftmade_rate_ros,detailed_efficiency,0.0,1355,1355,0.024756035241562304,0.08474323881390308,0.14285714285714285,1.0,0.12946138998337753,0.16380176964162496,False,False,False,,below_bounded_prescreen
mean__geography__city_coverage,geography_and_schedule_dispersion,0.0,1355,23,0.04720456498731444,0.0,0.3333333333333333,1.0,0.0,0.1637183376305425,False,True,False,,correlation_pruned_or_cap
absdiff__detailed__clean__offrtg_std,detailed_efficiency,0.0,1355,1355,0.01431566078755082,0.055667139437113766,0.23809523809523808,1.0,0.12164864698581673,0.1630989645188812,False,False,False,,below_bounded_prescreen
absdiff__detailed__clean__ftmade_rate_ros,detailed_efficiency,0.0,1355,1355,0.023981052572498017,0.08235370056631526,0.14285714285714285,1.0,0.12482769039518929,0.1626696430791162,False,False,False,,below_bounded_prescreen
mean__compact__away_games,compact_performance,0.0,1355,20,-0.00447387098441295,0.1311000911426545,0.047619047619047616,1.0,0.22220298743694322,0.16264322348661492,False,False,False,,below_bounded_prescreen
absdiff__rating__bt_c1p0,global_strength_ratings,0.0,1355,1355,0.009749009491292045,0.09492121377610943,0.14285714285714285,1.0,0.19992312004423657,0.16256718275599016,False,False,False,,below_bounded_prescreen
seedprior__favorite_prob_pc2p0,prequential_seed_priors,0.0,1355,531,-0.013154605123576704,0.090537910471991,0.14285714285714285,1.0,0.16834837299040784,0.16247541809126909,False,True,False,,correlation_pruned_or_cap
mean__compact__away_margin_std,compact_performance,0.0,1355,1355,0.02968065038443303,0.08124350614884193,0.14285714285714285,1.0,0.16254734140050134,0.1618818752371422,False,False,False,,below_bounded_prescreen
absdiff__rating__elo_season_reset_mov_percentile,dynamic_ratings,0.0,1355,673,-0.026833643725431438,0.08157122609925413,0.14285714285714285,1.0,0.15214244828678092,0.16182903507290852,False,False,False,,below_bounded_prescreen
absdiff__norm__rating__bt_c1p0__z,within_season_normalization,0.0,1355,1355,0.0049097877657536025,0.09492121025102751,0.14285714285714285,1.0,0.19992313291627806,0.16150255176945075,False,False,False,,below_bounded_prescreen
absdiff__rating__bt_c1p0_z,global_strength_ratings,0.0,1355,1355,0.0049097877657536025,0.09492121025102751,0.14285714285714285,1.0,0.19992313291627806,0.16150255176945075,False,False,False,,below_bounded_prescreen
absdiff__detailed__last5__orb_pct_mean,detailed_efficiency,0.0,1355,1355,0.024752924056119098,0.08211316600477593,0.14285714285714285,1.0,0.1592372622680267,0.16134761534106043,False,False,False,,below_bounded_prescreen
absdiff__rating__margin_ridge_a25p0,global_strength_ratings,0.0,1355,1355,0.06552225174927404,0.10046270769574839,0.047619047619047616,1.0,0.231433020631551,0.16099872187258513,False,False,False,,below_bounded_prescreen
absdiff__adj__net_rtg_a10p0,opponent_adjusted_efficiency,0.0,1355,1355,0.061866691695282076,0.10194546011435883,0.047619047619047616,1.0,0.24022217711907917,0.16055465356213874,False,False,False,,below_bounded_prescreen
absdiff__detailed__home__off_rtg_mean,detailed_efficiency,0.010332103321033211,1341,1341,0.03458884248634557,0.0734773129481117,0.14285714285714285,1.0,0.12469828534530475,0.15992129873973765,False,False,False,,below_bounded_prescreen
mean__compact__last20_margin_std,compact_performance,0.0,1355,1355,0.04737887183641248,0.06718334989246554,0.14285714285714285,1.0,0.14500405909141237,0.15972834024588056,False,False,False,,below_bounded_prescreen
absdiff__compact__pythag_residual_exp10p0,compact_performance,0.0,1355,1355,0.012147238676328652,0.04567697515392113,0.23809523809523808,1.0,0.08554502051639166,0.15927077785725688,False,False,False,,below_bounded_prescreen
mean__compact__margin_iqr,compact_performance,0.0,1355,152,0.02402772353987261,0.11368465453694068,0.047619047619047616,1.0,0.20757185153521793,0.1591709069141424,False,False,False,,below_bounded_prescreen
absdiff__norm__rating__margin_ridge_a25p0__z,within_season_normalization,0.0,1355,1355,0.055591416443330474,0.1004627139766633,0.047619047619047616,1.0,0.23143301832045396,0.15881394121256057,False,False,False,,below_bounded_prescreen
absdiff__rating__margin_ridge_a25p0_z,global_strength_ratings,0.0,1355,1355,0.055591416443330474,0.1004627139766633,0.047619047619047616,1.0,0.23143301832045396,0.15881394121256057,False,False,False,,below_bounded_prescreen
absdiff__geography__city_coverage,geography_and_schedule_dispersion,0.0,1355,22,0.024425786029823513,0.0,0.3333333333333333,1.0,0.0,0.1587070062598945,False,True,False,,correlation_pruned_or_cap
mean__compact__margin_std,compact_performance,0.0,1355,1355,0.032940771587279524,0.1038050728738454,0.047619047619047616,1.0,0.15265050544081654,0.15858643213006227,False,False,False,,below_bounded_prescreen
mean__compact__neutral_games,compact_performance,0.05461254612546126,1281,24,-0.01307495686512908,0.09434511175663626,0.14285714285714285,1.0,0.2020997589479697,0.15856629296270097,False,False,False,,below_bounded_prescreen
diff__detailed__last5__pace_mean,detailed_efficiency,0.0,1355,1247,0.04021077838009532,0.10355082921389908,0.047619047619047616,1.0,0.19129575220543032,0.15851798679712295,False,False,False,,below_bounded_prescreen
absdiff__adj__net_rtg_a10p0_z,opponent_adjusted_efficiency,0.0,1355,1355,0.05222211654588282,0.10194545369372879,0.047619047619047616,1.0,0.240222181800969,0.1584328437600929,False,False,False,,below_bounded_prescreen
absdiff__norm__adj__net_rtg_a10p0__z,within_season_normalization,0.0,1355,1355,0.05222211654588282,0.10194545369372879,0.047619047619047616,1.0,0.240222181800969,0.1584328437600929,False,False,False,,below_bounded_prescreen
absdiff__detailed__last20__tov_pct_mean,detailed_efficiency,0.0,1355,1355,-0.001210905099454187,0.1201217410214912,0.047619047619047616,1.0,0.18087855077083972,0.15830874040040974,False,False,False,,below_bounded_prescreen
absdiff__detailed__ewm_h20__oppefg,detailed_efficiency,0.0,1355,1355,-0.00019954611020195392,0.12457533825830507,0.047619047619047616,1.0,0.23443156455602546,0.15808184754503746,False,False,False,,below_bounded_prescreen
absdiff__conference__tourney_win_pct,conference_context,0.020664206642066422,1327,9,-0.02755113906431357,0.11349036759928816,0.047619047619047616,1.0,0.22787534684591015,0.1573875242556532,False,False,False,,below_bounded_prescreen
absdiff__detailed__clean__tov_pct_ros,detailed_efficiency,0.0,1355,1355,-0.024218768482888633,0.10975647856234584,0.047619047619047616,1.0,0.2067690885269612,0.15735952285413066,False,False,False,,below_bounded_prescreen
absdiff__detailed__clean__tovpct_std,detailed_efficiency,0.0,1355,1355,-0.03803699429042298,0.06713103069353757,0.14285714285714285,1.0,0.1550769083354243,0.15724510000051697,False,False,False,,below_bounded_prescreen
absdiff__compact__margin_mad,compact_performance,0.0,1355,21,0.026747507874003432,0.07523818540061793,0.14285714285714285,1.0,0.19108700107706222,0.15721244353863773,False,False,False,,below_bounded_prescreen
absdiff__compact__pythag_exp8p0,compact_performance,0.0,1355,1355,0.021017699897173045,0.07241143140456756,0.14285714285714285,1.0,0.14267675132589763,0.15653145385567743,False,False,False,,below_bounded_prescreen
absdiff__detailed__all__tov_pct_ros,detailed_efficiency,0.0,1355,1355,-0.024761325820063042,0.10746669478982909,0.047619047619047616,1.0,0.20798560013968864,0.1563311287929919,False,False,False,,below_bounded_prescreen
mean__detailed__neutral__games,detailed_efficiency,0.05461254612546126,1281,24,-0.014277028637716342,0.08890380995747313,0.14285714285714285,1.0,0.2020997589479697,0.15621892388907188,False,False,False,,below_bounded_prescreen
absdiff__detailed__all__orbpct_std,detailed_efficiency,0.0,1355,1355,0.01317936628113021,0.07274303395153156,0.14285714285714285,1.0,0.11255421891563308,0.15617109097910134,False,False,False,,below_bounded_prescreen
diff__detailed__clean__offrtg_std,detailed_efficiency,0.0,1355,1355,0.00508433795586224,0.08119023200309884,0.14285714285714285,1.0,0.1775757409478041,0.15584397893100782,False,False,False,,below_bounded_prescreen
absdiff__detailed__clean__orbpct_std,detailed_efficiency,0.0,1355,1355,0.015625681956163737,0.06890784044555388,0.14285714285714285,1.0,0.09788836963683792,0.15545502151589125,False,False,False,,below_bounded_prescreen
mean__detailed__all__orbpct_std,detailed_efficiency,0.0,1355,1355,-0.0055755749873236905,0.07542799318504032,0.14285714285714285,1.0,0.12163440949711701,0.15542382970328875,False,False,False,,below_bounded_prescreen
mean__detailed__clean__defrtg_std,detailed_efficiency,0.0,1355,1355,0.029111101659412678,0.0622842892778379,0.14285714285714285,1.0,0.09606745453757884,0.15531534589407267,False,False,False,,below_bounded_prescreen
diff__detailed__all__offrtg_std,detailed_efficiency,0.0,1355,1355,0.004850785021226565,0.07898359654531001,0.14285714285714285,1.0,0.1707398744441892,0.15500684692579395,False,False,False,,below_bounded_prescreen
diff__quality__DetailedCoverageRate,detailed_efficiency,0.0,1355,29,-0.007549697268814888,0.0,0.3333333333333333,1.0,0.0,0.1549942667324726,False,False,False,,below_bounded_prescreen
mean__geography__neutral_games_with_city,geography_and_schedule_dispersion,0.0,1355,25,0.025578187122306466,0.06582401970268127,0.14285714285714285,1.0,0.13230841300694818,0.15478753696105935,False,True,False,,correlation_pruned_or_cap
mean__detailed__clean__orbpct_std,detailed_efficiency,0.0,1355,1355,-0.004962452458852857,0.07544822536623304,0.14285714285714285,1.0,0.14349475825562547,0.15442424024365733,False,False,False,,below_bounded_prescreen
absdiff__detailed__all__tovpct_std,detailed_efficiency,0.0,1355,1355,-0.03713564311883846,0.06274527324263507,0.14285714285714285,1.0,0.16930056990936454,0.15437269270337756,False,False,False,,below_bounded_prescreen
absdiff__detailed__last20__def_rtg_mean,detailed_efficiency,0.0,1355,1355,0.04841492313191528,0.08948503213336276,0.047619047619047616,1.0,0.17137348783177897,0.15436820661881195,False,False,False,,below_bounded_prescreen
diff__geography__city_coverage,geography_and_schedule_dispersion,0.0,1355,30,0.003660327751104052,0.0,0.3333333333333333,1.0,0.0,0.15413860543857621,False,False,False,,below_bounded_prescreen
mean__compact__margin_mad,compact_performance,0.0,1355,46,0.03321839511316811,0.09659712163677542,0.047619047619047616,1.0,0.18885836707256964,0.15373937824669404,False,False,False,,below_bounded_prescreen
absdiff__detailed__all__oppefg_median,detailed_efficiency,0.0,1355,1331,0.027136314731468495,0.09736736487450869,0.047619047619047616,1.0,0.16963580107423312,0.15353993995676551,False,False,False,,below_bounded_prescreen
absdiff__schedule__opponent_strength_std,schedule_and_accomplishment,0.0,1355,1355,0.02552243325688935,0.06484318275076568,0.14285714285714285,1.0,0.15880317275479203,0.15324467898383434,False,False,False,,below_bounded_prescreen
absdiff__norm__compact__win_pct__pct,within_season_normalization,0.0,1355,905,-0.02857092723183543,0.09484367908404212,0.047619047619047616,1.0,0.18770410338945553,0.15192145343481342,False,False,False,,below_bounded_prescreen
absdiff__detailed__all__ftrate_std,detailed_efficiency,0.0,1355,1355,-0.02769367760896651,0.09765260071830105,0.047619047619047616,1.0,0.2184612627787231,0.15184645452665585,False,False,False,,below_bounded_prescreen
absdiff__compact__last10_win_pct,compact_performance,0.0,1355,8,0.0314526340924149,0.09213641401187135,0.047619047619047616,1.0,0.18635570690565934,0.15130987756885078,False,False,False,,below_bounded_prescreen
absdiff__compact__day90plus_win_pct,compact_performance,0.0,1355,296,0.014126578469322975,0.10003048944620996,0.047619047619047616,1.0,0.18742182270929714,0.15124465690810757,False,False,False,,below_bounded_prescreen
absdiff__compact__half_delta_marginmean,compact_performance,0.0,1355,1304,0.010255784293216481,0.09855859713250346,0.047619047619047616,1.0,0.16104204622299625,0.15074176493823704,False,False,False,,below_bounded_prescreen
absdiff__rating__bt_c0p25,global_strength_ratings,0.0,1355,1355,0.017323440409141983,0.0977171519287563,0.047619047619047616,1.0,0.19327512724870732,0.15060343234491358,False,False,False,,below_bounded_prescreen
absdiff__rating__elo_standard_preseason,dynamic_ratings,0.0,1355,1355,0.006107965398335947,0.10237279082269474,0.047619047619047616,1.0,0.1947829367599087,0.15031042213117865,False,False,False,,below_bounded_prescreen
absdiff__compact__last5_win_pct,compact_performance,0.0,1355,5,-0.0015065509321765798,0.09967141677263743,0.047619047619047616,1.0,0.14264351382057866,0.1500870283221693,False,False,False,,below_bounded_prescreen
absdiff__norm__detailed__all__efg_ros__pct,within_season_normalization,0.0,1355,944,-0.007913472908549542,0.09887243595342746,0.047619047619047616,1.0,0.17261321562410592,0.14991425229160946,False,False,False,,below_bounded_prescreen
absdiff__detailed__clean__oppefg_median,detailed_efficiency,0.0,1355,1333,0.026490763855521123,0.09083738770110741,0.047619047619047616,1.0,0.17868126293664813,0.14990171124632792,False,False,False,,below_bounded_prescreen
absdiff__detailed__clean__opp_tov_pct_ros,detailed_efficiency,0.0,1355,1355,-0.01475223996437849,0.096964499673558,0.047619047619047616,1.0,0.18846407660547065,0.1498689371902999,False,False,False,,below_bounded_prescreen
absdiff__rating__bt_c0p25_z,global_strength_ratings,0.0,1355,1355,0.01390901740308157,0.09771715206140744,0.047619047619047616,1.0,0.193275129662552,0.14985225925069906,False,False,False,,below_bounded_prescreen
interaction__combined_margin_volatility,matchup_interactions,0.0,1355,1355,0.032819352881836836,0.08592172902348309,0.047619047619047616,1.0,0.1620579511477756,0.1495994171384126,False,True,False,,correlation_pruned_or_cap
absdiff__detailed__all__offrtg_std,detailed_efficiency,0.0,1355,1355,0.013821328219547598,0.05771980198355764,0.14285714285714285,1.0,0.10040062223218701,0.1495873151282635,False,False,False,,below_bounded_prescreen
absdiff__detailed__all__opp_tov_pct_ros,detailed_efficiency,0.0,1355,1355,-0.015633073154126282,0.096964499673558,0.047619047619047616,1.0,0.20226566000458335,0.14951065715607992,False,False,False,,below_bounded_prescreen
diff__detailed__all__assistperfgm_mean,detailed_efficiency,0.0,1355,1355,0.03469772269623832,0.0820293028260411,0.047619047619047616,1.0,0.13462873704731826,0.14924146248682707,False,False,False,,below_bounded_prescreen
absdiff__detailed__neutral__pace_mean,detailed_efficiency,0.05461254612546126,1281,1245,-0.00784362529931474,0.07169848987908065,0.14285714285714285,1.0,0.14046646767624335,0.14901035316786418,False,False,False,,below_bounded_prescreen
absdiff__compact__pythag_exp11p5,compact_performance,0.0,1355,1355,-0.008942196389065104,0.06103551685482367,0.14285714285714285,1.0,0.1284539443960408,0.1489833163772109,False,False,False,,below_bounded_prescreen
absdiff__compact__day120plus_win_pct,compact_performance,0.0,1355,29,-0.01174734831935667,0.09670059586643356,0.047619047619047616,1.0,0.19496508572404073,0.14882114683623257,False,False,False,,below_bounded_prescreen
diff__detailed__clean__assistperfgm_mean,detailed_efficiency,0.0,1355,1355,0.03426921911396696,0.08114841729250806,0.047619047619047616,1.0,0.13441361911511618,0.14873297135991959,False,False,False,,below_bounded_prescreen
diff__detailed__last10__pace_mean,detailed_efficiency,0.0,1355,1295,0.012306121764589964,0.09585781845769989,0.047619047619047616,1.0,0.1910935269928682,0.14869440618723864,False,False,False,,below_bounded_prescreen
absdiff__compact__margin_slope,compact_performance,0.0,1355,1352,0.021686259558467983,0.09086805784959032,0.047619047619047616,1.0,0.1913319357849252,0.14835341505831692,False,False,False,,below_bounded_prescreen
mean__compact__day90plus_games,compact_performance,0.0,1355,12,-0.0182932866512434,0.06966447257834482,0.1,1.0,0.1302217313238186,0.1482546006479263,False,False,False,,below_bounded_prescreen
absdiff__detailed__clean__oppefg_mean,detailed_efficiency,0.0,1355,1355,0.03573342234639746,0.08646736549328204,0.047619047619047616,1.0,0.22303090408799953,0.14806349980851047,False,False,False,,below_bounded_prescreen
absdiff__rating__elo_mov_log_preseason,dynamic_ratings,0.0,1355,1355,0.013203225823411047,0.09118423770026014,0.047619047619047616,1.0,0.15851807929762346,0.14795146822441801,False,False,False,,below_bounded_prescreen
absdiff__compact__pythag_residual_exp13p91,compact_performance,0.0,1355,1355,0.009397030043060306,0.0573951493485167,0.14285714285714285,1.0,0.11463762246023224,0.14788865625549488,False,False,False,,below_bounded_prescreen
absdiff__rating__elo_mov_538_preseason,dynamic_ratings,0.0,1355,1355,0.012837336565167817,0.09176372560148886,0.047619047619047616,1.0,0.16616436921936492,0.1478432751833246,False,False,False,,below_bounded_prescreen
absdiff__detailed__all__oppefg_mean,detailed_efficiency,0.0,1355,1355,0.03573651067124483,0.08483670924521484,0.047619047619047616,1.0,0.21762440960596402,0.14749772402018607,False,False,False,,below_bounded_prescreen
absdiff__detailed__neutral__off_rtg_mean,detailed_efficiency,0.05461254612546126,1281,1281,0.02580548406533864,0.0926683039948396,0.047619047619047616,1.0,0.15143779193894222,0.14735052466335052,False,False,False,,below_bounded_prescreen
diff__compact__last5_points_against_mean,compact_performance,0.0,1355,231,0.01684792428800829,0.08741565461184399,0.047619047619047616,1.0,0.14842320753920218,0.14734817687452648,False,False,False,,below_bounded_prescreen
absdiff__compact__pythag_residual_exp11p5,compact_performance,0.0,1355,1355,0.01240296072706807,0.05103866607171898,0.14285714285714285,1.0,0.07220357533223644,0.14719621091823348,False,False,False,,below_bounded_prescreen
mean__detailed__last5__pace_mean,detailed_efficiency,0.0,1355,1273,0.022584763596412556,0.0860371572373946,0.047619047619047616,1.0,0.18582898268886533,0.14645237177665318,False,False,False,,below_bounded_prescreen
absdiff__prior__program_win_pct_smoothed,prior_program_history,0.0,1355,970,0.022048681594750135,0.04558989647623441,0.14285714285714285,1.0,0.08114222603726516,0.1463453140750898,False,False,False,,below_bounded_prescreen
absdiff__compact__neutral_win_pct,compact_performance,0.05461254612546126,1281,90,0.01283408119145554,0.09794411032200033,0.047619047619047616,1.0,0.17844624260065928,0.14594886504166474,False,False,False,,below_bounded_prescreen
mean__compact__neutral_margin_std,compact_performance,0.11439114391143912,1200,1198,0.02424073045303403,0.06923414825584276,0.14285714285714285,1.0,0.17071301494253718,0.14544268260899826,False,False,False,,below_bounded_prescreen
absdiff__detailed__all__drb_pct_ros,detailed_efficiency,0.0,1355,1355,0.01019522529881283,0.08855012383900107,0.047619047619047616,1.0,0.17362801027422806,0.14542093621653784,False,False,False,,below_bounded_prescreen
seedprior__generic_gender_games,prequential_seed_priors,0.0,1355,22,-0.02755332280237038,0.09759000729485333,0.0,1.0,0.1938926217369706,0.14514922964857227,False,True,True,73.0,selected
mean__detailed__all__netrtg_std,detailed_efficiency,0.0,1355,1355,0.025768824642261372,0.0790945489395871,0.047619047619047616,1.0,0.15480816499047395,0.14506124593172795,False,False,False,,below_bounded_prescreen
mean__detailed__clean__netrtg_std,detailed_efficiency,0.0,1355,1355,0.02546398259724449,0.07846717651334319,0.047619047619047616,1.0,0.14597743222717094,0.14504627122775932,False,False,False,,below_bounded_prescreen
diff__detailed__all__opptovpct_median,detailed_efficiency,0.0,1355,1355,0.0279687571476866,0.07698103899085088,0.047619047619047616,1.0,0.1448953090831101,0.14492726054382268,False,False,False,,below_bounded_prescreen
absdiff__detailed__all__opp_efg_ros,detailed_efficiency,0.0,1355,1355,0.032736534017977534,0.07838668691939776,0.047619047619047616,1.0,0.19116811778889778,0.1447999701127577,False,False,False,,below_bounded_prescreen
diff__detailed__clean__opptovpct_median,detailed_efficiency,0.0,1355,1355,0.028535320626754422,0.07698103899085088,0.047619047619047616,1.0,0.15124945783500335,0.14479773855914188,False,False,False,,below_bounded_prescreen
absdiff__compact__margin_iqr,compact_performance,0.0,1355,74,0.020987721352043583,0.08102175944304983,0.047619047619047616,1.0,0.16206999645332812,0.144643990991028,False,False,False,,below_bounded_prescreen
absdiff__detailed__clean__opp_efg_ros,detailed_efficiency,0.0,1355,1355,0.032778252075193894,0.07838668691939776,0.047619047619047616,1.0,0.1977531183701316,0.14454574806209594,False,False,False,,below_bounded_prescreen
diff__detailed__last5__def_rtg_mean,detailed_efficiency,0.0,1355,1355,-0.002241084493287613,0.09092000017070227,0.047619047619047616,1.0,0.1846688328721049,0.14436693297462377,False,False,False,,below_bounded_prescreen
absdiff__detailed__clean__drb_pct_ros,detailed_efficiency,0.0,1355,1355,0.010225784158814965,0.08596525603769073,0.047619047619047616,1.0,0.16978929805479315,0.14434047110988674,False,False,False,,below_bounded_prescreen
absdiff__compact__neutral_margin_std,compact_performance,0.11439114391143912,1200,1197,0.03908554021946369,0.09240947745877749,0.047619047619047616,1.0,0.20139909237039796,0.14336716043981176,False,False,False,,below_bounded_prescreen
interaction__pace_mean,matchup_interactions,0.0,1355,1352,0.01558164073308501,0.07828824223570949,0.047619047619047616,1.0,0.1389616618318708,0.14306689838019207,False,True,False,,correlation_pruned_or_cap
mean__detailed__all__pace_ros,detailed_efficiency,0.0,1355,1352,0.01558164073308501,0.07828824223570949,0.047619047619047616,1.0,0.1389616618318708,0.14306689838019207,False,False,False,,below_bounded_prescreen
absdiff__detailed__last20__opp_efg_mean,detailed_efficiency,0.0,1355,1355,0.05378178773439829,0.060312009294333065,0.047619047619047616,1.0,0.14760118401980224,0.14249675802110304,False,False,False,,below_bounded_prescreen
mean__detailed__clean__pace_ros,detailed_efficiency,0.0,1355,1352,0.015491704571790044,0.07628416551681919,0.047619047619047616,1.0,0.1371755508765899,0.14215660003785105,False,False,False,,below_bounded_prescreen
diff__compact__close3_win_pct,compact_performance,0.08560885608856089,1239,162,0.015258458688584673,0.09515699210600424,0.047619047619047616,1.0,0.19704676725184453,0.1419206855642596,False,False,False,,below_bounded_prescreen
mean__compact__day110plus_games,compact_performance,0.0,1355,10,-0.011351059688619446,0.04068268795168099,0.14285714285714285,1.0,0.0874326917800666,0.14138475853424337,False,False,False,,below_bounded_prescreen
absdiff__detailed__home__def_rtg_mean,detailed_efficiency,0.010332103321033211,1341,1341,-0.006176555469345645,0.0798512835445901,0.047619047619047616,1.0,0.15204063485252328,0.14039831226392332,False,False,False,,below_bounded_prescreen
mean__detailed__away__pace_mean,detailed_efficiency,0.0,1355,1353,0.015534838762677987,0.0725234715325612,0.047619047619047616,1.0,0.140652041910582,0.14022189680604288,False,False,False,,below_bounded_prescreen
absdiff__compact__day110plus_win_pct,compact_performance,0.0,1355,107,0.007880170972780771,0.07712236708150957,0.047619047619047616,1.0,0.1537451379264232,0.14022161591512705,False,False,False,,below_bounded_prescreen
absdiff__detailed__clean__efg_std,detailed_efficiency,0.0,1355,1355,0.021261031204536728,0.0744849558866289,0.047619047619047616,1.0,0.20505768705169175,0.1398469458275599,False,False,False,,below_bounded_prescreen
matchup__equal_seed,matchup_context,0.0,1355,2,0.0027645100406472833,0.09759000729485331,0.0,1.0,0.19389262173697058,0.13969569084099318,False,True,True,11.0,selected
absdiff__detailed__neutral__def_rtg_mean,detailed_efficiency,0.05461254612546126,1281,1281,0.01833629642928522,0.07923091942047236,0.047619047619047616,1.0,0.14307971873339947,0.13959168171594424,False,False,False,,below_bounded_prescreen
absdiff__detailed__all__efg_std,detailed_efficiency,0.0,1355,1355,0.02129354873358671,0.07426036086784038,0.047619047619047616,1.0,0.20987077795941161,0.1395537704386236,False,False,False,,below_bounded_prescreen
absdiff__compact__last20_margin_std,compact_performance,0.0,1355,1355,0.007840938985549181,0.07178524127871845,0.047619047619047616,1.0,0.10840807402310931,0.13946464704872893,False,False,False,,below_bounded_prescreen
diff__conference__tourney_games,conference_context,0.020664206642066422,1327,7,-0.0026367966344254846,0.07960988965727085,0.047619047619047616,1.0,0.13482285494829435,0.13936583918481416,False,False,False,,below_bounded_prescreen
absdiff__compact__rest_days_std,compact_performance,0.0,1355,1355,-0.009579539375594696,0.07266110606192087,0.047619047619047616,1.0,0.1341779294927891,0.13923676001168891,False,False,False,,below_bounded_prescreen
absdiff__compact__margin_q10,compact_performance,0.0,1355,234,0.028909169055916964,0.06666826692678088,0.047619047619047616,1.0,0.1715968622146832,0.13911595844761684,False,False,False,,below_bounded_prescreen
diff__detailed__last5__opp_efg_mean,detailed_efficiency,0.0,1355,1355,-0.00030220765230700635,0.07723300318888895,0.047619047619047616,1.0,0.1657551557493958,0.13812716860324603,False,False,False,,below_bounded_prescreen
absdiff__compact__last5_margin_std,compact_performance,0.0,1355,1354,0.000567447145382906,0.0731942380119755,0.047619047619047616,1.0,0.13724511838997638,0.13738731550118105,False,False,False,,below_bounded_prescreen
mean__compact__last5_margin_std,compact_performance,0.0,1355,1354,0.021921257517321463,0.06307078522644602,0.047619047619047616,1.0,0.15392249118035556,0.13655880153433822,False,False,False,,below_bounded_prescreen
absdiff__rating__elo_mov_log,dynamic_ratings,0.0,1355,1355,0.020784846418980537,0.0629749261970145,0.047619047619047616,1.0,0.17791523792942066,0.13530306888861346,False,False,False,,below_bounded_prescreen
mean__conference__tourney_games,conference_context,0.020664206642066422,1327,7,-0.016234317503839187,0.06362847629757777,0.047619047619047616,1.0,0.14968172758334705,0.13409186045803037,False,False,False,,below_bounded_prescreen
absdiff__rating__elo_mov_log_z,dynamic_ratings,0.0,1355,1355,0.015103739565693507,0.06297492301063931,0.047619047619047616,1.0,0.17791524292055333,0.13405322365178493,False,False,False,,below_bounded_prescreen
absdiff__compact__home_win_pct,compact_performance,0.010332103321033211,1341,386,0.005665564694435902,0.0627966116450145,0.047619047619047616,1.0,0.11636596074055928,0.13352663874612541,False,False,False,,below_bounded_prescreen
absdiff__rating__elo_mov_538,dynamic_ratings,0.0,1355,1355,0.01980812586392311,0.05848273648654937,0.047619047619047616,1.0,0.17001808839365606,0.13324782528690815,False,False,False,,below_bounded_prescreen
absdiff__detailed__all__ftmaderate_median,detailed_efficiency,0.0,1355,1331,0.02830208672208894,0.05221638220869026,0.047619047619047616,1.0,0.14456372513733964,0.13312682115258495,False,False,False,,below_bounded_prescreen
absdiff__compact__close3_win_pct,compact_performance,0.08560885608856089,1239,105,0.017264876093398485,0.07061601305511961,0.047619047619047616,1.0,0.14917396356454204,0.13249733959638615,False,False,False,,below_bounded_prescreen
absdiff__norm__rating__elo_mov_538__z,within_season_normalization,0.0,1355,1355,0.01416983146512433,0.058482739901174516,0.047619047619047616,1.0,0.1700180888525683,0.132007402139836,False,False,False,,below_bounded_prescreen
absdiff__rating__elo_mov_538_z,dynamic_ratings,0.0,1355,1355,0.01416983146512433,0.058482739901174516,0.047619047619047616,1.0,0.1700180888525683,0.132007402139836,False,False,False,,below_bounded_prescreen
absdiff__detailed__clean__ftmaderate_median,detailed_efficiency,0.0,1355,1331,0.02721436058472755,0.05017026550919369,0.047619047619047616,1.0,0.14479423666419095,0.131896164925533,False,False,False,,below_bounded_prescreen
absdiff__compact__pythag_exp10p0,compact_performance,0.0,1355,1355,0.002199425342895445,0.057667875607272705,0.047619047619047616,1.0,0.11401320089230352,0.13122297345028336,False,False,False,,below_bounded_prescreen
diff__compact__day110plus_win_pct,compact_performance,0.0,1355,180,0.007821582013540532,0.05158335896350098,0.047619047619047616,1.0,0.08451325573602082,0.1307192777350662,False,False,False,,below_bounded_prescreen
seedprior__pooled_gap_games,prequential_seed_priors,0.03911439114391144,1302,126,0.004024471841648793,0.05822803158314972,0.047619047619047616,1.0,0.08456837141555178,0.12994200043598722,False,False,False,,below_bounded_prescreen
seedprior__gap_games,prequential_seed_priors,0.0,1355,146,-0.013499093800004174,0.04846568567786015,0.047619047619047616,1.0,0.1144073531251856,0.12927608325541398,False,False,False,,below_bounded_prescreen
absdiff__compact__pythag_residual_exp8p0,compact_performance,0.0,1355,1355,0.011239420413930992,0.04507440301014418,0.047619047619047616,1.0,0.08879947846480112,0.1281754544163896,False,False,False,,below_bounded_prescreen
diff__compact__close5_win_pct,compact_performance,0.03025830258302583,1314,366,0.02261936684628959,0.04284896336370475,0.047619047619047616,1.0,0.08600263499431932,0.1273020411333948,False,False,False,,below_bounded_prescreen
absdiff__detailed__all__netrtg_std,detailed_efficiency,0.0,1355,1355,-0.0034170359755492496,0.0427822929330859,0.047619047619047616,1.0,0.08571964526015616,0.12547751033114343,False,False,False,,below_bounded_prescreen
absdiff__detailed__clean__netrtg_std,detailed_efficiency,0.0,1355,1355,-0.0038046080994692953,0.03893488390620381,0.047619047619047616,1.0,0.07757251296405335,0.12404190515734656,False,False,False,,below_bounded_prescreen
seedprior__history_games,prequential_seed_priors,0.0,1355,14,0.009545998317917713,0.0,0.0,1.0,0.0,0.10210011962994191,False,False,False,,below_bounded_prescreen
context__season_centered_2000,matchup_context,0.0,1355,14,0.009409362982365364,0.0,0.0,1.0,0.0,0.10207005985612039,False,True,True,12.0,selected
mean__geography__games_per_distinct_city,geography_and_schedule_dispersion,0.33062730627306275,907,373,-0.005161843193986027,0.023455718322721916,0.0,1.0,0.04157159060680361,0.08428130217146627,False,False,False,,below_bounded_prescreen
