Feature,Block,MissingRate,NonMissingRows,UniqueValues,GlobalCorrelation,MedianAbsoluteSeasonCorrelation,SeasonSignConsistency,SeasonCoverage,SeasonCorrelationIQR,StabilityScore,Mandatory,InPrecorrelationPool,Selected,SelectionRank,ExclusionReason
matchup__seed_diff,matchup_context,0.0,567,25,-0.6196615197196778,0.6216009799958313,1.0,1.0,0.02889019800613235,0.6935383968160829,True,True,True,1.0,selected
diff__adj__net_rtg_a50p0,opponent_adjusted_efficiency,0.0,567,567,0.5383913226109993,0.5515534235315759,1.0,1.0,0.05047771815055746,0.641172625543554,True,True,True,5.0,selected
diff__norm__rating__elo_mov_538__pct,within_season_normalization,0.0,567,338,0.5276089064939756,0.5275242753277876,1.0,1.0,0.016037693742376846,0.6286441038363176,True,True,True,2.0,selected
diff__norm__schedule__opponent_strength_mean__pct,within_season_normalization,0.0,567,442,0.53259275363747,0.5273677443109165,1.0,1.0,0.04460433680979492,0.6285227495970915,True,True,True,4.0,selected
diff__compact__margin_trim02,compact_performance,0.0,567,563,0.49942966835803626,0.5192992181950388,1.0,1.0,0.04429991767656177,0.617366155065324,True,True,True,3.0,selected
diff__rating__margin_ridge_a5p0_z,global_strength_ratings,0.0,567,567,0.6385536098179179,0.6474013106558258,1.0,1.0,0.04354187798598386,0.709492748155299,False,True,True,57.0,selected
diff__rating__margin_ridge_a5p0,global_strength_ratings,0.0,567,567,0.6380234960275025,0.647401309170695,1.0,1.0,0.043541874085158305,0.7093761225645778,False,True,False,,correlation_pruned_or_cap
seedprior__team1_prob_pc2p0,prequential_seed_priors,0.0,567,315,0.6331147071397824,0.6335518351288077,1.0,1.0,0.040033116258666346,0.7017887917822331,False,True,True,60.0,selected
seedprior__team1_prob_pc8p0,prequential_seed_priors,0.0,567,315,0.632972315911265,0.6320800538465287,1.0,1.0,0.0408580752344897,0.7010180123374324,False,True,False,,correlation_pruned_or_cap
diff__seed__number,selection_committee_prior,0.0,567,25,-0.6196615197196778,0.6216009799958313,1.0,1.0,0.02889019800613235,0.6935383968160829,False,True,False,,correlation_pruned_or_cap
diff__seed__strength,selection_committee_prior,0.0,567,25,0.6196615197196778,0.6216009799958313,1.0,1.0,0.02889019800613235,0.6935383968160829,False,True,False,,correlation_pruned_or_cap
diff__norm__rating__margin_ridge_a25p0__z,within_season_normalization,0.0,567,567,0.6076662704174118,0.6161086703959175,1.0,1.0,0.04759752065811984,0.6875148404555462,False,True,False,,correlation_pruned_or_cap
diff__rating__margin_ridge_a25p0_z,global_strength_ratings,0.0,567,567,0.6076662704174118,0.6161086703959175,1.0,1.0,0.04759752065811984,0.6875148404555462,False,True,False,,correlation_pruned_or_cap
diff__rating__margin_ridge_a25p0,global_strength_ratings,0.0,567,567,0.607383304988428,0.6161086709805712,1.0,1.0,0.04759751328854245,0.6874525886365866,False,True,False,,correlation_pruned_or_cap
diff__adj__net_rtg_a10p0_z,opponent_adjusted_efficiency,0.0,567,567,0.6057168996230248,0.61165803774357,1.0,1.0,0.04827900563789289,0.6849224158084632,False,True,True,12.0,selected
diff__norm__adj__net_rtg_a10p0__z,within_season_normalization,0.0,567,567,0.6057168996230248,0.61165803774357,1.0,1.0,0.04827900563789289,0.6849224158084632,False,True,False,,correlation_pruned_or_cap
diff__adj__net_rtg_a10p0,opponent_adjusted_efficiency,0.0,567,567,0.605391812454524,0.6116580402103569,1.0,1.0,0.04827900372938643,0.6848508978917911,False,True,False,,correlation_pruned_or_cap
diff__schedule__quality_wins,schedule_and_accomplishment,0.0,567,44,0.6111904198986435,0.607176512483627,1.0,1.0,0.05619401212060582,0.6836588578850183,False,True,True,69.0,selected
diff__norm__rating__bt_c1p0__z,within_season_normalization,0.0,567,567,0.5932516158972344,0.6117513219352081,1.0,1.0,0.04891868419600143,0.6821992426584514,False,True,True,24.0,selected
diff__rating__bt_c1p0_z,global_strength_ratings,0.0,567,567,0.5932516158972344,0.6117513219352081,1.0,1.0,0.04891868419600143,0.6821992426584514,False,True,False,,correlation_pruned_or_cap
diff__norm__rating__colley__z,within_season_normalization,0.0,567,567,0.6000500620797901,0.6082947882498604,1.0,1.0,0.04665629989362485,0.6821262600217418,False,True,False,,correlation_pruned_or_cap
diff__rating__colley_z,global_strength_ratings,0.0,567,567,0.6000500620797901,0.6082947882498604,1.0,1.0,0.04665629989362485,0.6821262600217418,False,True,False,,correlation_pruned_or_cap
diff__rating__bt_c1p0,global_strength_ratings,0.0,567,567,0.5928050431263234,0.611751321407969,1.0,1.0,0.048918680253518754,0.6821009965534756,False,True,False,,correlation_pruned_or_cap
diff__rating__colley,global_strength_ratings,0.0,567,567,0.5997043926620207,0.6082947863004827,1.0,1.0,0.04665629701048302,0.6820502119294569,False,True,False,,correlation_pruned_or_cap
diff__rating__elo_mov_log_z,dynamic_ratings,0.0,567,567,0.5943891376578877,0.607919852991926,1.0,1.0,0.04361556027060398,0.6808225173100356,False,True,False,,correlation_pruned_or_cap
diff__rating__elo_mov_log,dynamic_ratings,0.0,567,567,0.5943331991542123,0.6079198480456777,1.0,1.0,0.043615555817528406,0.6808102086431509,False,True,False,,correlation_pruned_or_cap
diff__norm__rating__elo_mov_538__z,within_season_normalization,0.0,567,567,0.5940521639529407,0.6064348392957221,1.0,1.0,0.0422227932800987,0.6800912872003896,False,True,True,25.0,selected
diff__rating__elo_mov_538_z,dynamic_ratings,0.0,567,567,0.5940521639529407,0.6064348392957221,1.0,1.0,0.0422227932800987,0.6800912872003896,False,True,False,,correlation_pruned_or_cap
diff__rating__elo_mov_538,dynamic_ratings,0.0,567,567,0.5939952896616861,0.60643483583174,1.0,1.0,0.042222793664513314,0.6800787731782256,False,True,False,,correlation_pruned_or_cap
diff__norm__schedule__quality_win_points_sum__z,within_season_normalization,0.0,567,567,0.6061892668502522,0.6007302111158737,1.0,1.0,0.04814905999513619,0.6797861776428693,False,True,True,26.0,selected
diff__schedule__quality_win_points_sum,schedule_and_accomplishment,0.0,567,567,0.6056157408074255,0.6007302126132338,1.0,1.0,0.048149058009004486,0.6796600027116256,False,True,False,,correlation_pruned_or_cap
diff__schedule__quality_win_points_mean,schedule_and_accomplishment,0.0,567,567,0.6004373889610927,0.5998038472171545,1.0,1.0,0.06206402293162727,0.6775195113184095,False,True,False,,correlation_pruned_or_cap
diff__rating__elo_standard_z,dynamic_ratings,0.0,567,567,0.5680711346591635,0.5879699643236356,1.0,1.0,0.03829680209086861,0.6656693604167263,False,True,False,,correlation_pruned_or_cap
diff__rating__elo_standard,dynamic_ratings,0.0,567,567,0.5679745023696637,0.5879699604554576,1.0,1.0,0.038296802523528295,0.6656480994390045,False,True,False,,correlation_pruned_or_cap
diff__schedule__oowp,schedule_and_accomplishment,0.0,567,567,0.5789080856009396,0.580687244617043,1.0,1.0,0.020528720026736447,0.6652685074473179,False,True,True,70.0,selected
diff__compact__half_marginmean_first,compact_performance,0.0,567,528,0.5792630585305845,0.5796212975308903,1.0,1.0,0.04777267051904455,0.6637451888707941,False,True,True,34.0,selected
diff__norm__schedule__rpi__z,within_season_normalization,0.0,567,567,0.5750839586733185,0.574717443066637,1.0,1.0,0.05354646944756225,0.6602409848022133,False,True,True,27.0,selected
diff__schedule__rpi,schedule_and_accomplishment,0.0,567,567,0.5745886058424295,0.574717441596911,1.0,1.0,0.05354646540178154,0.6601320066357804,False,True,False,,correlation_pruned_or_cap
diff__seed__top4,selection_committee_prior,0.0,567,3,0.5455123948018121,0.5861172822565783,1.0,1.0,0.09091449670068008,0.657712442471529,False,True,True,67.0,selected
diff__rating__elo_mov_log_preseason,dynamic_ratings,0.0,567,567,0.5661503790772952,0.5715964707261767,1.0,1.0,0.03521319549736002,0.6575108615256753,False,True,False,,correlation_pruned_or_cap
diff__rating__elo_mov_538_preseason,dynamic_ratings,0.0,567,567,0.5653181430257526,0.5704898491330834,1.0,1.0,0.03440375052197675,0.6568289690286665,False,True,False,,correlation_pruned_or_cap
diff__rating__bt_c0p25_z,global_strength_ratings,0.0,567,567,0.5508889291825292,0.5754166163650816,1.0,1.0,0.04433042589533975,0.655622323239582,False,True,False,,correlation_pruned_or_cap
diff__rating__bt_c0p25,global_strength_ratings,0.0,567,567,0.5507996590198647,0.5754166173132342,1.0,1.0,0.04433042205389859,0.6556026844125667,False,True,False,,correlation_pruned_or_cap
diff__schedule__top_quartile_games,schedule_and_accomplishment,0.0,567,47,0.5525385726121157,0.5695266060491847,1.0,1.0,0.058334809085433315,0.6525978645148567,False,True,False,,correlation_pruned_or_cap
diff__norm__schedule__opponent_strength_mean__z,within_season_normalization,0.0,567,567,0.5584236752143883,0.5583165448111748,1.0,1.0,0.04551489006335385,0.6490245544539952,False,True,True,28.0,selected
diff__adj__def_rtg_a10p0,opponent_adjusted_efficiency,0.0,567,567,-0.5372622352014664,0.5698830559053356,1.0,1.0,0.06818971567246401,0.649013969951985,False,True,True,13.0,selected
diff__schedule__opponent_strength_mean,schedule_and_accomplishment,0.0,567,567,0.5579589128052118,0.558316542635078,1.0,1.0,0.0455148915402902,0.6489223056203723,False,True,False,,correlation_pruned_or_cap
diff__adj__off_rtg_a10p0,opponent_adjusted_efficiency,0.0,567,567,0.557834058153007,0.5554970815936456,1.0,1.0,0.07355961590049687,0.6464197073225916,False,True,True,14.0,selected
diff__rating__pagerank_binary_z,global_strength_ratings,0.0,567,567,0.5257568306480045,0.5686827731603198,1.0,1.0,0.07056506136384999,0.6458116314049605,False,True,False,,correlation_pruned_or_cap
diff__schedule__elite_wins,schedule_and_accomplishment,0.0,567,30,0.5467174115473538,0.5626348873066302,1.0,1.0,0.12510742810521647,0.6453382793233916,False,True,False,,correlation_pruned_or_cap
diff__norm__rating__pagerank_margin__pct,within_season_normalization,0.0,567,381,0.5513998432981781,0.5503978313971345,1.0,1.0,0.019444023668609867,0.6447211636494793,False,True,True,29.0,selected
diff__rating__pagerank_margin_percentile,global_strength_ratings,0.0,567,381,0.5513998432981781,0.5503978313971345,1.0,1.0,0.019444023668609867,0.6447211636494793,False,True,False,,correlation_pruned_or_cap
matchup__team1_seed,matchup_context,0.0,567,16,-0.5388584222108949,0.5557034578770523,1.0,1.0,0.04284649416394415,0.6435726529008242,False,True,True,6.0,selected
diff__rating__margin_ridge_a5p0_percentile,global_strength_ratings,0.0,567,355,0.5471056502480987,0.5494595567202399,1.0,1.0,0.03279963694745547,0.6427918448023986,False,True,True,58.0,selected
diff__rating__pagerank_binary_percentile,global_strength_ratings,0.0,567,377,0.5467125004288681,0.547110669600837,1.0,1.0,0.01921662413993397,0.6421212065371554,False,True,False,,correlation_pruned_or_cap
diff__adj__net_rtg_a50p0_z,opponent_adjusted_efficiency,0.0,567,567,0.5386135494018285,0.5515534243810637,1.0,1.0,0.05047771982320548,0.6412215157783846,False,True,False,,correlation_pruned_or_cap
diff__norm__adj__net_rtg_a50p0__z,within_season_normalization,0.0,567,567,0.5386135494018285,0.5515534243810637,1.0,1.0,0.05047771982320548,0.6412215157783846,False,True,False,,correlation_pruned_or_cap
diff__rating__elo_standard_preseason,dynamic_ratings,0.0,567,567,0.5396160713297378,0.5481842822818681,1.0,1.0,0.016270557356895976,0.6411931688935631,False,True,False,,correlation_pruned_or_cap
diff__norm__rating__pagerank_margin__z,within_season_normalization,0.0,567,567,0.5258570926231563,0.5577934155887276,1.0,1.0,0.07468889743338625,0.6404418439623482,False,True,True,30.0,selected
diff__rating__pagerank_margin_z,global_strength_ratings,0.0,567,567,0.5258570926231563,0.5577934155887276,1.0,1.0,0.07468889743338625,0.6404418439623482,False,True,False,,correlation_pruned_or_cap
matchup__team1_is_seed_favorite,matchup_context,0.0,567,2,0.5470451388404208,0.5485061953007546,1.0,1.0,0.08856755968635499,0.6400902019018005,False,True,True,7.0,selected
diff__rating__pagerank_binary,global_strength_ratings,0.0,567,567,0.4778458940356865,0.5686827679060364,1.0,1.0,0.07056506594666889,0.6352712226448818,False,True,True,59.0,selected
diff__compact__half_pointsformean_first,compact_performance,0.0,567,523,0.5217788366721098,0.55293614993968,1.0,1.0,0.1286473294517107,0.635054802860842,False,True,True,35.0,selected
diff__schedule__opponent_strength_pct_mean,schedule_and_accomplishment,0.0,567,567,0.544568308506062,0.533883365717105,1.0,1.0,0.05265271090297896,0.6339629349794249,False,True,False,,correlation_pruned_or_cap
diff__schedule__opponent_strength_median,schedule_and_accomplishment,0.0,567,565,0.5289400583874262,0.5366180036739401,1.0,1.0,0.033300822662392204,0.6326114217022293,False,True,False,,correlation_pruned_or_cap
diff__rating__pagerank_margin,global_strength_ratings,0.0,567,567,0.4777483131688356,0.5577934210448173,1.0,1.0,0.07468889759685426,0.6298579150947821,False,True,False,,correlation_pruned_or_cap
diff__norm__rating__margin_ridge_a25p0__pct,within_season_normalization,0.0,567,341,0.5273335886807514,0.5302585320975491,1.0,1.0,0.023059901682188966,0.6296150888493013,False,True,False,,correlation_pruned_or_cap
diff__rating__margin_ridge_a25p0_percentile,global_strength_ratings,0.0,567,341,0.5273335886807514,0.5302585320975491,1.0,1.0,0.023059901682188966,0.6296150888493013,False,True,False,,correlation_pruned_or_cap
diff__rating__elo_season_reset_mov,dynamic_ratings,0.0,567,567,0.5099950674926443,0.538800500702633,1.0,1.0,0.05144791931844295,0.6287652384129079,False,True,False,,correlation_pruned_or_cap
diff__rating__elo_season_reset_mov_delta,dynamic_ratings,0.0,567,567,0.5099950674926443,0.538800500702633,1.0,1.0,0.05144791931844295,0.6287652384129079,False,False,False,,below_bounded_prescreen
diff__rating__elo_season_reset_mov_z,dynamic_ratings,0.0,567,567,0.5097232781594588,0.5388005008409923,1.0,1.0,0.051447918238109236,0.6287054448692329,False,False,False,,below_bounded_prescreen
diff__rating__elo_mov_538_percentile,dynamic_ratings,0.0,567,338,0.5276089064939756,0.5275242753277876,1.0,1.0,0.016037693742376846,0.6286441038363176,False,False,False,,below_bounded_prescreen
diff__rating__elo_mov_log_percentile,dynamic_ratings,0.0,567,347,0.5273384291414984,0.5271751457234425,1.0,1.0,0.018265663527640474,0.6283278978172764,False,False,False,,below_bounded_prescreen
diff__adj__net_rtg_a10p0_percentile,opponent_adjusted_efficiency,0.0,567,333,0.5266861198853819,0.526942726794538,1.0,1.0,0.029272093061816218,0.6276325715136896,False,True,True,15.0,selected
diff__norm__adj__net_rtg_a10p0__pct,within_season_normalization,0.0,567,333,0.5266861198853819,0.526942726794538,1.0,1.0,0.029272093061816218,0.6276325715136896,False,True,False,,correlation_pruned_or_cap
diff__norm__rating__colley__pct,within_season_normalization,0.0,567,346,0.5310740397110525,0.5258023960018435,1.0,1.0,0.04344517606904541,0.6274836317745546,False,True,True,31.0,selected
diff__rating__colley_percentile,global_strength_ratings,0.0,567,346,0.5310740397110525,0.5258023960018435,1.0,1.0,0.04344517606904541,0.6274836317745546,False,True,False,,correlation_pruned_or_cap
diff__norm__schedule__quality_win_points_sum__pct,within_season_normalization,0.0,567,344,0.5277268343416419,0.5262700374418027,1.0,1.0,0.04590125258920963,0.6268734714236581,False,True,True,32.0,selected
diff__norm__schedule__rpi__pct,within_season_normalization,0.0,567,355,0.5146698893812793,0.5275441306533383,1.0,1.0,0.05571395938280033,0.6242200000021718,False,True,True,33.0,selected
diff__compact__margin_q90,compact_performance,0.0,567,346,0.5210071708624333,0.5189421875415065,1.0,1.0,0.04818752024303408,0.6217863267999371,False,True,True,36.0,selected
diff__norm__rating__bt_c1p0__pct,within_season_normalization,0.0,567,337,0.5240702680276372,0.5170948280995954,1.0,1.0,0.043433194262950336,0.6217636486833679,False,False,False,,below_bounded_prescreen
diff__rating__bt_c1p0_percentile,global_strength_ratings,0.0,567,337,0.5240702680276372,0.5170948280995954,1.0,1.0,0.043433194262950336,0.6217636486833679,False,True,False,,correlation_pruned_or_cap
diff__conference__strength_percentile,conference_context,0.0,567,108,0.5179063484055257,0.5186364461042698,1.0,1.0,0.030301327289006807,0.6216728376877049,False,False,False,,below_bounded_prescreen
diff__norm__conference__strength_mean__pct,within_season_normalization,0.0,567,403,0.5186913916201941,0.5168638882182119,1.0,1.0,0.027124702017469637,0.6211217844204856,False,False,False,,below_bounded_prescreen
diff__norm__conference__strength_mean__z,within_season_normalization,0.0,567,473,0.5150855098670237,0.5191880970526832,1.0,1.0,0.062115764137388396,0.6200444681905376,False,False,False,,below_bounded_prescreen
diff__conference__strength_mean,conference_context,0.0,567,473,0.5150128746125214,0.5191880937996256,1.0,1.0,0.06211576666003232,0.6200284867721737,False,False,False,,below_bounded_prescreen
diff__conference__strength_max,conference_context,0.0,567,473,0.5066309017743248,0.5196795426155166,1.0,1.0,0.041563718647200654,0.6192424300999114,False,False,False,,below_bounded_prescreen
diff__schedule__owp,schedule_and_accomplishment,0.0,567,567,0.5272690626021449,0.514705362286777,1.0,1.0,0.10140971316636666,0.6190013791434701,False,True,False,,correlation_pruned_or_cap
diff__norm__compact__margin_mean__z,within_season_normalization,0.0,567,567,0.49966310147000725,0.5192992193413849,1.0,1.0,0.04429991583423565,0.6174175109738969,False,False,False,,below_bounded_prescreen
diff__norm__compact__margin_trim02__z,within_season_normalization,0.0,567,567,0.49966310147000725,0.5192992193413849,1.0,1.0,0.04429991583423565,0.6174175109738969,False,False,False,,below_bounded_prescreen
diff__compact__margin_mean,compact_performance,0.0,567,563,0.49942966835803626,0.5192992181950388,1.0,1.0,0.04429991767656177,0.617366155065324,False,True,False,,correlation_pruned_or_cap
diff__compact__upside_tail_mean,compact_performance,0.0,567,559,0.5059074400195491,0.5149923190699246,1.0,1.0,0.0482224812858601,0.6165670507064303,False,True,False,,correlation_pruned_or_cap
diff__prior__program_win_pct_smoothed,prior_program_history,0.0,567,464,0.5062806202113593,0.511545666428512,1.0,1.0,0.0628953633765637,0.6144078417971223,False,False,False,,below_bounded_prescreen
diff__compact__margin_winsor02,compact_performance,0.0,567,567,0.4962932904917421,0.5115826359728931,1.0,1.0,0.0405586106425585,0.6131218447494696,False,True,False,,correlation_pruned_or_cap
diff__detailed__all__fourfactoredge_mean,detailed_efficiency,0.0,567,567,0.4883419755003296,0.5133837122306464,1.0,1.0,0.04916968380022374,0.6118926291287738,False,False,False,,below_bounded_prescreen
diff__norm__detailed__all__net_rtg_ros__z,within_season_normalization,0.0,567,567,0.48913925162396726,0.5109750350655072,1.0,1.0,0.026505141548336053,0.6118184465267829,False,False,False,,below_bounded_prescreen
diff__norm__detailed__clean__net_rtg_ros__z,within_season_normalization,0.0,567,567,0.48882731904075827,0.5109773270655782,1.0,1.0,0.024893223704064438,0.6118153982322817,False,False,False,,below_bounded_prescreen
diff__detailed__all__net_rtg_ros,detailed_efficiency,0.0,567,567,0.4889473926894975,0.5109750371358963,1.0,1.0,0.02650514457005082,0.6117762384341175,False,False,False,,below_bounded_prescreen
diff__detailed__clean__net_rtg_ros,detailed_efficiency,0.0,567,567,0.488600412838954,0.5109773268925688,1.0,1.0,0.024893234019283728,0.6117654783722316,False,False,False,,below_bounded_prescreen
diff__rating__elo_standard_percentile,dynamic_ratings,0.0,567,351,0.5018858772995098,0.5039549376851006,1.0,1.0,0.034005136707953076,0.6109530576264223,False,False,False,,below_bounded_prescreen
diff__detailed__clean__fourfactoredge_mean,detailed_efficiency,0.0,567,567,0.4880032031473459,0.5118686610592071,1.0,1.0,0.052745124987886194,0.6109478570013201,False,False,False,,below_bounded_prescreen
diff__adj__off_rtg_a50p0,opponent_adjusted_efficiency,0.0,567,567,0.498001803345889,0.5076854079261836,1.0,1.0,0.07023188155344351,0.610440117278526,False,True,False,,correlation_pruned_or_cap
diff__seed__top8,selection_committee_prior,0.0,567,3,0.5031696052190157,0.5016516837056424,1.0,1.0,0.05740659030226175,0.6091938577148013,False,True,True,68.0,selected
diff__schedule__top_decile_games,schedule_and_accomplishment,0.0,567,31,0.5129663015049617,0.5000355229149923,1.0,1.0,0.10259949437588972,0.6087656575552522,False,True,False,,correlation_pruned_or_cap
diff__detailed__poss0p44__net_rtg_mean,detailed_efficiency,0.0,567,567,0.4833156474617707,0.5031190372259091,1.0,1.0,0.034382729618194385,0.6064512711252982,False,False,False,,below_bounded_prescreen
diff__detailed__clean__netrtg_mean,detailed_efficiency,0.0,567,567,0.4829068466467122,0.5029793878297851,1.0,1.0,0.03194678599104689,0.6063917409809316,False,False,False,,below_bounded_prescreen
diff__detailed__clean__netrtg_trim02,detailed_efficiency,0.0,567,567,0.4829068466467122,0.5029793878297851,1.0,1.0,0.03194678599104689,0.6063917409809316,False,False,False,,below_bounded_prescreen
diff__detailed__all__netrtg_mean,detailed_efficiency,0.0,567,567,0.4832157439337577,0.5028671439652986,1.0,1.0,0.03407869293211513,0.6063205450514854,False,False,False,,below_bounded_prescreen
diff__detailed__all__netrtg_trim02,detailed_efficiency,0.0,567,567,0.4832157439337577,0.5028671439652986,1.0,1.0,0.03407869293211513,0.6063205450514854,False,False,False,,below_bounded_prescreen
diff__detailed__poss0p475__net_rtg_mean,detailed_efficiency,0.0,567,567,0.4832157439337577,0.5028671439652986,1.0,1.0,0.03407869293211513,0.6063205450514854,False,False,False,,below_bounded_prescreen
diff__schedule__bad_loss_penalty_sum,schedule_and_accomplishment,0.0,567,567,-0.5001614139307761,0.49360581772813905,1.0,1.0,0.034354031478394886,0.6055921423151417,False,True,False,,correlation_pruned_or_cap
diff__compact__margin_q75,compact_performance,0.0,567,187,0.49084785680663556,0.4900843738875617,1.0,1.0,0.020257484938687453,0.602416728565942,False,True,True,37.0,selected
diff__rating__bt_c0p25_percentile,global_strength_ratings,0.0,567,358,0.4921266861504198,0.49169894831236993,1.0,1.0,0.053528868074730174,0.6021422114200407,False,False,False,,below_bounded_prescreen
diff__detailed__all__fourfactorcomposite_mean,detailed_efficiency,0.0,567,567,0.4880556203008655,0.4944072418555373,1.0,1.0,0.07170213254379043,0.6018196272550966,False,False,False,,below_bounded_prescreen
diff__detailed__clean__fourfactorcomposite_mean,detailed_efficiency,0.0,567,567,0.48837011860093704,0.49283729803762716,1.0,1.0,0.07239891766428797,0.6011073724436956,False,False,False,,below_bounded_prescreen
diff__detailed__clean__fourfactorcomposite_median,detailed_efficiency,0.0,567,567,0.4691039299727716,0.49817348101380904,1.0,1.0,0.05749825297414285,0.6000262053616724,False,False,False,,below_bounded_prescreen
diff__detailed__clean__fg_pct_ros,detailed_efficiency,0.0,567,567,0.461776024753178,0.5020075052136634,1.0,1.0,0.0766401273564607,0.5994887228539991,False,False,False,,below_bounded_prescreen
diff__detailed__all__fg_pct_ros,detailed_efficiency,0.0,567,567,0.4614011064258179,0.5021080202139022,1.0,1.0,0.07942895650414733,0.5993429348561872,False,False,False,,below_bounded_prescreen
diff__compact__home_margin_mean,compact_performance,0.024691358024691357,553,545,0.5070818641107404,0.4870807103517404,1.0,1.0,0.1046127022335096,0.5991969343418827,False,True,True,38.0,selected
diff__detailed__all__fourfactorcomposite_median,detailed_efficiency,0.0,567,567,0.4692362111509501,0.4958878455658671,1.0,1.0,0.05341868822654977,0.5991213847957632,False,False,False,,below_bounded_prescreen
diff__detailed__clean__fgpct_mean,detailed_efficiency,0.0,567,567,0.46139909478583535,0.4984187329204397,1.0,1.0,0.08483754537671007,0.5973552908396265,False,False,False,,below_bounded_prescreen
diff__compact__half_winpct_first,compact_performance,0.0,567,214,0.4834499110843937,0.48613960182527877,1.0,1.0,0.059851034366929234,0.5973119479400233,False,True,True,39.0,selected
diff__detailed__all__fgpct_mean,detailed_efficiency,0.0,567,567,0.46100897438749117,0.4984383585013423,1.0,1.0,0.0877563294869349,0.597162133266415,False,False,False,,below_bounded_prescreen
matchup__team2_seed,matchup_context,0.0,567,16,0.48485526142146856,0.48325835600045336,1.0,1.0,0.06463166832052342,0.5960469016601198,False,True,True,8.0,selected
diff__detailed__home__net_rtg_mean,detailed_efficiency,0.024691358024691357,553,553,0.4903358720834334,0.47915434951223,1.0,1.0,0.09404184277491567,0.5921309972712538,False,False,False,,below_bounded_prescreen
diff__adj__net_rtg_a50p0_percentile,opponent_adjusted_efficiency,0.0,567,344,0.471798839047714,0.4720202125584492,1.0,1.0,0.030324936155227245,0.5891524491723437,False,True,True,16.0,selected
diff__norm__adj__net_rtg_a50p0__pct,within_season_normalization,0.0,567,344,0.471798839047714,0.4720202125584492,1.0,1.0,0.030324936155227245,0.5891524491723437,False,False,False,,below_bounded_prescreen
diff__conference__strength_median,conference_context,0.0,567,473,0.47001149622380933,0.4682777901778511,1.0,1.0,0.04415388796891262,0.5864097129358501,False,False,False,,below_bounded_prescreen
diff__compact__blowout_win20_rate,compact_performance,0.0,567,470,0.4725342942043738,0.4674879397148373,1.0,1.0,0.05143196337265871,0.5862944772531778,False,True,True,40.0,selected
diff__compact__pythag_exp8p0,compact_performance,0.0,567,567,0.4653039475671675,0.4675721200565309,1.0,1.0,0.0355458642678525,0.5853796515211975,False,True,True,41.0,selected
diff__detailed__all__off_rtg_ros,detailed_efficiency,0.0,567,567,0.4603283637088,0.4713914161682138,1.0,1.0,0.05698103813172767,0.5852608782514095,False,False,False,,below_bounded_prescreen
diff__detailed__clean__off_rtg_ros,detailed_efficiency,0.0,567,567,0.4605178154215938,0.4711847079946203,1.0,1.0,0.055787952638083615,0.585251061124645,False,False,False,,below_bounded_prescreen
interaction__strength_gap_squared_signed,matchup_interactions,0.0,567,567,0.47290473731321375,0.46251493532104193,1.0,1.0,0.052357710722672146,0.5839519027341002,False,False,False,,below_bounded_prescreen
diff__detailed__poss0p44__off_rtg_mean,detailed_efficiency,0.0,567,567,0.45740129812777414,0.46793269250964875,1.0,1.0,0.06734326326230605,0.5825422474622494,False,False,False,,below_bounded_prescreen
diff__detailed__clean__offrtg_mean,detailed_efficiency,0.0,567,567,0.4575732074127697,0.46609218280853265,1.0,1.0,0.06647412298865285,0.5817313884593589,False,False,False,,below_bounded_prescreen
diff__detailed__clean__offrtg_trim02,detailed_efficiency,0.0,567,567,0.4575732074127697,0.46609218280853265,1.0,1.0,0.06647412298865285,0.5817313884593589,False,False,False,,below_bounded_prescreen
diff__detailed__all__offrtg_mean,detailed_efficiency,0.0,567,567,0.45731228556108566,0.46630277248917834,1.0,1.0,0.06764657835265131,0.5817281704841384,False,False,False,,below_bounded_prescreen
diff__detailed__all__offrtg_trim02,detailed_efficiency,0.0,567,567,0.45731228556108566,0.46630277248917834,1.0,1.0,0.06764657835265131,0.5817281704841384,False,False,False,,below_bounded_prescreen
diff__detailed__poss0p475__off_rtg_mean,detailed_efficiency,0.0,567,567,0.45731228556108566,0.46630277248917834,1.0,1.0,0.06764657835265131,0.5817281704841384,False,False,False,,below_bounded_prescreen
diff__rating__elo_season_reset_mov_percentile,dynamic_ratings,0.0,567,352,0.4433681884790817,0.46693630181930573,1.0,1.0,0.04143599120276792,0.580012986690554,False,False,False,,below_bounded_prescreen
diff__adj__def_rtg_a50p0,opponent_adjusted_efficiency,0.0,567,567,-0.4389718140165775,0.4704530896977705,1.0,1.0,0.08456415943200513,0.5790087157612966,False,True,True,17.0,selected
diff__detailed__ewm_h20__fourfactoredge,detailed_efficiency,0.0,567,567,0.4537021726523816,0.4552311636228426,1.0,1.0,0.036796738406906504,0.576853566986212,False,False,False,,below_bounded_prescreen
diff__detailed__all__offrtg_median,detailed_efficiency,0.0,567,567,0.4374674802392989,0.46148990572572957,1.0,1.0,0.052539388219698,0.575656424872208,False,False,False,,below_bounded_prescreen
diff__compact__ewm_h20_margin,compact_performance,0.0,567,567,0.45724170275857773,0.45389209472019154,1.0,1.0,0.07516829728412666,0.5754546481812141,False,True,True,42.0,selected
diff__detailed__all__fgpct_median,detailed_efficiency,0.0,567,561,0.438946310351785,0.45907672194772725,1.0,1.0,0.052166081066934766,0.5748383715696244,False,False,False,,below_bounded_prescreen
diff__compact__pythag_exp10p0,compact_performance,0.0,567,567,0.4498474709408782,0.4526548999964554,1.0,1.0,0.03819385422223798,0.5747130414364022,False,True,False,,correlation_pruned_or_cap
diff__detailed__clean__fgpct_median,detailed_efficiency,0.0,567,561,0.4392125270030019,0.4585470316520223,1.0,1.0,0.05611119011761134,0.5744848835289267,False,False,False,,below_bounded_prescreen
diff__detailed__ewm_h20__netrtg,detailed_efficiency,0.0,567,567,0.45146037561596897,0.45329406837564773,1.0,1.0,0.06404617452957129,0.5743405884746412,False,False,False,,below_bounded_prescreen
diff__detailed__clean__offrtg_median,detailed_efficiency,0.0,567,567,0.43719212205491226,0.45876723589430285,1.0,1.0,0.05289926720082483,0.574274569393313,False,False,False,,below_bounded_prescreen
diff__compact__points_for_mean,compact_performance,0.0,567,561,0.446009642857833,0.45117633064330764,1.0,1.0,0.08200023801366052,0.5714067506169646,False,True,True,43.0,selected
diff__prior__program_tournament_games,prior_program_history,0.0,567,150,0.4538162629188947,0.44606572902456476,1.0,1.0,0.09847343217101562,0.5700121904871073,False,False,False,,below_bounded_prescreen
diff__prior__program_tournament_wins,prior_program_history,0.0,567,132,0.4451153019033585,0.4457408276610701,1.0,1.0,0.09451441511833719,0.5681003870913189,False,False,False,,below_bounded_prescreen
diff__detailed__all__fourfactoredge_median,detailed_efficiency,0.0,567,567,0.4346977029044329,0.4477126487277404,1.0,1.0,0.07531555114406557,0.567522943982528,False,False,False,,below_bounded_prescreen
diff__compact__pythag_exp11p5,compact_performance,0.0,567,567,0.43764088914268123,0.44361598406638175,1.0,1.0,0.04347761163464542,0.5674775634978673,False,True,False,,correlation_pruned_or_cap
diff__detailed__clean__fourfactoredge_median,detailed_efficiency,0.0,567,567,0.4347066347214859,0.4450979124142983,1.0,1.0,0.07688799304500171,0.56620693787579,False,False,False,,below_bounded_prescreen
diff__compact__margin_median,compact_performance,0.0,567,101,0.43130158242013705,0.439637063737219,1.0,1.0,0.061134324114705374,0.563466765761707,False,True,True,44.0,selected
diff__compact__rest_days_mean,compact_performance,0.0,567,399,-0.4239708326518069,0.436802164028193,1.0,1.0,0.045574658626800546,0.5611156355718581,False,True,True,45.0,selected
diff__detailed__clean__netrtg_median,detailed_efficiency,0.0,567,567,0.4216253794500688,0.4354488339243752,1.0,1.0,0.04341579926607353,0.5600363917920723,False,False,False,,below_bounded_prescreen
diff__norm__detailed__clean__net_rtg_ros__pct,within_season_normalization,0.0,567,362,0.4192561595727834,0.435649167554711,1.0,1.0,0.04694294263980803,0.5594702378266813,False,False,False,,below_bounded_prescreen
diff__norm__compact__margin_mean__pct,within_season_normalization,0.0,567,384,0.42659697211507647,0.43050976572742417,1.0,1.0,0.03278303719035075,0.5591846999268664,False,False,False,,below_bounded_prescreen
diff__norm__compact__margin_trim02__pct,within_season_normalization,0.0,567,384,0.42659697211507647,0.43050976572742417,1.0,1.0,0.03278303719035075,0.5591846999268664,False,False,False,,below_bounded_prescreen
diff__detailed__all__netrtg_median,detailed_efficiency,0.0,567,567,0.42175429330949515,0.4328673701644679,1.0,1.0,0.04660362754988351,0.5586981371050381,False,False,False,,below_bounded_prescreen
diff__compact__blowout_win10_rate,compact_performance,0.0,567,453,0.4270565083548778,0.432980070393325,1.0,1.0,0.07871106189791544,0.5586344231509525,False,True,True,46.0,selected
diff__norm__detailed__all__net_rtg_ros__pct,within_season_normalization,0.0,567,352,0.42038200152994487,0.43070172099144577,1.0,1.0,0.04320803303866122,0.5574925450909354,False,False,False,,below_bounded_prescreen
diff__compact__margin_q25,compact_performance,0.0,567,188,0.40253318078787,0.4390237693429206,1.0,1.0,0.08384988870666732,0.5559347135096666,False,True,True,47.0,selected
diff__compact__wins,compact_performance,0.0,567,34,0.40970862833140487,0.4338603051530123,1.0,1.0,0.0625465273970191,0.5558869836104742,False,True,True,48.0,selected
diff__compact__pythag_exp13p91,compact_performance,0.0,567,567,0.4177886152326755,0.4266997283011145,1.0,1.0,0.047545986222119196,0.5548275254868388,False,True,True,49.0,selected
diff__detailed__home__off_rtg_mean,detailed_efficiency,0.024691358024691357,553,553,0.43852512605496613,0.41918135948187313,1.0,1.0,0.0634530101939696,0.5531691512336575,False,False,False,,below_bounded_prescreen
diff__detailed__ewm_h20__offrtg,detailed_efficiency,0.0,567,567,0.4192562285863457,0.42222593601818226,1.0,1.0,0.05671073962321449,0.552636389992795,False,False,False,,below_bounded_prescreen
diff__prior__program_appearances,prior_program_history,0.0,567,37,0.4209083747069337,0.41852596992984054,1.0,1.0,0.09401935592353677,0.5497315337649075,False,False,False,,below_bounded_prescreen
diff__compact__ewm_h10_margin,compact_performance,0.0,567,567,0.41475699806718513,0.4174242569564244,1.0,1.0,0.06428161667892085,0.5490389182467076,False,True,True,50.0,selected
diff__detailed__all__fg2pct_mean,detailed_efficiency,0.0,567,567,0.4160962040308064,0.4137365621263942,1.0,1.0,0.04458152401101545,0.548351453747006,False,False,False,,below_bounded_prescreen
diff__detailed__clean__fg2pct_mean,detailed_efficiency,0.0,567,567,0.41618165650031475,0.41333253372022344,1.0,1.0,0.044291955844525444,0.5481879023819954,False,False,False,,below_bounded_prescreen
diff__detailed__away__off_rtg_mean,detailed_efficiency,0.0,567,567,0.39583948394097257,0.4260903295486882,1.0,1.0,0.08593121398746456,0.5481707960908857,False,False,False,,below_bounded_prescreen
diff__compact__ewm_h20_points_for,compact_performance,0.0,567,567,0.4161961580695946,0.4112952716537364,1.0,1.0,0.03409690300419688,0.5476210090489364,False,True,True,51.0,selected
diff__detailed__ewm_h10__fourfactoredge,detailed_efficiency,0.0,567,567,0.4092411067549817,0.41397571264382854,1.0,1.0,0.03688295502497202,0.5472660673541347,False,False,False,,below_bounded_prescreen
diff__detailed__ewm_h10__offrtg,detailed_efficiency,0.0,567,567,0.3880879482847484,0.4189705329735012,1.0,1.0,0.05433196525438683,0.5443119258397497,False,False,False,,below_bounded_prescreen
diff__compact__margin_q10,compact_performance,0.0,567,321,0.38320526624514706,0.40898001138013046,1.0,1.0,0.039821448315025154,0.539022706103794,False,True,True,52.0,selected
diff__norm__compact__win_pct__z,within_season_normalization,0.0,567,530,0.3753644801755596,0.4105147544936138,1.0,1.0,0.01678102887991384,0.5389560266403611,False,False,False,,below_bounded_prescreen
diff__detailed__ewm_h10__netrtg,detailed_efficiency,0.0,567,567,0.39911484790494217,0.40344636285504565,1.0,1.0,0.06285484706861283,0.5389453268267647,False,False,False,,below_bounded_prescreen
diff__compact__win_pct,compact_performance,0.0,567,431,0.375246932731076,0.4105147522434745,1.0,1.0,0.01678102734055148,0.5389301651840824,False,True,True,53.0,selected
diff__schedule__wp,schedule_and_accomplishment,0.0,567,431,0.375246932731076,0.4105147522434745,1.0,1.0,0.01678102734055148,0.5389301651840824,False,True,False,,correlation_pruned_or_cap
diff__compact__downside_tail_mean,compact_performance,0.0,567,536,-0.3723174331398347,0.4111733250144812,1.0,1.0,0.05862100775136603,0.5369281909876599,False,True,True,54.0,selected
diff__detailed__clean__fg2pct_median,detailed_efficiency,0.0,567,559,0.3886210038080952,0.4034626189771874,1.0,1.0,0.07317148439281546,0.5362318185711183,False,False,False,,below_bounded_prescreen
diff__detailed__all__fg2pct_median,detailed_efficiency,0.0,567,558,0.3875220753228404,0.404129271294023,1.0,1.0,0.07794166981314193,0.5361192399996302,False,False,False,,below_bounded_prescreen
diff__detailed__clean__efg_ros,detailed_efficiency,0.0,567,567,0.3873813878633949,0.3973835148388534,1.0,1.0,0.056982952348296256,0.5336886743586646,False,False,False,,below_bounded_prescreen
diff__norm__detailed__all__efg_ros__z,within_season_normalization,0.0,567,567,0.38694504230481247,0.3969432620208662,1.0,1.0,0.05848261293842455,0.5333213705595375,False,False,False,,below_bounded_prescreen
diff__detailed__all__efg_ros,detailed_efficiency,0.0,567,567,0.38689558891795117,0.3969432606836562,1.0,1.0,0.0584826192720197,0.5333104899192235,False,False,False,,below_bounded_prescreen
diff__detailed__clean__efg_mean,detailed_efficiency,0.0,567,567,0.3865859564075904,0.39556022924629297,1.0,1.0,0.0705187716699836,0.5320970695810912,False,False,False,,below_bounded_prescreen
diff__detailed__clean__efg_trim02,detailed_efficiency,0.0,567,567,0.3865859564075904,0.39556022924629297,1.0,1.0,0.0705187716699836,0.5320970695810912,False,False,False,,below_bounded_prescreen
diff__compact__away_margin_mean,compact_performance,0.0,567,556,0.3825894552905078,0.3959069692193655,1.0,1.0,0.0632295164545954,0.5316758447310233,False,True,True,55.0,selected
diff__detailed__all__efg_mean,detailed_efficiency,0.0,567,567,0.3861105518423538,0.3950819823404694,1.0,1.0,0.0733823234760751,0.5316483799897,False,False,False,,below_bounded_prescreen
diff__detailed__all__efg_trim02,detailed_efficiency,0.0,567,567,0.3861105518423538,0.3950819823404694,1.0,1.0,0.0733823234760751,0.5316483799897,False,False,False,,below_bounded_prescreen
diff__compact__ewm_h10_points_for,compact_performance,0.0,567,567,0.38392545222688923,0.393265003256876,1.0,1.0,0.062439963871494586,0.5307332024983563,False,True,True,56.0,selected
diff__detailed__all__rebound_share_ros,detailed_efficiency,0.0,567,567,0.3826426411541417,0.39494413624476743,1.0,1.0,0.08702580353491013,0.5302735343100031,False,False,False,,below_bounded_prescreen
diff__detailed__clean__rebound_share_ros,detailed_efficiency,0.0,567,567,0.38257753210659223,0.39484514959044603,1.0,1.0,0.0861685456297901,0.5302459870416728,False,False,False,,below_bounded_prescreen
diff__detailed__all__reboundshare_mean,detailed_efficiency,0.0,567,567,0.38249222859502363,0.39418429086303064,1.0,1.0,0.08533161293887354,0.5299434853876049,False,False,False,,below_bounded_prescreen
diff__detailed__clean__reboundshare_mean,detailed_efficiency,0.0,567,567,0.38248667395958225,0.3940396556844532,1.0,1.0,0.08461316458353518,0.5299015764163042,False,False,False,,below_bounded_prescreen
diff__compact__losses,compact_performance,0.0,567,30,-0.3647851469245897,0.39720707490213664,1.0,1.0,0.026739843925441042,0.5298425345194177,False,True,False,,correlation_pruned_or_cap
diff__detailed__away__net_rtg_mean,detailed_efficiency,0.0,567,567,0.37829211243976435,0.39090592227171594,1.0,1.0,0.046848660240184525,0.5289851610175644,False,False,False,,below_bounded_prescreen
diff__detailed__ewm_h20__efg,detailed_efficiency,0.0,567,567,0.37144979178358045,0.39274783341631603,1.0,1.0,0.06327396021473608,0.5277069558236299,False,False,False,,below_bounded_prescreen
diff__prior__program_final_appearances,prior_program_history,0.0,567,19,0.38107349587744976,0.3892113453980221,1.0,1.0,0.09597058340063896,0.526818791548064,False,False,False,,below_bounded_prescreen
diff__detailed__clean__oppfourfactorcomposite_mean,detailed_efficiency,0.0,567,567,-0.3697876792139319,0.39076411819999046,1.0,1.0,0.09110851030389006,0.5252757257509049,False,False,False,,below_bounded_prescreen
diff__detailed__all__oppfourfactorcomposite_mean,detailed_efficiency,0.0,567,567,-0.37076656943200154,0.3897995535721381,1.0,1.0,0.08915024130458771,0.5251064213374831,False,False,False,,below_bounded_prescreen
diff__compact__margin_slope,compact_performance,0.0,567,567,-0.39273896547248566,0.376720575711082,1.0,1.0,0.06866477273578037,0.524481857835835,False,False,False,,below_bounded_prescreen
diff__detailed__clean__efg_median,detailed_efficiency,0.0,567,563,0.3787855904262077,0.3852527753040551,1.0,1.0,0.097032247099611,0.5243728721557277,False,False,False,,below_bounded_prescreen
diff__detailed__clean__trueshootingpct_mean,detailed_efficiency,0.0,567,567,0.3815706399595006,0.38293106051996634,1.0,1.0,0.0882801565106568,0.5242212435802477,False,False,False,,below_bounded_prescreen
diff__detailed__all__trueshootingpct_mean,detailed_efficiency,0.0,567,567,0.3811566498563223,0.3824700387674405,1.0,1.0,0.08786362141211773,0.5239255367202776,False,False,False,,below_bounded_prescreen
diff__detailed__clean__true_shooting_ros,detailed_efficiency,0.0,567,567,0.38241001393737273,0.3793533572757606,1.0,1.0,0.08145559308340539,0.5229615908352508,False,False,False,,below_bounded_prescreen
diff__detailed__all__true_shooting_ros,detailed_efficiency,0.0,567,567,0.3819797472670387,0.37888296822434137,1.0,1.0,0.08444667067447315,0.5225215023194534,False,False,False,,below_bounded_prescreen
diff__detailed__all__efg_median,detailed_efficiency,0.0,567,562,0.37698111822683517,0.3769390460450499,1.0,1.0,0.09613708914218266,0.5200211045458404,False,False,False,,below_bounded_prescreen
diff__detailed__all__reboundshare_median,detailed_efficiency,0.0,567,566,0.3562454716128314,0.3768465457802505,1.0,1.0,0.05670942688848357,0.5169919686538037,False,False,False,,below_bounded_prescreen
diff__detailed__clean__reboundshare_median,detailed_efficiency,0.0,567,566,0.3557304715623333,0.3751922950277478,1.0,1.0,0.057060284880480705,0.516070593961813,False,False,False,,below_bounded_prescreen
diff__norm__compact__win_pct__pct,within_season_normalization,0.0,567,431,0.3401551685573984,0.37541787756667594,1.0,1.0,0.02833370235635957,0.5139013702203777,False,False,False,,below_bounded_prescreen
diff__compact__half_delta_marginmean,compact_performance,0.0,567,563,-0.368657477097885,0.36526148049645835,1.0,1.0,0.0731744067708176,0.5135031793290019,False,False,False,,below_bounded_prescreen
diff__detailed__clean__def_rtg_ros,detailed_efficiency,0.0,567,567,-0.35661579042718117,0.37067417901561517,1.0,1.0,0.09949467291205799,0.5123992929049928,False,False,False,,below_bounded_prescreen
diff__detailed__all__def_rtg_ros,detailed_efficiency,0.0,567,567,-0.3573153362331521,0.3698348597257681,1.0,1.0,0.09905503442738156,0.5121679052625668,False,False,False,,below_bounded_prescreen
diff__detailed__clean__orbpct_mean,detailed_efficiency,0.0,567,567,0.35371918357074894,0.3652069342644599,1.0,1.0,0.06109592980046452,0.5106737116404869,False,False,False,,below_bounded_prescreen
diff__detailed__clean__orbpct_trim02,detailed_efficiency,0.0,567,567,0.35371918357074894,0.3652069342644599,1.0,1.0,0.06109592980046452,0.5106737116404869,False,False,False,,below_bounded_prescreen
diff__detailed__all__orbpct_mean,detailed_efficiency,0.0,567,567,0.35332574282540824,0.3623470189813119,1.0,1.0,0.058871159451201416,0.5093033861545714,False,False,False,,below_bounded_prescreen
diff__detailed__all__orbpct_trim02,detailed_efficiency,0.0,567,567,0.35332574282540824,0.3623470189813119,1.0,1.0,0.058871159451201416,0.5093033861545714,False,False,False,,below_bounded_prescreen
diff__detailed__all__blockpct_mean,detailed_efficiency,0.0,567,567,0.3369014044965988,0.3664869316933485,1.0,1.0,0.03632162032969727,0.5085791713888711,False,False,False,,below_bounded_prescreen
diff__detailed__clean__blockpct_mean,detailed_efficiency,0.0,567,567,0.336824648001066,0.366035047196097,1.0,1.0,0.03667110053669842,0.5083314011928931,False,False,False,,below_bounded_prescreen
diff__detailed__all__orbpct_median,detailed_efficiency,0.0,567,557,0.34412300398978657,0.36219942385960263,1.0,1.0,0.053325608767266774,0.5074297599796717,False,False,False,,below_bounded_prescreen
diff__detailed__home__def_rtg_mean,detailed_efficiency,0.024691358024691357,553,553,-0.33677732681575656,0.37045128830499097,1.0,1.0,0.0945439822167185,0.506150562355218,False,False,False,,below_bounded_prescreen
diff__detailed__clean__orbpct_median,detailed_efficiency,0.0,567,558,0.34455366390404923,0.35816857258824514,1.0,1.0,0.04661373667062735,0.5058581714344234,False,False,False,,below_bounded_prescreen
diff__detailed__all__orb_pct_ros,detailed_efficiency,0.0,567,567,0.34980706622764146,0.3570483808314372,1.0,1.0,0.07269007037913572,0.5054331745540055,False,False,False,,below_bounded_prescreen
diff__detailed__clean__orb_pct_ros,detailed_efficiency,0.0,567,567,0.3500976471103201,0.35502462060579554,1.0,1.0,0.0705549225768865,0.5046111033519768,False,False,False,,below_bounded_prescreen
diff__detailed__poss0p44__def_rtg_mean,detailed_efficiency,0.0,567,567,-0.350995503864971,0.35577821813478033,1.0,1.0,0.10114657586765707,0.5039466925202818,False,False,False,,below_bounded_prescreen
diff__detailed__clean__defrtg_mean,detailed_efficiency,0.0,567,567,-0.34906617457509104,0.3563162883471988,1.0,1.0,0.09716346665043574,0.503939838147158,False,False,False,,below_bounded_prescreen
diff__detailed__clean__defrtg_trim02,detailed_efficiency,0.0,567,567,-0.34906617457509104,0.3563162883471988,1.0,1.0,0.09716346665043574,0.503939838147158,False,False,False,,below_bounded_prescreen
diff__detailed__all__defrtg_mean,detailed_efficiency,0.0,567,567,-0.3497977498064425,0.35551942376129725,1.0,1.0,0.09634964946374935,0.50375084238429,False,False,False,,below_bounded_prescreen
diff__detailed__all__defrtg_trim02,detailed_efficiency,0.0,567,567,-0.3497977498064425,0.35551942376129725,1.0,1.0,0.09634964946374935,0.50375084238429,False,False,False,,below_bounded_prescreen
diff__detailed__poss0p475__def_rtg_mean,detailed_efficiency,0.0,567,567,-0.3497977498064425,0.35551942376129725,1.0,1.0,0.09634964946374935,0.50375084238429,False,False,False,,below_bounded_prescreen
diff__detailed__clean__trueshootingpct_median,detailed_efficiency,0.0,567,567,0.3676570082532958,0.3460178960217486,1.0,1.0,0.11334157065432598,0.5024394690799914,False,False,False,,below_bounded_prescreen
diff__detailed__all__trueshootingpct_median,detailed_efficiency,0.0,567,567,0.3675405442093034,0.3451364326534189,1.0,1.0,0.1164202540643628,0.5018675972371134,False,False,False,,below_bounded_prescreen
interaction__rebounding_matchup_edge,matchup_interactions,0.0,567,567,0.34012541077422026,0.35100497756800314,1.0,1.0,0.12997949863958963,0.49811079965738636,False,False,False,,below_bounded_prescreen
diff__compact__ewm_h20_win,compact_performance,0.0,567,567,0.3455502582440687,0.3415378599768561,1.0,1.0,0.04943638045073118,0.49798177438455676,False,False,False,,below_bounded_prescreen
diff__detailed__ewm_h10__efg,detailed_efficiency,0.0,567,567,0.3368737960242515,0.3468514782992331,1.0,1.0,0.08542547118720134,0.49718392586147914,False,False,False,,below_bounded_prescreen
diff__detailed__all__assist_to_turnover_ros,detailed_efficiency,0.0,567,567,0.3336385681363353,0.34359526349236713,1.0,1.0,0.056740227447070246,0.4960566023684471,False,False,False,,below_bounded_prescreen
diff__detailed__clean__assist_to_turnover_ros,detailed_efficiency,0.0,567,567,0.33363234036142575,0.34356418306581005,1.0,1.0,0.05833727636419672,0.49597643169653466,False,False,False,,below_bounded_prescreen
diff__detailed__clean__blockpct_median,detailed_efficiency,0.0,567,563,0.3039855304320947,0.35587978702251044,1.0,1.0,0.0619447059220522,0.4952213262289837,False,False,False,,below_bounded_prescreen
diff__detailed__ewm_h20__orbpct,detailed_efficiency,0.0,567,567,0.3240379077973439,0.3488835259993688,1.0,1.0,0.09307692613488888,0.49502935514971713,False,False,False,,below_bounded_prescreen
diff__detailed__all__blockpct_median,detailed_efficiency,0.0,567,564,0.3036043567190108,0.3537336064443519,1.0,1.0,0.062439129239643565,0.4940875244018855,False,False,False,,below_bounded_prescreen
diff__compact__half_delta_pointsformean,compact_performance,0.0,567,554,-0.3557034415262186,0.3267138047437872,1.0,1.0,0.0661954089781715,0.4924295670536591,False,False,False,,below_bounded_prescreen
diff__detailed__all__assistturnoverratio_median,detailed_efficiency,0.0,567,516,0.32481262722723936,0.3387677632981254,1.0,1.0,0.0890502429203921,0.4905052946562772,False,False,False,,below_bounded_prescreen
diff__detailed__last20__four_factor_edge_mean,detailed_efficiency,0.0,567,567,0.3097704506375079,0.33827024235283676,1.0,1.0,0.03603458373300128,0.4890778321202934,False,False,False,,below_bounded_prescreen
diff__detailed__clean__assistturnoverratio_median,detailed_efficiency,0.0,567,518,0.3241495885632188,0.335607155723752,1.0,1.0,0.08575784697939387,0.4889740303521333,False,False,False,,below_bounded_prescreen
diff__detailed__ewm_h20__defrtg,detailed_efficiency,0.0,567,567,-0.32575748939503185,0.33227955377741736,1.0,1.0,0.07931389251855303,0.48798827777932524,False,False,False,,below_bounded_prescreen
diff__detailed__clean__defrtg_median,detailed_efficiency,0.0,567,567,-0.29904438961270163,0.35157679865319635,1.0,1.0,0.17151178958501634,0.48768615748492794,False,False,False,,below_bounded_prescreen
diff__detailed__all__defrtg_median,detailed_efficiency,0.0,567,567,-0.299046971542346,0.35075608208343456,1.0,1.0,0.17184573671484454,0.4872794236707709,False,False,False,,below_bounded_prescreen
diff__detailed__clean__opptrueshootingpct_mean,detailed_efficiency,0.0,567,567,-0.32389168360154047,0.33641721664805724,1.0,1.0,0.15894301617000253,0.4863787137366062,False,False,False,,below_bounded_prescreen
diff__detailed__all__opptrueshootingpct_mean,detailed_efficiency,0.0,567,567,-0.3246425189259904,0.3354126167394883,1.0,1.0,0.16000258842667592,0.48601930666160514,False,False,False,,below_bounded_prescreen
diff__compact__games,compact_performance,0.0,567,11,0.31457609646073165,0.3306578340057162,1.0,1.0,0.11459342019542776,0.48333876473628756,False,False,False,,below_bounded_prescreen
diff__quality__CompactGames,detailed_efficiency,0.0,567,11,0.31457609646073165,0.3306578340057162,1.0,1.0,0.11459342019542776,0.48333876473628756,False,False,False,,below_bounded_prescreen
diff__prior__program_championships,prior_program_history,0.0,567,16,0.30875198660422687,0.33074544746869117,1.0,1.0,0.09068854691638417,0.48305570996124625,False,False,False,,below_bounded_prescreen
diff__detailed__ewm_h10__orbpct,detailed_efficiency,0.0,567,567,0.3154556470736054,0.3234826745640202,1.0,1.0,0.041128563571069976,0.4830267836040801,False,False,False,,below_bounded_prescreen
diff__compact__blowout_loss10_rate,compact_performance,0.0,567,332,-0.3250171376835671,0.32241118578466477,1.0,1.0,0.08803337780617038,0.48273980435477704,False,False,False,,below_bounded_prescreen
diff__compact__win_slope,compact_performance,0.0,567,540,-0.33891999007733425,0.316396729260247,1.0,1.0,0.10714518890874891,0.48214702030558215,False,False,False,,below_bounded_prescreen
diff__schedule__bad_losses,schedule_and_accomplishment,0.0,567,10,-0.30575620966371353,0.32865257040041373,1.0,1.0,0.07732288863339432,0.4819266843728798,False,True,False,,correlation_pruned_or_cap
diff__norm__detailed__all__efg_ros__pct,within_season_normalization,0.0,567,419,0.31903133858314187,0.3234695478228797,1.0,1.0,0.0888647302368551,0.48189768823379925,False,False,False,,below_bounded_prescreen
diff__detailed__last20__off_rtg_mean,detailed_efficiency,0.0,567,567,0.31071248167665255,0.3276238591387268,1.0,1.0,0.09665731746102563,0.4817499056570114,False,False,False,,below_bounded_prescreen
diff__detailed__clean__oppftmaderate_mean,detailed_efficiency,0.0,567,567,-0.2894905274792006,0.33743919780469117,1.0,1.0,0.09851399024093443,0.48171817138203854,False,False,False,,below_bounded_prescreen
diff__detailed__all__oppftmaderate_mean,detailed_efficiency,0.0,567,567,-0.29037019811939235,0.3351402011444885,1.0,1.0,0.09667544278566792,0.480881722424194,False,False,False,,below_bounded_prescreen
diff__detailed__all__oppftmaderate_median,detailed_efficiency,0.0,567,564,-0.29384763541925946,0.3267858226053142,1.0,1.0,0.02552558440765862,0.48048265126648154,False,False,False,,below_bounded_prescreen
diff__schedule__opponent_strength_std,schedule_and_accomplishment,0.0,567,567,0.27714894642432863,0.3409898148860129,1.0,1.0,0.147876427962024,0.47873282224015756,False,True,False,,correlation_pruned_or_cap
diff__detailed__clean__opp_ftmade_rate_ros,detailed_efficiency,0.0,567,567,-0.2827985014193798,0.333798643066826,1.0,1.0,0.09851221300559321,0.47849853046411633,False,False,False,,below_bounded_prescreen
diff__detailed__all__oppftrate_mean,detailed_efficiency,0.0,567,567,-0.2881151166246452,0.33005066969552566,1.0,1.0,0.08526937171179555,0.4783988722428025,False,False,False,,below_bounded_prescreen
diff__detailed__clean__assistturnoverratio_mean,detailed_efficiency,0.0,567,567,0.30496709802559263,0.32119600626492123,1.0,1.0,0.08007807380035864,0.4780637216207782,False,False,False,,below_bounded_prescreen
diff__detailed__clean__oppftrate_mean,detailed_efficiency,0.0,567,567,-0.2869981973964183,0.3300189387119779,1.0,1.0,0.08782321627535916,0.478035765357947,False,False,False,,below_bounded_prescreen
diff__detailed__all__assistturnoverratio_mean,detailed_efficiency,0.0,567,567,0.304596778115863,0.32133090443918794,1.0,1.0,0.08379937301003715,0.47789815039589856,False,False,False,,below_bounded_prescreen
diff__detailed__all__opp_ftmade_rate_ros,detailed_efficiency,0.0,567,567,-0.2836832377077307,0.33111825902737474,1.0,1.0,0.0950004520906152,0.47754705854521595,False,False,False,,below_bounded_prescreen
diff__detailed__clean__oppfourfactorcomposite_median,detailed_efficiency,0.0,567,567,-0.30660697892442773,0.32360271163075904,1.0,1.0,0.14876515114972355,0.4768322309001495,False,False,False,,below_bounded_prescreen
diff__detailed__all__oppfourfactorcomposite_median,detailed_efficiency,0.0,567,567,-0.30671674491928175,0.3222149694659699,1.0,1.0,0.14744945677342353,0.4762428909549705,False,False,False,,below_bounded_prescreen
diff__compact__last20_points_for_mean,compact_performance,0.0,567,385,0.307695484788726,0.314406231793505,1.0,1.0,0.08395189050421253,0.47524992229423363,False,False,False,,below_bounded_prescreen
diff__conference__team_count,conference_context,0.0,567,17,0.2897423550338288,0.3222021051392,1.0,1.0,0.10325760817670496,0.4742700242471901,False,False,False,,below_bounded_prescreen
diff__detailed__clean__oppftmaderate_median,detailed_efficiency,0.0,567,564,-0.2915381823055221,0.31455758572441056,1.0,1.0,0.03045041521083447,0.47390802464649856,False,False,False,,below_bounded_prescreen
diff__detailed__clean__games,detailed_efficiency,0.0,567,13,0.2936853741186045,0.31749387726644684,1.0,1.0,0.085379034053716,0.47359268203183885,False,False,False,,below_bounded_prescreen
diff__compact__days_since_last_game,compact_performance,0.0,567,19,0.28185137415787875,0.34001381062842284,1.0,1.0,0.29822978899943786,0.47328473985639874,False,False,False,,below_bounded_prescreen
diff__compact__last_game_day,compact_performance,0.0,567,19,-0.28185137415787875,0.34001381062842284,1.0,1.0,0.29822978899943786,0.47328473985639874,False,False,False,,below_bounded_prescreen
diff__detailed__last20__net_rtg_mean,detailed_efficiency,0.0,567,567,0.2866220183331161,0.31631786540607815,1.0,1.0,0.05876977969967878,0.4725386282402159,False,False,False,,below_bounded_prescreen
diff__compact__neutral_margin_mean,compact_performance,0.07936507936507936,522,429,0.30779537184713524,0.3268864156500897,1.0,1.0,0.1465198840306407,0.4724104596079808,False,False,False,,below_bounded_prescreen
diff__compact__away_win_pct,compact_performance,0.0,567,374,0.30046382575229263,0.31281306345430215,1.0,1.0,0.1030532460392991,0.4721301822819975,False,False,False,,below_bounded_prescreen
diff__geography__games_with_city,geography_and_schedule_dispersion,0.0,567,12,0.2978945723130136,0.3142522212852056,1.0,1.0,0.11459342019542776,0.47179413531794456,False,False,False,,below_bounded_prescreen
diff__detailed__all__games,detailed_efficiency,0.0,567,12,0.2922802123925953,0.3142522212852056,1.0,1.0,0.0868354592170287,0.47166929457458845,False,False,False,,below_bounded_prescreen
diff__quality__DetailedGames,detailed_efficiency,0.0,567,12,0.2922802123925953,0.3142522212852056,1.0,1.0,0.0868354592170287,0.47166929457458845,False,False,False,,below_bounded_prescreen
diff__detailed__all__oppftrate_median,detailed_efficiency,0.0,567,564,-0.2743304222204535,0.32320746196218897,1.0,1.0,0.09764652504517016,0.4715864136285437,False,False,False,,below_bounded_prescreen
diff__compact__last20_margin_mean,compact_performance,0.0,567,401,0.2944123229542146,0.30909997945736956,1.0,1.0,0.04922283898919577,0.4711697876298967,False,False,False,,below_bounded_prescreen
diff__detailed__clean__oppftrate_median,detailed_efficiency,0.0,567,565,-0.2737257519980789,0.32219200257547825,1.0,1.0,0.09616720369673865,0.4710251385279373,False,False,False,,below_bounded_prescreen
diff__detailed__ewm_h10__defrtg,detailed_efficiency,0.0,567,567,-0.26097219852972375,0.3329744282993084,1.0,1.0,0.1589103143581261,0.47088519668588213,False,False,False,,below_bounded_prescreen
diff__compact__last20_margin_median,compact_performance,0.0,567,111,0.2818801990802408,0.31687700547174596,1.0,1.0,0.08114050416125396,0.47086898625764084,False,False,False,,below_bounded_prescreen
diff__compact__away_games,compact_performance,0.0,567,14,-0.28554574697139523,0.31489379665747497,1.0,1.0,0.10652670148025539,0.4697080186700847,False,False,False,,below_bounded_prescreen
diff__detailed__all__opp_ft_rate_ros,detailed_efficiency,0.0,567,567,-0.28237293092706117,0.3141148910094977,1.0,1.0,0.09790030520754955,0.4689811802802104,False,False,False,,below_bounded_prescreen
diff__detailed__clean__opp_ft_rate_ros,detailed_efficiency,0.0,567,567,-0.281303311118566,0.3119009227343404,1.0,1.0,0.10046819791584938,0.4675804434419339,False,False,False,,below_bounded_prescreen
diff__detailed__clean__foul_rate_ros,detailed_efficiency,0.0,567,567,-0.2918471531397535,0.307889331312195,1.0,1.0,0.11191387249817736,0.46751669782067223,False,False,False,,below_bounded_prescreen
diff__detailed__all__foul_rate_ros,detailed_efficiency,0.0,567,567,-0.29247836893844753,0.3071887612358284,1.0,1.0,0.11161868474623746,0.46733109916980664,False,False,False,,below_bounded_prescreen
diff__detailed__neutral__net_rtg_mean,detailed_efficiency,0.07936507936507936,522,522,0.29155110890688796,0.32292824999702446,1.0,1.0,0.15544754162073282,0.4665796959440514,False,False,False,,below_bounded_prescreen
diff__detailed__all__foulrate_mean,detailed_efficiency,0.0,567,567,-0.2921616768634177,0.30476310766515835,1.0,1.0,0.10937346770841183,0.4661869218808914,False,False,False,,below_bounded_prescreen
diff__detailed__away__games,detailed_efficiency,0.0,567,15,-0.2758648812671629,0.31088217586849076,1.0,1.0,0.10530221218258462,0.46570162980834806,False,False,False,,below_bounded_prescreen
diff__detailed__clean__foulrate_mean,detailed_efficiency,0.0,567,567,-0.29145219596616384,0.3023554260018463,1.0,1.0,0.10997459023391812,0.4648511039840855,False,False,False,,below_bounded_prescreen
diff__compact__half_pointsagainstmean_first,compact_performance,0.0,567,511,-0.30733377029754916,0.29577641270543564,1.0,1.0,0.11937312955539336,0.4648111823818542,False,False,False,,below_bounded_prescreen
diff__detailed__all__foulrate_median,detailed_efficiency,0.0,567,567,-0.2769556363743877,0.3104938877548036,1.0,1.0,0.1303825288979472,0.4647520049687531,False,False,False,,below_bounded_prescreen
diff__conference__strength_std,conference_context,0.0,567,473,0.2716894843589873,0.30722848939142317,1.0,1.0,0.07111231109525573,0.4643968690230501,False,False,False,,below_bounded_prescreen
diff__compact__home_win_pct,compact_performance,0.024691358024691357,553,296,0.32121966222549886,0.2878721269437825,1.0,1.0,0.14729435592610246,0.46097986374360583,False,False,False,,below_bounded_prescreen
diff__detailed__all__oppfgpct_mean,detailed_efficiency,0.0,567,567,-0.27649883427682664,0.29754324547930455,1.0,1.0,0.0857719677352447,0.4602196226615583,False,False,False,,below_bounded_prescreen
diff__detailed__clean__oppfgpct_mean,detailed_efficiency,0.0,567,567,-0.2760514196394679,0.29753742126889576,1.0,1.0,0.08397545052591249,0.4601902565087164,False,False,False,,below_bounded_prescreen
diff__compact__close5_games,compact_performance,0.0,567,21,-0.3043748168953505,0.2869449014271268,1.0,1.0,0.12989653932357828,0.4595001508290549,False,False,False,,below_bounded_prescreen
diff__detailed__home__games,detailed_efficiency,0.024691358024691357,553,23,0.27579659335853846,0.3004501956767434,1.0,1.0,0.08571561584851789,0.45948741118779923,False,False,False,,below_bounded_prescreen
diff__compact__home_games,compact_performance,0.024691358024691357,553,23,0.2861839505157215,0.3004501956767434,1.0,1.0,0.14516512687389882,0.4593946493213643,False,False,False,,below_bounded_prescreen
diff__detailed__clean__foulrate_median,detailed_efficiency,0.0,567,567,-0.2757503927857181,0.2991507669109798,1.0,1.0,0.13101593027533728,0.45901681731911476,False,False,False,,below_bounded_prescreen
diff__detailed__last20__efg_mean,detailed_efficiency,0.0,567,567,0.2678141912033848,0.2902403156821948,1.0,1.0,0.05236433686377062,0.4561399001176473,False,False,False,,below_bounded_prescreen
diff__detailed__clean__opptrueshootingpct_median,detailed_efficiency,0.0,567,567,-0.2730330315828822,0.2876595753200019,1.0,1.0,0.09465268277818703,0.4543577557907075,False,False,False,,below_bounded_prescreen
diff__compact__ewm_h5_points_for,compact_performance,0.0,567,567,0.2699092751994479,0.2866350979600988,1.0,1.0,0.07122542397713999,0.45411587060564035,False,False,False,,below_bounded_prescreen
diff__detailed__all__opptrueshootingpct_median,detailed_efficiency,0.0,567,567,-0.27319342238485933,0.28462998673531836,1.0,1.0,0.09143201845826646,0.4530676658192912,False,False,False,,below_bounded_prescreen
diff__detailed__clean__oppefg_mean,detailed_efficiency,0.0,567,567,-0.2840371831093633,0.28465697473601137,1.0,1.0,0.1652755525857597,0.45251250605391496,False,False,False,,below_bounded_prescreen
diff__detailed__all__oppefg_mean,detailed_efficiency,0.0,567,567,-0.2847667055159661,0.2839047240657052,1.0,1.0,0.167216750645011,0.45223427273925054,False,False,False,,below_bounded_prescreen
diff__detailed__clean__oppfg2pct_mean,detailed_efficiency,0.0,567,567,-0.2927308228273203,0.2757790723111545,1.0,1.0,0.11815557914254249,0.4520485125656629,False,False,False,,below_bounded_prescreen
diff__compact__half_delta_winpct,compact_performance,0.0,567,370,-0.2950967180477411,0.2742704065043972,1.0,1.0,0.11308453229800103,0.45204769180069365,False,False,False,,below_bounded_prescreen
diff__detailed__neutral__off_rtg_mean,detailed_efficiency,0.07936507936507936,522,522,0.2854029177923222,0.2888193322964697,1.0,1.0,0.09559847817995842,0.4512487759402116,False,False,False,,below_bounded_prescreen
diff__detailed__all__oppfg2pct_mean,detailed_efficiency,0.0,567,567,-0.29223684289289914,0.2739820942668543,1.0,1.0,0.12142824245243927,0.45094638098643025,False,False,False,,below_bounded_prescreen
diff__compact__blowout_loss20_rate,compact_performance,0.0,567,125,-0.281971198918287,0.27407571190295804,1.0,1.0,0.06616585856555962,0.4509433711328205,False,False,False,,below_bounded_prescreen
diff__detailed__clean__oppblockpct_mean,detailed_efficiency,0.0,567,567,-0.26759407068133434,0.28923246696136273,1.0,1.0,0.17361863928552276,0.4507575341199268,False,False,False,,below_bounded_prescreen
diff__detailed__all__oppblockpct_mean,detailed_efficiency,0.0,567,567,-0.26732848176084845,0.28606669768886406,1.0,1.0,0.1759760325926604,0.44908523957433494,False,False,False,,below_bounded_prescreen
diff__compact__ewm_h10_win,compact_performance,0.0,567,567,0.2557312656855898,0.27483657801412403,1.0,1.0,0.027377788980091522,0.44708732433840565,False,False,False,,below_bounded_prescreen
diff__detailed__clean__oppefg_median,detailed_efficiency,0.0,567,567,-0.2524984558394306,0.28288722091837176,1.0,1.0,0.1158071648009846,0.4467032397334537,False,False,False,,below_bounded_prescreen
diff__compact__half_pointsformean_second,compact_performance,0.0,567,524,0.26151936954372673,0.27640622059428854,1.0,1.0,0.08969844094437168,0.44662130954710355,False,False,False,,below_bounded_prescreen
diff__detailed__last20__orb_pct_mean,detailed_efficiency,0.0,567,567,0.27042080230292576,0.26836256482472925,1.0,1.0,0.05088968054937393,0.4462710204005388,False,False,False,,below_bounded_prescreen
diff__detailed__all__oppefg_median,detailed_efficiency,0.0,567,566,-0.2530712886725809,0.2812302367202405,1.0,1.0,0.11951555734572508,0.44588557483985414,False,False,False,,below_bounded_prescreen
diff__detailed__ewm_h5__offrtg,detailed_efficiency,0.0,567,567,0.2658622174548987,0.2692110839951022,1.0,1.0,0.06421201144572031,0.445142527699898,False,False,False,,below_bounded_prescreen
diff__detailed__away__def_rtg_mean,detailed_efficiency,0.0,567,567,-0.22130514672943521,0.2929812735132843,1.0,1.0,0.10752297815483694,0.4450172244406587,False,False,False,,below_bounded_prescreen
diff__detailed__all__tov_pct_ros,detailed_efficiency,0.0,567,567,-0.2439462994201453,0.2795596534294828,1.0,1.0,0.09507060457038605,0.4440539953357682,False,False,False,,below_bounded_prescreen
diff__compact__home_margin_std,compact_performance,0.031746031746031744,549,548,0.26427256095610413,0.2802119959461756,1.0,1.0,0.15363972385514207,0.44395644997061895,False,False,False,,below_bounded_prescreen
diff__detailed__clean__tov_pct_ros,detailed_efficiency,0.0,567,567,-0.24404999316757278,0.27924323136142637,1.0,1.0,0.09482046592693388,0.4439349309132733,False,False,False,,below_bounded_prescreen
diff__detailed__ewm_h5__fourfactoredge,detailed_efficiency,0.0,567,567,0.24918458609801092,0.2715350005930504,1.0,1.0,0.04336548455500272,0.4434227898440265,False,False,False,,below_bounded_prescreen
diff__detailed__clean__opp_efg_ros,detailed_efficiency,0.0,567,567,-0.2776987644861834,0.2663620331615309,1.0,1.0,0.16320251740999653,0.44241940340809527,False,False,False,,below_bounded_prescreen
diff__detailed__all__opp_efg_ros,detailed_efficiency,0.0,567,567,-0.2784564035465184,0.2653808307408921,1.0,1.0,0.16470498589708138,0.44205500809997894,False,False,False,,below_bounded_prescreen
diff__prior__program_has_tournament_history,prior_program_history,0.0,567,3,0.25033606293516014,0.26756477550475344,1.0,1.0,0.03714350129937022,0.44201928603604207,False,False,False,,below_bounded_prescreen
diff__detailed__clean__tovpct_mean,detailed_efficiency,0.0,567,567,-0.23781013633826112,0.27736248003856656,1.0,1.0,0.09063351724852012,0.4418268797229886,False,False,False,,below_bounded_prescreen
diff__detailed__clean__tovpct_trim02,detailed_efficiency,0.0,567,567,-0.23781013633826112,0.27736248003856656,1.0,1.0,0.09063351724852012,0.4418268797229886,False,False,False,,below_bounded_prescreen
diff__detailed__all__tovpct_mean,detailed_efficiency,0.0,567,567,-0.23761764315302256,0.27719170769508233,1.0,1.0,0.09049976157575487,0.4417079107242743,False,False,False,,below_bounded_prescreen
diff__detailed__all__tovpct_trim02,detailed_efficiency,0.0,567,567,-0.23761764315302256,0.27719170769508233,1.0,1.0,0.09049976157575487,0.4417079107242743,False,False,False,,below_bounded_prescreen
diff__detailed__ewm_h5__efg,detailed_efficiency,0.0,567,567,0.2361083338788731,0.27008469388730255,1.0,1.0,0.06160335694472985,0.4391203522414681,False,False,False,,below_bounded_prescreen
diff__compact__half_marginmean_second,compact_performance,0.0,567,541,0.2389741638393104,0.2650132920274773,1.0,1.0,0.055577542288972076,0.43755759452627857,False,False,False,,below_bounded_prescreen
diff__conference__tourney_last_day,conference_context,0.015873015873015872,558,19,-0.2731653960346382,0.34001381062842284,0.7777777777777778,1.0,0.27764317263928917,0.43537189249829505,False,False,False,,below_bounded_prescreen
diff__detailed__clean__oppfg2pct_median,detailed_efficiency,0.0,567,558,-0.24896950554640151,0.2557862075332092,1.0,1.0,0.059066749361166876,0.43518800086170206,False,False,False,,below_bounded_prescreen
diff__detailed__clean__oppblockpct_median,detailed_efficiency,0.0,567,559,-0.25647118332192836,0.2572774670212989,1.0,1.0,0.14420973508478308,0.4341484550976564,False,False,False,,below_bounded_prescreen
diff__detailed__all__oppfg2pct_median,detailed_efficiency,0.0,567,556,-0.24777941848576462,0.25414111534718425,1.0,1.0,0.06264944422711824,0.43399322966443193,False,False,False,,below_bounded_prescreen
diff__detailed__all__oppblockpct_median,detailed_efficiency,0.0,567,559,-0.2549163469411048,0.25669104635651485,1.0,1.0,0.14748111838392586,0.4333940538428132,False,False,False,,below_bounded_prescreen
diff__compact__ewm_h5_margin,compact_performance,0.0,567,567,0.24566435688331723,0.255370707653807,1.0,1.0,0.09368257190043916,0.43287679531213963,False,False,False,,below_bounded_prescreen
diff__detailed__ewm_h20__fg3attemptrate,detailed_efficiency,0.0,567,567,-0.2573900548843401,0.255152959923602,1.0,1.0,0.19323165496297656,0.4313699666393647,False,False,False,,below_bounded_prescreen
diff__compact__margin_std,compact_performance,0.0,567,567,0.24322391498869417,0.2511956703287651,1.0,1.0,0.15476654571110607,0.42789252122687577,False,False,False,,below_bounded_prescreen
diff__detailed__clean__fg3attemptrate_median,detailed_efficiency,0.0,567,565,-0.23591732457724415,0.2505376416378565,1.0,1.0,0.11445581514142214,0.42758164678750793,False,False,False,,below_bounded_prescreen
diff__compact__half_delta_pointsagainstmean,compact_performance,0.0,567,556,0.24164930295448692,0.242919545795822,1.0,1.0,0.11818098048282202,0.4250369894126688,False,False,False,,below_bounded_prescreen
diff__detailed__last10__off_rtg_mean,detailed_efficiency,0.0,567,567,0.22313336243861615,0.2464933629518908,1.0,1.0,0.06473833979427981,0.4248166203616319,False,False,False,,below_bounded_prescreen
diff__detailed__ewm_h5__orbpct,detailed_efficiency,0.0,567,567,0.2431008413565297,0.23650137793045203,1.0,1.0,0.06055925457137204,0.4245804763221986,False,False,False,,below_bounded_prescreen
diff__detailed__ewm_h5__netrtg,detailed_efficiency,0.0,567,567,0.2353837132273729,0.240856143821042,1.0,1.0,0.0816533441301456,0.42412923217891635,False,False,False,,below_bounded_prescreen
diff__detailed__clean__oppfgpct_median,detailed_efficiency,0.0,567,560,-0.23165496540341812,0.2364369104417982,1.0,1.0,0.05582820850738979,0.4222206810605195,False,False,False,,below_bounded_prescreen
diff__detailed__all__oppfgpct_median,detailed_efficiency,0.0,567,560,-0.2337856430032272,0.23540335964796422,1.0,1.0,0.056757073038182726,0.42215617117020554,False,False,False,,below_bounded_prescreen
diff__compact__rest_days_std,compact_performance,0.0,567,567,-0.2488646197705976,0.22895974268899535,1.0,1.0,0.06568124871085401,0.4220236428918151,False,False,False,,below_bounded_prescreen
diff__compact__last10_points_for_mean,compact_performance,0.0,567,286,0.22787447086451923,0.23956569757433077,1.0,1.0,0.08849651875527226,0.42158405767566204,False,False,False,,below_bounded_prescreen
diff__compact__close5_wins,compact_performance,0.0,567,18,-0.23286082345267828,0.23659162730868627,1.0,1.0,0.12125005262458197,0.4199433601627754,False,False,False,,below_bounded_prescreen
diff__detailed__ewm_h5__fg3attemptrate,detailed_efficiency,0.0,567,567,-0.21878925295312437,0.2383584374877392,1.0,1.0,0.10147033723758228,0.41848687215429886,False,False,False,,below_bounded_prescreen
diff__detailed__last10__efg_mean,detailed_efficiency,0.0,567,567,0.20814508193862416,0.23901022228010638,1.0,1.0,0.056961827856798264,0.4182383516066764,False,False,False,,below_bounded_prescreen
diff__compact__close3_games,compact_performance,0.0,567,16,-0.23342422211341282,0.23102901941855558,1.0,1.0,0.11055639967475961,0.41782500219886715,False,False,False,,below_bounded_prescreen
diff__compact__ewm_h20_points_against,compact_performance,0.0,567,567,-0.21662757648815864,0.23357539352001525,1.0,1.0,0.08476520162692891,0.41638364765192504,False,False,False,,below_bounded_prescreen
diff__rating__elo_standard_delta,dynamic_ratings,0.0,567,567,0.22994241443309252,0.22572873729871654,1.0,1.0,0.06744581785344345,0.41623929236452656,False,False,False,,below_bounded_prescreen
diff__prior__program_years_since_appearance,prior_program_history,0.10229276895943562,509,29,-0.2329243126591279,0.23914586000954288,1.0,1.0,0.06908767046694661,0.415086433254156,False,False,False,,below_bounded_prescreen
diff__compact__day90plus_margin_mean,compact_performance,0.0,567,550,0.2129400870376646,0.23027210637831552,1.0,1.0,0.05822600008474482,0.4150483902064878,False,False,False,,below_bounded_prescreen
diff__rating__elo_mov_538_delta,dynamic_ratings,0.0,567,567,0.2025036129126625,0.23388968250159622,1.0,1.0,0.07242270707225323,0.4139209341586618,False,False,False,,below_bounded_prescreen
interaction__adjusted_offense_defense_edge,matchup_interactions,0.0,567,567,0.21203527693759505,0.23404409461718007,1.0,1.0,0.1388714730863968,0.4134340674190615,False,False,False,,below_bounded_prescreen
diff__detailed__clean__fg3attemptrate_mean,detailed_efficiency,0.0,567,567,-0.24008092544076098,0.21980018711784857,1.0,1.0,0.1256997442225061,0.41329390364463453,False,False,False,,below_bounded_prescreen
diff__detailed__last10__orb_pct_mean,detailed_efficiency,0.0,567,567,0.21678854377443457,0.22242826025631157,1.0,1.0,0.03067898429301555,0.41323188518168447,False,False,False,,below_bounded_prescreen
diff__detailed__ewm_h10__fg3attemptrate,detailed_efficiency,0.0,567,567,-0.2407962669619145,0.21963987677074662,1.0,1.0,0.13090282679660661,0.4131662065097153,False,False,False,,below_bounded_prescreen
diff__detailed__all__fg3attemptrate_mean,detailed_efficiency,0.0,567,567,-0.2397510692747333,0.2182028523296594,1.0,1.0,0.1255481223997294,0.4124606794626886,False,False,False,,below_bounded_prescreen
diff__detailed__clean__fg3_attempt_rate_ros,detailed_efficiency,0.0,567,567,-0.23839205272125422,0.21880851847955962,1.0,1.0,0.12789684489077746,0.41235846667323345,False,False,False,,below_bounded_prescreen
diff__detailed__all__fg3_attempt_rate_ros,detailed_efficiency,0.0,567,567,-0.23808161690607935,0.21846629114903945,1.0,1.0,0.1277332449490884,0.41213244567291285,False,False,False,,below_bounded_prescreen
diff__compact__points_against_mean,compact_performance,0.0,567,557,-0.20742774820007517,0.22629324875352302,1.0,1.0,0.05411777895639669,0.41209015284745165,False,False,False,,below_bounded_prescreen
diff__detailed__ewm_h10__oppefg,detailed_efficiency,0.0,567,567,-0.2049697331942466,0.24272963856731924,1.0,1.0,0.24080189818650555,0.41197149188758725,False,False,False,,below_bounded_prescreen
diff__rating__elo_mov_log_delta,dynamic_ratings,0.0,567,567,0.2031499709588939,0.22801257346452597,1.0,1.0,0.0792892054844819,0.4109674606545498,False,False,False,,below_bounded_prescreen
diff__compact__overtime_rate,compact_performance,0.0,567,144,-0.2198578080445092,0.21390145190761925,1.0,1.0,0.13503894384894566,0.40563985693149146,False,False,False,,below_bounded_prescreen
diff__compact__margin_iqr,compact_performance,0.0,567,127,0.17926985775304552,0.2326129624130163,1.0,1.0,0.1620746460804072,0.40461060482070155,False,False,False,,below_bounded_prescreen
diff__detailed__clean__tovpct_median,detailed_efficiency,0.0,567,567,-0.19514760296343436,0.19582256954006755,1.0,1.0,0.08412894021557582,0.39356214842256493,False,False,False,,below_bounded_prescreen
diff__detailed__all__tovpct_median,detailed_efficiency,0.0,567,567,-0.1951723610394438,0.19487289695201884,1.0,1.0,0.08569730007598894,0.3930490179626071,False,False,False,,below_bounded_prescreen
diff__detailed__all__fg3attemptrate_median,detailed_efficiency,0.0,567,565,-0.23594210816915306,0.24936478131242032,0.7777777777777778,1.0,0.11392596522472123,0.391489764662631,False,False,False,,below_bounded_prescreen
diff__detailed__clean__netrtg_std,detailed_efficiency,0.0,567,567,0.1960277640626768,0.19220021990168346,1.0,1.0,0.11457706115565852,0.39079913120037063,False,False,False,,below_bounded_prescreen
diff__compact__last10_margin_median,compact_performance,0.0,567,114,0.20023065495991718,0.18660820332696484,1.0,1.0,0.08112138018761325,0.39037782648062036,False,False,False,,below_bounded_prescreen
diff__detailed__all__netrtg_std,detailed_efficiency,0.0,567,567,0.1945811226050404,0.19151964108703048,1.0,1.0,0.11453957938286516,0.3901556915195689,False,False,False,,below_bounded_prescreen
diff__detailed__all__fg3pct_median,detailed_efficiency,0.0,567,438,0.21705397500122317,0.18325367373979232,1.0,1.0,0.14887258116070232,0.3897587346489413,False,False,False,,below_bounded_prescreen
diff__detailed__clean__oppstealpct_mean,detailed_efficiency,0.0,567,567,-0.1848882794627032,0.1919653314590142,1.0,1.0,0.07840188859851197,0.38968270503818103,False,False,False,,below_bounded_prescreen
diff__detailed__all__oppstealpct_mean,detailed_efficiency,0.0,567,567,-0.18455505515115309,0.19156480552093397,1.0,1.0,0.0769459297369392,0.3894753815938244,False,False,False,,below_bounded_prescreen
diff__detailed__home__pace_mean,detailed_efficiency,0.024691358024691357,553,553,0.18173272905015164,0.19367154259504724,1.0,1.0,0.05832081166506825,0.38863539972807803,False,False,False,,below_bounded_prescreen
interaction__free_throw_pressure_edge,matchup_interactions,0.0,567,567,-0.20814132922569004,0.1894537860413012,1.0,1.0,0.2135147177773074,0.3881883210183841,False,False,False,,below_bounded_prescreen
diff__detailed__ewm_h20__oppefg,detailed_efficiency,0.0,567,567,-0.24705841990653257,0.23500353642906896,0.7777777777777778,1.0,0.19118193543520845,0.38395171689242635,False,False,False,,below_bounded_prescreen
mean__prior__program_championships,prior_program_history,0.0,567,12,0.1813129010182125,0.17909433284906315,1.0,1.0,0.06627535651763333,0.38320310373085165,False,False,False,,below_bounded_prescreen
diff__detailed__clean__fg3pct_median,detailed_efficiency,0.0,567,437,0.21736599666299444,0.1693565038924958,1.0,1.0,0.14792805787321892,0.38319451881932803,False,False,False,,below_bounded_prescreen
absdiff__conference__strength_std,conference_context,0.0,567,421,0.17232551030336002,0.18192041794384958,1.0,1.0,0.12916729958034634,0.3800667208965731,False,False,False,,below_bounded_prescreen
diff__compact__last20_win_pct,compact_performance,0.0,567,23,0.16482907022642235,0.1793460796470125,1.0,1.0,0.06522282698814744,0.37973960060085304,False,False,False,,below_bounded_prescreen
diff__conference__tourney_champion,conference_context,0.015873015873015872,558,3,-0.17815643990022847,0.1796031995381383,1.0,1.0,0.11298050608999342,0.3796148910429156,False,False,False,,below_bounded_prescreen
diff__detailed__last10__four_factor_edge_mean,detailed_efficiency,0.0,567,567,0.2000531955906899,0.23565709557801837,0.7777777777777778,1.0,0.06509849487662928,0.3789676135567798,False,False,False,,below_bounded_prescreen
absdiff__compact__away_margin_mean,compact_performance,0.0,567,546,0.16722672374101227,0.17832198596275858,1.0,1.0,0.15220693781075517,0.3762961549727167,False,False,False,,below_bounded_prescreen
diff__detailed__clean__fg3_pct_ros,detailed_efficiency,0.0,567,566,0.22703793738027964,0.15530811407636355,1.0,1.0,0.26868848571451176,0.3737487015517355,False,False,False,,below_bounded_prescreen
diff__detailed__clean__fg3pct_mean,detailed_efficiency,0.0,567,567,0.2165570629718631,0.15884749647531937,1.0,1.0,0.27038194524601045,0.37307407435212275,False,False,False,,below_bounded_prescreen
diff__geography__games_per_distinct_city,geography_and_schedule_dispersion,0.0,567,311,0.16927138675970538,0.16555776498127467,1.0,1.0,0.10736483719138862,0.37241283879049153,False,False,False,,below_bounded_prescreen
diff__detailed__all__fg3_pct_ros,detailed_efficiency,0.0,567,566,0.22627049793228074,0.15093302647648013,1.0,1.0,0.26156199716345774,0.37176488236727395,False,False,False,,below_bounded_prescreen
interaction__clean_shooting_attack_defense_edge,matchup_interactions,0.0,567,567,0.16396642011603857,0.16746408267829685,1.0,1.0,0.14480467191241572,0.3706631852346144,False,False,False,,below_bounded_prescreen
diff__detailed__all__fg3pct_mean,detailed_efficiency,0.0,567,567,0.21577289241420547,0.15115351981139305,1.0,1.0,0.2617359773415881,0.3695542867469303,False,False,False,,below_bounded_prescreen
diff__detailed__neutral__def_rtg_mean,detailed_efficiency,0.07936507936507936,522,522,-0.1723659883171141,0.17997715834826528,1.0,1.0,0.21344371719065175,0.3694225984001,False,False,False,,below_bounded_prescreen
absdiff__adj__net_rtg_a50p0,opponent_adjusted_efficiency,0.0,567,567,0.16624515664323886,0.2339075507236471,0.7777777777777778,1.0,0.10061313722379048,0.36926947776435604,False,True,True,18.0,selected
absdiff__adj__net_rtg_a50p0_z,opponent_adjusted_efficiency,0.0,567,567,0.16546383807856893,0.23390754979365735,0.7777777777777778,1.0,0.10061313402102873,0.369097587361844,False,True,False,,correlation_pruned_or_cap
absdiff__norm__adj__net_rtg_a50p0__z,within_season_normalization,0.0,567,567,0.16546383807856893,0.23390754979365735,0.7777777777777778,1.0,0.10061313402102873,0.369097587361844,False,False,False,,below_bounded_prescreen
interaction__shooting_attack_defense_edge,matchup_interactions,0.0,567,567,0.16276260876145737,0.16399615515948243,1.0,1.0,0.14437317879578945,0.3687510012522406,False,False,False,,below_bounded_prescreen
absdiff__detailed__ewm_h5__efg,detailed_efficiency,0.0,567,567,0.1586750305703206,0.15907895593749574,1.0,1.0,0.08096645467369366,0.3680277473885208,False,False,False,,below_bounded_prescreen
diff__compact__last10_margin_std,compact_performance,0.0,567,567,0.17145168928106408,0.23260888392997148,0.7777777777777778,1.0,0.16110470287752643,0.36737189225756384,False,False,False,,below_bounded_prescreen
diff__detailed__clean__oppstealpct_median,detailed_efficiency,0.0,567,567,-0.15221107725225935,0.16334402199500442,1.0,1.0,0.11546970896386004,0.36727277919454476,False,False,False,,below_bounded_prescreen
diff__compact__neutral_win_pct,compact_performance,0.07936507936507936,522,93,0.1503637853913774,0.17480530976731418,1.0,1.0,0.09597320140055621,0.3667984470691852,False,False,False,,below_bounded_prescreen
absdiff__detailed__clean__efg_mean,detailed_efficiency,0.0,567,567,0.1547981832918047,0.15573403391734117,1.0,1.0,0.05584142396502034,0.36657427964592,False,False,False,,below_bounded_prescreen
absdiff__detailed__clean__efg_trim02,detailed_efficiency,0.0,567,567,0.1547981832918047,0.15573403391734117,1.0,1.0,0.05584142396502034,0.36657427964592,False,False,False,,below_bounded_prescreen
diff__compact__close3_wins,compact_performance,0.0,567,15,-0.19142277625544557,0.21359339922296747,0.7777777777777778,1.0,0.07694930598956518,0.36600431460808425,False,False,False,,below_bounded_prescreen
diff__detailed__all__oppstealpct_median,detailed_efficiency,0.0,567,567,-0.15219625295170588,0.16034215027741275,1.0,1.0,0.11254422195372858,0.36594563890438425,False,False,False,,below_bounded_prescreen
absdiff__detailed__all__efg_mean,detailed_efficiency,0.0,567,567,0.15365101690464497,0.1545661494009626,1.0,1.0,0.05393794961947551,0.36583745744670493,False,False,False,,below_bounded_prescreen
absdiff__detailed__all__efg_trim02,detailed_efficiency,0.0,567,567,0.15365101690464497,0.1545661494009626,1.0,1.0,0.05393794961947551,0.36583745744670493,False,False,False,,below_bounded_prescreen
absdiff__compact__margin_median,compact_performance,0.0,567,61,0.19225816613833505,0.20810202860913932,0.7777777777777778,1.0,0.0548087894236515,0.364437863150319,False,False,False,,below_bounded_prescreen
absdiff__adj__def_rtg_a50p0,opponent_adjusted_efficiency,0.0,567,567,0.17644698318615462,0.21994294043300666,0.7777777777777778,1.0,0.11219957880024822,0.36434740900123175,False,True,True,19.0,selected
absdiff__detailed__last20__efg_mean,detailed_efficiency,0.0,567,567,0.1461921833808789,0.1580669609641983,1.0,1.0,0.09373382916688631,0.36428506843993314,False,False,False,,below_bounded_prescreen
absdiff__detailed__clean__efg_ros,detailed_efficiency,0.0,567,567,0.1552194443392693,0.1487610928714272,1.0,1.0,0.07076513513516386,0.3627229969275178,False,False,False,,below_bounded_prescreen
absdiff__compact__margin_q75,compact_performance,0.0,567,119,0.19912010280553513,0.20486969133301824,0.7777777777777778,1.0,0.10478290893444764,0.362397002544133,False,False,False,,below_bounded_prescreen
absdiff__norm__detailed__all__efg_ros__z,within_season_normalization,0.0,567,567,0.15429354684619384,0.14742335801418419,1.0,1.0,0.06916131904605533,0.36194133939112877,False,False,False,,below_bounded_prescreen
absdiff__detailed__all__efg_ros,detailed_efficiency,0.0,567,567,0.1541536664336586,0.14742335448399332,1.0,1.0,0.06916131278961596,0.36191056425613705,False,False,False,,below_bounded_prescreen
diff__compact__last10_margin_mean,compact_performance,0.0,567,330,0.1892513235730881,0.19939383979671854,0.7777777777777778,1.0,0.07577782181897669,0.3587576658601897,False,False,False,,below_bounded_prescreen
diff__compact__last20_margin_std,compact_performance,0.0,567,567,0.16902810374517596,0.14228611891906542,1.0,1.0,0.1850898893065768,0.35807992433282704,False,False,False,,below_bounded_prescreen
absdiff__detailed__poss0p475__net_rtg_mean,detailed_efficiency,0.0,567,567,0.16793442464019742,0.20523264183000306,0.7777777777777778,1.0,0.0750006086960692,0.3569016615958466,False,False,False,,below_bounded_prescreen
absdiff__detailed__poss0p44__net_rtg_mean,detailed_efficiency,0.0,567,567,0.16756564310370858,0.20532957374211272,0.7777777777777778,1.0,0.07449818633961627,0.3568871538698898,False,False,False,,below_bounded_prescreen
diff__compact__margin_mad,compact_performance,0.0,567,40,0.16699104862769495,0.13189105093479284,1.0,1.0,0.10104232649772557,0.35600404208688435,False,False,False,,below_bounded_prescreen
absdiff__detailed__away__off_rtg_mean,detailed_efficiency,0.0,567,567,0.12709770111547036,0.14638383781048608,1.0,1.0,0.05867394316679299,0.35587877866776507,False,False,False,,below_bounded_prescreen
absdiff__detailed__all__net_rtg_ros,detailed_efficiency,0.0,567,567,0.16611968315768455,0.20073105745096875,0.7777777777777778,1.0,0.07481409383740184,0.354349118562104,False,False,False,,below_bounded_prescreen
absdiff__norm__detailed__all__net_rtg_ros__z,within_season_normalization,0.0,567,567,0.16607383557576455,0.20073106313482814,0.7777777777777778,1.0,0.07481409606983802,0.3543390347330367,False,False,False,,below_bounded_prescreen
absdiff__detailed__last20__off_rtg_mean,detailed_efficiency,0.0,567,567,0.12828133280172593,0.14036421916572875,1.0,1.0,0.03824303124861339,0.354066997165985,False,False,False,,below_bounded_prescreen
absdiff__detailed__clean__net_rtg_ros,detailed_efficiency,0.0,567,567,0.16526376598957337,0.2008164629888769,0.7777777777777778,1.0,0.08231954867795466,0.35390159324969334,False,False,False,,below_bounded_prescreen
absdiff__norm__detailed__clean__net_rtg_ros__z,within_season_normalization,0.0,567,567,0.16510469273829792,0.20081646552466206,0.7777777777777778,1.0,0.08231955371854693,0.35386659814996585,False,False,False,,below_bounded_prescreen
diff__detailed__last10__net_rtg_mean,detailed_efficiency,0.0,567,567,0.18382520921731416,0.18986012565152763,0.7777777777777778,1.0,0.062355418776193994,0.3535246340339391,False,False,False,,below_bounded_prescreen
diff__compact__overtime_periods_mean,compact_performance,0.0,567,178,-0.1861217647646178,0.1957775799213923,0.7777777777777778,1.0,0.16564904866880514,0.35273850910817645,False,False,False,,below_bounded_prescreen
diff__compact__day120plus_games,compact_performance,0.0,567,9,-0.1630793503934693,0.20481992407797503,0.7777777777777778,1.0,0.1486142932277077,0.3526908933593274,False,False,False,,below_bounded_prescreen
diff__detailed__all__defrtg_std,detailed_efficiency,0.0,567,567,0.1479983688435909,0.21334601104714251,0.7777777777777778,1.0,0.1686312230642082,0.3526649219700946,False,False,False,,below_bounded_prescreen
diff__detailed__all__tovpct_std,detailed_efficiency,0.0,567,567,-0.17788669902471277,0.1975779014692546,0.7777777777777778,1.0,0.1571809930062964,0.35212967121487165,False,False,False,,below_bounded_prescreen
diff__detailed__clean__defrtg_std,detailed_efficiency,0.0,567,567,0.14800009941696018,0.21157067355275266,0.7777777777777778,1.0,0.1619888660316628,0.35207883498023046,False,False,False,,below_bounded_prescreen
absdiff__compact__margin_winsor02,compact_performance,0.0,567,567,0.16346154617229935,0.19557518532514817,0.7777777777777778,1.0,0.06834211450493546,0.35154838897822405,False,False,False,,below_bounded_prescreen
diff__detailed__clean__orbpct_std,detailed_efficiency,0.0,567,567,0.14361099649549147,0.21194101300132012,0.7777777777777778,1.0,0.18136842654379023,0.3505158128523346,False,False,False,,below_bounded_prescreen
absdiff__norm__compact__margin_mean__z,within_season_normalization,0.0,567,566,0.1640953933990615,0.192044355548717,0.7777777777777778,1.0,0.0553813777030763,0.3505114665474991,False,False,False,,below_bounded_prescreen
absdiff__norm__compact__margin_trim02__z,within_season_normalization,0.0,567,566,0.1640953933990615,0.192044355548717,0.7777777777777778,1.0,0.0553813777030763,0.3505114665474991,False,False,False,,below_bounded_prescreen
absdiff__compact__margin_mean,compact_performance,0.0,567,560,0.16307891078869544,0.19204436202295055,0.7777777777777778,1.0,0.05538137631633119,0.35028784353632053,False,False,False,,below_bounded_prescreen
absdiff__compact__margin_trim02,compact_performance,0.0,567,560,0.16307891078869544,0.19204436202295055,0.7777777777777778,1.0,0.05538137631633119,0.35028784353632053,False,False,False,,below_bounded_prescreen
diff__detailed__clean__tovpct_std,detailed_efficiency,0.0,567,567,-0.1775649754336513,0.19346014228656,0.7777777777777778,1.0,0.1549818782193481,0.3501703322086226,False,False,False,,below_bounded_prescreen
diff__detailed__all__orbpct_std,detailed_efficiency,0.0,567,567,0.14221669411752186,0.21103673731444403,0.7777777777777778,1.0,0.18860912397361418,0.3494853861022878,False,False,False,,below_bounded_prescreen
absdiff__compact__ewm_h10_margin,compact_performance,0.0,567,567,0.16706285242153132,0.1857482461542148,0.7777777777777778,1.0,0.047594105851113344,0.3484536658971599,False,False,False,,below_bounded_prescreen
absdiff__detailed__neutral__net_rtg_mean,detailed_efficiency,0.07936507936507936,522,522,0.1258837449176376,0.14639912577299902,1.0,1.0,0.08468050013078184,0.3482295778984822,False,False,False,,below_bounded_prescreen
diff__detailed__ewm_h20__tovpct,detailed_efficiency,0.0,567,567,-0.2012563726654746,0.17920801986584797,0.7777777777777778,1.0,0.19192036207037466,0.34706388148364087,False,False,False,,below_bounded_prescreen
diff__compact__pythag_residual_exp8p0,compact_performance,0.0,567,567,-0.16115739238288562,0.1164956293192839,1.0,1.0,0.12155343956918103,0.34651039081472385,False,False,False,,below_bounded_prescreen
mean__prior__program_final_appearances,prior_program_history,0.0,567,14,0.12337275881188715,0.12579300172788607,1.0,1.0,0.05063167289060155,0.3454973808523764,False,False,False,,below_bounded_prescreen
absdiff__detailed__away__net_rtg_mean,detailed_efficiency,0.0,567,567,0.17084034812568155,0.18125416519826815,0.7777777777777778,1.0,0.1415205819609658,0.3433704970488245,False,False,False,,below_bounded_prescreen
absdiff__detailed__poss0p475__off_rtg_mean,detailed_efficiency,0.0,567,567,0.14442779067433087,0.18567476224491208,0.7777777777777778,1.0,0.055291815377181475,0.3431307716552678,False,False,False,,below_bounded_prescreen
absdiff__adj__def_rtg_a10p0,opponent_adjusted_efficiency,0.0,567,567,0.16271054564072987,0.1804548719982704,0.7777777777777778,1.0,0.10751751090275813,0.3425584026084645,False,True,True,20.0,selected
diff__detailed__last5__orb_pct_mean,detailed_efficiency,0.0,567,567,0.16063930500450915,0.18134200265759515,0.7777777777777778,1.0,0.11579049820188117,0.34219763289300686,False,False,False,,below_bounded_prescreen
absdiff__compact__neutral_margin_mean,compact_performance,0.07936507936507936,522,377,0.13022245841267835,0.13194489269828438,1.0,1.0,0.09491345062204694,0.34183674497187755,False,False,False,,below_bounded_prescreen
absdiff__detailed__poss0p44__off_rtg_mean,detailed_efficiency,0.0,567,567,0.14202441928530454,0.18401344415111415,0.7777777777777778,1.0,0.055758535384807434,0.3417859284643539,False,False,False,,below_bounded_prescreen
absdiff__detailed__clean__off_rtg_ros,detailed_efficiency,0.0,567,567,0.1437321657747136,0.18162324025172422,0.7777777777777778,1.0,0.05770652426064671,0.34093641526528323,False,False,False,,below_bounded_prescreen
absdiff__detailed__all__efg_median,detailed_efficiency,0.0,567,558,0.12511374206809384,0.11491378204523839,1.0,1.0,0.04426234429250857,0.3409131448649947,False,False,False,,below_bounded_prescreen
absdiff__detailed__clean__efg_median,detailed_efficiency,0.0,567,559,0.12432065736551208,0.1138325951251601,1.0,1.0,0.03238829431085066,0.34069465850805547,False,False,False,,below_bounded_prescreen
absdiff__detailed__all__off_rtg_ros,detailed_efficiency,0.0,567,567,0.143480719834648,0.18066521840951932,0.7777777777777778,1.0,0.0573039054470697,0.34043735142675347,False,False,False,,below_bounded_prescreen
diff__compact__last5_points_for_mean,compact_performance,0.0,567,211,0.15830469865398708,0.17180198529309743,0.7777777777777778,1.0,0.04279667304907936,0.34002456416704524,False,False,False,,below_bounded_prescreen
absdiff__detailed__ewm_h10__efg,detailed_efficiency,0.0,567,567,0.13837575549519462,0.11119180255456289,1.0,1.0,0.14637293399795798,0.33795981407521464,False,False,False,,below_bounded_prescreen
absdiff__detailed__last10__off_rtg_mean,detailed_efficiency,0.0,567,567,0.11752446790929807,0.10875530878384358,1.0,1.0,0.03968844320191109,0.336470393428214,False,False,False,,below_bounded_prescreen
absdiff__detailed__last10__efg_mean,detailed_efficiency,0.0,567,567,0.1349836163914436,0.10543434558779774,1.0,1.0,0.10835383337101875,0.3359707281534198,False,False,False,,below_bounded_prescreen
diff__detailed__last5__off_rtg_mean,detailed_efficiency,0.0,567,567,0.14355481219941116,0.17770165344620834,0.7777777777777778,1.0,0.14102744693454497,0.33568219890511314,False,False,False,,below_bounded_prescreen
absdiff__norm__rating__margin_ridge_a25p0__z,within_season_normalization,0.0,567,567,0.1337860548953162,0.17417677862314862,0.7777777777777778,1.0,0.09658807425846212,0.3336187072901869,False,False,False,,below_bounded_prescreen
absdiff__rating__margin_ridge_a25p0_z,global_strength_ratings,0.0,567,567,0.1337860548953162,0.17417677862314862,0.7777777777777778,1.0,0.09658807425846212,0.3336187072901869,False,False,False,,below_bounded_prescreen
absdiff__rating__margin_ridge_a25p0,global_strength_ratings,0.0,567,567,0.13277897848203127,0.17417676367633608,0.7777777777777778,1.0,0.09658808299409459,0.3333971429553688,False,False,False,,below_bounded_prescreen
absdiff__adj__net_rtg_a10p0_z,opponent_adjusted_efficiency,0.0,567,567,0.13410827895476143,0.17386880366185956,0.7777777777777778,1.0,0.10668044980029683,0.3331380735801727,False,True,True,21.0,selected
absdiff__norm__adj__net_rtg_a10p0__z,within_season_normalization,0.0,567,567,0.13410827895476143,0.17386880366185956,0.7777777777777778,1.0,0.10668044980029683,0.3331380735801727,False,False,False,,below_bounded_prescreen
absdiff__adj__net_rtg_a10p0,opponent_adjusted_efficiency,0.0,567,567,0.1339818400826059,0.17386880422351997,0.7777777777777778,1.0,0.10668044801976662,0.3331102573691167,False,True,False,,correlation_pruned_or_cap
diff__compact__pythag_residual_exp10p0,compact_performance,0.0,567,567,-0.13259944318036676,0.0982709790710009,1.0,1.0,0.08979942870598918,0.33274997030552156,False,False,False,,below_bounded_prescreen
diff__detailed__ewm_h10__tovpct,detailed_efficiency,0.0,567,567,-0.17145185476469788,0.16203530783696918,0.7777777777777778,1.0,0.18819088214684748,0.3324131649685493,False,False,False,,below_bounded_prescreen
absdiff__detailed__all__opp_ft_rate_ros,detailed_efficiency,0.0,567,567,0.14800667362912967,0.1580086652365333,0.7777777777777778,1.0,0.08537037536152921,0.32943525694192777,False,False,False,,below_bounded_prescreen
absdiff__detailed__clean__opp_ft_rate_ros,detailed_efficiency,0.0,567,567,0.14887551068492605,0.15583347519497587,0.7777777777777778,1.0,0.09425414002123052,0.3282269592878674,False,False,False,,below_bounded_prescreen
diff__detailed__clean__drb_pct_ros,detailed_efficiency,0.0,567,567,0.14179260439390454,0.156809137885612,0.7777777777777778,1.0,0.06840985766873954,0.3281708092894476,False,False,False,,below_bounded_prescreen
diff__detailed__all__drb_pct_ros,detailed_efficiency,0.0,567,567,0.14224965471362902,0.15475374765927105,0.7777777777777778,1.0,0.06983129823754708,0.32722791542839114,False,False,False,,below_bounded_prescreen
absdiff__adj__off_rtg_a50p0,opponent_adjusted_efficiency,0.0,567,567,0.13988762057921772,0.1544683406015927,0.7777777777777778,1.0,0.07099018564028571,0.32652491703502545,False,True,True,22.0,selected
absdiff__detailed__all__ftrate_std,detailed_efficiency,0.0,567,567,-0.11010481201998615,0.16771157790015737,0.7777777777777778,1.0,0.1275174098410983,0.3240683640872731,False,False,False,,below_bounded_prescreen
absdiff__detailed__clean__ftrate_std,detailed_efficiency,0.0,567,567,-0.10897488081490264,0.16708473905499546,0.7777777777777778,1.0,0.12706084937175158,0.3235371589952508,False,False,False,,below_bounded_prescreen
absdiff__detailed__home__net_rtg_mean,detailed_efficiency,0.024691358024691357,553,553,0.12268210059660153,0.1615729620103719,0.7777777777777778,1.0,0.10707847798295335,0.3227310805793818,False,False,False,,below_bounded_prescreen
diff__compact__ewm_h10_points_against,compact_performance,0.0,567,567,-0.14409353132260688,0.14547251750073883,0.7777777777777778,1.0,0.1300349770803656,0.32077043065255806,False,False,False,,below_bounded_prescreen
diff__detailed__all__pace_ros,detailed_efficiency,0.0,567,567,0.13817616372267008,0.1440297048043003,0.7777777777777778,1.0,0.09043100309818278,0.3203602186455687,False,False,False,,below_bounded_prescreen
diff__detailed__clean__drbpct_mean,detailed_efficiency,0.0,567,567,0.13943044389618658,0.14025608252307215,0.7777777777777778,1.0,0.057691138119303126,0.320134416187908,False,False,False,,below_bounded_prescreen
absdiff__detailed__all__oppftmaderate_mean,detailed_efficiency,0.0,567,567,0.13501992348822403,0.14259460144733505,0.7777777777777778,1.0,0.06199328957874391,0.32011450472342484,False,False,False,,below_bounded_prescreen
diff__detailed__clean__ftpct_mean,detailed_efficiency,0.0,567,567,0.13867246865829136,0.14161293923222898,0.7777777777777778,1.0,0.07209508385621324,0.3200427950264899,False,False,False,,below_bounded_prescreen
diff__detailed__all__ftpct_mean,detailed_efficiency,0.0,567,567,0.13894186770078212,0.1413141613361682,0.7777777777777778,1.0,0.07276441793643608,0.3199318760625198,False,False,False,,below_bounded_prescreen
absdiff__detailed__clean__oppftmaderate_mean,detailed_efficiency,0.0,567,567,0.13538920324216502,0.1421220181752343,0.7777777777777778,1.0,0.06776092833930021,0.3197382007482612,False,False,False,,below_bounded_prescreen
diff__detailed__clean__pace_ros,detailed_efficiency,0.0,567,567,0.1377363233031645,0.14230925752272855,0.7777777777777778,1.0,0.0905910773308993,0.31943123608881435,False,False,False,,below_bounded_prescreen
diff__detailed__all__drbpct_mean,detailed_efficiency,0.0,567,567,0.13994087173453215,0.13795144057153338,0.7777777777777778,1.0,0.05924751311496965,0.3190782271757788,False,False,False,,below_bounded_prescreen
mean__prior__program_win_pct_smoothed,prior_program_history,0.0,567,458,0.11372914293012046,0.15304452891090256,0.7777777777777778,1.0,0.10743657702230124,0.31862876668541207,False,False,False,,below_bounded_prescreen
absdiff__compact__margin_q25,compact_performance,0.0,567,116,0.11775904001812773,0.15070405665422493,0.7777777777777778,1.0,0.10864617012518912,0.318343533637453,False,False,False,,below_bounded_prescreen
absdiff__detailed__all__opp_ftmade_rate_ros,detailed_efficiency,0.0,567,567,0.13078078523000378,0.14073669761113058,0.7777777777777778,1.0,0.06262030992896883,0.31826501965122916,False,False,False,,below_bounded_prescreen
diff__detailed__clean__drbpct_median,detailed_efficiency,0.0,567,549,0.1327508755478149,0.14381683980798293,0.7777777777777778,1.0,0.11721291448639831,0.31799320359333955,False,False,False,,below_bounded_prescreen
absdiff__detailed__clean__opp_ftmade_rate_ros,detailed_efficiency,0.0,567,567,0.13088889028791204,0.13931275865557655,0.7777777777777778,1.0,0.06908551602094855,0.31734670382162394,False,False,False,,below_bounded_prescreen
diff__detailed__last20__def_rtg_mean,detailed_efficiency,0.0,567,567,-0.16185720049094424,0.1996453275448968,0.5555555555555556,1.0,0.09506578713124486,0.3165245987331973,False,False,False,,below_bounded_prescreen
diff__compact__day110plus_margin_mean,compact_performance,0.0,567,507,0.1338198593584215,0.13878840325453007,0.7777777777777778,1.0,0.10952026552855708,0.31612243644432936,False,False,False,,below_bounded_prescreen
diff__detailed__all__drbpct_median,detailed_efficiency,0.0,567,549,0.13230759525974423,0.13674646127221707,0.7777777777777778,1.0,0.11466624208953301,0.31460376712867105,False,False,False,,below_bounded_prescreen
absdiff__detailed__all__oppftmaderate_median,detailed_efficiency,0.0,567,563,0.11080879613377236,0.14555320899203109,0.7777777777777778,1.0,0.11012083799765338,0.3142830863901432,False,False,False,,below_bounded_prescreen
absdiff__detailed__neutral__off_rtg_mean,detailed_efficiency,0.07936507936507936,522,522,0.11053835323010709,0.15959802300106712,0.7777777777777778,1.0,0.11933025503132966,0.31424751664512074,False,False,False,,below_bounded_prescreen
absdiff__detailed__clean__oppftmaderate_median,detailed_efficiency,0.0,567,563,0.10778490080887458,0.1475230121605981,0.7777777777777778,1.0,0.13257852412900492,0.31366502749432373,False,False,False,,below_bounded_prescreen
absdiff__compact__home_margin_mean,compact_performance,0.024691358024691357,553,537,0.1094984446372241,0.14787286967321522,0.7777777777777778,1.0,0.1338222877894806,0.3121848795542225,False,False,False,,below_bounded_prescreen
diff__compact__half_winpct_second,compact_performance,0.0,567,182,0.10767557064213067,0.1335475305884709,0.7777777777777778,1.0,0.03836739191049984,0.3107011889917592,False,False,False,,below_bounded_prescreen
diff__detailed__last20__opp_efg_mean,detailed_efficiency,0.0,567,567,-0.15787051414691347,0.1930639740667707,0.5555555555555556,1.0,0.14413474473305155,0.3105257197639377,False,False,False,,below_bounded_prescreen
diff__detailed__last5__net_rtg_mean,detailed_efficiency,0.0,567,567,0.09083061607761875,0.14315587628224133,0.7777777777777778,1.0,0.10921319897084582,0.3087734726381625,False,False,False,,below_bounded_prescreen
diff__compact__last5_margin_mean,compact_performance,0.0,567,237,0.09749268450414972,0.14109274690600646,0.7777777777777778,1.0,0.1224037826689345,0.3087212022434831,False,False,False,,below_bounded_prescreen
absdiff__detailed__all__def_rtg_ros,detailed_efficiency,0.0,567,567,0.15240214777099093,0.18578129114897418,0.5555555555555556,1.0,0.08572374716391698,0.30816343126345785,False,False,False,,below_bounded_prescreen
absdiff__detailed__clean__def_rtg_ros,detailed_efficiency,0.0,567,567,0.15186852989200675,0.18557010396512133,0.5555555555555556,1.0,0.1035173203845698,0.30723292255300577,False,False,False,,below_bounded_prescreen
absdiff__rating__pagerank_margin,global_strength_ratings,0.0,567,567,0.13574565925831436,0.1135927277092309,0.7777777777777778,1.0,0.0509626555283913,0.3067944925605688,False,False,False,,below_bounded_prescreen
absdiff__detailed__poss0p475__def_rtg_mean,detailed_efficiency,0.0,567,567,0.15232147635588877,0.18077399881033684,0.5555555555555556,1.0,0.06557883937007689,0.306547979541343,False,False,False,,below_bounded_prescreen
absdiff__detailed__poss0p44__def_rtg_mean,detailed_efficiency,0.0,567,567,0.153628582113757,0.18022620051412228,0.5555555555555556,1.0,0.06805658767410086,0.3064734896937301,False,False,False,,below_bounded_prescreen
absdiff__norm__rating__pagerank_margin__z,within_season_normalization,0.0,567,567,0.130545755492042,0.11359271634714103,0.7777777777777778,1.0,0.050962634170730964,0.30565050913249214,False,False,False,,below_bounded_prescreen
absdiff__rating__pagerank_margin_z,global_strength_ratings,0.0,567,567,0.130545755492042,0.11359271634714103,0.7777777777777778,1.0,0.050962634170730964,0.30565050913249214,False,False,False,,below_bounded_prescreen
absdiff__detailed__last20__net_rtg_mean,detailed_efficiency,0.0,567,567,0.11780919973459418,0.13032846671071444,0.7777777777777778,1.0,0.18284324207226124,0.3056064027243076,False,False,False,,below_bounded_prescreen
absdiff__rating__pagerank_binary,global_strength_ratings,0.0,567,567,0.1277740853633827,0.1142676444556382,0.7777777777777778,1.0,0.0839721502886021,0.3040443265515509,False,False,False,,below_bounded_prescreen
absdiff__rating__pagerank_binary_z,global_strength_ratings,0.0,567,567,0.12525980597220485,0.11426764328257878,0.7777777777777778,1.0,0.0839721421830054,0.3034911848466471,False,False,False,,below_bounded_prescreen
absdiff__adj__off_rtg_a10p0,opponent_adjusted_efficiency,0.0,567,567,0.11515438054448143,0.11785446295190717,0.7777777777777778,1.0,0.10108100768527875,0.3023053100737347,False,True,True,23.0,selected
diff__detailed__last20__tov_pct_mean,detailed_efficiency,0.0,567,567,-0.11581803056925329,0.12040319855206846,0.7777777777777778,1.0,0.17542305663229416,0.3007010242093813,False,False,False,,below_bounded_prescreen
absdiff__compact__half_marginmean_first,compact_performance,0.0,567,504,0.10024536708638697,0.12212379998625887,0.7777777777777778,1.0,0.11648960320649429,0.300458265068594,False,False,False,,below_bounded_prescreen
diff__geography__neutral_games_with_city,geography_and_schedule_dispersion,0.0,567,29,0.11428319374274287,0.19039324318714607,0.5555555555555556,1.0,0.13607004064274406,0.2999771466164127,False,False,False,,below_bounded_prescreen
diff__detailed__last5__four_factor_edge_mean,detailed_efficiency,0.0,567,567,0.10066212981504452,0.11755930636216076,0.7777777777777778,1.0,0.07730598149985171,0.29992634079759734,False,False,False,,below_bounded_prescreen
mean__prior__program_tournament_wins,prior_program_history,0.0,567,101,0.12156976388542463,0.11491977971068269,0.7777777777777778,1.0,0.16539287385143223,0.29973557180630833,False,False,False,,below_bounded_prescreen
absdiff__compact__last20_margin_median,compact_performance,0.0,567,68,0.1313869140142866,0.10906725176803413,0.7777777777777778,1.0,0.15221946884423515,0.29961306762247447,False,False,False,,below_bounded_prescreen
diff__detailed__last20__pace_mean,detailed_efficiency,0.0,567,562,0.10332904096328825,0.11284387469797819,0.7777777777777778,1.0,0.045228322685186936,0.2995327604039899,False,False,False,,below_bounded_prescreen
absdiff__compact__half_marginmean_second,compact_performance,0.0,567,516,0.137998109633999,0.10496773545132414,0.7777777777777778,1.0,0.14986978462283773,0.29919375019564637,False,False,False,,below_bounded_prescreen
absdiff__compact__last5_margin_median,compact_performance,0.0,567,46,0.10114709606438671,0.11503900106107075,0.7777777777777778,1.0,0.12474845173620863,0.29692558801847513,False,False,False,,below_bounded_prescreen
diff__detailed__neutral__pace_mean,detailed_efficiency,0.07936507936507936,522,518,0.11808621868038327,0.11816222277126305,0.7777777777777778,1.0,0.10489321510106116,0.29659634453108624,False,False,False,,below_bounded_prescreen
diff__detailed__all__oppassistturnoverratio_mean,detailed_efficiency,0.0,567,567,-0.12007506011830249,0.10560602961165674,0.7777777777777778,1.0,0.12441160098697573,0.29657538784458715,False,False,False,,below_bounded_prescreen
diff__detailed__clean__oppassistturnoverratio_mean,detailed_efficiency,0.0,567,567,-0.1200437158506664,0.10437042288390451,0.7777777777777778,1.0,0.12411674983147594,0.29598719492260617,False,False,False,,below_bounded_prescreen
diff__detailed__all__ft_pct_ros,detailed_efficiency,0.0,567,567,0.1243001306235681,0.09682168972832648,0.7777777777777778,1.0,0.06386663394668084,0.29571021889335886,False,False,False,,below_bounded_prescreen
diff__compact__last5_margin_median,compact_performance,0.0,567,78,0.1128653766722835,0.10657082583819287,0.7777777777777778,1.0,0.1181122253687839,0.295704334699928,False,False,False,,below_bounded_prescreen
diff__detailed__clean__ft_pct_ros,detailed_efficiency,0.0,567,567,0.12410330818182423,0.09647974733314021,0.7777777777777778,1.0,0.06265614243491471,0.2955512052669565,False,False,False,,below_bounded_prescreen
absdiff__compact__last20_margin_mean,compact_performance,0.0,567,318,0.11968115907482856,0.10721243179421035,0.7777777777777778,1.0,0.1836313509254367,0.2948910126651102,False,False,False,,below_bounded_prescreen
diff__detailed__clean__steal_pct_ros,detailed_efficiency,0.0,567,567,0.08998185007387434,0.11330276097573584,0.7777777777777778,1.0,0.10132675356052587,0.294572706586629,False,False,False,,below_bounded_prescreen
diff__detailed__all__ftrate_std,detailed_efficiency,0.0,567,567,-0.11207610138888004,0.1773674162540939,0.5555555555555556,1.0,0.10612153795734514,0.2944371294781138,False,False,False,,below_bounded_prescreen
diff__detailed__all__steal_pct_ros,detailed_efficiency,0.0,567,567,0.08912544009674003,0.11147006138568569,0.7777777777777778,1.0,0.10184843948117914,0.2934837331516092,False,False,False,,below_bounded_prescreen
diff__detailed__clean__ftrate_std,detailed_efficiency,0.0,567,567,-0.11005000832926935,0.17626560466771907,0.5555555555555556,1.0,0.10716264247988677,0.2934208752626379,False,False,False,,below_bounded_prescreen
absdiff__compact__ewm_h20_margin,compact_performance,0.0,567,567,0.13631027190719908,0.17265052805456438,0.5555555555555556,1.0,0.21400193127567985,0.2931893249236364,False,False,False,,below_bounded_prescreen
diff__detailed__clean__stealpct_mean,detailed_efficiency,0.0,567,567,0.08660523781666851,0.11223089497525508,0.7777777777777778,1.0,0.10569643574030484,0.29314056892262175,False,False,False,,below_bounded_prescreen
diff__detailed__all__stealpct_mean,detailed_efficiency,0.0,567,567,0.08575234954620226,0.1104139244109162,0.7777777777777778,1.0,0.10631864609506209,0.29205589921804626,False,False,False,,below_bounded_prescreen
absdiff__detailed__home__off_rtg_mean,detailed_efficiency,0.024691358024691357,553,553,0.08760713063489432,0.11632765728350297,0.7777777777777778,1.0,0.14447686772083654,0.29180090532939384,False,False,False,,below_bounded_prescreen
diff__compact__neutral_games,compact_performance,0.07936507936507936,522,29,0.10504319516527592,0.18299697051487218,0.5555555555555556,1.0,0.07835313626104845,0.29035360587274,False,False,False,,below_bounded_prescreen
diff__detailed__neutral__games,detailed_efficiency,0.07936507936507936,522,28,0.10273627731839735,0.18299697051487218,0.5555555555555556,1.0,0.08657910485215868,0.2895170452027823,False,False,False,,below_bounded_prescreen
diff__detailed__ewm_h5__defrtg,detailed_efficiency,0.0,567,567,-0.10243281478218245,0.17454949824814614,0.5555555555555556,1.0,0.184442008032032,0.2878301869787979,False,False,False,,below_bounded_prescreen
absdiff__compact__rest_days_std,compact_performance,0.0,567,566,-0.08275477722677956,0.10521943731835195,0.7777777777777778,1.0,0.13367031605646346,0.28780901270488635,False,False,False,,below_bounded_prescreen
mean__prior__program_tournament_games,prior_program_history,0.0,567,126,0.10139485201071298,0.09859904651041515,0.7777777777777778,1.0,0.1872289179620917,0.2865896974933169,False,False,False,,below_bounded_prescreen
mean__compact__margin_mad,compact_performance,0.0,567,42,0.09283030300917874,0.09659712163677542,0.7777777777777778,1.0,0.11913133133023897,0.2864684762389065,False,False,False,,below_bounded_prescreen
absdiff__compact__margin_q90,compact_performance,0.0,567,250,0.0923111487398099,0.09740148267827511,0.7777777777777778,1.0,0.13137315982031866,0.28625068245996194,False,False,False,,below_bounded_prescreen
mean__detailed__all__opp_ftmade_rate_ros,detailed_efficiency,0.0,567,567,-0.07557811396482156,0.0941418505905982,0.7777777777777778,1.0,0.041603874395907875,0.284595562824356,False,False,False,,below_bounded_prescreen
mean__detailed__clean__opp_ftmade_rate_ros,detailed_efficiency,0.0,567,567,-0.07544141174170468,0.09344191158142633,0.7777777777777778,1.0,0.04617596415793348,0.2840466340203868,False,False,False,,below_bounded_prescreen
mean__compact__margin_iqr,compact_performance,0.0,567,128,0.07428388343399724,0.09627568222508347,0.7777777777777778,1.0,0.07807839115359669,0.28387609062182007,False,False,False,,below_bounded_prescreen
diff__detailed__away__pace_mean,detailed_efficiency,0.0,567,567,0.06723246170070629,0.09983992144141281,0.7777777777777778,1.0,0.10494400884841465,0.28296098795654134,False,False,False,,below_bounded_prescreen
absdiff__rating__elo_season_reset_mov_z,dynamic_ratings,0.0,567,567,0.08873385904067009,0.08847578569000554,0.7777777777777778,1.0,0.0872312452648462,0.2829450207540007,False,False,False,,below_bounded_prescreen
absdiff__rating__elo_season_reset_mov,dynamic_ratings,0.0,567,567,0.08778996756577333,0.08847578784188939,0.7777777777777778,1.0,0.0872312459258943,0.2827373656359858,False,False,False,,below_bounded_prescreen
absdiff__rating__elo_season_reset_mov_delta,dynamic_ratings,0.0,567,567,0.08778996756577333,0.08847578784188939,0.7777777777777778,1.0,0.0872312459258943,0.2827373656359858,False,False,False,,below_bounded_prescreen
mean__detailed__all__oppftmaderate_mean,detailed_efficiency,0.0,567,567,-0.07591037114327372,0.08932885129981583,0.7777777777777778,1.0,0.04328314824534392,0.2822912487900625,False,False,False,,below_bounded_prescreen
absdiff__detailed__last5__off_rtg_mean,detailed_efficiency,0.0,567,567,0.10816452636769663,0.1593461838978032,0.5555555555555556,1.0,0.172727147488225,0.28226216706119867,False,False,False,,below_bounded_prescreen
mean__detailed__clean__oppftmaderate_mean,detailed_efficiency,0.0,567,567,-0.07568873316722521,0.08896409435937054,0.7777777777777778,1.0,0.045290238142793524,0.28198712150802013,False,False,False,,below_bounded_prescreen
diff__compact__ewm_h5_win,compact_performance,0.0,567,567,0.05813500502375091,0.09641565654636551,0.7777777777777778,1.0,0.041212496187264275,0.2818651608444345,False,False,False,,below_bounded_prescreen
absdiff__detailed__ewm_h20__oppefg,detailed_efficiency,0.0,567,567,0.11956907174463244,0.148664707584144,0.5555555555555556,1.0,0.1375572767744916,0.28105085324211754,False,False,False,,below_bounded_prescreen
diff__detailed__last5__efg_mean,detailed_efficiency,0.0,567,567,0.1405866388955849,0.13591918031976744,0.5555555555555556,1.0,0.1149551771607111,0.28046094891297746,False,False,False,,below_bounded_prescreen
absdiff__detailed__ewm_h20__efg,detailed_efficiency,0.0,567,567,0.10426723222371263,0.08235142452145483,0.7777777777777778,1.0,0.17308058859458164,0.27998869576017626,False,False,False,,below_bounded_prescreen
absdiff__rating__elo_mov_538_preseason,dynamic_ratings,0.0,567,567,0.06383191565877588,0.09406941346864026,0.7777777777777778,1.0,0.10079436670016324,0.27960900968631597,False,False,False,,below_bounded_prescreen
absdiff__rating__elo_mov_log_preseason,dynamic_ratings,0.0,567,567,0.06473089533250918,0.09118423770026014,0.7777777777777778,1.0,0.10164403780874796,0.2783879140013714,False,False,False,,below_bounded_prescreen
diff__compact__pythag_residual_exp11p5,compact_performance,0.0,567,567,-0.0952778873480075,0.07347300718001602,0.7777777777777778,1.0,0.0639953790357565,0.27811280794598353,False,False,False,,below_bounded_prescreen
absdiff__compact__day90plus_margin_mean,compact_performance,0.0,567,534,0.13314346422569362,0.14082417075928064,0.5555555555555556,1.0,0.23322765724450367,0.2764469466932161,False,False,False,,below_bounded_prescreen
mean__detailed__clean__oppftmaderate_median,detailed_efficiency,0.0,567,565,-0.06904699706314726,0.07913096321291889,0.7777777777777778,1.0,0.03470589067624095,0.2762294105134883,False,False,False,,below_bounded_prescreen
mean__detailed__all__oppftmaderate_median,detailed_efficiency,0.0,567,565,-0.07037810541822165,0.07899328754846774,0.7777777777777778,1.0,0.046605785803245696,0.2759801742275879,False,False,False,,below_bounded_prescreen
mean__detailed__clean__ftmaderate_median,detailed_efficiency,0.0,567,561,-0.051667551150217796,0.08601950876762891,0.7777777777777778,1.0,0.07775990764049162,0.2739902736003346,False,False,False,,below_bounded_prescreen
seedprior__favorite_seed_games,prequential_seed_priors,0.0,567,58,0.03572685296865225,0.09348557762337849,0.7777777777777778,1.0,0.08934583784265474,0.2736035958430634,False,True,True,61.0,selected
mean__detailed__all__ftmaderate_median,detailed_efficiency,0.0,567,560,-0.052023284131698086,0.0843582824655587,0.7777777777777778,1.0,0.07613229430573934,0.2733362507646566,False,False,False,,below_bounded_prescreen
diff__conference__tourney_win_pct,conference_context,0.015873015873015872,558,16,-0.08740123352856312,0.07087275854067894,0.7777777777777778,1.0,0.09950918853469476,0.2724414311090252,False,False,False,,below_bounded_prescreen
absdiff__detailed__all__ft_rate_ros,detailed_efficiency,0.0,567,567,0.062141660568564926,0.0752765914962024,0.7777777777777778,1.0,0.046697119283532845,0.2723804889163646,False,False,False,,below_bounded_prescreen
absdiff__detailed__clean__ft_rate_ros,detailed_efficiency,0.0,567,567,0.06204707315852803,0.0748434641072158,0.7777777777777778,1.0,0.048695144706044684,0.2720718575225424,False,False,False,,below_bounded_prescreen
absdiff__detailed__last5__tov_pct_mean,detailed_efficiency,0.0,567,567,0.09177950442191339,0.13853556068564016,0.5555555555555556,1.0,0.13005437369585426,0.270375274042983,False,False,False,,below_bounded_prescreen
absdiff__compact__pythag_exp8p0,compact_performance,0.0,567,567,0.04377065560546963,0.08132662491440892,0.7777777777777778,1.0,0.07090137230180231,0.2702747137444919,False,False,False,,below_bounded_prescreen
diff__detailed__clean__ftpct_median,detailed_efficiency,0.0,567,499,0.13266131799787428,0.11499175323284688,0.5555555555555556,1.0,0.08739226517811836,0.26977472979306305,False,False,False,,below_bounded_prescreen
mean__conference__strength_std,conference_context,0.0,567,427,0.11132461982942149,0.1208224514988409,0.5555555555555556,1.0,0.05399616686539989,0.2692152352961893,False,False,False,,below_bounded_prescreen
mean__compact__neutral_games,compact_performance,0.07936507936507936,522,22,-0.04191210715450727,0.09434511175663626,0.7777777777777778,1.0,0.10538157572632248,0.26838629228336225,False,False,False,,below_bounded_prescreen
diff__detailed__all__ftpct_median,detailed_efficiency,0.0,567,501,0.13109190350406147,0.11139358694286933,0.5555555555555556,1.0,0.07968099131841842,0.26801078973962295,False,False,False,,below_bounded_prescreen
diff__compact__day90plus_games,compact_performance,0.0,567,11,0.08610829117466819,0.06933002817432578,0.75,1.0,0.12368899711295853,0.26727467769758506,False,False,False,,below_bounded_prescreen
diff__quality__HasCompleteDetailedCoverage,detailed_efficiency,0.0,567,3,-0.035720913339373266,0.0,1.0,1.0,0.020316174863468203,0.2670459539401234,False,False,False,,below_bounded_prescreen
diff__compact__day120plus_win_pct,compact_performance,0.0,567,32,-0.08418098881610242,0.05615601136463656,0.7777777777777778,1.0,0.09040718159305024,0.2663028601752906,False,False,False,,below_bounded_prescreen
diff__availability__rich_coverage,availability_and_context,0.0,567,3,0.025437350953458615,0.0,1.0,1.0,0.0,0.2655962172097609,False,False,False,,below_bounded_prescreen
diff__quality__RichFeatureCoverageEligible,detailed_efficiency,0.0,567,3,0.025437350953458615,0.0,1.0,1.0,0.0,0.2655962172097609,False,False,False,,below_bounded_prescreen
mean__detailed__neutral__games,detailed_efficiency,0.07936507936507936,522,22,-0.04381602858307985,0.08890380995747313,0.7777777777777778,1.0,0.12336558394185626,0.2654739698054286,False,False,False,,below_bounded_prescreen
absdiff__detailed__last5__efg_mean,detailed_efficiency,0.0,567,567,0.0842283905389865,0.13015961276113636,0.5555555555555556,1.0,0.11669040274092571,0.26522813282317437,False,False,False,,below_bounded_prescreen
absdiff__schedule__top_quartile_games,schedule_and_accomplishment,0.0,567,25,-0.06578416339549123,0.13673488130151185,0.5555555555555556,1.0,0.10007860310585487,0.2649910037363885,False,True,False,,correlation_pruned_or_cap
absdiff__availability__rich_coverage,availability_and_context,0.0,567,2,0.020861521871080334,0.0,1.0,1.0,0.0,0.2645895348116377,False,False,False,,below_bounded_prescreen
mean__availability__rich_coverage,availability_and_context,0.0,567,2,-0.020861521871080334,0.0,1.0,1.0,0.0,0.2645895348116377,False,False,False,,below_bounded_prescreen
absdiff__schedule__opponent_strength_mean,schedule_and_accomplishment,0.0,567,567,-0.06839617166008355,0.13511059805691986,0.5555555555555556,1.0,0.10863143154882404,0.2644438764594758,False,True,False,,correlation_pruned_or_cap
absdiff__detailed__clean__oppefg_median,detailed_efficiency,0.0,567,565,0.09786056827879434,0.12493371360351255,0.5555555555555556,1.0,0.14936120220550528,0.26441194835168946,False,False,False,,below_bounded_prescreen
diff__quality__MissingDetailedGames,detailed_efficiency,0.0,567,7,0.01899316077406473,0.0,1.0,1.0,0.0,0.26417849537029425,False,False,False,,below_bounded_prescreen
absdiff__rating__margin_ridge_a5p0_z,global_strength_ratings,0.0,567,567,0.09481867566959751,0.11982714659928335,0.5555555555555556,1.0,0.07907050327442669,0.26410320777287927,False,False,False,,below_bounded_prescreen
absdiff__detailed__all__oppefg_median,detailed_efficiency,0.0,567,564,0.09776527088802517,0.123896427635199,0.5555555555555556,1.0,0.15027309801231853,0.2638566098286572,False,False,False,,below_bounded_prescreen
absdiff__rating__margin_ridge_a5p0,global_strength_ratings,0.0,567,567,0.09255335011159066,0.11982714803119163,0.5555555555555556,1.0,0.07907051436119976,0.26360483639396287,False,False,False,,below_bounded_prescreen
mean__compact__rest_days_std,compact_performance,0.0,567,566,-0.07246195135439241,0.1335622268254099,0.5555555555555556,1.0,0.1342936785004339,0.26356863992303464,False,False,False,,below_bounded_prescreen
absdiff__norm__schedule__opponent_strength_mean__z,within_season_normalization,0.0,567,567,-0.06387134921866135,0.13511059824226349,0.5555555555555556,1.0,0.10863144055734422,0.26344841525098706,False,False,False,,below_bounded_prescreen
absdiff__compact__ewm_h5_margin,compact_performance,0.0,567,567,0.12682567253124394,0.11260269257943957,0.5555555555555556,1.0,0.2257394279357039,0.2618102521664654,False,False,False,,below_bounded_prescreen
diff__detailed__last5__ft_rate_mean,detailed_efficiency,0.0,567,567,-0.09203243836322851,0.12402669927030342,0.5555555555555556,1.0,0.19666501665750205,0.26080224031224475,False,False,False,,below_bounded_prescreen
diff__compact__neutral_margin_std,compact_performance,0.19576719576719576,456,456,0.12770635028060554,0.12901981392129672,0.5555555555555556,1.0,0.06821698861003486,0.2605237414270675,False,False,False,,below_bounded_prescreen
absdiff__rating__elo_mov_log_z,dynamic_ratings,0.0,567,567,0.07401443005661723,0.12383317343903912,0.5555555555555556,1.0,0.10222006360556116,0.26052318420786097,False,False,False,,below_bounded_prescreen
absdiff__rating__elo_mov_log,dynamic_ratings,0.0,567,567,0.07369692357141946,0.12383317084539952,0.5555555555555556,1.0,0.10222006871036678,0.2604533313319783,False,False,False,,below_bounded_prescreen
absdiff__norm__rating__elo_mov_538__z,within_season_normalization,0.0,567,567,0.07329654862229777,0.12367411516049362,0.5555555555555556,1.0,0.10805873063639718,0.2600553556373754,False,False,False,,below_bounded_prescreen
absdiff__rating__elo_mov_538_z,dynamic_ratings,0.0,567,567,0.07329654862229777,0.12367411516049362,0.5555555555555556,1.0,0.10805873063639718,0.2600553556373754,False,False,False,,below_bounded_prescreen
absdiff__rating__elo_mov_538,dynamic_ratings,0.0,567,567,0.07299916051372342,0.12367409225659434,0.5555555555555556,1.0,0.1080587172186474,0.25998991979632746,False,False,False,,below_bounded_prescreen
absdiff__detailed__last10__tov_pct_mean,detailed_efficiency,0.0,567,567,0.09968276157670103,0.11137364391511878,0.5555555555555556,1.0,0.11442393306630697,0.2597014881923678,False,False,False,,below_bounded_prescreen
diff__detailed__ewm_h5__oppefg,detailed_efficiency,0.0,567,567,-0.08631617964188527,0.11675022281685718,0.5555555555555556,1.0,0.12463001228429967,0.25893335487082314,False,False,False,,below_bounded_prescreen
diff__detailed__clean__oppassistturnoverratio_median,detailed_efficiency,0.0,567,534,-0.11176681071915234,0.10034328263525727,0.5555555555555556,1.0,0.10101451861780453,0.2576017821673137,False,False,False,,below_bounded_prescreen
diff__detailed__all__oppassistturnoverratio_median,detailed_efficiency,0.0,567,535,-0.11249464059967713,0.09991431101020369,0.5555555555555556,1.0,0.10092279976165797,0.25755966711524936,False,False,False,,below_bounded_prescreen
absdiff__detailed__clean__oppefg_mean,detailed_efficiency,0.0,567,567,0.1142245838881884,0.18305776977068694,0.3333333333333333,1.0,0.2462681605638235,0.2564797448561116,False,False,False,,below_bounded_prescreen
absdiff__schedule__opponent_strength_median,schedule_and_accomplishment,0.0,567,563,-0.057204289187756184,0.12320877114905171,0.5555555555555556,1.0,0.1102843877565946,0.25620266715147627,False,True,False,,correlation_pruned_or_cap
diff__detailed__ewm_h5__ftrate,detailed_efficiency,0.0,567,567,-0.07330396566649681,0.11657062225860457,0.5555555555555556,1.0,0.1369396406229121,0.2554920743947319,False,False,False,,below_bounded_prescreen
mean__compact__neutral_margin_std,compact_performance,0.19576719576719576,456,455,0.09549214933479228,0.13431158661352827,0.5555555555555556,1.0,0.16312586039791657,0.2521803132397445,False,False,False,,below_bounded_prescreen
absdiff__detailed__all__oppefg_mean,detailed_efficiency,0.0,567,567,0.11423430624852904,0.1753492407151505,0.3333333333333333,1.0,0.2652943200135845,0.25202074345073855,False,False,False,,below_bounded_prescreen
diff__detailed__last10__pace_mean,detailed_efficiency,0.0,567,562,0.09087792432455719,0.09523570853516831,0.5555555555555556,1.0,0.07170907582716296,0.25172680930408575,False,False,False,,below_bounded_prescreen
absdiff__detailed__home__def_rtg_mean,detailed_efficiency,0.024691358024691357,553,553,0.06566482997932173,0.11056344170893843,0.5555555555555556,1.0,0.08021043741232058,0.251221877366162,False,False,False,,below_bounded_prescreen
mean__detailed__home__games,detailed_efficiency,0.024691358024691357,553,22,0.11301090508278774,0.08660107753475942,0.5555555555555556,1.0,0.06439620870400953,0.250768648233651,False,False,False,,below_bounded_prescreen
absdiff__detailed__ewm_h10__oppefg,detailed_efficiency,0.0,567,567,0.11695581231350125,0.16948302759877332,0.3333333333333333,1.0,0.24708343031383173,0.2505321280771616,False,False,False,,below_bounded_prescreen
mean__compact__last10_margin_std,compact_performance,0.0,567,567,0.09614882050809972,0.09181389042292125,0.5555555555555556,1.0,0.11460302754687939,0.24952817570179786,False,False,False,,below_bounded_prescreen
absdiff__detailed__last20__tov_pct_mean,detailed_efficiency,0.0,567,567,0.07727988279936135,0.09992881212227495,0.5555555555555556,1.0,0.10856995526097576,0.24951349471300133,False,False,False,,below_bounded_prescreen
mean__detailed__last20__pace_mean,detailed_efficiency,0.0,567,562,0.03744628951789527,0.11550662627076004,0.5555555555555556,1.0,0.10108246039583627,0.24852695477695724,False,False,False,,below_bounded_prescreen
diff__compact__last20_points_against_mean,compact_performance,0.0,567,379,-0.07867880511334964,0.09590747376005199,0.5555555555555556,1.0,0.09431224977232401,0.24846132342775784,False,False,False,,below_bounded_prescreen
diff__compact__day90plus_win_pct,compact_performance,0.0,567,234,0.047198255040608206,0.11011617782039235,0.5555555555555556,1.0,0.10400754821357946,0.2479679684230678,False,False,False,,below_bounded_prescreen
mean__compact__home_games,compact_performance,0.024691358024691357,553,21,0.1079501352991113,0.08660107753475942,0.5555555555555556,1.0,0.10667243515262098,0.24796422982329777,False,False,False,,below_bounded_prescreen
absdiff__norm__schedule__opponent_strength_mean__pct,within_season_normalization,0.0,567,384,-0.05071067422311345,0.10222559405187763,0.5555555555555556,1.0,0.06680886008697148,0.24644116795939627,False,False,False,,below_bounded_prescreen
absdiff__detailed__away__def_rtg_mean,detailed_efficiency,0.0,567,567,0.11144445217531129,0.07791160204568982,0.5555555555555556,1.0,0.11739767043825253,0.2461083305318584,False,False,False,,below_bounded_prescreen
mean__schedule__opponent_strength_std,schedule_and_accomplishment,0.0,567,567,0.052177988320061416,0.10889378846276183,0.5555555555555556,1.0,0.1640944894024038,0.24607328520533195,False,True,False,,correlation_pruned_or_cap
mean__detailed__last10__pace_mean,detailed_efficiency,0.0,567,554,0.03468946934807927,0.11347744803204357,0.5555555555555556,1.0,0.1372022400414905,0.2455016575991876,False,False,False,,below_bounded_prescreen
absdiff__seed__number,selection_committee_prior,0.0,567,14,-0.04962453888044786,0.1052095498909816,0.5555555555555556,1.0,0.12475112391189419,0.24531682643378283,False,True,False,,correlation_pruned_or_cap
matchup__seed_gap_abs,matchup_context,0.0,567,14,-0.04962453888044786,0.1052095498909816,0.5555555555555556,1.0,0.12475112391189419,0.24531682643378283,False,True,True,9.0,selected
absdiff__detailed__last10__ft_rate_mean,detailed_efficiency,0.0,567,567,0.0727310183298942,0.0922211919732603,0.5555555555555556,1.0,0.15401553193958653,0.2429952637910471,False,False,False,,below_bounded_prescreen
seedprior__favorite_prob_pc8p0,prequential_seed_priors,0.0,567,203,-0.05182328802606739,0.09962633508370689,0.5555555555555556,1.0,0.13170903658803304,0.2428422916312817,False,True,True,62.0,selected
seedprior__favorite_prob_pc2p0,prequential_seed_priors,0.0,567,203,-0.0484961520601904,0.10048117584137756,0.5555555555555556,1.0,0.134547271797627,0.24240711587408692,False,True,False,,correlation_pruned_or_cap
diff__compact__half_pointsagainstmean_second,compact_performance,0.0,567,522,-0.05047466500672717,0.09497987350419038,0.5555555555555556,1.0,0.0876698604971171,0.24207686005249557,False,False,False,,below_bounded_prescreen
diff__detailed__clean__oppftpct_mean,detailed_efficiency,0.0,567,567,-0.07665499648907113,0.08439686420507168,0.5555555555555556,1.0,0.12456277751438753,0.24128097183434344,False,False,False,,below_bounded_prescreen
absdiff__compact__day110plus_margin_mean,compact_performance,0.0,567,465,0.09305780177452086,0.07874967336515416,0.5555555555555556,1.0,0.16826490873261052,0.24043085214525306,False,False,False,,below_bounded_prescreen
mean__prior__program_appearances,prior_program_history,0.0,567,41,0.04871728047780712,0.09674048857660383,0.5555555555555556,1.0,0.16349282332066675,0.23950241217794963,False,False,False,,below_bounded_prescreen
absdiff__compact__last10_margin_median,compact_performance,0.0,567,69,0.10113100702299797,0.0732565393637777,0.5555555555555556,1.0,0.182102695098695,0.23901674152461394,False,False,False,,below_bounded_prescreen
diff__detailed__all__oppftpct_mean,detailed_efficiency,0.0,567,567,-0.07547718264238426,0.07812227087476181,0.5555555555555556,1.0,0.12031584066894786,0.2381799254633412,False,False,False,,below_bounded_prescreen
diff__detailed__clean__assistperfgm_median,detailed_efficiency,0.0,567,551,0.04149693802287493,0.09142070440913876,0.5555555555555556,1.0,0.0975419090477926,0.23799847700839627,False,False,False,,below_bounded_prescreen
absdiff__compact__neutral_margin_std,compact_performance,0.19576719576719576,456,456,0.09981027771557074,0.09240947745877749,0.5555555555555556,1.0,0.045617192434958126,0.23771763580775365,False,False,False,,below_bounded_prescreen
diff__detailed__all__assistperfgm_median,detailed_efficiency,0.0,567,550,0.04136583622777986,0.0905681331927494,0.5555555555555556,1.0,0.10004155119861113,0.23746041474357574,False,False,False,,below_bounded_prescreen
absdiff__detailed__last20__ft_rate_mean,detailed_efficiency,0.0,567,567,0.0562318323783905,0.07769276590671317,0.5555555555555556,1.0,0.04406877326165812,0.2367896687168908,False,False,False,,below_bounded_prescreen
absdiff__compact__rest_days_mean,compact_performance,0.0,567,335,-0.050608180234918865,0.081553309493584,0.5555555555555556,1.0,0.08423587463621275,0.23579884211204286,False,False,False,,below_bounded_prescreen
mean__compact__last20_margin_std,compact_performance,0.0,567,567,0.08804098527127838,0.06718334989246554,0.5555555555555556,1.0,0.12007020185024446,0.2357031055229438,False,False,False,,below_bounded_prescreen
diff__detailed__all__oppassistperfgm_mean,detailed_efficiency,0.0,567,567,-0.10480916094308423,0.14336061138351294,0.3333333333333333,1.0,0.24382523842034456,0.2354514326680843,False,False,False,,below_bounded_prescreen
diff__detailed__clean__oppassistperfgm_mean,detailed_efficiency,0.0,567,567,-0.10453799054212531,0.14229122813019682,0.3333333333333333,1.0,0.23624462003644492,0.23518169595363755,False,False,False,,below_bounded_prescreen
mean__compact__games,compact_performance,0.0,567,12,0.05556967769472873,0.07710557922123984,0.5555555555555556,1.0,0.07908401753820253,0.23496153530639624,False,False,False,,below_bounded_prescreen
absdiff__detailed__clean__opp_efg_ros,detailed_efficiency,0.0,567,567,0.10055686087434901,0.14411030350015427,0.3333333333333333,1.0,0.25785947184225455,0.23431440953207397,False,False,False,,below_bounded_prescreen
diff__compact__last10_win_pct,compact_performance,0.0,567,14,0.024704802343924814,0.09124617842380943,0.5555555555555556,1.0,0.10044389242818967,0.2341043553508533,False,False,False,,below_bounded_prescreen
absdiff__detailed__last5__net_rtg_mean,detailed_efficiency,0.0,567,567,0.08312563447379359,0.06651590523559611,0.5555555555555556,1.0,0.12549654524538711,0.23408430117639414,False,False,False,,below_bounded_prescreen
diff__compact__day120plus_margin_mean,compact_performance,0.0,567,348,0.060133800732243316,0.07433714810128995,0.5555555555555556,1.0,0.11913794470488397,0.23303463835040625,False,False,False,,below_bounded_prescreen
diff__detailed__clean__assistperfgm_mean,detailed_efficiency,0.0,567,567,0.037413565828467214,0.08281907024538199,0.5555555555555556,1.0,0.09764996653853256,0.23296702842739372,False,False,False,,below_bounded_prescreen
diff__detailed__all__assistperfgm_mean,detailed_efficiency,0.0,567,567,0.03762987116378801,0.08247800560200595,0.5555555555555556,1.0,0.09847270402562121,0.23281799507286027,False,False,False,,below_bounded_prescreen
absdiff__compact__last5_margin_mean,compact_performance,0.0,567,144,0.0775159666192505,0.06706920215171149,0.5555555555555556,1.0,0.14321395239278684,0.23240706048223406,False,False,False,,below_bounded_prescreen
diff__detailed__all__stealpct_median,detailed_efficiency,0.0,567,567,0.04945756565712228,0.0756711065099331,0.5555555555555556,1.0,0.1196985154154765,0.23130374384160463,False,False,False,,below_bounded_prescreen
mean__schedule__top_decile_games,schedule_and_accomplishment,0.0,567,28,0.035625040114660764,0.07873357645877495,0.5555555555555556,1.0,0.09099971440558392,0.23087852583810287,False,True,False,,correlation_pruned_or_cap
diff__detailed__clean__stealpct_median,detailed_efficiency,0.0,567,567,0.05065020260495378,0.0737505904090225,0.5555555555555556,1.0,0.1189103129413484,0.2306758043406556,False,False,False,,below_bounded_prescreen
absdiff__detailed__all__opp_efg_ros,detailed_efficiency,0.0,567,567,0.10069355231152032,0.1367387698091091,0.3333333333333333,1.0,0.2752246961626025,0.23011153650373609,False,False,False,,below_bounded_prescreen
mean__detailed__away__pace_mean,detailed_efficiency,0.0,567,567,0.040028852070644785,0.06830460901661792,0.5555555555555556,1.0,0.03703487406575157,0.2290000537097773,False,False,False,,below_bounded_prescreen
mean__compact__home_margin_std,compact_performance,0.031746031746031744,549,548,0.07970671494217062,0.14177529192177338,0.3333333333333333,1.0,0.1984477592092159,0.22844335783501094,False,False,False,,below_bounded_prescreen
diff__detailed__all__oppfg3pct_median,detailed_efficiency,0.0,567,462,-0.0641040972489066,0.14315615029054565,0.3333333333333333,1.0,0.20196344076832146,0.22807264923682183,False,False,False,,below_bounded_prescreen
absdiff__compact__day120plus_margin_mean,compact_performance,0.0,567,272,0.062004129115980855,0.05468950691794337,0.5555555555555556,1.0,0.04208968485100619,0.22709717322097725,False,False,False,,below_bounded_prescreen
diff__detailed__all__oppfg3pct_mean,detailed_efficiency,0.0,567,567,-0.11546199249638422,0.12312966239388735,0.3333333333333333,1.0,0.2751372373967318,0.22683172013573452,False,False,False,,below_bounded_prescreen
diff__detailed__clean__oppfg3pct_median,detailed_efficiency,0.0,567,462,-0.06333988961668302,0.1392117805642791,0.3333333333333333,1.0,0.20324421499940887,0.2259599951198812,False,False,False,,below_bounded_prescreen
diff__detailed__last10__def_rtg_mean,detailed_efficiency,0.0,567,567,-0.05989867257257328,0.14218683766323767,0.3333333333333333,1.0,0.22786792548082968,0.22564600635842036,False,False,False,,below_bounded_prescreen
diff__compact__last5_win_pct,compact_performance,0.0,567,8,-0.08022763523529682,0.04860458056436725,0.5555555555555556,1.0,0.10694518350844784,0.22559135997121255,False,False,False,,below_bounded_prescreen
diff__detailed__clean__oppfg3pct_mean,detailed_efficiency,0.0,567,567,-0.11253783056451175,0.12091497426856533,0.3333333333333333,1.0,0.2751542102138041,0.2251246752978851,False,False,False,,below_bounded_prescreen
absdiff__detailed__clean__offrtg_std,detailed_efficiency,0.0,567,567,0.03820228617214796,0.06158045627029647,0.5555555555555556,1.0,0.06052295759659543,0.22443109255263993,False,False,False,,below_bounded_prescreen
absdiff__rating__elo_standard_z,dynamic_ratings,0.0,567,567,0.07807583425827609,0.13161866137345507,0.3333333333333333,1.0,0.23365119048845293,0.2243409267098744,False,False,False,,below_bounded_prescreen
absdiff__rating__elo_standard,dynamic_ratings,0.0,567,567,0.07806509304185885,0.13161865789527283,0.3333333333333333,1.0,0.23365117968978727,0.22433856240468175,False,False,False,,below_bounded_prescreen
absdiff__schedule__elite_wins,schedule_and_accomplishment,0.0,567,16,0.06568518582532011,0.05218354375266359,0.5555555555555556,1.0,0.10325129150173923,0.22425767911166827,False,True,False,,correlation_pruned_or_cap
seedprior__generic_gender_games,prequential_seed_priors,0.0,567,10,-0.057866923840273816,0.09630261444211728,0.42857142857142855,1.0,0.09630261444211728,0.2236753021708204,False,True,True,63.0,selected
absdiff__compact__away_win_pct,compact_performance,0.0,567,300,0.08628173226672685,0.042849557656263144,0.5555555555555556,1.0,0.12170962871435433,0.22357027251400094,False,False,False,,below_bounded_prescreen
diff__detailed__last10__opp_efg_mean,detailed_efficiency,0.0,567,567,-0.0683528075814606,0.1271134716253901,0.3333333333333333,1.0,0.16967034950408552,0.2225986034012785,False,False,False,,below_bounded_prescreen
absdiff__detailed__all__opp_tov_pct_ros,detailed_efficiency,0.0,567,567,0.0034133389313506348,0.06991851588050409,0.5555555555555556,1.0,0.018853694683896492,0.22244656328907214,False,False,False,,below_bounded_prescreen
mean__geography__neutral_games_with_city,geography_and_schedule_dispersion,0.0,567,24,-0.038732773158936466,0.06048138534749561,0.5555555555555556,1.0,0.10975666026742362,0.22205089753995585,False,False,False,,below_bounded_prescreen
absdiff__detailed__clean__defrtg_std,detailed_efficiency,0.0,567,567,-0.04196486786371342,0.14363110129516632,0.3333333333333333,1.0,0.2581157635947363,0.22118390234124066,False,False,False,,below_bounded_prescreen
absdiff__detailed__all__defrtg_std,detailed_efficiency,0.0,567,567,-0.04076327979528326,0.14393401515185344,0.3333333333333333,1.0,0.257743947351683,0.22107982426711797,False,False,False,,below_bounded_prescreen
diff__detailed__clean__ftmade_rate_ros,detailed_efficiency,0.0,567,567,0.05994190474441303,0.13718957569651571,0.3333333333333333,1.0,0.28448621668467855,0.22099210004404463,False,False,False,,below_bounded_prescreen
absdiff__detailed__clean__opp_tov_pct_ros,detailed_efficiency,0.0,567,567,0.0027625549965901138,0.066703883046509,0.5555555555555556,1.0,0.015083632023385612,0.2209111695695276,False,False,False,,below_bounded_prescreen
diff__detailed__all__ftmade_rate_ros,detailed_efficiency,0.0,567,567,0.05883942828205756,0.1375897552521474,0.3333333333333333,1.0,0.29110830858680664,0.22067675773294448,False,False,False,,below_bounded_prescreen
absdiff__schedule__opponent_strength_pct_mean,schedule_and_accomplishment,0.0,567,567,-0.0607024770133048,0.12297254800855273,0.3333333333333333,1.0,0.12647275825382542,0.22065579099021268,False,False,False,,below_bounded_prescreen
diff__compact__last5_margin_std,compact_performance,0.0,567,567,0.11900710984795888,0.10379352199286421,0.3333333333333333,1.0,0.24487818883046633,0.21954066050324048,False,False,False,,below_bounded_prescreen
absdiff__rating__elo_standard_preseason,dynamic_ratings,0.0,567,567,0.07084613394326848,0.12232250387899005,0.3333333333333333,1.0,0.20326390020274243,0.21950372865465792,False,False,False,,below_bounded_prescreen
diff__quality__FlaggedPossessionRate,detailed_efficiency,0.0,567,12,-0.04940518704060862,0.16079530589251817,0.25,1.0,0.2171073599316437,0.21936659358007685,False,False,False,,below_bounded_prescreen
absdiff__norm__rating__pagerank_margin__pct,within_season_normalization,0.0,567,313,-0.02403515234181783,0.0581297892709153,0.5555555555555556,1.0,0.07034683763234288,0.21926504774883443,False,False,False,,below_bounded_prescreen
absdiff__rating__pagerank_margin_percentile,global_strength_ratings,0.0,567,313,-0.02403515234181783,0.0581297892709153,0.5555555555555556,1.0,0.07034683763234288,0.21926504774883443,False,False,False,,below_bounded_prescreen
diff__quality__FlaggedPossessionGames,detailed_efficiency,0.0,567,4,-0.04643166603004486,0.16188886296644728,0.25,1.0,0.21722762634837806,0.21923251569656943,False,False,False,,below_bounded_prescreen
diff__detailed__last5__opp_efg_mean,detailed_efficiency,0.0,567,567,0.02080969565325662,0.05671886253151862,0.5555555555555556,1.0,0.04703555023504915,0.21881065393833232,False,False,False,,below_bounded_prescreen
absdiff__detailed__clean__tov_pct_ros,detailed_efficiency,0.0,567,567,0.055735510454761474,0.04186751113154715,0.5555555555555556,1.0,0.06424497790429953,0.21867730741590707,False,False,False,,below_bounded_prescreen
diff__detailed__last10__tov_pct_mean,detailed_efficiency,0.0,567,567,-0.05105314361448597,0.1276781171977973,0.3333333333333333,1.0,0.18076655792864676,0.21861985886631707,False,False,False,,below_bounded_prescreen
absdiff__detailed__all__tov_pct_ros,detailed_efficiency,0.0,567,567,0.05593789023777786,0.041864080337646464,0.5555555555555556,1.0,0.06685973147085032,0.2186155940444363,False,False,False,,below_bounded_prescreen
absdiff__norm__rating__bt_c1p0__z,within_season_normalization,0.0,567,567,0.05556848798901062,0.12391008046746414,0.3333333333333333,1.0,0.16992742323590113,0.21823814238586242,False,False,False,,below_bounded_prescreen
absdiff__rating__bt_c1p0_z,global_strength_ratings,0.0,567,567,0.05556848798901062,0.12391008046746414,0.3333333333333333,1.0,0.16992742323590113,0.21823814238586242,False,False,False,,below_bounded_prescreen
interaction__combined_margin_volatility,matchup_interactions,0.0,567,567,0.0794120293068939,0.11229222465724645,0.3333333333333333,1.0,0.16367424595446695,0.2181572777781496,False,False,False,,below_bounded_prescreen
absdiff__rating__bt_c1p0,global_strength_ratings,0.0,567,567,0.05476947641953533,0.12391008197953415,0.3333333333333333,1.0,0.16992743416369635,0.21806236012925964,False,False,False,,below_bounded_prescreen
diff__detailed__ewm_h5__tovpct,detailed_efficiency,0.0,567,567,-0.09127223023923817,0.10877669173439616,0.3333333333333333,1.0,0.19252630670472,0.2179249837502871,False,False,False,,below_bounded_prescreen
diff__compact__pythag_residual_exp13p91,compact_performance,0.0,567,567,-0.02954718007431342,0.05066238868115852,0.5555555555555556,1.0,0.04701343611438467,0.21782667762761854,False,False,False,,below_bounded_prescreen
diff__compact__day110plus_games,compact_performance,0.0,567,10,-0.08781608280336695,0.11066790394143054,0.3333333333333333,1.0,0.20683999617062485,0.21749986559513573,False,False,False,,below_bounded_prescreen
absdiff__compact__pythag_exp10p0,compact_performance,0.0,567,567,0.014994931152530035,0.05811051600058084,0.5555555555555556,1.0,0.0682263111363685,0.21735176897726957,False,False,False,,below_bounded_prescreen
absdiff__compact__margin_mad,compact_performance,0.0,567,23,0.05936339968866644,0.12519888306848947,0.3333333333333333,1.0,0.23115246398593836,0.21724264657827738,False,False,False,,below_bounded_prescreen
matchup__equal_seed,matchup_context,0.0,567,2,0.028087760129043397,0.09630261444211728,0.42857142857142855,1.0,0.09630261444211728,0.21712388615434972,False,True,True,10.0,selected
mean__detailed__neutral__pace_mean,detailed_efficiency,0.07936507936507936,522,520,0.030694944596035778,0.14473488560684472,0.3333333333333333,1.0,0.17194109621177417,0.21633211603806934,False,False,False,,below_bounded_prescreen
mean__detailed__all__defrtg_std,detailed_efficiency,0.0,567,567,0.06933511843924971,0.11194660114376788,0.3333333333333333,1.0,0.15503686769660957,0.21611995323111247,False,False,False,,below_bounded_prescreen
mean__compact__margin_std,compact_performance,0.0,567,567,0.0792318712652474,0.10979950763071579,0.3333333333333333,1.0,0.18428064655607046,0.21609688281218853,False,False,False,,below_bounded_prescreen
absdiff__detailed__last10__net_rtg_mean,detailed_efficiency,0.0,567,567,0.10031731042392696,0.10494977483129309,0.3333333333333333,1.0,0.25542275185238056,0.2155621234715227,False,False,False,,below_bounded_prescreen
diff__detailed__all__ftmaderate_mean,detailed_efficiency,0.0,567,567,0.056567939640229714,0.1272262640453624,0.3333333333333333,1.0,0.29599085102482126,0.21500725275496502,False,False,False,,below_bounded_prescreen
diff__conference__tourney_wins,conference_context,0.015873015873015872,558,7,-0.07186364266090153,0.03264542278080803,0.5555555555555556,1.0,0.10618923504538201,0.21485128253741853,False,False,False,,below_bounded_prescreen
mean__prior__program_years_since_appearance,prior_program_history,0.10229276895943562,509,19,-0.10662283848172603,0.11048862082297627,0.3333333333333333,1.0,0.17010832854056618,0.21483714113596414,False,False,False,,below_bounded_prescreen
diff__detailed__clean__ftmaderate_mean,detailed_efficiency,0.0,567,567,0.05759337535195382,0.12514093548057392,0.3333333333333333,1.0,0.29135291547059816,0.21441740832261472,False,False,False,,below_bounded_prescreen
mean__compact__close3_games,compact_performance,0.0,567,15,-0.0488285029638708,0.12170047928760493,0.3333333333333333,1.0,0.208204153584442,0.21416366790005759,False,False,False,,below_bounded_prescreen
mean__detailed__clean__tovpct_std,detailed_efficiency,0.0,567,567,-0.04870947752185345,0.047422265708187805,0.5555555555555556,1.0,0.21105729762496594,0.21392536957862815,False,False,False,,below_bounded_prescreen
absdiff__compact__close5_win_pct,compact_performance,0.08112874779541446,521,114,0.074129311768352,0.03920981719390883,0.5555555555555556,1.0,0.1051469014139754,0.21332187385081042,False,False,False,,below_bounded_prescreen
mean__detailed__all__tovpct_std,detailed_efficiency,0.0,567,567,-0.048782318957705226,0.04442237726089928,0.5555555555555556,1.0,0.20378710136445122,0.21279225609023766,False,False,False,,below_bounded_prescreen
diff__detailed__last10__ft_rate_mean,detailed_efficiency,0.0,567,567,-0.056610022471472045,0.10492266484291012,0.3333333333333333,1.0,0.13340614972981746,0.21081417141246134,False,False,False,,below_bounded_prescreen
diff__geography__distinct_cities,geography_and_schedule_dispersion,0.0,567,12,-0.06310780272623408,0.1008196622637772,0.3333333333333333,1.0,0.12671722448842676,0.2105417988401808,False,False,False,,below_bounded_prescreen
diff__detailed__all__oppassistperfgm_median,detailed_efficiency,0.0,567,519,-0.10666352874213597,0.08892804945734989,0.3333333333333333,1.0,0.23776825052825287,0.20997404337500108,False,False,False,,below_bounded_prescreen
seedprior__effective_games_pc2p0,prequential_seed_priors,0.0,567,149,0.033473778853031474,0.11959082164022397,0.3333333333333333,1.0,0.21459643637325895,0.2095173016133774,False,True,True,64.0,selected
seedprior__effective_games_pc8p0,prequential_seed_priors,0.0,567,149,0.033473778853031474,0.11959082164022397,0.3333333333333333,1.0,0.21459643637325895,0.2095173016133774,False,True,False,,correlation_pruned_or_cap
absdiff__norm__compact__win_pct__pct,within_season_normalization,0.0,567,360,0.03199959749727092,0.1154886541047398,0.3333333333333333,1.0,0.1647070971090814,0.2092195148686448,False,False,False,,below_bounded_prescreen
diff__detailed__clean__offrtg_std,detailed_efficiency,0.0,567,567,0.0490216496685547,0.11060469787694982,0.3333333333333333,1.0,0.2015450869897057,0.20914654776176306,False,False,False,,below_bounded_prescreen
diff__detailed__clean__oppfoulrate_median,detailed_efficiency,0.0,567,567,-0.03260808773476279,0.11977839451484762,0.3333333333333333,1.0,0.24069039932260256,0.2083731260292039,False,False,False,,below_bounded_prescreen
diff__detailed__all__oppfoulrate_median,detailed_efficiency,0.0,567,567,-0.03390209174199123,0.11916704343442502,0.3333333333333333,1.0,0.2414113315555263,0.20833552110287437,False,False,False,,below_bounded_prescreen
diff__detailed__clean__oppassistperfgm_median,detailed_efficiency,0.0,567,514,-0.10529825396442861,0.08466036963708128,0.3333333333333333,1.0,0.23671121404760093,0.2076674780694026,False,False,False,,below_bounded_prescreen
diff__detailed__clean__oppfg3attemptrate_median,detailed_efficiency,0.0,567,565,-0.03244754753919336,0.10775117098294586,0.3333333333333333,1.0,0.1336566887620501,0.20684608831328788,False,False,False,,below_bounded_prescreen
diff__detailed__last5__pace_mean,detailed_efficiency,0.0,567,551,0.0747833994300891,0.0973306153778191,0.3333333333333333,1.0,0.2487715928330371,0.2065535128759846,False,False,False,,below_bounded_prescreen
diff__detailed__all__oppfg3attemptrate_median,detailed_efficiency,0.0,567,565,-0.03264471939940717,0.10649813977546937,0.3333333333333333,1.0,0.13374184813911744,0.2062846047678635,False,False,False,,below_bounded_prescreen
interaction__pace_mean,matchup_interactions,0.0,567,566,0.03456931373754126,0.10686635621826654,0.3333333333333333,1.0,0.17217049852429878,0.2053476133993884,False,False,False,,below_bounded_prescreen
mean__detailed__all__pace_ros,detailed_efficiency,0.0,567,566,0.03456931373754126,0.10686635621826654,0.3333333333333333,1.0,0.17217049852429878,0.2053476133993884,False,False,False,,below_bounded_prescreen
mean__detailed__clean__pace_ros,detailed_efficiency,0.0,567,566,0.034201053127542604,0.1067654400778266,0.3333333333333333,1.0,0.1758682442553249,0.20507024648853647,False,False,False,,below_bounded_prescreen
diff__detailed__all__offrtg_std,detailed_efficiency,0.0,567,567,0.04774285361511874,0.10191030593051077,0.3333333333333333,1.0,0.1967965020090895,0.20488184789494104,False,False,False,,below_bounded_prescreen
interaction__turnover_pressure_edge,matchup_interactions,0.0,567,567,0.08680956971070784,0.08146515572516586,0.3333333333333333,1.0,0.16904157742955525,0.20477305032058646,False,False,False,,below_bounded_prescreen
diff__compact__first_game_day,compact_performance,0.0,567,14,0.04258812075482092,0.095516745509042,0.3333333333333333,1.0,0.10007592554047913,0.20454772072211494,False,False,False,,below_bounded_prescreen
mean__prior__program_has_tournament_history,prior_program_history,0.0,567,3,-0.001081213772871175,0.12172704440181863,0.3333333333333333,1.0,0.20101037225067653,0.20395976678621086,False,False,False,,below_bounded_prescreen
mean__compact__day110plus_games,compact_performance,0.0,567,10,0.006106860265022544,0.12002041517539286,0.3333333333333333,1.0,0.21447359111174913,0.2037076982313569,False,False,False,,below_bounded_prescreen
absdiff__detailed__clean__drb_pct_ros,detailed_efficiency,0.0,567,567,0.08751743434187832,0.08091996959960061,0.3333333333333333,1.0,0.19915098734939118,0.2034627148023792,False,False,False,,below_bounded_prescreen
absdiff__detailed__last20__opp_efg_mean,detailed_efficiency,0.0,567,567,0.05514763818942419,0.09172456892237459,0.3333333333333333,1.0,0.16167280806454573,0.2030266944951646,False,False,False,,below_bounded_prescreen
absdiff__detailed__all__drb_pct_ros,detailed_efficiency,0.0,567,567,0.08835048732357048,0.07977030812831114,0.3333333333333333,1.0,0.20151478427433764,0.20299959707513468,False,False,False,,below_bounded_prescreen
absdiff__compact__home_win_pct,compact_performance,0.024691358024691357,553,234,0.025703893444689475,0.1145624291324759,0.3333333333333333,1.0,0.22512920395422664,0.20299767907460906,False,False,False,,below_bounded_prescreen
mean__detailed__all__netrtg_std,detailed_efficiency,0.0,567,567,0.07001015384516589,0.07792276338631213,0.3333333333333333,1.0,0.11339265917453391,0.2016027872377183,False,False,False,,below_bounded_prescreen
absdiff__schedule__top_decile_games,schedule_and_accomplishment,0.0,567,17,-0.04183615197083758,0.09186418299511202,0.3333333333333333,1.0,0.14668904133470587,0.20076453295118316,False,False,False,,below_bounded_prescreen
mean__detailed__home__pace_mean,detailed_efficiency,0.024691358024691357,553,553,0.004498026031711485,0.11689354465000351,0.3333333333333333,1.0,0.20034271051216362,0.20044278342984967,False,False,False,,below_bounded_prescreen
absdiff__detailed__last5__ft_rate_mean,detailed_efficiency,0.0,567,567,0.03567374368471993,0.09370936266135961,0.3333333333333333,1.0,0.14713124656052376,0.20027680115900337,False,False,False,,below_bounded_prescreen
mean__detailed__clean__netrtg_std,detailed_efficiency,0.0,567,567,0.06920752598624133,0.07761344952304608,0.3333333333333333,1.0,0.13995476173290766,0.20021525435205223,False,False,False,,below_bounded_prescreen
diff__compact__ewm_h5_points_against,compact_performance,0.0,567,567,-0.035055482686722955,0.09079059506159187,0.3333333333333333,1.0,0.14305154066566833,0.19890296352734976,False,False,False,,below_bounded_prescreen
mean__compact__rest_days_mean,compact_performance,0.0,567,364,-0.031779504487673006,0.09237654396977935,0.3333333333333333,1.0,0.1635281174290806,0.19812444072895224,False,False,False,,below_bounded_prescreen
diff__detailed__all__oppfoulrate_mean,detailed_efficiency,0.0,567,567,-0.032171069425081966,0.09614993501425279,0.3333333333333333,1.0,0.21531959151001331,0.19795015375329217,False,False,False,,below_bounded_prescreen
absdiff__detailed__clean__efg_std,detailed_efficiency,0.0,567,567,0.07169053140279198,0.0730811349187084,0.3333333333333333,1.0,0.1562890926522839,0.19793263129683625,False,False,False,,below_bounded_prescreen
diff__detailed__clean__oppfoulrate_mean,detailed_efficiency,0.0,567,567,-0.03144021908838456,0.09481410091015363,0.3333333333333333,1.0,0.21319363629885588,0.19723320451769744,False,False,False,,below_bounded_prescreen
diff__detailed__all__oppfg3attemptrate_mean,detailed_efficiency,0.0,567,567,-0.020423888869885044,0.09375658930591851,0.3333333333333333,1.0,0.15069567024674857,0.196801924941679,False,False,False,,below_bounded_prescreen
mean__geography__games_with_city,geography_and_schedule_dispersion,0.0,567,13,0.03971514972256797,0.07999310844729342,0.3333333333333333,1.0,0.0971268154146813,0.1965822857104119,False,False,False,,below_bounded_prescreen
diff__compact__close3_win_pct,compact_performance,0.18518518518518517,462,61,-0.030764250961789447,0.1267337643952936,0.3333333333333333,1.0,0.2388202756907865,0.19656604961222168,False,False,False,,below_bounded_prescreen
absdiff__detailed__ewm_h5__oppefg,detailed_efficiency,0.0,567,567,0.028978095903572237,0.08891709801005329,0.3333333333333333,1.0,0.15277828623030829,0.19627759002773248,False,False,False,,below_bounded_prescreen
mean__detailed__away__games,detailed_efficiency,0.0,567,15,-0.001425857317043698,0.10429851440578566,0.3333333333333333,1.0,0.18952944637983488,0.19612913100266668,False,False,False,,below_bounded_prescreen
diff__detailed__clean__oppfg3attemptrate_mean,detailed_efficiency,0.0,567,567,-0.02059170916856483,0.09148814243796363,0.3333333333333333,1.0,0.14778647776188297,0.1958663586101648,False,False,False,,below_bounded_prescreen
mean__detailed__all__games,detailed_efficiency,0.0,567,13,0.03769099491841334,0.07999310844729342,0.3333333333333333,1.0,0.1065382504888533,0.19576051425053098,False,False,False,,below_bounded_prescreen
absdiff__detailed__all__efg_std,detailed_efficiency,0.0,567,567,0.07369966828398504,0.066897014717266,0.3333333333333333,1.0,0.16112656814853893,0.19521276469415616,False,False,False,,below_bounded_prescreen
diff__detailed__ewm_h10__ftrate,detailed_efficiency,0.0,567,567,-0.011066696925276651,0.09326336471120088,0.3333333333333333,1.0,0.14232114131111623,0.19484157606582597,False,False,False,,below_bounded_prescreen
diff__compact__away_margin_std,compact_performance,0.0,567,567,0.05331069837641864,0.0717014372440114,0.3333333333333333,1.0,0.11768908707037624,0.19477081337045588,False,False,False,,below_bounded_prescreen
absdiff__rating__elo_season_reset_mov_percentile,dynamic_ratings,0.0,567,274,0.03287349043090505,0.08157122609925413,0.3333333333333333,1.0,0.12785211910954808,0.1946056049913925,False,False,False,,below_bounded_prescreen
mean__compact__close5_games,compact_performance,0.0,567,24,-0.06024891993335218,0.06872877228048142,0.3333333333333333,1.0,0.1642766392961065,0.19300684084145764,False,False,False,,below_bounded_prescreen
mean__compact__away_games,compact_performance,0.0,567,15,0.01259821700880269,0.09078428081288015,0.3333333333333333,1.0,0.1760152127869294,0.19264078735397522,False,False,False,,below_bounded_prescreen
diff__detailed__clean__oppftpct_median,detailed_efficiency,0.0,567,440,-0.058793134589645434,0.06415610418364916,0.3333333333333333,1.0,0.14857009027152152,0.19111994934034607,False,False,False,,below_bounded_prescreen
absdiff__detailed__all__offrtg_std,detailed_efficiency,0.0,567,567,0.03921615840877938,0.065468923744695,0.3333333333333333,1.0,0.06897527594490803,0.19062696054292208,False,False,False,,below_bounded_prescreen
mean__detailed__clean__games,detailed_efficiency,0.0,567,13,0.02905106210348466,0.07223436064220959,0.3333333333333333,1.0,0.09824989069611235,0.19046706447651607,False,False,False,,below_bounded_prescreen
diff__detailed__all__oppftpct_median,detailed_efficiency,0.0,567,438,-0.0583064327370678,0.06168961224468596,0.3333333333333333,1.0,0.1497429328368575,0.1897820450994632,False,False,False,,below_bounded_prescreen
absdiff__compact__day110plus_win_pct,compact_performance,0.0,567,78,-0.044917515636522375,0.0687302628689151,0.3333333333333333,1.0,0.16140715369682443,0.18974942680257453,False,False,False,,below_bounded_prescreen
absdiff__compact__last20_win_pct,compact_performance,0.0,567,12,-0.024289091598968405,0.07264178467933904,0.3333333333333333,1.0,0.09683409413228508,0.1896716263658977,False,False,False,,below_bounded_prescreen
absdiff__detailed__neutral__def_rtg_mean,detailed_efficiency,0.07936507936507936,522,522,0.03207038343118412,0.08419680083824357,0.3333333333333333,1.0,0.12458967509708721,0.18947048873746092,False,False,False,,below_bounded_prescreen
absdiff__norm__schedule__quality_win_points_sum__z,within_season_normalization,0.0,567,567,0.027838745042241462,0.14878315321113694,0.1111111111111111,1.0,0.1775477676312506,0.18821630452316662,False,False,False,,below_bounded_prescreen
absdiff__schedule__quality_win_points_sum,schedule_and_accomplishment,0.0,567,567,0.0267425110010474,0.1487831563690777,0.1111111111111111,1.0,0.17754778018303594,0.18797513404784408,False,False,False,,below_bounded_prescreen
mean__detailed__clean__ftmade_rate_ros,detailed_efficiency,0.0,567,567,-0.043768021914965274,0.05926769759790779,0.3333333333333333,1.0,0.09212415178777408,0.18772582693011047,False,False,False,,below_bounded_prescreen
seedprior__gap_games,prequential_seed_priors,0.0,567,73,0.02244896860594903,0.15140556690115467,0.1111111111111111,1.0,0.19695692902793227,0.1875129458225235,False,True,True,65.0,selected
absdiff__schedule__oowp,schedule_and_accomplishment,0.0,567,567,-0.039742053982916956,0.06402782360771378,0.3333333333333333,1.0,0.13989603632136388,0.18721409908842312,False,False,False,,below_bounded_prescreen
absdiff__compact__day90plus_win_pct,compact_performance,0.0,567,174,0.013648153856813386,0.07625827706636397,0.3333333333333333,1.0,0.14765259655257446,0.187033796311584,False,False,False,,below_bounded_prescreen
mean__detailed__all__ftmade_rate_ros,detailed_efficiency,0.0,567,567,-0.04259446558011552,0.05755124968227271,0.3333333333333333,1.0,0.09086662403235543,0.18669405064715544,False,False,False,,below_bounded_prescreen
mean__compact__days_since_last_game,compact_performance,0.0,567,20,0.03112279267770927,0.06300218328023496,0.3333333333333333,1.0,0.10439692931432701,0.18624551852436907,False,False,False,,below_bounded_prescreen
absdiff__compact__last10_margin_std,compact_performance,0.0,567,567,0.04291933056057763,0.05541858228449292,0.3333333333333333,1.0,0.08082785963562247,0.1861433911677921,False,False,False,,below_bounded_prescreen
absdiff__compact__half_delta_marginmean,compact_performance,0.0,567,558,-0.018801174034502884,0.06822259936879398,0.3333333333333333,1.0,0.10888299469041515,0.18586111953032847,False,False,False,,below_bounded_prescreen
absdiff__compact__days_since_last_game,compact_performance,0.0,567,10,-0.016413193188571765,0.06558455820346412,0.3333333333333333,1.0,0.07728426212621752,0.1853334532874332,False,False,False,,below_bounded_prescreen
absdiff__rating__bt_c0p25_z,global_strength_ratings,0.0,567,567,0.07035566968011833,0.12421006210030296,0.1111111111111111,1.0,0.19224508619200775,0.18518705146786893,False,False,False,,below_bounded_prescreen
absdiff__rating__bt_c0p25,global_strength_ratings,0.0,567,567,0.06964319065920478,0.12421006859962558,0.1111111111111111,1.0,0.19224509468843598,0.18503030886308566,False,False,False,,below_bounded_prescreen
diff__detailed__clean__opptovpct_mean,detailed_efficiency,0.0,567,567,0.04845718069797071,0.05133294830663648,0.3333333333333333,1.0,0.10953964341997097,0.18425214253727357,False,False,False,,below_bounded_prescreen
diff__detailed__all__opptovpct_mean,detailed_efficiency,0.0,567,567,0.04797496931501143,0.051465700431876246,0.3333333333333333,1.0,0.11006178854023144,0.18418889124832719,False,False,False,,below_bounded_prescreen
absdiff__norm__detailed__all__efg_ros__pct,within_season_normalization,0.0,567,337,0.01122119023370803,0.06494210481224731,0.3333333333333333,1.0,0.07601845497768661,0.18393346729552035,False,False,False,,below_bounded_prescreen
absdiff__detailed__all__tovpct_std,detailed_efficiency,0.0,567,567,-0.029733572630726665,0.060210263383424875,0.3333333333333333,1.0,0.12437203905282031,0.18380076417402433,False,False,False,,below_bounded_prescreen
diff__detailed__clean__opp_tov_pct_ros,detailed_efficiency,0.0,567,567,0.04816344055235671,0.049809708161872725,0.3333333333333333,1.0,0.10231183952078513,0.18374547659171933,False,False,False,,below_bounded_prescreen
diff__detailed__all__opp_tov_pct_ros,detailed_efficiency,0.0,567,567,0.04771396406850941,0.04994969739214606,0.3333333333333333,1.0,0.1032144328390998,0.1836776828630715,False,False,False,,below_bounded_prescreen
absdiff__detailed__last5__def_rtg_mean,detailed_efficiency,0.0,567,567,-0.04278076967433487,0.05448169422276926,0.3333333333333333,1.0,0.1368327261990033,0.1834230068406561,False,False,False,,below_bounded_prescreen
absdiff__rating__pagerank_binary_percentile,global_strength_ratings,0.0,567,305,-0.01662464821292773,0.062124263528044836,0.3333333333333333,1.0,0.08640610533344464,0.18335415822030116,False,False,False,,below_bounded_prescreen
absdiff__schedule__quality_win_points_mean,schedule_and_accomplishment,0.0,567,567,0.01939071950841757,0.14162012747220107,0.1111111111111111,1.0,0.18541836959314026,0.18260466247256052,False,False,False,,below_bounded_prescreen
absdiff__detailed__home__pace_mean,detailed_efficiency,0.024691358024691357,553,553,-0.05105393250464902,0.04695154670381304,0.3333333333333333,1.0,0.06729015208883801,0.18243502617665755,False,False,False,,below_bounded_prescreen
mean__detailed__clean__defrtg_std,detailed_efficiency,0.0,567,567,0.06749778422945564,0.11296473011520386,0.1111111111111111,1.0,0.15624097784649543,0.18060072164969607,False,False,False,,below_bounded_prescreen
mean__detailed__clean__ftmaderate_mean,detailed_efficiency,0.0,567,566,-0.041079473430709834,0.044307894593149696,0.3333333333333333,1.0,0.08754266730573583,0.1801369002005719,False,False,False,,below_bounded_prescreen
absdiff__compact__margin_std,compact_performance,0.0,567,567,0.023757293872746513,0.04980300769392572,0.3333333333333333,1.0,0.0640964146156332,0.1799015250937966,False,False,False,,below_bounded_prescreen
absdiff__compact__pythag_exp11p5,compact_performance,0.0,567,567,-3.7444804859377384e-05,0.06103551685482367,0.3333333333333333,1.0,0.07052158540474027,0.17981775586452814,False,False,False,,below_bounded_prescreen
absdiff__compact__margin_slope,compact_performance,0.0,567,566,0.003965387805655303,0.06242801696783021,0.3333333333333333,1.0,0.12209168360567885,0.17928749945090885,False,False,False,,below_bounded_prescreen
absdiff__detailed__clean__tovpct_std,detailed_efficiency,0.0,567,567,-0.030546425983657113,0.04933333647566661,0.3333333333333333,1.0,0.11276289507927845,0.17922303275488674,False,False,False,,below_bounded_prescreen
mean__detailed__all__ftmaderate_mean,detailed_efficiency,0.0,567,566,-0.0399801977828367,0.04284849483511198,0.3333333333333333,1.0,0.08692077103647544,0.17921942352495213,False,False,False,,below_bounded_prescreen
absdiff__compact__margin_q10,compact_performance,0.0,567,220,0.07112587055154931,0.10657221073101661,0.1111111111111111,1.0,0.1340651407712937,0.17921752481915484,False,False,False,,below_bounded_prescreen
absdiff__schedule__opponent_strength_std,schedule_and_accomplishment,0.0,567,567,-0.008446823601947933,0.0541448549442614,0.3333333333333333,1.0,0.087582648763354,0.17767785894847318,False,False,False,,below_bounded_prescreen
diff__detailed__last5__tov_pct_mean,detailed_efficiency,0.0,567,567,-0.017316617405810288,0.13733775149953636,0.1111111111111111,1.0,0.2502575748470537,0.17749925133295136,False,False,False,,below_bounded_prescreen
absdiff__compact__last10_margin_mean,compact_performance,0.0,567,228,0.09749404517946801,0.09856441543466876,0.1111111111111111,1.0,0.23678044765720552,0.17706616921961355,False,False,False,,below_bounded_prescreen
absdiff__detailed__clean__orb_pct_ros,detailed_efficiency,0.0,567,567,0.01642113594316509,0.13415934354137782,0.1111111111111111,1.0,0.2354561802295544,0.1763686653759533,False,False,False,,below_bounded_prescreen
absdiff__rating__elo_mov_538_delta,dynamic_ratings,0.0,567,567,0.04242514328423734,0.11500159521845829,0.1111111111111111,1.0,0.15591499487067356,0.17607547521034306,False,False,False,,below_bounded_prescreen
absdiff__detailed__all__orb_pct_ros,detailed_efficiency,0.0,567,567,0.016831628796303906,0.13318366463419773,0.1111111111111111,1.0,0.2402373028615376,0.17579940302291808,False,False,False,,below_bounded_prescreen
absdiff__norm__compact__win_pct__z,within_season_normalization,0.0,567,515,0.06576597178865132,0.10575036940081893,0.1111111111111111,1.0,0.19631314765319594,0.17515394297754633,False,False,False,,below_bounded_prescreen
absdiff__compact__win_pct,compact_performance,0.0,567,379,0.06506211845288308,0.10575036094743935,0.1111111111111111,1.0,0.19631314436670141,0.1749990913175149,False,False,False,,below_bounded_prescreen
absdiff__schedule__wp,schedule_and_accomplishment,0.0,567,379,0.06506211845288308,0.10575036094743935,0.1111111111111111,1.0,0.19631314436670141,0.1749990913175149,False,False,False,,below_bounded_prescreen
absdiff__compact__pythag_residual_exp13p91,compact_performance,0.0,567,567,0.054146834753064026,0.10857285314932498,0.1111111111111111,1.0,0.1758097002973596,0.17477266292323348,False,False,False,,below_bounded_prescreen
absdiff__compact__away_margin_std,compact_performance,0.0,567,567,0.013408097651382221,0.04584511455686745,0.3333333333333333,1.0,0.09647196299170101,0.17442989128426575,False,False,False,,below_bounded_prescreen
absdiff__rating__elo_mov_log_delta,dynamic_ratings,0.0,567,567,0.046647605760243176,0.10858155489481752,0.1111111111111111,1.0,0.14525278158336274,0.17434928613120917,False,False,False,,below_bounded_prescreen
mean__detailed__clean__efg_std,detailed_efficiency,0.0,567,567,-0.029228362992734715,0.1169822083556294,0.1111111111111111,1.0,0.15240573391429368,0.17426324829030979,False,False,False,,below_bounded_prescreen
diff__detailed__clean__ftmaderate_median,detailed_efficiency,0.0,567,564,0.06118101437877244,0.10651437746043829,0.1111111111111111,1.0,0.2180661002987686,0.17364185811016736,False,False,False,,below_bounded_prescreen
diff__detailed__all__ftmaderate_median,detailed_efficiency,0.0,567,563,0.06088070420155628,0.1072967118786987,0.1111111111111111,1.0,0.22661139043837514,0.17360949878636056,False,False,False,,below_bounded_prescreen
absdiff__rating__elo_standard_delta,dynamic_ratings,0.0,567,567,0.048400193954402905,0.1119593406409218,0.1111111111111111,1.0,0.2163758356162406,0.17351127053073928,False,False,False,,below_bounded_prescreen
mean__detailed__all__efg_std,detailed_efficiency,0.0,567,567,-0.029856165790639287,0.11474768845118732,0.1111111111111111,1.0,0.149310682976749,0.17345259738921837,False,False,False,,below_bounded_prescreen
absdiff__norm__rating__colley__z,within_season_normalization,0.0,567,567,0.03143781049968702,0.11661405545973816,0.1111111111111111,1.0,0.1858793643553681,0.17323366813416852,False,False,False,,below_bounded_prescreen
absdiff__rating__colley_z,global_strength_ratings,0.0,567,567,0.03143781049968702,0.11661405545973816,0.1111111111111111,1.0,0.1858793643553681,0.17323366813416852,False,False,False,,below_bounded_prescreen
absdiff__rating__colley,global_strength_ratings,0.0,567,567,0.030278079023417916,0.11661404790534731,0.1111111111111111,1.0,0.18587936494180232,0.17297852355982432,False,False,False,,below_bounded_prescreen
seedprior__pooled_pair_games,prequential_seed_priors,0.02292768959435626,554,95,-0.029418145302171017,0.0343968718151499,0.3333333333333333,1.0,0.03943493528340341,0.17290421119219826,False,True,True,66.0,selected
absdiff__detailed__clean__ftmaderate_mean,detailed_efficiency,0.0,567,567,-0.006275002556572004,0.042223772420197134,0.3333333333333333,1.0,0.07366207701849764,0.1720347615767339,False,False,False,,below_bounded_prescreen
diff__detailed__clean__efg_std,detailed_efficiency,0.0,567,567,-0.03605228569281357,0.11427243132824105,0.1111111111111111,1.0,0.21474171643522993,0.17197037901034326,False,False,False,,below_bounded_prescreen
mean__compact__away_margin_std,compact_performance,0.0,567,567,0.02443616952173989,0.11506127979232583,0.1111111111111111,1.0,0.16404617463365162,0.1718213023875309,False,False,False,,below_bounded_prescreen
diff__detailed__all__efg_std,detailed_efficiency,0.0,567,567,-0.03639799099763176,0.11373935280190926,0.1111111111111111,1.0,0.2146483854305716,0.17179428972495037,False,False,False,,below_bounded_prescreen
mean__schedule__top_quartile_games,schedule_and_accomplishment,0.0,567,35,0.03823958544029455,0.03043021684164988,0.3333333333333333,1.0,0.11831666398407711,0.171619879654827,False,False,False,,below_bounded_prescreen
absdiff__detailed__last10__opp_efg_mean,detailed_efficiency,0.0,567,567,0.0190259722185651,0.036155780728245206,0.3333333333333333,1.0,0.08540791149823114,0.1714575055110461,False,False,False,,below_bounded_prescreen
absdiff__detailed__last20__def_rtg_mean,detailed_efficiency,0.0,567,567,0.039127001737550224,0.10701910530382394,0.1111111111111111,1.0,0.1613802990066792,0.17129967674560714,False,False,False,,below_bounded_prescreen
diff__detailed__clean__ft_rate_ros,detailed_efficiency,0.0,567,567,0.014561599304759415,0.11902116895383287,0.1111111111111111,1.0,0.18393613059741426,0.17075404549876808,False,False,False,,below_bounded_prescreen
absdiff__detailed__all__ftmaderate_mean,detailed_efficiency,0.0,567,567,-0.005666458571675302,0.038479550043439656,0.3333333333333333,1.0,0.07014721355295611,0.1702442496978347,False,False,False,,below_bounded_prescreen
mean__conference__tourney_games,conference_context,0.015873015873015872,558,6,-0.06318587860366555,0.1007431508663479,0.1111111111111111,1.0,0.21613939286313516,0.1701199665020645,False,False,False,,below_bounded_prescreen
absdiff__rating__elo_standard_percentile,dynamic_ratings,0.0,567,270,0.029556548741609973,0.10839989490502915,0.1111111111111111,1.0,0.1673846565210269,0.1696167817945049,False,False,False,,below_bounded_prescreen
diff__detailed__all__ft_rate_ros,detailed_efficiency,0.0,567,567,0.013259137519927824,0.11684174603082449,0.1111111111111111,1.0,0.18632694500354935,0.16932574832681568,False,False,False,,below_bounded_prescreen
absdiff__norm__schedule__rpi__z,within_season_normalization,0.0,567,567,0.033860444099022925,0.10274246067734195,0.1111111111111111,1.0,0.14918558351724706,0.16857603326399706,False,False,False,,below_bounded_prescreen
diff__detailed__clean__ftrate_median,detailed_efficiency,0.0,567,566,0.01908569495260288,0.11379120335865629,0.1111111111111111,1.0,0.20218185689773455,0.16850913400359604,False,False,False,,below_bounded_prescreen
absdiff__schedule__rpi,schedule_and_accomplishment,0.0,567,567,0.033229264966736775,0.10274245984177739,0.1111111111111111,1.0,0.14918557482893596,0.1684371738013556,False,False,False,,below_bounded_prescreen
absdiff__schedule__quality_wins,schedule_and_accomplishment,0.0,567,24,-0.004240744172720439,0.11841826115771853,0.1111111111111111,1.0,0.18285627354159348,0.16823725590981745,False,False,False,,below_bounded_prescreen
absdiff__prior__program_win_pct_smoothed,prior_program_history,0.0,567,428,0.049428621545200065,0.01883329236248069,0.3333333333333333,1.0,0.128776552737313,0.16809654829777557,False,False,False,,below_bounded_prescreen
diff__detailed__all__ftrate_median,detailed_efficiency,0.0,567,566,0.01809858641488398,0.11337452459483811,0.1111111111111111,1.0,0.20447205376129096,0.16800035644412292,False,False,False,,below_bounded_prescreen
absdiff__compact__home_margin_std,compact_performance,0.031746031746031744,549,548,-0.03274665373847128,0.11035864999359708,0.1111111111111111,1.0,0.1951722434407271,0.16760762131985646,False,False,False,,below_bounded_prescreen
diff__detailed__clean__ftrate_mean,detailed_efficiency,0.0,567,567,0.00947616663254389,0.11240694454768645,0.1111111111111111,1.0,0.1785081185346343,0.16667754307844157,False,False,False,,below_bounded_prescreen
diff__detailed__clean__ftrate_trim02,detailed_efficiency,0.0,567,567,0.00947616663254389,0.11240694454768645,0.1111111111111111,1.0,0.1785081185346343,0.16667754307844157,False,False,False,,below_bounded_prescreen
diff__compact__last5_points_against_mean,compact_performance,0.0,567,192,0.04750825264486454,0.08986101472195286,0.1111111111111111,1.0,0.1204280166677993,0.1665457597594734,False,False,False,,below_bounded_prescreen
absdiff__conference__tourney_win_pct,conference_context,0.015873015873015872,558,9,-0.014040704998759502,0.11349036759928816,0.1111111111111111,1.0,0.1935325603228762,0.16633096564240687,False,False,False,,below_bounded_prescreen
absdiff__norm__schedule__quality_win_points_sum__pct,within_season_normalization,0.0,567,268,-0.008664187711194267,0.11120840364975151,0.1111111111111111,1.0,0.1724873015730437,0.1661644407631995,False,False,False,,below_bounded_prescreen
absdiff__detailed__clean__ftmade_rate_ros,detailed_efficiency,0.0,567,567,-0.005147669133160184,0.029456644292784523,0.3333333333333333,1.0,0.06454848927708629,0.16602307023208168,False,False,False,,below_bounded_prescreen
seedprior__pooled_gap_games,prequential_seed_priors,0.02292768959435626,554,81,0.02767104034218699,0.10513786918356673,0.1111111111111111,1.0,0.1636668334930115,0.165950695353902,False,False,False,,below_bounded_prescreen
diff__detailed__all__ftrate_mean,detailed_efficiency,0.0,567,567,0.008224774432125843,0.1102451035716488,0.1111111111111111,1.0,0.18131104640122475,0.16525243601118791,False,False,False,,below_bounded_prescreen
diff__detailed__all__ftrate_trim02,detailed_efficiency,0.0,567,567,0.008224774432125843,0.1102451035716488,0.1111111111111111,1.0,0.18131104640122475,0.16525243601118791,False,False,False,,below_bounded_prescreen
diff__detailed__last5__def_rtg_mean,detailed_efficiency,0.0,567,567,0.017636216210913987,0.11171291606775846,0.1111111111111111,1.0,0.2516304019718677,0.1652147289778282,False,False,False,,below_bounded_prescreen
absdiff__detailed__all__ftmade_rate_ros,detailed_efficiency,0.0,567,567,-0.004922491454777189,0.025804659866266174,0.3333333333333333,1.0,0.06078229195171641,0.1643712265111234,False,False,False,,below_bounded_prescreen
absdiff__compact__neutral_win_pct,compact_performance,0.07936507936507936,522,64,0.050789031081215366,0.02579278742792837,0.3333333333333333,1.0,0.17440365654667617,0.16356210552553294,False,False,False,,below_bounded_prescreen
absdiff__compact__last10_win_pct,compact_performance,0.0,567,8,-0.009965831348823014,0.10561438049538106,0.1111111111111111,1.0,0.19775079450725241,0.16275513153201165,False,False,False,,below_bounded_prescreen
absdiff__compact__last5_win_pct,compact_performance,0.0,567,5,-0.026655649242276327,0.09967141677263743,0.1111111111111111,1.0,0.2363859029566555,0.16202886454367832,False,False,False,,below_bounded_prescreen
diff__compact__last10_points_against_mean,compact_performance,0.0,567,275,-0.004251057543799098,0.10396129241823876,0.1111111111111111,1.0,0.16800488806864283,0.16189423527542246,False,False,False,,below_bounded_prescreen
mean__geography__city_coverage,geography_and_schedule_dispersion,0.0,567,22,-0.03399651268815915,0.0,0.3333333333333333,1.0,0.0,0.16081256612472836,False,False,False,,below_bounded_prescreen
absdiff__norm__rating__colley__pct,within_season_normalization,0.0,567,274,0.005634329079997492,0.10175738167876021,0.1111111111111111,1.0,0.17880086179606272,0.16070883890933962,False,False,False,,below_bounded_prescreen
absdiff__rating__colley_percentile,global_strength_ratings,0.0,567,274,0.005634329079997492,0.10175738167876021,0.1111111111111111,1.0,0.17880086179606272,0.16070883890933962,False,False,False,,below_bounded_prescreen
absdiff__rating__bt_c0p25_percentile,global_strength_ratings,0.0,567,276,0.03476236852112466,0.08672989267816776,0.1111111111111111,1.0,0.16500953834967058,0.16045546580395892,False,False,False,,below_bounded_prescreen
absdiff__compact__pythag_residual_exp11p5,compact_performance,0.0,567,567,0.03641799078266868,0.08558649619215207,0.1111111111111111,1.0,0.16388501573806813,0.16031585329267514,False,False,False,,below_bounded_prescreen
absdiff__schedule__bad_losses,schedule_and_accomplishment,0.0,567,7,0.0336333279059057,0.03590904899121866,0.25,1.0,0.10890929971114412,0.16027930366663845,False,False,False,,below_bounded_prescreen
diff__detailed__last20__ft_rate_mean,detailed_efficiency,0.0,567,567,-0.019747864035833913,0.09205215224085085,0.1111111111111111,1.0,0.1542235071969471,0.16013840065339177,False,False,False,,below_bounded_prescreen
mean__detailed__last5__pace_mean,detailed_efficiency,0.0,567,556,0.023885078651127045,0.0860371572373946,0.1111111111111111,1.0,0.1152596212538432,0.15971994570482143,False,False,False,,below_bounded_prescreen
absdiff__detailed__last10__orb_pct_mean,detailed_efficiency,0.0,567,567,0.025128534685952504,0.08408198313621387,0.1111111111111111,1.0,0.12242820839245425,0.1587682789783718,False,False,False,,below_bounded_prescreen
absdiff__geography__city_coverage,geography_and_schedule_dispersion,0.0,567,22,0.023194418245155394,0.0,0.3333333333333333,1.0,0.0,0.15843610534726751,False,False,False,,below_bounded_prescreen
absdiff__detailed__all__netrtg_std,detailed_efficiency,0.0,567,567,0.018175983010379062,0.08996835723237129,0.1111111111111111,1.0,0.17670126296080224,0.15789325499316728,False,False,False,,below_bounded_prescreen
mean__compact__day90plus_games,compact_performance,0.0,567,10,-0.007484422156321114,0.09704286704865471,0.1111111111111111,1.0,0.20884835392850898,0.15765099267838234,False,False,False,,below_bounded_prescreen
absdiff__compact__margin_iqr,compact_performance,0.0,567,73,0.034205423418863665,0.08231496098014059,0.1111111111111111,1.0,0.18290997024975003,0.15749775339040528,False,False,False,,below_bounded_prescreen
mean__compact__last5_margin_std,compact_performance,0.0,567,567,0.014624513598051638,0.08779648361346742,0.1111111111111111,1.0,0.14452601843548663,0.15735644216639405,False,False,False,,below_bounded_prescreen
absdiff__detailed__clean__orbpct_std,detailed_efficiency,0.0,567,567,0.03492121528237626,0.08555344500682177,0.1111111111111111,1.0,0.22992289631621965,0.15732918289052625,False,False,False,,below_bounded_prescreen
absdiff__schedule__bad_loss_penalty_sum,schedule_and_accomplishment,0.0,567,567,0.030877109912620097,0.08371827950706913,0.1111111111111111,1.0,0.18617169876729264,0.15730864817125567,False,False,False,,below_bounded_prescreen
absdiff__compact__day120plus_win_pct,compact_performance,0.0,567,19,-0.01541918689417411,0.0896782397706597,0.1111111111111111,1.0,0.17360156850762082,0.15727149124410789,False,False,False,,below_bounded_prescreen
absdiff__norm__rating__bt_c1p0__pct,within_season_normalization,0.0,567,264,0.011902797454688656,0.08909516557699898,0.1111111111111111,1.0,0.1476055889018125,0.15725784913869628,False,False,False,,below_bounded_prescreen
absdiff__rating__bt_c1p0_percentile,global_strength_ratings,0.0,567,264,0.011902797454688656,0.08909516557699898,0.1111111111111111,1.0,0.1476055889018125,0.15725784913869628,False,False,False,,below_bounded_prescreen
diff__detailed__ewm_h20__ftrate,detailed_efficiency,0.0,567,567,0.03862602527869189,0.07296364871082267,0.1111111111111111,1.0,0.10614147304196027,0.15705239579860647,False,False,False,,below_bounded_prescreen
absdiff__detailed__clean__netrtg_std,detailed_efficiency,0.0,567,567,0.020073940532104245,0.08702511941489528,0.1111111111111111,1.0,0.1734824291131869,0.15702680484946296,False,False,False,,below_bounded_prescreen
diff__quality__DetailedCoverageRate,detailed_efficiency,0.0,567,29,-0.015427749495281274,0.0,0.3333333333333333,1.0,0.0,0.1567274382222952,False,False,False,,below_bounded_prescreen
absdiff__detailed__last5__pace_mean,detailed_efficiency,0.0,567,531,-0.00895759514461321,0.09553875393500083,0.1111111111111111,1.0,0.23498938267885794,0.15620747529123877,False,False,False,,below_bounded_prescreen
absdiff__detailed__last20__pace_mean,detailed_efficiency,0.0,567,553,-0.026845847529074568,0.07856176596313492,0.1111111111111111,1.0,0.14404023371743524,0.15563190254778153,False,False,False,,below_bounded_prescreen
absdiff__compact__last20_margin_std,compact_performance,0.0,567,567,0.03748570926603314,0.07178524127871845,0.1111111111111111,1.0,0.1297167746630306,0.1552928786435687,False,False,False,,below_bounded_prescreen
mean__detailed__clean__ftrate_std,detailed_efficiency,0.0,567,567,-0.017860225154172633,0.0788555031733031,0.1111111111111111,1.0,0.10964617941103062,0.15517182165844004,False,False,False,,below_bounded_prescreen
mean__detailed__all__ftrate_std,detailed_efficiency,0.0,567,567,-0.016790961506306202,0.07800575169915272,0.1111111111111111,1.0,0.10877041594756914,0.1545637334868557,False,False,False,,below_bounded_prescreen
absdiff__norm__detailed__clean__net_rtg_ros__pct,within_season_normalization,0.0,567,274,-0.018734207693155844,0.07572795009093841,0.1111111111111111,1.0,0.09599712243368685,0.15440883461657504,False,False,False,,below_bounded_prescreen
absdiff__adj__net_rtg_a10p0_percentile,opponent_adjusted_efficiency,0.0,567,256,-0.004364989921588212,0.0882813809313059,0.1111111111111111,1.0,0.1739372075181748,0.15415565010682705,False,False,False,,below_bounded_prescreen
absdiff__norm__adj__net_rtg_a10p0__pct,within_season_normalization,0.0,567,256,-0.004364989921588212,0.0882813809313059,0.1111111111111111,1.0,0.1739372075181748,0.15415565010682705,False,False,False,,below_bounded_prescreen
mean__detailed__all__orbpct_std,detailed_efficiency,0.0,567,567,0.0084441920389535,0.08835122830404372,0.1111111111111111,1.0,0.19757205271362954,0.15414120750374338,False,False,False,,below_bounded_prescreen
absdiff__norm__rating__margin_ridge_a25p0__pct,within_season_normalization,0.0,567,267,-0.010864488719765721,0.08338951498436248,0.1111111111111111,1.0,0.15321712864984524,0.1540662473426264,False,False,False,,below_bounded_prescreen
absdiff__rating__margin_ridge_a25p0_percentile,global_strength_ratings,0.0,567,267,-0.010864488719765721,0.08338951498436248,0.1111111111111111,1.0,0.15321712864984524,0.1540662473426264,False,False,False,,below_bounded_prescreen
mean__detailed__clean__orbpct_std,detailed_efficiency,0.0,567,567,0.010098062757901507,0.08775547339596568,0.1111111111111111,1.0,0.20369081794638472,0.15397434609672422,False,False,False,,below_bounded_prescreen
diff__geography__city_coverage,geography_and_schedule_dispersion,0.0,567,30,0.0025822022491619316,0.0,0.3333333333333333,1.0,0.0,0.15390141782814895,False,False,False,,below_bounded_prescreen
absdiff__detailed__last5__orb_pct_mean,detailed_efficiency,0.0,567,567,-0.0001001321284015261,0.08771537681759835,0.1111111111111111,1.0,0.16509283979629855,0.1532994741266214,False,False,False,,below_bounded_prescreen
absdiff__detailed__last20__orb_pct_mean,detailed_efficiency,0.0,567,567,0.030389684704211804,0.07347995231424104,0.1111111111111111,1.0,0.16686388840493843,0.15305932998734254,False,False,False,,below_bounded_prescreen
mean__geography__games_per_distinct_city,geography_and_schedule_dispersion,0.0,567,245,-0.004634000153877199,0.08343837369412033,0.1111111111111111,1.0,0.1455711263452195,0.15302483213099974,False,False,False,,below_bounded_prescreen
absdiff__detailed__last10__pace_mean,detailed_efficiency,0.0,567,551,-0.025156978406285526,0.07055633988823695,0.1111111111111111,1.0,0.14060918588870974,0.15155498873796594,False,False,False,,below_bounded_prescreen
absdiff__detailed__last10__def_rtg_mean,detailed_efficiency,0.0,567,567,0.03379142929232518,0.0689544511441218,0.1111111111111111,1.0,0.17154910071230473,0.15144806474277558,False,False,False,,below_bounded_prescreen
absdiff__detailed__all__orbpct_std,detailed_efficiency,0.0,567,567,0.03278883510029944,0.07291213620209003,0.1111111111111111,1.0,0.2210594344958868,0.1511467694970114,False,False,False,,below_bounded_prescreen
absdiff__compact__pythag_residual_exp10p0,compact_performance,0.0,567,567,0.02108445038847531,0.06966086300642187,0.1111111111111111,1.0,0.11906936773786371,0.1510907963968103,False,False,False,,below_bounded_prescreen
absdiff__schedule__owp,schedule_and_accomplishment,0.0,567,567,0.0067058551030116315,0.07865717668684755,0.1111111111111111,1.0,0.15304101598033276,0.15088687007091386,False,False,False,,below_bounded_prescreen
absdiff__compact__close3_win_pct,compact_performance,0.18518518518518517,462,38,0.004365290799878217,0.02712944122026983,0.3333333333333333,1.0,0.048353691679437226,0.15056686661304378,False,False,False,,below_bounded_prescreen
absdiff__compact__last5_margin_std,compact_performance,0.0,567,567,-0.059634588123763106,0.05395690556070519,0.1111111111111111,1.0,0.15856179670395357,0.150454229965986,False,False,False,,below_bounded_prescreen
absdiff__detailed__all__pace_ros,detailed_efficiency,0.0,567,567,-0.018650794251846715,0.07194037893214203,0.1111111111111111,1.0,0.15423511478822527,0.15024292980908324,False,False,False,,below_bounded_prescreen
interaction__pace_gap,matchup_interactions,0.0,567,567,-0.018650794251846715,0.07194037893214203,0.1111111111111111,1.0,0.15423511478822527,0.15024292980908324,False,False,False,,below_bounded_prescreen
absdiff__adj__net_rtg_a50p0_percentile,opponent_adjusted_efficiency,0.0,567,251,-0.0012769137723528294,0.07655700868570273,0.1111111111111111,1.0,0.1195435766461441,0.15002431991098694,False,False,False,,below_bounded_prescreen
absdiff__norm__adj__net_rtg_a50p0__pct,within_season_normalization,0.0,567,251,-0.0012769137723528294,0.07655700868570273,0.1111111111111111,1.0,0.1195435766461441,0.15002431991098694,False,False,False,,below_bounded_prescreen
absdiff__norm__schedule__rpi__pct,within_season_normalization,0.0,567,280,0.016381674891193222,0.07393743882874859,0.1111111111111111,1.0,0.17273079128030377,0.14996248524042746,False,False,False,,below_bounded_prescreen
absdiff__compact__pythag_residual_exp8p0,compact_performance,0.0,567,567,0.009210459595817237,0.07449192571772144,0.1111111111111111,1.0,0.14129768056041048,0.14990829601094743,False,False,False,,below_bounded_prescreen
absdiff__detailed__clean__pace_ros,detailed_efficiency,0.0,567,567,-0.01719598209911207,0.07186480831786311,0.1111111111111111,1.0,0.16125806410099794,0.14960567926811683,False,False,False,,below_bounded_prescreen
absdiff__norm__detailed__all__net_rtg_ros__pct,within_season_normalization,0.0,567,270,-0.020285534643271135,0.06133304375930195,0.1111111111111111,1.0,0.08021916288034853,0.14847168988854845,False,False,False,,below_bounded_prescreen
mean__compact__day120plus_games,compact_performance,0.0,567,9,-0.05927686782659551,0.04566301350168401,0.1111111111111111,1.0,0.13486970857115807,0.1473421468375908,False,False,False,,below_bounded_prescreen
absdiff__detailed__away__pace_mean,detailed_efficiency,0.0,567,566,-0.013431889968469462,0.06487152993370805,0.1111111111111111,1.0,0.1193608612241937,0.14709669349005317,False,False,False,,below_bounded_prescreen
absdiff__rating__margin_ridge_a5p0_percentile,global_strength_ratings,0.0,567,285,-0.02088428239635929,0.06451086218149439,0.1111111111111111,1.0,0.15922752663450118,0.14696843268671408,False,False,False,,below_bounded_prescreen
absdiff__rating__elo_mov_log_percentile,dynamic_ratings,0.0,567,273,0.015482221864572883,0.06224969094574223,0.1111111111111111,1.0,0.10951080423718733,0.1466832860724526,False,False,False,,below_bounded_prescreen
absdiff__norm__compact__margin_mean__pct,within_season_normalization,0.0,567,308,-0.02147261890509591,0.05400462562803208,0.1111111111111111,1.0,0.06618617629087473,0.1457765271867193,False,False,False,,below_bounded_prescreen
absdiff__norm__compact__margin_trim02__pct,within_season_normalization,0.0,567,308,-0.02147261890509591,0.05400462562803208,0.1111111111111111,1.0,0.06618617629087473,0.1457765271867193,False,False,False,,below_bounded_prescreen
mean__detailed__clean__offrtg_std,detailed_efficiency,0.0,567,567,-0.017427075982544657,0.05918619016145354,0.1111111111111111,1.0,0.12067918098126901,0.14519393853218454,False,False,False,,below_bounded_prescreen
mean__detailed__all__offrtg_std,detailed_efficiency,0.0,567,567,-0.017400939993741416,0.055416338623762454,0.1111111111111111,1.0,0.10493939057322299,0.14400825149287796,False,False,False,,below_bounded_prescreen
absdiff__norm__rating__elo_mov_538__pct,within_season_normalization,0.0,567,265,0.016797305149859686,0.05561064625355717,0.1111111111111111,1.0,0.11428077178855181,0.14359506424091228,False,False,False,,below_bounded_prescreen
absdiff__rating__elo_mov_538_percentile,dynamic_ratings,0.0,567,265,0.016797305149859686,0.05561064625355717,0.1111111111111111,1.0,0.11428077178855181,0.14359506424091228,False,False,False,,below_bounded_prescreen
absdiff__compact__pythag_exp13p91,compact_performance,0.0,567,567,-0.014735606829857062,0.05214467440860535,0.1111111111111111,1.0,0.06827330227948841,0.14331812290529738,False,False,False,,below_bounded_prescreen
absdiff__detailed__last5__opp_efg_mean,detailed_efficiency,0.0,567,567,-0.04123595284689873,0.046209832648858126,0.1111111111111111,1.0,0.14417578596640523,0.1432633756368912,False,False,False,,below_bounded_prescreen
diff__conference__tourney_games,conference_context,0.015873015873015872,558,6,0.022465483897083253,0.04999999999999995,0.1111111111111111,1.0,0.07778527322998273,0.14233893203609546,False,False,False,,below_bounded_prescreen
seedprior__exact_pair_games,prequential_seed_priors,0.0,567,58,-0.035543899450159865,0.03282730039744016,0.1111111111111111,1.0,0.046048170047013226,0.1395126130457037,False,False,False,,below_bounded_prescreen
diff__detailed__clean__opptovpct_median,detailed_efficiency,0.0,567,567,0.02387290221742103,0.03923601624879237,0.1111111111111111,1.0,0.06997738297995224,0.13906400874583266,False,False,False,,below_bounded_prescreen
diff__detailed__all__opptovpct_median,detailed_efficiency,0.0,567,567,0.022906722032231527,0.03874171876250265,0.1111111111111111,1.0,0.07258622951188365,0.13850983245039464,False,False,False,,below_bounded_prescreen
diff__compact__close5_win_pct,compact_performance,0.08112874779541446,521,160,0.022265214825527756,0.05416615234887885,0.1111111111111111,1.0,0.11107277367390002,0.13774266739626656,False,False,False,,below_bounded_prescreen
absdiff__detailed__all__ftmaderate_median,detailed_efficiency,0.0,567,560,0.013739953710748966,0.027902173212092846,0.1111111111111111,1.0,0.06315300417962191,0.13166749056876226,False,False,False,,below_bounded_prescreen
diff__compact__day110plus_win_pct,compact_performance,0.0,567,124,-0.03352124307953925,0.01570368461743817,0.1111111111111111,1.0,0.030501581267021315,0.1314701566209659,False,False,False,,below_bounded_prescreen
absdiff__detailed__clean__ftmaderate_median,detailed_efficiency,0.0,567,561,0.011801726493565198,0.024674041641768205,0.1111111111111111,1.0,0.06309087501491212,0.12969406259381439,False,False,False,,below_bounded_prescreen
absdiff__detailed__neutral__pace_mean,detailed_efficiency,0.07936507936507936,522,515,-0.003427847872723509,0.03478488060283427,0.1111111111111111,1.0,0.044953935324908635,0.12708128323693468,False,False,False,,below_bounded_prescreen
context__season_centered_2000,matchup_context,0.0,567,9,-0.06154574548966636,0.0,0.0,1.0,0.0,0.11354006400772661,False,True,True,11.0,selected
seedprior__history_games,prequential_seed_priors,0.0,567,9,-0.06141009687216817,0.0,0.0,1.0,0.0,0.113510221311877,False,False,False,,below_bounded_prescreen
