Feature,Block,MissingRate,NonMissingRows,UniqueValues,GlobalCorrelation,MedianAbsoluteSeasonCorrelation,SeasonSignConsistency,SeasonCoverage,SeasonCorrelationIQR,StabilityScore,Mandatory,InPrecorrelationPool,Selected,SelectionRank,ExclusionReason,OuterFoldID,InnerFoldID,Model,TargetColumn,SeedAware
matchup__seed_diff,matchup_context,0.0,1095,29,-0.5319346584134701,0.5406706386972927,1.0,1.0,0.1650674377755627,0.6299448339146414,True,True,True,1.0,selected,rich_Pooled_2018,rich_Pooled_2018_inner_2015,xgb_classifier,Team1Win,True
diff__norm__rating__elo_mov_538__pct,within_season_normalization,0.0,1095,773,0.47988854967207806,0.48745253499659613,1.0,1.0,0.07647541274783787,0.5964936812163099,True,True,True,2.0,selected,rich_Pooled_2018,rich_Pooled_2018_inner_2015,xgb_classifier,Team1Win,True
diff__adj__net_rtg_a50p0,opponent_adjusted_efficiency,0.0,1095,1095,0.4736112259928559,0.4611710816665007,1.0,1.0,0.1483051220885696,0.5796243840348059,True,True,True,5.0,selected,rich_Pooled_2018,rich_Pooled_2018_inner_2015,xgb_classifier,Team1Win,True
diff__compact__margin_trim02,compact_performance,0.0,1095,1078,0.44962299396558514,0.45691922185415446,1.0,1.0,0.13983282487053578,0.5726449721676014,True,True,True,3.0,selected,rich_Pooled_2018,rich_Pooled_2018_inner_2015,xgb_classifier,Team1Win,True
diff__norm__schedule__opponent_strength_mean__pct,within_season_normalization,0.0,1095,947,0.4496892921233443,0.445314005170475,1.0,1.0,0.13692652260459842,0.5672053058447797,True,True,True,4.0,selected,rich_Pooled_2018,rich_Pooled_2018_inner_2015,xgb_classifier,Team1Win,True
context__women,matchup_context,0.0,1095,2,0.046326389803056436,0.0,0.0,1.0,0.0,0.11019180575667242,True,True,True,6.0,selected,rich_Pooled_2018,rich_Pooled_2018_inner_2015,xgb_classifier,Team1Win,True
diff__rating__margin_ridge_a5p0_z,global_strength_ratings,0.0,1095,1095,0.5493054305508206,0.5492968301913174,1.0,1.0,0.1228332857837981,0.6395963417816609,False,True,True,62.0,selected,rich_Pooled_2018,rich_Pooled_2018_inner_2015,xgb_classifier,Team1Win,True
seedprior__team1_prob_pc2p0,prequential_seed_priors,0.0,1095,631,0.5379327483751833,0.55440379125372,1.0,1.0,0.18015900956755354,0.6372526640616237,False,True,True,68.0,selected,rich_Pooled_2018,rich_Pooled_2018_inner_2015,xgb_classifier,Team1Win,True
diff__schedule__quality_wins,schedule_and_accomplishment,0.0,1095,43,0.5127206862347271,0.5375014606968486,1.0,1.0,0.13433600550249186,0.6254258118860276,False,True,True,78.0,selected,rich_Pooled_2018,rich_Pooled_2018_inner_2015,xgb_classifier,Team1Win,True
diff__norm__rating__elo_mov_538__z,within_season_normalization,0.0,1095,1095,0.522627924154754,0.5318851991647321,1.0,1.0,0.1421762935272271,0.6245959871720281,False,True,True,13.0,selected,rich_Pooled_2018,rich_Pooled_2018_inner_2015,xgb_classifier,Team1Win,True
diff__norm__rating__margin_ridge_a25p0__z,within_season_normalization,0.0,1095,1095,0.5314170944073497,0.525319683288875,1.0,1.0,0.13177571321087606,0.6237941802198419,False,True,True,14.0,selected,rich_Pooled_2018,rich_Pooled_2018_inner_2015,xgb_classifier,Team1Win,True
diff__norm__rating__colley__z,within_season_normalization,0.0,1095,1095,0.5242501370181905,0.5217498121693354,1.0,1.0,0.12265577963429775,0.620868708799911,False,True,True,15.0,selected,rich_Pooled_2018,rich_Pooled_2018_inner_2015,xgb_classifier,Team1Win,True
diff__norm__rating__bt_c1p0__z,within_season_normalization,0.0,1095,1095,0.5149027856160437,0.516663180699118,1.0,1.0,0.13021544594693252,0.6160683217332289,False,True,True,16.0,selected,rich_Pooled_2018,rich_Pooled_2018_inner_2015,xgb_classifier,Team1Win,True
diff__norm__schedule__quality_win_points_sum__z,within_season_normalization,0.0,1095,1095,0.5265010700280802,0.5023888497001918,1.0,1.0,0.10733972702793926,0.6126832941811522,False,True,True,17.0,selected,rich_Pooled_2018,rich_Pooled_2018_inner_2015,xgb_classifier,Team1Win,True
diff__norm__schedule__rpi__z,within_season_normalization,0.0,1095,1095,0.5056052779640655,0.5075174285967676,1.0,1.0,0.09079447180899491,0.6112097480061831,False,True,True,18.0,selected,rich_Pooled_2018,rich_Pooled_2018_inner_2015,xgb_classifier,Team1Win,True
diff__rating__margin_ridge_a5p0_percentile,global_strength_ratings,0.0,1095,805,0.48933147572462116,0.5089457320097485,1.0,1.0,0.07912909478744745,0.608781712232598,False,True,True,63.0,selected,rich_Pooled_2018,rich_Pooled_2018_inner_2015,xgb_classifier,Team1Win,True
diff__compact__half_marginmean_first,compact_performance,0.0,1095,994,0.5015085273893999,0.5041749575959199,1.0,1.0,0.12525341214204594,0.6073257191860276,False,True,True,38.0,selected,rich_Pooled_2018,rich_Pooled_2018_inner_2015,xgb_classifier,Team1Win,True
diff__rating__bt_c0p25_z,global_strength_ratings,0.0,1095,1095,0.48340416551785803,0.5126175180473608,1.0,1.0,0.1503331131391773,0.6063920005510948,False,True,True,64.0,selected,rich_Pooled_2018,rich_Pooled_2018_inner_2015,xgb_classifier,Team1Win,True
diff__rating__elo_standard_z,dynamic_ratings,0.0,1095,1095,0.4950967442720173,0.4988186997014203,1.0,1.0,0.15287892198745612,0.6022391027170273,False,True,True,96.0,selected,rich_Pooled_2018,rich_Pooled_2018_inner_2015,xgb_classifier,Team1Win,True
diff__norm__rating__colley__pct,within_season_normalization,0.0,1095,776,0.48377233360393934,0.49341515333698777,1.0,1.0,0.06712355152727273,0.6005842449335298,False,True,True,19.0,selected,rich_Pooled_2018,rich_Pooled_2018_inner_2015,xgb_classifier,Team1Win,True
diff__norm__schedule__rpi__pct,within_season_normalization,0.0,1095,786,0.4762639869482092,0.48900403094468914,1.0,1.0,0.049098263936698416,0.5975360814245889,False,True,True,20.0,selected,rich_Pooled_2018,rich_Pooled_2018_inner_2015,xgb_classifier,Team1Win,True
diff__norm__rating__pagerank_margin__pct,within_season_normalization,0.0,1095,862,0.4782777801366781,0.4887059924418194,1.0,1.0,0.11671644223578331,0.5951313303127111,False,True,True,21.0,selected,rich_Pooled_2018,rich_Pooled_2018_inner_2015,xgb_classifier,Team1Win,True
diff__norm__adj__net_rtg_a10p0__pct,within_season_normalization,0.0,1095,763,0.4764888499637633,0.48277303661650994,1.0,1.0,0.07937504927978828,0.5933836025967612,False,True,True,22.0,selected,rich_Pooled_2018,rich_Pooled_2018_inner_2015,xgb_classifier,Team1Win,True
diff__schedule__bad_loss_penalty_sum,schedule_and_accomplishment,0.0,1095,1094,-0.45779713092598695,0.4861437440326054,1.0,1.0,0.0634493163692581,0.5915263932845974,False,True,True,79.0,selected,rich_Pooled_2018,rich_Pooled_2018_inner_2015,xgb_classifier,Team1Win,True
diff__rating__elo_season_reset_mov_z,dynamic_ratings,0.0,1095,1095,0.4693812321194281,0.4853733619487982,1.0,1.0,0.13096238669541366,0.5910045893338808,False,True,True,97.0,selected,rich_Pooled_2018,rich_Pooled_2018_inner_2015,xgb_classifier,Team1Win,True
diff__norm__schedule__quality_win_points_sum__pct,within_season_normalization,0.0,1095,791,0.47836742252640996,0.4650498515167104,1.0,1.0,0.0898475132169761,0.5848708611551522,False,True,True,23.0,selected,rich_Pooled_2018,rich_Pooled_2018_inner_2015,xgb_classifier,Team1Win,True
diff__seed__top4,selection_committee_prior,0.0,1095,3,0.4732599399528036,0.4645591192666872,1.0,1.0,0.10651574974458666,0.5828449340478431,False,True,True,75.0,selected,rich_Pooled_2018,rich_Pooled_2018_inner_2015,xgb_classifier,Team1Win,True
diff__rating__pagerank_binary_z,global_strength_ratings,0.0,1095,1095,0.45746117956052695,0.4689458346532198,1.0,1.0,0.11991123574308776,0.5809390107071379,False,True,True,65.0,selected,rich_Pooled_2018,rich_Pooled_2018_inner_2015,xgb_classifier,Team1Win,True
diff__conference__strength_max,conference_context,0.0,1095,941,0.43298098548139735,0.4794740520585798,1.0,1.0,0.14693844301072584,0.5795258240735968,False,True,True,107.0,selected,rich_Pooled_2018,rich_Pooled_2018_inner_2015,xgb_classifier,Team1Win,True
diff__norm__rating__pagerank_margin__z,within_season_normalization,0.0,1095,1095,0.4567749285962539,0.46253644500506264,1.0,1.0,0.11477102679265683,0.5779171368218996,False,True,True,24.0,selected,rich_Pooled_2018,rich_Pooled_2018_inner_2015,xgb_classifier,Team1Win,True
diff__schedule__oowp,schedule_and_accomplishment,0.0,1095,1095,0.4728944103363634,0.4535299493583875,1.0,1.0,0.15422386806342736,0.5755621912434888,False,True,True,80.0,selected,rich_Pooled_2018,rich_Pooled_2018_inner_2015,xgb_classifier,Team1Win,True
diff__rating__elo_standard_percentile,dynamic_ratings,0.0,1095,774,0.4539942404305801,0.45455257678434535,1.0,1.0,0.07254366704888515,0.5751622230692579,False,True,True,98.0,selected,rich_Pooled_2018,rich_Pooled_2018_inner_2015,xgb_classifier,Team1Win,True
diff__rating__bt_c0p25_percentile,global_strength_ratings,0.0,1095,790,0.4511172070932535,0.45465038013858666,1.0,1.0,0.08697703131795537,0.5739988867743191,False,True,True,66.0,selected,rich_Pooled_2018,rich_Pooled_2018_inner_2015,xgb_classifier,Team1Win,True
matchup__team1_seed,matchup_context,0.0,1095,16,-0.4718483815498091,0.4497816629399774,1.0,1.0,0.15262370112368795,0.5735968941071996,False,True,True,7.0,selected,rich_Pooled_2018,rich_Pooled_2018_inner_2015,xgb_classifier,Team1Win,True
diff__compact__pythag_exp8p0,compact_performance,0.0,1095,1095,0.43788311679018466,0.45175976256762757,1.0,1.0,0.0797138483868629,0.5699904177908273,False,True,True,39.0,selected,rich_Pooled_2018,rich_Pooled_2018_inner_2015,xgb_classifier,Team1Win,True
diff__conference__strength_percentile,conference_context,0.0,1095,118,0.437537385806959,0.45405613577692755,1.0,1.0,0.1330638278509249,0.5688826169364192,False,True,True,108.0,selected,rich_Pooled_2018,rich_Pooled_2018_inner_2015,xgb_classifier,Team1Win,True
diff__compact__upside_tail_mean,compact_performance,0.0,1095,1080,0.446167445712008,0.45037627065183017,1.0,1.0,0.1525889256795715,0.5682338909423373,False,True,True,40.0,selected,rich_Pooled_2018,rich_Pooled_2018_inner_2015,xgb_classifier,Team1Win,True
diff__rating__pagerank_binary,global_strength_ratings,0.0,1095,1095,0.3960799253687541,0.46894583806474777,1.0,1.0,0.1199112362221108,0.5674351364033203,False,True,True,67.0,selected,rich_Pooled_2018,rich_Pooled_2018_inner_2015,xgb_classifier,Team1Win,True
diff__compact__margin_q90,compact_performance,0.0,1095,405,0.43516344138065277,0.45520601534700805,1.0,1.0,0.18180435466434436,0.5669626702837337,False,True,True,41.0,selected,rich_Pooled_2018,rich_Pooled_2018_inner_2015,xgb_classifier,Team1Win,True
matchup__team1_is_seed_favorite,matchup_context,0.0,1095,2,0.45017178231777655,0.4466903994101174,1.0,1.0,0.18196702144188676,0.5661705029690917,False,True,True,8.0,selected,rich_Pooled_2018,rich_Pooled_2018_inner_2015,xgb_classifier,Team1Win,True
diff__adj__net_rtg_a50p0_percentile,opponent_adjusted_efficiency,0.0,1095,777,0.43086487086543057,0.44448217302800735,1.0,1.0,0.08753184557229393,0.5646404408209464,False,True,True,25.0,selected,rich_Pooled_2018,rich_Pooled_2018_inner_2015,xgb_classifier,Team1Win,True
diff__schedule__opponent_strength_median,schedule_and_accomplishment,0.0,1095,1087,0.42961028264733736,0.4471807598932178,1.0,1.0,0.15455766607441407,0.5629787202881822,False,True,True,81.0,selected,rich_Pooled_2018,rich_Pooled_2018_inner_2015,xgb_classifier,Team1Win,True
diff__adj__off_rtg_a10p0,opponent_adjusted_efficiency,0.0,1095,1095,0.44968559063093216,0.4347272496545333,1.0,1.0,0.15765634422326752,0.5612936560040503,False,True,True,26.0,selected,rich_Pooled_2018,rich_Pooled_2018_inner_2015,xgb_classifier,Team1Win,True
diff__rating__elo_season_reset_mov_percentile,dynamic_ratings,0.0,1095,769,0.4222353240116301,0.44035555164566736,1.0,1.0,0.07509161287733157,0.5612587715573857,False,True,True,99.0,selected,rich_Pooled_2018,rich_Pooled_2018_inner_2015,xgb_classifier,Team1Win,True
diff__schedule__opponent_strength_pct_mean,schedule_and_accomplishment,0.0,1095,1095,0.44716929540085526,0.4277455656141968,1.0,1.0,0.13350879651194492,0.5583547646225249,False,True,True,82.0,selected,rich_Pooled_2018,rich_Pooled_2018_inner_2015,xgb_classifier,Team1Win,True
diff__conference__strength_mean,conference_context,0.0,1095,941,0.4276425541454176,0.43574707725451367,1.0,1.0,0.13720007157672243,0.5577519561310895,False,True,True,109.0,selected,rich_Pooled_2018,rich_Pooled_2018_inner_2015,xgb_classifier,Team1Win,True
diff__schedule__top_quartile_games,schedule_and_accomplishment,0.0,1095,45,0.44803271682941126,0.4259002540230172,1.0,1.0,0.14077986421828376,0.5573681250647873,False,True,True,83.0,selected,rich_Pooled_2018,rich_Pooled_2018_inner_2015,xgb_classifier,Team1Win,True
diff__adj__def_rtg_a10p0,opponent_adjusted_efficiency,0.0,1095,1095,-0.4305183699969064,0.43026498005435715,1.0,1.0,0.1924291199460882,0.5535440670275673,False,True,True,27.0,selected,rich_Pooled_2018,rich_Pooled_2018_inner_2015,xgb_classifier,Team1Win,True
diff__schedule__opponent_strength_mean,schedule_and_accomplishment,0.0,1095,1095,0.4489127332932862,0.4164538569624381,1.0,1.0,0.1638134813284961,0.5521061134133534,False,True,True,84.0,selected,rich_Pooled_2018,rich_Pooled_2018_inner_2015,xgb_classifier,Team1Win,True
diff__compact__margin_q75,compact_performance,0.0,1095,174,0.4215791062610294,0.4280621552755231,1.0,1.0,0.1670995120383112,0.5515332574281452,False,True,True,42.0,selected,rich_Pooled_2018,rich_Pooled_2018_inner_2015,xgb_classifier,Team1Win,True
diff__compact__half_winpct_first,compact_performance,0.0,1095,382,0.4210925479170143,0.4203262077827204,1.0,1.0,0.11355496229638795,0.5498547417855933,False,True,True,43.0,selected,rich_Pooled_2018,rich_Pooled_2018_inner_2015,xgb_classifier,Team1Win,True
diff__seed__top8,selection_committee_prior,0.0,1095,3,0.43428345637582016,0.4159028407875726,1.0,1.0,0.15440873041191217,0.5489993747642388,False,True,True,76.0,selected,rich_Pooled_2018,rich_Pooled_2018_inner_2015,xgb_classifier,Team1Win,True
diff__rating__elo_mov_log_preseason,dynamic_ratings,0.0,1095,1095,0.4407062676632491,0.4106850008670808,1.0,1.0,0.1666736681705976,0.5474172325752897,False,True,True,100.0,selected,rich_Pooled_2018,rich_Pooled_2018_inner_2015,xgb_classifier,Team1Win,True
diff__compact__home_margin_mean,compact_performance,0.012785388127853882,1081,1058,0.4291019293341076,0.41486294433255977,1.0,1.0,0.16054756761652061,0.5460919039782433,False,True,True,44.0,selected,rich_Pooled_2018,rich_Pooled_2018_inner_2015,xgb_classifier,Team1Win,True
diff__compact__pythag_exp13p91,compact_performance,0.0,1095,1095,0.4124933090308663,0.40976025195919974,1.0,1.0,0.06930343163493835,0.544661311661809,False,True,True,45.0,selected,rich_Pooled_2018,rich_Pooled_2018_inner_2015,xgb_classifier,Team1Win,True
diff__compact__wins,compact_performance,0.0,1095,35,0.4010724213938417,0.4162611652537803,1.0,1.0,0.09655617187737425,0.5441790451533648,False,True,True,46.0,selected,rich_Pooled_2018,rich_Pooled_2018_inner_2015,xgb_classifier,Team1Win,True
matchup__team2_seed,matchup_context,0.0,1095,16,0.3853321165530371,0.423844609929689,1.0,1.0,0.106297245436204,0.5439665885904706,False,True,True,9.0,selected,rich_Pooled_2018,rich_Pooled_2018_inner_2015,xgb_classifier,Team1Win,True
diff__detailed__all__fourfactoredge_mean,detailed_efficiency,0.0,1095,1095,0.41317211831247275,0.41109873754843257,1.0,1.0,0.11802543492750767,0.5435042426548913,False,True,True,117.0,selected,rich_Pooled_2018,rich_Pooled_2018_inner_2015,xgb_classifier,Team1Win,True
diff__compact__margin_median,compact_performance,0.0,1095,91,0.38606540954390384,0.42504640301276414,1.0,1.0,0.1440022516549997,0.5431965734795856,False,True,True,47.0,selected,rich_Pooled_2018,rich_Pooled_2018_inner_2015,xgb_classifier,Team1Win,True
diff__conference__strength_median,conference_context,0.0,1095,941,0.39615724461926327,0.4153304156689793,1.0,1.0,0.1028607519675998,0.5423987632586439,False,True,True,110.0,selected,rich_Pooled_2018,rich_Pooled_2018_inner_2015,xgb_classifier,Team1Win,True
diff__schedule__elite_wins,schedule_and_accomplishment,0.0,1095,27,0.428549467643581,0.39959499359451045,1.0,1.0,0.1249778836585852,0.5410873644606093,False,True,True,85.0,selected,rich_Pooled_2018,rich_Pooled_2018_inner_2015,xgb_classifier,Team1Win,True
diff__adj__off_rtg_a50p0,opponent_adjusted_efficiency,0.0,1095,1095,0.3988646542297935,0.4109847195331982,1.0,1.0,0.12986559384405816,0.5398282655527273,False,True,True,28.0,selected,rich_Pooled_2018,rich_Pooled_2018_inner_2015,xgb_classifier,Team1Win,True
diff__schedule__owp,schedule_and_accomplishment,0.0,1095,1095,0.4130783834829923,0.40009613792531534,1.0,1.0,0.12502549794314166,0.537922370652684,False,True,True,86.0,selected,rich_Pooled_2018,rich_Pooled_2018_inner_2015,xgb_classifier,Team1Win,True
diff__compact__blowout_win10_rate,compact_performance,0.0,1095,833,0.3887899942492894,0.40594279947394163,1.0,1.0,0.18372935863239587,0.5330371681370398,False,True,True,48.0,selected,rich_Pooled_2018,rich_Pooled_2018_inner_2015,xgb_classifier,Team1Win,True
diff__compact__ewm_h20_margin,compact_performance,0.0,1095,1095,0.37419405744288525,0.3998627040554468,1.0,1.0,0.12469367790808578,0.5292690434677257,False,True,True,49.0,selected,rich_Pooled_2018,rich_Pooled_2018_inner_2015,xgb_classifier,Team1Win,True
diff__compact__blowout_win20_rate,compact_performance,0.0,1095,869,0.41059423765517616,0.3812739770066258,1.0,1.0,0.14093968027564474,0.5277046540362933,False,True,True,50.0,selected,rich_Pooled_2018,rich_Pooled_2018_inner_2015,xgb_classifier,Team1Win,True
diff__rating__elo_standard_preseason,dynamic_ratings,0.0,1095,1095,0.4154282584281893,0.38246486243753036,1.0,1.0,0.20619399750798162,0.526729590923897,False,True,True,101.0,selected,rich_Pooled_2018,rich_Pooled_2018_inner_2015,xgb_classifier,Team1Win,True
diff__compact__win_pct,compact_performance,0.0,1095,819,0.366857803901002,0.39499094081992053,1.0,1.0,0.1470137549729031,0.5244238182528662,False,True,True,51.0,selected,rich_Pooled_2018,rich_Pooled_2018_inner_2015,xgb_classifier,Team1Win,True
diff__compact__ewm_h10_margin,compact_performance,0.0,1095,1095,0.35737857281244106,0.3939156521842176,1.0,1.0,0.2079625997381674,0.5193842950776347,False,True,True,52.0,selected,rich_Pooled_2018,rich_Pooled_2018_inner_2015,xgb_classifier,Team1Win,True
diff__detailed__clean__offrtg_median,detailed_efficiency,0.0,1095,1095,0.3471125428692119,0.39400590587488005,1.0,1.0,0.157728107289469,0.5191784699595903,False,True,True,118.0,selected,rich_Pooled_2018,rich_Pooled_2018_inner_2015,xgb_classifier,Team1Win,True
diff__schedule__top_decile_games,schedule_and_accomplishment,0.0,1095,32,0.366767334506947,0.3878775374361052,1.0,1.0,0.1957839490404527,0.5190386735992406,False,True,True,87.0,selected,rich_Pooled_2018,rich_Pooled_2018_inner_2015,xgb_classifier,Team1Win,True
diff__compact__margin_q25,compact_performance,0.0,1095,178,0.36826631699489565,0.38396491829656726,1.0,1.0,0.17361480000774276,0.5183771585209196,False,True,True,53.0,selected,rich_Pooled_2018,rich_Pooled_2018_inner_2015,xgb_classifier,Team1Win,True
diff__detailed__ewm_h20__fourfactoredge,detailed_efficiency,0.0,1095,1095,0.35144698473869407,0.38860877765220414,1.0,1.0,0.14932840973923073,0.5178774135260015,False,True,True,119.0,selected,rich_Pooled_2018,rich_Pooled_2018_inner_2015,xgb_classifier,Team1Win,True
diff__detailed__all__fourfactoredge_median,detailed_efficiency,0.0,1095,1095,0.3592852322401846,0.3818041395127418,1.0,1.0,0.1677330243311032,0.5155994170857124,False,True,True,120.0,selected,rich_Pooled_2018,rich_Pooled_2018_inner_2015,xgb_classifier,Team1Win,True
diff__compact__margin_slope,compact_performance,0.0,1095,1094,-0.36387095897491173,0.3679947589404697,1.0,1.0,0.09930092963560122,0.512717058080482,False,True,True,54.0,selected,rich_Pooled_2018,rich_Pooled_2018_inner_2015,xgb_classifier,Team1Win,True
diff__compact__half_pointsformean_first,compact_performance,0.0,1095,975,0.37985791865549834,0.3647078219364894,1.0,1.0,0.16710594098577203,0.5119442589942935,False,True,True,55.0,selected,rich_Pooled_2018,rich_Pooled_2018_inner_2015,xgb_classifier,Team1Win,True
diff__compact__downside_tail_mean,compact_performance,0.0,1095,1033,-0.35832815900053044,0.3665214661177476,1.0,1.0,0.1146795999185789,0.5101753147198924,False,True,True,56.0,selected,rich_Pooled_2018,rich_Pooled_2018_inner_2015,xgb_classifier,Team1Win,True
diff__compact__half_delta_marginmean,compact_performance,0.0,1095,1075,-0.35105792406371594,0.36526148049645835,1.0,1.0,0.06427880649958567,0.5099871016723341,False,True,True,57.0,selected,rich_Pooled_2018,rich_Pooled_2018_inner_2015,xgb_classifier,Team1Win,True
diff__compact__margin_q10,compact_performance,0.0,1095,353,0.3438817358522567,0.3682997662521145,1.0,1.0,0.1742303194480479,0.5054686569105895,False,True,True,58.0,selected,rich_Pooled_2018,rich_Pooled_2018_inner_2015,xgb_classifier,Team1Win,True
diff__compact__blowout_loss10_rate,compact_performance,0.0,1095,630,-0.32536547269953403,0.36292779089577837,1.0,1.0,0.13887612569557822,0.500230698596048,False,True,True,59.0,selected,rich_Pooled_2018,rich_Pooled_2018_inner_2015,xgb_classifier,Team1Win,True
diff__schedule__bad_losses,schedule_and_accomplishment,0.0,1095,13,-0.3149036816726408,0.3509664885977757,1.0,1.0,0.0693223384450839,0.49496983095710995,False,True,True,88.0,selected,rich_Pooled_2018,rich_Pooled_2018_inner_2015,xgb_classifier,Team1Win,True
diff__adj__def_rtg_a50p0,opponent_adjusted_efficiency,0.0,1095,1095,-0.3539984840296013,0.33215929917057546,1.0,1.0,0.1571516291974963,0.4910300649204886,False,True,True,29.0,selected,rich_Pooled_2018,rich_Pooled_2018_inner_2015,xgb_classifier,Team1Win,True
diff__compact__away_games,compact_performance,0.0,1095,19,-0.3362819271109753,0.3280893574623933,1.0,1.0,0.0710721973502953,0.48862202765235146,False,True,True,60.0,selected,rich_Pooled_2018,rich_Pooled_2018_inner_2015,xgb_classifier,Team1Win,True
diff__compact__away_margin_mean,compact_performance,0.0,1095,1042,0.32676634367325225,0.32555173678371124,1.0,1.0,0.17029697272504962,0.48134155035529486,False,True,True,61.0,selected,rich_Pooled_2018,rich_Pooled_2018_inner_2015,xgb_classifier,Team1Win,True
diff__conference__team_count,conference_context,0.0,1095,17,0.22092321806134435,0.22843596288371326,1.0,1.0,0.08826268587052855,0.414721862722857,False,True,True,111.0,selected,rich_Pooled_2018,rich_Pooled_2018_inner_2015,xgb_classifier,Team1Win,True
diff__rating__elo_mov_log_delta,dynamic_ratings,0.0,1095,1095,0.2013306082005414,0.22425613401135552,1.0,1.0,0.1024037654147898,0.4078395275129782,False,True,True,102.0,selected,rich_Pooled_2018,rich_Pooled_2018_inner_2015,xgb_classifier,Team1Win,True
diff__rating__elo_standard_delta,dynamic_ratings,0.0,1095,1095,0.22531058228566703,0.2139781786793908,1.0,1.0,0.1386916824167385,0.40673018657228477,False,True,True,103.0,selected,rich_Pooled_2018,rich_Pooled_2018_inner_2015,xgb_classifier,Team1Win,True
diff__conference__strength_std,conference_context,0.0,1095,941,0.21092823146795925,0.21051040684984215,0.7647058823529411,1.0,0.19830812897522526,0.36186982222833686,False,True,True,112.0,selected,rich_Pooled_2018,rich_Pooled_2018_inner_2015,xgb_classifier,Team1Win,True
diff__schedule__opponent_strength_std,schedule_and_accomplishment,0.0,1095,1095,0.20222917177146113,0.2037306455904915,0.7647058823529411,1.0,0.14711176219089445,0.3587495983619921,False,True,True,89.0,selected,rich_Pooled_2018,rich_Pooled_2018_inner_2015,xgb_classifier,Team1Win,True
diff__conference__tourney_last_day,conference_context,0.019178082191780823,1074,18,0.09312792275307345,0.2696596266276231,0.5294117647058824,1.0,0.31220365491095836,0.3206082533680957,False,True,True,113.0,selected,rich_Pooled_2018,rich_Pooled_2018_inner_2015,xgb_classifier,Team1Win,True
diff__seed__playin,selection_committee_prior,0.0,1095,3,-0.07810306504069588,0.11468185313135519,0.8333333333333334,1.0,0.1341246360271594,0.30019831170425054,False,True,True,77.0,selected,rich_Pooled_2018,rich_Pooled_2018_inner_2015,xgb_classifier,Team1Win,True
absdiff__conference__strength_std,conference_context,0.0,1095,844,0.11358056850307624,0.11744891527196656,0.6470588235294118,1.0,0.135285022455609,0.2794812152677023,False,True,True,114.0,selected,rich_Pooled_2018,rich_Pooled_2018_inner_2015,xgb_classifier,Team1Win,True
seedprior__favorite_seed_games,prequential_seed_priors,0.0,1095,118,0.027387414820389835,0.06995876368789308,0.7647058823529411,1.0,0.07403847813263069,0.2589968398818398,False,True,True,69.0,selected,rich_Pooled_2018,rich_Pooled_2018_inner_2015,xgb_classifier,Team1Win,True
diff__conference__tourney_champion,conference_context,0.019178082191780823,1074,3,-0.13348090109473384,0.1100894397784508,0.5294117647058824,1.0,0.18237338063257544,0.25808542988679356,False,True,True,115.0,selected,rich_Pooled_2018,rich_Pooled_2018_inner_2015,xgb_classifier,Team1Win,True
absdiff__schedule__opponent_strength_median,schedule_and_accomplishment,0.0,1095,1084,-0.011656809411214256,0.14992839120116602,0.5294117647058824,1.0,0.1401014068992618,0.25363195192399746,False,True,True,90.0,selected,rich_Pooled_2018,rich_Pooled_2018_inner_2015,xgb_classifier,Team1Win,True
absdiff__schedule__elite_wins,schedule_and_accomplishment,0.0,1095,16,0.05535669378499809,0.06792826216160186,0.625,1.0,0.08147168966992302,0.24152517088347158,False,True,True,91.0,selected,rich_Pooled_2018,rich_Pooled_2018_inner_2015,xgb_classifier,Team1Win,True
diff__conference__tourney_win_pct,conference_context,0.019178082191780823,1074,17,-0.07477380803896895,0.08129633638134852,0.5294117647058824,1.0,0.0992388394856461,0.23467456142979332,False,True,True,116.0,selected,rich_Pooled_2018,rich_Pooled_2018_inner_2015,xgb_classifier,Team1Win,True
absdiff__schedule__opponent_strength_mean,schedule_and_accomplishment,0.0,1095,1095,-0.009777516350865068,0.13904786494776075,0.4117647058823529,1.0,0.2360196732274794,0.22533559478419277,False,True,True,92.0,selected,rich_Pooled_2018,rich_Pooled_2018_inner_2015,xgb_classifier,Team1Win,True
absdiff__schedule__oowp,schedule_and_accomplishment,0.0,1095,1095,-0.02277970611896464,0.12073347952804293,0.4117647058823529,1.0,0.18517572953577524,0.2214389292793783,False,True,True,93.0,selected,rich_Pooled_2018,rich_Pooled_2018_inner_2015,xgb_classifier,Team1Win,True
absdiff__schedule__quality_wins,schedule_and_accomplishment,0.0,1095,23,-0.015533587300693477,0.1082402987371686,0.4117647058823529,1.0,0.1373980399094633,0.21575916394479142,False,True,True,94.0,selected,rich_Pooled_2018,rich_Pooled_2018_inner_2015,xgb_classifier,Team1Win,True
absdiff__schedule__top_quartile_games,schedule_and_accomplishment,0.0,1095,25,-0.034654636954599485,0.13964921409452252,0.29411764705882354,1.0,0.17063042034800602,0.21488924961087424,False,True,True,95.0,selected,rich_Pooled_2018,rich_Pooled_2018_inner_2015,xgb_classifier,Team1Win,True
matchup__seed_gap_abs,matchup_context,0.0,1095,15,-0.020646339740103187,0.08217425973231346,0.4117647058823529,1.0,0.09060916691734947,0.20624382567881566,False,True,True,10.0,selected,rich_Pooled_2018,rich_Pooled_2018_inner_2015,xgb_classifier,Team1Win,True
absdiff__adj__off_rtg_a50p0,opponent_adjusted_efficiency,0.0,1095,1095,0.06981466765854219,0.09286124438181113,0.29411764705882354,1.0,0.1601703752413243,0.2005846327079074,False,True,True,30.0,selected,rich_Pooled_2018,rich_Pooled_2018_inner_2015,xgb_classifier,Team1Win,True
absdiff__rating__elo_season_reset_mov,dynamic_ratings,0.0,1095,1095,0.04721355385772283,0.0966635035488291,0.29411764705882354,1.0,0.17226079479909764,0.19695385528958484,False,True,True,104.0,selected,rich_Pooled_2018,rich_Pooled_2018_inner_2015,xgb_classifier,Team1Win,True
absdiff__rating__elo_mov_538_delta,dynamic_ratings,0.0,1095,1095,0.011631501570084196,0.06101061422936019,0.4117647058823529,1.0,0.06225083214216391,0.19523634483100133,False,True,True,105.0,selected,rich_Pooled_2018,rich_Pooled_2018_inner_2015,xgb_classifier,Team1Win,True
seedprior__pooled_pair_games,prequential_seed_priors,0.03561643835616438,1056,107,-0.03233758380040559,0.08727958215666161,0.29411764705882354,1.0,0.16386738829244699,0.18666328080050754,False,True,True,70.0,selected,rich_Pooled_2018,rich_Pooled_2018_inner_2015,xgb_classifier,Team1Win,True
absdiff__adj__net_rtg_a50p0,opponent_adjusted_efficiency,0.0,1095,1095,0.08734619582099021,0.09865204444880439,0.17647058823529413,1.0,0.20889998532097165,0.18644843912085213,False,True,True,31.0,selected,rich_Pooled_2018,rich_Pooled_2018_inner_2015,xgb_classifier,Team1Win,True
absdiff__adj__net_rtg_a50p0_z,opponent_adjusted_efficiency,0.0,1095,1095,0.08044089181296829,0.09865204406395867,0.17647058823529413,1.0,0.20889995738186634,0.1849292731719256,False,True,True,32.0,selected,rich_Pooled_2018,rich_Pooled_2018_inner_2015,xgb_classifier,Team1Win,True
absdiff__adj__def_rtg_a10p0,opponent_adjusted_efficiency,0.0,1095,1095,0.05135955757291987,0.10756718245361761,0.17647058823529413,1.0,0.16001067823507292,0.18476621723202297,False,True,True,33.0,selected,rich_Pooled_2018,rich_Pooled_2018_inner_2015,xgb_classifier,Team1Win,True
absdiff__adj__def_rtg_a50p0,opponent_adjusted_efficiency,0.0,1095,1095,0.04175031956651118,0.11149811474960582,0.17647058823529413,1.0,0.1824619392438441,0.18364098193233655,False,True,True,34.0,selected,rich_Pooled_2018,rich_Pooled_2018_inner_2015,xgb_classifier,Team1Win,True
seedprior__effective_games_pc2p0,prequential_seed_priors,0.0,1095,285,0.006839783219135813,0.07915751283528108,0.29411764705882354,1.0,0.12341014036762042,0.18162277638385174,False,True,True,71.0,selected,rich_Pooled_2018,rich_Pooled_2018_inner_2015,xgb_classifier,Team1Win,True
seedprior__exact_pair_games,prequential_seed_priors,0.0,1095,79,-0.05811488146771221,0.08967628027452426,0.17647058823529413,1.0,0.13442826803347363,0.17868805185097644,False,True,True,72.0,selected,rich_Pooled_2018,rich_Pooled_2018_inner_2015,xgb_classifier,Team1Win,True
absdiff__adj__off_rtg_a10p0,opponent_adjusted_efficiency,0.0,1095,1095,0.05579813227026144,0.08570215995882001,0.17647058823529413,1.0,0.11306463570802383,0.17712533456901722,False,True,True,35.0,selected,rich_Pooled_2018,rich_Pooled_2018_inner_2015,xgb_classifier,Team1Win,True
absdiff__rating__elo_standard_delta,dynamic_ratings,0.0,1095,1095,0.034253786592041334,0.05602454730219447,0.29411764705882354,1.0,0.1178085880670511,0.17677409576203215,False,True,True,106.0,selected,rich_Pooled_2018,rich_Pooled_2018_inner_2015,xgb_classifier,Team1Win,True
absdiff__adj__net_rtg_a10p0,opponent_adjusted_efficiency,0.0,1095,1095,0.07138302504657051,0.10194546011435883,0.058823529411764705,1.0,0.24022217711907917,0.16444096398625693,False,True,True,36.0,selected,rich_Pooled_2018,rich_Pooled_2018_inner_2015,xgb_classifier,Team1Win,True
absdiff__adj__net_rtg_a10p0_z,opponent_adjusted_efficiency,0.0,1095,1095,0.06163732738419643,0.10194545369372879,0.058823529411764705,1.0,0.240222181800969,0.16229690723135662,False,True,True,37.0,selected,rich_Pooled_2018,rich_Pooled_2018_inner_2015,xgb_classifier,Team1Win,True
seedprior__favorite_prob_pc8p0,prequential_seed_priors,0.0,1095,436,0.003068995917653898,0.07952283478456328,0.17647058823529413,1.0,0.15251210785271685,0.16098094960201262,False,True,True,73.0,selected,rich_Pooled_2018,rich_Pooled_2018_inner_2015,xgb_classifier,Team1Win,True
seedprior__generic_gender_games,prequential_seed_priors,0.0,1095,18,-0.01925793305283097,0.1111111111111111,0.058823529411764705,1.0,0.2074137255532284,0.15868529428870934,False,True,True,74.0,selected,rich_Pooled_2018,rich_Pooled_2018_inner_2015,xgb_classifier,Team1Win,True
matchup__equal_seed,matchup_context,0.0,1095,2,0.0012422545081285125,0.1111111111111111,0.058823529411764705,1.0,0.2074137255532284,0.15472184500887481,False,True,True,11.0,selected,rich_Pooled_2018,rich_Pooled_2018_inner_2015,xgb_classifier,Team1Win,True
context__season_centered_2000,matchup_context,0.0,1095,12,0.04125187848475096,0.0,0.0,1.0,0.0,0.10907541326664522,False,True,True,12.0,selected,rich_Pooled_2018,rich_Pooled_2018_inner_2015,xgb_classifier,Team1Win,True
matchup__seed_diff,matchup_context,0.0,1225,29,-0.5379756262612206,0.5423247031035874,1.0,1.0,0.16568737375827525,0.6320430003168594,True,True,True,1.0,selected,rich_Pooled_2018,rich_Pooled_2018_inner_2016,xgb_classifier,Team1Win,True
diff__adj__net_rtg_a50p0,opponent_adjusted_efficiency,0.0,1225,1225,0.47808801320813293,0.49438928076267047,1.0,1.0,0.13097426300797654,0.597247247151552,True,True,True,5.0,selected,rich_Pooled_2018,rich_Pooled_2018_inner_2016,xgb_classifier,Team1Win,True
diff__norm__rating__elo_mov_538__pct,within_season_normalization,0.0,1225,838,0.47911047042392646,0.48745253499659613,1.0,1.0,0.07700512970440632,0.5963013151034537,True,True,True,2.0,selected,rich_Pooled_2018,rich_Pooled_2018_inner_2016,xgb_classifier,Team1Win,True
diff__compact__margin_trim02,compact_performance,0.0,1225,1203,0.45408036628725973,0.4722482304353682,1.0,1.0,0.13601674850727724,0.5811361612518827,True,True,True,3.0,selected,rich_Pooled_2018,rich_Pooled_2018_inner_2016,xgb_classifier,Team1Win,True
diff__norm__schedule__opponent_strength_mean__pct,within_season_normalization,0.0,1225,1037,0.45298714513336064,0.45576520109696245,1.0,1.0,0.13499047960992216,0.5730248492714844,True,True,True,4.0,selected,rich_Pooled_2018,rich_Pooled_2018_inner_2016,xgb_classifier,Team1Win,True
context__women,matchup_context,0.0,1225,2,0.055981738713713015,0.0,0.0,1.0,0.0,0.11231598251701687,True,True,True,6.0,selected,rich_Pooled_2018,rich_Pooled_2018_inner_2016,xgb_classifier,Team1Win,True
diff__rating__margin_ridge_a5p0_z,global_strength_ratings,0.0,1225,1225,0.5553473352667629,0.5497039981912916,1.0,1.0,0.12005028061884981,0.6412323216657538,False,True,True,61.0,selected,rich_Pooled_2018,rich_Pooled_2018_inner_2016,xgb_classifier,Team1Win,True
seedprior__team1_prob_pc2p0,prequential_seed_priors,0.0,1225,704,0.5451695602579438,0.55440379125372,1.0,1.0,0.17905305145853412,0.6388890010001919,False,True,True,67.0,selected,rich_Pooled_2018,rich_Pooled_2018_inner_2016,xgb_classifier,Team1Win,True
diff__adj__net_rtg_a10p0_z,opponent_adjusted_efficiency,0.0,1225,1225,0.5374203270880493,0.5314743596619689,1.0,1.0,0.13362187792935176,0.6279952894799419,False,True,True,13.0,selected,rich_Pooled_2018,rich_Pooled_2018_inner_2016,xgb_classifier,Team1Win,True
diff__schedule__quality_wins,schedule_and_accomplishment,0.0,1225,44,0.5161624282830004,0.5375014606968486,1.0,1.0,0.1377766872975515,0.6260453678648453,False,True,True,78.0,selected,rich_Pooled_2018,rich_Pooled_2018_inner_2016,xgb_classifier,Team1Win,True
diff__norm__rating__elo_mov_538__z,within_season_normalization,0.0,1225,1225,0.5284565520675104,0.5318851991647321,1.0,1.0,0.13937729909022112,0.6259902450903149,False,True,True,28.0,selected,rich_Pooled_2018,rich_Pooled_2018_inner_2016,xgb_classifier,Team1Win,True
diff__norm__rating__colley__z,within_season_normalization,0.0,1225,1225,0.5278430370486565,0.5217498121693354,1.0,1.0,0.12948157173209507,0.6213861151227016,False,True,True,29.0,selected,rich_Pooled_2018,rich_Pooled_2018_inner_2016,xgb_classifier,Team1Win,True
diff__norm__schedule__quality_win_points_sum__z,within_season_normalization,0.0,1225,1225,0.5307526782782908,0.516916785130249,1.0,1.0,0.10518086509208469,0.62067841148006,False,True,True,30.0,selected,rich_Pooled_2018,rich_Pooled_2018_inner_2016,xgb_classifier,Team1Win,True
diff__norm__rating__bt_c1p0__z,within_season_normalization,0.0,1225,1225,0.5185143306976854,0.516663180699118,1.0,1.0,0.13685575036701275,0.6165972494743869,False,True,True,31.0,selected,rich_Pooled_2018,rich_Pooled_2018_inner_2016,xgb_classifier,Team1Win,True
diff__norm__schedule__rpi__z,within_season_normalization,0.0,1225,1225,0.5109802304917967,0.5075174285967676,1.0,1.0,0.09265048153117489,0.6123179971733967,False,True,True,32.0,selected,rich_Pooled_2018,rich_Pooled_2018_inner_2016,xgb_classifier,Team1Win,True
diff__compact__half_marginmean_first,compact_performance,0.0,1225,1106,0.5069620725767002,0.5105525542487425,1.0,1.0,0.1251595708032457,0.6115904991741405,False,True,True,38.0,selected,rich_Pooled_2018,rich_Pooled_2018_inner_2016,xgb_classifier,Team1Win,True
diff__rating__margin_ridge_a5p0_percentile,global_strength_ratings,0.0,1225,879,0.48840671731105123,0.5089457320097485,1.0,1.0,0.07144093793649481,0.6088857916556507,False,True,True,62.0,selected,rich_Pooled_2018,rich_Pooled_2018_inner_2016,xgb_classifier,Team1Win,True
diff__rating__bt_c0p25_z,global_strength_ratings,0.0,1225,1225,0.48595676394996523,0.5126175180473608,1.0,1.0,0.15817885575190016,0.6066397425016494,False,True,True,63.0,selected,rich_Pooled_2018,rich_Pooled_2018_inner_2016,xgb_classifier,Team1Win,True
diff__rating__elo_standard_z,dynamic_ratings,0.0,1225,1225,0.5020119532986476,0.4988186997014203,1.0,1.0,0.1559009398243908,0.6036395679894085,False,True,True,96.0,selected,rich_Pooled_2018,rich_Pooled_2018_inner_2016,xgb_classifier,Team1Win,True
diff__norm__rating__colley__pct,within_season_normalization,0.0,1225,845,0.4817436476699697,0.49341515333698777,1.0,1.0,0.06945281757765376,0.6000447633860413,False,True,True,33.0,selected,rich_Pooled_2018,rich_Pooled_2018_inner_2016,xgb_classifier,Team1Win,True
matchup__team1_seed,matchup_context,0.0,1225,16,-0.47921848871718575,0.495839556277986,1.0,1.0,0.1408573828250726,0.5977967592182113,False,True,True,7.0,selected,rich_Pooled_2018,rich_Pooled_2018_inner_2016,xgb_classifier,Team1Win,True
diff__norm__schedule__rpi__pct,within_season_normalization,0.0,1225,857,0.4762915207724506,0.48900403094468914,1.0,1.0,0.050453757758029294,0.5974879191130688,False,True,True,34.0,selected,rich_Pooled_2018,rich_Pooled_2018_inner_2016,xgb_classifier,Team1Win,True
diff__norm__rating__pagerank_margin__pct,within_season_normalization,0.0,1225,938,0.480438108970958,0.4887059924418194,1.0,1.0,0.10635050061088736,0.5960212403212485,False,True,True,35.0,selected,rich_Pooled_2018,rich_Pooled_2018_inner_2016,xgb_classifier,Team1Win,True
diff__adj__net_rtg_a10p0_percentile,opponent_adjusted_efficiency,0.0,1225,842,0.4746897164754539,0.48277303661650994,1.0,1.0,0.08616950365269271,0.592716015054417,False,True,True,14.0,selected,rich_Pooled_2018,rich_Pooled_2018_inner_2016,xgb_classifier,Team1Win,True
diff__rating__elo_season_reset_mov_z,dynamic_ratings,0.0,1225,1225,0.4729698715302638,0.4853733619487982,1.0,1.0,0.13685470619055878,0.5915583972244588,False,True,True,97.0,selected,rich_Pooled_2018,rich_Pooled_2018_inner_2016,xgb_classifier,Team1Win,True
diff__rating__pagerank_binary_z,global_strength_ratings,0.0,1225,1225,0.46625729260944543,0.48522374636020593,1.0,1.0,0.12128226837942968,0.5906327118917996,False,True,True,64.0,selected,rich_Pooled_2018,rich_Pooled_2018_inner_2016,xgb_classifier,Team1Win,True
diff__schedule__bad_loss_penalty_sum,schedule_and_accomplishment,0.0,1225,1224,-0.45518641741159627,0.48178456824682075,1.0,1.0,0.08054747571430443,0.588175705560453,False,True,True,79.0,selected,rich_Pooled_2018,rich_Pooled_2018_inner_2016,xgb_classifier,Team1Win,True
diff__conference__strength_max,conference_context,0.0,1225,1051,0.4380835606531258,0.4907600631948379,1.0,1.0,0.12527248909537214,0.586932314113395,False,True,True,107.0,selected,rich_Pooled_2018,rich_Pooled_2018_inner_2016,xgb_classifier,Team1Win,True
diff__norm__schedule__quality_win_points_sum__pct,within_season_normalization,0.0,1225,867,0.47659068559411205,0.4650498515167104,1.0,1.0,0.08642931222653344,0.5846167070696643,False,True,True,36.0,selected,rich_Pooled_2018,rich_Pooled_2018_inner_2016,xgb_classifier,Team1Win,True
diff__norm__rating__pagerank_margin__z,within_season_normalization,0.0,1225,1225,0.46798610053695167,0.47030980554689683,1.0,1.0,0.13693546529358774,0.5832282301688962,False,True,True,37.0,selected,rich_Pooled_2018,rich_Pooled_2018_inner_2016,xgb_classifier,Team1Win,True
diff__seed__top4,selection_committee_prior,0.0,1225,3,0.4755696493426976,0.4645591192666872,1.0,1.0,0.12756963060569104,0.5825109148791756,False,True,True,75.0,selected,rich_Pooled_2018,rich_Pooled_2018_inner_2016,xgb_classifier,Team1Win,True
diff__schedule__oowp,schedule_and_accomplishment,0.0,1225,1225,0.47898860249090186,0.4601636664136614,1.0,1.0,0.15178408997237797,0.5801846888276607,False,True,True,80.0,selected,rich_Pooled_2018,rich_Pooled_2018_inner_2016,xgb_classifier,Team1Win,True
diff__rating__pagerank_binary,global_strength_ratings,0.0,1225,1225,0.4084338181107624,0.48522374535508267,1.0,1.0,0.12128227155764526,0.5779115468925016,False,True,True,65.0,selected,rich_Pooled_2018,rich_Pooled_2018_inner_2016,xgb_classifier,Team1Win,True
diff__rating__elo_standard_percentile,dynamic_ratings,0.0,1225,840,0.45360044444229475,0.45455257678434535,1.0,1.0,0.07060765767250188,0.5751530283268904,False,True,True,98.0,selected,rich_Pooled_2018,rich_Pooled_2018_inner_2016,xgb_classifier,Team1Win,True
matchup__team1_is_seed_favorite,matchup_context,0.0,1225,2,0.46487123529112573,0.4584002243523897,1.0,1.0,0.18684200443919752,0.5748300992756268,False,True,True,8.0,selected,rich_Pooled_2018,rich_Pooled_2018_inner_2016,xgb_classifier,Team1Win,True
diff__compact__home_margin_mean,compact_performance,0.011428571428571429,1211,1173,0.43960691170460864,0.46873807600819595,1.0,1.0,0.1545227054488354,0.5746126031267088,False,True,True,39.0,selected,rich_Pooled_2018,rich_Pooled_2018_inner_2016,xgb_classifier,Team1Win,True
diff__compact__margin_q90,compact_performance,0.0,1225,424,0.44760409894643366,0.46334301680462964,1.0,1.0,0.19234621741889413,0.5731837011376819,False,True,True,40.0,selected,rich_Pooled_2018,rich_Pooled_2018_inner_2016,xgb_classifier,Team1Win,True
diff__rating__bt_c0p25_percentile,global_strength_ratings,0.0,1225,863,0.4468569575225742,0.45465038013858666,1.0,1.0,0.08570729621528678,0.5731124212728764,False,True,True,66.0,selected,rich_Pooled_2018,rich_Pooled_2018_inner_2016,xgb_classifier,Team1Win,True
diff__compact__margin_q75,compact_performance,0.0,1225,184,0.4288661078207426,0.467041532029989,1.0,1.0,0.16102222063588423,0.5720895902695227,False,True,True,41.0,selected,rich_Pooled_2018,rich_Pooled_2018_inner_2016,xgb_classifier,Team1Win,True
diff__compact__pythag_exp8p0,compact_performance,0.0,1225,1225,0.44268679055356863,0.4531885671046634,1.0,1.0,0.08962838225075925,0.5713364708419931,False,True,True,42.0,selected,rich_Pooled_2018,rich_Pooled_2018_inner_2016,xgb_classifier,Team1Win,True
diff__conference__strength_percentile,conference_context,0.0,1225,118,0.44025982452824614,0.45405613577692755,1.0,1.0,0.13774203521822015,0.5692944251604106,False,True,True,108.0,selected,rich_Pooled_2018,rich_Pooled_2018_inner_2016,xgb_classifier,Team1Win,True
diff__adj__off_rtg_a10p0,opponent_adjusted_efficiency,0.0,1225,1225,0.4606198517462187,0.4435952317816446,1.0,1.0,0.14895195632814417,0.5683040003862317,False,True,True,15.0,selected,rich_Pooled_2018,rich_Pooled_2018_inner_2016,xgb_classifier,Team1Win,True
diff__adj__net_rtg_a50p0_percentile,opponent_adjusted_efficiency,0.0,1225,848,0.430858452268845,0.44448217302800735,1.0,1.0,0.08626961120407572,0.5646895181044264,False,True,True,16.0,selected,rich_Pooled_2018,rich_Pooled_2018_inner_2016,xgb_classifier,Team1Win,True
diff__schedule__opponent_strength_median,schedule_and_accomplishment,0.0,1225,1216,0.4290271227741704,0.4471807598932178,1.0,1.0,0.15142622425466223,0.5629756827888756,False,True,True,81.0,selected,rich_Pooled_2018,rich_Pooled_2018_inner_2016,xgb_classifier,Team1Win,True
diff__rating__elo_season_reset_mov_percentile,dynamic_ratings,0.0,1225,836,0.4239613203810187,0.44035555164566736,1.0,1.0,0.08216994183358084,0.5613553576004011,False,True,True,99.0,selected,rich_Pooled_2018,rich_Pooled_2018_inner_2016,xgb_classifier,Team1Win,True
diff__seed__top8,selection_committee_prior,0.0,1225,3,0.4428871073222436,0.43457051971942107,1.0,1.0,0.147966496262466,0.560110353225717,False,True,True,76.0,selected,rich_Pooled_2018,rich_Pooled_2018_inner_2016,xgb_classifier,Team1Win,True
diff__detailed__all__fourfactoredge_mean,detailed_efficiency,0.0,1225,1225,0.42321445373657723,0.4413888237397839,1.0,1.0,0.12368705915871425,0.5600263328507947,False,True,True,117.0,selected,rich_Pooled_2018,rich_Pooled_2018_inner_2016,xgb_classifier,Team1Win,True
diff__schedule__opponent_strength_pct_mean,schedule_and_accomplishment,0.0,1225,1225,0.4487277757379654,0.4277455656141968,1.0,1.0,0.13405908443814601,0.558675618779641,False,True,True,82.0,selected,rich_Pooled_2018,rich_Pooled_2018_inner_2016,xgb_classifier,Team1Win,True
diff__conference__strength_mean,conference_context,0.0,1225,1051,0.4272031072055209,0.43574707725451367,1.0,1.0,0.11985897249069577,0.5583489217677533,False,True,True,109.0,selected,rich_Pooled_2018,rich_Pooled_2018_inner_2016,xgb_classifier,Team1Win,True
diff__schedule__top_quartile_games,schedule_and_accomplishment,0.0,1225,46,0.45091228556294427,0.4259002540230172,1.0,1.0,0.15000074122109242,0.5576327951060522,False,True,True,83.0,selected,rich_Pooled_2018,rich_Pooled_2018_inner_2016,xgb_classifier,Team1Win,True
diff__rating__elo_mov_log_preseason,dynamic_ratings,0.0,1225,1225,0.45328910481099166,0.42560434252792234,1.0,1.0,0.17427725456547272,0.557042597289202,False,True,True,100.0,selected,rich_Pooled_2018,rich_Pooled_2018_inner_2016,xgb_classifier,Team1Win,True
diff__adj__def_rtg_a10p0,opponent_adjusted_efficiency,0.0,1225,1225,-0.4326328708434864,0.43026498005435715,1.0,1.0,0.17032366354061573,0.5548934754700338,False,True,True,17.0,selected,rich_Pooled_2018,rich_Pooled_2018_inner_2016,xgb_classifier,Team1Win,True
diff__compact__blowout_win20_rate,compact_performance,0.0,1225,943,0.4174010772711718,0.43422063152719814,1.0,1.0,0.1531803723094443,0.5541269252403351,False,True,True,43.0,selected,rich_Pooled_2018,rich_Pooled_2018_inner_2016,xgb_classifier,Team1Win,True
diff__compact__half_winpct_first,compact_performance,0.0,1225,397,0.4208533967744678,0.4281268509439524,1.0,1.0,0.1087071938494012,0.5537403479895041,False,True,True,44.0,selected,rich_Pooled_2018,rich_Pooled_2018_inner_2016,xgb_classifier,Team1Win,True
diff__schedule__opponent_strength_mean,schedule_and_accomplishment,0.0,1225,1225,0.45072923316975794,0.4179638926268156,1.0,1.0,0.15651818868737916,0.5535223722107231,False,True,True,84.0,selected,rich_Pooled_2018,rich_Pooled_2018_inner_2016,xgb_classifier,Team1Win,True
diff__compact__pythag_exp13p91,compact_performance,0.0,1225,1225,0.41571168477741827,0.42025748109580785,1.0,1.0,0.06559943737268048,0.5505561840821126,False,True,True,45.0,selected,rich_Pooled_2018,rich_Pooled_2018_inner_2016,xgb_classifier,Team1Win,True
diff__compact__wins,compact_performance,0.0,1225,36,0.4027701463421093,0.4205175455441982,1.0,1.0,0.09001982236822675,0.5468570611617501,False,True,True,46.0,selected,rich_Pooled_2018,rich_Pooled_2018_inner_2016,xgb_classifier,Team1Win,True
diff__adj__off_rtg_a50p0,opponent_adjusted_efficiency,0.0,1225,1225,0.41048807023532013,0.416951361470735,1.0,1.0,0.13028979875019853,0.5452324370077153,False,True,True,18.0,selected,rich_Pooled_2018,rich_Pooled_2018_inner_2016,xgb_classifier,Team1Win,True
diff__schedule__owp,schedule_and_accomplishment,0.0,1225,1225,0.42189828739285995,0.4107524225696438,1.0,1.0,0.12497342610417217,0.5449798490156913,False,True,True,85.0,selected,rich_Pooled_2018,rich_Pooled_2018_inner_2016,xgb_classifier,Team1Win,True
diff__rating__elo_standard_preseason,dynamic_ratings,0.0,1225,1225,0.42788692419345503,0.41125204034326074,1.0,1.0,0.2036673667601797,0.543389408016918,False,True,True,101.0,selected,rich_Pooled_2018,rich_Pooled_2018_inner_2016,xgb_classifier,Team1Win,True
matchup__team2_seed,matchup_context,0.0,1225,16,0.38515415199407965,0.423844609929689,1.0,1.0,0.12986893488758905,0.5429845688094447,False,True,True,9.0,selected,rich_Pooled_2018,rich_Pooled_2018_inner_2016,xgb_classifier,Team1Win,True
diff__compact__margin_median,compact_performance,0.0,1225,96,0.3866685493246027,0.4231078379969995,1.0,1.0,0.1307774183967647,0.5429277463541017,False,True,True,47.0,selected,rich_Pooled_2018,rich_Pooled_2018_inner_2016,xgb_classifier,Team1Win,True
diff__schedule__elite_wins,schedule_and_accomplishment,0.0,1225,27,0.43235951635260284,0.39959499359451045,1.0,1.0,0.12909647560766657,0.5417608314986309,False,True,True,86.0,selected,rich_Pooled_2018,rich_Pooled_2018_inner_2016,xgb_classifier,Team1Win,True
diff__compact__blowout_win10_rate,compact_performance,0.0,1225,912,0.40060258182820496,0.4154346658484065,1.0,1.0,0.16731366253359026,0.5408486611080966,False,True,True,48.0,selected,rich_Pooled_2018,rich_Pooled_2018_inner_2016,xgb_classifier,Team1Win,True
diff__conference__strength_median,conference_context,0.0,1225,1051,0.39236907066041726,0.4153304156689793,1.0,1.0,0.12227288237523148,0.5407888797713926,False,True,True,110.0,selected,rich_Pooled_2018,rich_Pooled_2018_inner_2016,xgb_classifier,Team1Win,True
diff__compact__ewm_h20_margin,compact_performance,0.0,1225,1225,0.38855972242422665,0.4065317492633987,1.0,1.0,0.13026170842284146,0.5354079102428476,False,True,True,49.0,selected,rich_Pooled_2018,rich_Pooled_2018_inner_2016,xgb_classifier,Team1Win,True
diff__compact__win_pct,compact_performance,0.0,1225,890,0.3679390435605576,0.39499094081992053,1.0,1.0,0.13867187277768567,0.5249953662657771,False,True,True,50.0,selected,rich_Pooled_2018,rich_Pooled_2018_inner_2016,xgb_classifier,Team1Win,True
diff__compact__ewm_h10_margin,compact_performance,0.0,1225,1225,0.3686565731303403,0.3980841619510667,1.0,1.0,0.18280184837497204,0.5248727698901879,False,True,True,51.0,selected,rich_Pooled_2018,rich_Pooled_2018_inner_2016,xgb_classifier,Team1Win,True
diff__detailed__ewm_h20__fourfactoredge,detailed_efficiency,0.0,1225,1225,0.36968343002285775,0.390715957419652,1.0,1.0,0.16442873423884535,0.5222968647969078,False,True,True,118.0,selected,rich_Pooled_2018,rich_Pooled_2018_inner_2016,xgb_classifier,Team1Win,True
diff__detailed__clean__offrtg_median,detailed_efficiency,0.0,1225,1225,0.3567552416834557,0.39400590587488005,1.0,1.0,0.1592025724564824,0.5212408850920434,False,True,True,119.0,selected,rich_Pooled_2018,rich_Pooled_2018_inner_2016,xgb_classifier,Team1Win,True
diff__compact__margin_q25,compact_performance,0.0,1225,187,0.3741176758678286,0.38396491829656726,1.0,1.0,0.16638463965222172,0.5199536638871857,False,True,True,52.0,selected,rich_Pooled_2018,rich_Pooled_2018_inner_2016,xgb_classifier,Team1Win,True
diff__detailed__all__fourfactorcomposite_mean,detailed_efficiency,0.0,1225,1225,0.3746498646897484,0.3842835304908904,1.0,1.0,0.17640032169044095,0.5198230519997544,False,True,True,120.0,selected,rich_Pooled_2018,rich_Pooled_2018_inner_2016,xgb_classifier,Team1Win,True
diff__schedule__top_decile_games,schedule_and_accomplishment,0.0,1225,32,0.3645437462441277,0.3878775374361052,1.0,1.0,0.19882166766563403,0.5184279754364133,False,True,True,87.0,selected,rich_Pooled_2018,rich_Pooled_2018_inner_2016,xgb_classifier,Team1Win,True
diff__compact__margin_slope,compact_performance,0.0,1225,1224,-0.36026152603693423,0.3679947589404697,1.0,1.0,0.08156063495507332,0.512632594621348,False,True,True,53.0,selected,rich_Pooled_2018,rich_Pooled_2018_inner_2016,xgb_classifier,Team1Win,True
diff__compact__half_pointsformean_first,compact_performance,0.0,1225,1075,0.38855442571127,0.3647078219364894,1.0,1.0,0.21211792612645974,0.5120570111409359,False,True,True,54.0,selected,rich_Pooled_2018,rich_Pooled_2018_inner_2016,xgb_classifier,Team1Win,True
diff__compact__downside_tail_mean,compact_performance,0.0,1225,1144,-0.36116997082838287,0.3665214661177476,1.0,1.0,0.09858603062067567,0.5114442560939361,False,True,True,55.0,selected,rich_Pooled_2018,rich_Pooled_2018_inner_2016,xgb_classifier,Team1Win,True
diff__compact__margin_q10,compact_performance,0.0,1225,370,0.34863866602847304,0.3682997662521145,1.0,1.0,0.15784961902178574,0.5071704095664076,False,True,True,56.0,selected,rich_Pooled_2018,rich_Pooled_2018_inner_2016,xgb_classifier,Team1Win,True
diff__compact__away_margin_mean,compact_performance,0.0,1225,1152,0.332940638016131,0.3732951340271415,1.0,1.0,0.16922181931948405,0.5056597319237973,False,True,True,57.0,selected,rich_Pooled_2018,rich_Pooled_2018_inner_2016,xgb_classifier,Team1Win,True
diff__compact__half_delta_marginmean,compact_performance,0.0,1225,1200,-0.3441619834721105,0.35780797463347214,1.0,1.0,0.0709986245076426,0.5046235192076252,False,True,True,58.0,selected,rich_Pooled_2018,rich_Pooled_2018_inner_2016,xgb_classifier,Team1Win,True
diff__adj__def_rtg_a50p0,opponent_adjusted_efficiency,0.0,1225,1225,-0.35567009744222944,0.33215929917057546,1.0,1.0,0.13558169585762503,0.4922606172048617,False,True,True,19.0,selected,rich_Pooled_2018,rich_Pooled_2018_inner_2016,xgb_classifier,Team1Win,True
diff__compact__away_games,compact_performance,0.0,1225,20,-0.342456212895249,0.330987271205369,1.0,1.0,0.07496914907503172,0.49121549105253065,False,True,True,59.0,selected,rich_Pooled_2018,rich_Pooled_2018_inner_2016,xgb_classifier,Team1Win,True
diff__schedule__bad_losses,schedule_and_accomplishment,0.0,1225,14,-0.3040955308644337,0.3462455178915885,1.0,1.0,0.08891044358359285,0.48954244763479415,False,True,True,88.0,selected,rich_Pooled_2018,rich_Pooled_2018_inner_2016,xgb_classifier,Team1Win,True
diff__compact__ewm_h20_win,compact_performance,0.0,1225,1225,0.32266945355016974,0.3381356892327134,1.0,1.0,0.1395507249868056,0.4877103816132675,False,True,True,60.0,selected,rich_Pooled_2018,rich_Pooled_2018_inner_2016,xgb_classifier,Team1Win,True
diff__conference__team_count,conference_context,0.0,1225,17,0.23544157976274893,0.237376371278713,1.0,1.0,0.1316055930598269,0.42047358203919394,False,True,True,111.0,selected,rich_Pooled_2018,rich_Pooled_2018_inner_2016,xgb_classifier,Team1Win,True
diff__rating__elo_mov_log_delta,dynamic_ratings,0.0,1225,1225,0.19707916907416176,0.22425613401135552,1.0,1.0,0.1155064781751276,0.40638010239476113,False,True,True,102.0,selected,rich_Pooled_2018,rich_Pooled_2018_inner_2016,xgb_classifier,Team1Win,True
diff__rating__elo_standard_delta,dynamic_ratings,0.0,1225,1225,0.22161807491197616,0.2139781786793908,1.0,1.0,0.13847944308781773,0.4059263245232297,False,True,True,103.0,selected,rich_Pooled_2018,rich_Pooled_2018_inner_2016,xgb_classifier,Team1Win,True
diff__conference__strength_std,conference_context,0.0,1225,1051,0.21640769626960846,0.2289458670274225,0.7894736842105263,1.0,0.19719935121204893,0.3759315247776789,False,True,True,112.0,selected,rich_Pooled_2018,rich_Pooled_2018_inner_2016,xgb_classifier,Team1Win,True
diff__schedule__opponent_strength_std,schedule_and_accomplishment,0.0,1225,1225,0.19500284063225423,0.2037306455904915,0.7894736842105263,1.0,0.14788059410475932,0.3610919005320257,False,True,True,89.0,selected,rich_Pooled_2018,rich_Pooled_2018_inner_2016,xgb_classifier,Team1Win,True
diff__conference__tourney_last_day,conference_context,0.019591836734693877,1201,18,0.07353793004770362,0.2696596266276231,0.47368421052631576,1.0,0.3426483278312185,0.3061311590239401,False,True,True,113.0,selected,rich_Pooled_2018,rich_Pooled_2018_inner_2016,xgb_classifier,Team1Win,True
diff__seed__playin,selection_committee_prior,0.0,1225,3,-0.08286739034965418,0.11468185313135519,0.8461538461538461,1.0,0.13849088944215113,0.3031230951869038,False,True,True,77.0,selected,rich_Pooled_2018,rich_Pooled_2018_inner_2016,xgb_classifier,Team1Win,True
absdiff__conference__strength_std,conference_context,0.0,1225,943,0.12220070195042777,0.11744891527196656,0.5789473684210527,1.0,0.14588463250826875,0.2700558274066757,False,True,True,114.0,selected,rich_Pooled_2018,rich_Pooled_2018_inner_2016,xgb_classifier,Team1Win,True
diff__conference__tourney_champion,conference_context,0.019591836734693877,1201,3,-0.13165948999446106,0.1100894397784508,0.5789473684210527,1.0,0.15409987890563037,0.26670825574480544,False,True,True,115.0,selected,rich_Pooled_2018,rich_Pooled_2018_inner_2016,xgb_classifier,Team1Win,True
absdiff__schedule__opponent_strength_median,schedule_and_accomplishment,0.0,1225,1212,-0.019717452480603505,0.14992839120116602,0.5789473684210527,1.0,0.14141845773094947,0.26327830796042295,False,True,True,90.0,selected,rich_Pooled_2018,rich_Pooled_2018_inner_2016,xgb_classifier,Team1Win,True
seedprior__favorite_seed_games,prequential_seed_priors,0.0,1225,128,0.026123254038908902,0.08089868881250913,0.6842105263157895,1.0,0.0816921579876427,0.250784484409585,False,True,True,68.0,selected,rich_Pooled_2018,rich_Pooled_2018_inner_2016,xgb_classifier,Team1Win,True
diff__conference__tourney_win_pct,conference_context,0.019591836734693877,1201,17,-0.072512010780537,0.08129633638134852,0.5789473684210527,1.0,0.09116409817206624,0.2423925519164757,False,True,True,116.0,selected,rich_Pooled_2018,rich_Pooled_2018_inner_2016,xgb_classifier,Team1Win,True
absdiff__schedule__opponent_strength_mean,schedule_and_accomplishment,0.0,1225,1225,-0.020380211950904104,0.13904786494776075,0.47368421052631576,1.0,0.20369708457584063,0.23886821210530096,False,True,True,91.0,selected,rich_Pooled_2018,rich_Pooled_2018_inner_2016,xgb_classifier,Team1Win,True
absdiff__schedule__oowp,schedule_and_accomplishment,0.0,1225,1225,-0.03378530386207919,0.12342610813986242,0.47368421052631576,1.0,0.1582986892007759,0.23613482487297086,False,True,True,92.0,selected,rich_Pooled_2018,rich_Pooled_2018_inner_2016,xgb_classifier,Team1Win,True
absdiff__schedule__top_quartile_games,schedule_and_accomplishment,0.0,1225,25,-0.04735354643454767,0.13964921409452252,0.3684210526315789,1.0,0.1706128384419658,0.2295722578643453,False,True,True,93.0,selected,rich_Pooled_2018,rich_Pooled_2018_inner_2016,xgb_classifier,Team1Win,True
absdiff__schedule__quality_wins,schedule_and_accomplishment,0.0,1225,24,-0.025991313736873706,0.1082402987371686,0.47368421052631576,1.0,0.11746405490483335,0.22876434390397032,False,True,True,94.0,selected,rich_Pooled_2018,rich_Pooled_2018_inner_2016,xgb_classifier,Team1Win,True
matchup__seed_gap_abs,matchup_context,0.0,1225,15,-0.02541354455784191,0.08217425973231346,0.47368421052631576,1.0,0.09533782692575521,0.217010585081416,False,True,True,10.0,selected,rich_Pooled_2018,rich_Pooled_2018_inner_2016,xgb_classifier,Team1Win,True
absdiff__adj__off_rtg_a50p0,opponent_adjusted_efficiency,0.0,1225,1225,0.07262674412987734,0.09286124438181113,0.3684210526315789,1.0,0.14708043048801675,0.2136154322133743,False,True,True,20.0,selected,rich_Pooled_2018,rich_Pooled_2018_inner_2016,xgb_classifier,Team1Win,True
absdiff__rating__elo_mov_538_delta,dynamic_ratings,0.0,1225,1225,0.022404691750192236,0.07263644651769806,0.47368421052631576,1.0,0.08045770142992296,0.21236569214055095,False,True,True,104.0,selected,rich_Pooled_2018,rich_Pooled_2018_inner_2016,xgb_classifier,Team1Win,True
absdiff__schedule__elite_wins,schedule_and_accomplishment,0.0,1225,16,0.03747053793926764,0.06792826216160186,0.4444444444444444,1.0,0.07686293085627716,0.2088856780610678,False,True,True,95.0,selected,rich_Pooled_2018,rich_Pooled_2018_inner_2016,xgb_classifier,Team1Win,True
absdiff__adj__net_rtg_a50p0,opponent_adjusted_efficiency,0.0,1225,1225,0.09120689954892476,0.09865204444880439,0.2631578947368421,1.0,0.20324613782597717,0.20139391688104522,False,True,True,21.0,selected,rich_Pooled_2018,rich_Pooled_2018_inner_2016,xgb_classifier,Team1Win,True
absdiff__adj__def_rtg_a50p0,opponent_adjusted_efficiency,0.0,1225,1225,0.057222845137235176,0.11149811474960582,0.2631578947368421,1.0,0.18142008573949675,0.2009565807383174,False,True,True,22.0,selected,rich_Pooled_2018,rich_Pooled_2018_inner_2016,xgb_classifier,Team1Win,True
seedprior__pooled_pair_games,prequential_seed_priors,0.03918367346938775,1177,113,-0.0398955823739939,0.08727958215666161,0.3684210526315789,1.0,0.16138132293780055,0.2000286491834658,False,True,True,69.0,selected,rich_Pooled_2018,rich_Pooled_2018_inner_2016,xgb_classifier,Team1Win,True
absdiff__adj__net_rtg_a50p0_z,opponent_adjusted_efficiency,0.0,1225,1225,0.08340051206319433,0.09865204406395867,0.2631578947368421,1.0,0.20324611895168437,0.19967651220443028,False,True,True,23.0,selected,rich_Pooled_2018,rich_Pooled_2018_inner_2016,xgb_classifier,Team1Win,True
absdiff__adj__def_rtg_a10p0,opponent_adjusted_efficiency,0.0,1225,1225,0.05464613747178793,0.10756718245361761,0.2631578947368421,1.0,0.16231860138532084,0.19926691692401172,False,True,True,24.0,selected,rich_Pooled_2018,rich_Pooled_2018_inner_2016,xgb_classifier,Team1Win,True
seedprior__exact_pair_games,prequential_seed_priors,0.0,1225,82,-0.06839140655160368,0.09686678979919877,0.2631578947368421,1.0,0.14577577869583416,0.19781640055502958,False,True,True,70.0,selected,rich_Pooled_2018,rich_Pooled_2018_inner_2016,xgb_classifier,Team1Win,True
absdiff__rating__elo_standard_delta,dynamic_ratings,0.0,1225,1225,0.04334473075082015,0.0567829229597737,0.3684210526315789,1.0,0.13554937806389528,0.19031703708436862,False,True,True,105.0,selected,rich_Pooled_2018,rich_Pooled_2018_inner_2016,xgb_classifier,Team1Win,True
absdiff__rating__elo_season_reset_mov,dynamic_ratings,0.0,1225,1225,0.04406762929456212,0.08847578784188939,0.2631578947368421,1.0,0.15585468255439147,0.18803433246462967,False,True,True,106.0,selected,rich_Pooled_2018,rich_Pooled_2018_inner_2016,xgb_classifier,Team1Win,True
absdiff__adj__off_rtg_a10p0,opponent_adjusted_efficiency,0.0,1225,1225,0.05659826038502616,0.07477529216293685,0.2631578947368421,1.0,0.10368631922139745,0.1863015679119543,False,True,True,25.0,selected,rich_Pooled_2018,rich_Pooled_2018_inner_2016,xgb_classifier,Team1Win,True
seedprior__effective_games_pc2p0,prequential_seed_priors,0.0,1225,306,-0.006561694754291466,0.07915751283528108,0.2631578947368421,1.0,0.12341780991131959,0.17660772976832098,False,True,True,71.0,selected,rich_Pooled_2018,rich_Pooled_2018_inner_2016,xgb_classifier,Team1Win,True
absdiff__adj__net_rtg_a10p0_percentile,opponent_adjusted_efficiency,0.0,1225,657,-0.02524850577752118,0.0882813809313059,0.15789473684210525,1.0,0.17788944473280277,0.16607731422350624,False,True,True,26.0,selected,rich_Pooled_2018,rich_Pooled_2018_inner_2016,xgb_classifier,Team1Win,True
absdiff__adj__net_rtg_a10p0,opponent_adjusted_efficiency,0.0,1225,1225,0.06594462574362664,0.10149822819031974,0.05263157894736842,1.0,0.21591114649777515,0.16301157396661928,False,True,True,27.0,selected,rich_Pooled_2018,rich_Pooled_2018_inner_2016,xgb_classifier,Team1Win,True
seedprior__generic_gender_games,prequential_seed_priors,0.0,1225,20,-0.02613817060616876,0.1111111111111111,0.05263157894736842,1.0,0.20805742197959642,0.15918248661908557,False,True,True,72.0,selected,rich_Pooled_2018,rich_Pooled_2018_inner_2016,xgb_classifier,Team1Win,True
seedprior__favorite_prob_pc8p0,prequential_seed_priors,0.0,1225,484,-0.000615435551147554,0.07952283478456328,0.15789473684210525,1.0,0.15225130179184587,0.15747946234090585,False,True,True,73.0,selected,rich_Pooled_2018,rich_Pooled_2018_inner_2016,xgb_classifier,Team1Win,True
matchup__equal_seed,matchup_context,0.0,1225,2,0.003964298838714478,0.1111111111111111,0.05263157894736842,1.0,0.20805742197959642,0.15430423483024563,False,True,True,11.0,selected,rich_Pooled_2018,rich_Pooled_2018_inner_2016,xgb_classifier,Team1Win,True
seedprior__gap_games,prequential_seed_priors,0.0,1225,140,-0.021990464016947733,0.047219974451293015,0.15789473684210525,1.0,0.08591922304611187,0.14932987879324153,False,True,True,74.0,selected,rich_Pooled_2018,rich_Pooled_2018_inner_2016,xgb_classifier,Team1Win,True
context__season_centered_2000,matchup_context,0.0,1225,13,0.03841790227133302,0.0,0.0,1.0,0.0,0.10845193849969327,False,True,True,12.0,selected,rich_Pooled_2018,rich_Pooled_2018_inner_2016,xgb_classifier,Team1Win,True
matchup__seed_diff,matchup_context,0.0,1355,29,-0.5345076439901866,0.5423247031035874,1.0,1.0,0.1650674377755627,0.6313048416565404,True,True,True,1.0,selected,rich_Pooled_2018,rich_Pooled_2018_inner_2017,xgb_classifier,Team1Win,True
diff__norm__rating__elo_mov_538__pct,within_season_normalization,0.0,1355,888,0.48079958584014704,0.48745253499659613,1.0,1.0,0.0702064043432622,0.596944869509468,True,True,True,2.0,selected,rich_Pooled_2018,rich_Pooled_2018_inner_2017,xgb_classifier,Team1Win,True
diff__adj__net_rtg_a50p0,opponent_adjusted_efficiency,0.0,1355,1355,0.47550355365317704,0.49438928076267047,1.0,1.0,0.14118933350642526,0.5962700632295238,True,True,True,5.0,selected,rich_Pooled_2018,rich_Pooled_2018_inner_2017,xgb_classifier,Team1Win,True
diff__compact__margin_trim02,compact_performance,0.0,1355,1329,0.4502177913763674,0.4722482304353682,1.0,1.0,0.13635881889346596,0.5802727119560389,True,True,True,3.0,selected,rich_Pooled_2018,rich_Pooled_2018_inner_2017,xgb_classifier,Team1Win,True
diff__norm__schedule__opponent_strength_mean__pct,within_season_normalization,0.0,1355,1120,0.45228476947253443,0.45576520109696245,1.0,1.0,0.1390739795373795,0.5727069866290043,True,True,True,4.0,selected,rich_Pooled_2018,rich_Pooled_2018_inner_2017,xgb_classifier,Team1Win,True
context__women,matchup_context,0.0,1355,2,0.04208997270597478,0.0,0.0,1.0,0.0,0.10925979399531446,True,True,True,6.0,selected,rich_Pooled_2018,rich_Pooled_2018_inner_2017,xgb_classifier,Team1Win,True
diff__rating__margin_ridge_a5p0_z,global_strength_ratings,0.0,1355,1355,0.554550769187933,0.5497039981912916,1.0,1.0,0.14609696726010285,0.640015209662761,False,True,True,61.0,selected,rich_Pooled_2018,rich_Pooled_2018_inner_2017,xgb_classifier,Team1Win,True
seedprior__team1_prob_pc2p0,prequential_seed_priors,0.0,1355,776,0.5419354302295487,0.55440379125372,1.0,1.0,0.18015900956755354,0.6381332540695841,False,True,True,67.0,selected,rich_Pooled_2018,rich_Pooled_2018_inner_2017,xgb_classifier,Team1Win,True
diff__norm__rating__margin_ridge_a25p0__z,within_season_normalization,0.0,1355,1355,0.535916593409116,0.5354889658307569,1.0,1.0,0.15376088016623896,0.6287859189421192,False,True,True,13.0,selected,rich_Pooled_2018,rich_Pooled_2018_inner_2017,xgb_classifier,Team1Win,True
diff__norm__rating__elo_mov_538__z,within_season_normalization,0.0,1355,1355,0.5280648823840235,0.5318851991647321,1.0,1.0,0.13357567052398533,0.6261361429025971,False,True,True,14.0,selected,rich_Pooled_2018,rich_Pooled_2018_inner_2017,xgb_classifier,Team1Win,True
diff__schedule__quality_wins,schedule_and_accomplishment,0.0,1355,44,0.5125227147573739,0.5355674341124791,1.0,1.0,0.13433600550249186,0.6244539254005125,False,True,True,88.0,selected,rich_Pooled_2018,rich_Pooled_2018_inner_2017,xgb_classifier,Team1Win,True
diff__norm__rating__colley__z,within_season_normalization,0.0,1355,1355,0.5248663107057132,0.5217498121693354,1.0,1.0,0.12265577963429775,0.621004267011166,False,True,True,15.0,selected,rich_Pooled_2018,rich_Pooled_2018_inner_2017,xgb_classifier,Team1Win,True
diff__norm__schedule__quality_win_points_sum__z,within_season_normalization,0.0,1355,1355,0.5274732384329942,0.516916785130249,1.0,1.0,0.10733972702793926,0.6198705802366606,False,True,True,16.0,selected,rich_Pooled_2018,rich_Pooled_2018_inner_2017,xgb_classifier,Team1Win,True
diff__norm__rating__bt_c1p0__z,within_season_normalization,0.0,1355,1355,0.5160843931972331,0.516663180699118,1.0,1.0,0.13021544594693252,0.6163282754010906,False,True,True,17.0,selected,rich_Pooled_2018,rich_Pooled_2018_inner_2017,xgb_classifier,Team1Win,True
diff__norm__schedule__rpi__z,within_season_normalization,0.0,1355,1355,0.5111350651630353,0.5075174285967676,1.0,1.0,0.10966121445695254,0.6116716314840381,False,True,True,18.0,selected,rich_Pooled_2018,rich_Pooled_2018_inner_2017,xgb_classifier,Team1Win,True
diff__compact__half_marginmean_first,compact_performance,0.0,1355,1211,0.5039775140343252,0.5105525542487425,1.0,1.0,0.13240637632196167,0.6106440240740695,False,True,True,38.0,selected,rich_Pooled_2018,rich_Pooled_2018_inner_2017,xgb_classifier,Team1Win,True
diff__rating__margin_ridge_a5p0_percentile,global_strength_ratings,0.0,1355,935,0.48975711525084525,0.5089457320097485,1.0,1.0,0.08115055392351811,0.6087944945629244,False,True,True,62.0,selected,rich_Pooled_2018,rich_Pooled_2018_inner_2017,xgb_classifier,Team1Win,True
diff__rating__elo_standard_z,dynamic_ratings,0.0,1355,1355,0.5019616435898316,0.5063419341063946,1.0,1.0,0.14417638137186983,0.6077086347059576,False,True,True,77.0,selected,rich_Pooled_2018,rich_Pooled_2018_inner_2017,xgb_classifier,Team1Win,True
diff__rating__bt_c0p25_z,global_strength_ratings,0.0,1355,1355,0.48263195385861557,0.5082287054676596,1.0,1.0,0.1503331131391773,0.6041154839478049,False,True,True,63.0,selected,rich_Pooled_2018,rich_Pooled_2018_inner_2017,xgb_classifier,Team1Win,True
diff__norm__rating__colley__pct,within_season_normalization,0.0,1355,905,0.4793760477265661,0.49341515333698777,1.0,1.0,0.07178208362803479,0.5994307207564772,False,True,True,19.0,selected,rich_Pooled_2018,rich_Pooled_2018_inner_2017,xgb_classifier,Team1Win,True
diff__norm__schedule__rpi__pct,within_season_normalization,0.0,1355,905,0.4749667148073561,0.48900403094468914,1.0,1.0,0.05443590771872858,0.59703717580232,False,True,True,20.0,selected,rich_Pooled_2018,rich_Pooled_2018_inner_2017,xgb_classifier,Team1Win,True
matchup__team1_seed,matchup_context,0.0,1355,16,-0.475004152850898,0.495839556277986,1.0,1.0,0.14548803939020571,0.5966843790650225,False,True,True,7.0,selected,rich_Pooled_2018,rich_Pooled_2018_inner_2017,xgb_classifier,Team1Win,True
diff__norm__rating__pagerank_margin__pct,within_season_normalization,0.0,1355,1005,0.47868943980886536,0.4887059924418194,1.0,1.0,0.11317218932256351,0.5953636655571212,False,True,True,21.0,selected,rich_Pooled_2018,rich_Pooled_2018_inner_2017,xgb_classifier,Team1Win,True
diff__norm__adj__net_rtg_a10p0__pct,within_season_normalization,0.0,1355,894,0.47600057686188785,0.48277303661650994,1.0,1.0,0.0901491202869037,0.592845219674064,False,True,True,22.0,selected,rich_Pooled_2018,rich_Pooled_2018_inner_2017,xgb_classifier,Team1Win,True
diff__rating__elo_season_reset_mov_z,dynamic_ratings,0.0,1355,1355,0.4697370461296625,0.4853733619487982,1.0,1.0,0.13096238669541366,0.5910828684161323,False,True,True,78.0,selected,rich_Pooled_2018,rich_Pooled_2018_inner_2017,xgb_classifier,Team1Win,True
diff__rating__pagerank_binary_z,global_strength_ratings,0.0,1355,1355,0.4638623810294425,0.48522374636020593,1.0,1.0,0.11976674222234718,0.5901664523904823,False,True,True,64.0,selected,rich_Pooled_2018,rich_Pooled_2018_inner_2017,xgb_classifier,Team1Win,True
diff__conference__strength_max,conference_context,0.0,1355,1162,0.43966470264422813,0.4907600631948379,1.0,1.0,0.12830891171407427,0.5871587084466894,False,True,True,106.0,selected,rich_Pooled_2018,rich_Pooled_2018_inner_2017,xgb_classifier,Team1Win,True
diff__schedule__bad_loss_penalty_sum,schedule_and_accomplishment,0.0,1355,1354,-0.4513580928682065,0.48120796268984994,1.0,1.0,0.09764563505935064,0.5863727771197593,False,True,True,89.0,selected,rich_Pooled_2018,rich_Pooled_2018_inner_2017,xgb_classifier,Team1Win,True
diff__norm__schedule__quality_win_points_sum__pct,within_season_normalization,0.0,1355,919,0.4741004346488809,0.4650498515167104,1.0,1.0,0.08524937977863073,0.5841160491596296,False,True,True,23.0,selected,rich_Pooled_2018,rich_Pooled_2018_inner_2017,xgb_classifier,Team1Win,True
diff__norm__rating__pagerank_margin__z,within_season_normalization,0.0,1355,1355,0.46837341140734573,0.47030980554689683,1.0,1.0,0.1254260204579003,0.5837738163538105,False,True,True,24.0,selected,rich_Pooled_2018,rich_Pooled_2018_inner_2017,xgb_classifier,Team1Win,True
diff__seed__top4,selection_committee_prior,0.0,1355,3,0.472856899422235,0.4645591192666872,1.0,1.0,0.12689478774655416,0.5819411036110393,False,True,True,74.0,selected,rich_Pooled_2018,rich_Pooled_2018_inner_2017,xgb_classifier,Team1Win,True
diff__schedule__oowp,schedule_and_accomplishment,0.0,1355,1355,0.47731917912385435,0.4601636664136614,1.0,1.0,0.15422386806342736,0.5797198245632683,False,True,True,90.0,selected,rich_Pooled_2018,rich_Pooled_2018_inner_2017,xgb_classifier,Team1Win,True
diff__rating__pagerank_binary,global_strength_ratings,0.0,1355,1355,0.411041291452189,0.48522374535508267,1.0,1.0,0.11976675195028885,0.5785458118119097,False,True,True,65.0,selected,rich_Pooled_2018,rich_Pooled_2018_inner_2017,xgb_classifier,Team1Win,True
diff__rating__elo_standard_percentile,dynamic_ratings,0.0,1355,895,0.4555517348549261,0.45641765601573425,1.0,1.0,0.06824923100763353,0.5765718873153308,False,True,True,79.0,selected,rich_Pooled_2018,rich_Pooled_2018_inner_2017,xgb_classifier,Team1Win,True
diff__compact__home_margin_mean,compact_performance,0.010332103321033211,1341,1289,0.4427364942552118,0.46873807600819595,1.0,1.0,0.17067397905504217,0.5747427777921964,False,True,True,39.0,selected,rich_Pooled_2018,rich_Pooled_2018_inner_2017,xgb_classifier,Team1Win,True
diff__rating__bt_c0p25_percentile,global_strength_ratings,0.0,1355,916,0.44224117132361584,0.45465038013858666,1.0,1.0,0.08443756111261813,0.5721477377132124,False,True,True,66.0,selected,rich_Pooled_2018,rich_Pooled_2018_inner_2017,xgb_classifier,Team1Win,True
diff__compact__margin_q90,compact_performance,0.0,1355,438,0.44243279327584734,0.46334301680462964,1.0,1.0,0.19249631295069008,0.5720400100688809,False,True,True,40.0,selected,rich_Pooled_2018,rich_Pooled_2018_inner_2017,xgb_classifier,Team1Win,True
diff__compact__margin_q75,compact_performance,0.0,1355,189,0.4262521440728703,0.467041532029989,1.0,1.0,0.15494492923345715,0.5717576099010878,False,True,True,41.0,selected,rich_Pooled_2018,rich_Pooled_2018_inner_2017,xgb_classifier,Team1Win,True
diff__compact__pythag_exp8p0,compact_performance,0.0,1355,1355,0.4398134966705335,0.4531885671046634,1.0,1.0,0.0797138483868629,0.5711009275422813,False,True,True,42.0,selected,rich_Pooled_2018,rich_Pooled_2018_inner_2017,xgb_classifier,Team1Win,True
diff__conference__strength_percentile,conference_context,0.0,1355,120,0.4389743169502895,0.45405613577692755,1.0,1.0,0.1330638278509249,0.5691987417879519,False,True,True,107.0,selected,rich_Pooled_2018,rich_Pooled_2018_inner_2017,xgb_classifier,Team1Win,True
diff__adj__off_rtg_a10p0,opponent_adjusted_efficiency,0.0,1355,1355,0.45969480688186676,0.4435952317816446,1.0,1.0,0.12464535221073336,0.5690727546807708,False,True,True,25.0,selected,rich_Pooled_2018,rich_Pooled_2018_inner_2017,xgb_classifier,Team1Win,True
matchup__team1_is_seed_favorite,matchup_context,0.0,1355,2,0.4549092721326513,0.4466903994101174,1.0,1.0,0.2045882255863573,0.5663079025625853,False,True,True,8.0,selected,rich_Pooled_2018,rich_Pooled_2018_inner_2017,xgb_classifier,Team1Win,True
diff__adj__net_rtg_a50p0_percentile,opponent_adjusted_efficiency,0.0,1355,905,0.43091676782051525,0.44448217302800735,1.0,1.0,0.08500737683585752,0.5647528369005226,False,True,True,26.0,selected,rich_Pooled_2018,rich_Pooled_2018_inner_2017,xgb_classifier,Team1Win,True
diff__rating__elo_mov_log_preseason,dynamic_ratings,0.0,1355,1355,0.4581741067972586,0.4370166127370009,1.0,1.0,0.165836844885334,0.563932803813744,False,True,True,80.0,selected,rich_Pooled_2018,rich_Pooled_2018_inner_2017,xgb_classifier,Team1Win,True
diff__schedule__opponent_strength_median,schedule_and_accomplishment,0.0,1355,1345,0.4287907875482622,0.4471807598932178,1.0,1.0,0.1482947824349103,0.5630489467119658,False,True,True,91.0,selected,rich_Pooled_2018,rich_Pooled_2018_inner_2017,xgb_classifier,Team1Win,True
diff__rating__elo_season_reset_mov_percentile,dynamic_ratings,0.0,1355,891,0.42164052645313516,0.44035555164566736,1.0,1.0,0.08493445800723831,0.5607342022893206,False,True,True,81.0,selected,rich_Pooled_2018,rich_Pooled_2018_inner_2017,xgb_classifier,Team1Win,True
diff__conference__strength_mean,conference_context,0.0,1355,1162,0.4274821756105042,0.43574707725451367,1.0,1.0,0.10512833060494203,0.5589995424922798,False,True,True,108.0,selected,rich_Pooled_2018,rich_Pooled_2018_inner_2017,xgb_classifier,Team1Win,True
diff__detailed__clean__fourfactoredge_mean,detailed_efficiency,0.0,1355,1355,0.4157010028447129,0.44145834372473797,1.0,1.0,0.11043204464890538,0.5589369438277548,False,True,True,116.0,selected,rich_Pooled_2018,rich_Pooled_2018_inner_2017,xgb_classifier,Team1Win,True
diff__schedule__opponent_strength_pct_mean,schedule_and_accomplishment,0.0,1355,1355,0.4494935276040532,0.4277455656141968,1.0,1.0,0.13494755893789767,0.5588085452101902,False,True,True,92.0,selected,rich_Pooled_2018,rich_Pooled_2018_inner_2017,xgb_classifier,Team1Win,True
diff__seed__top8,selection_committee_prior,0.0,1355,3,0.43574214068152106,0.43457051971942107,1.0,1.0,0.1554347967393459,0.5582397285456829,False,True,True,75.0,selected,rich_Pooled_2018,rich_Pooled_2018_inner_2017,xgb_classifier,Team1Win,True
diff__schedule__top_quartile_games,schedule_and_accomplishment,0.0,1355,46,0.45109521957046456,0.4259002540230172,1.0,1.0,0.14572304359791383,0.5578441484926339,False,True,True,93.0,selected,rich_Pooled_2018,rich_Pooled_2018_inner_2017,xgb_classifier,Team1Win,True
diff__adj__def_rtg_a10p0,opponent_adjusted_efficiency,0.0,1355,1355,-0.43396542375011266,0.43026498005435715,1.0,1.0,0.1924291199460882,0.5543024188532726,False,True,True,27.0,selected,rich_Pooled_2018,rich_Pooled_2018_inner_2017,xgb_classifier,Team1Win,True
diff__compact__blowout_win20_rate,compact_performance,0.0,1355,1020,0.4202489600364257,0.43422063152719814,1.0,1.0,0.16542106434324383,0.554263831767339,False,True,True,43.0,selected,rich_Pooled_2018,rich_Pooled_2018_inner_2017,xgb_classifier,Team1Win,True
diff__schedule__opponent_strength_mean,schedule_and_accomplishment,0.0,1355,1355,0.45189646431648944,0.4179638926268156,1.0,1.0,0.16329057780013884,0.5535082674984937,False,True,True,94.0,selected,rich_Pooled_2018,rich_Pooled_2018_inner_2017,xgb_classifier,Team1Win,True
diff__rating__elo_standard_preseason,dynamic_ratings,0.0,1355,1355,0.43387689949360025,0.42183719646525786,1.0,1.0,0.19805568843962668,0.5500125446543307,False,True,True,82.0,selected,rich_Pooled_2018,rich_Pooled_2018_inner_2017,xgb_classifier,Team1Win,True
diff__compact__half_winpct_first,compact_performance,0.0,1355,413,0.41468773926037006,0.4203262077827204,1.0,1.0,0.1163624563148532,0.5483333841203931,False,True,True,44.0,selected,rich_Pooled_2018,rich_Pooled_2018_inner_2017,xgb_classifier,Team1Win,True
diff__adj__off_rtg_a50p0,opponent_adjusted_efficiency,0.0,1355,1355,0.4096003912747822,0.4192324715422177,1.0,1.0,0.11268968893053471,0.5468360848634952,False,True,True,28.0,selected,rich_Pooled_2018,rich_Pooled_2018_inner_2017,xgb_classifier,Team1Win,True
diff__schedule__owp,schedule_and_accomplishment,0.0,1355,1355,0.42971855402990733,0.4107524225696438,1.0,1.0,0.12492135426520268,0.5467023905494005,False,True,True,95.0,selected,rich_Pooled_2018,rich_Pooled_2018_inner_2017,xgb_classifier,Team1Win,True
diff__compact__pythag_exp13p91,compact_performance,0.0,1355,1355,0.4126765195208961,0.40976025195919974,1.0,1.0,0.06692707928206132,0.5447966720637305,False,True,True,45.0,selected,rich_Pooled_2018,rich_Pooled_2018_inner_2017,xgb_classifier,Team1Win,True
diff__compact__wins,compact_performance,0.0,1355,36,0.39802672318206056,0.4162611652537803,1.0,1.0,0.08824802918958652,0.5438413172542844,False,True,True,46.0,selected,rich_Pooled_2018,rich_Pooled_2018_inner_2017,xgb_classifier,Team1Win,True
matchup__team2_seed,matchup_context,0.0,1355,16,0.3834313098167269,0.423844609929689,1.0,1.0,0.14995605427677183,0.5418020587548597,False,True,True,9.0,selected,rich_Pooled_2018,rich_Pooled_2018_inner_2017,xgb_classifier,Team1Win,True
diff__compact__margin_median,compact_performance,0.0,1355,99,0.38192417577506094,0.4231078379969995,1.0,1.0,0.1440022516549997,0.5413549908428731,False,True,True,47.0,selected,rich_Pooled_2018,rich_Pooled_2018_inner_2017,xgb_classifier,Team1Win,True
diff__compact__blowout_win10_rate,compact_performance,0.0,1355,984,0.3987912348615968,0.4154346658484065,1.0,1.0,0.14932390445428545,0.541169755098615,False,True,True,48.0,selected,rich_Pooled_2018,rich_Pooled_2018_inner_2017,xgb_classifier,Team1Win,True
diff__schedule__elite_wins,schedule_and_accomplishment,0.0,1355,30,0.42871738042686874,0.39959499359451045,1.0,1.0,0.13145568541691965,0.5408651932025993,False,True,True,96.0,selected,rich_Pooled_2018,rich_Pooled_2018_inner_2017,xgb_classifier,Team1Win,True
diff__conference__strength_median,conference_context,0.0,1355,1162,0.3907270692674955,0.4153304156689793,1.0,1.0,0.14168501278286305,0.5396511542486445,False,True,True,109.0,selected,rich_Pooled_2018,rich_Pooled_2018_inner_2017,xgb_classifier,Team1Win,True
diff__compact__ewm_h20_margin,compact_performance,0.0,1355,1355,0.39176564146071824,0.4065317492633987,1.0,1.0,0.14553447613749532,0.5355023017222895,False,True,True,49.0,selected,rich_Pooled_2018,rich_Pooled_2018_inner_2017,xgb_classifier,Team1Win,True
diff__compact__ewm_h10_margin,compact_performance,0.0,1355,1355,0.369210209808315,0.3980841619510667,1.0,1.0,0.1600300827554243,0.5259054405841244,False,True,True,50.0,selected,rich_Pooled_2018,rich_Pooled_2018_inner_2017,xgb_classifier,Team1Win,True
diff__detailed__ewm_h20__fourfactoredge,detailed_efficiency,0.0,1355,1355,0.37054918071198095,0.390715957419652,1.0,1.0,0.15484768694455198,0.5228705718402867,False,True,True,117.0,selected,rich_Pooled_2018,rich_Pooled_2018_inner_2017,xgb_classifier,Team1Win,True
diff__detailed__clean__offrtg_median,detailed_efficiency,0.0,1355,1355,0.3518513106904761,0.39400590587488005,1.0,1.0,0.15201629783288306,0.5204494712585318,False,True,True,118.0,selected,rich_Pooled_2018,rich_Pooled_2018_inner_2017,xgb_classifier,Team1Win,True
diff__compact__margin_q25,compact_performance,0.0,1355,192,0.37370872735598804,0.38396491829656726,1.0,1.0,0.15395364147666862,0.520360935141603,False,True,True,51.0,selected,rich_Pooled_2018,rich_Pooled_2018_inner_2017,xgb_classifier,Team1Win,True
diff__schedule__top_decile_games,schedule_and_accomplishment,0.0,1355,32,0.3699475023778873,0.3878775374361052,1.0,1.0,0.2018593862908154,0.5194952930408331,False,True,True,97.0,selected,rich_Pooled_2018,rich_Pooled_2018_inner_2017,xgb_classifier,Team1Win,True
diff__detailed__all__fourfactoredge_median,detailed_efficiency,0.0,1355,1355,0.35990201335694155,0.38156505138466607,1.0,1.0,0.1677330243311032,0.5156203466299226,False,True,True,119.0,selected,rich_Pooled_2018,rich_Pooled_2018_inner_2017,xgb_classifier,Team1Win,True
diff__compact__win_pct,compact_performance,0.0,1355,965,0.36012485896397545,0.3742338395942234,1.0,1.0,0.13949431737134033,0.5132799392824482,False,True,True,52.0,selected,rich_Pooled_2018,rich_Pooled_2018_inner_2017,xgb_classifier,Team1Win,True
diff__compact__half_pointsformean_first,compact_performance,0.0,1355,1173,0.3841400856190883,0.3647078219364894,1.0,1.0,0.16710594098577203,0.5128863357262834,False,True,True,53.0,selected,rich_Pooled_2018,rich_Pooled_2018_inner_2017,xgb_classifier,Team1Win,True
diff__detailed__all__fourfactorcomposite_mean,detailed_efficiency,0.0,1355,1355,0.3668326285184459,0.3678454138026652,1.0,1.0,0.1581905605428267,0.5109413544776243,False,True,True,120.0,selected,rich_Pooled_2018,rich_Pooled_2018_inner_2017,xgb_classifier,Team1Win,True
diff__compact__margin_q10,compact_performance,0.0,1355,388,0.3480691640215729,0.3682997662521145,1.0,1.0,0.14146891859552352,0.50770034714194,False,True,True,54.0,selected,rich_Pooled_2018,rich_Pooled_2018_inner_2017,xgb_classifier,Team1Win,True
diff__compact__downside_tail_mean,compact_performance,0.0,1355,1257,-0.358788029001867,0.3569021158246421,1.0,1.0,0.1048749212480442,0.5060513851263172,False,True,True,55.0,selected,rich_Pooled_2018,rich_Pooled_2018_inner_2017,xgb_classifier,Team1Win,True
diff__compact__margin_slope,compact_performance,0.0,1355,1354,-0.34816525038204676,0.3600429100184219,1.0,1.0,0.1174692588199795,0.5047181815400936,False,True,True,56.0,selected,rich_Pooled_2018,rich_Pooled_2018_inner_2017,xgb_classifier,Team1Win,True
diff__compact__away_margin_mean,compact_performance,0.0,1355,1258,0.32756778156458355,0.3732951340271415,1.0,1.0,0.17011620022729057,0.5044419282681446,False,True,True,57.0,selected,rich_Pooled_2018,rich_Pooled_2018_inner_2017,xgb_classifier,Team1Win,True
diff__compact__half_delta_marginmean,compact_performance,0.0,1355,1324,-0.332959485789278,0.3546262353022042,1.0,1.0,0.08840081408275213,0.499935647255389,False,True,True,58.0,selected,rich_Pooled_2018,rich_Pooled_2018_inner_2017,xgb_classifier,Team1Win,True
diff__adj__def_rtg_a50p0,opponent_adjusted_efficiency,0.0,1355,1355,-0.3544533285812244,0.33215929917057546,1.0,1.0,0.1571516291974963,0.49113013072184575,False,True,True,29.0,selected,rich_Pooled_2018,rich_Pooled_2018_inner_2017,xgb_classifier,Team1Win,True
diff__compact__ewm_h20_win,compact_performance,0.0,1355,1355,0.32653354608306717,0.33885295938599197,1.0,1.0,0.12168925586699059,0.4896192304088713,False,True,True,59.0,selected,rich_Pooled_2018,rich_Pooled_2018_inner_2017,xgb_classifier,Team1Win,True
diff__compact__away_games,compact_performance,0.0,1355,20,-0.3342547455127706,0.3280893574623933,1.0,1.0,0.08779401369064532,0.4875071750471325,False,True,True,60.0,selected,rich_Pooled_2018,rich_Pooled_2018_inner_2017,xgb_classifier,Team1Win,True
diff__schedule__bad_losses,schedule_and_accomplishment,0.0,1355,14,-0.29681684771720984,0.333649438983632,1.0,1.0,0.09741951289998962,0.4815546566939299,False,True,True,98.0,selected,rich_Pooled_2018,rich_Pooled_2018_inner_2017,xgb_classifier,Team1Win,True
diff__conference__team_count,conference_context,0.0,1355,17,0.23307762702093718,0.22843596288371326,1.0,1.0,0.11968670429733652,0.41613887195689503,False,True,True,110.0,selected,rich_Pooled_2018,rich_Pooled_2018_inner_2017,xgb_classifier,Team1Win,True
diff__rating__elo_standard_delta,dynamic_ratings,0.0,1355,1355,0.20285880817731752,0.2124697416400615,0.9047619047619048,1.0,0.1449731692598257,0.38557739177775113,False,True,True,83.0,selected,rich_Pooled_2018,rich_Pooled_2018_inner_2017,xgb_classifier,Team1Win,True
diff__conference__strength_std,conference_context,0.0,1355,1162,0.21983381578325983,0.2289458670274225,0.8095238095238095,1.0,0.19609057344887254,0.3799376422313346,False,True,True,111.0,selected,rich_Pooled_2018,rich_Pooled_2018_inner_2017,xgb_classifier,Team1Win,True
diff__rating__elo_mov_538_delta,dynamic_ratings,0.0,1355,1355,0.18035359642639323,0.18672486075348407,0.9047619047619048,1.0,0.12642380136407877,0.3690106770828204,False,True,True,84.0,selected,rich_Pooled_2018,rich_Pooled_2018_inner_2017,xgb_classifier,Team1Win,True
diff__schedule__opponent_strength_std,schedule_and_accomplishment,0.0,1355,1355,0.19845933049999423,0.2037306455904915,0.8095238095238095,1.0,0.1698571656110911,0.36418128549280054,False,True,True,99.0,selected,rich_Pooled_2018,rich_Pooled_2018_inner_2017,xgb_classifier,Team1Win,True
diff__seed__playin,selection_committee_prior,0.0,1355,3,-0.08691202934244364,0.11468185313135519,0.8571428571428571,1.0,0.14285714285714285,0.3055965073869595,False,True,True,76.0,selected,rich_Pooled_2018,rich_Pooled_2018_inner_2017,xgb_classifier,Team1Win,True
diff__conference__tourney_last_day,conference_context,0.020664206642066422,1327,19,0.049234616148787075,0.2696596266276231,0.42857142857142855,1.0,0.3730930007514786,0.2922628083439963,False,True,True,112.0,selected,rich_Pooled_2018,rich_Pooled_2018_inner_2017,xgb_classifier,Team1Win,True
diff__conference__tourney_champion,conference_context,0.020664206642066422,1327,3,-0.13724506520434548,0.13954869147849236,0.6190476190476191,1.0,0.12582637717868528,0.2895387136837387,False,True,True,113.0,selected,rich_Pooled_2018,rich_Pooled_2018_inner_2017,xgb_classifier,Team1Win,True
absdiff__schedule__opponent_strength_median,schedule_and_accomplishment,0.0,1355,1341,-0.03402860043337923,0.13154277454471516,0.6190476190476191,1.0,0.13075263507620594,0.2644443375213775,False,True,True,100.0,selected,rich_Pooled_2018,rich_Pooled_2018_inner_2017,xgb_classifier,Team1Win,True
absdiff__conference__strength_std,conference_context,0.0,1355,1044,0.118498297934269,0.11744891527196656,0.5238095238095238,1.0,0.15648424256092844,0.25999525898316983,False,True,True,114.0,selected,rich_Pooled_2018,rich_Pooled_2018_inner_2017,xgb_classifier,Team1Win,True
absdiff__schedule__opponent_strength_mean,schedule_and_accomplishment,0.0,1355,1355,-0.03425406253530519,0.13511059805691986,0.5238095238095238,1.0,0.13764143723607034,0.25069284714516965,False,True,True,101.0,selected,rich_Pooled_2018,rich_Pooled_2018_inner_2017,xgb_classifier,Team1Win,True
diff__conference__tourney_win_pct,conference_context,0.020664206642066422,1327,17,-0.0746224055779646,0.08111964161895961,0.6190476190476191,1.0,0.08308935685848637,0.24942526544616708,False,True,True,115.0,selected,rich_Pooled_2018,rich_Pooled_2018_inner_2017,xgb_classifier,Team1Win,True
absdiff__schedule__oowp,schedule_and_accomplishment,0.0,1355,1355,-0.04890386031054127,0.12342610813986242,0.5238095238095238,1.0,0.1217150240960481,0.24894430402113496,False,True,True,102.0,selected,rich_Pooled_2018,rich_Pooled_2018_inner_2017,xgb_classifier,Team1Win,True
absdiff__schedule__quality_wins,schedule_and_accomplishment,0.0,1355,24,-0.04051954965688556,0.1082402987371686,0.5238095238095238,1.0,0.09753006990020337,0.24077796533187143,False,True,True,103.0,selected,rich_Pooled_2018,rich_Pooled_2018_inner_2017,xgb_classifier,Team1Win,True
absdiff__schedule__top_quartile_games,schedule_and_accomplishment,0.0,1355,25,-0.05542990590982099,0.13673488130151185,0.42857142857142855,1.0,0.16710488899815282,0.23971455533638877,False,True,True,104.0,selected,rich_Pooled_2018,rich_Pooled_2018_inner_2017,xgb_classifier,Team1Win,True
seedprior__favorite_seed_games,prequential_seed_priors,0.0,1355,138,0.020785115500060375,0.07041500219806535,0.6190476190476191,1.0,0.07603562989566334,0.23437812031687716,False,True,True,68.0,selected,rich_Pooled_2018,rich_Pooled_2018_inner_2017,xgb_classifier,Team1Win,True
matchup__seed_gap_abs,matchup_context,0.0,1355,15,-0.03520107327176767,0.08612610006149615,0.5238095238095238,1.0,0.1185892419709743,0.2281507182799919,False,True,True,10.0,selected,rich_Pooled_2018,rich_Pooled_2018_inner_2017,xgb_classifier,Team1Win,True
absdiff__schedule__opponent_strength_pct_mean,schedule_and_accomplishment,0.0,1355,1355,-0.04647013807592425,0.12393699671777918,0.3333333333333333,1.0,0.14041632327138762,0.21742986920371515,False,True,True,105.0,selected,rich_Pooled_2018,rich_Pooled_2018_inner_2017,xgb_classifier,Team1Win,True
seedprior__pooled_pair_games,prequential_seed_priors,0.03911439114391144,1302,118,-0.05792070583205231,0.08727958215666161,0.42857142857142855,1.0,0.15889525758315406,0.2137232216948386,False,True,True,69.0,selected,rich_Pooled_2018,rich_Pooled_2018_inner_2017,xgb_classifier,Team1Win,True
absdiff__adj__def_rtg_a50p0,opponent_adjusted_efficiency,0.0,1355,1355,0.06327809567759235,0.1452655882271362,0.23809523809523808,1.0,0.20218791858310867,0.21365638475000945,False,True,True,30.0,selected,rich_Pooled_2018,rich_Pooled_2018_inner_2017,xgb_classifier,Team1Win,True
seedprior__exact_pair_games,prequential_seed_priors,0.0,1355,84,-0.07622120447570949,0.09686678979919877,0.3333333333333333,1.0,0.14048592197442247,0.21097862054262792,False,True,True,70.0,selected,rich_Pooled_2018,rich_Pooled_2018_inner_2017,xgb_classifier,Team1Win,True
absdiff__adj__net_rtg_a50p0,opponent_adjusted_efficiency,0.0,1355,1355,0.08974865139847027,0.12492440874633745,0.23809523809523808,1.0,0.20889998532097165,0.20944765818830466,False,True,True,31.0,selected,rich_Pooled_2018,rich_Pooled_2018_inner_2017,xgb_classifier,Team1Win,True
absdiff__adj__net_rtg_a50p0_z,opponent_adjusted_efficiency,0.0,1355,1355,0.08257342459672853,0.1249244220643905,0.23809523809523808,1.0,0.20889995738186634,0.20786911580215117,False,True,True,32.0,selected,rich_Pooled_2018,rich_Pooled_2018_inner_2017,xgb_classifier,Team1Win,True
absdiff__adj__off_rtg_a50p0,opponent_adjusted_efficiency,0.0,1355,1355,0.06759448001331918,0.09286124438181113,0.3333333333333333,1.0,0.1375575161070855,0.20727521559524947,False,True,True,33.0,selected,rich_Pooled_2018,rich_Pooled_2018_inner_2017,xgb_classifier,Team1Win,True
absdiff__rating__elo_mov_538_delta,dynamic_ratings,0.0,1355,1355,0.025408118461726185,0.07263644651769806,0.42857142857142855,1.0,0.08962253007344138,0.20544180775856574,False,True,True,85.0,selected,rich_Pooled_2018,rich_Pooled_2018_inner_2017,xgb_classifier,Team1Win,True
absdiff__rating__elo_standard_percentile,dynamic_ratings,0.0,1355,694,-0.03506847028010413,0.094878363170832,0.3333333333333333,1.0,0.1770816125762733,0.19950674661390466,False,True,True,86.0,selected,rich_Pooled_2018,rich_Pooled_2018_inner_2017,xgb_classifier,Team1Win,True
absdiff__adj__def_rtg_a10p0,opponent_adjusted_efficiency,0.0,1355,1355,0.05644205503442076,0.11438460308231382,0.23809523809523808,1.0,0.17319275874491996,0.1984893893325245,False,True,True,34.0,selected,rich_Pooled_2018,rich_Pooled_2018_inner_2017,xgb_classifier,Team1Win,True
absdiff__rating__elo_mov_log_percentile,dynamic_ratings,0.0,1355,689,-0.038088556836701135,0.08255650555574243,0.3333333333333333,1.0,0.1541954022619108,0.19517212241368753,False,True,True,87.0,selected,rich_Pooled_2018,rich_Pooled_2018_inner_2017,xgb_classifier,Team1Win,True
absdiff__adj__net_rtg_a50p0_percentile,opponent_adjusted_efficiency,0.0,1355,688,-0.029898922058389916,0.10327934794520893,0.23809523809523808,1.0,0.14882060103118294,0.18829426392053686,False,True,True,35.0,selected,rich_Pooled_2018,rich_Pooled_2018_inner_2017,xgb_classifier,Team1Win,True
absdiff__adj__net_rtg_a10p0_percentile,opponent_adjusted_efficiency,0.0,1355,689,-0.040603877459133214,0.09458364675773702,0.23809523809523808,1.0,0.19856491543029609,0.18448564496274933,False,True,True,36.0,selected,rich_Pooled_2018,rich_Pooled_2018_inner_2017,xgb_classifier,Team1Win,True
seedprior__favorite_prob_pc8p0,prequential_seed_priors,0.0,1355,531,-0.017758444229638858,0.09497211463425531,0.23809523809523808,1.0,0.15375540374673174,0.1814384947003319,False,True,True,71.0,selected,rich_Pooled_2018,rich_Pooled_2018_inner_2017,xgb_classifier,Team1Win,True
absdiff__adj__off_rtg_a10p0,opponent_adjusted_efficiency,0.0,1355,1355,0.04858049703721921,0.07569248591047892,0.23809523809523808,1.0,0.10752949870261633,0.18081416073235154,False,True,True,37.0,selected,rich_Pooled_2018,rich_Pooled_2018_inner_2017,xgb_classifier,Team1Win,True
seedprior__effective_games_pc2p0,prequential_seed_priors,0.0,1355,325,-0.008190583854722832,0.07915751283528108,0.23809523809523808,1.0,0.12341014036762042,0.17295636708950723,False,True,True,72.0,selected,rich_Pooled_2018,rich_Pooled_2018_inner_2017,xgb_classifier,Team1Win,True
seedprior__generic_gender_games,prequential_seed_priors,0.0,1355,22,-0.02755332280237038,0.09759000729485333,0.0,1.0,0.1938926217369706,0.14514922964857227,False,True,True,73.0,selected,rich_Pooled_2018,rich_Pooled_2018_inner_2017,xgb_classifier,Team1Win,True
matchup__equal_seed,matchup_context,0.0,1355,2,0.0027645100406472833,0.09759000729485331,0.0,1.0,0.19389262173697058,0.13969569084099318,False,True,True,11.0,selected,rich_Pooled_2018,rich_Pooled_2018_inner_2017,xgb_classifier,Team1Win,True
context__season_centered_2000,matchup_context,0.0,1355,14,0.009409362982365364,0.0,0.0,1.0,0.0,0.10207005985612039,False,True,True,12.0,selected,rich_Pooled_2018,rich_Pooled_2018_inner_2017,xgb_classifier,Team1Win,True
matchup__seed_diff,matchup_context,0.0,1485,29,-0.5383399895407477,0.5533524224025029,1.0,1.0,0.16568737375827525,0.6374164655018348,True,True,True,1.0,selected,rich_Pooled_2018,,xgb_classifier,Team1Win,True
diff__adj__net_rtg_a50p0,opponent_adjusted_efficiency,0.0,1485,1485,0.47658120907934215,0.49438928076267047,1.0,1.0,0.13146995851511167,0.5968959224229325,True,True,True,5.0,selected,rich_Pooled_2018,,xgb_classifier,Team1Win,True
diff__norm__rating__elo_mov_538__pct,within_season_normalization,0.0,1485,926,0.480959956691779,0.48745253499659613,1.0,1.0,0.0728132076088619,0.596875878966203,True,True,True,2.0,selected,rich_Pooled_2018,,xgb_classifier,Team1Win,True
diff__norm__schedule__opponent_strength_mean__pct,within_season_normalization,0.0,1485,1193,0.4572849746066948,0.4719888320290583,1.0,1.0,0.1360642080763127,0.5817147654643684,True,True,True,4.0,selected,rich_Pooled_2018,,xgb_classifier,Team1Win,True
diff__compact__margin_trim02,compact_performance,0.0,1485,1453,0.4491170000101449,0.4722482304353682,1.0,1.0,0.1324605237667011,0.5801864696605405,True,True,True,3.0,selected,rich_Pooled_2018,,xgb_classifier,Team1Win,True
context__women,matchup_context,0.0,1485,2,0.031770329073643216,0.0,0.0,1.0,0.0,0.10698947239620152,True,True,True,6.0,selected,rich_Pooled_2018,,xgb_classifier,Team1Win,True
diff__rating__margin_ridge_a5p0_z,global_strength_ratings,0.0,1485,1485,0.5590941305765894,0.5713862541057134,1.0,1.0,0.1361011122645207,0.6518220662070113,False,True,True,61.0,selected,rich_Pooled_2018,,xgb_classifier,Team1Win,True
seedprior__team1_prob_pc2p0,prequential_seed_priors,0.0,1485,848,0.5464421309569353,0.5613450409586608,1.0,1.0,0.17905305145853412,0.6425007664123416,False,True,True,67.0,selected,rich_Pooled_2018,,xgb_classifier,Team1Win,True
diff__norm__schedule__quality_win_points_sum__z,within_season_normalization,0.0,1485,1485,0.5323041786572282,0.541318842993232,1.0,1.0,0.10518086509208469,0.6327327293376581,False,True,True,28.0,selected,rich_Pooled_2018,,xgb_classifier,Team1Win,True
diff__rating__margin_ridge_a25p0,global_strength_ratings,0.0,1485,1485,0.5295093557568259,0.5395525334005822,1.0,1.0,0.1458528584177896,0.6296431599620695,False,True,True,62.0,selected,rich_Pooled_2018,,xgb_classifier,Team1Win,True
diff__adj__net_rtg_a10p0_z,opponent_adjusted_efficiency,0.0,1485,1485,0.539041576343876,0.5316662091158352,1.0,1.0,0.13362187792935176,0.6284440520540795,False,True,True,13.0,selected,rich_Pooled_2018,,xgb_classifier,Team1Win,True
diff__norm__rating__elo_mov_538__z,within_season_normalization,0.0,1485,1485,0.5286014457775857,0.5318851991647321,1.0,1.0,0.12629027622773048,0.626545602621031,False,True,True,29.0,selected,rich_Pooled_2018,,xgb_classifier,Team1Win,True
diff__schedule__quality_wins,schedule_and_accomplishment,0.0,1485,44,0.5181423057018302,0.5355674341124791,1.0,1.0,0.1377766872975515,0.6255526081364905,False,True,True,77.0,selected,rich_Pooled_2018,,xgb_classifier,Team1Win,True
diff__norm__rating__colley__z,within_season_normalization,0.0,1485,1485,0.5286529367948051,0.5300161913370887,1.0,1.0,0.12948157173209507,0.6255321550673758,False,True,True,30.0,selected,rich_Pooled_2018,,xgb_classifier,Team1Win,True
diff__norm__schedule__rpi__z,within_season_normalization,0.0,1485,1485,0.5146871112052402,0.5306964941502839,1.0,1.0,0.10612596083803577,0.6237204432237676,False,True,True,31.0,selected,rich_Pooled_2018,,xgb_classifier,Team1Win,True
diff__compact__half_marginmean_first,compact_performance,0.0,1485,1311,0.5088398184409203,0.527516134250383,1.0,1.0,0.12873605289320367,0.6200030623814582,False,True,True,38.0,selected,rich_Pooled_2018,,xgb_classifier,Team1Win,True
diff__norm__rating__bt_c1p0__z,within_season_normalization,0.0,1485,1485,0.5190438330295584,0.5185147416626671,1.0,1.0,0.13685575036701275,0.6176024892499025,False,True,True,32.0,selected,rich_Pooled_2018,,xgb_classifier,Team1Win,True
diff__rating__elo_standard_z,dynamic_ratings,0.0,1485,1485,0.5048737485913332,0.5159063051527719,1.0,1.0,0.14044994749516138,0.6130892532636174,False,True,True,95.0,selected,rich_Pooled_2018,,xgb_classifier,Team1Win,True
diff__rating__margin_ridge_a5p0_percentile,global_strength_ratings,0.0,1485,980,0.49340205100812773,0.509080932773055,1.0,1.0,0.08172667387153093,0.6096382319979932,False,True,True,63.0,selected,rich_Pooled_2018,,xgb_classifier,Team1Win,True
diff__norm__rating__pagerank_margin__pct,within_season_normalization,0.0,1485,1049,0.4833900966038839,0.5134387560029133,1.0,1.0,0.10635050061088736,0.6085424041098173,False,True,True,33.0,selected,rich_Pooled_2018,,xgb_classifier,Team1Win,True
diff__rating__bt_c0p25_z,global_strength_ratings,0.0,1485,1485,0.4846423241159288,0.5082287054676596,1.0,1.0,0.15817885575190016,0.6042439356999049,False,True,True,64.0,selected,rich_Pooled_2018,,xgb_classifier,Team1Win,True
diff__norm__rating__colley__pct,within_season_normalization,0.0,1485,938,0.48193571548610353,0.4959876135050095,1.0,1.0,0.06945281757765376,0.6013217991862412,False,True,True,34.0,selected,rich_Pooled_2018,,xgb_classifier,Team1Win,True
diff__norm__schedule__rpi__pct,within_season_normalization,0.0,1485,948,0.4779439252845835,0.49093943270812307,1.0,1.0,0.06020082532791715,0.5983905582493908,False,True,True,35.0,selected,rich_Pooled_2018,,xgb_classifier,Team1Win,True
matchup__team1_seed,matchup_context,0.0,1485,16,-0.4728065675146183,0.495839556277986,1.0,1.0,0.14818735183713416,0.5960929377931639,False,True,True,7.0,selected,rich_Pooled_2018,,xgb_classifier,Team1Win,True
diff__rating__pagerank_binary_z,global_strength_ratings,0.0,1485,1485,0.4680460099112711,0.49436276176115046,1.0,1.0,0.12121002161905936,0.5954158469610695,False,True,True,65.0,selected,rich_Pooled_2018,,xgb_classifier,Team1Win,True
diff__schedule__oowp,schedule_and_accomplishment,0.0,1485,1485,0.4845156635146689,0.48589430308177467,1.0,1.0,0.15178408997237797,0.5937513478535839,False,True,True,78.0,selected,rich_Pooled_2018,,xgb_classifier,Team1Win,True
diff__norm__schedule__quality_win_points_sum__pct,within_season_normalization,0.0,1485,950,0.47875026426457434,0.4834618308032896,1.0,1.0,0.09281579143281632,0.5936741052664727,False,True,True,36.0,selected,rich_Pooled_2018,,xgb_classifier,Team1Win,True
diff__adj__net_rtg_a10p0_percentile,opponent_adjusted_efficiency,0.0,1485,931,0.4784100138244458,0.48277303661650994,1.0,1.0,0.08725474959430124,0.5934910706335308,False,True,True,14.0,selected,rich_Pooled_2018,,xgb_classifier,Team1Win,True
diff__conference__strength_max,conference_context,0.0,1485,1270,0.44276778006431206,0.49386429348724936,1.0,1.0,0.11595772344704636,0.5898254635501464,False,True,True,106.0,selected,rich_Pooled_2018,,xgb_classifier,Team1Win,True
diff__rating__elo_season_reset_mov_z,dynamic_ratings,0.0,1485,1485,0.4657464380403077,0.4853733619487982,1.0,1.0,0.14625537295497926,0.5895932151860916,False,True,True,96.0,selected,rich_Pooled_2018,,xgb_classifier,Team1Win,True
diff__norm__rating__pagerank_margin__z,within_season_normalization,0.0,1485,1485,0.47224190664473853,0.47942995561499224,1.0,1.0,0.12632201078951533,0.5889667177254582,False,True,True,37.0,selected,rich_Pooled_2018,,xgb_classifier,Team1Win,True
diff__schedule__bad_loss_penalty_sum,schedule_and_accomplishment,0.0,1485,1484,-0.4553103819366932,0.48120796268984994,1.0,1.0,0.08054747571430443,0.5879262070886283,False,True,True,79.0,selected,rich_Pooled_2018,,xgb_classifier,Team1Win,True
diff__seed__top4,selection_committee_prior,0.0,1485,3,0.47829949419845347,0.47356908015521965,1.0,1.0,0.12756963060569104,0.5874362619739375,False,True,True,74.0,selected,rich_Pooled_2018,,xgb_classifier,Team1Win,True
diff__rating__elo_mov_log_preseason,dynamic_ratings,0.0,1485,1485,0.4693203981732344,0.4802484883620776,1.0,1.0,0.17345469986720985,0.5868315740172204,False,True,True,97.0,selected,rich_Pooled_2018,,xgb_classifier,Team1Win,True
diff__rating__pagerank_binary,global_strength_ratings,0.0,1485,1485,0.41766522114162724,0.4943627585386954,1.0,1.0,0.12121002942173426,0.5843320715728624,False,True,True,66.0,selected,rich_Pooled_2018,,xgb_classifier,Team1Win,True
diff__rating__elo_standard_percentile,dynamic_ratings,0.0,1485,941,0.458752357786761,0.4661941624422967,1.0,1.0,0.06855689836183587,0.5819564407509165,False,True,True,98.0,selected,rich_Pooled_2018,,xgb_classifier,Team1Win,True
diff__rating__elo_standard_preseason,dynamic_ratings,0.0,1485,1485,0.4438035070776574,0.4725673578182016,1.0,1.0,0.19700305714668886,0.5765889810239538,False,True,True,99.0,selected,rich_Pooled_2018,,xgb_classifier,Team1Win,True
diff__compact__home_margin_mean,compact_performance,0.009427609427609427,1471,1411,0.44218705522301643,0.4679812842755684,1.0,1.0,0.1502828677606306,0.5751466451367024,False,True,True,39.0,selected,rich_Pooled_2018,,xgb_classifier,Team1Win,True
matchup__team1_is_seed_favorite,matchup_context,0.0,1485,2,0.4642449054926972,0.4584002243523897,1.0,1.0,0.19344101309367512,0.5744283463737934,False,True,True,8.0,selected,rich_Pooled_2018,,xgb_classifier,Team1Win,True
diff__compact__margin_q90,compact_performance,0.0,1485,455,0.4448089648547093,0.46616517333117635,1.0,1.0,0.1821021785407264,0.5743331683253716,False,True,True,40.0,selected,rich_Pooled_2018,,xgb_classifier,Team1Win,True
diff__seed__top8,selection_committee_prior,0.0,1485,3,0.4395775829146155,0.4632103730952093,1.0,1.0,0.14614440948407675,0.5732022709475527,False,True,True,75.0,selected,rich_Pooled_2018,,xgb_classifier,Team1Win,True
diff__compact__margin_q75,compact_performance,0.0,1485,196,0.42718501665826614,0.467041532029989,1.0,1.0,0.14729314542431438,0.5722689132222406,False,True,True,41.0,selected,rich_Pooled_2018,,xgb_classifier,Team1Win,True
diff__compact__pythag_exp8p0,compact_performance,0.0,1485,1485,0.4403619561471088,0.4531885671046634,1.0,1.0,0.08962838225075925,0.570825007272572,False,True,True,42.0,selected,rich_Pooled_2018,,xgb_classifier,Team1Win,True
diff__conference__strength_percentile,conference_context,0.0,1485,121,0.44284387858907065,0.45405613577692755,1.0,1.0,0.13774203521822015,0.569862917053792,False,True,True,107.0,selected,rich_Pooled_2018,,xgb_classifier,Team1Win,True
diff__adj__off_rtg_a10p0,opponent_adjusted_efficiency,0.0,1485,1485,0.4587529561390557,0.4435952317816446,1.0,1.0,0.14895195632814417,0.5678932833526559,False,True,True,15.0,selected,rich_Pooled_2018,,xgb_classifier,Team1Win,True
diff__schedule__opponent_strength_mean,schedule_and_accomplishment,0.0,1485,1485,0.45732657148026173,0.44313307062104823,1.0,1.0,0.15652348830098023,0.5670547800917215,False,True,True,80.0,selected,rich_Pooled_2018,,xgb_classifier,Team1Win,True
diff__schedule__owp,schedule_and_accomplishment,0.0,1485,1485,0.4370710521463476,0.4492144770941147,1.0,1.0,0.1233254730832602,0.5668455615540411,False,True,True,81.0,selected,rich_Pooled_2018,,xgb_classifier,Team1Win,True
diff__adj__net_rtg_a50p0_percentile,opponent_adjusted_efficiency,0.0,1485,947,0.43293234389296487,0.44448217302800735,1.0,1.0,0.08626961120407572,0.5651457742617327,False,True,True,16.0,selected,rich_Pooled_2018,,xgb_classifier,Team1Win,True
diff__schedule__top_quartile_games,schedule_and_accomplishment,0.0,1485,47,0.4574926339439827,0.43816417067796143,1.0,1.0,0.1524723309109075,0.5648682881566613,False,True,True,82.0,selected,rich_Pooled_2018,,xgb_classifier,Team1Win,True
diff__schedule__opponent_strength_median,schedule_and_accomplishment,0.0,1485,1475,0.4350689595827482,0.4471807598932178,1.0,1.0,0.15142622425466223,0.5643048868867627,False,True,True,83.0,selected,rich_Pooled_2018,,xgb_classifier,Team1Win,True
diff__schedule__opponent_strength_pct_mean,schedule_and_accomplishment,0.0,1485,1485,0.4549814851668872,0.4345528111451935,1.0,1.0,0.13669204818120578,0.5632135941591598,False,True,True,84.0,selected,rich_Pooled_2018,,xgb_classifier,Team1Win,True
diff__conference__strength_mean,conference_context,0.0,1485,1270,0.43295520155076644,0.43574707725451367,1.0,1.0,0.11985897249069577,0.5596143825237073,False,True,True,108.0,selected,rich_Pooled_2018,,xgb_classifier,Team1Win,True
diff__detailed__clean__fourfactoredge_mean,detailed_efficiency,0.0,1485,1485,0.41698337255995804,0.44145834372473797,1.0,1.0,0.12503031308264573,0.5586351344277591,False,True,True,116.0,selected,rich_Pooled_2018,,xgb_classifier,Team1Win,True
diff__rating__elo_season_reset_mov_percentile,dynamic_ratings,0.0,1485,927,0.41442370611764956,0.44035555164566736,1.0,1.0,0.10878566169980125,0.5581924536678112,False,True,True,100.0,selected,rich_Pooled_2018,,xgb_classifier,Team1Win,True
diff__adj__def_rtg_a10p0,opponent_adjusted_efficiency,0.0,1485,1485,-0.4426681107192739,0.4344456069682207,1.0,1.0,0.19540913234800045,0.5581045104090662,False,True,True,17.0,selected,rich_Pooled_2018,,xgb_classifier,Team1Win,True
diff__compact__blowout_win20_rate,compact_performance,0.0,1485,1098,0.42380518736631395,0.43422063152719814,1.0,1.0,0.15537006364010542,0.5554482418080399,False,True,True,43.0,selected,rich_Pooled_2018,,xgb_classifier,Team1Win,True
diff__compact__half_winpct_first,compact_performance,0.0,1485,428,0.4218083531992427,0.4281268509439524,1.0,1.0,0.11495870930562058,0.5537003777847057,False,True,True,44.0,selected,rich_Pooled_2018,,xgb_classifier,Team1Win,True
diff__schedule__elite_wins,schedule_and_accomplishment,0.0,1485,30,0.4363603755790351,0.4153133460844513,1.0,1.0,0.12909647560766657,0.5501858297236176,False,True,True,85.0,selected,rich_Pooled_2018,,xgb_classifier,Team1Win,True
matchup__team2_seed,matchup_context,0.0,1485,16,0.3918753998518716,0.43084587781079337,1.0,1.0,0.13733955364403344,0.5475250271708312,False,True,True,9.0,selected,rich_Pooled_2018,,xgb_classifier,Team1Win,True
diff__adj__off_rtg_a50p0,opponent_adjusted_efficiency,0.0,1485,1485,0.40754998248261426,0.4192324715422177,1.0,1.0,0.13028979875019853,0.5456809905364316,False,True,True,18.0,selected,rich_Pooled_2018,,xgb_classifier,Team1Win,True
diff__compact__pythag_exp13p91,compact_performance,0.0,1485,1485,0.4130790890085042,0.40976025195919974,1.0,1.0,0.06559943737268048,0.5449383430273796,False,True,True,45.0,selected,rich_Pooled_2018,,xgb_classifier,Team1Win,True
diff__compact__wins,compact_performance,0.0,1485,36,0.3978875831739732,0.4162611652537803,1.0,1.0,0.09001982236822675,0.5437398347253596,False,True,True,46.0,selected,rich_Pooled_2018,,xgb_classifier,Team1Win,True
diff__conference__strength_median,conference_context,0.0,1485,1270,0.39665097902271207,0.4153304156689793,1.0,1.0,0.12378920350844347,0.541670246765769,False,True,True,109.0,selected,rich_Pooled_2018,,xgb_classifier,Team1Win,True
diff__compact__margin_median,compact_performance,0.0,1485,102,0.3818445185106073,0.4231078379969995,1.0,1.0,0.13886349937066467,0.5415430163360668,False,True,True,47.0,selected,rich_Pooled_2018,,xgb_classifier,Team1Win,True
diff__compact__blowout_win10_rate,compact_performance,0.0,1485,1064,0.3967174537344626,0.4154346658484065,1.0,1.0,0.16749901739471162,0.5399865187330284,False,True,True,48.0,selected,rich_Pooled_2018,,xgb_classifier,Team1Win,True
diff__compact__ewm_h20_margin,compact_performance,0.0,1485,1485,0.38983732677824134,0.4065317492633987,1.0,1.0,0.12835962694126635,0.5357650664599938,False,True,True,49.0,selected,rich_Pooled_2018,,xgb_classifier,Team1Win,True
diff__compact__ewm_h10_margin,compact_performance,0.0,1485,1485,0.364901246394314,0.3980841619510667,1.0,1.0,0.16911802373041812,0.5245939509940444,False,True,True,50.0,selected,rich_Pooled_2018,,xgb_classifier,Team1Win,True
diff__detailed__ewm_h20__fourfactoredge,detailed_efficiency,0.0,1485,1485,0.3712185414725723,0.390715957419652,1.0,1.0,0.15292057822277327,0.5230949155564879,False,True,True,117.0,selected,rich_Pooled_2018,,xgb_classifier,Team1Win,True
diff__schedule__top_decile_games,schedule_and_accomplishment,0.0,1485,32,0.381694527363341,0.3878775374361052,1.0,1.0,0.20105865265712708,0.5221116678829805,False,True,True,86.0,selected,rich_Pooled_2018,,xgb_classifier,Team1Win,True
diff__detailed__clean__offrtg_median,detailed_efficiency,0.0,1485,1485,0.3535212179466393,0.39400590587488005,1.0,1.0,0.1592025724564824,0.5205293998699437,False,True,True,118.0,selected,rich_Pooled_2018,,xgb_classifier,Team1Win,True
diff__compact__margin_q25,compact_performance,0.0,1485,197,0.36940304762476883,0.38396491829656726,1.0,1.0,0.16369363706075551,0.5190240857773712,False,True,True,51.0,selected,rich_Pooled_2018,,xgb_classifier,Team1Win,True
diff__detailed__all__fourfactoredge_median,detailed_efficiency,0.0,1485,1485,0.36102723906831735,0.38156505138466607,1.0,1.0,0.16573597286062947,0.5159477783452444,False,True,True,119.0,selected,rich_Pooled_2018,,xgb_classifier,Team1Win,True
diff__compact__win_pct,compact_performance,0.0,1485,1035,0.35821922949826074,0.3742338395942234,1.0,1.0,0.1268136291465452,0.5133679283289827,False,True,True,52.0,selected,rich_Pooled_2018,,xgb_classifier,Team1Win,True
diff__compact__half_pointsformean_first,compact_performance,0.0,1485,1278,0.38949840339238095,0.3647078219364894,1.0,1.0,0.19751251278918713,0.5128489027642713,False,True,True,53.0,selected,rich_Pooled_2018,,xgb_classifier,Team1Win,True
diff__detailed__all__fourfactorcomposite_mean,detailed_efficiency,0.0,1485,1485,0.36967879050605484,0.3678454138026652,1.0,1.0,0.1750072163962752,0.5108948438807603,False,True,True,120.0,selected,rich_Pooled_2018,,xgb_classifier,Team1Win,True
diff__compact__margin_q10,compact_performance,0.0,1485,401,0.3462790861317198,0.3682997662521145,1.0,1.0,0.13137530505278133,0.5077102745478821,False,True,True,54.0,selected,rich_Pooled_2018,,xgb_classifier,Team1Win,True
diff__compact__margin_slope,compact_performance,0.0,1485,1484,-0.35373356932434313,0.3614064899645461,1.0,1.0,0.10838509422779036,0.506961096665226,False,True,True,55.0,selected,rich_Pooled_2018,,xgb_classifier,Team1Win,True
diff__compact__downside_tail_mean,compact_performance,0.0,1485,1369,-0.3592394819566054,0.3569021158246421,1.0,1.0,0.09428872517709597,0.5065741526191975,False,True,True,56.0,selected,rich_Pooled_2018,,xgb_classifier,Team1Win,True
diff__compact__away_margin_mean,compact_performance,0.0,1485,1377,0.3254636648360211,0.3732951340271415,1.0,1.0,0.18559219202100563,0.5033599829161123,False,True,True,57.0,selected,rich_Pooled_2018,,xgb_classifier,Team1Win,True
diff__compact__half_delta_marginmean,compact_performance,0.0,1485,1450,-0.3402997592117405,0.3546262353022042,1.0,1.0,0.08476588902533394,0.5016959044106275,False,True,True,58.0,selected,rich_Pooled_2018,,xgb_classifier,Team1Win,True
diff__compact__ewm_h20_win,compact_performance,0.0,1485,1485,0.32972780324183654,0.35815516265627184,1.0,1.0,0.11300292134578027,0.49993447793438334,False,True,True,59.0,selected,rich_Pooled_2018,,xgb_classifier,Team1Win,True
diff__adj__def_rtg_a50p0,opponent_adjusted_efficiency,0.0,1485,1485,-0.3603445701673999,0.3381214546376023,1.0,1.0,0.15899265068450485,0.49521439763549685,False,True,True,19.0,selected,rich_Pooled_2018,,xgb_classifier,Team1Win,True
diff__compact__away_games,compact_performance,0.0,1485,21,-0.32796194993341027,0.3280893574623933,1.0,1.0,0.09947375005605785,0.48565557056505676,False,True,True,60.0,selected,rich_Pooled_2018,,xgb_classifier,Team1Win,True
diff__schedule__bad_losses,schedule_and_accomplishment,0.0,1485,14,-0.300700527843033,0.333649438983632,1.0,1.0,0.0989460194447972,0.4823480060598187,False,True,True,87.0,selected,rich_Pooled_2018,,xgb_classifier,Team1Win,True
diff__conference__team_count,conference_context,0.0,1485,17,0.23508832431476653,0.22843596288371326,1.0,1.0,0.1316055930598269,0.4161044698110379,False,True,True,110.0,selected,rich_Pooled_2018,,xgb_classifier,Team1Win,True
diff__rating__elo_standard_delta,dynamic_ratings,0.0,1485,1485,0.19500446972560007,0.2124697416400615,0.9130434782608695,1.0,0.16085836271938814,0.3845390813398252,False,True,True,101.0,selected,rich_Pooled_2018,,xgb_classifier,Team1Win,True
diff__conference__strength_std,conference_context,0.0,1485,1270,0.21474314551416024,0.2289458670274225,0.8260869565217391,1.0,0.19719935121204893,0.3814234471812743,False,True,True,111.0,selected,rich_Pooled_2018,,xgb_classifier,Team1Win,True
diff__schedule__opponent_strength_std,schedule_and_accomplishment,0.0,1485,1485,0.19637845505518975,0.2037306455904915,0.8260869565217391,1.0,0.14788059410475932,0.36725265927486556,False,True,True,88.0,selected,rich_Pooled_2018,,xgb_classifier,Team1Win,True
diff__rating__elo_mov_538_delta,dynamic_ratings,0.0,1485,1485,0.16927317540357759,0.18672486075348407,0.8260869565217391,1.0,0.12607782496787429,0.35399883179522273,False,True,True,102.0,selected,rich_Pooled_2018,,xgb_classifier,Team1Win,True
diff__seed__playin,selection_committee_prior,0.0,1485,3,-0.08995390587051358,0.11468185313135519,0.8666666666666667,1.0,0.14285714285714285,0.30778952974694446,False,True,True,76.0,selected,rich_Pooled_2018,,xgb_classifier,Team1Win,True
diff__conference__tourney_champion,conference_context,0.018855218855218854,1457,3,-0.14518007737596242,0.14779939172464399,0.6521739130434783,1.0,0.12861426643046786,0.30057816297186113,False,True,True,112.0,selected,rich_Pooled_2018,,xgb_classifier,Team1Win,True
diff__conference__tourney_last_day,conference_context,0.018855218855218854,1457,19,0.02374872769872015,0.2696596266276231,0.391304347826087,1.0,0.3812029119929282,0.2805135025390168,False,True,True,113.0,selected,rich_Pooled_2018,,xgb_classifier,Team1Win,True
absdiff__conference__strength_std,conference_context,0.0,1485,1137,0.12181065028187825,0.12094360124482637,0.5652173913043478,1.0,0.15296886886734398,0.26916729951353174,False,True,True,114.0,selected,rich_Pooled_2018,,xgb_classifier,Team1Win,True
diff__conference__tourney_win_pct,conference_context,0.018855218855218854,1457,17,-0.08412937989822851,0.08129633638134852,0.6521739130434783,1.0,0.09842129280043216,0.25643326190717924,False,True,True,115.0,selected,rich_Pooled_2018,,xgb_classifier,Team1Win,True
absdiff__schedule__opponent_strength_median,schedule_and_accomplishment,0.0,1485,1470,-0.029246569154994222,0.13154277454471516,0.5652173913043478,1.0,0.13438570565615363,0.2546341313780115,False,True,True,89.0,selected,rich_Pooled_2018,,xgb_classifier,Team1Win,True
seedprior__favorite_seed_games,prequential_seed_priors,0.0,1485,145,0.03093773512449776,0.08089868881250913,0.6521739130434783,1.0,0.0918104819449217,0.24631307916655354,False,True,True,68.0,selected,rich_Pooled_2018,,xgb_classifier,Team1Win,True
absdiff__schedule__opponent_strength_mean,schedule_and_accomplishment,0.0,1485,1485,-0.03164182471765625,0.13848953945416062,0.4782608695652174,1.0,0.18608098602568648,0.2425146800652888,False,True,True,90.0,selected,rich_Pooled_2018,,xgb_classifier,Team1Win,True
absdiff__schedule__top_quartile_games,schedule_and_accomplishment,0.0,1485,25,-0.04941987732037144,0.13964921409452252,0.391304347826087,1.0,0.1706128384419658,0.23368817789034782,False,True,True,91.0,selected,rich_Pooled_2018,,xgb_classifier,Team1Win,True
absdiff__schedule__oowp,schedule_and_accomplishment,0.0,1485,1485,-0.03731533882694473,0.12342610813986242,0.391304347826087,1.0,0.17402057556360173,0.22310177907869164,False,True,True,92.0,selected,rich_Pooled_2018,,xgb_classifier,Team1Win,True
absdiff__adj__net_rtg_a50p0,opponent_adjusted_efficiency,0.0,1485,1485,0.09344543928623895,0.12492440874633745,0.30434782608695654,1.0,0.21311234515198996,0.220692871209048,False,True,True,20.0,selected,rich_Pooled_2018,,xgb_classifier,Team1Win,True
matchup__seed_gap_abs,matchup_context,0.0,1485,15,-0.027301965821988766,0.08612610006149615,0.4782608695652174,1.0,0.11195670608414555,0.21939043139742465,False,True,True,10.0,selected,rich_Pooled_2018,,xgb_classifier,Team1Win,True
absdiff__adj__net_rtg_a50p0_z,opponent_adjusted_efficiency,0.0,1485,1485,0.08751856553929234,0.1249244220643905,0.30434782608695654,1.0,0.21311232877291958,0.21938896603254804,False,True,True,21.0,selected,rich_Pooled_2018,,xgb_classifier,Team1Win,True
absdiff__schedule__quality_wins,schedule_and_accomplishment,0.0,1485,24,-0.029100621354108704,0.1082402987371686,0.391304347826087,1.0,0.13868041070987738,0.21541895931552368,False,True,True,93.0,selected,rich_Pooled_2018,,xgb_classifier,Team1Win,True
absdiff__schedule__opponent_strength_pct_mean,schedule_and_accomplishment,0.0,1485,1485,-0.036990260057357685,0.12393699671777918,0.30434782608695654,1.0,0.1722723470346244,0.20943237392968078,False,True,True,94.0,selected,rich_Pooled_2018,,xgb_classifier,Team1Win,True
seedprior__pooled_pair_games,prequential_seed_priors,0.039057239057239054,1427,123,-0.05721206571085435,0.05880905472498772,0.4782608695652174,1.0,0.1411272622047774,0.20856707024204665,False,True,True,69.0,selected,rich_Pooled_2018,,xgb_classifier,Team1Win,True
absdiff__adj__def_rtg_a50p0,opponent_adjusted_efficiency,0.0,1485,1485,0.05966834695132641,0.1452655882271362,0.21739130434782608,1.0,0.2413560518770565,0.20798288529888712,False,True,True,22.0,selected,rich_Pooled_2018,,xgb_classifier,Team1Win,True
absdiff__adj__off_rtg_a50p0,opponent_adjusted_efficiency,0.0,1485,1485,0.06861762999536405,0.09286124438181113,0.30434782608695654,1.0,0.15119457707544995,0.2023171449931445,False,True,True,23.0,selected,rich_Pooled_2018,,xgb_classifier,Team1Win,True
seedprior__exact_pair_games,prequential_seed_priors,0.0,1485,87,-0.06891403725779886,0.08967628027452426,0.30434782608695654,1.0,0.1295340598933623,0.20171999250666595,False,True,True,70.0,selected,rich_Pooled_2018,,xgb_classifier,Team1Win,True
absdiff__adj__def_rtg_a10p0,opponent_adjusted_efficiency,0.0,1485,1485,0.05441825686691588,0.11438460308231382,0.21739130434782608,1.0,0.20155817448010332,0.19359690770668017,False,True,True,24.0,selected,rich_Pooled_2018,,xgb_classifier,Team1Win,True
absdiff__rating__elo_season_reset_mov,dynamic_ratings,0.0,1485,1485,0.03563460205445008,0.08847578784188939,0.30434782608695654,1.0,0.15585468255439147,0.19276945548782334,False,True,True,103.0,selected,rich_Pooled_2018,,xgb_classifier,Team1Win,True
absdiff__adj__off_rtg_a10p0,opponent_adjusted_efficiency,0.0,1485,1485,0.05204786366721584,0.07569248591047892,0.30434782608695654,1.0,0.10368631922139745,0.19233112264887453,False,True,True,25.0,selected,rich_Pooled_2018,,xgb_classifier,Team1Win,True
seedprior__effective_games_pc2p0,prequential_seed_priors,0.0,1485,346,0.002322109573431388,0.08972698612491732,0.30434782608695654,1.0,0.13212082423264812,0.18699063665072235,False,True,True,71.0,selected,rich_Pooled_2018,,xgb_classifier,Team1Win,True
absdiff__rating__elo_standard_delta,dynamic_ratings,0.0,1485,1485,0.036490268127844276,0.06845842430442972,0.30434782608695654,1.0,0.15727916125398986,0.18329238837800546,False,True,True,104.0,selected,rich_Pooled_2018,,xgb_classifier,Team1Win,True
absdiff__rating__elo_mov_538_delta,dynamic_ratings,0.0,1485,1485,0.01672106112399414,0.07263644651769806,0.30434782608695654,1.0,0.12831411818604976,0.18210721522224482,False,True,True,105.0,selected,rich_Pooled_2018,,xgb_classifier,Team1Win,True
seedprior__favorite_prob_pc8p0,prequential_seed_priors,0.0,1485,580,-0.015134304964122703,0.09962633508370689,0.21739130434782608,1.0,0.16200413501097521,0.1794526312274995,False,True,True,72.0,selected,rich_Pooled_2018,,xgb_classifier,Team1Win,True
absdiff__adj__net_rtg_a10p0,opponent_adjusted_efficiency,0.0,1485,1485,0.06747833136958994,0.10194546011435883,0.13043478260869565,1.0,0.2336626650070645,0.17530211237331075,False,True,True,26.0,selected,rich_Pooled_2018,,xgb_classifier,Team1Win,True
absdiff__adj__net_rtg_a10p0_z,opponent_adjusted_efficiency,0.0,1485,1485,0.059634548711934854,0.10194545369372879,0.13043478260869565,1.0,0.23366267106341776,0.1735764768644701,False,True,True,27.0,selected,rich_Pooled_2018,,xgb_classifier,Team1Win,True
seedprior__generic_gender_games,prequential_seed_priors,0.0,1485,24,-0.021436903322254338,0.09630261444211728,0.047619047619047616,1.0,0.18577946938294887,0.1511292425068419,False,True,True,73.0,selected,rich_Pooled_2018,,xgb_classifier,Team1Win,True
matchup__equal_seed,matchup_context,0.0,1485,2,0.00013576119592467728,0.09630261444211728,0.047619047619047616,1.0,0.1857794693829489,0.14644299123904939,False,True,True,11.0,selected,rich_Pooled_2018,,xgb_classifier,Team1Win,True
context__season_centered_2000,matchup_context,0.0,1485,15,-0.00012435131535698844,0.0,0.0,1.0,0.0,0.10002735728937855,False,True,True,12.0,selected,rich_Pooled_2018,,xgb_classifier,Team1Win,True
