Feature,Block,MissingRate,NonMissingRows,UniqueValues,GlobalCorrelation,MedianAbsoluteSeasonCorrelation,SeasonSignConsistency,SeasonCoverage,SeasonCorrelationIQR,StabilityScore,Mandatory,InPrecorrelationPool,Selected,SelectionRank,ExclusionReason,OuterFoldID,InnerFoldID,Model,TargetColumn,SeedAware
matchup__seed_diff,matchup_context,0.0,835,29,-0.5416175340968158,0.5406706386972927,1.0,1.0,0.16364866648210508,0.6321318174167158,True,True,True,1.0,selected,rich_Pooled_2016,rich_Pooled_2016_inner_2013,hist_classifier,Team1Win,True
diff__adj__net_rtg_a50p0,opponent_adjusted_efficiency,0.0,835,835,0.48372977973649595,0.49746252233238053,1.0,1.0,0.13462879326766936,0.599817410530865,True,True,True,5.0,selected,rich_Pooled_2016,rich_Pooled_2016_inner_2013,hist_classifier,Team1Win,True
diff__norm__rating__elo_mov_538__pct,within_season_normalization,0.0,835,626,0.48976917337932446,0.4896312601876689,1.0,1.0,0.0779467453472813,0.5996543532196411,True,True,True,2.0,selected,rich_Pooled_2016,rich_Pooled_2016_inner_2013,hist_classifier,Team1Win,True
diff__compact__margin_trim02,compact_performance,0.0,835,823,0.4615537689322774,0.4722482304353682,1.0,1.0,0.1248130515274325,0.5832284577129804,True,True,True,3.0,selected,rich_Pooled_2016,rich_Pooled_2016_inner_2013,hist_classifier,Team1Win,True
diff__norm__schedule__opponent_strength_mean__pct,within_season_normalization,0.0,835,740,0.4449766084080924,0.445314005170475,1.0,1.0,0.13751171451199912,0.5661451077511284,True,True,True,4.0,selected,rich_Pooled_2016,rich_Pooled_2016_inner_2013,hist_classifier,Team1Win,True
context__women,matchup_context,0.0,835,2,0.04357615248377098,0.0,0.0,1.0,0.0,0.10958675354642962,True,True,True,6.0,selected,rich_Pooled_2016,rich_Pooled_2016_inner_2013,hist_classifier,Team1Win,True
diff__rating__margin_ridge_a5p0_z,global_strength_ratings,0.0,835,835,0.5514692566302654,0.5492968301913174,1.0,1.0,0.09400359397759672,0.6412255711913869,False,True,True,61.0,selected,rich_Pooled_2016,rich_Pooled_2016_inner_2013,hist_classifier,Team1Win,True
seedprior__team1_prob_pc2p0,prequential_seed_priors,0.0,835,480,0.549921987001283,0.55440379125372,1.0,1.0,0.17794709334951475,0.6399787732080873,False,True,True,68.0,selected,rich_Pooled_2016,rich_Pooled_2016_inner_2013,hist_classifier,Team1Win,True
diff__norm__rating__elo_mov_538__z,within_season_normalization,0.0,835,835,0.5351185776630349,0.5397234072795248,1.0,1.0,0.14517892765645685,0.6309861654737814,False,True,True,28.0,selected,rich_Pooled_2016,rich_Pooled_2016_inner_2013,hist_classifier,Team1Win,True
diff__norm__rating__bt_c1p0__z,within_season_normalization,0.0,835,835,0.5200210076795578,0.5367766020270862,1.0,1.0,0.10471147126245756,0.6278689318120058,False,True,True,29.0,selected,rich_Pooled_2016,rich_Pooled_2016_inner_2013,hist_classifier,Team1Win,True
diff__schedule__quality_wins,schedule_and_accomplishment,0.0,835,43,0.5128097205755858,0.5375014606968486,1.0,1.0,0.12984654891664765,0.6256249777044502,False,True,True,90.0,selected,rich_Pooled_2016,rich_Pooled_2016_inner_2013,hist_classifier,Team1Win,True
diff__norm__schedule__rpi__z,within_season_normalization,0.0,835,835,0.5103430608364086,0.5306964941502839,1.0,1.0,0.07563974860539724,0.6239842006319303,False,True,True,30.0,selected,rich_Pooled_2016,rich_Pooled_2016_inner_2013,hist_classifier,Team1Win,True
diff__adj__net_rtg_a10p0_z,opponent_adjusted_efficiency,0.0,835,835,0.5382036939742335,0.5189092208485345,1.0,1.0,0.12485396324597842,0.6224870801517889,False,True,True,13.0,selected,rich_Pooled_2016,rich_Pooled_2016_inner_2013,hist_classifier,Team1Win,True
diff__norm__rating__colley__z,within_season_normalization,0.0,835,835,0.5277396202017605,0.5217498121693354,1.0,1.0,0.11541516843093341,0.621926019548431,False,True,True,31.0,selected,rich_Pooled_2016,rich_Pooled_2016_inner_2013,hist_classifier,Team1Win,True
diff__rating__elo_standard_z,dynamic_ratings,0.0,835,835,0.5032385125280635,0.527504067363379,1.0,1.0,0.15287892198745612,0.6177992682110975,False,True,True,76.0,selected,rich_Pooled_2016,rich_Pooled_2016_inner_2013,hist_classifier,Team1Win,True
diff__norm__schedule__quality_win_points_sum__z,within_season_normalization,0.0,835,835,0.5299068801535806,0.5023888497001918,1.0,1.0,0.10261446461753237,0.6136215829051785,False,True,True,32.0,selected,rich_Pooled_2016,rich_Pooled_2016_inner_2013,hist_classifier,Team1Win,True
diff__rating__margin_ridge_a5p0_percentile,global_strength_ratings,0.0,835,650,0.4908035240908533,0.5089457320097485,1.0,1.0,0.07912909478744745,0.6091055628731691,False,True,True,62.0,selected,rich_Pooled_2016,rich_Pooled_2016_inner_2013,hist_classifier,Team1Win,True
diff__rating__bt_c0p25_z,global_strength_ratings,0.0,835,835,0.4891760869155976,0.513009476829022,1.0,1.0,0.16295004616581166,0.6073452861527295,False,True,True,63.0,selected,rich_Pooled_2016,rich_Pooled_2016_inner_2013,hist_classifier,Team1Win,True
diff__compact__half_marginmean_first,compact_performance,0.0,835,769,0.49933527049829124,0.5041749575959199,1.0,1.0,0.11758374337985406,0.6071543894204714,False,True,True,37.0,selected,rich_Pooled_2016,rich_Pooled_2016_inner_2013,hist_classifier,Team1Win,True
diff__norm__rating__colley__pct,within_season_normalization,0.0,835,622,0.48657220078385277,0.4959876135050095,1.0,1.0,0.06653248373341136,0.6024586393055157,False,True,True,33.0,selected,rich_Pooled_2016,rich_Pooled_2016_inner_2013,hist_classifier,Team1Win,True
diff__adj__net_rtg_a10p0_percentile,opponent_adjusted_efficiency,0.0,835,607,0.47950064551546323,0.49858844964630183,1.0,1.0,0.09353671583176232,0.6010711292103562,False,True,True,14.0,selected,rich_Pooled_2016,rich_Pooled_2016_inner_2013,hist_classifier,Team1Win,True
diff__rating__elo_season_reset_mov_z,dynamic_ratings,0.0,835,835,0.4921795291469792,0.4963227768912119,1.0,1.0,0.14274702568570402,0.6008045482926889,False,True,True,77.0,selected,rich_Pooled_2016,rich_Pooled_2016_inner_2013,hist_classifier,Team1Win,True
diff__norm__schedule__rpi__pct,within_season_normalization,0.0,835,626,0.47700081910968767,0.49093943270812307,1.0,1.0,0.049098263936698416,0.5986271773465625,False,True,True,34.0,selected,rich_Pooled_2016,rich_Pooled_2016_inner_2013,hist_classifier,Team1Win,True
diff__schedule__bad_loss_penalty_sum,schedule_and_accomplishment,0.0,835,834,-0.46488439990249936,0.49360581772813905,1.0,1.0,0.03317761352702936,0.5978782559469754,False,True,True,91.0,selected,rich_Pooled_2016,rich_Pooled_2016_inner_2013,hist_classifier,Team1Win,True
diff__norm__rating__pagerank_margin__pct,within_season_normalization,0.0,835,690,0.4775147289971093,0.4887059924418194,1.0,1.0,0.11671644223578331,0.594963459062006,False,True,True,35.0,selected,rich_Pooled_2016,rich_Pooled_2016_inner_2013,hist_classifier,Team1Win,True
diff__rating__pagerank_binary_z,global_strength_ratings,0.0,835,835,0.4621628195226286,0.48522374636020593,1.0,1.0,0.11991123574308776,0.5897867691181536,False,True,True,64.0,selected,rich_Pooled_2016,rich_Pooled_2016_inner_2013,hist_classifier,Team1Win,True
diff__seed__top4,selection_committee_prior,0.0,835,3,0.48012085306972585,0.47356908015521965,1.0,1.0,0.10651574974458666,0.5886791161600616,False,True,True,87.0,selected,rich_Pooled_2016,rich_Pooled_2016_inner_2013,hist_classifier,Team1Win,True
diff__compact__upside_tail_mean,compact_performance,0.0,835,826,0.4584118485789414,0.4845246986167994,1.0,1.0,0.1452368147199421,0.5876129894346331,False,True,True,38.0,selected,rich_Pooled_2016,rich_Pooled_2016_inner_2013,hist_classifier,Team1Win,True
diff__rating__bt_c0p25_percentile,global_strength_ratings,0.0,835,634,0.453067550254653,0.4806793293463846,1.0,1.0,0.08114632734614213,0.5871550860484425,False,True,True,65.0,selected,rich_Pooled_2016,rich_Pooled_2016_inner_2013,hist_classifier,Team1Win,True
diff__norm__schedule__quality_win_points_sum__pct,within_season_normalization,0.0,835,634,0.4790593061837899,0.4650498515167104,1.0,1.0,0.0898475132169761,0.5850230755597757,False,True,True,36.0,selected,rich_Pooled_2016,rich_Pooled_2016_inner_2013,hist_classifier,Team1Win,True
diff__rating__pagerank_margin_z,global_strength_ratings,0.0,835,835,0.4635849215118246,0.47030980554689683,1.0,1.0,0.08415724268603353,0.5843710996876705,False,True,True,66.0,selected,rich_Pooled_2016,rich_Pooled_2016_inner_2013,hist_classifier,Team1Win,True
diff__rating__pagerank_binary,global_strength_ratings,0.0,835,835,0.43267041630768305,0.48522374535508267,1.0,1.0,0.1199112362221108,0.5832984399092455,False,True,True,67.0,selected,rich_Pooled_2016,rich_Pooled_2016_inner_2013,hist_classifier,Team1Win,True
diff__rating__elo_standard_percentile,dynamic_ratings,0.0,835,627,0.45886061187707955,0.4661941624422967,1.0,1.0,0.07254366704888515,0.5818207859033044,False,True,True,78.0,selected,rich_Pooled_2016,rich_Pooled_2016_inner_2013,hist_classifier,Team1Win,True
diff__adj__net_rtg_a50p0_percentile,opponent_adjusted_efficiency,0.0,835,607,0.4371205522997726,0.4720202125584492,1.0,1.0,0.0792614346479526,0.5795657661480874,False,True,True,15.0,selected,rich_Pooled_2016,rich_Pooled_2016_inner_2013,hist_classifier,Team1Win,True
diff__rating__elo_season_reset_mov_percentile,dynamic_ratings,0.0,835,617,0.4435636731342171,0.4648206318163598,1.0,1.0,0.06811955481066123,0.5779731291689539,False,True,True,79.0,selected,rich_Pooled_2016,rich_Pooled_2016_inner_2013,hist_classifier,Team1Win,True
matchup__team1_seed,matchup_context,0.0,835,16,-0.4812872220193017,0.4497816629399774,1.0,1.0,0.12909106452645736,0.5766147444743772,False,True,True,7.0,selected,rich_Pooled_2016,rich_Pooled_2016_inner_2013,hist_classifier,Team1Win,True
diff__compact__home_margin_mean,compact_performance,0.00718562874251497,829,817,0.44176690845791267,0.46873807600819595,1.0,1.0,0.1298917564662191,0.5764124757866249,False,True,True,39.0,selected,rich_Pooled_2016,rich_Pooled_2016_inner_2013,hist_classifier,Team1Win,True
diff__schedule__oowp,schedule_and_accomplishment,0.0,835,835,0.4673751707260403,0.4535299493583875,1.0,1.0,0.14214765564676612,0.5748310070258842,False,True,True,92.0,selected,rich_Pooled_2016,rich_Pooled_2016_inner_2013,hist_classifier,Team1Win,True
diff__compact__margin_q75,compact_performance,0.0,835,156,0.43646632192288154,0.467041532029989,1.0,1.0,0.1506785787369453,0.5741753830479508,False,True,True,40.0,selected,rich_Pooled_2016,rich_Pooled_2016_inner_2013,hist_classifier,Team1Win,True
diff__compact__margin_q90,compact_performance,0.0,835,361,0.44303371976505546,0.46334301680462964,1.0,1.0,0.17170804413076285,0.5730037446493038,False,True,True,41.0,selected,rich_Pooled_2016,rich_Pooled_2016_inner_2013,hist_classifier,Team1Win,True
diff__compact__pythag_exp8p0,compact_performance,0.0,835,835,0.45236501728862955,0.4531885671046634,1.0,1.0,0.12648448923375266,0.5719914364443868,False,True,True,42.0,selected,rich_Pooled_2016,rich_Pooled_2016_inner_2013,hist_classifier,Team1Win,True
matchup__team1_is_seed_favorite,matchup_context,0.0,835,2,0.4612806644839934,0.4466903994101174,1.0,1.0,0.10574445884370742,0.5716633595495866,False,True,True,8.0,selected,rich_Pooled_2016,rich_Pooled_2016_inner_2013,hist_classifier,Team1Win,True
diff__adj__off_rtg_a10p0,opponent_adjusted_efficiency,0.0,835,835,0.44720561622038046,0.4347272496545333,1.0,1.0,0.08016761154641938,0.5638476109408029,False,True,True,16.0,selected,rich_Pooled_2016,rich_Pooled_2016_inner_2013,hist_classifier,Team1Win,True
diff__schedule__opponent_strength_median,schedule_and_accomplishment,0.0,835,830,0.4267959055198376,0.4471807598932178,1.0,1.0,0.1334957250970148,0.5632020349592282,False,True,True,93.0,selected,rich_Pooled_2016,rich_Pooled_2016_inner_2013,hist_classifier,Team1Win,True
diff__schedule__top_quartile_games,schedule_and_accomplishment,0.0,835,44,0.44416507047229487,0.4259002540230172,1.0,1.0,0.14077986421828376,0.5565172428662217,False,True,True,94.0,selected,rich_Pooled_2016,rich_Pooled_2016_inner_2013,hist_classifier,Team1Win,True
diff__schedule__opponent_strength_pct_mean,schedule_and_accomplishment,0.0,835,835,0.44372233301285025,0.4277455656141968,1.0,1.0,0.16292220543372676,0.5564198965402924,False,True,True,95.0,selected,rich_Pooled_2016,rich_Pooled_2016_inner_2013,hist_classifier,Team1Win,True
diff__compact__pythag_exp13p91,compact_performance,0.0,835,835,0.4244424606849775,0.42967393941708804,1.0,1.0,0.09743882740762005,0.5557232791745925,False,True,True,43.0,selected,rich_Pooled_2016,rich_Pooled_2016_inner_2013,hist_classifier,Team1Win,True
diff__compact__blowout_win20_rate,compact_performance,0.0,835,684,0.42518774553416355,0.43422063152719814,1.0,1.0,0.16932087927492184,0.5551943719795741,False,True,True,44.0,selected,rich_Pooled_2016,rich_Pooled_2016_inner_2013,hist_classifier,Team1Win,True
diff__compact__wins,compact_performance,0.0,835,33,0.41423299577647776,0.4288231578594843,1.0,1.0,0.07723791373801187,0.553876858293857,False,True,True,45.0,selected,rich_Pooled_2016,rich_Pooled_2016_inner_2013,hist_classifier,Team1Win,True
diff__adj__def_rtg_a10p0,opponent_adjusted_efficiency,0.0,835,835,-0.4315860881535367,0.43026498005435715,1.0,1.0,0.231463202266129,0.5522176017292243,False,True,True,17.0,selected,rich_Pooled_2016,rich_Pooled_2016_inner_2013,hist_classifier,Team1Win,True
diff__schedule__opponent_strength_mean,schedule_and_accomplishment,0.0,835,835,0.43899296666226245,0.4164538569624381,1.0,1.0,0.15424751576357904,0.5503064033771249,False,True,True,96.0,selected,rich_Pooled_2016,rich_Pooled_2016_inner_2013,hist_classifier,Team1Win,True
diff__seed__top8,selection_committee_prior,0.0,835,3,0.4367608147236944,0.4159028407875726,1.0,1.0,0.15440873041191217,0.5495443936007711,False,True,True,88.0,selected,rich_Pooled_2016,rich_Pooled_2016_inner_2013,hist_classifier,Team1Win,True
diff__compact__margin_median,compact_performance,0.0,835,82,0.40021637541147836,0.4321916043550588,1.0,1.0,0.20489278178426135,0.5473038614095831,False,True,True,46.0,selected,rich_Pooled_2016,rich_Pooled_2016_inner_2013,hist_classifier,Team1Win,True
diff__rating__elo_mov_log_preseason,dynamic_ratings,0.0,835,835,0.43275667822479436,0.4106850008670808,1.0,1.0,0.1666736681705976,0.5456683228988296,False,True,True,80.0,selected,rich_Pooled_2016,rich_Pooled_2016_inner_2013,hist_classifier,Team1Win,True
matchup__team2_seed,matchup_context,0.0,835,16,0.39061076811404677,0.423844609929689,1.0,1.0,0.10978181549840621,0.5449885091314047,False,True,True,9.0,selected,rich_Pooled_2016,rich_Pooled_2016_inner_2013,hist_classifier,Team1Win,True
diff__adj__off_rtg_a50p0,opponent_adjusted_efficiency,0.0,835,835,0.3991123617954995,0.4109847195331982,1.0,1.0,0.0688609024913227,0.5423229488712922,False,True,True,18.0,selected,rich_Pooled_2016,rich_Pooled_2016_inner_2013,hist_classifier,Team1Win,True
diff__schedule__elite_wins,schedule_and_accomplishment,0.0,835,27,0.42552800853565054,0.39959499359451045,1.0,1.0,0.13618465480247027,0.5399743726111093,False,True,True,97.0,selected,rich_Pooled_2016,rich_Pooled_2016_inner_2013,hist_classifier,Team1Win,True
diff__compact__half_winpct_first,compact_performance,0.0,835,330,0.4065860244491332,0.40402523953909925,1.0,1.0,0.12868509441778841,0.5382336365808654,False,True,True,47.0,selected,rich_Pooled_2016,rich_Pooled_2016_inner_2013,hist_classifier,Team1Win,True
diff__compact__blowout_win10_rate,compact_performance,0.0,835,661,0.40592023589565734,0.40594279947394163,1.0,1.0,0.15089796643478454,0.5381190769871452,False,True,True,48.0,selected,rich_Pooled_2016,rich_Pooled_2016_inner_2013,hist_classifier,Team1Win,True
diff__compact__margin_q25,compact_performance,0.0,835,161,0.3804637758141365,0.4168397046528619,1.0,1.0,0.1591544792967008,0.5374189097406158,False,True,True,49.0,selected,rich_Pooled_2016,rich_Pooled_2016_inner_2013,hist_classifier,Team1Win,True
diff__compact__ewm_h20_margin,compact_performance,0.0,835,835,0.381846399533179,0.4065317492633987,1.0,1.0,0.10986710553622753,0.5347467633222817,False,True,True,50.0,selected,rich_Pooled_2016,rich_Pooled_2016_inner_2013,hist_classifier,Team1Win,True
diff__compact__win_pct,compact_performance,0.0,835,663,0.3776312881346333,0.41100533343153023,1.0,1.0,0.15543710563736918,0.5341439592112591,False,True,True,51.0,selected,rich_Pooled_2016,rich_Pooled_2016_inner_2013,hist_classifier,Team1Win,True
diff__compact__ewm_h10_margin,compact_performance,0.0,835,835,0.3779606036460542,0.3980841619510667,1.0,1.0,0.13099347138124195,0.5289919916833943,False,True,True,52.0,selected,rich_Pooled_2016,rich_Pooled_2016_inner_2013,hist_classifier,Team1Win,True
diff__rating__elo_standard_preseason,dynamic_ratings,0.0,835,835,0.4081046618272986,0.38246486243753036,1.0,1.0,0.20689117853573258,0.525090512430591,False,True,True,81.0,selected,rich_Pooled_2016,rich_Pooled_2016_inner_2013,hist_classifier,Team1Win,True
diff__schedule__owp,schedule_and_accomplishment,0.0,835,835,0.40562305688346173,0.36131931127767347,1.0,1.0,0.11520008203402682,0.5180623386462837,False,True,True,98.0,selected,rich_Pooled_2016,rich_Pooled_2016_inner_2013,hist_classifier,Team1Win,True
diff__schedule__top_decile_games,schedule_and_accomplishment,0.0,835,31,0.36006044378061897,0.3878775374361052,1.0,1.0,0.20394629842705372,0.5172366636639845,False,True,True,99.0,selected,rich_Pooled_2016,rich_Pooled_2016_inner_2013,hist_classifier,Team1Win,True
diff__compact__margin_q10,compact_performance,0.0,835,312,0.3550139663112592,0.3857165242834415,1.0,1.0,0.1765421397653848,0.5161853186539136,False,True,True,53.0,selected,rich_Pooled_2016,rich_Pooled_2016_inner_2013,hist_classifier,Team1Win,True
diff__compact__downside_tail_mean,compact_performance,0.0,835,802,-0.3637152254739185,0.37388504012598905,1.0,1.0,0.12961651850547856,0.5142975081245177,False,True,True,54.0,selected,rich_Pooled_2016,rich_Pooled_2016_inner_2013,hist_classifier,Team1Win,True
diff__compact__half_pointsformean_first,compact_performance,0.0,835,771,0.3783133862983112,0.3647078219364894,1.0,1.0,0.1441861488170269,0.5125212535624623,False,True,True,55.0,selected,rich_Pooled_2016,rich_Pooled_2016_inner_2013,hist_classifier,Team1Win,True
diff__compact__margin_slope,compact_performance,0.0,835,834,-0.3579109241427137,0.3679947589404697,1.0,1.0,0.08847913535243812,0.511838722188725,False,True,True,56.0,selected,rich_Pooled_2016,rich_Pooled_2016_inner_2013,hist_classifier,Team1Win,True
diff__compact__away_margin_mean,compact_performance,0.0,835,804,0.3402129772574202,0.3795798906870414,1.0,1.0,0.16832743841167752,0.5103121049899452,False,True,True,57.0,selected,rich_Pooled_2016,rich_Pooled_2016_inner_2013,hist_classifier,Team1Win,True
diff__compact__half_delta_marginmean,compact_performance,0.0,835,822,-0.34452675707868763,0.35780797463347214,1.0,1.0,0.06086628504736946,0.5051090629794831,False,True,True,58.0,selected,rich_Pooled_2016,rich_Pooled_2016_inner_2013,hist_classifier,Team1Win,True
diff__schedule__bad_losses,schedule_and_accomplishment,0.0,835,13,-0.3228285473463059,0.3509664885977757,1.0,1.0,0.06174965387082043,0.49701620878828684,False,True,True,100.0,selected,rich_Pooled_2016,rich_Pooled_2016_inner_2013,hist_classifier,Team1Win,True
diff__compact__away_games,compact_performance,0.0,835,19,-0.34822095983685614,0.33362156646749536,1.0,1.0,0.0737471854696235,0.49379707564972114,False,True,True,59.0,selected,rich_Pooled_2016,rich_Pooled_2016_inner_2013,hist_classifier,Team1Win,True
diff__adj__def_rtg_a50p0,opponent_adjusted_efficiency,0.0,835,835,-0.35371250073988997,0.3381214546376023,1.0,1.0,0.22612146309247286,0.491070189865126,False,True,True,19.0,selected,rich_Pooled_2016,rich_Pooled_2016_inner_2013,hist_classifier,Team1Win,True
diff__compact__away_win_pct,compact_performance,0.0,835,486,0.2991150728731326,0.3468384802861029,1.0,1.0,0.1257425577396497,0.4872580842598325,False,True,True,60.0,selected,rich_Pooled_2016,rich_Pooled_2016_inner_2013,hist_classifier,Team1Win,True
diff__rating__elo_standard_delta,dynamic_ratings,0.0,835,835,0.23633497385550434,0.2949520933777345,1.0,1.0,0.14484832055212224,0.4477767662474386,False,True,True,82.0,selected,rich_Pooled_2016,rich_Pooled_2016_inner_2013,hist_classifier,Team1Win,True
diff__rating__elo_mov_538_delta,dynamic_ratings,0.0,835,835,0.21841252102271747,0.23388968250159622,1.0,1.0,0.11351280088458071,0.41577729019038073,False,True,True,83.0,selected,rich_Pooled_2016,rich_Pooled_2016_inner_2013,hist_classifier,Team1Win,True
diff__schedule__opponent_strength_std,schedule_and_accomplishment,0.0,835,835,0.18795055978858902,0.2037306455904915,0.6923076923076923,1.0,0.12590402259842753,0.34487290290221917,False,True,True,101.0,selected,rich_Pooled_2016,rich_Pooled_2016_inner_2013,hist_classifier,Team1Win,True
diff__seed__playin,selection_committee_prior,0.0,835,3,-0.08324892125832006,0.1259881576697424,0.8,1.0,0.14285714285714285,0.30107479264402104,False,True,True,89.0,selected,rich_Pooled_2016,rich_Pooled_2016_inner_2013,hist_classifier,Team1Win,True
seedprior__favorite_seed_games,prequential_seed_priors,0.0,835,90,0.026247253367787396,0.09348557762337849,0.6923076923076923,1.0,0.08287677633009594,0.2581016327161618,False,True,True,69.0,selected,rich_Pooled_2016,rich_Pooled_2016_inner_2013,hist_classifier,Team1Win,True
absdiff__schedule__opponent_strength_median,schedule_and_accomplishment,0.0,835,829,-0.011746625731516113,0.14992839120116602,0.5384615384615384,1.0,0.11285589562678736,0.2561894957662679,False,True,True,102.0,selected,rich_Pooled_2016,rich_Pooled_2016_inner_2013,hist_classifier,Team1Win,True
absdiff__schedule__elite_wins,schedule_and_accomplishment,0.0,835,16,0.06444134199270453,0.06792826216160186,0.6666666666666666,1.0,0.07547121907074164,0.25043047897980086,False,True,True,103.0,selected,rich_Pooled_2016,rich_Pooled_2016_inner_2013,hist_classifier,Team1Win,True
seedprior__pooled_pair_games,prequential_seed_priors,0.033532934131736525,807,94,-0.044484343765525104,0.1014658269126619,0.5384615384615384,1.0,0.12335926682640071,0.23702699329674445,False,True,True,70.0,selected,rich_Pooled_2016,rich_Pooled_2016_inner_2013,hist_classifier,Team1Win,True
absdiff__schedule__quality_win_points_mean,schedule_and_accomplishment,0.0,835,835,-0.007838894825425484,0.07078553616041643,0.5384615384615384,1.0,0.05436026692833024,0.21968104969530644,False,True,True,104.0,selected,rich_Pooled_2016,rich_Pooled_2016_inner_2013,hist_classifier,Team1Win,True
seedprior__exact_pair_games,prequential_seed_priors,0.0,835,72,-0.0652459660566971,0.08967628027452426,0.38461538461538464,1.0,0.13442826803347363,0.21356005788136762,False,True,True,71.0,selected,rich_Pooled_2016,rich_Pooled_2016_inner_2013,hist_classifier,Team1Win,True
absdiff__rating__elo_mov_538_delta,dynamic_ratings,0.0,835,835,0.01743705961269595,0.06101061422936019,0.38461538461538464,1.0,0.06225083214216391,0.19216967619766098,False,True,True,84.0,selected,rich_Pooled_2016,rich_Pooled_2016_inner_2013,hist_classifier,Team1Win,True
matchup__seed_gap_abs,matchup_context,0.0,835,15,-0.014400909118377209,0.06101350139891522,0.38461538461538464,1.0,0.06508172058621531,0.19138987339253524,False,True,True,10.0,selected,rich_Pooled_2016,rich_Pooled_2016_inner_2013,hist_classifier,Team1Win,True
absdiff__rating__elo_season_reset_mov,dynamic_ratings,0.0,835,835,0.0449822378765532,0.0966635035488291,0.23076923076923078,1.0,0.17226079479909764,0.1863272191673927,False,True,True,85.0,selected,rich_Pooled_2016,rich_Pooled_2016_inner_2013,hist_classifier,Team1Win,True
absdiff__rating__elo_standard_percentile,dynamic_ratings,0.0,835,506,-0.018286606101429598,0.08220324940544131,0.23076923076923078,1.0,0.17092100829090737,0.173566849648367,False,True,True,86.0,selected,rich_Pooled_2016,rich_Pooled_2016_inner_2013,hist_classifier,Team1Win,True
seedprior__effective_games_pc2p0,prequential_seed_priors,0.0,835,235,0.0034609391144774346,0.07915751283528108,0.23076923076923078,1.0,0.12341014036762042,0.17074368407449206,False,True,True,72.0,selected,rich_Pooled_2016,rich_Pooled_2016_inner_2013,hist_classifier,Team1Win,True
absdiff__adj__net_rtg_a10p0,opponent_adjusted_efficiency,0.0,835,835,0.04982687113179544,0.10149822819031974,0.07692307692307693,1.0,0.2057804213064129,0.16375753663578424,False,True,True,20.0,selected,rich_Pooled_2016,rich_Pooled_2016_inner_2013,hist_classifier,Team1Win,True
absdiff__adj__net_rtg_a10p0_z,opponent_adjusted_efficiency,0.0,835,835,0.04131498902256482,0.10149823689870689,0.07692307692307693,1.0,0.20578040896051253,0.16188492724561537,False,True,True,21.0,selected,rich_Pooled_2016,rich_Pooled_2016_inner_2013,hist_classifier,Team1Win,True
absdiff__adj__def_rtg_a50p0,opponent_adjusted_efficiency,0.0,835,835,0.012909665167466213,0.11149811474960582,0.07692307692307693,1.0,0.1725665729055632,0.16176425080812315,False,True,True,22.0,selected,rich_Pooled_2016,rich_Pooled_2016_inner_2013,hist_classifier,Team1Win,True
absdiff__adj__def_rtg_a10p0,opponent_adjusted_efficiency,0.0,835,835,0.026477716018563743,0.10756718245361761,0.07692307692307693,1.0,0.20941624281622678,0.16138838769686373,False,True,True,23.0,selected,rich_Pooled_2016,rich_Pooled_2016_inner_2013,hist_classifier,Team1Win,True
absdiff__adj__net_rtg_a50p0_percentile,opponent_adjusted_efficiency,0.0,835,481,-0.02254699239831214,0.10359604922574454,0.07692307692307693,1.0,0.14882060103118294,0.16104131022243107,False,True,True,24.0,selected,rich_Pooled_2016,rich_Pooled_2016_inner_2013,hist_classifier,Team1Win,True
seedprior__generic_gender_games,prequential_seed_priors,0.0,835,14,-0.015123790870380582,0.1111111111111111,0.07692307692307693,1.0,0.21739248436623798,0.16027256025785988,False,True,True,73.0,selected,rich_Pooled_2016,rich_Pooled_2016_inner_2013,hist_classifier,Team1Win,True
matchup__equal_seed,matchup_context,0.0,835,2,-0.01308191146801089,0.1111111111111111,0.07692307692307693,1.0,0.21739248436623798,0.15982334678933854,False,True,True,11.0,selected,rich_Pooled_2016,rich_Pooled_2016_inner_2013,hist_classifier,Team1Win,True
absdiff__adj__net_rtg_a50p0,opponent_adjusted_efficiency,0.0,835,835,0.06410542919678076,0.08303918492531921,0.07692307692307693,1.0,0.2044820911423873,0.15809041184944184,False,True,True,25.0,selected,rich_Pooled_2016,rich_Pooled_2016_inner_2013,hist_classifier,Team1Win,True
absdiff__adj__net_rtg_a50p0_z,opponent_adjusted_efficiency,0.0,835,835,0.059492123728565216,0.08303919157779491,0.07692307692307693,1.0,0.20448207548562386,0.15707548846589325,False,True,True,26.0,selected,rich_Pooled_2016,rich_Pooled_2016_inner_2013,hist_classifier,Team1Win,True
absdiff__adj__off_rtg_a50p0,opponent_adjusted_efficiency,0.0,835,835,0.03593635919844775,0.07945317898175173,0.07692307692307693,1.0,0.10432730930440717,0.15417812487041538,False,True,True,27.0,selected,rich_Pooled_2016,rich_Pooled_2016_inner_2013,hist_classifier,Team1Win,True
seedprior__gap_games,prequential_seed_priors,0.0,835,100,-0.0032428667139045415,0.039127042125970915,0.23076923076923078,1.0,0.07394127968627626,0.1534598366331509,False,True,True,74.0,selected,rich_Pooled_2016,rich_Pooled_2016_inner_2013,hist_classifier,Team1Win,True
seedprior__favorite_prob_pc2p0,prequential_seed_priors,0.0,835,332,0.00881371736863024,0.06685212879766993,0.07692307692307693,1.0,0.12261733037329013,0.14143103873674093,False,True,True,75.0,selected,rich_Pooled_2016,rich_Pooled_2016_inner_2013,hist_classifier,Team1Win,True
context__season_centered_2000,matchup_context,0.0,835,10,0.028568913069624117,0.0,0.0,1.0,0.0,0.10628516087531731,False,True,True,12.0,selected,rich_Pooled_2016,rich_Pooled_2016_inner_2013,hist_classifier,Team1Win,True
matchup__seed_diff,matchup_context,0.0,965,29,-0.536583432462589,0.5406706386972927,1.0,1.0,0.16568737375827525,0.630942766766139,True,True,True,1.0,selected,rich_Pooled_2016,rich_Pooled_2016_inner_2014,hist_classifier,Team1Win,True
diff__norm__rating__elo_mov_538__pct,within_season_normalization,0.0,965,672,0.47932637642446196,0.48745253499659613,1.0,1.0,0.08087530020641576,0.5961940076034912,True,True,True,2.0,selected,rich_Pooled_2016,rich_Pooled_2016_inner_2014,hist_classifier,Team1Win,True
diff__adj__net_rtg_a50p0,opponent_adjusted_efficiency,0.0,965,965,0.475563751426057,0.4611710816665007,1.0,1.0,0.14146695767811945,0.5803274662065281,True,True,True,5.0,selected,rich_Pooled_2016,rich_Pooled_2016_inner_2014,hist_classifier,Team1Win,True
diff__compact__margin_trim02,compact_performance,0.0,965,949,0.4520761374889079,0.45691922185415446,1.0,1.0,0.14386556939784717,0.57302335396164,True,True,True,3.0,selected,rich_Pooled_2016,rich_Pooled_2016_inner_2014,hist_classifier,Team1Win,True
diff__norm__schedule__opponent_strength_mean__pct,within_season_normalization,0.0,965,829,0.44671876661874127,0.445314005170475,1.0,1.0,0.13721911855829882,0.566540086395619,True,True,True,4.0,selected,rich_Pooled_2016,rich_Pooled_2016_inner_2014,hist_classifier,Team1Win,True
context__women,matchup_context,0.0,965,2,0.06625969234796165,0.0,0.0,1.0,0.0,0.11457713231655157,True,True,True,6.0,selected,rich_Pooled_2016,rich_Pooled_2016_inner_2014,hist_classifier,Team1Win,True
diff__rating__margin_ridge_a5p0_z,global_strength_ratings,0.0,965,965,0.5483590221878684,0.5492968301913174,1.0,1.0,0.10573624169550933,0.6400720137053431,False,True,True,63.0,selected,rich_Pooled_2016,rich_Pooled_2016_inner_2014,hist_classifier,Team1Win,True
seedprior__team1_prob_pc2p0,prequential_seed_priors,0.0,965,552,0.5414769793144466,0.55440379125372,1.0,1.0,0.16273788195369876,0.6387292399728158,False,True,True,69.0,selected,rich_Pooled_2016,rich_Pooled_2016_inner_2014,hist_classifier,Team1Win,True
diff__schedule__quality_wins,schedule_and_accomplishment,0.0,965,43,0.5134083820248035,0.5375014606968486,1.0,1.0,0.13209127720956976,0.6256668940915613,False,True,True,79.0,selected,rich_Pooled_2016,rich_Pooled_2016_inner_2014,hist_classifier,Team1Win,True
diff__norm__rating__elo_mov_538__z,within_season_normalization,0.0,965,965,0.5229219729915434,0.5318851991647321,1.0,1.0,0.13914129150705512,0.6247820779969286,False,True,True,13.0,selected,rich_Pooled_2016,rich_Pooled_2016_inner_2014,hist_classifier,Team1Win,True
diff__norm__rating__margin_ridge_a25p0__z,within_season_normalization,0.0,965,965,0.5316657154726988,0.525319683288875,1.0,1.0,0.12199694138799572,0.6242400277271339,False,True,True,14.0,selected,rich_Pooled_2016,rich_Pooled_2016_inner_2014,hist_classifier,Team1Win,True
diff__norm__rating__colley__z,within_season_normalization,0.0,965,965,0.5228381717473202,0.5217498121693354,1.0,1.0,0.11344772473351805,0.6209263986363507,False,True,True,15.0,selected,rich_Pooled_2016,rich_Pooled_2016_inner_2014,hist_classifier,Team1Win,True
diff__adj__net_rtg_a10p0,opponent_adjusted_efficiency,0.0,965,965,0.5245381253731478,0.5189092219119034,1.0,1.0,0.1306482859634338,0.6192488826612688,False,True,True,25.0,selected,rich_Pooled_2016,rich_Pooled_2016_inner_2014,hist_classifier,Team1Win,True
diff__norm__rating__bt_c1p0__z,within_season_normalization,0.0,965,965,0.514462803355784,0.516663180699118,1.0,1.0,0.11626431939351217,0.6165295706981087,False,True,True,16.0,selected,rich_Pooled_2016,rich_Pooled_2016_inner_2014,hist_classifier,Team1Win,True
diff__norm__schedule__quality_win_points_sum__z,within_season_normalization,0.0,965,965,0.5258457551599816,0.5023888497001918,1.0,1.0,0.08976886213900825,0.6132419595057277,False,True,True,17.0,selected,rich_Pooled_2016,rich_Pooled_2016_inner_2014,hist_classifier,Team1Win,True
diff__norm__schedule__rpi__z,within_season_normalization,0.0,965,965,0.5035648865602139,0.5075174285967676,1.0,1.0,0.08912578171493885,0.6108276095010979,False,True,True,18.0,selected,rich_Pooled_2016,rich_Pooled_2016_inner_2014,hist_classifier,Team1Win,True
diff__rating__margin_ridge_a5p0_percentile,global_strength_ratings,0.0,965,700,0.48633744218914543,0.5089457320097485,1.0,1.0,0.07144093793649481,0.6084305511288314,False,True,True,64.0,selected,rich_Pooled_2016,rich_Pooled_2016_inner_2014,hist_classifier,Team1Win,True
diff__compact__half_marginmean_first,compact_performance,0.0,965,884,0.5054558736089977,0.5041749575959199,1.0,1.0,0.1213247364221498,0.6083512823831351,False,True,True,39.0,selected,rich_Pooled_2016,rich_Pooled_2016_inner_2014,hist_classifier,Team1Win,True
diff__rating__bt_c0p25_z,global_strength_ratings,0.0,965,965,0.4834951138751404,0.5126175180473608,1.0,1.0,0.14443676276306994,0.6066478632047412,False,True,True,65.0,selected,rich_Pooled_2016,rich_Pooled_2016_inner_2014,hist_classifier,Team1Win,True
diff__rating__elo_standard_z,dynamic_ratings,0.0,965,965,0.4947523356038518,0.4988186997014203,1.0,1.0,0.14997256430955802,0.6022795871171468,False,True,True,97.0,selected,rich_Pooled_2016,rich_Pooled_2016_inner_2014,hist_classifier,Team1Win,True
diff__norm__rating__colley__pct,within_season_normalization,0.0,965,673,0.48213383148744404,0.49341515333698777,1.0,1.0,0.06915728368072305,0.6001424251817629,False,True,True,19.0,selected,rich_Pooled_2016,rich_Pooled_2016_inner_2014,hist_classifier,Team1Win,True
diff__norm__schedule__rpi__pct,within_season_normalization,0.0,965,680,0.4726667151557449,0.48900403094468914,1.0,1.0,0.04952273239542171,0.5967277028918978,False,True,True,20.0,selected,rich_Pooled_2016,rich_Pooled_2016_inner_2014,hist_classifier,Team1Win,True
diff__norm__rating__pagerank_margin__pct,within_season_normalization,0.0,965,750,0.47682635496519893,0.4887059924418194,1.0,1.0,0.11579901439339546,0.5948487138886813,False,True,True,21.0,selected,rich_Pooled_2016,rich_Pooled_2016_inner_2014,hist_classifier,Team1Win,True
diff__rating__elo_season_reset_mov_z,dynamic_ratings,0.0,965,965,0.4710606047169996,0.4853733619487982,1.0,1.0,0.1541371908552034,0.5904470591389549,False,True,True,98.0,selected,rich_Pooled_2016,rich_Pooled_2016_inner_2014,hist_classifier,Team1Win,True
diff__schedule__bad_loss_penalty_sum,schedule_and_accomplishment,0.0,965,964,-0.4569917844274821,0.4861437440326054,1.0,1.0,0.09651632951855393,0.5900265365289545,False,True,True,80.0,selected,rich_Pooled_2016,rich_Pooled_2016_inner_2014,hist_classifier,Team1Win,True
diff__norm__adj__net_rtg_a10p0__pct,within_season_normalization,0.0,965,661,0.47442214747518,0.47525254903232395,1.0,1.0,0.10036882263726327,0.5884793430745645,False,True,True,22.0,selected,rich_Pooled_2016,rich_Pooled_2016_inner_2014,hist_classifier,Team1Win,True
diff__seed__top4,selection_committee_prior,0.0,965,3,0.47679033437209717,0.4645591192666872,1.0,1.0,0.07363806292498398,0.5849367282928719,False,True,True,76.0,selected,rich_Pooled_2016,rich_Pooled_2016_inner_2014,hist_classifier,Team1Win,True
diff__norm__schedule__quality_win_points_sum__pct,within_season_normalization,0.0,965,685,0.4766650786955212,0.4650498515167104,1.0,1.0,0.09125438657800966,0.5844400705779152,False,True,True,23.0,selected,rich_Pooled_2016,rich_Pooled_2016_inner_2014,hist_classifier,Team1Win,True
diff__rating__pagerank_binary_z,global_strength_ratings,0.0,965,965,0.44971103869257584,0.4689458346532198,1.0,1.0,0.13239002588654059,0.5787348281104505,False,True,True,66.0,selected,rich_Pooled_2016,rich_Pooled_2016_inner_2014,hist_classifier,Team1Win,True
diff__conference__strength_max,conference_context,0.0,965,829,0.4244244170044637,0.4794740520585798,1.0,1.0,0.1457296667858261,0.5776917300576673,False,True,True,108.0,selected,rich_Pooled_2016,rich_Pooled_2016_inner_2014,hist_classifier,Team1Win,True
diff__schedule__oowp,schedule_and_accomplishment,0.0,965,965,0.473440405064799,0.4535299493583875,1.0,1.0,0.14512188668305664,0.5760463893389596,False,True,True,81.0,selected,rich_Pooled_2016,rich_Pooled_2016_inner_2014,hist_classifier,Team1Win,True
diff__norm__rating__pagerank_margin__z,within_season_normalization,0.0,965,965,0.450577983544294,0.46253644500506264,1.0,1.0,0.1331910324453469,0.5758170086843609,False,True,True,24.0,selected,rich_Pooled_2016,rich_Pooled_2016_inner_2014,hist_classifier,Team1Win,True
diff__rating__elo_standard_percentile,dynamic_ratings,0.0,965,672,0.4522801381260068,0.45455257678434535,1.0,1.0,0.07060765767250188,0.5748625609373071,False,True,True,99.0,selected,rich_Pooled_2016,rich_Pooled_2016_inner_2014,hist_classifier,Team1Win,True
diff__rating__bt_c0p25_percentile,global_strength_ratings,0.0,965,688,0.45044071910054795,0.45465038013858666,1.0,1.0,0.08279194422938019,0.574017462899467,False,True,True,67.0,selected,rich_Pooled_2016,rich_Pooled_2016_inner_2014,hist_classifier,Team1Win,True
matchup__team1_seed,matchup_context,0.0,965,16,-0.4719079291173736,0.4497816629399774,1.0,1.0,0.1462344933735909,0.5738655628820677,False,True,True,7.0,selected,rich_Pooled_2016,rich_Pooled_2016_inner_2014,hist_classifier,Team1Win,True
diff__compact__upside_tail_mean,compact_performance,0.0,965,952,0.45065436866929737,0.45037627065183017,1.0,1.0,0.1489128701997568,0.5693680562121336,False,True,True,40.0,selected,rich_Pooled_2016,rich_Pooled_2016_inner_2014,hist_classifier,Team1Win,True
diff__conference__strength_percentile,conference_context,0.0,965,115,0.4364989805581099,0.45405613577692755,1.0,1.0,0.12505851664670892,0.568974380229841,False,True,True,109.0,selected,rich_Pooled_2016,rich_Pooled_2016_inner_2014,hist_classifier,Team1Win,True
matchup__team1_is_seed_favorite,matchup_context,0.0,965,2,0.4578494488425443,0.4466903994101174,1.0,1.0,0.15516634221503234,0.5689316167736148,False,True,True,8.0,selected,rich_Pooled_2016,rich_Pooled_2016_inner_2014,hist_classifier,Team1Win,True
diff__compact__pythag_exp8p0,compact_performance,0.0,965,965,0.4394449169969013,0.45175976256762757,1.0,1.0,0.1294420870116001,0.5683448842913155,False,True,True,41.0,selected,rich_Pooled_2016,rich_Pooled_2016_inner_2014,hist_classifier,Team1Win,True
diff__compact__margin_q90,compact_performance,0.0,965,386,0.43612969792836526,0.45520601534700805,1.0,1.0,0.15391497547781152,0.5682908218916918,False,True,True,42.0,selected,rich_Pooled_2016,rich_Pooled_2016_inner_2014,hist_classifier,Team1Win,True
diff__adj__net_rtg_a50p0_percentile,opponent_adjusted_efficiency,0.0,965,669,0.4316647348510029,0.4509173764767699,1.0,1.0,0.09101940110948031,0.5677658063316909,False,True,True,26.0,selected,rich_Pooled_2016,rich_Pooled_2016_inner_2014,hist_classifier,Team1Win,True
diff__rating__elo_season_reset_mov_percentile,dynamic_ratings,0.0,965,660,0.4223603154333396,0.45327229000260094,1.0,1.0,0.12050461742645019,0.5656697838995252,False,True,True,100.0,selected,rich_Pooled_2016,rich_Pooled_2016_inner_2014,hist_classifier,Team1Win,True
diff__rating__pagerank_binary,global_strength_ratings,0.0,965,965,0.3888098250215014,0.46894583806474777,1.0,1.0,0.13239002753344165,0.5653365626744716,False,True,True,68.0,selected,rich_Pooled_2016,rich_Pooled_2016_inner_2014,hist_classifier,Team1Win,True
diff__schedule__opponent_strength_median,schedule_and_accomplishment,0.0,965,958,0.43300665932870214,0.4471807598932178,1.0,1.0,0.15576508177899318,0.5636776265298993,False,True,True,82.0,selected,rich_Pooled_2016,rich_Pooled_2016_inner_2014,hist_classifier,Team1Win,True
diff__adj__off_rtg_a10p0,opponent_adjusted_efficiency,0.0,965,965,0.44859223742812127,0.4347272496545333,1.0,1.0,0.11891197788484342,0.5626028929529688,False,True,True,27.0,selected,rich_Pooled_2016,rich_Pooled_2016_inner_2014,hist_classifier,Team1Win,True
diff__conference__strength_mean,conference_context,0.0,965,829,0.42519931512796777,0.43574707725451367,1.0,1.0,0.11868811187218231,0.5579549219354322,False,True,True,110.0,selected,rich_Pooled_2016,rich_Pooled_2016_inner_2014,hist_classifier,Team1Win,True
diff__schedule__opponent_strength_pct_mean,schedule_and_accomplishment,0.0,965,965,0.4469742658023757,0.4277455656141968,1.0,1.0,0.1487657888990369,0.5577015784153757,False,True,True,83.0,selected,rich_Pooled_2016,rich_Pooled_2016_inner_2014,hist_classifier,Team1Win,True
diff__schedule__top_quartile_games,schedule_and_accomplishment,0.0,965,44,0.44954750160809975,0.4259002540230172,1.0,1.0,0.15000074122109242,0.5573325426359864,False,True,True,84.0,selected,rich_Pooled_2016,rich_Pooled_2016_inner_2014,hist_classifier,Team1Win,True
diff__adj__def_rtg_a10p0,opponent_adjusted_efficiency,0.0,965,965,-0.4268732436793054,0.43026498005435715,1.0,1.0,0.16476138488956388,0.553848848639956,False,True,True,28.0,selected,rich_Pooled_2016,rich_Pooled_2016_inner_2014,hist_classifier,Team1Win,True
diff__compact__margin_q75,compact_performance,0.0,965,165,0.42684249573208477,0.4280621552755231,1.0,1.0,0.15687492819756932,0.5531001864654069,False,True,True,43.0,selected,rich_Pooled_2016,rich_Pooled_2016_inner_2014,hist_classifier,Team1Win,True
diff__schedule__opponent_strength_mean,schedule_and_accomplishment,0.0,965,965,0.4456509224335348,0.4164538569624381,1.0,1.0,0.16463298255207798,0.5513557349752648,False,True,True,85.0,selected,rich_Pooled_2016,rich_Pooled_2016_inner_2014,hist_classifier,Team1Win,True
diff__compact__half_winpct_first,compact_performance,0.0,965,353,0.4178352868657346,0.4203262077827204,1.0,1.0,0.1202814805385396,0.5488690836246258,False,True,True,44.0,selected,rich_Pooled_2016,rich_Pooled_2016_inner_2014,hist_classifier,Team1Win,True
diff__seed__top8,selection_committee_prior,0.0,965,3,0.43437708601922964,0.4159028407875726,1.0,1.0,0.1644162945828448,0.5486196707189516,False,True,True,77.0,selected,rich_Pooled_2016,rich_Pooled_2016_inner_2014,hist_classifier,Team1Win,True
diff__compact__home_margin_mean,compact_performance,0.014507772020725389,951,935,0.43332830658127053,0.41486294433255977,1.0,1.0,0.13544630973929295,0.5478879665762785,False,True,True,45.0,selected,rich_Pooled_2016,rich_Pooled_2016_inner_2014,hist_classifier,Team1Win,True
diff__rating__elo_mov_log_preseason,dynamic_ratings,0.0,965,965,0.43588337121029047,0.4106850008670808,1.0,1.0,0.13924802574813855,0.5474532210525371,False,True,True,101.0,selected,rich_Pooled_2016,rich_Pooled_2016_inner_2014,hist_classifier,Team1Win,True
matchup__team2_seed,matchup_context,0.0,965,16,0.3918452548546232,0.423844609929689,1.0,1.0,0.09662537064049503,0.545786354008648,False,True,True,9.0,selected,rich_Pooled_2016,rich_Pooled_2016_inner_2014,hist_classifier,Team1Win,True
diff__compact__margin_median,compact_performance,0.0,965,85,0.39520988810761964,0.42504640301276414,1.0,1.0,0.16528363305575577,0.5443571035075729,False,True,True,46.0,selected,rich_Pooled_2016,rich_Pooled_2016_inner_2014,hist_classifier,Team1Win,True
diff__compact__wins,compact_performance,0.0,965,33,0.40358796196609975,0.4162611652537803,1.0,1.0,0.11275178046657242,0.5440846397356937,False,True,True,47.0,selected,rich_Pooled_2016,rich_Pooled_2016_inner_2014,hist_classifier,Team1Win,True
diff__conference__strength_median,conference_context,0.0,965,829,0.3978152795092522,0.4153304156689793,1.0,1.0,0.10049337902132266,0.5428582258522927,False,True,True,111.0,selected,rich_Pooled_2016,rich_Pooled_2016_inner_2014,hist_classifier,Team1Win,True
diff__detailed__all__fourfactoredge_mean,detailed_efficiency,0.0,965,965,0.41054770391825635,0.41109873754843257,1.0,1.0,0.12356065283594397,0.5427054627718262,False,True,True,118.0,selected,rich_Pooled_2016,rich_Pooled_2016_inner_2014,hist_classifier,Team1Win,True
diff__adj__off_rtg_a50p0,opponent_adjusted_efficiency,0.0,965,965,0.399318028183554,0.4109847195331982,1.0,1.0,0.09936324816769049,0.5411481016496094,False,True,True,29.0,selected,rich_Pooled_2016,rich_Pooled_2016_inner_2014,hist_classifier,Team1Win,True
diff__compact__pythag_exp13p91,compact_performance,0.0,965,965,0.4134284353711652,0.40508592568091295,1.0,1.0,0.10809201560289794,0.5410718194843787,False,True,True,48.0,selected,rich_Pooled_2016,rich_Pooled_2016_inner_2014,hist_classifier,Team1Win,True
diff__schedule__elite_wins,schedule_and_accomplishment,0.0,965,27,0.4269958664856372,0.39959499359451045,1.0,1.0,0.11963499835409963,0.5409592876180412,False,True,True,86.0,selected,rich_Pooled_2016,rich_Pooled_2016_inner_2014,hist_classifier,Team1Win,True
diff__compact__blowout_win10_rate,compact_performance,0.0,965,746,0.3951240239371547,0.40594279947394163,1.0,1.0,0.18124044585461274,0.5345302111794814,False,True,True,49.0,selected,rich_Pooled_2016,rich_Pooled_2016_inner_2014,hist_classifier,Team1Win,True
diff__compact__ewm_h20_margin,compact_performance,0.0,965,965,0.374399434275766,0.3998627040554468,1.0,1.0,0.11635510653716324,0.5296477692257965,False,True,True,50.0,selected,rich_Pooled_2016,rich_Pooled_2016_inner_2014,hist_classifier,Team1Win,True
diff__compact__blowout_win20_rate,compact_performance,0.0,965,783,0.41637560512386573,0.3812739770066258,1.0,1.0,0.1531803723094443,0.528486927198053,False,True,True,51.0,selected,rich_Pooled_2016,rich_Pooled_2016_inner_2014,hist_classifier,Team1Win,True
diff__schedule__owp,schedule_and_accomplishment,0.0,965,965,0.4088840052717675,0.3794170551994514,1.0,1.0,0.12011278998858427,0.527270156055982,False,True,True,87.0,selected,rich_Pooled_2016,rich_Pooled_2016_inner_2014,hist_classifier,Team1Win,True
diff__rating__elo_standard_preseason,dynamic_ratings,0.0,965,965,0.40906640402047784,0.38246486243753036,1.0,1.0,0.17074175141396009,0.5267480727979612,False,True,True,102.0,selected,rich_Pooled_2016,rich_Pooled_2016_inner_2014,hist_classifier,Team1Win,True
diff__compact__win_pct,compact_performance,0.0,965,740,0.3685189950013103,0.39499094081992053,1.0,1.0,0.1646632777746661,0.5240832993828635,False,True,True,52.0,selected,rich_Pooled_2016,rich_Pooled_2016_inner_2014,hist_classifier,Team1Win,True
diff__compact__margin_slope,compact_performance,0.0,965,964,-0.37272264828918905,0.38515672819314506,1.0,1.0,0.09385180504556412,0.5231201399545087,False,True,True,53.0,selected,rich_Pooled_2016,rich_Pooled_2016_inner_2014,hist_classifier,Team1Win,True
diff__compact__ewm_h10_margin,compact_performance,0.0,965,965,0.3584335824572266,0.3939156521842176,1.0,1.0,0.16461642510918895,0.5213502441846467,False,True,True,54.0,selected,rich_Pooled_2016,rich_Pooled_2016_inner_2014,hist_classifier,Team1Win,True
diff__detailed__clean__offrtg_median,detailed_efficiency,0.0,965,965,0.3487877130017946,0.39400590587488005,1.0,1.0,0.15437499335498117,0.519681131946138,False,True,True,119.0,selected,rich_Pooled_2016,rich_Pooled_2016_inner_2014,hist_classifier,Team1Win,True
diff__detailed__ewm_h20__fourfactoredge,detailed_efficiency,0.0,965,965,0.3480111319976029,0.38860877765220414,1.0,1.0,0.127575906989695,0.5179916260329428,False,True,True,120.0,selected,rich_Pooled_2016,rich_Pooled_2016_inner_2014,hist_classifier,Team1Win,True
diff__schedule__top_decile_games,schedule_and_accomplishment,0.0,965,31,0.3644425870190889,0.3878775374361052,1.0,1.0,0.20929098330357054,0.5179869477813872,False,True,True,88.0,selected,rich_Pooled_2016,rich_Pooled_2016_inner_2014,hist_classifier,Team1Win,True
diff__compact__margin_q25,compact_performance,0.0,965,169,0.3654178970661632,0.38396491829656726,1.0,1.0,0.17724757366506066,0.5176051951903058,False,True,True,55.0,selected,rich_Pooled_2016,rich_Pooled_2016_inner_2014,hist_classifier,Team1Win,True
diff__compact__half_delta_marginmean,compact_performance,0.0,965,948,-0.35735498220513745,0.374592976844478,1.0,1.0,0.059433046799093836,0.516045403098516,False,True,True,56.0,selected,rich_Pooled_2016,rich_Pooled_2016_inner_2014,hist_classifier,Team1Win,True
diff__compact__half_pointsformean_first,compact_performance,0.0,965,874,0.38564544455433125,0.3647078219364894,1.0,1.0,0.15564604490139944,0.5136759105354117,False,True,True,57.0,selected,rich_Pooled_2016,rich_Pooled_2016_inner_2014,hist_classifier,Team1Win,True
diff__compact__downside_tail_mean,compact_performance,0.0,965,919,-0.3549732221557512,0.3665214661177476,1.0,1.0,0.1254663350894057,0.5090057592072079,False,True,True,58.0,selected,rich_Pooled_2016,rich_Pooled_2016_inner_2014,hist_classifier,Team1Win,True
diff__compact__margin_q10,compact_performance,0.0,965,333,0.3416682967515999,0.3682997662521145,1.0,1.0,0.18014170793519235,0.5047452447689593,False,True,True,59.0,selected,rich_Pooled_2016,rich_Pooled_2016_inner_2014,hist_classifier,Team1Win,True
diff__compact__away_games,compact_performance,0.0,965,19,-0.33944103221816985,0.330987271205369,1.0,1.0,0.07821114191506212,0.49042247158997204,False,True,True,60.0,selected,rich_Pooled_2016,rich_Pooled_2016_inner_2014,hist_classifier,Team1Win,True
diff__schedule__bad_losses,schedule_and_accomplishment,0.0,965,13,-0.30332662547545886,0.3462455178915885,1.0,1.0,0.07219975103062581,0.49004171615133835,False,True,True,89.0,selected,rich_Pooled_2016,rich_Pooled_2016_inner_2014,hist_classifier,Team1Win,True
diff__adj__def_rtg_a50p0,opponent_adjusted_efficiency,0.0,965,965,-0.34945103768476704,0.33215929917057546,1.0,1.0,0.1648434377059454,0.4897219543842872,False,True,True,30.0,selected,rich_Pooled_2016,rich_Pooled_2016_inner_2014,hist_classifier,Team1Win,True
diff__compact__points_for_mean,compact_performance,0.0,965,954,0.3156133042103351,0.33189350151538755,1.0,1.0,0.16026706669804863,0.4823331249857378,False,True,True,61.0,selected,rich_Pooled_2016,rich_Pooled_2016_inner_2014,hist_classifier,Team1Win,True
diff__compact__blowout_loss10_rate,compact_performance,0.0,965,575,-0.31877631261553285,0.32367109537836597,1.0,1.0,0.14492624127932585,0.47969586490585986,False,True,True,62.0,selected,rich_Pooled_2016,rich_Pooled_2016_inner_2014,hist_classifier,Team1Win,True
diff__conference__team_count,conference_context,0.0,965,17,0.2258439101086049,0.237376371278713,1.0,1.0,0.1138969452617492,0.41907044062720533,False,True,True,112.0,selected,rich_Pooled_2016,rich_Pooled_2016_inner_2014,hist_classifier,Team1Win,True
diff__rating__elo_standard_delta,dynamic_ratings,0.0,965,965,0.22790052117579723,0.22572873729871654,1.0,1.0,0.1678551006237782,0.41177370453710815,False,True,True,103.0,selected,rich_Pooled_2016,rich_Pooled_2016_inner_2014,hist_classifier,Team1Win,True
diff__rating__elo_mov_log_delta,dynamic_ratings,0.0,965,965,0.20346639016613544,0.22907031827133434,1.0,1.0,0.13338706231034164,0.40938087611437657,False,True,True,104.0,selected,rich_Pooled_2016,rich_Pooled_2016_inner_2014,hist_classifier,Team1Win,True
diff__schedule__opponent_strength_std,schedule_and_accomplishment,0.0,965,965,0.19293156843319276,0.2037306455904915,0.7333333333333333,1.0,0.14788059410475932,0.3516537645078813,False,True,True,90.0,selected,rich_Pooled_2016,rich_Pooled_2016_inner_2014,hist_classifier,Team1Win,True
diff__conference__strength_std,conference_context,0.0,965,829,0.20255563340145008,0.201673333869497,0.7333333333333333,1.0,0.21529344119685537,0.35008703529113666,False,True,True,113.0,selected,rich_Pooled_2016,rich_Pooled_2016_inner_2014,hist_classifier,Team1Win,True
diff__seed__playin,selection_committee_prior,0.0,965,3,-0.07980452608592979,0.1259881576697424,0.8181818181818182,1.0,0.13849088944215113,0.3034007667517858,False,True,True,78.0,selected,rich_Pooled_2016,rich_Pooled_2016_inner_2014,hist_classifier,Team1Win,True
diff__conference__tourney_last_day,conference_context,0.01865284974093264,947,18,0.11611550055295101,0.15600987012610806,0.6,1.0,0.24188917698510556,0.2852623527235023,False,True,True,114.0,selected,rich_Pooled_2016,rich_Pooled_2016_inner_2014,hist_classifier,Team1Win,True
absdiff__conference__strength_std,conference_context,0.0,965,745,0.11037438594027771,0.10809665102593652,0.6,1.0,0.12009150418677536,0.26736509723183965,False,True,True,115.0,selected,rich_Pooled_2016,rich_Pooled_2016_inner_2014,hist_classifier,Team1Win,True
seedprior__favorite_seed_games,prequential_seed_priors,0.0,965,103,0.022082392475134747,0.08089868881250913,0.7333333333333333,1.0,0.07845762723136332,0.25788452521861277,False,True,True,70.0,selected,rich_Pooled_2016,rich_Pooled_2016_inner_2014,hist_classifier,Team1Win,True
absdiff__schedule__elite_wins,schedule_and_accomplishment,0.0,965,16,0.06086461852291529,0.06791577113430221,0.7142857142857143,1.0,0.06972543127799952,0.2574864832541008,False,True,True,91.0,selected,rich_Pooled_2016,rich_Pooled_2016_inner_2014,hist_classifier,Team1Win,True
absdiff__schedule__opponent_strength_median,schedule_and_accomplishment,0.0,965,956,-0.007234055367900218,0.1520110218643265,0.4666666666666667,1.0,0.1830710081222283,0.2419006090175923,False,True,True,92.0,selected,rich_Pooled_2016,rich_Pooled_2016_inner_2014,hist_classifier,Team1Win,True
diff__conference__tourney_champion,conference_context,0.01865284974093264,947,3,-0.12111221211057505,0.09513170724773495,0.4666666666666667,1.0,0.21569679437800846,0.236854473055511,False,True,True,116.0,selected,rich_Pooled_2016,rich_Pooled_2016_inner_2014,hist_classifier,Team1Win,True
diff__conference__tourney_win_pct,conference_context,0.01865284974093264,947,16,-0.07328556545719164,0.08129633638134852,0.4666666666666667,1.0,0.11425900267313463,0.22374914444409613,False,True,True,117.0,selected,rich_Pooled_2016,rich_Pooled_2016_inner_2014,hist_classifier,Team1Win,True
absdiff__schedule__opponent_strength_mean,schedule_and_accomplishment,0.0,965,965,0.0027913349503822333,0.1405470033599375,0.3333333333333333,1.0,0.26361014568421265,0.2108655828078189,False,True,True,93.0,selected,rich_Pooled_2016,rich_Pooled_2016_inner_2014,hist_classifier,Team1Win,True
absdiff__rating__elo_season_reset_mov,dynamic_ratings,0.0,965,965,0.06527308503245619,0.0966635035488291,0.3333333333333333,1.0,0.1754102253758,0.20707548472887966,False,True,True,105.0,selected,rich_Pooled_2016,rich_Pooled_2016_inner_2014,hist_classifier,Team1Win,True
absdiff__schedule__oowp,schedule_and_accomplishment,0.0,965,965,-0.0055749000259852416,0.12073347952804293,0.3333333333333333,1.0,0.2096547396445878,0.2041256919267272,False,True,True,94.0,selected,rich_Pooled_2016,rich_Pooled_2016_inner_2014,hist_classifier,Team1Win,True
absdiff__rating__elo_mov_538_delta,dynamic_ratings,0.0,965,965,0.01859754358605587,0.0521054632162443,0.4666666666666667,1.0,0.05650636081355736,0.20150849416685393,False,True,True,106.0,selected,rich_Pooled_2016,rich_Pooled_2016_inner_2014,hist_classifier,Team1Win,True
absdiff__schedule__quality_wins,schedule_and_accomplishment,0.0,965,23,-0.004446811809664721,0.10920910465634293,0.3333333333333333,1.0,0.16526828030140028,0.20012127095444815,False,True,True,95.0,selected,rich_Pooled_2016,rich_Pooled_2016_inner_2014,hist_classifier,Team1Win,True
absdiff__schedule__top_quartile_games,schedule_and_accomplishment,0.0,965,24,-0.027563139600351096,0.14132524929026846,0.2,1.0,0.19504805304827175,0.19809808824947522,False,True,True,96.0,selected,rich_Pooled_2016,rich_Pooled_2016_inner_2014,hist_classifier,Team1Win,True
seedprior__effective_games_pc2p0,prequential_seed_priors,0.0,965,264,0.0033438527392620826,0.08972698612491732,0.3333333333333333,1.0,0.12292981034592299,0.19222074186209437,False,True,True,71.0,selected,rich_Pooled_2016,rich_Pooled_2016_inner_2014,hist_classifier,Team1Win,True
absdiff__adj__def_rtg_a10p0,opponent_adjusted_efficiency,0.0,965,965,0.055627552405386034,0.11438460308231382,0.2,1.0,0.19275139845325012,0.19143261507056555,False,True,True,31.0,selected,rich_Pooled_2016,rich_Pooled_2016_inner_2014,hist_classifier,Team1Win,True
absdiff__adj__net_rtg_a50p0,opponent_adjusted_efficiency,0.0,965,965,0.09361692092317585,0.09865204444880439,0.2,1.0,0.2165572455576923,0.1912864141162171,False,True,True,32.0,selected,rich_Pooled_2016,rich_Pooled_2016_inner_2014,hist_classifier,Team1Win,True
seedprior__pooled_pair_games,prequential_seed_priors,0.035233160621761656,931,97,-0.02070132440653427,0.08727958215666161,0.3333333333333333,1.0,0.14808713194097173,0.19103968601058866,False,True,True,72.0,selected,rich_Pooled_2016,rich_Pooled_2016_inner_2014,hist_classifier,Team1Win,True
absdiff__adj__net_rtg_a50p0_z,opponent_adjusted_efficiency,0.0,965,965,0.08441035261276932,0.09865204406395867,0.2,1.0,0.21655722625498033,0.1892609696753102,False,True,True,33.0,selected,rich_Pooled_2016,rich_Pooled_2016_inner_2014,hist_classifier,Team1Win,True
absdiff__adj__def_rtg_a50p0,opponent_adjusted_efficiency,0.0,965,965,0.03943762126161191,0.11149811474960582,0.2,1.0,0.1764724025703563,0.18713647565455116,False,True,True,34.0,selected,rich_Pooled_2016,rich_Pooled_2016_inner_2014,hist_classifier,Team1Win,True
absdiff__adj__off_rtg_a50p0,opponent_adjusted_efficiency,0.0,965,965,0.06702708579092684,0.09286124438181113,0.2,1.0,0.13895287497289543,0.18576124117835743,False,True,True,35.0,selected,rich_Pooled_2016,rich_Pooled_2016_inner_2014,hist_classifier,Team1Win,True
absdiff__rating__elo_standard_delta,dynamic_ratings,0.0,965,965,0.031495296969231146,0.0551950738461012,0.3333333333333333,1.0,0.09278432141757882,0.1830445612559896,False,True,True,107.0,selected,rich_Pooled_2016,rich_Pooled_2016_inner_2014,hist_classifier,Team1Win,True
absdiff__adj__off_rtg_a10p0,opponent_adjusted_efficiency,0.0,965,965,0.06071396241697756,0.08570215995882001,0.2,1.0,0.11699490221523728,0.1818143124233592,False,True,True,36.0,selected,rich_Pooled_2016,rich_Pooled_2016_inner_2014,hist_classifier,Team1Win,True
matchup__seed_gap_abs,matchup_context,0.0,965,15,-0.0035209324551174394,0.06496710027988009,0.3333333333333333,1.0,0.08963424948343862,0.18170677662846407,False,True,True,10.0,selected,rich_Pooled_2016,rich_Pooled_2016_inner_2014,hist_classifier,Team1Win,True
seedprior__exact_pair_games,prequential_seed_priors,0.0,965,75,-0.050304481780309385,0.08967628027452426,0.2,1.0,0.1438457308881566,0.18035777128791347,False,True,True,73.0,selected,rich_Pooled_2016,rich_Pooled_2016_inner_2014,hist_classifier,Team1Win,True
absdiff__adj__net_rtg_a10p0,opponent_adjusted_efficiency,0.0,965,965,0.08299257672235287,0.11176080117248212,0.06666666666666667,1.0,0.2389238367388771,0.1730132646388206,False,True,True,37.0,selected,rich_Pooled_2016,rich_Pooled_2016_inner_2014,hist_classifier,Team1Win,True
absdiff__adj__net_rtg_a10p0_z,opponent_adjusted_efficiency,0.0,965,965,0.07109311868088337,0.1117608031373953,0.06666666666666667,1.0,0.23892384003144648,0.1703953846811529,False,True,True,38.0,selected,rich_Pooled_2016,rich_Pooled_2016_inner_2014,hist_classifier,Team1Win,True
seedprior__generic_gender_games,prequential_seed_priors,0.0,965,16,-0.025328670956433336,0.1111111111111111,0.06666666666666667,1.0,0.21240310495973316,0.161076183412026,False,True,True,74.0,selected,rich_Pooled_2016,rich_Pooled_2016_inner_2014,hist_classifier,Team1Win,True
matchup__equal_seed,matchup_context,0.0,965,2,-0.014213488643327542,0.1111111111111111,0.06666666666666667,1.0,0.2124031049597332,0.15863084330314273,False,True,True,11.0,selected,rich_Pooled_2016,rich_Pooled_2016_inner_2014,hist_classifier,Team1Win,True
seedprior__favorite_prob_pc2p0,prequential_seed_priors,0.0,965,382,0.019964680361341077,0.08288199470444453,0.06666666666666667,1.0,0.1582188103560237,0.14851350139005415,False,True,True,75.0,selected,rich_Pooled_2016,rich_Pooled_2016_inner_2014,hist_classifier,Team1Win,True
context__season_centered_2000,matchup_context,0.0,965,11,0.04432636901560492,0.0,0.0,1.0,0.0,0.10975180118343308,False,True,True,12.0,selected,rich_Pooled_2016,rich_Pooled_2016_inner_2014,hist_classifier,Team1Win,True
matchup__seed_diff,matchup_context,0.0,1095,29,-0.5319346584134701,0.5406706386972927,1.0,1.0,0.1650674377755627,0.6299448339146414,True,True,True,1.0,selected,rich_Pooled_2016,rich_Pooled_2016_inner_2015,hist_classifier,Team1Win,True
diff__norm__rating__elo_mov_538__pct,within_season_normalization,0.0,1095,773,0.47988854967207806,0.48745253499659613,1.0,1.0,0.07647541274783787,0.5964936812163099,True,True,True,2.0,selected,rich_Pooled_2016,rich_Pooled_2016_inner_2015,hist_classifier,Team1Win,True
diff__adj__net_rtg_a50p0,opponent_adjusted_efficiency,0.0,1095,1095,0.4736112259928559,0.4611710816665007,1.0,1.0,0.1483051220885696,0.5796243840348059,True,True,True,5.0,selected,rich_Pooled_2016,rich_Pooled_2016_inner_2015,hist_classifier,Team1Win,True
diff__compact__margin_trim02,compact_performance,0.0,1095,1078,0.44962299396558514,0.45691922185415446,1.0,1.0,0.13983282487053578,0.5726449721676014,True,True,True,3.0,selected,rich_Pooled_2016,rich_Pooled_2016_inner_2015,hist_classifier,Team1Win,True
diff__norm__schedule__opponent_strength_mean__pct,within_season_normalization,0.0,1095,947,0.4496892921233443,0.445314005170475,1.0,1.0,0.13692652260459842,0.5672053058447797,True,True,True,4.0,selected,rich_Pooled_2016,rich_Pooled_2016_inner_2015,hist_classifier,Team1Win,True
context__women,matchup_context,0.0,1095,2,0.046326389803056436,0.0,0.0,1.0,0.0,0.11019180575667242,True,True,True,6.0,selected,rich_Pooled_2016,rich_Pooled_2016_inner_2015,hist_classifier,Team1Win,True
diff__rating__margin_ridge_a5p0_z,global_strength_ratings,0.0,1095,1095,0.5493054305508206,0.5492968301913174,1.0,1.0,0.1228332857837981,0.6395963417816609,False,True,True,62.0,selected,rich_Pooled_2016,rich_Pooled_2016_inner_2015,hist_classifier,Team1Win,True
seedprior__team1_prob_pc2p0,prequential_seed_priors,0.0,1095,631,0.5379327483751833,0.55440379125372,1.0,1.0,0.18015900956755354,0.6372526640616237,False,True,True,68.0,selected,rich_Pooled_2016,rich_Pooled_2016_inner_2015,hist_classifier,Team1Win,True
diff__schedule__quality_wins,schedule_and_accomplishment,0.0,1095,43,0.5127206862347271,0.5375014606968486,1.0,1.0,0.13433600550249186,0.6254258118860276,False,True,True,78.0,selected,rich_Pooled_2016,rich_Pooled_2016_inner_2015,hist_classifier,Team1Win,True
diff__norm__rating__elo_mov_538__z,within_season_normalization,0.0,1095,1095,0.522627924154754,0.5318851991647321,1.0,1.0,0.1421762935272271,0.6245959871720281,False,True,True,13.0,selected,rich_Pooled_2016,rich_Pooled_2016_inner_2015,hist_classifier,Team1Win,True
diff__norm__rating__margin_ridge_a25p0__z,within_season_normalization,0.0,1095,1095,0.5314170944073497,0.525319683288875,1.0,1.0,0.13177571321087606,0.6237941802198419,False,True,True,14.0,selected,rich_Pooled_2016,rich_Pooled_2016_inner_2015,hist_classifier,Team1Win,True
diff__norm__rating__colley__z,within_season_normalization,0.0,1095,1095,0.5242501370181905,0.5217498121693354,1.0,1.0,0.12265577963429775,0.620868708799911,False,True,True,15.0,selected,rich_Pooled_2016,rich_Pooled_2016_inner_2015,hist_classifier,Team1Win,True
diff__norm__rating__bt_c1p0__z,within_season_normalization,0.0,1095,1095,0.5149027856160437,0.516663180699118,1.0,1.0,0.13021544594693252,0.6160683217332289,False,True,True,16.0,selected,rich_Pooled_2016,rich_Pooled_2016_inner_2015,hist_classifier,Team1Win,True
diff__norm__schedule__quality_win_points_sum__z,within_season_normalization,0.0,1095,1095,0.5265010700280802,0.5023888497001918,1.0,1.0,0.10733972702793926,0.6126832941811522,False,True,True,17.0,selected,rich_Pooled_2016,rich_Pooled_2016_inner_2015,hist_classifier,Team1Win,True
diff__norm__schedule__rpi__z,within_season_normalization,0.0,1095,1095,0.5056052779640655,0.5075174285967676,1.0,1.0,0.09079447180899491,0.6112097480061831,False,True,True,18.0,selected,rich_Pooled_2016,rich_Pooled_2016_inner_2015,hist_classifier,Team1Win,True
diff__rating__margin_ridge_a5p0_percentile,global_strength_ratings,0.0,1095,805,0.48933147572462116,0.5089457320097485,1.0,1.0,0.07912909478744745,0.608781712232598,False,True,True,63.0,selected,rich_Pooled_2016,rich_Pooled_2016_inner_2015,hist_classifier,Team1Win,True
diff__compact__half_marginmean_first,compact_performance,0.0,1095,994,0.5015085273893999,0.5041749575959199,1.0,1.0,0.12525341214204594,0.6073257191860276,False,True,True,38.0,selected,rich_Pooled_2016,rich_Pooled_2016_inner_2015,hist_classifier,Team1Win,True
diff__rating__bt_c0p25_z,global_strength_ratings,0.0,1095,1095,0.48340416551785803,0.5126175180473608,1.0,1.0,0.1503331131391773,0.6063920005510948,False,True,True,64.0,selected,rich_Pooled_2016,rich_Pooled_2016_inner_2015,hist_classifier,Team1Win,True
diff__rating__elo_standard_z,dynamic_ratings,0.0,1095,1095,0.4950967442720173,0.4988186997014203,1.0,1.0,0.15287892198745612,0.6022391027170273,False,True,True,96.0,selected,rich_Pooled_2016,rich_Pooled_2016_inner_2015,hist_classifier,Team1Win,True
diff__norm__rating__colley__pct,within_season_normalization,0.0,1095,776,0.48377233360393934,0.49341515333698777,1.0,1.0,0.06712355152727273,0.6005842449335298,False,True,True,19.0,selected,rich_Pooled_2016,rich_Pooled_2016_inner_2015,hist_classifier,Team1Win,True
diff__norm__schedule__rpi__pct,within_season_normalization,0.0,1095,786,0.4762639869482092,0.48900403094468914,1.0,1.0,0.049098263936698416,0.5975360814245889,False,True,True,20.0,selected,rich_Pooled_2016,rich_Pooled_2016_inner_2015,hist_classifier,Team1Win,True
diff__norm__rating__pagerank_margin__pct,within_season_normalization,0.0,1095,862,0.4782777801366781,0.4887059924418194,1.0,1.0,0.11671644223578331,0.5951313303127111,False,True,True,21.0,selected,rich_Pooled_2016,rich_Pooled_2016_inner_2015,hist_classifier,Team1Win,True
diff__norm__adj__net_rtg_a10p0__pct,within_season_normalization,0.0,1095,763,0.4764888499637633,0.48277303661650994,1.0,1.0,0.07937504927978828,0.5933836025967612,False,True,True,22.0,selected,rich_Pooled_2016,rich_Pooled_2016_inner_2015,hist_classifier,Team1Win,True
diff__schedule__bad_loss_penalty_sum,schedule_and_accomplishment,0.0,1095,1094,-0.45779713092598695,0.4861437440326054,1.0,1.0,0.0634493163692581,0.5915263932845974,False,True,True,79.0,selected,rich_Pooled_2016,rich_Pooled_2016_inner_2015,hist_classifier,Team1Win,True
diff__rating__elo_season_reset_mov_z,dynamic_ratings,0.0,1095,1095,0.4693812321194281,0.4853733619487982,1.0,1.0,0.13096238669541366,0.5910045893338808,False,True,True,97.0,selected,rich_Pooled_2016,rich_Pooled_2016_inner_2015,hist_classifier,Team1Win,True
diff__norm__schedule__quality_win_points_sum__pct,within_season_normalization,0.0,1095,791,0.47836742252640996,0.4650498515167104,1.0,1.0,0.0898475132169761,0.5848708611551522,False,True,True,23.0,selected,rich_Pooled_2016,rich_Pooled_2016_inner_2015,hist_classifier,Team1Win,True
diff__seed__top4,selection_committee_prior,0.0,1095,3,0.4732599399528036,0.4645591192666872,1.0,1.0,0.10651574974458666,0.5828449340478431,False,True,True,75.0,selected,rich_Pooled_2016,rich_Pooled_2016_inner_2015,hist_classifier,Team1Win,True
diff__rating__pagerank_binary_z,global_strength_ratings,0.0,1095,1095,0.45746117956052695,0.4689458346532198,1.0,1.0,0.11991123574308776,0.5809390107071379,False,True,True,65.0,selected,rich_Pooled_2016,rich_Pooled_2016_inner_2015,hist_classifier,Team1Win,True
diff__conference__strength_max,conference_context,0.0,1095,941,0.43298098548139735,0.4794740520585798,1.0,1.0,0.14693844301072584,0.5795258240735968,False,True,True,107.0,selected,rich_Pooled_2016,rich_Pooled_2016_inner_2015,hist_classifier,Team1Win,True
diff__norm__rating__pagerank_margin__z,within_season_normalization,0.0,1095,1095,0.4567749285962539,0.46253644500506264,1.0,1.0,0.11477102679265683,0.5779171368218996,False,True,True,24.0,selected,rich_Pooled_2016,rich_Pooled_2016_inner_2015,hist_classifier,Team1Win,True
diff__schedule__oowp,schedule_and_accomplishment,0.0,1095,1095,0.4728944103363634,0.4535299493583875,1.0,1.0,0.15422386806342736,0.5755621912434888,False,True,True,80.0,selected,rich_Pooled_2016,rich_Pooled_2016_inner_2015,hist_classifier,Team1Win,True
diff__rating__elo_standard_percentile,dynamic_ratings,0.0,1095,774,0.4539942404305801,0.45455257678434535,1.0,1.0,0.07254366704888515,0.5751622230692579,False,True,True,98.0,selected,rich_Pooled_2016,rich_Pooled_2016_inner_2015,hist_classifier,Team1Win,True
diff__rating__bt_c0p25_percentile,global_strength_ratings,0.0,1095,790,0.4511172070932535,0.45465038013858666,1.0,1.0,0.08697703131795537,0.5739988867743191,False,True,True,66.0,selected,rich_Pooled_2016,rich_Pooled_2016_inner_2015,hist_classifier,Team1Win,True
matchup__team1_seed,matchup_context,0.0,1095,16,-0.4718483815498091,0.4497816629399774,1.0,1.0,0.15262370112368795,0.5735968941071996,False,True,True,7.0,selected,rich_Pooled_2016,rich_Pooled_2016_inner_2015,hist_classifier,Team1Win,True
diff__compact__pythag_exp8p0,compact_performance,0.0,1095,1095,0.43788311679018466,0.45175976256762757,1.0,1.0,0.0797138483868629,0.5699904177908273,False,True,True,39.0,selected,rich_Pooled_2016,rich_Pooled_2016_inner_2015,hist_classifier,Team1Win,True
diff__conference__strength_percentile,conference_context,0.0,1095,118,0.437537385806959,0.45405613577692755,1.0,1.0,0.1330638278509249,0.5688826169364192,False,True,True,108.0,selected,rich_Pooled_2016,rich_Pooled_2016_inner_2015,hist_classifier,Team1Win,True
diff__compact__upside_tail_mean,compact_performance,0.0,1095,1080,0.446167445712008,0.45037627065183017,1.0,1.0,0.1525889256795715,0.5682338909423373,False,True,True,40.0,selected,rich_Pooled_2016,rich_Pooled_2016_inner_2015,hist_classifier,Team1Win,True
diff__rating__pagerank_binary,global_strength_ratings,0.0,1095,1095,0.3960799253687541,0.46894583806474777,1.0,1.0,0.1199112362221108,0.5674351364033203,False,True,True,67.0,selected,rich_Pooled_2016,rich_Pooled_2016_inner_2015,hist_classifier,Team1Win,True
diff__compact__margin_q90,compact_performance,0.0,1095,405,0.43516344138065277,0.45520601534700805,1.0,1.0,0.18180435466434436,0.5669626702837337,False,True,True,41.0,selected,rich_Pooled_2016,rich_Pooled_2016_inner_2015,hist_classifier,Team1Win,True
matchup__team1_is_seed_favorite,matchup_context,0.0,1095,2,0.45017178231777655,0.4466903994101174,1.0,1.0,0.18196702144188676,0.5661705029690917,False,True,True,8.0,selected,rich_Pooled_2016,rich_Pooled_2016_inner_2015,hist_classifier,Team1Win,True
diff__adj__net_rtg_a50p0_percentile,opponent_adjusted_efficiency,0.0,1095,777,0.43086487086543057,0.44448217302800735,1.0,1.0,0.08753184557229393,0.5646404408209464,False,True,True,25.0,selected,rich_Pooled_2016,rich_Pooled_2016_inner_2015,hist_classifier,Team1Win,True
diff__schedule__opponent_strength_median,schedule_and_accomplishment,0.0,1095,1087,0.42961028264733736,0.4471807598932178,1.0,1.0,0.15455766607441407,0.5629787202881822,False,True,True,81.0,selected,rich_Pooled_2016,rich_Pooled_2016_inner_2015,hist_classifier,Team1Win,True
diff__adj__off_rtg_a10p0,opponent_adjusted_efficiency,0.0,1095,1095,0.44968559063093216,0.4347272496545333,1.0,1.0,0.15765634422326752,0.5612936560040503,False,True,True,26.0,selected,rich_Pooled_2016,rich_Pooled_2016_inner_2015,hist_classifier,Team1Win,True
diff__rating__elo_season_reset_mov_percentile,dynamic_ratings,0.0,1095,769,0.4222353240116301,0.44035555164566736,1.0,1.0,0.07509161287733157,0.5612587715573857,False,True,True,99.0,selected,rich_Pooled_2016,rich_Pooled_2016_inner_2015,hist_classifier,Team1Win,True
diff__schedule__opponent_strength_pct_mean,schedule_and_accomplishment,0.0,1095,1095,0.44716929540085526,0.4277455656141968,1.0,1.0,0.13350879651194492,0.5583547646225249,False,True,True,82.0,selected,rich_Pooled_2016,rich_Pooled_2016_inner_2015,hist_classifier,Team1Win,True
diff__conference__strength_mean,conference_context,0.0,1095,941,0.4276425541454176,0.43574707725451367,1.0,1.0,0.13720007157672243,0.5577519561310895,False,True,True,109.0,selected,rich_Pooled_2016,rich_Pooled_2016_inner_2015,hist_classifier,Team1Win,True
diff__schedule__top_quartile_games,schedule_and_accomplishment,0.0,1095,45,0.44803271682941126,0.4259002540230172,1.0,1.0,0.14077986421828376,0.5573681250647873,False,True,True,83.0,selected,rich_Pooled_2016,rich_Pooled_2016_inner_2015,hist_classifier,Team1Win,True
diff__adj__def_rtg_a10p0,opponent_adjusted_efficiency,0.0,1095,1095,-0.4305183699969064,0.43026498005435715,1.0,1.0,0.1924291199460882,0.5535440670275673,False,True,True,27.0,selected,rich_Pooled_2016,rich_Pooled_2016_inner_2015,hist_classifier,Team1Win,True
diff__schedule__opponent_strength_mean,schedule_and_accomplishment,0.0,1095,1095,0.4489127332932862,0.4164538569624381,1.0,1.0,0.1638134813284961,0.5521061134133534,False,True,True,84.0,selected,rich_Pooled_2016,rich_Pooled_2016_inner_2015,hist_classifier,Team1Win,True
diff__compact__margin_q75,compact_performance,0.0,1095,174,0.4215791062610294,0.4280621552755231,1.0,1.0,0.1670995120383112,0.5515332574281452,False,True,True,42.0,selected,rich_Pooled_2016,rich_Pooled_2016_inner_2015,hist_classifier,Team1Win,True
diff__compact__half_winpct_first,compact_performance,0.0,1095,382,0.4210925479170143,0.4203262077827204,1.0,1.0,0.11355496229638795,0.5498547417855933,False,True,True,43.0,selected,rich_Pooled_2016,rich_Pooled_2016_inner_2015,hist_classifier,Team1Win,True
diff__seed__top8,selection_committee_prior,0.0,1095,3,0.43428345637582016,0.4159028407875726,1.0,1.0,0.15440873041191217,0.5489993747642388,False,True,True,76.0,selected,rich_Pooled_2016,rich_Pooled_2016_inner_2015,hist_classifier,Team1Win,True
diff__rating__elo_mov_log_preseason,dynamic_ratings,0.0,1095,1095,0.4407062676632491,0.4106850008670808,1.0,1.0,0.1666736681705976,0.5474172325752897,False,True,True,100.0,selected,rich_Pooled_2016,rich_Pooled_2016_inner_2015,hist_classifier,Team1Win,True
diff__compact__home_margin_mean,compact_performance,0.012785388127853882,1081,1058,0.4291019293341076,0.41486294433255977,1.0,1.0,0.16054756761652061,0.5460919039782433,False,True,True,44.0,selected,rich_Pooled_2016,rich_Pooled_2016_inner_2015,hist_classifier,Team1Win,True
diff__compact__pythag_exp13p91,compact_performance,0.0,1095,1095,0.4124933090308663,0.40976025195919974,1.0,1.0,0.06930343163493835,0.544661311661809,False,True,True,45.0,selected,rich_Pooled_2016,rich_Pooled_2016_inner_2015,hist_classifier,Team1Win,True
diff__compact__wins,compact_performance,0.0,1095,35,0.4010724213938417,0.4162611652537803,1.0,1.0,0.09655617187737425,0.5441790451533648,False,True,True,46.0,selected,rich_Pooled_2016,rich_Pooled_2016_inner_2015,hist_classifier,Team1Win,True
matchup__team2_seed,matchup_context,0.0,1095,16,0.3853321165530371,0.423844609929689,1.0,1.0,0.106297245436204,0.5439665885904706,False,True,True,9.0,selected,rich_Pooled_2016,rich_Pooled_2016_inner_2015,hist_classifier,Team1Win,True
diff__detailed__all__fourfactoredge_mean,detailed_efficiency,0.0,1095,1095,0.41317211831247275,0.41109873754843257,1.0,1.0,0.11802543492750767,0.5435042426548913,False,True,True,117.0,selected,rich_Pooled_2016,rich_Pooled_2016_inner_2015,hist_classifier,Team1Win,True
diff__compact__margin_median,compact_performance,0.0,1095,91,0.38606540954390384,0.42504640301276414,1.0,1.0,0.1440022516549997,0.5431965734795856,False,True,True,47.0,selected,rich_Pooled_2016,rich_Pooled_2016_inner_2015,hist_classifier,Team1Win,True
diff__conference__strength_median,conference_context,0.0,1095,941,0.39615724461926327,0.4153304156689793,1.0,1.0,0.1028607519675998,0.5423987632586439,False,True,True,110.0,selected,rich_Pooled_2016,rich_Pooled_2016_inner_2015,hist_classifier,Team1Win,True
diff__schedule__elite_wins,schedule_and_accomplishment,0.0,1095,27,0.428549467643581,0.39959499359451045,1.0,1.0,0.1249778836585852,0.5410873644606093,False,True,True,85.0,selected,rich_Pooled_2016,rich_Pooled_2016_inner_2015,hist_classifier,Team1Win,True
diff__adj__off_rtg_a50p0,opponent_adjusted_efficiency,0.0,1095,1095,0.3988646542297935,0.4109847195331982,1.0,1.0,0.12986559384405816,0.5398282655527273,False,True,True,28.0,selected,rich_Pooled_2016,rich_Pooled_2016_inner_2015,hist_classifier,Team1Win,True
diff__schedule__owp,schedule_and_accomplishment,0.0,1095,1095,0.4130783834829923,0.40009613792531534,1.0,1.0,0.12502549794314166,0.537922370652684,False,True,True,86.0,selected,rich_Pooled_2016,rich_Pooled_2016_inner_2015,hist_classifier,Team1Win,True
diff__compact__blowout_win10_rate,compact_performance,0.0,1095,833,0.3887899942492894,0.40594279947394163,1.0,1.0,0.18372935863239587,0.5330371681370398,False,True,True,48.0,selected,rich_Pooled_2016,rich_Pooled_2016_inner_2015,hist_classifier,Team1Win,True
diff__compact__ewm_h20_margin,compact_performance,0.0,1095,1095,0.37419405744288525,0.3998627040554468,1.0,1.0,0.12469367790808578,0.5292690434677257,False,True,True,49.0,selected,rich_Pooled_2016,rich_Pooled_2016_inner_2015,hist_classifier,Team1Win,True
diff__compact__blowout_win20_rate,compact_performance,0.0,1095,869,0.41059423765517616,0.3812739770066258,1.0,1.0,0.14093968027564474,0.5277046540362933,False,True,True,50.0,selected,rich_Pooled_2016,rich_Pooled_2016_inner_2015,hist_classifier,Team1Win,True
diff__rating__elo_standard_preseason,dynamic_ratings,0.0,1095,1095,0.4154282584281893,0.38246486243753036,1.0,1.0,0.20619399750798162,0.526729590923897,False,True,True,101.0,selected,rich_Pooled_2016,rich_Pooled_2016_inner_2015,hist_classifier,Team1Win,True
diff__compact__win_pct,compact_performance,0.0,1095,819,0.366857803901002,0.39499094081992053,1.0,1.0,0.1470137549729031,0.5244238182528662,False,True,True,51.0,selected,rich_Pooled_2016,rich_Pooled_2016_inner_2015,hist_classifier,Team1Win,True
diff__compact__ewm_h10_margin,compact_performance,0.0,1095,1095,0.35737857281244106,0.3939156521842176,1.0,1.0,0.2079625997381674,0.5193842950776347,False,True,True,52.0,selected,rich_Pooled_2016,rich_Pooled_2016_inner_2015,hist_classifier,Team1Win,True
diff__detailed__clean__offrtg_median,detailed_efficiency,0.0,1095,1095,0.3471125428692119,0.39400590587488005,1.0,1.0,0.157728107289469,0.5191784699595903,False,True,True,118.0,selected,rich_Pooled_2016,rich_Pooled_2016_inner_2015,hist_classifier,Team1Win,True
diff__schedule__top_decile_games,schedule_and_accomplishment,0.0,1095,32,0.366767334506947,0.3878775374361052,1.0,1.0,0.1957839490404527,0.5190386735992406,False,True,True,87.0,selected,rich_Pooled_2016,rich_Pooled_2016_inner_2015,hist_classifier,Team1Win,True
diff__compact__margin_q25,compact_performance,0.0,1095,178,0.36826631699489565,0.38396491829656726,1.0,1.0,0.17361480000774276,0.5183771585209196,False,True,True,53.0,selected,rich_Pooled_2016,rich_Pooled_2016_inner_2015,hist_classifier,Team1Win,True
diff__detailed__ewm_h20__fourfactoredge,detailed_efficiency,0.0,1095,1095,0.35144698473869407,0.38860877765220414,1.0,1.0,0.14932840973923073,0.5178774135260015,False,True,True,119.0,selected,rich_Pooled_2016,rich_Pooled_2016_inner_2015,hist_classifier,Team1Win,True
diff__detailed__all__fourfactoredge_median,detailed_efficiency,0.0,1095,1095,0.3592852322401846,0.3818041395127418,1.0,1.0,0.1677330243311032,0.5155994170857124,False,True,True,120.0,selected,rich_Pooled_2016,rich_Pooled_2016_inner_2015,hist_classifier,Team1Win,True
diff__compact__margin_slope,compact_performance,0.0,1095,1094,-0.36387095897491173,0.3679947589404697,1.0,1.0,0.09930092963560122,0.512717058080482,False,True,True,54.0,selected,rich_Pooled_2016,rich_Pooled_2016_inner_2015,hist_classifier,Team1Win,True
diff__compact__half_pointsformean_first,compact_performance,0.0,1095,975,0.37985791865549834,0.3647078219364894,1.0,1.0,0.16710594098577203,0.5119442589942935,False,True,True,55.0,selected,rich_Pooled_2016,rich_Pooled_2016_inner_2015,hist_classifier,Team1Win,True
diff__compact__downside_tail_mean,compact_performance,0.0,1095,1033,-0.35832815900053044,0.3665214661177476,1.0,1.0,0.1146795999185789,0.5101753147198924,False,True,True,56.0,selected,rich_Pooled_2016,rich_Pooled_2016_inner_2015,hist_classifier,Team1Win,True
diff__compact__half_delta_marginmean,compact_performance,0.0,1095,1075,-0.35105792406371594,0.36526148049645835,1.0,1.0,0.06427880649958567,0.5099871016723341,False,True,True,57.0,selected,rich_Pooled_2016,rich_Pooled_2016_inner_2015,hist_classifier,Team1Win,True
diff__compact__margin_q10,compact_performance,0.0,1095,353,0.3438817358522567,0.3682997662521145,1.0,1.0,0.1742303194480479,0.5054686569105895,False,True,True,58.0,selected,rich_Pooled_2016,rich_Pooled_2016_inner_2015,hist_classifier,Team1Win,True
diff__compact__blowout_loss10_rate,compact_performance,0.0,1095,630,-0.32536547269953403,0.36292779089577837,1.0,1.0,0.13887612569557822,0.500230698596048,False,True,True,59.0,selected,rich_Pooled_2016,rich_Pooled_2016_inner_2015,hist_classifier,Team1Win,True
diff__schedule__bad_losses,schedule_and_accomplishment,0.0,1095,13,-0.3149036816726408,0.3509664885977757,1.0,1.0,0.0693223384450839,0.49496983095710995,False,True,True,88.0,selected,rich_Pooled_2016,rich_Pooled_2016_inner_2015,hist_classifier,Team1Win,True
diff__adj__def_rtg_a50p0,opponent_adjusted_efficiency,0.0,1095,1095,-0.3539984840296013,0.33215929917057546,1.0,1.0,0.1571516291974963,0.4910300649204886,False,True,True,29.0,selected,rich_Pooled_2016,rich_Pooled_2016_inner_2015,hist_classifier,Team1Win,True
diff__compact__away_games,compact_performance,0.0,1095,19,-0.3362819271109753,0.3280893574623933,1.0,1.0,0.0710721973502953,0.48862202765235146,False,True,True,60.0,selected,rich_Pooled_2016,rich_Pooled_2016_inner_2015,hist_classifier,Team1Win,True
diff__compact__away_margin_mean,compact_performance,0.0,1095,1042,0.32676634367325225,0.32555173678371124,1.0,1.0,0.17029697272504962,0.48134155035529486,False,True,True,61.0,selected,rich_Pooled_2016,rich_Pooled_2016_inner_2015,hist_classifier,Team1Win,True
diff__conference__team_count,conference_context,0.0,1095,17,0.22092321806134435,0.22843596288371326,1.0,1.0,0.08826268587052855,0.414721862722857,False,True,True,111.0,selected,rich_Pooled_2016,rich_Pooled_2016_inner_2015,hist_classifier,Team1Win,True
diff__rating__elo_mov_log_delta,dynamic_ratings,0.0,1095,1095,0.2013306082005414,0.22425613401135552,1.0,1.0,0.1024037654147898,0.4078395275129782,False,True,True,102.0,selected,rich_Pooled_2016,rich_Pooled_2016_inner_2015,hist_classifier,Team1Win,True
diff__rating__elo_standard_delta,dynamic_ratings,0.0,1095,1095,0.22531058228566703,0.2139781786793908,1.0,1.0,0.1386916824167385,0.40673018657228477,False,True,True,103.0,selected,rich_Pooled_2016,rich_Pooled_2016_inner_2015,hist_classifier,Team1Win,True
diff__conference__strength_std,conference_context,0.0,1095,941,0.21092823146795925,0.21051040684984215,0.7647058823529411,1.0,0.19830812897522526,0.36186982222833686,False,True,True,112.0,selected,rich_Pooled_2016,rich_Pooled_2016_inner_2015,hist_classifier,Team1Win,True
diff__schedule__opponent_strength_std,schedule_and_accomplishment,0.0,1095,1095,0.20222917177146113,0.2037306455904915,0.7647058823529411,1.0,0.14711176219089445,0.3587495983619921,False,True,True,89.0,selected,rich_Pooled_2016,rich_Pooled_2016_inner_2015,hist_classifier,Team1Win,True
diff__conference__tourney_last_day,conference_context,0.019178082191780823,1074,18,0.09312792275307345,0.2696596266276231,0.5294117647058824,1.0,0.31220365491095836,0.3206082533680957,False,True,True,113.0,selected,rich_Pooled_2016,rich_Pooled_2016_inner_2015,hist_classifier,Team1Win,True
diff__seed__playin,selection_committee_prior,0.0,1095,3,-0.07810306504069588,0.11468185313135519,0.8333333333333334,1.0,0.1341246360271594,0.30019831170425054,False,True,True,77.0,selected,rich_Pooled_2016,rich_Pooled_2016_inner_2015,hist_classifier,Team1Win,True
absdiff__conference__strength_std,conference_context,0.0,1095,844,0.11358056850307624,0.11744891527196656,0.6470588235294118,1.0,0.135285022455609,0.2794812152677023,False,True,True,114.0,selected,rich_Pooled_2016,rich_Pooled_2016_inner_2015,hist_classifier,Team1Win,True
seedprior__favorite_seed_games,prequential_seed_priors,0.0,1095,118,0.027387414820389835,0.06995876368789308,0.7647058823529411,1.0,0.07403847813263069,0.2589968398818398,False,True,True,69.0,selected,rich_Pooled_2016,rich_Pooled_2016_inner_2015,hist_classifier,Team1Win,True
diff__conference__tourney_champion,conference_context,0.019178082191780823,1074,3,-0.13348090109473384,0.1100894397784508,0.5294117647058824,1.0,0.18237338063257544,0.25808542988679356,False,True,True,115.0,selected,rich_Pooled_2016,rich_Pooled_2016_inner_2015,hist_classifier,Team1Win,True
absdiff__schedule__opponent_strength_median,schedule_and_accomplishment,0.0,1095,1084,-0.011656809411214256,0.14992839120116602,0.5294117647058824,1.0,0.1401014068992618,0.25363195192399746,False,True,True,90.0,selected,rich_Pooled_2016,rich_Pooled_2016_inner_2015,hist_classifier,Team1Win,True
absdiff__schedule__elite_wins,schedule_and_accomplishment,0.0,1095,16,0.05535669378499809,0.06792826216160186,0.625,1.0,0.08147168966992302,0.24152517088347158,False,True,True,91.0,selected,rich_Pooled_2016,rich_Pooled_2016_inner_2015,hist_classifier,Team1Win,True
diff__conference__tourney_win_pct,conference_context,0.019178082191780823,1074,17,-0.07477380803896895,0.08129633638134852,0.5294117647058824,1.0,0.0992388394856461,0.23467456142979332,False,True,True,116.0,selected,rich_Pooled_2016,rich_Pooled_2016_inner_2015,hist_classifier,Team1Win,True
absdiff__schedule__opponent_strength_mean,schedule_and_accomplishment,0.0,1095,1095,-0.009777516350865068,0.13904786494776075,0.4117647058823529,1.0,0.2360196732274794,0.22533559478419277,False,True,True,92.0,selected,rich_Pooled_2016,rich_Pooled_2016_inner_2015,hist_classifier,Team1Win,True
absdiff__schedule__oowp,schedule_and_accomplishment,0.0,1095,1095,-0.02277970611896464,0.12073347952804293,0.4117647058823529,1.0,0.18517572953577524,0.2214389292793783,False,True,True,93.0,selected,rich_Pooled_2016,rich_Pooled_2016_inner_2015,hist_classifier,Team1Win,True
absdiff__schedule__quality_wins,schedule_and_accomplishment,0.0,1095,23,-0.015533587300693477,0.1082402987371686,0.4117647058823529,1.0,0.1373980399094633,0.21575916394479142,False,True,True,94.0,selected,rich_Pooled_2016,rich_Pooled_2016_inner_2015,hist_classifier,Team1Win,True
absdiff__schedule__top_quartile_games,schedule_and_accomplishment,0.0,1095,25,-0.034654636954599485,0.13964921409452252,0.29411764705882354,1.0,0.17063042034800602,0.21488924961087424,False,True,True,95.0,selected,rich_Pooled_2016,rich_Pooled_2016_inner_2015,hist_classifier,Team1Win,True
matchup__seed_gap_abs,matchup_context,0.0,1095,15,-0.020646339740103187,0.08217425973231346,0.4117647058823529,1.0,0.09060916691734947,0.20624382567881566,False,True,True,10.0,selected,rich_Pooled_2016,rich_Pooled_2016_inner_2015,hist_classifier,Team1Win,True
absdiff__adj__off_rtg_a50p0,opponent_adjusted_efficiency,0.0,1095,1095,0.06981466765854219,0.09286124438181113,0.29411764705882354,1.0,0.1601703752413243,0.2005846327079074,False,True,True,30.0,selected,rich_Pooled_2016,rich_Pooled_2016_inner_2015,hist_classifier,Team1Win,True
absdiff__rating__elo_season_reset_mov,dynamic_ratings,0.0,1095,1095,0.04721355385772283,0.0966635035488291,0.29411764705882354,1.0,0.17226079479909764,0.19695385528958484,False,True,True,104.0,selected,rich_Pooled_2016,rich_Pooled_2016_inner_2015,hist_classifier,Team1Win,True
absdiff__rating__elo_mov_538_delta,dynamic_ratings,0.0,1095,1095,0.011631501570084196,0.06101061422936019,0.4117647058823529,1.0,0.06225083214216391,0.19523634483100133,False,True,True,105.0,selected,rich_Pooled_2016,rich_Pooled_2016_inner_2015,hist_classifier,Team1Win,True
seedprior__pooled_pair_games,prequential_seed_priors,0.03561643835616438,1056,107,-0.03233758380040559,0.08727958215666161,0.29411764705882354,1.0,0.16386738829244699,0.18666328080050754,False,True,True,70.0,selected,rich_Pooled_2016,rich_Pooled_2016_inner_2015,hist_classifier,Team1Win,True
absdiff__adj__net_rtg_a50p0,opponent_adjusted_efficiency,0.0,1095,1095,0.08734619582099021,0.09865204444880439,0.17647058823529413,1.0,0.20889998532097165,0.18644843912085213,False,True,True,31.0,selected,rich_Pooled_2016,rich_Pooled_2016_inner_2015,hist_classifier,Team1Win,True
absdiff__adj__net_rtg_a50p0_z,opponent_adjusted_efficiency,0.0,1095,1095,0.08044089181296829,0.09865204406395867,0.17647058823529413,1.0,0.20889995738186634,0.1849292731719256,False,True,True,32.0,selected,rich_Pooled_2016,rich_Pooled_2016_inner_2015,hist_classifier,Team1Win,True
absdiff__adj__def_rtg_a10p0,opponent_adjusted_efficiency,0.0,1095,1095,0.05135955757291987,0.10756718245361761,0.17647058823529413,1.0,0.16001067823507292,0.18476621723202297,False,True,True,33.0,selected,rich_Pooled_2016,rich_Pooled_2016_inner_2015,hist_classifier,Team1Win,True
absdiff__adj__def_rtg_a50p0,opponent_adjusted_efficiency,0.0,1095,1095,0.04175031956651118,0.11149811474960582,0.17647058823529413,1.0,0.1824619392438441,0.18364098193233655,False,True,True,34.0,selected,rich_Pooled_2016,rich_Pooled_2016_inner_2015,hist_classifier,Team1Win,True
seedprior__effective_games_pc2p0,prequential_seed_priors,0.0,1095,285,0.006839783219135813,0.07915751283528108,0.29411764705882354,1.0,0.12341014036762042,0.18162277638385174,False,True,True,71.0,selected,rich_Pooled_2016,rich_Pooled_2016_inner_2015,hist_classifier,Team1Win,True
seedprior__exact_pair_games,prequential_seed_priors,0.0,1095,79,-0.05811488146771221,0.08967628027452426,0.17647058823529413,1.0,0.13442826803347363,0.17868805185097644,False,True,True,72.0,selected,rich_Pooled_2016,rich_Pooled_2016_inner_2015,hist_classifier,Team1Win,True
absdiff__adj__off_rtg_a10p0,opponent_adjusted_efficiency,0.0,1095,1095,0.05579813227026144,0.08570215995882001,0.17647058823529413,1.0,0.11306463570802383,0.17712533456901722,False,True,True,35.0,selected,rich_Pooled_2016,rich_Pooled_2016_inner_2015,hist_classifier,Team1Win,True
absdiff__rating__elo_standard_delta,dynamic_ratings,0.0,1095,1095,0.034253786592041334,0.05602454730219447,0.29411764705882354,1.0,0.1178085880670511,0.17677409576203215,False,True,True,106.0,selected,rich_Pooled_2016,rich_Pooled_2016_inner_2015,hist_classifier,Team1Win,True
absdiff__adj__net_rtg_a10p0,opponent_adjusted_efficiency,0.0,1095,1095,0.07138302504657051,0.10194546011435883,0.058823529411764705,1.0,0.24022217711907917,0.16444096398625693,False,True,True,36.0,selected,rich_Pooled_2016,rich_Pooled_2016_inner_2015,hist_classifier,Team1Win,True
absdiff__adj__net_rtg_a10p0_z,opponent_adjusted_efficiency,0.0,1095,1095,0.06163732738419643,0.10194545369372879,0.058823529411764705,1.0,0.240222181800969,0.16229690723135662,False,True,True,37.0,selected,rich_Pooled_2016,rich_Pooled_2016_inner_2015,hist_classifier,Team1Win,True
seedprior__favorite_prob_pc8p0,prequential_seed_priors,0.0,1095,436,0.003068995917653898,0.07952283478456328,0.17647058823529413,1.0,0.15251210785271685,0.16098094960201262,False,True,True,73.0,selected,rich_Pooled_2016,rich_Pooled_2016_inner_2015,hist_classifier,Team1Win,True
seedprior__generic_gender_games,prequential_seed_priors,0.0,1095,18,-0.01925793305283097,0.1111111111111111,0.058823529411764705,1.0,0.2074137255532284,0.15868529428870934,False,True,True,74.0,selected,rich_Pooled_2016,rich_Pooled_2016_inner_2015,hist_classifier,Team1Win,True
matchup__equal_seed,matchup_context,0.0,1095,2,0.0012422545081285125,0.1111111111111111,0.058823529411764705,1.0,0.2074137255532284,0.15472184500887481,False,True,True,11.0,selected,rich_Pooled_2016,rich_Pooled_2016_inner_2015,hist_classifier,Team1Win,True
context__season_centered_2000,matchup_context,0.0,1095,12,0.04125187848475096,0.0,0.0,1.0,0.0,0.10907541326664522,False,True,True,12.0,selected,rich_Pooled_2016,rich_Pooled_2016_inner_2015,hist_classifier,Team1Win,True
matchup__seed_diff,matchup_context,0.0,1225,29,-0.5379756262612206,0.5423247031035874,1.0,1.0,0.16568737375827525,0.6320430003168594,True,True,True,1.0,selected,rich_Pooled_2016,,hist_classifier,Team1Win,True
diff__adj__net_rtg_a50p0,opponent_adjusted_efficiency,0.0,1225,1225,0.47808801320813293,0.49438928076267047,1.0,1.0,0.13097426300797654,0.597247247151552,True,True,True,5.0,selected,rich_Pooled_2016,,hist_classifier,Team1Win,True
diff__norm__rating__elo_mov_538__pct,within_season_normalization,0.0,1225,838,0.47911047042392646,0.48745253499659613,1.0,1.0,0.07700512970440632,0.5963013151034537,True,True,True,2.0,selected,rich_Pooled_2016,,hist_classifier,Team1Win,True
diff__compact__margin_trim02,compact_performance,0.0,1225,1203,0.45408036628725973,0.4722482304353682,1.0,1.0,0.13601674850727724,0.5811361612518827,True,True,True,3.0,selected,rich_Pooled_2016,,hist_classifier,Team1Win,True
diff__norm__schedule__opponent_strength_mean__pct,within_season_normalization,0.0,1225,1037,0.45298714513336064,0.45576520109696245,1.0,1.0,0.13499047960992216,0.5730248492714844,True,True,True,4.0,selected,rich_Pooled_2016,,hist_classifier,Team1Win,True
context__women,matchup_context,0.0,1225,2,0.055981738713713015,0.0,0.0,1.0,0.0,0.11231598251701687,True,True,True,6.0,selected,rich_Pooled_2016,,hist_classifier,Team1Win,True
diff__rating__margin_ridge_a5p0_z,global_strength_ratings,0.0,1225,1225,0.5553473352667629,0.5497039981912916,1.0,1.0,0.12005028061884981,0.6412323216657538,False,True,True,61.0,selected,rich_Pooled_2016,,hist_classifier,Team1Win,True
seedprior__team1_prob_pc2p0,prequential_seed_priors,0.0,1225,704,0.5451695602579438,0.55440379125372,1.0,1.0,0.17905305145853412,0.6388890010001919,False,True,True,67.0,selected,rich_Pooled_2016,,hist_classifier,Team1Win,True
diff__adj__net_rtg_a10p0_z,opponent_adjusted_efficiency,0.0,1225,1225,0.5374203270880493,0.5314743596619689,1.0,1.0,0.13362187792935176,0.6279952894799419,False,True,True,13.0,selected,rich_Pooled_2016,,hist_classifier,Team1Win,True
diff__schedule__quality_wins,schedule_and_accomplishment,0.0,1225,44,0.5161624282830004,0.5375014606968486,1.0,1.0,0.1377766872975515,0.6260453678648453,False,True,True,78.0,selected,rich_Pooled_2016,,hist_classifier,Team1Win,True
diff__norm__rating__elo_mov_538__z,within_season_normalization,0.0,1225,1225,0.5284565520675104,0.5318851991647321,1.0,1.0,0.13937729909022112,0.6259902450903149,False,True,True,28.0,selected,rich_Pooled_2016,,hist_classifier,Team1Win,True
diff__norm__rating__colley__z,within_season_normalization,0.0,1225,1225,0.5278430370486565,0.5217498121693354,1.0,1.0,0.12948157173209507,0.6213861151227016,False,True,True,29.0,selected,rich_Pooled_2016,,hist_classifier,Team1Win,True
diff__norm__schedule__quality_win_points_sum__z,within_season_normalization,0.0,1225,1225,0.5307526782782908,0.516916785130249,1.0,1.0,0.10518086509208469,0.62067841148006,False,True,True,30.0,selected,rich_Pooled_2016,,hist_classifier,Team1Win,True
diff__norm__rating__bt_c1p0__z,within_season_normalization,0.0,1225,1225,0.5185143306976854,0.516663180699118,1.0,1.0,0.13685575036701275,0.6165972494743869,False,True,True,31.0,selected,rich_Pooled_2016,,hist_classifier,Team1Win,True
diff__norm__schedule__rpi__z,within_season_normalization,0.0,1225,1225,0.5109802304917967,0.5075174285967676,1.0,1.0,0.09265048153117489,0.6123179971733967,False,True,True,32.0,selected,rich_Pooled_2016,,hist_classifier,Team1Win,True
diff__compact__half_marginmean_first,compact_performance,0.0,1225,1106,0.5069620725767002,0.5105525542487425,1.0,1.0,0.1251595708032457,0.6115904991741405,False,True,True,38.0,selected,rich_Pooled_2016,,hist_classifier,Team1Win,True
diff__rating__margin_ridge_a5p0_percentile,global_strength_ratings,0.0,1225,879,0.48840671731105123,0.5089457320097485,1.0,1.0,0.07144093793649481,0.6088857916556507,False,True,True,62.0,selected,rich_Pooled_2016,,hist_classifier,Team1Win,True
diff__rating__bt_c0p25_z,global_strength_ratings,0.0,1225,1225,0.48595676394996523,0.5126175180473608,1.0,1.0,0.15817885575190016,0.6066397425016494,False,True,True,63.0,selected,rich_Pooled_2016,,hist_classifier,Team1Win,True
diff__rating__elo_standard_z,dynamic_ratings,0.0,1225,1225,0.5020119532986476,0.4988186997014203,1.0,1.0,0.1559009398243908,0.6036395679894085,False,True,True,96.0,selected,rich_Pooled_2016,,hist_classifier,Team1Win,True
diff__norm__rating__colley__pct,within_season_normalization,0.0,1225,845,0.4817436476699697,0.49341515333698777,1.0,1.0,0.06945281757765376,0.6000447633860413,False,True,True,33.0,selected,rich_Pooled_2016,,hist_classifier,Team1Win,True
matchup__team1_seed,matchup_context,0.0,1225,16,-0.47921848871718575,0.495839556277986,1.0,1.0,0.1408573828250726,0.5977967592182113,False,True,True,7.0,selected,rich_Pooled_2016,,hist_classifier,Team1Win,True
diff__norm__schedule__rpi__pct,within_season_normalization,0.0,1225,857,0.4762915207724506,0.48900403094468914,1.0,1.0,0.050453757758029294,0.5974879191130688,False,True,True,34.0,selected,rich_Pooled_2016,,hist_classifier,Team1Win,True
diff__norm__rating__pagerank_margin__pct,within_season_normalization,0.0,1225,938,0.480438108970958,0.4887059924418194,1.0,1.0,0.10635050061088736,0.5960212403212485,False,True,True,35.0,selected,rich_Pooled_2016,,hist_classifier,Team1Win,True
diff__adj__net_rtg_a10p0_percentile,opponent_adjusted_efficiency,0.0,1225,842,0.4746897164754539,0.48277303661650994,1.0,1.0,0.08616950365269271,0.592716015054417,False,True,True,14.0,selected,rich_Pooled_2016,,hist_classifier,Team1Win,True
diff__rating__elo_season_reset_mov_z,dynamic_ratings,0.0,1225,1225,0.4729698715302638,0.4853733619487982,1.0,1.0,0.13685470619055878,0.5915583972244588,False,True,True,97.0,selected,rich_Pooled_2016,,hist_classifier,Team1Win,True
diff__rating__pagerank_binary_z,global_strength_ratings,0.0,1225,1225,0.46625729260944543,0.48522374636020593,1.0,1.0,0.12128226837942968,0.5906327118917996,False,True,True,64.0,selected,rich_Pooled_2016,,hist_classifier,Team1Win,True
diff__schedule__bad_loss_penalty_sum,schedule_and_accomplishment,0.0,1225,1224,-0.45518641741159627,0.48178456824682075,1.0,1.0,0.08054747571430443,0.588175705560453,False,True,True,79.0,selected,rich_Pooled_2016,,hist_classifier,Team1Win,True
diff__conference__strength_max,conference_context,0.0,1225,1051,0.4380835606531258,0.4907600631948379,1.0,1.0,0.12527248909537214,0.586932314113395,False,True,True,107.0,selected,rich_Pooled_2016,,hist_classifier,Team1Win,True
diff__norm__schedule__quality_win_points_sum__pct,within_season_normalization,0.0,1225,867,0.47659068559411205,0.4650498515167104,1.0,1.0,0.08642931222653344,0.5846167070696643,False,True,True,36.0,selected,rich_Pooled_2016,,hist_classifier,Team1Win,True
diff__norm__rating__pagerank_margin__z,within_season_normalization,0.0,1225,1225,0.46798610053695167,0.47030980554689683,1.0,1.0,0.13693546529358774,0.5832282301688962,False,True,True,37.0,selected,rich_Pooled_2016,,hist_classifier,Team1Win,True
diff__seed__top4,selection_committee_prior,0.0,1225,3,0.4755696493426976,0.4645591192666872,1.0,1.0,0.12756963060569104,0.5825109148791756,False,True,True,75.0,selected,rich_Pooled_2016,,hist_classifier,Team1Win,True
diff__schedule__oowp,schedule_and_accomplishment,0.0,1225,1225,0.47898860249090186,0.4601636664136614,1.0,1.0,0.15178408997237797,0.5801846888276607,False,True,True,80.0,selected,rich_Pooled_2016,,hist_classifier,Team1Win,True
diff__rating__pagerank_binary,global_strength_ratings,0.0,1225,1225,0.4084338181107624,0.48522374535508267,1.0,1.0,0.12128227155764526,0.5779115468925016,False,True,True,65.0,selected,rich_Pooled_2016,,hist_classifier,Team1Win,True
diff__rating__elo_standard_percentile,dynamic_ratings,0.0,1225,840,0.45360044444229475,0.45455257678434535,1.0,1.0,0.07060765767250188,0.5751530283268904,False,True,True,98.0,selected,rich_Pooled_2016,,hist_classifier,Team1Win,True
matchup__team1_is_seed_favorite,matchup_context,0.0,1225,2,0.46487123529112573,0.4584002243523897,1.0,1.0,0.18684200443919752,0.5748300992756268,False,True,True,8.0,selected,rich_Pooled_2016,,hist_classifier,Team1Win,True
diff__compact__home_margin_mean,compact_performance,0.011428571428571429,1211,1173,0.43960691170460864,0.46873807600819595,1.0,1.0,0.1545227054488354,0.5746126031267088,False,True,True,39.0,selected,rich_Pooled_2016,,hist_classifier,Team1Win,True
diff__compact__margin_q90,compact_performance,0.0,1225,424,0.44760409894643366,0.46334301680462964,1.0,1.0,0.19234621741889413,0.5731837011376819,False,True,True,40.0,selected,rich_Pooled_2016,,hist_classifier,Team1Win,True
diff__rating__bt_c0p25_percentile,global_strength_ratings,0.0,1225,863,0.4468569575225742,0.45465038013858666,1.0,1.0,0.08570729621528678,0.5731124212728764,False,True,True,66.0,selected,rich_Pooled_2016,,hist_classifier,Team1Win,True
diff__compact__margin_q75,compact_performance,0.0,1225,184,0.4288661078207426,0.467041532029989,1.0,1.0,0.16102222063588423,0.5720895902695227,False,True,True,41.0,selected,rich_Pooled_2016,,hist_classifier,Team1Win,True
diff__compact__pythag_exp8p0,compact_performance,0.0,1225,1225,0.44268679055356863,0.4531885671046634,1.0,1.0,0.08962838225075925,0.5713364708419931,False,True,True,42.0,selected,rich_Pooled_2016,,hist_classifier,Team1Win,True
diff__conference__strength_percentile,conference_context,0.0,1225,118,0.44025982452824614,0.45405613577692755,1.0,1.0,0.13774203521822015,0.5692944251604106,False,True,True,108.0,selected,rich_Pooled_2016,,hist_classifier,Team1Win,True
diff__adj__off_rtg_a10p0,opponent_adjusted_efficiency,0.0,1225,1225,0.4606198517462187,0.4435952317816446,1.0,1.0,0.14895195632814417,0.5683040003862317,False,True,True,15.0,selected,rich_Pooled_2016,,hist_classifier,Team1Win,True
diff__adj__net_rtg_a50p0_percentile,opponent_adjusted_efficiency,0.0,1225,848,0.430858452268845,0.44448217302800735,1.0,1.0,0.08626961120407572,0.5646895181044264,False,True,True,16.0,selected,rich_Pooled_2016,,hist_classifier,Team1Win,True
diff__schedule__opponent_strength_median,schedule_and_accomplishment,0.0,1225,1216,0.4290271227741704,0.4471807598932178,1.0,1.0,0.15142622425466223,0.5629756827888756,False,True,True,81.0,selected,rich_Pooled_2016,,hist_classifier,Team1Win,True
diff__rating__elo_season_reset_mov_percentile,dynamic_ratings,0.0,1225,836,0.4239613203810187,0.44035555164566736,1.0,1.0,0.08216994183358084,0.5613553576004011,False,True,True,99.0,selected,rich_Pooled_2016,,hist_classifier,Team1Win,True
diff__seed__top8,selection_committee_prior,0.0,1225,3,0.4428871073222436,0.43457051971942107,1.0,1.0,0.147966496262466,0.560110353225717,False,True,True,76.0,selected,rich_Pooled_2016,,hist_classifier,Team1Win,True
diff__detailed__all__fourfactoredge_mean,detailed_efficiency,0.0,1225,1225,0.42321445373657723,0.4413888237397839,1.0,1.0,0.12368705915871425,0.5600263328507947,False,True,True,117.0,selected,rich_Pooled_2016,,hist_classifier,Team1Win,True
diff__schedule__opponent_strength_pct_mean,schedule_and_accomplishment,0.0,1225,1225,0.4487277757379654,0.4277455656141968,1.0,1.0,0.13405908443814601,0.558675618779641,False,True,True,82.0,selected,rich_Pooled_2016,,hist_classifier,Team1Win,True
diff__conference__strength_mean,conference_context,0.0,1225,1051,0.4272031072055209,0.43574707725451367,1.0,1.0,0.11985897249069577,0.5583489217677533,False,True,True,109.0,selected,rich_Pooled_2016,,hist_classifier,Team1Win,True
diff__schedule__top_quartile_games,schedule_and_accomplishment,0.0,1225,46,0.45091228556294427,0.4259002540230172,1.0,1.0,0.15000074122109242,0.5576327951060522,False,True,True,83.0,selected,rich_Pooled_2016,,hist_classifier,Team1Win,True
diff__rating__elo_mov_log_preseason,dynamic_ratings,0.0,1225,1225,0.45328910481099166,0.42560434252792234,1.0,1.0,0.17427725456547272,0.557042597289202,False,True,True,100.0,selected,rich_Pooled_2016,,hist_classifier,Team1Win,True
diff__adj__def_rtg_a10p0,opponent_adjusted_efficiency,0.0,1225,1225,-0.4326328708434864,0.43026498005435715,1.0,1.0,0.17032366354061573,0.5548934754700338,False,True,True,17.0,selected,rich_Pooled_2016,,hist_classifier,Team1Win,True
diff__compact__blowout_win20_rate,compact_performance,0.0,1225,943,0.4174010772711718,0.43422063152719814,1.0,1.0,0.1531803723094443,0.5541269252403351,False,True,True,43.0,selected,rich_Pooled_2016,,hist_classifier,Team1Win,True
diff__compact__half_winpct_first,compact_performance,0.0,1225,397,0.4208533967744678,0.4281268509439524,1.0,1.0,0.1087071938494012,0.5537403479895041,False,True,True,44.0,selected,rich_Pooled_2016,,hist_classifier,Team1Win,True
diff__schedule__opponent_strength_mean,schedule_and_accomplishment,0.0,1225,1225,0.45072923316975794,0.4179638926268156,1.0,1.0,0.15651818868737916,0.5535223722107231,False,True,True,84.0,selected,rich_Pooled_2016,,hist_classifier,Team1Win,True
diff__compact__pythag_exp13p91,compact_performance,0.0,1225,1225,0.41571168477741827,0.42025748109580785,1.0,1.0,0.06559943737268048,0.5505561840821126,False,True,True,45.0,selected,rich_Pooled_2016,,hist_classifier,Team1Win,True
diff__compact__wins,compact_performance,0.0,1225,36,0.4027701463421093,0.4205175455441982,1.0,1.0,0.09001982236822675,0.5468570611617501,False,True,True,46.0,selected,rich_Pooled_2016,,hist_classifier,Team1Win,True
diff__adj__off_rtg_a50p0,opponent_adjusted_efficiency,0.0,1225,1225,0.41048807023532013,0.416951361470735,1.0,1.0,0.13028979875019853,0.5452324370077153,False,True,True,18.0,selected,rich_Pooled_2016,,hist_classifier,Team1Win,True
diff__schedule__owp,schedule_and_accomplishment,0.0,1225,1225,0.42189828739285995,0.4107524225696438,1.0,1.0,0.12497342610417217,0.5449798490156913,False,True,True,85.0,selected,rich_Pooled_2016,,hist_classifier,Team1Win,True
diff__rating__elo_standard_preseason,dynamic_ratings,0.0,1225,1225,0.42788692419345503,0.41125204034326074,1.0,1.0,0.2036673667601797,0.543389408016918,False,True,True,101.0,selected,rich_Pooled_2016,,hist_classifier,Team1Win,True
matchup__team2_seed,matchup_context,0.0,1225,16,0.38515415199407965,0.423844609929689,1.0,1.0,0.12986893488758905,0.5429845688094447,False,True,True,9.0,selected,rich_Pooled_2016,,hist_classifier,Team1Win,True
diff__compact__margin_median,compact_performance,0.0,1225,96,0.3866685493246027,0.4231078379969995,1.0,1.0,0.1307774183967647,0.5429277463541017,False,True,True,47.0,selected,rich_Pooled_2016,,hist_classifier,Team1Win,True
diff__schedule__elite_wins,schedule_and_accomplishment,0.0,1225,27,0.43235951635260284,0.39959499359451045,1.0,1.0,0.12909647560766657,0.5417608314986309,False,True,True,86.0,selected,rich_Pooled_2016,,hist_classifier,Team1Win,True
diff__compact__blowout_win10_rate,compact_performance,0.0,1225,912,0.40060258182820496,0.4154346658484065,1.0,1.0,0.16731366253359026,0.5408486611080966,False,True,True,48.0,selected,rich_Pooled_2016,,hist_classifier,Team1Win,True
diff__conference__strength_median,conference_context,0.0,1225,1051,0.39236907066041726,0.4153304156689793,1.0,1.0,0.12227288237523148,0.5407888797713926,False,True,True,110.0,selected,rich_Pooled_2016,,hist_classifier,Team1Win,True
diff__compact__ewm_h20_margin,compact_performance,0.0,1225,1225,0.38855972242422665,0.4065317492633987,1.0,1.0,0.13026170842284146,0.5354079102428476,False,True,True,49.0,selected,rich_Pooled_2016,,hist_classifier,Team1Win,True
diff__compact__win_pct,compact_performance,0.0,1225,890,0.3679390435605576,0.39499094081992053,1.0,1.0,0.13867187277768567,0.5249953662657771,False,True,True,50.0,selected,rich_Pooled_2016,,hist_classifier,Team1Win,True
diff__compact__ewm_h10_margin,compact_performance,0.0,1225,1225,0.3686565731303403,0.3980841619510667,1.0,1.0,0.18280184837497204,0.5248727698901879,False,True,True,51.0,selected,rich_Pooled_2016,,hist_classifier,Team1Win,True
diff__detailed__ewm_h20__fourfactoredge,detailed_efficiency,0.0,1225,1225,0.36968343002285775,0.390715957419652,1.0,1.0,0.16442873423884535,0.5222968647969078,False,True,True,118.0,selected,rich_Pooled_2016,,hist_classifier,Team1Win,True
diff__detailed__clean__offrtg_median,detailed_efficiency,0.0,1225,1225,0.3567552416834557,0.39400590587488005,1.0,1.0,0.1592025724564824,0.5212408850920434,False,True,True,119.0,selected,rich_Pooled_2016,,hist_classifier,Team1Win,True
diff__compact__margin_q25,compact_performance,0.0,1225,187,0.3741176758678286,0.38396491829656726,1.0,1.0,0.16638463965222172,0.5199536638871857,False,True,True,52.0,selected,rich_Pooled_2016,,hist_classifier,Team1Win,True
diff__detailed__all__fourfactorcomposite_mean,detailed_efficiency,0.0,1225,1225,0.3746498646897484,0.3842835304908904,1.0,1.0,0.17640032169044095,0.5198230519997544,False,True,True,120.0,selected,rich_Pooled_2016,,hist_classifier,Team1Win,True
diff__schedule__top_decile_games,schedule_and_accomplishment,0.0,1225,32,0.3645437462441277,0.3878775374361052,1.0,1.0,0.19882166766563403,0.5184279754364133,False,True,True,87.0,selected,rich_Pooled_2016,,hist_classifier,Team1Win,True
diff__compact__margin_slope,compact_performance,0.0,1225,1224,-0.36026152603693423,0.3679947589404697,1.0,1.0,0.08156063495507332,0.512632594621348,False,True,True,53.0,selected,rich_Pooled_2016,,hist_classifier,Team1Win,True
diff__compact__half_pointsformean_first,compact_performance,0.0,1225,1075,0.38855442571127,0.3647078219364894,1.0,1.0,0.21211792612645974,0.5120570111409359,False,True,True,54.0,selected,rich_Pooled_2016,,hist_classifier,Team1Win,True
diff__compact__downside_tail_mean,compact_performance,0.0,1225,1144,-0.36116997082838287,0.3665214661177476,1.0,1.0,0.09858603062067567,0.5114442560939361,False,True,True,55.0,selected,rich_Pooled_2016,,hist_classifier,Team1Win,True
diff__compact__margin_q10,compact_performance,0.0,1225,370,0.34863866602847304,0.3682997662521145,1.0,1.0,0.15784961902178574,0.5071704095664076,False,True,True,56.0,selected,rich_Pooled_2016,,hist_classifier,Team1Win,True
diff__compact__away_margin_mean,compact_performance,0.0,1225,1152,0.332940638016131,0.3732951340271415,1.0,1.0,0.16922181931948405,0.5056597319237973,False,True,True,57.0,selected,rich_Pooled_2016,,hist_classifier,Team1Win,True
diff__compact__half_delta_marginmean,compact_performance,0.0,1225,1200,-0.3441619834721105,0.35780797463347214,1.0,1.0,0.0709986245076426,0.5046235192076252,False,True,True,58.0,selected,rich_Pooled_2016,,hist_classifier,Team1Win,True
diff__adj__def_rtg_a50p0,opponent_adjusted_efficiency,0.0,1225,1225,-0.35567009744222944,0.33215929917057546,1.0,1.0,0.13558169585762503,0.4922606172048617,False,True,True,19.0,selected,rich_Pooled_2016,,hist_classifier,Team1Win,True
diff__compact__away_games,compact_performance,0.0,1225,20,-0.342456212895249,0.330987271205369,1.0,1.0,0.07496914907503172,0.49121549105253065,False,True,True,59.0,selected,rich_Pooled_2016,,hist_classifier,Team1Win,True
diff__schedule__bad_losses,schedule_and_accomplishment,0.0,1225,14,-0.3040955308644337,0.3462455178915885,1.0,1.0,0.08891044358359285,0.48954244763479415,False,True,True,88.0,selected,rich_Pooled_2016,,hist_classifier,Team1Win,True
diff__compact__ewm_h20_win,compact_performance,0.0,1225,1225,0.32266945355016974,0.3381356892327134,1.0,1.0,0.1395507249868056,0.4877103816132675,False,True,True,60.0,selected,rich_Pooled_2016,,hist_classifier,Team1Win,True
diff__conference__team_count,conference_context,0.0,1225,17,0.23544157976274893,0.237376371278713,1.0,1.0,0.1316055930598269,0.42047358203919394,False,True,True,111.0,selected,rich_Pooled_2016,,hist_classifier,Team1Win,True
diff__rating__elo_mov_log_delta,dynamic_ratings,0.0,1225,1225,0.19707916907416176,0.22425613401135552,1.0,1.0,0.1155064781751276,0.40638010239476113,False,True,True,102.0,selected,rich_Pooled_2016,,hist_classifier,Team1Win,True
diff__rating__elo_standard_delta,dynamic_ratings,0.0,1225,1225,0.22161807491197616,0.2139781786793908,1.0,1.0,0.13847944308781773,0.4059263245232297,False,True,True,103.0,selected,rich_Pooled_2016,,hist_classifier,Team1Win,True
diff__conference__strength_std,conference_context,0.0,1225,1051,0.21640769626960846,0.2289458670274225,0.7894736842105263,1.0,0.19719935121204893,0.3759315247776789,False,True,True,112.0,selected,rich_Pooled_2016,,hist_classifier,Team1Win,True
diff__schedule__opponent_strength_std,schedule_and_accomplishment,0.0,1225,1225,0.19500284063225423,0.2037306455904915,0.7894736842105263,1.0,0.14788059410475932,0.3610919005320257,False,True,True,89.0,selected,rich_Pooled_2016,,hist_classifier,Team1Win,True
diff__conference__tourney_last_day,conference_context,0.019591836734693877,1201,18,0.07353793004770362,0.2696596266276231,0.47368421052631576,1.0,0.3426483278312185,0.3061311590239401,False,True,True,113.0,selected,rich_Pooled_2016,,hist_classifier,Team1Win,True
diff__seed__playin,selection_committee_prior,0.0,1225,3,-0.08286739034965418,0.11468185313135519,0.8461538461538461,1.0,0.13849088944215113,0.3031230951869038,False,True,True,77.0,selected,rich_Pooled_2016,,hist_classifier,Team1Win,True
absdiff__conference__strength_std,conference_context,0.0,1225,943,0.12220070195042777,0.11744891527196656,0.5789473684210527,1.0,0.14588463250826875,0.2700558274066757,False,True,True,114.0,selected,rich_Pooled_2016,,hist_classifier,Team1Win,True
diff__conference__tourney_champion,conference_context,0.019591836734693877,1201,3,-0.13165948999446106,0.1100894397784508,0.5789473684210527,1.0,0.15409987890563037,0.26670825574480544,False,True,True,115.0,selected,rich_Pooled_2016,,hist_classifier,Team1Win,True
absdiff__schedule__opponent_strength_median,schedule_and_accomplishment,0.0,1225,1212,-0.019717452480603505,0.14992839120116602,0.5789473684210527,1.0,0.14141845773094947,0.26327830796042295,False,True,True,90.0,selected,rich_Pooled_2016,,hist_classifier,Team1Win,True
seedprior__favorite_seed_games,prequential_seed_priors,0.0,1225,128,0.026123254038908902,0.08089868881250913,0.6842105263157895,1.0,0.0816921579876427,0.250784484409585,False,True,True,68.0,selected,rich_Pooled_2016,,hist_classifier,Team1Win,True
diff__conference__tourney_win_pct,conference_context,0.019591836734693877,1201,17,-0.072512010780537,0.08129633638134852,0.5789473684210527,1.0,0.09116409817206624,0.2423925519164757,False,True,True,116.0,selected,rich_Pooled_2016,,hist_classifier,Team1Win,True
absdiff__schedule__opponent_strength_mean,schedule_and_accomplishment,0.0,1225,1225,-0.020380211950904104,0.13904786494776075,0.47368421052631576,1.0,0.20369708457584063,0.23886821210530096,False,True,True,91.0,selected,rich_Pooled_2016,,hist_classifier,Team1Win,True
absdiff__schedule__oowp,schedule_and_accomplishment,0.0,1225,1225,-0.03378530386207919,0.12342610813986242,0.47368421052631576,1.0,0.1582986892007759,0.23613482487297086,False,True,True,92.0,selected,rich_Pooled_2016,,hist_classifier,Team1Win,True
absdiff__schedule__top_quartile_games,schedule_and_accomplishment,0.0,1225,25,-0.04735354643454767,0.13964921409452252,0.3684210526315789,1.0,0.1706128384419658,0.2295722578643453,False,True,True,93.0,selected,rich_Pooled_2016,,hist_classifier,Team1Win,True
absdiff__schedule__quality_wins,schedule_and_accomplishment,0.0,1225,24,-0.025991313736873706,0.1082402987371686,0.47368421052631576,1.0,0.11746405490483335,0.22876434390397032,False,True,True,94.0,selected,rich_Pooled_2016,,hist_classifier,Team1Win,True
matchup__seed_gap_abs,matchup_context,0.0,1225,15,-0.02541354455784191,0.08217425973231346,0.47368421052631576,1.0,0.09533782692575521,0.217010585081416,False,True,True,10.0,selected,rich_Pooled_2016,,hist_classifier,Team1Win,True
absdiff__adj__off_rtg_a50p0,opponent_adjusted_efficiency,0.0,1225,1225,0.07262674412987734,0.09286124438181113,0.3684210526315789,1.0,0.14708043048801675,0.2136154322133743,False,True,True,20.0,selected,rich_Pooled_2016,,hist_classifier,Team1Win,True
absdiff__rating__elo_mov_538_delta,dynamic_ratings,0.0,1225,1225,0.022404691750192236,0.07263644651769806,0.47368421052631576,1.0,0.08045770142992296,0.21236569214055095,False,True,True,104.0,selected,rich_Pooled_2016,,hist_classifier,Team1Win,True
absdiff__schedule__elite_wins,schedule_and_accomplishment,0.0,1225,16,0.03747053793926764,0.06792826216160186,0.4444444444444444,1.0,0.07686293085627716,0.2088856780610678,False,True,True,95.0,selected,rich_Pooled_2016,,hist_classifier,Team1Win,True
absdiff__adj__net_rtg_a50p0,opponent_adjusted_efficiency,0.0,1225,1225,0.09120689954892476,0.09865204444880439,0.2631578947368421,1.0,0.20324613782597717,0.20139391688104522,False,True,True,21.0,selected,rich_Pooled_2016,,hist_classifier,Team1Win,True
absdiff__adj__def_rtg_a50p0,opponent_adjusted_efficiency,0.0,1225,1225,0.057222845137235176,0.11149811474960582,0.2631578947368421,1.0,0.18142008573949675,0.2009565807383174,False,True,True,22.0,selected,rich_Pooled_2016,,hist_classifier,Team1Win,True
seedprior__pooled_pair_games,prequential_seed_priors,0.03918367346938775,1177,113,-0.0398955823739939,0.08727958215666161,0.3684210526315789,1.0,0.16138132293780055,0.2000286491834658,False,True,True,69.0,selected,rich_Pooled_2016,,hist_classifier,Team1Win,True
absdiff__adj__net_rtg_a50p0_z,opponent_adjusted_efficiency,0.0,1225,1225,0.08340051206319433,0.09865204406395867,0.2631578947368421,1.0,0.20324611895168437,0.19967651220443028,False,True,True,23.0,selected,rich_Pooled_2016,,hist_classifier,Team1Win,True
absdiff__adj__def_rtg_a10p0,opponent_adjusted_efficiency,0.0,1225,1225,0.05464613747178793,0.10756718245361761,0.2631578947368421,1.0,0.16231860138532084,0.19926691692401172,False,True,True,24.0,selected,rich_Pooled_2016,,hist_classifier,Team1Win,True
seedprior__exact_pair_games,prequential_seed_priors,0.0,1225,82,-0.06839140655160368,0.09686678979919877,0.2631578947368421,1.0,0.14577577869583416,0.19781640055502958,False,True,True,70.0,selected,rich_Pooled_2016,,hist_classifier,Team1Win,True
absdiff__rating__elo_standard_delta,dynamic_ratings,0.0,1225,1225,0.04334473075082015,0.0567829229597737,0.3684210526315789,1.0,0.13554937806389528,0.19031703708436862,False,True,True,105.0,selected,rich_Pooled_2016,,hist_classifier,Team1Win,True
absdiff__rating__elo_season_reset_mov,dynamic_ratings,0.0,1225,1225,0.04406762929456212,0.08847578784188939,0.2631578947368421,1.0,0.15585468255439147,0.18803433246462967,False,True,True,106.0,selected,rich_Pooled_2016,,hist_classifier,Team1Win,True
absdiff__adj__off_rtg_a10p0,opponent_adjusted_efficiency,0.0,1225,1225,0.05659826038502616,0.07477529216293685,0.2631578947368421,1.0,0.10368631922139745,0.1863015679119543,False,True,True,25.0,selected,rich_Pooled_2016,,hist_classifier,Team1Win,True
seedprior__effective_games_pc2p0,prequential_seed_priors,0.0,1225,306,-0.006561694754291466,0.07915751283528108,0.2631578947368421,1.0,0.12341780991131959,0.17660772976832098,False,True,True,71.0,selected,rich_Pooled_2016,,hist_classifier,Team1Win,True
absdiff__adj__net_rtg_a10p0_percentile,opponent_adjusted_efficiency,0.0,1225,657,-0.02524850577752118,0.0882813809313059,0.15789473684210525,1.0,0.17788944473280277,0.16607731422350624,False,True,True,26.0,selected,rich_Pooled_2016,,hist_classifier,Team1Win,True
absdiff__adj__net_rtg_a10p0,opponent_adjusted_efficiency,0.0,1225,1225,0.06594462574362664,0.10149822819031974,0.05263157894736842,1.0,0.21591114649777515,0.16301157396661928,False,True,True,27.0,selected,rich_Pooled_2016,,hist_classifier,Team1Win,True
seedprior__generic_gender_games,prequential_seed_priors,0.0,1225,20,-0.02613817060616876,0.1111111111111111,0.05263157894736842,1.0,0.20805742197959642,0.15918248661908557,False,True,True,72.0,selected,rich_Pooled_2016,,hist_classifier,Team1Win,True
seedprior__favorite_prob_pc8p0,prequential_seed_priors,0.0,1225,484,-0.000615435551147554,0.07952283478456328,0.15789473684210525,1.0,0.15225130179184587,0.15747946234090585,False,True,True,73.0,selected,rich_Pooled_2016,,hist_classifier,Team1Win,True
matchup__equal_seed,matchup_context,0.0,1225,2,0.003964298838714478,0.1111111111111111,0.05263157894736842,1.0,0.20805742197959642,0.15430423483024563,False,True,True,11.0,selected,rich_Pooled_2016,,hist_classifier,Team1Win,True
seedprior__gap_games,prequential_seed_priors,0.0,1225,140,-0.021990464016947733,0.047219974451293015,0.15789473684210525,1.0,0.08591922304611187,0.14932987879324153,False,True,True,74.0,selected,rich_Pooled_2016,,hist_classifier,Team1Win,True
context__season_centered_2000,matchup_context,0.0,1225,13,0.03841790227133302,0.0,0.0,1.0,0.0,0.10845193849969327,False,True,True,12.0,selected,rich_Pooled_2016,,hist_classifier,Team1Win,True
