Feature,Block,MissingRate,NonMissingRows,UniqueValues,GlobalCorrelation,MedianAbsoluteSeasonCorrelation,SeasonSignConsistency,SeasonCoverage,SeasonCorrelationIQR,StabilityScore,Mandatory,InPrecorrelationPool,Selected,SelectionRank,ExclusionReason
diff__massey__strength_mean,massey_consensus,0.0,1115,1115,0.6267557585232104,0.6236612328435408,1.0,1.0,0.05274587914255424,0.6951338234743036,True,True,True,6.0,selected
diff__norm__rating__elo_mov_538__pct,within_season_normalization,0.0,1115,727,0.6078663633948526,0.6095667391430409,1.0,1.0,0.05744817697315985,0.6840247076566008,True,True,True,2.0,selected
matchup__seed_diff,matchup_context,0.0,1115,29,-0.5929289963666965,0.5974522632763866,1.0,1.0,0.0993985104885875,0.6732455251537952,True,True,True,1.0,selected
diff__adj__net_rtg_a50p0,opponent_adjusted_efficiency,0.0,1115,1115,0.5582771291477527,0.5560953826118299,1.0,1.0,0.09161501527313387,0.6460821514552586,True,True,True,5.0,selected
diff__compact__margin_trim02,compact_performance,0.0,1115,1097,0.5331347361566801,0.5446147537603722,1.0,1.0,0.11202156514087375,0.6342238611538132,True,True,True,3.0,selected
diff__norm__schedule__opponent_strength_mean__pct,within_season_normalization,0.0,1115,906,0.5246109997888104,0.5043672326983278,1.0,1.0,0.08974133789396566,0.613921038132977,True,True,True,4.0,selected
diff__rating__margin_ridge_a5p0,global_strength_ratings,0.0,1115,1115,0.6362568777036351,0.640794944564229,1.0,1.0,0.06597232156747979,0.7049191936229305,False,True,True,70.0,selected
diff__rating__margin_ridge_a5p0_z,global_strength_ratings,0.0,1115,1115,0.6359019186877773,0.6407949449923167,1.0,1.0,0.06597232231232875,0.7048411028151298,False,True,False,,correlation_pruned_or_cap
diff__rating__elo_mov_log_z,dynamic_ratings,0.0,1115,1115,0.6229074575856105,0.6438129818983872,1.0,1.0,0.08935466246589907,0.7024956854814243,False,True,False,,correlation_pruned_or_cap
diff__rating__elo_mov_log,dynamic_ratings,0.0,1115,1115,0.6228129333856014,0.6438129798037474,1.0,1.0,0.08935465066084602,0.7024748896241971,False,True,False,,correlation_pruned_or_cap
diff__norm__rating__elo_mov_538__z,within_season_normalization,0.0,1115,1115,0.6217428467406652,0.6413950875830403,1.0,1.0,0.09327939929990692,0.7009218923508095,False,True,True,19.0,selected
diff__rating__elo_mov_538_z,dynamic_ratings,0.0,1115,1115,0.6217428467406652,0.6413950875830403,1.0,1.0,0.09327939929990692,0.7009218923508095,False,True,False,,correlation_pruned_or_cap
diff__rating__elo_mov_538,dynamic_ratings,0.0,1115,1115,0.6216021489543387,0.6413950859160352,1.0,1.0,0.09327939854271772,0.7008909380679428,False,True,False,,correlation_pruned_or_cap
diff__norm__massey__strength_mean__z,within_season_normalization,0.0,1115,1115,0.6265064195909462,0.6236612293580894,1.0,1.0,0.05274587317578583,0.6950789674748596,False,True,False,,correlation_pruned_or_cap
diff__massey__system_mor,massey_consensus,0.0,1115,780,0.6212018445515253,0.6254276381110931,1.0,1.0,0.08188363103152518,0.6935943268533993,False,True,True,7.0,selected
diff__massey__strength_trim05,massey_consensus,0.0,1115,1115,0.6248955371918623,0.6187776980711842,1.0,1.0,0.050395854306176324,0.6924744790841311,False,True,False,,correlation_pruned_or_cap
diff__adj__net_rtg_a10p0,opponent_adjusted_efficiency,0.0,1115,1115,0.6187991817654288,0.6222913692409745,1.0,1.0,0.06398832955215394,0.692276144041976,False,True,False,,correlation_pruned_or_cap
diff__adj__net_rtg_a10p0_z,opponent_adjusted_efficiency,0.0,1115,1115,0.6186001986720449,0.6222913665906765,1.0,1.0,0.0639883221987485,0.6922323667834246,False,True,False,,correlation_pruned_or_cap
diff__norm__adj__net_rtg_a10p0__z,within_season_normalization,0.0,1115,1115,0.6186001986720449,0.6222913665906765,1.0,1.0,0.0639883221987485,0.6922323667834246,False,True,True,20.0,selected
diff__norm__massey__strength_mean__pct,within_season_normalization,0.0,1115,755,0.6204991091498934,0.6181848281126345,1.0,1.0,0.05210079932761735,0.6911544895339364,False,True,False,,correlation_pruned_or_cap
diff__massey__system_sag,massey_consensus,0.0,1115,745,0.623073566098611,0.6171242456403908,1.0,1.0,0.05633656211206839,0.6910423599645993,False,True,False,,correlation_pruned_or_cap
diff__massey__ordinal_mean,massey_consensus,0.0,1115,1110,-0.6230379833872726,0.6141426994800488,1.0,1.0,0.04911620389771354,0.6898922039397148,False,True,False,,correlation_pruned_or_cap
diff__massey__ordinal_max,massey_consensus,0.0,1115,354,-0.616283934048356,0.615185719909351,1.0,1.0,0.035831465607118584,0.689438352422842,False,True,True,8.0,selected
diff__massey__strength_median,massey_consensus,0.0,1115,904,0.621394142563913,0.6140151283805954,1.0,1.0,0.05090373500915446,0.6893978235863804,False,True,False,,correlation_pruned_or_cap
diff__massey__system_wlk,massey_consensus,0.0,1115,768,0.620121804710754,0.6148673352220008,1.0,1.0,0.06473231069545027,0.6889738255151082,False,True,False,,correlation_pruned_or_cap
diff__massey__ordinal_median,massey_consensus,0.0,1115,397,-0.6211397192816781,0.6123782156287723,1.0,1.0,0.05236778058380254,0.6884975705204277,False,True,False,,correlation_pruned_or_cap
diff__rating__margin_ridge_a25p0,global_strength_ratings,0.0,1115,1115,0.6151086901071697,0.6167667919179208,1.0,1.0,0.07866791085552327,0.6882252555099584,False,True,False,,correlation_pruned_or_cap
diff__norm__rating__margin_ridge_a25p0__z,within_season_normalization,0.0,1115,1115,0.6147828290200371,0.616766793385675,1.0,1.0,0.07866791377872129,0.6881535666583833,False,True,False,,correlation_pruned_or_cap
diff__rating__margin_ridge_a25p0_z,global_strength_ratings,0.0,1115,1115,0.6147828290200371,0.616766793385675,1.0,1.0,0.07866791377872129,0.6881535666583833,False,True,False,,correlation_pruned_or_cap
diff__massey__system_pom,massey_consensus,0.0,1115,781,0.6232622050463147,0.6108395369652886,1.0,1.0,0.06995249786277769,0.6875225629390167,False,True,True,9.0,selected
diff__norm__rating__colley__z,within_season_normalization,0.0,1115,1115,0.6175666495419094,0.6116752020728172,1.0,1.0,0.08315436732358439,0.686142585201229,False,True,True,21.0,selected
diff__rating__colley_z,global_strength_ratings,0.0,1115,1115,0.6175666495419094,0.6116752020728172,1.0,1.0,0.08315436732358439,0.686142585201229,False,True,False,,correlation_pruned_or_cap
diff__rating__colley,global_strength_ratings,0.0,1115,1115,0.6173584339621165,0.6116752024645783,1.0,1.0,0.08315436793927211,0.6860967779370923,False,True,False,,correlation_pruned_or_cap
diff__rating__elo_mov_log_percentile,dynamic_ratings,0.0,1115,732,0.6103756186694654,0.611542623655872,1.0,1.0,0.05825523357172269,0.6854928861192321,False,True,False,,correlation_pruned_or_cap
diff__rating__margin_ridge_a5p0_percentile,global_strength_ratings,0.0,1115,761,0.6198495118688282,0.6057557640668846,1.0,1.0,0.07000872712373363,0.6843293102782975,False,True,False,,correlation_pruned_or_cap
diff__rating__elo_mov_538_percentile,dynamic_ratings,0.0,1115,727,0.6078663633948526,0.6095667391430409,1.0,1.0,0.05744817697315985,0.6840247076566008,False,True,False,,correlation_pruned_or_cap
diff__norm__schedule__quality_win_points_sum__z,within_season_normalization,0.0,1115,1115,0.6133419617819738,0.6085208072131773,1.0,1.0,0.11892858688891006,0.6822680755788029,False,True,True,22.0,selected
diff__schedule__quality_win_points_sum,schedule_and_accomplishment,0.0,1115,1115,0.6131398498044782,0.6085208096504031,1.0,1.0,0.11892858754122537,0.6822236120875297,False,True,False,,correlation_pruned_or_cap
diff__massey__system_rth,massey_consensus,0.0,1115,767,0.6117861283876453,0.6043821547597436,1.0,1.0,0.06389366751997827,0.6821406358291597,False,True,False,,correlation_pruned_or_cap
diff__adj__net_rtg_a10p0_percentile,opponent_adjusted_efficiency,0.0,1115,729,0.6053544538551466,0.6050042902579857,1.0,1.0,0.05818571207215151,0.6812526106890794,False,True,False,,correlation_pruned_or_cap
diff__norm__adj__net_rtg_a10p0__pct,within_season_normalization,0.0,1115,729,0.6053544538551466,0.6050042902579857,1.0,1.0,0.05818571207215151,0.6812526106890794,False,True,True,23.0,selected
diff__norm__rating__margin_ridge_a25p0__pct,within_season_normalization,0.0,1115,733,0.5993417248839182,0.6036429745322173,1.0,1.0,0.07438453356643449,0.6786284259072689,False,True,False,,correlation_pruned_or_cap
diff__rating__margin_ridge_a25p0_percentile,global_strength_ratings,0.0,1115,733,0.5993417248839182,0.6036429745322173,1.0,1.0,0.07438453356643449,0.6786284259072689,False,True,False,,correlation_pruned_or_cap
diff__rating__elo_standard_z,dynamic_ratings,0.0,1115,1115,0.5897435767154009,0.6107546620634611,1.0,1.0,0.12060723443911292,0.678081535290285,False,True,True,75.0,selected
diff__rating__elo_standard,dynamic_ratings,0.0,1115,1115,0.589104233815187,0.6107546677718768,1.0,1.0,0.12060722966466886,0.6779408827832553,False,True,False,,correlation_pruned_or_cap
diff__massey__system_dol,massey_consensus,0.0,1115,758,0.6078847195358881,0.5982191438067593,1.0,1.0,0.07486744908380016,0.6778851293617878,False,True,False,,correlation_pruned_or_cap
diff__massey__system_cng,massey_consensus,0.05739910313901345,1051,763,0.6032850537220075,0.6088455350283796,1.0,1.0,0.09973841119423776,0.6763871039335732,False,True,True,10.0,selected
seedprior__team1_prob_pc2p0,prequential_seed_priors,0.0,1115,643,0.5948883077195085,0.6019793185695259,1.0,1.0,0.09687575336004961,0.6759504704772624,False,True,False,,correlation_pruned_or_cap
diff__massey__system_wol,massey_consensus,0.0,1115,733,0.5979497361106105,0.5981617498369932,1.0,1.0,0.07682505969474485,0.6755935794783011,False,True,True,11.0,selected
seedprior__team1_prob_pc8p0,prequential_seed_priors,0.0,1115,643,0.595341958073614,0.6006661376886393,1.0,1.0,0.09750847449100386,0.6753946378871017,False,True,False,,correlation_pruned_or_cap
diff__norm__rating__bt_c1p0__pct,within_season_normalization,0.0,1115,733,0.5908205110873557,0.6005637841647538,1.0,1.0,0.08953916350093638,0.6746695622982626,False,True,False,,correlation_pruned_or_cap
diff__rating__bt_c1p0_percentile,global_strength_ratings,0.0,1115,733,0.5908205110873557,0.6005637841647538,1.0,1.0,0.08953916350093638,0.6746695622982626,False,True,False,,correlation_pruned_or_cap
diff__seed__number,selection_committee_prior,0.0,1115,29,-0.5929289963666965,0.5974522632763866,1.0,1.0,0.0993985104885875,0.6732455251537952,False,True,False,,correlation_pruned_or_cap
diff__seed__strength,selection_committee_prior,0.0,1115,29,0.5929289963666965,0.5974522632763866,1.0,1.0,0.0993985104885875,0.6732455251537952,False,True,False,,correlation_pruned_or_cap
diff__massey__system_col,massey_consensus,0.0,1115,766,0.6023476214799101,0.5909197655186694,1.0,1.0,0.07607109900490283,0.6731151202143454,False,True,False,,correlation_pruned_or_cap
diff__norm__rating__colley__pct,within_season_normalization,0.0,1115,726,0.6020506288854112,0.5908379645180863,1.0,1.0,0.07741501987325428,0.6729567605285418,False,True,False,,correlation_pruned_or_cap
diff__rating__colley_percentile,global_strength_ratings,0.0,1115,726,0.6020506288854112,0.5908379645180863,1.0,1.0,0.07741501987325428,0.6729567605285418,False,True,False,,correlation_pruned_or_cap
diff__schedule__quality_win_points_mean,schedule_and_accomplishment,0.0,1115,1115,0.6084748459526689,0.5919838290176637,1.0,1.0,0.13456717421507025,0.6726340170694629,False,True,False,,correlation_pruned_or_cap
diff__norm__rating__bt_c1p0__z,within_season_normalization,0.0,1115,1115,0.6006796163085024,0.5889579005113162,1.0,1.0,0.09741989994329636,0.6709525118355705,False,True,True,24.0,selected
diff__rating__bt_c1p0_z,global_strength_ratings,0.0,1115,1115,0.6006796163085024,0.5889579005113162,1.0,1.0,0.09741989994329636,0.6709525118355705,False,True,False,,correlation_pruned_or_cap
diff__rating__bt_c1p0,global_strength_ratings,0.0,1115,1115,0.6004356941074898,0.5889579044460824,1.0,1.0,0.09741990097648023,0.670898850798708,False,True,False,,correlation_pruned_or_cap
diff__massey__ordinal_std,massey_consensus,0.0,1115,1115,-0.5929277676184462,0.5884049471303958,1.0,1.0,0.061102836705684394,0.6704343700304207,False,True,True,12.0,selected
diff__massey__system_sel,massey_consensus,0.05739910313901345,1051,707,0.5934514303200894,0.5959475970220006,1.0,1.0,0.07362393746238083,0.6690772754913636,False,True,True,13.0,selected
diff__norm__schedule__rpi__pct,within_season_normalization,0.0,1115,733,0.5864011844243147,0.5908820891147556,1.0,1.0,0.09644831621427119,0.6687737306998611,False,True,True,25.0,selected
diff__norm__schedule__quality_win_points_sum__pct,within_season_normalization,0.0,1115,750,0.5961809115378884,0.5862526324479351,1.0,1.0,0.10625332346601735,0.6683109311747035,False,True,True,26.0,selected
diff__massey__strength_max,massey_consensus,0.0,1115,663,0.583135044621877,0.5857987731497438,1.0,1.0,0.02908731615026594,0.6683096282826793,False,True,True,14.0,selected
diff__norm__rating__pagerank_margin__pct,within_season_normalization,0.0,1115,805,0.5831025066552816,0.5871415954044833,1.0,1.0,0.06667502983504592,0.6674435160649121,False,True,True,27.0,selected
diff__rating__pagerank_margin_percentile,global_strength_ratings,0.0,1115,805,0.5831025066552816,0.5871415954044833,1.0,1.0,0.06667502983504592,0.6674435160649121,False,True,False,,correlation_pruned_or_cap
diff__massey__system_bih,massey_consensus,0.05739910313901345,1051,698,0.5776228010046317,0.5969217079461081,1.0,1.0,0.05682323693191882,0.666734578306753,False,True,True,15.0,selected
diff__norm__schedule__rpi__z,within_season_normalization,0.0,1115,1115,0.5960908458765316,0.581590725839517,1.0,1.0,0.09967547629498219,0.6663165154440057,False,True,True,28.0,selected
diff__schedule__rpi,schedule_and_accomplishment,0.0,1115,1115,0.5959175844863726,0.5815907324096373,1.0,1.0,0.09967548296441786,0.6662784008250512,False,True,False,,correlation_pruned_or_cap
diff__rating__elo_standard_percentile,dynamic_ratings,0.0,1115,737,0.5753145286990681,0.5838487955503022,1.0,1.0,0.046855244790265926,0.6649424083863293,False,True,True,76.0,selected
diff__massey__system_rpi,massey_consensus,0.060089686098654706,1048,749,0.5808001746088047,0.5958792646188009,1.0,1.0,0.1101845729370512,0.664583527625587,False,True,True,16.0,selected
diff__massey__ordinal_min,massey_consensus,0.0,1115,193,-0.5811800026703338,0.5804003094507184,1.0,1.0,0.06012981389513539,0.6640465565680128,False,True,False,,correlation_pruned_or_cap
diff__massey__system_wob,massey_consensus,0.05739910313901345,1051,697,0.5756312357318227,0.5916001738943188,1.0,1.0,0.05708922691940599,0.6637314580023767,False,True,False,,correlation_pruned_or_cap
diff__massey__system_dok,massey_consensus,0.17219730941704037,923,604,0.5766442366428643,0.6132058139985161,1.0,1.0,0.13011891695378197,0.6622199813492035,False,True,True,17.0,selected
diff__massey__system_dun,massey_consensus,0.1147982062780269,987,662,0.5710164375860387,0.6011239090480288,1.0,1.0,0.0950937311832094,0.6611754868624118,False,True,True,18.0,selected
diff__rating__pagerank_binary_percentile,global_strength_ratings,0.0,1115,782,0.5752351156102459,0.5717093843247832,1.0,1.0,0.07328368827509468,0.6580408823791463,False,True,False,,correlation_pruned_or_cap
diff__schedule__bad_loss_penalty_sum,schedule_and_accomplishment,0.0,1115,1114,-0.566153997576088,0.5749512439581227,1.0,1.0,0.0659770645494766,0.6578913939846591,False,True,True,87.0,selected
interaction__strength_gap_squared_signed,matchup_interactions,0.0,1115,1115,0.574588568602256,0.5727340046470878,1.0,1.0,0.12699125431643388,0.6562421571504411,False,True,False,,correlation_pruned_or_cap
diff__massey__strength_iqr,massey_consensus,0.0,1115,858,-0.5594110315154558,0.5721591391960649,1.0,1.0,0.05944364925352008,0.6553290677773705,False,False,False,,below_bounded_prescreen
diff__schedule__quality_wins,schedule_and_accomplishment,0.0,1115,37,0.5630475761692492,0.5698169443617955,1.0,1.0,0.08999656817770674,0.6537827373237884,False,True,True,88.0,selected
diff__compact__half_marginmean_first,compact_performance,0.0,1115,1000,0.5628140566523615,0.5681006262540789,1.0,1.0,0.09267735071488303,0.652800299036882,False,True,True,47.0,selected
diff__rating__bt_c0p25_percentile,global_strength_ratings,0.0,1115,724,0.545832938271371,0.5677660108493838,1.0,1.0,0.12365546925324278,0.6476647128572761,False,True,True,71.0,selected
diff__adj__net_rtg_a50p0_z,opponent_adjusted_efficiency,0.0,1115,1115,0.558548586589577,0.5560953796930704,1.0,1.0,0.09161500722366134,0.6461418710134343,False,True,False,,correlation_pruned_or_cap
diff__norm__adj__net_rtg_a50p0__z,within_season_normalization,0.0,1115,1115,0.558548586589577,0.5560953796930704,1.0,1.0,0.09161500722366134,0.6461418710134343,False,False,False,,below_bounded_prescreen
diff__massey__system_wil,massey_consensus,0.17219730941704037,923,602,0.5558125510430647,0.5852767586861248,1.0,1.0,0.11789876987315917,0.6447198698505244,False,False,False,,below_bounded_prescreen
diff__rating__elo_season_reset_mov,dynamic_ratings,0.0,1115,1115,0.5571158014547285,0.5560809716674,1.0,1.0,0.12057489084900685,0.644661347086432,False,True,True,77.0,selected
diff__rating__elo_season_reset_mov_delta,dynamic_ratings,0.0,1115,1115,0.5571158014547285,0.5560809716674,1.0,1.0,0.12057489084900685,0.644661347086432,False,True,False,,correlation_pruned_or_cap
diff__rating__elo_season_reset_mov_z,dynamic_ratings,0.0,1115,1115,0.5569637101791657,0.5560809705592725,1.0,1.0,0.12057488587761278,0.6446278866727627,False,True,False,,correlation_pruned_or_cap
diff__adj__net_rtg_a50p0_percentile,opponent_adjusted_efficiency,0.0,1115,731,0.5424809022062219,0.5562764191134072,1.0,1.0,0.10927596394946454,0.6419874411018256,False,True,True,35.0,selected
diff__norm__adj__net_rtg_a50p0__pct,within_season_normalization,0.0,1115,731,0.5424809022062219,0.5562764191134072,1.0,1.0,0.10927596394946454,0.6419874411018256,False,False,False,,below_bounded_prescreen
diff__rating__bt_c0p25_z,global_strength_ratings,0.0,1115,1115,0.5610555097935664,0.546406602973987,1.0,1.0,0.1394153437744864,0.6401307678311189,False,True,True,72.0,selected
diff__rating__bt_c0p25,global_strength_ratings,0.0,1115,1115,0.5609888028504686,0.5464066006020086,1.0,1.0,0.13941534710632275,0.6401160910318143,False,True,False,,correlation_pruned_or_cap
diff__conference__strength_max,conference_context,0.0,1115,961,0.5451165187027379,0.5444211805777572,1.0,1.0,0.06029343211587035,0.6388360635072909,False,True,False,,correlation_pruned_or_cap
diff__schedule__oowp,schedule_and_accomplishment,0.0,1115,1115,0.5337436715348635,0.5477458145378633,1.0,1.0,0.07304569079061596,0.6374197710842197,False,True,True,89.0,selected
diff__compact__pythag_exp8p0,compact_performance,0.0,1115,1115,0.5356141367323608,0.5435805397254534,1.0,1.0,0.10046399937356915,0.6347352091743943,False,True,True,48.0,selected
diff__compact__margin_mean,compact_performance,0.0,1115,1097,0.5331347361566801,0.5446147537603722,1.0,1.0,0.11202156514087375,0.6342238611538132,False,True,False,,correlation_pruned_or_cap
diff__norm__compact__margin_mean__z,within_season_normalization,0.0,1115,1112,0.5325230190415876,0.5446147585880661,1.0,1.0,0.11202156621232168,0.6340892856629281,False,False,False,,below_bounded_prescreen
diff__norm__compact__margin_trim02__z,within_season_normalization,0.0,1115,1112,0.5325230190415876,0.5446147585880661,1.0,1.0,0.11202156621232168,0.6340892856629281,False,False,False,,below_bounded_prescreen
diff__compact__pythag_exp10p0,compact_performance,0.0,1115,1115,0.5353884373194671,0.5413103259721574,1.0,1.0,0.11002343402599385,0.6332134753158786,False,True,False,,correlation_pruned_or_cap
diff__compact__margin_winsor02,compact_performance,0.0,1115,1115,0.5320909595558907,0.5428286555526953,1.0,1.0,0.11734626534054476,0.6329239151539678,False,True,False,,correlation_pruned_or_cap
diff__rating__elo_mov_log_preseason,dynamic_ratings,0.0,1115,1115,0.5228106469963728,0.545156055203098,1.0,1.0,0.10252350480386441,0.6325923086445345,False,True,True,78.0,selected
diff__massey__rank_improvement_std,massey_consensus,0.0,1115,1115,-0.5422133201210264,0.5353129567628239,1.0,1.0,0.09244202812935176,0.6325394685476071,False,False,False,,below_bounded_prescreen
diff__massey__system_mas,massey_consensus,0.2295964125560538,859,549,0.5071132440232973,0.5914077827640642,1.0,1.0,0.13230552189109024,0.6317807155317483,False,False,False,,below_bounded_prescreen
diff__compact__pythag_exp11p5,compact_performance,0.0,1115,1115,0.5338670286582294,0.5384900052868286,1.0,1.0,0.11245813985796282,0.6314276232481697,False,True,False,,correlation_pruned_or_cap
diff__rating__elo_mov_538_preseason,dynamic_ratings,0.0,1115,1115,0.5210152294075725,0.5432467008714711,1.0,1.0,0.10061994776709082,0.6313569689772883,False,True,False,,correlation_pruned_or_cap
diff__rating__elo_season_reset_mov_percentile,dynamic_ratings,0.0,1115,710,0.5270459128342574,0.5374075068614953,1.0,1.0,0.11751059700355837,0.629205280236912,False,True,True,79.0,selected
diff__detailed__all__net_rtg_ros,detailed_efficiency,0.0,1115,1115,0.5303448398923415,0.5316931013841806,1.0,1.0,0.10955225297894916,0.6275064633215639,False,True,False,,correlation_pruned_or_cap
diff__detailed__clean__net_rtg_ros,detailed_efficiency,0.0,1115,1115,0.5299649342184451,0.5315455256209786,1.0,1.0,0.10955225297894916,0.6273520477069696,False,False,False,,below_bounded_prescreen
diff__compact__pythag_exp13p91,compact_performance,0.0,1115,1115,0.5290321063025237,0.5324066117120091,1.0,1.0,0.11514414059256006,0.6273364713846171,False,True,False,,correlation_pruned_or_cap
diff__norm__detailed__all__net_rtg_ros__z,within_season_normalization,0.0,1115,1115,0.5295580749984197,0.5316931039606917,1.0,1.0,0.10955225924956569,0.6273333760308017,False,False,False,,below_bounded_prescreen
diff__norm__rating__pagerank_margin__z,within_season_normalization,0.0,1115,1115,0.5375789251995987,0.5243555098113791,1.0,1.0,0.06771577698332654,0.6272493771740406,False,False,False,,below_bounded_prescreen
diff__rating__pagerank_margin_z,global_strength_ratings,0.0,1115,1115,0.5375789251995987,0.5243555098113791,1.0,1.0,0.06771577698332654,0.6272493771740406,False,True,True,73.0,selected
diff__norm__detailed__clean__net_rtg_ros__z,within_season_normalization,0.0,1115,1115,0.529178039438009,0.5315455265859589,1.0,1.0,0.1095522558332469,0.6271789312042924,False,False,False,,below_bounded_prescreen
diff__rating__pagerank_margin,global_strength_ratings,0.0,1115,1115,0.5356997575145338,0.5243555085809664,1.0,1.0,0.06771578050131821,0.6268359595520085,False,True,False,,correlation_pruned_or_cap
diff__detailed__all__netrtg_mean,detailed_efficiency,0.0,1115,1115,0.5267563143804449,0.5280783736127751,1.0,1.0,0.1061289191977749,0.6251188517299189,False,False,False,,below_bounded_prescreen
diff__detailed__all__netrtg_trim02,detailed_efficiency,0.0,1115,1115,0.5267563143804449,0.5280783736127751,1.0,1.0,0.1061289191977749,0.6251188517299189,False,False,False,,below_bounded_prescreen
diff__detailed__poss0p475__net_rtg_mean,detailed_efficiency,0.0,1115,1115,0.5267563143804449,0.5280783736127751,1.0,1.0,0.1061289191977749,0.6251188517299189,False,False,False,,below_bounded_prescreen
diff__detailed__poss0p44__net_rtg_mean,detailed_efficiency,0.0,1115,1115,0.5266475573144695,0.5281764235066626,1.0,1.0,0.10688888433241739,0.6251115905190846,False,False,False,,below_bounded_prescreen
diff__detailed__clean__netrtg_mean,detailed_efficiency,0.0,1115,1115,0.5263988583540546,0.5279491129736259,1.0,1.0,0.1061289191977749,0.6249781662973214,False,False,False,,below_bounded_prescreen
diff__detailed__clean__netrtg_trim02,detailed_efficiency,0.0,1115,1115,0.5263988583540546,0.5279491129736259,1.0,1.0,0.1061289191977749,0.6249781662973214,False,False,False,,below_bounded_prescreen
diff__rating__pagerank_binary_z,global_strength_ratings,0.0,1115,1115,0.5297718308739543,0.5214847946435163,1.0,1.0,0.07961514116866097,0.6236778985744114,False,True,True,74.0,selected
diff__rating__pagerank_binary,global_strength_ratings,0.0,1115,1115,0.5274306082822908,0.5214847916039049,1.0,1.0,0.07961513818111032,0.6231628282647339,False,False,False,,below_bounded_prescreen
diff__compact__upside_tail_mean,compact_performance,0.0,1115,1099,0.5123743779855083,0.5257022362408353,1.0,1.0,0.12471373491034232,0.6200708871559991,False,True,True,49.0,selected
diff__conference__strength_percentile,conference_context,0.0,1115,118,0.5320288835386071,0.5120128832634898,1.0,1.0,0.08666393024188251,0.6193459811352934,False,True,False,,correlation_pruned_or_cap
diff__norm__conference__strength_mean__pct,within_season_normalization,0.0,1115,840,0.5278519571065893,0.5118775320209913,1.0,1.0,0.08119764781246658,0.6185807400210267,False,False,False,,below_bounded_prescreen
diff__adj__off_rtg_a10p0,opponent_adjusted_efficiency,0.0,1115,1115,0.49602550823763947,0.5257714640952291,1.0,1.0,0.0813908860779543,0.6182402791348726,False,True,True,36.0,selected
diff__norm__detailed__all__net_rtg_ros__pct,within_season_normalization,0.0,1115,769,0.5160279733196736,0.5156598337393209,1.0,1.0,0.10784461130434464,0.6167290898730284,False,False,False,,below_bounded_prescreen
diff__norm__detailed__clean__net_rtg_ros__pct,within_season_normalization,0.0,1115,769,0.5158229100496957,0.5146301113988229,1.0,1.0,0.10876119259874423,0.6161530459784182,False,False,False,,below_bounded_prescreen
diff__schedule__opponent_strength_pct_mean,schedule_and_accomplishment,0.0,1115,1115,0.5179761866012162,0.5100995595332466,1.0,1.0,0.07548947187925664,0.6157829707530557,False,True,True,90.0,selected
diff__massey__momentum_systems,massey_consensus,0.0,1115,11,0.515037140198071,0.5102764442311021,1.0,1.0,0.06880470752985796,0.6154886757733103,False,False,False,,below_bounded_prescreen
diff__massey__strength_min,massey_consensus,0.0,1115,1044,0.5104658158590598,0.5175993580854878,1.0,1.0,0.13632374164849143,0.6152972217040876,False,False,False,,below_bounded_prescreen
diff__norm__compact__margin_mean__pct,within_season_normalization,0.0,1115,822,0.5123851787599282,0.5132020108117508,1.0,1.0,0.11682354701199199,0.6143887626363448,False,False,False,,below_bounded_prescreen
diff__norm__compact__margin_trim02__pct,within_season_normalization,0.0,1115,822,0.5123851787599282,0.5132020108117508,1.0,1.0,0.11682354701199199,0.6143887626363448,False,False,False,,below_bounded_prescreen
diff__schedule__opponent_strength_mean,schedule_and_accomplishment,0.0,1115,1115,0.5063798564423766,0.5102388059530296,1.0,1.0,0.06225113543013444,0.6138281498575717,False,True,False,,correlation_pruned_or_cap
diff__norm__schedule__opponent_strength_mean__z,within_season_normalization,0.0,1115,1115,0.5061920806850169,0.5102388038185593,1.0,1.0,0.062251134494453075,0.6137868382038341,False,False,False,,below_bounded_prescreen
diff__seed__top4,selection_committee_prior,0.0,1115,3,0.5043726851769582,0.5066258290125627,1.0,1.0,0.047443302918947605,0.6122446565482029,False,True,False,,correlation_pruned_or_cap
diff__compact__half_winpct_first,compact_performance,0.0,1115,380,0.4963945967449496,0.5126738321570375,1.0,1.0,0.09686393630878504,0.6114156932669155,False,True,True,50.0,selected
diff__massey__systems,massey_consensus,0.0,1115,9,0.509162214240954,0.5004147918362545,1.0,1.0,0.06999189961435015,0.609415111229838,False,False,False,,below_bounded_prescreen
matchup__team1_seed,matchup_context,0.0,1115,16,-0.49287825573691024,0.507502954154445,1.0,1.0,0.08874413926189911,0.6084848686857779,False,True,True,29.0,selected
diff__conference__strength_mean,conference_context,0.0,1115,961,0.5090874914618352,0.49835433779393723,1.0,1.0,0.06911654668776185,0.6084446683951831,False,True,False,,correlation_pruned_or_cap
diff__norm__conference__strength_mean__z,within_season_normalization,0.0,1115,961,0.5083995337054187,0.49835433795242295,1.0,1.0,0.06911654849538346,0.6082933176925398,False,False,False,,below_bounded_prescreen
diff__schedule__top_quartile_games,schedule_and_accomplishment,0.0,1115,43,0.4928869027077108,0.4968636552502104,1.0,1.0,0.07576850944455299,0.6038989327380152,False,True,True,91.0,selected
diff__compact__home_margin_mean,compact_performance,0.0,1115,1075,0.49213478063514443,0.49615691994528266,1.0,1.0,0.150047370535902,0.6004230784920314,False,True,True,51.0,selected
diff__compact__blowout_win20_rate,compact_performance,0.0,1115,834,0.46941841773433857,0.5005531806098402,1.0,1.0,0.14119369788941566,0.5978898306787012,False,True,True,52.0,selected
diff__compact__wins,compact_performance,0.0,1115,33,0.4861398969642407,0.4900746010457689,1.0,1.0,0.11378182450767044,0.5976353128537952,False,True,True,53.0,selected
diff__compact__downside_tail_mean,compact_performance,0.0,1115,1056,-0.46672804979979593,0.4951869653828423,1.0,1.0,0.16758403065623023,0.5936665531134702,False,True,True,54.0,selected
diff__schedule__opponent_strength_median,schedule_and_accomplishment,0.0,1115,1108,0.4810852383560883,0.4744575022184335,1.0,1.0,0.09082263386211387,0.589945448148703,False,True,True,92.0,selected
diff__detailed__home__net_rtg_mean,detailed_efficiency,0.0,1115,1115,0.4890719757703836,0.4734388295701155,1.0,1.0,0.17154899921681654,0.5879845128944672,False,False,False,,below_bounded_prescreen
diff__detailed__clean__fourfactoredge_mean,detailed_efficiency,0.0,1115,1115,0.4766104333449172,0.4714234597712396,1.0,1.0,0.10026721041201947,0.587126867609596,False,False,False,,below_bounded_prescreen
diff__schedule__owp,schedule_and_accomplishment,0.0,1115,1115,0.4695520850361367,0.4707947687538709,1.0,1.0,0.061013944888295535,0.5868423899142762,False,True,True,93.0,selected
diff__conference__strength_median,conference_context,0.0,1115,961,0.4691836584182045,0.4744619623403301,1.0,1.0,0.11804960162230527,0.5862401627104712,False,True,False,,correlation_pruned_or_cap
diff__prior__program_win_pct_smoothed,prior_program_history,0.0,1115,935,0.45896587975066044,0.48036862365559124,1.0,1.0,0.134060937398913,0.5861869954038725,False,False,False,,below_bounded_prescreen
diff__detailed__all__fourfactoredge_mean,detailed_efficiency,0.0,1115,1115,0.47660663428140854,0.4696550773206455,1.0,1.0,0.10341018571469413,0.5861514892272319,False,False,False,,below_bounded_prescreen
diff__compact__blowout_win10_rate,compact_performance,0.0,1115,829,0.47073016473186075,0.47665094366808247,1.0,1.0,0.15562724145374623,0.5861279995435391,False,True,True,55.0,selected
diff__compact__margin_median,compact_performance,0.0,1115,72,0.45873630183725655,0.4763174516423879,1.0,1.0,0.1384971978527419,0.584014475278433,False,True,True,56.0,selected
diff__prior__program_appearances,prior_program_history,0.0,1115,61,0.4451334202018391,0.48223713974088767,1.0,1.0,0.1374625901623262,0.5839046759135376,False,False,False,,below_bounded_prescreen
diff__schedule__elite_wins,schedule_and_accomplishment,0.0,1115,22,0.4590957164783432,0.47139778196116244,1.0,1.0,0.08875909226253204,0.5837216292760922,False,True,True,94.0,selected
diff__compact__margin_q90,compact_performance,0.0,1115,367,0.46423502422700624,0.4676826394315846,1.0,1.0,0.1202548135338048,0.5818091797157497,False,True,True,57.0,selected
diff__rating__elo_standard_preseason,dynamic_ratings,0.0,1115,1115,0.49300233313873537,0.45842016020001664,1.0,1.0,0.1704391010308997,0.5816846261452937,False,True,True,80.0,selected
diff__prior__program_tournament_games,prior_program_history,0.0,1115,194,0.4515701166843171,0.4736286578194554,1.0,1.0,0.1360678686243691,0.5812444666789136,False,False,False,,below_bounded_prescreen
diff__adj__def_rtg_a10p0,opponent_adjusted_efficiency,0.0,1115,1115,-0.46882078617456113,0.46148073900298814,1.0,1.0,0.09369346677870566,0.5809035890086895,False,True,True,37.0,selected
diff__seed__top8,selection_committee_prior,0.0,1115,3,0.4489173390809341,0.4647069287226944,1.0,1.0,0.09227684537837716,0.5781300665695637,False,True,False,,correlation_pruned_or_cap
diff__detailed__all__netrtg_median,detailed_efficiency,0.0,1115,1115,0.45429079648657766,0.46554048655335684,1.0,1.0,0.1611541072294025,0.5769572444834822,False,False,False,,below_bounded_prescreen
diff__detailed__clean__netrtg_median,detailed_efficiency,0.0,1115,1115,0.4538537751786425,0.46533032956817083,1.0,1.0,0.161074585794463,0.5767634053002448,False,False,False,,below_bounded_prescreen
diff__prior__program_tournament_wins,prior_program_history,0.0,1115,162,0.44193628546530456,0.4628553628322099,1.0,1.0,0.11810750595537511,0.5746722567236128,False,False,False,,below_bounded_prescreen
matchup__team1_is_seed_favorite,matchup_context,0.0,1115,2,0.4490190817241124,0.45803318614974065,1.0,1.0,0.12161471514416639,0.5737755387254135,False,True,True,30.0,selected
diff__adj__off_rtg_a50p0,opponent_adjusted_efficiency,0.0,1115,1115,0.43503748661991104,0.4635252067970664,1.0,1.0,0.11223983725528192,0.573710752828761,False,True,True,38.0,selected
diff__compact__margin_q75,compact_performance,0.0,1115,149,0.469974707649531,0.44695757349022774,1.0,1.0,0.14730049143500062,0.5720420513008061,False,True,True,58.0,selected
diff__detailed__all__off_rtg_ros,detailed_efficiency,0.0,1115,1115,0.41650100231190235,0.46732599327725344,1.0,1.0,0.1267392268146444,0.5708771282091143,False,False,False,,below_bounded_prescreen
matchup__team2_seed,matchup_context,0.0,1115,16,0.44760852506096754,0.4549053598437759,1.0,1.0,0.1500629676939378,0.5708259295306678,False,True,True,31.0,selected
diff__detailed__clean__off_rtg_ros,detailed_efficiency,0.0,1115,1115,0.41684178168642255,0.46640151240516425,1.0,1.0,0.12608123595384646,0.5705346684873379,False,False,False,,below_bounded_prescreen
diff__compact__away_games,compact_performance,0.0,1115,22,-0.43583815207412063,0.45291726035944296,1.0,1.0,0.0778233031512926,0.5701717463027874,False,True,True,59.0,selected
diff__detailed__away__games,detailed_efficiency,0.0,1115,22,-0.43583815207412063,0.45291726035944296,1.0,1.0,0.0778233031512926,0.5701717463027874,False,False,False,,below_bounded_prescreen
diff__schedule__bad_losses,schedule_and_accomplishment,0.0,1115,14,-0.4422017500773466,0.4484212859169444,1.0,1.0,0.1463766729221327,0.5666715353402643,False,True,True,95.0,selected
diff__detailed__clean__offrtg_mean,detailed_efficiency,0.0,1115,1115,0.41358217307460715,0.4590198665923478,1.0,1.0,0.12276713902097608,0.5664069284799014,False,False,False,,below_bounded_prescreen
diff__detailed__clean__offrtg_trim02,detailed_efficiency,0.0,1115,1115,0.41358217307460715,0.4590198665923478,1.0,1.0,0.12276713902097608,0.5664069284799014,False,False,False,,below_bounded_prescreen
diff__detailed__all__offrtg_mean,detailed_efficiency,0.0,1115,1115,0.41320755169818746,0.4590198665923478,1.0,1.0,0.12349157502934799,0.5662955343367543,False,False,False,,below_bounded_prescreen
diff__detailed__all__offrtg_trim02,detailed_efficiency,0.0,1115,1115,0.41320755169818746,0.4590198665923478,1.0,1.0,0.12349157502934799,0.5662955343367543,False,False,False,,below_bounded_prescreen
diff__detailed__poss0p475__off_rtg_mean,detailed_efficiency,0.0,1115,1115,0.41320755169818746,0.4590198665923478,1.0,1.0,0.12349157502934799,0.5662955343367543,False,False,False,,below_bounded_prescreen
diff__detailed__poss0p44__off_rtg_mean,detailed_efficiency,0.0,1115,1115,0.4117018417471228,0.4575179893703198,1.0,1.0,0.12364544089595464,0.5652372224462823,False,False,False,,below_bounded_prescreen
diff__compact__ewm_h10_margin,compact_performance,0.0,1115,1115,0.43513222856845024,0.44039639972589956,1.0,1.0,0.14531223511904984,0.5613068727487288,False,True,True,60.0,selected
diff__norm__compact__win_pct__pct,within_season_normalization,0.0,1115,851,0.4192514428356165,0.4415827284217763,1.0,1.0,0.090692445103007,0.5605673292621679,False,False,False,,below_bounded_prescreen
diff__coach__prior_tournament_appearances,prior_coach_history,0.0,1115,58,0.4183149230598963,0.43965326734454896,1.0,1.0,0.09580107649443592,0.5592308083387832,False,False,False,,below_bounded_prescreen
diff__compact__margin_q10,compact_performance,0.0,1115,317,0.42446769018416985,0.43857294470472474,1.0,1.0,0.16182654924242368,0.5574248433290883,False,True,True,61.0,selected
diff__compact__margin_q25,compact_performance,0.0,1115,143,0.4357691407097109,0.4320919875695496,1.0,1.0,0.1643688013723013,0.5566986129346281,False,True,True,62.0,selected
diff__norm__compact__win_pct__z,within_season_normalization,0.0,1115,1030,0.4385445828185941,0.4271229704242971,1.0,1.0,0.1753777687090129,0.5544837232753929,False,False,False,,below_bounded_prescreen
diff__compact__win_pct,compact_performance,0.0,1115,825,0.4382156013204887,0.4271229699279329,1.0,1.0,0.1753777730880245,0.5544113469323942,False,True,True,63.0,selected
diff__schedule__wp,schedule_and_accomplishment,0.0,1115,825,0.4382156013204887,0.4271229699279329,1.0,1.0,0.1753777730880245,0.5544113469323942,False,True,False,,correlation_pruned_or_cap
diff__coach__prior_tournament_games,prior_coach_history,0.0,1115,179,0.41191238558313714,0.4286231264200349,1.0,1.0,0.08728851394247572,0.5528682849522079,False,False,False,,below_bounded_prescreen
diff__detailed__ewm_h20__netrtg,detailed_efficiency,0.0,1115,1115,0.43542656268629104,0.4211554039706697,1.0,1.0,0.1312474156546241,0.5526985410707206,False,False,False,,below_bounded_prescreen
diff__detailed__ewm_h10__netrtg,detailed_efficiency,0.0,1115,1115,0.42725067912384557,0.42240218506664323,1.0,1.0,0.10562273005236383,0.5525232890371402,False,False,False,,below_bounded_prescreen
diff__detailed__ewm_h20__fourfactoredge,detailed_efficiency,0.0,1115,1115,0.4140336204491217,0.4207086342245757,1.0,1.0,0.08931947853575467,0.5494547617851729,False,False,False,,below_bounded_prescreen
diff__compact__ewm_h20_margin,compact_performance,0.0,1115,1115,0.43118314023363125,0.4126472657241609,1.0,1.0,0.1273144709556257,0.5478383995607711,False,True,True,64.0,selected
diff__compact__blowout_loss10_rate,compact_performance,0.0,1115,643,-0.40039597975618596,0.43053566414871797,1.0,1.0,0.1779580755475772,0.5476259113158425,False,True,True,65.0,selected
diff__coach__prior_tournament_wins,prior_coach_history,0.0,1115,146,0.39691444912738627,0.4146684309892764,1.0,1.0,0.104382136485416,0.542186740223461,False,False,False,,below_bounded_prescreen
diff__schedule__top_decile_games,schedule_and_accomplishment,0.0,1115,29,0.38539180901769277,0.41097223907081987,1.0,1.0,0.10214608897314631,0.5379670291789601,False,True,True,96.0,selected
diff__compact__ewm_h20_win,compact_performance,0.0,1115,1115,0.4002520133002127,0.4054068660438418,1.0,1.0,0.14729025475794277,0.5367591284367731,False,True,True,66.0,selected
diff__coach__prior_tournament_win_pct_smoothed,prior_coach_history,0.0,1115,649,0.3896220080004927,0.40919865078624273,1.0,1.0,0.14143254578091918,0.5364748923062681,False,False,False,,below_bounded_prescreen
diff__detailed__clean__fourfactoredge_median,detailed_efficiency,0.0,1115,1115,0.4081711069180807,0.3948443120934761,1.0,1.0,0.13592765475216534,0.5338858071367596,False,False,False,,below_bounded_prescreen
diff__detailed__all__fourfactoredge_median,detailed_efficiency,0.0,1115,1115,0.40761790451447855,0.3948443120934761,1.0,1.0,0.14129296367693162,0.5335494902509765,False,False,False,,below_bounded_prescreen
diff__compact__margin_slope,compact_performance,0.0,1115,1115,-0.39741730733944447,0.39860337137002616,1.0,1.0,0.15138138215156738,0.5327061705862277,False,True,True,67.0,selected
diff__compact__losses,compact_performance,0.0,1115,32,-0.41271958257919134,0.38993544440840067,1.0,1.0,0.19277345299509002,0.5302563833636508,False,True,False,,correlation_pruned_or_cap
diff__detailed__ewm_h10__fourfactoredge,detailed_efficiency,0.0,1115,1115,0.38108461240252245,0.39555326555196274,1.0,1.0,0.09675436282541083,0.5298340076804806,False,False,False,,below_bounded_prescreen
diff__compact__half_delta_marginmean,compact_performance,0.0,1115,1091,-0.38490324280720795,0.3989149295522252,1.0,1.0,0.16778256004111147,0.5294465772010094,False,True,True,68.0,selected
diff__detailed__ewm_h20__offrtg,detailed_efficiency,0.0,1115,1115,0.38322995330587445,0.38623838608337463,1.0,1.0,0.12324491111469837,0.5247752186027242,False,False,False,,below_bounded_prescreen
diff__detailed__clean__fourfactorcomposite_mean,detailed_efficiency,0.0,1115,1115,0.37510997420493725,0.38486336283241884,1.0,1.0,0.13667153867782206,0.5217917469375344,False,False,False,,below_bounded_prescreen
diff__massey__strength_std,massey_consensus,0.0,1115,1115,-0.37133314825321057,0.3793811795816718,1.0,1.0,0.06593656008167026,0.521158796411642,False,False,False,,below_bounded_prescreen
diff__detailed__all__fourfactorcomposite_mean,detailed_efficiency,0.0,1115,1115,0.37417106913125237,0.38409067199094554,1.0,1.0,0.1393655888601109,0.521106534210125,False,False,False,,below_bounded_prescreen
diff__prior__program_championships,prior_program_history,0.0,1115,10,0.35656944483292696,0.37758843804785586,1.0,1.0,0.08653156249062405,0.5162264656265898,False,False,False,,below_bounded_prescreen
diff__adj__def_rtg_a50p0,opponent_adjusted_efficiency,0.0,1115,1115,-0.3740695380708312,0.3742772170601975,1.0,1.0,0.15165979212037212,0.5158819708796627,False,True,True,39.0,selected
diff__compact__half_pointsformean_first,compact_performance,0.0,1115,991,0.35873764122987595,0.3720362946839083,1.0,1.0,0.09730112476189484,0.5136076575283729,False,True,True,69.0,selected
diff__compact__blowout_loss20_rate,compact_performance,0.0,1115,180,-0.3600403452814483,0.3725421376032475,1.0,1.0,0.11624055721527426,0.5133794797228665,False,False,False,,below_bounded_prescreen
diff__detailed__clean__offrtg_median,detailed_efficiency,0.0,1115,1115,0.38481587863605776,0.3619279417931713,1.0,1.0,0.1892920722385007,0.5108132224711148,False,False,False,,below_bounded_prescreen
diff__detailed__all__offrtg_median,detailed_efficiency,0.0,1115,1115,0.384551904116537,0.3619279417931713,1.0,1.0,0.19206590528892425,0.5106441947548034,False,False,False,,below_bounded_prescreen
diff__detailed__all__oppfourfactorcomposite_mean,detailed_efficiency,0.0,1115,1115,-0.35614058946107807,0.3676118595977058,1.0,1.0,0.13828860981249796,0.509273077895836,False,False,False,,below_bounded_prescreen
diff__detailed__clean__oppfourfactorcomposite_mean,detailed_efficiency,0.0,1115,1115,-0.35559028377781104,0.36799333168068715,1.0,1.0,0.14177922282959415,0.5091954927246645,False,False,False,,below_bounded_prescreen
diff__detailed__home__off_rtg_mean,detailed_efficiency,0.0,1115,1115,0.3504841161248765,0.3722218012390945,1.0,1.0,0.1717518872320019,0.5089028946529581,False,False,False,,below_bounded_prescreen
diff__prior__program_final_appearances,prior_program_history,0.0,1115,18,0.35325811582864414,0.36473588807084834,1.0,1.0,0.11801569113229177,0.5080693841110172,False,False,False,,below_bounded_prescreen
diff__compact__home_games,compact_performance,0.0,1115,19,0.3682343866594915,0.35523940696002226,1.0,1.0,0.14793189798864592,0.5056092044863529,False,False,False,,below_bounded_prescreen
diff__detailed__home__games,detailed_efficiency,0.0,1115,19,0.3682343866594915,0.35523940696002226,1.0,1.0,0.14793189798864592,0.5056092044863529,False,False,False,,below_bounded_prescreen
diff__detailed__away__off_rtg_mean,detailed_efficiency,0.0,1115,1115,0.3233783971139511,0.3718208284869612,1.0,1.0,0.2099928111972654,0.50121753259092,False,False,False,,below_bounded_prescreen
diff__detailed__away__net_rtg_mean,detailed_efficiency,0.0,1115,1115,0.35512542758671317,0.3491061802858041,1.0,1.0,0.1504669229721764,0.49967988368737576,False,False,False,,below_bounded_prescreen
diff__compact__away_margin_mean,compact_performance,0.0,1115,1027,0.359792196533384,0.34322203397883577,1.0,1.0,0.16734216883404218,0.497207172793824,False,False,False,,below_bounded_prescreen
diff__detailed__ewm_h10__offrtg,detailed_efficiency,0.0,1115,1115,0.36370006551337164,0.33714091923906325,1.0,1.0,0.19413323424803924,0.49407632627777054,False,False,False,,below_bounded_prescreen
diff__detailed__clean__games,detailed_efficiency,0.0,1115,15,0.29856750695641776,0.3520954768773618,1.0,1.0,0.16018479113866554,0.4882832887859989,False,False,False,,below_bounded_prescreen
diff__compact__win_slope,compact_performance,0.0,1115,1073,-0.3312750986248383,0.33028529116729366,1.0,1.0,0.09500551667420687,0.48761724079079705,False,False,False,,below_bounded_prescreen
diff__compact__home_win_pct,compact_performance,0.0,1115,480,0.32692302194863543,0.33239361750427576,1.0,1.0,0.1386201775175961,0.48592719413004837,False,False,False,,below_bounded_prescreen
diff__detailed__all__opptrueshootingpct_mean,detailed_efficiency,0.0,1115,1115,-0.3180173402796716,0.3361008491603385,1.0,1.0,0.13775497371602075,0.4857820235098494,False,False,False,,below_bounded_prescreen
diff__detailed__clean__fourfactorcomposite_median,detailed_efficiency,0.0,1115,1115,0.3496419310375939,0.3228519568838604,1.0,1.0,0.17612560226889284,0.48484514004176793,False,False,False,,below_bounded_prescreen
diff__detailed__clean__opptrueshootingpct_mean,detailed_efficiency,0.0,1115,1115,-0.31822767924229795,0.3341134986344696,1.0,1.0,0.14019996765546755,0.4847765700716323,False,False,False,,below_bounded_prescreen
diff__detailed__all__fourfactorcomposite_median,detailed_efficiency,0.0,1115,1115,0.34858114165542425,0.3228519568838604,1.0,1.0,0.17809461145229072,0.4845330060103547,False,False,False,,below_bounded_prescreen
diff__detailed__all__def_rtg_ros,detailed_efficiency,0.0,1115,1115,-0.337251515495035,0.3254069044986499,1.0,1.0,0.1669162692909617,0.4837139967966212,False,False,False,,below_bounded_prescreen
diff__detailed__clean__def_rtg_ros,detailed_efficiency,0.0,1115,1115,-0.3365376862590405,0.3254069044986499,1.0,1.0,0.16742528810181856,0.4835365936122681,False,False,False,,below_bounded_prescreen
diff__detailed__poss0p44__def_rtg_mean,detailed_efficiency,0.0,1115,1115,-0.33365412957301055,0.3247256133538777,1.0,1.0,0.1824732116434832,0.48197327445018423,False,False,False,,below_bounded_prescreen
diff__detailed__home__def_rtg_mean,detailed_efficiency,0.0,1115,1115,-0.3134226240403946,0.33052804511318823,1.0,1.0,0.1600751965421195,0.4812034310815323,False,False,False,,below_bounded_prescreen
diff__detailed__all__defrtg_mean,detailed_efficiency,0.0,1115,1115,-0.3308922456966444,0.3227888310744329,1.0,1.0,0.18114742573538706,0.48048903593957404,False,False,False,,below_bounded_prescreen
diff__detailed__all__defrtg_trim02,detailed_efficiency,0.0,1115,1115,-0.3308922456966444,0.3227888310744329,1.0,1.0,0.18114742573538706,0.48048903593957404,False,False,False,,below_bounded_prescreen
diff__detailed__poss0p475__def_rtg_mean,detailed_efficiency,0.0,1115,1115,-0.3308922456966444,0.3227888310744329,1.0,1.0,0.18114742573538706,0.48048903593957404,False,False,False,,below_bounded_prescreen
diff__detailed__clean__defrtg_mean,detailed_efficiency,0.0,1115,1115,-0.3301841433685589,0.3227888310744329,1.0,1.0,0.18191018436260634,0.4803027430823065,False,False,False,,below_bounded_prescreen
diff__detailed__clean__defrtg_trim02,detailed_efficiency,0.0,1115,1115,-0.3301841433685589,0.3227888310744329,1.0,1.0,0.18191018436260634,0.4803027430823065,False,False,False,,below_bounded_prescreen
diff__compact__ewm_h10_win,compact_performance,0.0,1115,1115,0.31841638936294747,0.3220790876946113,1.0,1.0,0.17392293829787775,0.4776926502213467,False,False,False,,below_bounded_prescreen
diff__compact__away_win_pct,compact_performance,0.0,1115,542,0.3103170821094891,0.32365540615224897,1.0,1.0,0.18112295038237564,0.4763794350018721,False,False,False,,below_bounded_prescreen
diff__compact__games,compact_performance,0.0,1115,15,0.2907456002822855,0.33154823270240497,1.0,1.0,0.18076224661067977,0.47587669389483,False,False,False,,below_bounded_prescreen
diff__detailed__all__games,detailed_efficiency,0.0,1115,15,0.2907456002822855,0.33154823270240497,1.0,1.0,0.18076224661067977,0.47587669389483,False,False,False,,below_bounded_prescreen
diff__quality__CompactGames,detailed_efficiency,0.0,1115,15,0.2907456002822855,0.33154823270240497,1.0,1.0,0.18076224661067977,0.47587669389483,False,False,False,,below_bounded_prescreen
diff__quality__DetailedGames,detailed_efficiency,0.0,1115,15,0.2907456002822855,0.33154823270240497,1.0,1.0,0.18076224661067977,0.47587669389483,False,False,False,,below_bounded_prescreen
diff__compact__ewm_h20_points_for,compact_performance,0.0,1115,1115,0.30158198507368095,0.313154814552055,1.0,1.0,0.07018767030697948,0.473854840888917,False,False,False,,below_bounded_prescreen
diff__detailed__clean__assistturnoverratio_mean,detailed_efficiency,0.0,1115,1115,0.28997607517781415,0.3166645271354309,1.0,1.0,0.12172427427483884,0.4709247385931324,False,False,False,,below_bounded_prescreen
diff__detailed__all__assistturnoverratio_mean,detailed_efficiency,0.0,1115,1115,0.29001717747913847,0.31655421825302843,1.0,1.0,0.12172427427483884,0.4708808328358705,False,False,False,,below_bounded_prescreen
diff__compact__half_delta_pointsformean,compact_performance,0.0,1115,1080,-0.30011303431334296,0.3095190064762209,1.0,1.0,0.12476579477870692,0.4696033588663732,False,False,False,,below_bounded_prescreen
diff__detailed__all__oppfourfactorcomposite_median,detailed_efficiency,0.0,1115,1115,-0.3047117829045957,0.3076485411408505,1.0,1.0,0.16094127965644872,0.4682702408003613,False,False,False,,below_bounded_prescreen
diff__coach__prior_final_appearances,prior_coach_history,0.0,1115,18,0.2970138269863952,0.3065947506520313,1.0,1.0,0.11798572011263092,0.46778909344547676,False,False,False,,below_bounded_prescreen
diff__detailed__all__assist_to_turnover_ros,detailed_efficiency,0.0,1115,1115,0.30550502957270353,0.3018856344510288,1.0,1.0,0.13036892909093414,0.46690145387885124,False,False,False,,below_bounded_prescreen
diff__detailed__clean__assist_to_turnover_ros,detailed_efficiency,0.0,1115,1115,0.30532289353721437,0.30169974897524554,1.0,1.0,0.12721836633349548,0.46689818143296524,False,False,False,,below_bounded_prescreen
diff__compact__points_for_mean,compact_performance,0.0,1115,1104,0.28149479906910563,0.3118335282467889,1.0,1.0,0.13212469359218684,0.46632396160997447,False,False,False,,below_bounded_prescreen
diff__compact__half_pointsagainstmean_first,compact_performance,0.0,1115,981,-0.31005624930854375,0.3030441044908002,1.0,1.0,0.19035256292140876,0.46605944248660736,False,False,False,,below_bounded_prescreen
diff__detailed__clean__orb_pct_ros,detailed_efficiency,0.0,1115,1115,0.2627338615764692,0.3149644412468057,1.0,1.0,0.13244114920452538,0.46368673537710897,False,False,False,,below_bounded_prescreen
diff__detailed__all__orb_pct_ros,detailed_efficiency,0.0,1115,1115,0.26219385812669227,0.3148212067168788,1.0,1.0,0.1307583645956807,0.4635664934281469,False,False,False,,below_bounded_prescreen
diff__coach__has_prior_tournament_history,prior_coach_history,0.0,1115,3,0.28887000604598717,0.3007886029279304,1.0,1.0,0.11856788513034949,0.4631872153303098,False,False,False,,below_bounded_prescreen
diff__detailed__clean__oppfourfactorcomposite_median,detailed_efficiency,0.0,1115,1115,-0.30321249721711324,0.2948857022453847,1.0,1.0,0.16403818118830557,0.4616903592180174,False,False,False,,below_bounded_prescreen
diff__detailed__all__orbpct_mean,detailed_efficiency,0.0,1115,1115,0.2566834766646502,0.3119533639709468,1.0,1.0,0.13538599748119406,0.4607925396730297,False,False,False,,below_bounded_prescreen
diff__detailed__all__orbpct_trim02,detailed_efficiency,0.0,1115,1115,0.2566834766646502,0.3119533639709468,1.0,1.0,0.13538599748119406,0.4607925396730297,False,False,False,,below_bounded_prescreen
diff__compact__half_delta_winpct,compact_performance,0.0,1115,697,-0.28551649963228215,0.2886231698292842,1.0,1.0,0.05935443243508942,0.4589785741397549,False,False,False,,below_bounded_prescreen
diff__detailed__clean__orbpct_mean,detailed_efficiency,0.0,1115,1115,0.2571118368247239,0.307492149148937,1.0,1.0,0.1370563849470235,0.45867858029504804,False,False,False,,below_bounded_prescreen
diff__detailed__clean__orbpct_trim02,detailed_efficiency,0.0,1115,1115,0.2571118368247239,0.307492149148937,1.0,1.0,0.1370563849470235,0.45867858029504804,False,False,False,,below_bounded_prescreen
diff__compact__rest_days_std,compact_performance,0.0,1115,1114,-0.30129157284954594,0.3232767076325151,0.8823529411764706,1.0,0.14928499400358772,0.45666203651859916,False,False,False,,below_bounded_prescreen
diff__detailed__clean__defrtg_median,detailed_efficiency,0.0,1115,1115,-0.2743850846854671,0.2922652294574267,1.0,1.0,0.1332605366129242,0.45532160730585064,False,False,False,,below_bounded_prescreen
diff__detailed__all__defrtg_median,detailed_efficiency,0.0,1115,1115,-0.27665050252221685,0.2934596332766446,1.0,1.0,0.16752509946085403,0.45502273054924297,False,False,False,,below_bounded_prescreen
diff__coach__prior_championships,prior_coach_history,0.0,1115,10,0.276264742507637,0.28992495283142333,1.0,1.0,0.14512146081118268,0.45413736227831597,False,False,False,,below_bounded_prescreen
diff__compact__days_since_last_game,compact_performance,0.0,1115,17,-0.25451854475836305,0.2889388763983111,1.0,1.0,0.17925334452880382,0.44751460673687704,False,False,False,,below_bounded_prescreen
diff__compact__last_game_day,compact_performance,0.0,1115,17,0.25451854475836305,0.2889388763983111,1.0,1.0,0.17925334452880382,0.44751460673687704,False,False,False,,below_bounded_prescreen
diff__detailed__all__rebound_share_ros,detailed_efficiency,0.0,1115,1115,0.280035170073369,0.26707189715131263,1.0,1.0,0.094280356498333,0.4460310337888379,False,False,False,,below_bounded_prescreen
diff__detailed__clean__rebound_share_ros,detailed_efficiency,0.0,1115,1115,0.28019778444797516,0.26707189715131263,1.0,1.0,0.09558054521455231,0.4460148014026025,False,False,False,,below_bounded_prescreen
diff__detailed__clean__assistturnoverratio_median,detailed_efficiency,0.0,1115,972,0.27420324567447113,0.2717224776471289,1.0,1.0,0.11947625335816023,0.4459724531846791,False,False,False,,below_bounded_prescreen
diff__detailed__all__assistturnoverratio_median,detailed_efficiency,0.0,1115,968,0.27402215726736395,0.271186091616918,1.0,1.0,0.11476965239961481,0.44586341247895617,False,False,False,,below_bounded_prescreen
diff__conference__tourney_last_day,conference_context,0.017040358744394617,1096,17,0.24872157703302286,0.29023531896196114,1.0,1.0,0.18050190798489907,0.44544839503005884,False,True,False,,correlation_pruned_or_cap
diff__detailed__clean__blockpct_median,detailed_efficiency,0.0,1115,1076,0.25629121277776906,0.2811536439497347,1.0,1.0,0.1842995666945017,0.4439658332392018,False,False,False,,below_bounded_prescreen
interaction__rebounding_matchup_edge,matchup_interactions,0.0,1115,1115,0.25522103663951423,0.2706982668915355,1.0,1.0,0.06145258457438246,0.44362569278565483,False,True,False,,correlation_pruned_or_cap
diff__detailed__all__blockpct_median,detailed_efficiency,0.0,1115,1075,0.25627816370659273,0.2801120912872889,1.0,1.0,0.18321060043868126,0.44350657581580183,False,False,False,,below_bounded_prescreen
diff__detailed__clean__opptrueshootingpct_median,detailed_efficiency,0.0,1115,1115,-0.2913216009677267,0.2504066221610335,1.0,1.0,0.11728191932681126,0.4395946540771235,False,False,False,,below_bounded_prescreen
diff__detailed__all__oppfgpct_mean,detailed_efficiency,0.0,1115,1115,-0.27565324214601905,0.29374036141936766,0.8823529411764706,1.0,0.08550330293126004,0.4393954252244056,False,False,False,,below_bounded_prescreen
diff__detailed__all__opptrueshootingpct_median,detailed_efficiency,0.0,1115,1115,-0.2914068516355726,0.25039960968464836,1.0,1.0,0.12267829558240984,0.43939418818516074,False,False,False,,below_bounded_prescreen
diff__detailed__clean__oppfgpct_mean,detailed_efficiency,0.0,1115,1115,-0.2756885664685117,0.2927304575539366,0.8823529411764706,1.0,0.08630641604378367,0.43888631819544605,False,False,False,,below_bounded_prescreen
diff__massey__rank_improvement_mean,massey_consensus,0.0,1115,1112,-0.24968504961782975,0.2687649901504064,1.0,1.0,0.1324671018620314,0.4386392221136363,False,False,False,,below_bounded_prescreen
diff__detailed__ewm_h20__defrtg,detailed_efficiency,0.0,1115,1115,-0.2752328056808277,0.2568470778023359,1.0,1.0,0.14516646227939778,0.43803115610372745,False,False,False,,below_bounded_prescreen
diff__detailed__all__oppefg_mean,detailed_efficiency,0.0,1115,1115,-0.28518694461212507,0.28833866994501617,0.8823529411764706,1.0,0.12754086911382892,0.43721852521195737,False,False,False,,below_bounded_prescreen
diff__detailed__all__reboundshare_median,detailed_efficiency,0.0,1115,1100,0.2517118949609095,0.26610783606759614,1.0,1.0,0.15611246747985175,0.4368638795046521,False,False,False,,below_bounded_prescreen
diff__detailed__clean__oppefg_mean,detailed_efficiency,0.0,1115,1115,-0.2854777257965355,0.28752142377600554,0.8823529411764706,1.0,0.12849100918246187,0.43685221330865726,False,False,False,,below_bounded_prescreen
diff__detailed__clean__reboundshare_median,detailed_efficiency,0.0,1115,1100,0.25247345357648354,0.2650692003675805,1.0,1.0,0.15204790177837976,0.4366954598921299,False,False,False,,below_bounded_prescreen
diff__detailed__all__opp_efg_ros,detailed_efficiency,0.0,1115,1115,-0.2842566001370541,0.2853548314943146,0.8823529411764706,1.0,0.12658898000504104,0.4356196825354566,False,False,False,,below_bounded_prescreen
diff__detailed__clean__opp_efg_ros,detailed_efficiency,0.0,1115,1115,-0.2846119780801475,0.28449476456554745,0.8823529411764706,1.0,0.12988993926183712,0.435152995186857,False,False,False,,below_bounded_prescreen
diff__detailed__all__blockpct_mean,detailed_efficiency,0.0,1115,1115,0.25709622877278837,0.260129946362825,1.0,1.0,0.15734539375776907,0.4351297288338587,False,False,False,,below_bounded_prescreen
diff__detailed__clean__reboundshare_mean,detailed_efficiency,0.0,1115,1115,0.2741457445431915,0.24719126554035933,1.0,1.0,0.10332366890398367,0.43483092450271527,False,False,False,,below_bounded_prescreen
diff__detailed__clean__blockpct_mean,detailed_efficiency,0.0,1115,1115,0.25706218587570073,0.2581740605747162,1.0,1.0,0.15684297453552154,0.43420351098709703,False,False,False,,below_bounded_prescreen
diff__detailed__all__reboundshare_mean,detailed_efficiency,0.0,1115,1115,0.27394412943727153,0.24569669850049086,1.0,1.0,0.10320256316895476,0.4340740212296771,False,False,False,,below_bounded_prescreen
diff__detailed__all__tov_pct_ros,detailed_efficiency,0.0,1115,1115,-0.2706267110758587,0.25157101511563373,1.0,1.0,0.1668073373182688,0.4336196701994623,False,False,False,,below_bounded_prescreen
diff__detailed__clean__tov_pct_ros,detailed_efficiency,0.0,1115,1115,-0.2707894904229414,0.2499768798324862,1.0,1.0,0.16549644180617676,0.4329427325403934,False,False,False,,below_bounded_prescreen
diff__massey__rank_improvement_median,massey_consensus,0.0,1115,157,-0.23605679062947738,0.2574812622595184,1.0,1.0,0.11624230098187421,0.4308738077837789,False,False,False,,below_bounded_prescreen
diff__detailed__ewm_h20__tovpct,detailed_efficiency,0.0,1115,1115,-0.23276459138711786,0.25895142018762685,1.0,1.0,0.11907543067910697,0.4307418745680625,False,False,False,,below_bounded_prescreen
diff__detailed__all__oppfg2pct_mean,detailed_efficiency,0.0,1115,1115,-0.27244197979162327,0.2794170798277396,0.8823529411764706,1.0,0.14644229948550563,0.42937621248028723,False,False,False,,below_bounded_prescreen
diff__detailed__clean__oppfg2pct_mean,detailed_efficiency,0.0,1115,1115,-0.27253835503259505,0.27835509925593416,0.8823529411764706,1.0,0.1490268109394003,0.42878428390067863,False,False,False,,below_bounded_prescreen
diff__detailed__clean__tovpct_mean,detailed_efficiency,0.0,1115,1115,-0.2670205899135781,0.24169108268153505,1.0,1.0,0.1686830742680179,0.42800892649740324,False,False,False,,below_bounded_prescreen
diff__detailed__clean__tovpct_trim02,detailed_efficiency,0.0,1115,1115,-0.2670205899135781,0.24169108268153505,1.0,1.0,0.1686830742680179,0.42800892649740324,False,False,False,,below_bounded_prescreen
diff__detailed__all__tovpct_mean,detailed_efficiency,0.0,1115,1115,-0.26692741962856514,0.24169108268153505,1.0,1.0,0.17209339047011904,0.42785201638661635,False,False,False,,below_bounded_prescreen
diff__detailed__all__tovpct_trim02,detailed_efficiency,0.0,1115,1115,-0.26692741962856514,0.24169108268153505,1.0,1.0,0.17209339047011904,0.42785201638661635,False,False,False,,below_bounded_prescreen
diff__detailed__ewm_h20__efg,detailed_efficiency,0.0,1115,1115,0.25820427424736975,0.24574167006776146,1.0,1.0,0.17591887140877502,0.4277241871105958,False,False,False,,below_bounded_prescreen
diff__detailed__clean__orbpct_median,detailed_efficiency,0.0,1115,1072,0.2496564016254606,0.24380376929289244,1.0,1.0,0.17035056279798005,0.42513619510627043,False,False,False,,below_bounded_prescreen
diff__context__d1_tenure,availability_and_context,0.0,1115,35,0.22883358708863794,0.24751111957862082,1.0,1.0,0.10394724133327984,0.42499083690390715,False,False,False,,below_bounded_prescreen
diff__compact__pythag_residual_exp13p91,compact_performance,0.0,1115,1115,-0.2509015806789389,0.24645495756443425,1.0,1.0,0.215241607989656,0.4248870630607087,False,False,False,,below_bounded_prescreen
diff__detailed__all__orbpct_median,detailed_efficiency,0.0,1115,1073,0.24961504501294154,0.23964346891825766,1.0,1.0,0.16973982768141388,0.42315458187635424,False,False,False,,below_bounded_prescreen
diff__detailed__all__efg_ros,detailed_efficiency,0.0,1115,1115,0.22990168215383933,0.24740124621973625,1.0,1.0,0.16676816922484733,0.42266024149032416,False,False,False,,below_bounded_prescreen
diff__norm__detailed__all__efg_ros__z,within_season_normalization,0.0,1115,1115,0.22896330491226857,0.24740125051635786,1.0,1.0,0.1667681696533133,0.4224538005424184,False,False,False,,below_bounded_prescreen
diff__detailed__clean__efg_ros,detailed_efficiency,0.0,1115,1115,0.23038865899968977,0.24740124621973625,1.0,1.0,0.1750249651623827,0.42243710455890976,False,False,False,,below_bounded_prescreen
diff__detailed__clean__fgpct_median,detailed_efficiency,0.0,1115,1096,0.2424365660233275,0.23893342389585312,1.0,1.0,0.14429686966350475,0.4222522132086014,False,False,False,,below_bounded_prescreen
diff__detailed__ewm_h10__orbpct,detailed_efficiency,0.0,1115,1115,0.21917976647616988,0.24653173271812134,1.0,1.0,0.12115265871456324,0.4217086739808731,False,False,False,,below_bounded_prescreen
diff__detailed__ewm_h10__tovpct,detailed_efficiency,0.0,1115,1115,-0.2375461432693483,0.2396717536320667,1.0,1.0,0.15618504063742505,0.4210551916371516,False,False,False,,below_bounded_prescreen
diff__detailed__ewm_h20__orbpct,detailed_efficiency,0.0,1115,1115,0.23969372506521378,0.23431760995672968,1.0,1.0,0.12110023941036846,0.42036106271716256,False,False,False,,below_bounded_prescreen
diff__compact__last20_margin_mean,compact_performance,0.0,1115,459,0.245584416381337,0.23703623157180487,1.0,1.0,0.19310598445816535,0.42008172338003386,False,False,False,,below_bounded_prescreen
diff__detailed__all__fgpct_median,detailed_efficiency,0.0,1115,1097,0.2426283766558878,0.23223437462939772,1.0,1.0,0.15069071016948363,0.4188231142796269,False,False,False,,below_bounded_prescreen
diff__prior__program_years_since_appearance,prior_program_history,0.05650224215246637,1052,50,-0.23474072175817484,0.24104270164328012,1.0,1.0,0.13401181808720342,0.4174628034798874,False,False,False,,below_bounded_prescreen
diff__detailed__all__oppfg2pct_median,detailed_efficiency,0.0,1115,1079,-0.24788090126572118,0.2609288318766265,0.8823529411764706,1.0,0.09774795648736345,0.4170461899079801,False,False,False,,below_bounded_prescreen
diff__detailed__clean__oppfg2pct_median,detailed_efficiency,0.0,1115,1078,-0.24972415751742044,0.2597984047269167,0.8823529411764706,1.0,0.10134527724527917,0.4167652084211766,False,False,False,,below_bounded_prescreen
diff__compact__home_margin_std,compact_performance,0.0,1115,1115,0.21640565679180332,0.23780743138120417,1.0,1.0,0.12660948606923073,0.4166924321144055,False,False,False,,below_bounded_prescreen
diff__conference__team_count,conference_context,0.0,1115,17,0.21981184022502162,0.23036178413046357,1.0,1.0,0.07652576208087847,0.4158712307488921,False,True,False,,correlation_pruned_or_cap
diff__detailed__all__fg_pct_ros,detailed_efficiency,0.0,1115,1115,0.25689971998067485,0.2579991498239259,0.8823529411764706,1.0,0.1584529840036887,0.4151958815393207,False,False,False,,below_bounded_prescreen
diff__detailed__clean__efg_mean,detailed_efficiency,0.0,1115,1115,0.2183969678867367,0.23587300142898712,1.0,1.0,0.1730947261130598,0.41434258457647344,False,False,False,,below_bounded_prescreen
diff__detailed__clean__efg_trim02,detailed_efficiency,0.0,1115,1115,0.2183969678867367,0.23587300142898712,1.0,1.0,0.1730947261130598,0.41434258457647344,False,False,False,,below_bounded_prescreen
diff__detailed__all__efg_mean,detailed_efficiency,0.0,1115,1115,0.21785829722476968,0.23587300142898712,1.0,1.0,0.17078466973470632,0.41431647928597487,False,False,False,,below_bounded_prescreen
diff__detailed__all__efg_trim02,detailed_efficiency,0.0,1115,1115,0.21785829722476968,0.23587300142898712,1.0,1.0,0.17078466973470632,0.41431647928597487,False,False,False,,below_bounded_prescreen
diff__compact__ewm_h10_points_for,compact_performance,0.0,1115,1115,0.2398591757684854,0.2649979020902206,0.8823529411764706,1.0,0.1798509879833821,0.4139504427412727,False,False,False,,below_bounded_prescreen
diff__detailed__clean__oppfgpct_median,detailed_efficiency,0.0,1115,1098,-0.23468957223701556,0.2601353802314966,0.8823529411764706,1.0,0.09760783360156305,0.4137688456474345,False,False,False,,below_bounded_prescreen
diff__detailed__clean__fg_pct_ros,detailed_efficiency,0.0,1115,1115,0.25745471613988746,0.2523859634367514,0.8823529411764706,1.0,0.15980271947161698,0.41256966180978655,False,False,False,,below_bounded_prescreen
diff__detailed__clean__tovpct_median,detailed_efficiency,0.0,1115,1115,-0.24078861839305457,0.2165768942243906,1.0,1.0,0.12298583731114124,0.4120109717817338,False,False,False,,below_bounded_prescreen
diff__compact__close5_games,compact_performance,0.0,1115,26,-0.23943942491150208,0.25694237403748177,0.8823529411764706,1.0,0.15219282965175454,0.41109777042068685,False,False,False,,below_bounded_prescreen
diff__detailed__all__fgpct_mean,detailed_efficiency,0.0,1115,1115,0.24577528628800593,0.253846032204573,0.8823529411764706,1.0,0.15892740557757612,0.41073603280668863,False,False,False,,below_bounded_prescreen
diff__detailed__all__oppefg_median,detailed_efficiency,0.0,1115,1101,-0.24664184317025054,0.253200487044843,0.8823529411764706,1.0,0.17748562274906823,0.4098744849572523,False,False,False,,below_bounded_prescreen
diff__detailed__all__oppfgpct_median,detailed_efficiency,0.0,1115,1098,-0.23642025802838287,0.2510737534381384,0.8823529411764706,1.0,0.0980181428507918,0.40978360329075425,False,False,False,,below_bounded_prescreen
diff__detailed__clean__oppefg_median,detailed_efficiency,0.0,1115,1102,-0.2461111857679507,0.25426294709927294,0.8823529411764706,1.0,0.1925791523315553,0.4096639799715733,False,False,False,,below_bounded_prescreen
diff__detailed__all__tovpct_median,detailed_efficiency,0.0,1115,1115,-0.2404579595706839,0.21083895390565194,1.0,1.0,0.12543653537091254,0.4090859875654269,False,False,False,,below_bounded_prescreen
diff__detailed__clean__fgpct_mean,detailed_efficiency,0.0,1115,1115,0.24640149023018323,0.24840889912742328,0.8823529411764706,1.0,0.1601514109807436,0.408215013580809,False,False,False,,below_bounded_prescreen
diff__detailed__last20__net_rtg_mean,detailed_efficiency,0.0,1115,1115,0.2426334031327068,0.2087164773467941,1.0,1.0,0.19118428535836196,0.40591588640132215,False,False,False,,below_bounded_prescreen
diff__geography__neutral_games_with_city,geography_and_schedule_dispersion,0.0,1115,17,0.2417894659101947,0.21920704892854026,1.0,1.0,0.31412744774971624,0.4058479680759535,False,False,False,,below_bounded_prescreen
diff__compact__pythag_residual_exp11p5,compact_performance,0.0,1115,1115,-0.23912948738485554,0.2108811810994994,1.0,1.0,0.23188762100746357,0.4045559493121294,False,False,False,,below_bounded_prescreen
diff__compact__ewm_h5_margin,compact_performance,0.0,1115,1115,0.22506591221709854,0.20947751527806394,1.0,1.0,0.14298117250721445,0.4043444611209438,False,False,False,,below_bounded_prescreen
diff__norm__detailed__all__efg_ros__pct,within_season_normalization,0.0,1115,903,0.24096885508794733,0.20479077400758444,1.0,1.0,0.18475555441993544,0.40392249746619147,False,False,False,,below_bounded_prescreen
diff__compact__last20_margin_median,compact_performance,0.0,1115,79,0.21936077560494535,0.20456505268098674,1.0,1.0,0.18012878482934008,0.39924544452678795,False,False,False,,below_bounded_prescreen
diff__detailed__clean__fg2pct_median,detailed_efficiency,0.0,1115,1022,0.20782309540915783,0.243814091517055,0.8823529411764706,1.0,0.15035359333997828,0.3979141717728372,False,False,False,,below_bounded_prescreen
diff__detailed__all__oppftmaderate_median,detailed_efficiency,0.0,1115,1104,-0.20985476144894685,0.19897151437300745,1.0,1.0,0.1063234298038645,0.39742143722565726,False,False,False,,below_bounded_prescreen
diff__seed__playin,selection_committee_prior,0.0,1115,3,-0.18858626030176898,0.2069362056525057,1.0,1.0,0.09251730278568462,0.39711766386816455,False,True,False,,correlation_pruned_or_cap
diff__detailed__clean__oppftmaderate_mean,detailed_efficiency,0.0,1115,1115,-0.21175923287561751,0.2015942977517538,1.0,1.0,0.16430312253243304,0.3967801692521803,False,False,False,,below_bounded_prescreen
diff__detailed__ewm_h5__netrtg,detailed_efficiency,0.0,1115,1115,0.2199135038020724,0.1972951728490718,1.0,1.0,0.16479889422313926,0.39649069803508485,False,False,False,,below_bounded_prescreen
diff__detailed__all__fg2pct_mean,detailed_efficiency,0.0,1115,1115,0.22749986444922932,0.23444710227517154,0.8823529411764706,1.0,0.18294890463115845,0.39644309367390174,False,False,False,,below_bounded_prescreen
diff__detailed__clean__fg2pct_mean,detailed_efficiency,0.0,1115,1115,0.22777517113285176,0.23444710227517154,0.8823529411764706,1.0,0.18483707301005317,0.3964281344091429,False,False,False,,below_bounded_prescreen
diff__detailed__all__fg2pct_median,detailed_efficiency,0.0,1115,1023,0.20785423234120876,0.24077224212149878,0.8823529411764706,1.0,0.15311099962454844,0.3963506379366387,False,False,False,,below_bounded_prescreen
diff__detailed__clean__oppftrate_median,detailed_efficiency,0.0,1115,1114,-0.2064165836817391,0.19751252399574246,1.0,1.0,0.10004722584642944,0.39621577089408183,False,False,False,,below_bounded_prescreen
diff__detailed__clean__oppftmaderate_median,detailed_efficiency,0.0,1115,1104,-0.2091379187052436,0.19608135480523897,1.0,1.0,0.10452475304885822,0.3959484022997139,False,False,False,,below_bounded_prescreen
diff__detailed__ewm_h20__oppefg,detailed_efficiency,0.0,1115,1115,-0.20822663911458764,0.23580622130055448,0.8823529411764706,1.0,0.10913268023465802,0.39580801020832435,False,False,False,,below_bounded_prescreen
diff__detailed__all__oppftrate_median,detailed_efficiency,0.0,1115,1115,-0.2055604060567057,0.1973158502464445,1.0,1.0,0.10333390114827146,0.39580154140483775,False,False,False,,below_bounded_prescreen
diff__detailed__clean__foul_rate_ros,detailed_efficiency,0.0,1115,1115,-0.2235975104874937,0.19368148830263432,1.0,1.0,0.15960507504631422,0.3957743636906605,False,False,False,,below_bounded_prescreen
diff__detailed__all__foul_rate_ros,detailed_efficiency,0.0,1115,1115,-0.2233052647497531,0.19368148830263432,1.0,1.0,0.16125385004192358,0.3956441186285332,False,False,False,,below_bounded_prescreen
diff__detailed__all__oppftmaderate_mean,detailed_efficiency,0.0,1115,1115,-0.2115365424830522,0.1993377563917757,1.0,1.0,0.16600888069714803,0.39557980718643787,False,False,False,,below_bounded_prescreen
diff__coach__seasons_with_program_through_current,prior_coach_history,0.0,1115,60,0.2179138740978393,0.23033301890608132,0.8823529411764706,1.0,0.11443424212234957,0.39510000227978503,False,False,False,,below_bounded_prescreen
diff__detailed__clean__opp_ft_rate_ros,detailed_efficiency,0.0,1115,1115,-0.2120354969815172,0.19802017910249534,1.0,1.0,0.1713272156376492,0.39484440667962556,False,False,False,,below_bounded_prescreen
diff__compact__half_delta_pointsagainstmean,compact_performance,0.0,1115,1078,0.2371502934169321,0.22276650393501427,0.8823529411764706,1.0,0.14165537801495115,0.3946112419081691,False,False,False,,below_bounded_prescreen
diff__detailed__all__oppftrate_mean,detailed_efficiency,0.0,1115,1115,-0.2093513705064821,0.19554901022595406,1.0,1.0,0.16409694120379387,0.3933569487717323,False,False,False,,below_bounded_prescreen
diff__detailed__clean__oppftrate_mean,detailed_efficiency,0.0,1115,1115,-0.20957850330578487,0.19504412025207796,1.0,1.0,0.16379415180612758,0.39317668237602493,False,False,False,,below_bounded_prescreen
diff__detailed__last20__off_rtg_mean,detailed_efficiency,0.0,1115,1115,0.24918930098495298,0.21646775595590348,0.8823529411764706,1.0,0.21747109285808058,0.3912037959494354,False,False,False,,below_bounded_prescreen
interaction__free_throw_pressure_edge,matchup_interactions,0.0,1115,1115,-0.20063627170934764,0.19321035215355753,1.0,1.0,0.14831661579896466,0.3909482841778055,False,True,False,,correlation_pruned_or_cap
diff__detailed__clean__foulrate_mean,detailed_efficiency,0.0,1115,1115,-0.21993957015088536,0.1841804458355224,1.0,1.0,0.15082714588051643,0.3907602335990249,False,False,False,,below_bounded_prescreen
diff__detailed__all__foulrate_mean,detailed_efficiency,0.0,1115,1115,-0.21963058987083522,0.1841804458355224,1.0,1.0,0.152261311109759,0.3906348913282441,False,False,False,,below_bounded_prescreen
diff__detailed__clean__true_shooting_ros,detailed_efficiency,0.0,1115,1115,0.20984973916185704,0.23259270064212653,0.8823529411764706,1.0,0.2323764350176723,0.3896928521113576,False,False,False,,below_bounded_prescreen
diff__detailed__all__true_shooting_ros,detailed_efficiency,0.0,1115,1115,0.2095316262170659,0.23259270064212653,0.8823529411764706,1.0,0.23748285961111248,0.389418610279766,False,False,False,,below_bounded_prescreen
diff__coach__years_since_tournament_appearance,prior_coach_history,0.27443946188340806,809,31,-0.21788044304023782,0.2257668278455469,1.0,1.0,0.12446442889108927,0.38936804072839865,False,False,False,,below_bounded_prescreen
diff__detailed__ewm_h10__efg,detailed_efficiency,0.0,1115,1115,0.19429693645889606,0.19704275972011137,1.0,1.0,0.20552002674193548,0.3891050496169331,False,False,False,,below_bounded_prescreen
diff__rating__elo_standard_delta,dynamic_ratings,0.0,1115,1115,0.20909337274769213,0.226480597490173,0.8823529411764706,1.0,0.17707782867779615,0.38880458624089875,False,True,True,81.0,selected
diff__prior__program_has_tournament_history,prior_program_history,0.0,1115,3,0.21675078314047683,0.2134062569657934,0.8823529411764706,1.0,0.12810947816582208,0.3861722670960881,False,False,False,,below_bounded_prescreen
diff__detailed__clean__trueshootingpct_mean,detailed_efficiency,0.0,1115,1115,0.2056157818602266,0.22784329312904633,0.8823529411764706,1.0,0.24072996578596811,0.38614752466798863,False,False,False,,below_bounded_prescreen
diff__detailed__all__efg_median,detailed_efficiency,0.0,1115,1093,0.206292729956766,0.18633291566801213,1.0,1.0,0.2169524316023239,0.3861461028470413,False,False,False,,below_bounded_prescreen
diff__detailed__all__trueshootingpct_mean,detailed_efficiency,0.0,1115,1115,0.20522176353143776,0.22784329312904633,0.8823529411764706,1.0,0.23966472969219865,0.38610345007940583,False,False,False,,below_bounded_prescreen
diff__detailed__clean__efg_median,detailed_efficiency,0.0,1115,1093,0.20587939326690533,0.18633291566801213,1.0,1.0,0.2249542962477597,0.3857350941894546,False,False,False,,below_bounded_prescreen
diff__conference__strength_std,conference_context,0.0,1115,961,0.20432006275247622,0.2195050856268375,0.8823529411764706,1.0,0.1613044581765582,0.38503714716759974,False,True,False,,correlation_pruned_or_cap
diff__geography__games_with_city,geography_and_schedule_dispersion,0.0,1115,15,0.24235037242829513,0.1794415792363971,1.0,1.0,0.37503718033897304,0.3844475527541366,False,False,False,,below_bounded_prescreen
diff__compact__neutral_games,compact_performance,0.04394618834080718,1066,17,0.22813499016603545,0.21184655545936906,0.8823529411764706,1.0,0.13931433301243018,0.3839642466574985,False,False,False,,below_bounded_prescreen
diff__detailed__neutral__games,detailed_efficiency,0.04394618834080718,1066,17,0.22813499016603545,0.21184655545936906,0.8823529411764706,1.0,0.13931433301243018,0.3839642466574985,False,False,False,,below_bounded_prescreen
diff__compact__half_marginmean_second,compact_performance,0.0,1115,997,0.20866977937952738,0.1735046073799613,1.0,1.0,0.19829392530172868,0.3812578059938083,False,False,False,,below_bounded_prescreen
diff__compact__points_against_mean,compact_performance,0.0,1115,1096,-0.2157648587403602,0.16840886782665576,1.0,1.0,0.2349233273291611,0.3789075923865075,False,False,False,,below_bounded_prescreen
diff__detailed__ewm_h10__defrtg,detailed_efficiency,0.0,1115,1115,-0.21208506193602406,0.19803030254605675,0.8823529411764706,1.0,0.10724290692981878,0.3786000131590751,False,False,False,,below_bounded_prescreen
diff__rating__elo_mov_log_delta,dynamic_ratings,0.0,1115,1115,0.18456035699248122,0.21481871814893705,0.8823529411764706,1.0,0.17416948257980064,0.37792595453487887,False,True,True,82.0,selected
diff__detailed__ewm_h10__oppefg,detailed_efficiency,0.0,1115,1115,-0.19693973839376003,0.20321007380791622,0.8823529411764706,1.0,0.11616754970966539,0.37739734647427564,False,False,False,,below_bounded_prescreen
diff__detailed__ewm_h5__orbpct,detailed_efficiency,0.0,1115,1115,0.1579347672166189,0.18019839260922954,1.0,1.0,0.1119686890990614,0.37676212967612394,False,False,False,,below_bounded_prescreen
diff__detailed__all__opp_ft_rate_ros,detailed_efficiency,0.0,1115,1115,-0.21191945230579534,0.1987123806965725,0.8823529411764706,1.0,0.17102826806098817,0.3763395621074256,False,False,False,,below_bounded_prescreen
diff__detailed__ewm_h5__offrtg,detailed_efficiency,0.0,1115,1115,0.23180529749563683,0.19467727406489865,0.8823529411764706,1.0,0.23271734462810148,0.3763100338033027,False,False,False,,below_bounded_prescreen
diff__rating__elo_mov_538_delta,dynamic_ratings,0.0,1115,1115,0.18467829881454323,0.21067532182773807,0.8823529411764706,1.0,0.17380327555054315,0.3759777197827273,False,True,False,,correlation_pruned_or_cap
diff__compact__close3_games,compact_performance,0.0,1115,19,-0.19934031126077503,0.1994336514233207,0.8823529411764706,1.0,0.150526511143945,0.37473843130304196,False,False,False,,below_bounded_prescreen
diff__detailed__all__opp_ftmade_rate_ros,detailed_efficiency,0.0,1115,1115,-0.21463072092748856,0.19246487378333738,0.8823529411764706,1.0,0.1651515361190021,0.3741723071635247,False,False,False,,below_bounded_prescreen
diff__detailed__clean__opp_ftmade_rate_ros,detailed_efficiency,0.0,1115,1115,-0.214774014238368,0.1921347012487528,0.8823529411764706,1.0,0.16381766298064296,0.3740987038008518,False,False,False,,below_bounded_prescreen
diff__compact__day90plus_games,compact_performance,0.0,1115,10,0.19346908602213836,0.2359257576189524,0.7647058823529411,1.0,0.14327729248089072,0.3724294120592025,False,False,False,,below_bounded_prescreen
diff__detailed__last10__ft_rate_mean,detailed_efficiency,0.0,1115,1115,-0.1539722575271027,0.17467145931662054,1.0,1.0,0.14993947988090894,0.3717186179327041,False,False,False,,below_bounded_prescreen
diff__detailed__all__ftrate_std,detailed_efficiency,0.0,1115,1115,-0.1635129572616017,0.20356092826886626,0.8823529411764706,1.0,0.12843789493504534,0.3697210509574416,False,False,False,,below_bounded_prescreen
diff__detailed__clean__foulrate_median,detailed_efficiency,0.0,1115,1115,-0.18007390580163016,0.14964349621497935,1.0,1.0,0.1354347190872732,0.36602774869605786,False,False,False,,below_bounded_prescreen
diff__detailed__all__foulrate_median,detailed_efficiency,0.0,1115,1115,-0.17916420229644386,0.14913717942500992,1.0,1.0,0.13671268065428605,0.36553346340305093,False,False,False,,below_bounded_prescreen
diff__detailed__clean__ftrate_std,detailed_efficiency,0.0,1115,1115,-0.16259005060826512,0.19011456301125146,0.8823529411764706,1.0,0.128755980875073,0.36305103273245143,False,False,False,,below_bounded_prescreen
diff__compact__day120plus_games,compact_performance,0.0,1115,9,0.15780135376526033,0.1912518460930389,0.8823529411764706,1.0,0.16364888294290225,0.3611476992235352,False,False,False,,below_bounded_prescreen
diff__geography__games_per_distinct_city,geography_and_schedule_dispersion,0.40179372197309415,667,359,0.22526874659265428,0.19923121452134834,1.0,1.0,0.3058102000276037,0.3608142014616794,False,False,False,,below_bounded_prescreen
diff__compact__last20_win_pct,compact_performance,0.0,1115,22,0.17134683204410228,0.17963554595480194,0.8823529411764706,1.0,0.11473273346786841,0.36050852635752795,False,False,False,,below_bounded_prescreen
diff__detailed__last10__tov_pct_mean,detailed_efficiency,0.0,1115,1115,-0.1593873030721251,0.14692649123662768,1.0,1.0,0.14624590667937676,0.3597400862022737,False,False,False,,below_bounded_prescreen
diff__detailed__last5__ft_rate_mean,detailed_efficiency,0.0,1115,1115,-0.15431665614650755,0.15022077763690156,1.0,1.0,0.15949012812060256,0.35967603249312036,False,False,False,,below_bounded_prescreen
diff__compact__pythag_residual_exp10p0,compact_performance,0.0,1115,1115,-0.208876730417094,0.16526381438730162,0.8823529411764706,1.0,0.20977890144808226,0.3580648261279774,False,False,False,,below_bounded_prescreen
diff__detailed__last20__tov_pct_mean,detailed_efficiency,0.0,1115,1115,-0.200981326557501,0.16881020346549303,0.8823529411764706,1.0,0.21505922572085595,0.357818891065488,False,False,False,,below_bounded_prescreen
diff__detailed__all__trueshootingpct_median,detailed_efficiency,0.0,1115,1114,0.18310882760166525,0.17462452491268457,0.8823529411764706,1.0,0.20164475436432355,0.35721439444411734,False,False,False,,below_bounded_prescreen
diff__detailed__clean__trueshootingpct_median,detailed_efficiency,0.0,1115,1114,0.1832882499093793,0.17486403466132533,0.8823529411764706,1.0,0.20814947164641928,0.3571086433398781,False,False,False,,below_bounded_prescreen
diff__compact__day110plus_games,compact_performance,0.0,1115,10,0.18453840379777872,0.20571522980673082,0.7647058823529411,1.0,0.12516474225594332,0.356688110628975,False,False,False,,below_bounded_prescreen
diff__detailed__last20__four_factor_edge_mean,detailed_efficiency,0.0,1115,1115,0.20281603529054607,0.15395462183987443,0.8823529411764706,1.0,0.1240803463825548,0.35473100297999294,False,False,False,,below_bounded_prescreen
diff__detailed__ewm_h5__tovpct,detailed_efficiency,0.0,1115,1115,-0.17885367227365448,0.1568378928840461,0.8823529411764706,1.0,0.13478856606390338,0.35041492443022526,False,False,False,,below_bounded_prescreen
diff__compact__ewm_h20_points_against,compact_performance,0.0,1115,1115,-0.2035682673954354,0.18743845563179456,0.7647058823529411,1.0,0.2104144865731365,0.34869183924380226,False,False,False,,below_bounded_prescreen
diff__detailed__last20__orb_pct_mean,detailed_efficiency,0.0,1115,1115,0.17596643201474207,0.15406855050172077,0.8823529411764706,1.0,0.16196618980192506,0.3473633422802275,False,False,False,,below_bounded_prescreen
diff__detailed__ewm_h5__fourfactoredge,detailed_efficiency,0.0,1115,1115,0.16965318621292824,0.14843837996495166,0.8823529411764706,1.0,0.08273150080936877,0.34644133390588155,False,False,False,,below_bounded_prescreen
diff__compact__close5_wins,compact_performance,0.0,1115,20,-0.16322035322788242,0.19660212519400014,0.7647058823529411,1.0,0.1687810766274339,0.34587919591462746,False,False,False,,below_bounded_prescreen
diff__detailed__last10__off_rtg_mean,detailed_efficiency,0.0,1115,1115,0.17797091223515984,0.15797597246444905,0.8823529411764706,1.0,0.26211205927894776,0.3456740556917481,False,False,False,,below_bounded_prescreen
diff__detailed__last10__orb_pct_mean,detailed_efficiency,0.0,1115,1115,0.12734712732354445,0.16220387896960145,0.8823529411764706,1.0,0.1329181316227716,0.34173397523991295,False,False,False,,below_bounded_prescreen
diff__detailed__all__oppstealpct_mean,detailed_efficiency,0.0,1115,1115,-0.13762198999103087,0.11658325176398135,1.0,1.0,0.12122389440580307,0.34138784286850576,False,False,False,,below_bounded_prescreen
diff__geography__distinct_cities,geography_and_schedule_dispersion,0.0,1115,18,-0.17998099634327483,0.10563057390312727,1.0,1.0,0.2434773139974845,0.34055940210912217,False,False,False,,below_bounded_prescreen
diff__detailed__clean__oppstealpct_mean,detailed_efficiency,0.0,1115,1115,-0.13752054324690813,0.11371191420062339,1.0,1.0,0.123555019866942,0.3398940375359414,False,False,False,,below_bounded_prescreen
diff__detailed__last20__opp_efg_mean,detailed_efficiency,0.0,1115,1115,-0.13128795046858271,0.15725842470259138,0.8823529411764706,1.0,0.18747606947717796,0.3380448207694802,False,False,False,,below_bounded_prescreen
diff__detailed__neutral__off_rtg_mean,detailed_efficiency,0.04394618834080718,1066,1066,0.1401388361705535,0.14666861850528873,0.8823529411764706,1.0,0.0806657025601459,0.3356656282586252,False,False,False,,below_bounded_prescreen
diff__compact__overtime_rate,compact_performance,0.0,1115,371,-0.15875856490978502,0.1375314795844895,0.8823529411764706,1.0,0.23101880663814878,0.332877712803417,False,False,False,,below_bounded_prescreen
diff__detailed__ewm_h5__ftrate,detailed_efficiency,0.0,1115,1115,-0.15738859383518297,0.16157747147342122,0.7647058823529411,1.0,0.13187471983945825,0.3292606293338747,False,False,False,,below_bounded_prescreen
diff__compact__day90plus_margin_mean,compact_performance,0.0,1115,1004,0.17754987964627938,0.15358302689795145,0.7647058823529411,1.0,0.20853287796669556,0.3267924524910009,False,False,False,,below_bounded_prescreen
diff__conference__tourney_champion,conference_context,0.017040358744394617,1096,3,-0.1666147748060663,0.15439462610138044,0.7647058823529411,1.0,0.14072067577304453,0.3261255564319945,False,True,False,,correlation_pruned_or_cap
diff__detailed__all__tovpct_std,detailed_efficiency,0.0,1115,1115,-0.14249510594466458,0.16025744963033867,0.7647058823529411,1.0,0.11493599252827184,0.3260280006057285,False,False,False,,below_bounded_prescreen
diff__detailed__clean__tovpct_std,detailed_efficiency,0.0,1115,1115,-0.1419969431695572,0.16025744963033867,0.7647058823529411,1.0,0.11269324855154285,0.32600811455427403,False,False,False,,below_bounded_prescreen
diff__compact__last5_margin_std,compact_performance,0.0,1115,1114,0.12269103431210399,0.08354492783864348,1.0,1.0,0.12774483404528536,0.3219837995494004,False,False,False,,below_bounded_prescreen
diff__schedule__opponent_strength_std,schedule_and_accomplishment,0.0,1115,1115,0.13634845441720467,0.12170563510435564,0.8823529411764706,1.0,0.20957906164555185,0.321208672944289,False,True,True,97.0,selected
diff__compact__neutral_margin_mean,compact_performance,0.04394618834080718,1066,745,0.13778645987745478,0.16436365366755687,0.7647058823529411,1.0,0.1719466057601438,0.32116695681226765,False,False,False,,below_bounded_prescreen
diff__detailed__all__oppstealpct_median,detailed_efficiency,0.0,1115,1115,-0.11514677631998023,0.1247877612686039,0.8823529411764706,1.0,0.14796268132206594,0.3204883795346782,False,False,False,,below_bounded_prescreen
diff__detailed__last5__tov_pct_mean,detailed_efficiency,0.0,1115,1115,-0.10906774711057182,0.11942195080271378,0.8823529411764706,1.0,0.06634008089438509,0.31984030810208836,False,False,False,,below_bounded_prescreen
diff__compact__last10_margin_mean,compact_performance,0.0,1115,295,0.15581256279193134,0.14427543391783387,0.7647058823529411,1.0,0.16639908581949614,0.3192279498384759,False,False,False,,below_bounded_prescreen
diff__compact__overtime_periods_mean,compact_performance,0.0,1115,434,-0.13200771808853695,0.1161535881856488,0.8823529411764706,1.0,0.172599360149366,0.31906791649085026,False,False,False,,below_bounded_prescreen
diff__detailed__away__def_rtg_mean,detailed_efficiency,0.0,1115,1115,-0.17678796854620585,0.17513449290339692,0.6470588235294118,1.0,0.19621243469556376,0.3186388240506791,False,False,False,,below_bounded_prescreen
diff__detailed__last20__ft_rate_mean,detailed_efficiency,0.0,1115,1115,-0.12443103252963916,0.15322482047897648,0.7647058823529411,1.0,0.14273748015110477,0.31756618295685574,False,False,False,,below_bounded_prescreen
diff__detailed__last5__orb_pct_mean,detailed_efficiency,0.0,1115,1115,0.09347407030991832,0.08051445728740443,1.0,1.0,0.07156605964708129,0.3163485925802529,False,False,False,,below_bounded_prescreen
diff__detailed__clean__oppstealpct_median,detailed_efficiency,0.0,1115,1115,-0.11276353469378776,0.11357672332722454,0.8823529411764706,1.0,0.15053058816542983,0.31448005189131917,False,False,False,,below_bounded_prescreen
diff__detailed__last10__net_rtg_mean,detailed_efficiency,0.0,1115,1115,0.15456423255420837,0.1319683417880007,0.7647058823529411,1.0,0.13056162018411865,0.31447941158927195,False,False,False,,below_bounded_prescreen
diff__detailed__clean__steal_pct_ros,detailed_efficiency,0.0,1115,1115,0.13475797281864105,0.1383137616230845,0.7647058823529411,1.0,0.13839706108540614,0.312854418332236,False,False,False,,below_bounded_prescreen
diff__detailed__clean__stealpct_mean,detailed_efficiency,0.0,1115,1115,0.13307076489462452,0.13899536993043313,0.7647058823529411,1.0,0.14462560481469716,0.312561262827308,False,False,False,,below_bounded_prescreen
diff__detailed__all__steal_pct_ros,detailed_efficiency,0.0,1115,1115,0.13430359750896906,0.1379129347760232,0.7647058823529411,1.0,0.13873711264439395,0.3125484568151592,False,False,False,,below_bounded_prescreen
diff__detailed__all__stealpct_mean,detailed_efficiency,0.0,1115,1115,0.13262038786447589,0.13860957595053,0.7647058823529411,1.0,0.14438340184880127,0.3122866868889576,False,False,False,,below_bounded_prescreen
interaction__turnover_pressure_edge,matchup_interactions,0.0,1115,1115,0.12211478770881917,0.13799940794255203,0.7647058823529411,1.0,0.1497824926108916,0.3094666105804001,False,True,False,,correlation_pruned_or_cap
diff__compact__half_winpct_second,compact_performance,0.0,1115,435,0.12476826342801202,0.12627571960293762,0.7647058823529411,1.0,0.12048864881084298,0.30559475858760954,False,False,False,,below_bounded_prescreen
diff__compact__ewm_h5_points_for,compact_performance,0.0,1115,1115,0.13367151084749807,0.16435126011816484,0.6470588235294118,1.0,0.16389285488132183,0.3052700348126217,False,False,False,,below_bounded_prescreen
diff__detailed__all__oppfg3pct_mean,detailed_efficiency,0.0,1115,1115,-0.1314688832603971,0.15698651517469708,0.6470588235294118,1.0,0.1663457924614015,0.3011522616673918,False,False,False,,below_bounded_prescreen
diff__detailed__clean__oppfg3pct_mean,detailed_efficiency,0.0,1115,1115,-0.13191755132198849,0.1534384778116968,0.6470588235294118,1.0,0.16740208599487388,0.2995056589653629,False,False,False,,below_bounded_prescreen
diff__quality__FlaggedPossessionRate,detailed_efficiency,0.0,1115,21,-0.0853037383651989,0.09818598271620137,0.8571428571428571,1.0,0.14155347711622462,0.2973768122023286,False,False,False,,below_bounded_prescreen
diff__quality__FlaggedPossessionGames,detailed_efficiency,0.0,1115,5,-0.08223464681312366,0.09811204430015671,0.8571428571428571,1.0,0.13670687611434473,0.2968599856612458,False,False,False,,below_bounded_prescreen
diff__detailed__neutral__net_rtg_mean,detailed_efficiency,0.04394618834080718,1066,1066,0.13284694202348615,0.15329806413390754,0.6470588235294118,1.0,0.18491085396785978,0.2954266805681695,False,False,False,,below_bounded_prescreen
diff__detailed__ewm_h5__oppefg,detailed_efficiency,0.0,1115,1115,-0.09362715238305312,0.11730460394396679,0.7647058823529411,1.0,0.11351827407186912,0.2947163936309716,False,False,False,,below_bounded_prescreen
diff__detailed__all__stealpct_median,detailed_efficiency,0.0,1115,1115,0.10947702624181581,0.10842369594268268,0.7647058823529411,1.0,0.1345654551279113,0.29309864279704134,False,False,False,,below_bounded_prescreen
diff__detailed__clean__stealpct_median,detailed_efficiency,0.0,1115,1115,0.10940318405903679,0.10838110241862385,0.7647058823529411,1.0,0.13386530591936546,0.29308995859362347,False,False,False,,below_bounded_prescreen
diff__compact__ewm_h10_points_against,compact_performance,0.0,1115,1115,-0.1523405408648355,0.13242578542614425,0.6470588235294118,1.0,0.21180059269045037,0.29213668405190096,False,False,False,,below_bounded_prescreen
diff__detailed__clean__fg3_pct_ros,detailed_efficiency,0.0,1115,1114,0.12302759722628429,0.13036518056368213,0.6470588235294118,1.0,0.09680304642503515,0.28929864796805443,False,False,False,,below_bounded_prescreen
diff__detailed__all__fg3_pct_ros,detailed_efficiency,0.0,1115,1114,0.12228327223786219,0.13088037757437468,0.6470588235294118,1.0,0.10406750494016848,0.2890916126951287,False,False,False,,below_bounded_prescreen
diff__compact__day120plus_win_pct,compact_performance,0.0,1115,55,-0.11777532984276597,0.09946800834070277,0.7647058823529411,1.0,0.17472117084634747,0.2890193109115625,False,False,False,,below_bounded_prescreen
diff__detailed__all__fg3pct_mean,detailed_efficiency,0.0,1115,1115,0.1008469161652174,0.1367684613583615,0.6470588235294118,1.0,0.10137531929782323,0.28730958200115425,False,False,False,,below_bounded_prescreen
diff__detailed__last5__off_rtg_mean,detailed_efficiency,0.0,1115,1115,0.12549713496391107,0.13001923009468713,0.6470588235294118,1.0,0.16911998973432316,0.2867832123128432,False,False,False,,below_bounded_prescreen
diff__compact__rest_days_mean,compact_performance,0.0,1115,774,-0.15273002306944405,0.20738711616858554,0.4117647058823529,1.0,0.3119795048937738,0.2865495935816243,False,False,False,,below_bounded_prescreen
diff__compact__last10_margin_median,compact_performance,0.0,1115,90,0.11842021316214313,0.08668099445132664,0.7647058823529411,1.0,0.10589140877413891,0.2857766090578133,False,False,False,,below_bounded_prescreen
diff__detailed__clean__fg3pct_mean,detailed_efficiency,0.0,1115,1115,0.10190126850656765,0.13279554771416974,0.6470588235294118,1.0,0.10228673464026608,0.28559808435334155,False,False,False,,below_bounded_prescreen
diff__detailed__last10__opp_efg_mean,detailed_efficiency,0.0,1115,1115,-0.07446916800279176,0.09505722172184543,0.7647058823529411,1.0,0.0778540032074059,0.2812494644352743,False,False,False,,below_bounded_prescreen
diff__compact__last20_points_for_mean,compact_performance,0.0,1115,487,0.13774728734332056,0.14973553976694765,0.5294117647058824,1.0,0.16241935922882372,0.2803865702874536,False,False,False,,below_bounded_prescreen
mean__detailed__clean__opp_ftmade_rate_ros,detailed_efficiency,0.0,1115,1115,-0.07955085995999879,0.0884596319968488,0.7647058823529411,1.0,0.1345136982531902,0.2769342057960302,False,False,False,,below_bounded_prescreen
mean__detailed__all__opp_ftmade_rate_ros,detailed_efficiency,0.0,1115,1115,-0.07969611440078853,0.08826481887152779,0.7647058823529411,1.0,0.13304979653106153,0.276931207541735,False,False,False,,below_bounded_prescreen
diff__conference__tourney_win_pct,conference_context,0.017040358744394617,1096,17,-0.11361893840823574,0.07205094889684562,0.7647058823529411,1.0,0.1500435258986867,0.27456859336126926,False,True,False,,correlation_pruned_or_cap
mean__detailed__all__oppftmaderate_mean,detailed_efficiency,0.0,1115,1115,-0.07975742755025647,0.07885899124632671,0.7647058823529411,1.0,0.12189131977929057,0.2728762382445922,False,False,False,,below_bounded_prescreen
mean__detailed__clean__oppftmaderate_mean,detailed_efficiency,0.0,1115,1115,-0.07952993482679922,0.07793575373204853,0.7647058823529411,1.0,0.1243638159439378,0.27228413599199214,False,False,False,,below_bounded_prescreen
diff__detailed__all__oppassistturnoverratio_mean,detailed_efficiency,0.0,1115,1115,-0.10120086376705234,0.11110640255215418,0.6470588235294118,1.0,0.17985284575181276,0.27193056118841885,False,False,False,,below_bounded_prescreen
diff__detailed__all__oppfg3pct_median,detailed_efficiency,0.0,1115,747,-0.10592634480846712,0.14889307868457602,0.5294117647058824,1.0,0.21808455623306805,0.2707549737300777,False,False,False,,below_bounded_prescreen
diff__detailed__clean__oppfg3pct_median,detailed_efficiency,0.0,1115,760,-0.10417952471706302,0.14889307868457602,0.5294117647058824,1.0,0.22049059331174542,0.27027443182682176,False,False,False,,below_bounded_prescreen
diff__detailed__all__oppassistturnoverratio_median,detailed_efficiency,0.0,1115,958,-0.09109850088110825,0.14801683311515537,0.5294117647058824,1.0,0.1629528280805959,0.26927751931883576,False,False,False,,below_bounded_prescreen
diff__detailed__clean__oppassistturnoverratio_median,detailed_efficiency,0.0,1115,950,-0.0899993318727784,0.14801683311515537,0.5294117647058824,1.0,0.16263916754321225,0.26904824855849857,False,False,False,,below_bounded_prescreen
diff__detailed__clean__oppassistturnoverratio_mean,detailed_efficiency,0.0,1115,1115,-0.10129283673415136,0.1050026276456648,0.6470588235294118,1.0,0.18003735515161076,0.2690136029100739,False,False,False,,below_bounded_prescreen
diff__compact__close3_wins,compact_performance,0.0,1115,16,-0.13630206303144823,0.12799675379679412,0.5294117647058824,1.0,0.20387945459118678,0.26797559985867353,False,False,False,,below_bounded_prescreen
mean__coach__midseason_change,prior_coach_history,0.0,1115,2,0.035132044089276886,0.0,1.0,1.0,0.0,0.26772904969964095,False,False,False,,below_bounded_prescreen
diff__compact__margin_std,compact_performance,0.0,1115,1115,0.11269340832663975,0.09501208307256387,0.6470588235294118,1.0,0.18476501892041736,0.2665371607145806,False,False,False,,below_bounded_prescreen
diff__coach__midseason_change,prior_coach_history,0.0,1115,3,-0.029127367002628777,0.0,1.0,1.0,0.0,0.26640802074057834,False,False,False,,below_bounded_prescreen
absdiff__detailed__last5__tov_pct_mean,detailed_efficiency,0.0,1115,1115,0.07340011462764365,0.1005943375929378,0.6470588235294118,1.0,0.07272442734307025,0.26505374193367487,False,False,False,,below_bounded_prescreen
diff__detailed__clean__ftrate_median,detailed_efficiency,0.0,1115,1106,-0.08095007964078785,0.13904545080620892,0.5294117647058824,1.0,0.17962886654383256,0.26207156159914147,False,False,False,,below_bounded_prescreen
absdiff__detailed__last20__pace_mean,detailed_efficiency,0.0,1115,1063,-0.06495924222427958,0.10171036280021231,0.6470588235294118,1.0,0.1372284666354519,0.26115228053273126,False,False,False,,below_bounded_prescreen
diff__detailed__all__ftrate_median,detailed_efficiency,0.0,1115,1105,-0.08071500983159974,0.13728303902729813,0.5294117647058824,1.0,0.18071052330235954,0.2611306223169019,False,False,False,,below_bounded_prescreen
diff__compact__pythag_residual_exp8p0,compact_performance,0.0,1115,1115,-0.12391357515164172,0.08173325812146713,0.6470588235294118,1.0,0.2283700555469298,0.26088755997449414,False,False,False,,below_bounded_prescreen
diff__compact__half_pointsformean_second,compact_performance,0.0,1115,1001,0.11858966381583456,0.11581871111877978,0.5294117647058824,1.0,0.15879433874011015,0.26003681617983465,False,False,False,,below_bounded_prescreen
diff__detailed__all__ftrate_mean,detailed_efficiency,0.0,1115,1115,-0.08810581851807012,0.1236773302237092,0.5294117647058824,1.0,0.10763418728384956,0.25914891344294305,False,False,False,,below_bounded_prescreen
diff__detailed__all__ftrate_trim02,detailed_efficiency,0.0,1115,1115,-0.08810581851807012,0.1236773302237092,0.5294117647058824,1.0,0.10763418728384956,0.25914891344294305,False,False,False,,below_bounded_prescreen
diff__detailed__clean__ftrate_mean,detailed_efficiency,0.0,1115,1115,-0.08651830440803325,0.1236773302237092,0.5294117647058824,1.0,0.10761047123708326,0.2588006089806056,False,False,False,,below_bounded_prescreen
diff__detailed__clean__ftrate_trim02,detailed_efficiency,0.0,1115,1115,-0.08651830440803325,0.1236773302237092,0.5294117647058824,1.0,0.10761047123708326,0.2588006089806056,False,False,False,,below_bounded_prescreen
diff__detailed__clean__oppblockpct_mean,detailed_efficiency,0.0,1115,1115,-0.07962102349743656,0.08654415126649836,0.6470588235294118,1.0,0.10163367918831868,0.2585218823745284,False,False,False,,below_bounded_prescreen
diff__detailed__all__oppblockpct_mean,detailed_efficiency,0.0,1115,1115,-0.07912476947858246,0.08654415126649836,0.6470588235294118,1.0,0.10593550447054909,0.25824063347909126,False,False,False,,below_bounded_prescreen
diff__detailed__ewm_h10__ftrate,detailed_efficiency,0.0,1115,1115,-0.114322750457305,0.11527012508658067,0.5294117647058824,1.0,0.1790214312142931,0.25802569024653527,False,False,False,,below_bounded_prescreen
diff__detailed__clean__oppblockpct_median,detailed_efficiency,0.0,1115,1047,-0.06916067775507911,0.08893819471392962,0.6470588235294118,1.0,0.10546135909971975,0.25721663996952077,False,False,False,,below_bounded_prescreen
absdiff__schedule__top_quartile_games,schedule_and_accomplishment,0.0,1115,23,-0.05926336740838337,0.13782933353787427,0.5294117647058824,1.0,0.18262734583422474,0.2565968094475962,False,True,True,98.0,selected
diff__detailed__all__ftmaderate_mean,detailed_efficiency,0.0,1115,1115,-0.06144741290012947,0.1286334845061288,0.5294117647058824,1.0,0.12102648046408265,0.25512732653534814,False,False,False,,below_bounded_prescreen
absdiff__detailed__ewm_h20__oppefg,detailed_efficiency,0.0,1115,1115,-0.07882957480149388,0.16601074778573952,0.4117647058823529,1.0,0.20331185505761692,0.2547775441323554,False,False,False,,below_bounded_prescreen
diff__detailed__clean__ft_rate_ros,detailed_efficiency,0.0,1115,1115,-0.07920544451598346,0.1219805272986431,0.5294117647058824,1.0,0.1508047963431095,0.25464954139608187,False,False,False,,below_bounded_prescreen
diff__detailed__clean__ftmaderate_mean,detailed_efficiency,0.0,1115,1115,-0.06040383771639968,0.12650121816636709,0.5294117647058824,1.0,0.11456324084502625,0.2541327817366042,False,False,False,,below_bounded_prescreen
diff__detailed__all__ft_rate_ros,detailed_efficiency,0.0,1115,1115,-0.08082104514460804,0.11962511118562257,0.5294117647058824,1.0,0.1507767113202709,0.2538754972010429,False,False,False,,below_bounded_prescreen
diff__detailed__last10__four_factor_edge_mean,detailed_efficiency,0.0,1115,1115,0.11437431657837084,0.09901822705313801,0.5294117647058824,1.0,0.0949842036803285,0.2535976128384758,False,False,False,,below_bounded_prescreen
diff__detailed__all__assistperfgm_median,detailed_efficiency,0.0,1115,1036,0.07313148669236139,0.11320192880488475,0.5294117647058824,1.0,0.11325753750331248,0.25060143375147287,False,False,False,,below_bounded_prescreen
diff__detailed__clean__assistperfgm_median,detailed_efficiency,0.0,1115,1036,0.0711000920491639,0.11459871309645205,0.5294117647058824,1.0,0.12142473770627515,0.2504982953818032,False,False,False,,below_bounded_prescreen
absdiff__detailed__clean__defrtg_std,detailed_efficiency,0.0,1115,1115,-0.06361361943065044,0.08076434092811301,0.6470588235294118,1.0,0.159669560262682,0.24990450927443597,False,False,False,,below_bounded_prescreen
diff__compact__away_margin_std,compact_performance,0.0,1115,1115,-0.11759007283823864,0.1428129915118964,0.4117647058823529,1.0,0.27928157906826834,0.2491311417285685,False,False,False,,below_bounded_prescreen
diff__detailed__clean__ftmade_rate_ros,detailed_efficiency,0.0,1115,1115,-0.05457292781666414,0.12064014790311751,0.5294117647058824,1.0,0.14024322461103284,0.24900946848166242,False,False,False,,below_bounded_prescreen
absdiff__compact__day90plus_margin_mean,compact_performance,0.0,1115,934,0.049787955705281856,0.12424276191817561,0.5294117647058824,1.0,0.15828728239065065,0.24896426703320143,False,False,False,,below_bounded_prescreen
diff__compact__day110plus_margin_mean,compact_performance,0.0,1115,892,0.12582169192075326,0.1271688870397491,0.4117647058823529,1.0,0.1892540714038959,0.24703402808666589,False,False,False,,below_bounded_prescreen
diff__compact__ewm_h5_win,compact_performance,0.0,1115,1115,0.08804503343665436,0.10083170654117231,0.5294117647058824,1.0,0.13994667436759833,0.2468771418740639,False,False,False,,below_bounded_prescreen
absdiff__detailed__away__pace_mean,detailed_efficiency,0.0,1115,1109,-0.06082291587037314,0.06984053737285113,0.6470588235294118,1.0,0.11016410844904719,0.24602734685719468,False,False,False,,below_bounded_prescreen
absdiff__detailed__home__pace_mean,detailed_efficiency,0.0,1115,1112,-0.049358454520445044,0.11301657210682821,0.5294117647058824,1.0,0.10463268162167756,0.24562738969384953,False,False,False,,below_bounded_prescreen
absdiff__schedule__opponent_strength_pct_mean,schedule_and_accomplishment,0.0,1115,1115,-0.04166773064691977,0.11623562554554044,0.5294117647058824,1.0,0.12351331805007201,0.24472535063512008,False,True,True,99.0,selected
diff__detailed__all__efg_std,detailed_efficiency,0.0,1115,1115,-0.08542247619983437,0.09266934063122885,0.5294117647058824,1.0,0.11924630233432179,0.2432102585265217,False,False,False,,below_bounded_prescreen
diff__detailed__clean__efg_std,detailed_efficiency,0.0,1115,1115,-0.08543720006375098,0.09230057557180989,0.5294117647058824,1.0,0.12158756083078823,0.24294284020820361,False,False,False,,below_bounded_prescreen
mean__coach__prior_tournament_appearances,prior_coach_history,0.0,1115,50,0.05092678656627023,0.10614940901886367,0.5294117647058824,1.0,0.1368422210042981,0.24138780288640327,False,False,False,,below_bounded_prescreen
diff__compact__first_game_day,compact_performance,0.0,1115,28,-0.11712655014685405,0.0841065040888754,0.5294117647058824,1.0,0.23752265980427345,0.24134393895573836,False,False,False,,below_bounded_prescreen
mean__prior__program_win_pct_smoothed,prior_program_history,0.0,1115,904,0.0749604553889573,0.1325109597317337,0.4117647058823529,1.0,0.171359574025967,0.23912453083694057,False,False,False,,below_bounded_prescreen
interaction__adjusted_offense_defense_edge,matchup_interactions,0.0,1115,1115,0.08430097516282556,0.09117530418288176,0.5294117647058824,1.0,0.21705591917079325,0.2383340061297143,False,True,False,,correlation_pruned_or_cap
absdiff__norm__schedule__opponent_strength_mean__pct,within_season_normalization,0.0,1115,773,-0.04126131544207831,0.1002490122879623,0.5294117647058824,1.0,0.09533807847981093,0.23808937450922785,False,False,False,,below_bounded_prescreen
diff__compact__last5_points_for_mean,compact_performance,0.0,1115,213,0.08576072490344241,0.12300425611447374,0.4117647058823529,1.0,0.15490825386435242,0.2375954252003071,False,False,False,,below_bounded_prescreen
absdiff__rating__pagerank_binary_percentile,global_strength_ratings,0.0,1115,643,-0.059739861732049565,0.13542755155797623,0.4117647058823529,1.0,0.17157983608622032,0.23716715382660716,False,False,False,,below_bounded_prescreen
diff__detailed__all__oppblockpct_median,detailed_efficiency,0.0,1115,1049,-0.06788732108354574,0.08651213044121495,0.5294117647058824,1.0,0.1045723030094731,0.2369840234827255,False,False,False,,below_bounded_prescreen
diff__detailed__all__ftmaderate_median,detailed_efficiency,0.0,1115,1105,-0.053845480404332964,0.1385940136139777,0.4117647058823529,1.0,0.18927288548794197,0.23668256974532134,False,False,False,,below_bounded_prescreen
diff__detailed__all__oppfoulrate_median,detailed_efficiency,0.0,1115,1115,-0.05879497093767127,0.1346166034137621,0.4117647058823529,1.0,0.17229303478313346,0.23654149479474462,False,False,False,,below_bounded_prescreen
diff__detailed__clean__netrtg_std,detailed_efficiency,0.0,1115,1115,0.07624604093205084,0.08378880277203798,0.5294117647058824,1.0,0.1421899694536948,0.2360110379104228,False,False,False,,below_bounded_prescreen
diff__detailed__clean__ftmaderate_median,detailed_efficiency,0.0,1115,1106,-0.05215611008497752,0.13785217109506168,0.4117647058823529,1.0,0.18927288548794197,0.23595482386598346,False,False,False,,below_bounded_prescreen
diff__detailed__clean__oppfoulrate_median,detailed_efficiency,0.0,1115,1115,-0.05896042919958969,0.13241010462002478,0.4117647058823529,1.0,0.16775516058128948,0.23570029115944655,False,False,False,,below_bounded_prescreen
diff__detailed__all__netrtg_std,detailed_efficiency,0.0,1115,1115,0.0774983320496386,0.08378880277203798,0.5294117647058824,1.0,0.16294403210831881,0.23545637945010714,False,False,False,,below_bounded_prescreen
diff__compact__day90plus_win_pct,compact_performance,0.0,1115,417,0.0902067128306955,0.11563324479146812,0.4117647058823529,1.0,0.1592611552196037,0.23486134105505002,False,False,False,,below_bounded_prescreen
mean__prior__program_tournament_games,prior_program_history,0.0,1115,164,0.07531389119561627,0.1273053764579509,0.4117647058823529,1.0,0.22396918827176926,0.23459922217315773,False,False,False,,below_bounded_prescreen
diff__detailed__last20__def_rtg_mean,detailed_efficiency,0.0,1115,1115,-0.08427312425780602,0.07580109456527392,0.5294117647058824,1.0,0.13738286260214314,0.23413518057690427,False,False,False,,below_bounded_prescreen
absdiff__massey__system_dol,massey_consensus,0.0,1115,593,-0.05031676835950922,0.18164800383000348,0.29411764705882354,1.0,0.28425958764663495,0.2339491709010401,False,False,False,,below_bounded_prescreen
mean__prior__program_tournament_wins,prior_program_history,0.0,1115,127,0.07852110092433097,0.12378837113378216,0.4117647058823529,1.0,0.21566523002766147,0.2339488040876383,False,False,False,,below_bounded_prescreen
diff__detailed__all__fg3pct_median,detailed_efficiency,0.0,1115,888,0.08765075259615596,0.12241878859197891,0.4117647058823529,1.0,0.25269805571887854,0.23381861480772553,False,False,False,,below_bounded_prescreen
diff__detailed__clean__fg3pct_median,detailed_efficiency,0.0,1115,889,0.08858922353002945,0.12177956647359231,0.4117647058823529,1.0,0.25269805571887854,0.23371825179635214,False,False,False,,below_bounded_prescreen
diff__conference__tourney_wins,conference_context,0.017040358744394617,1096,9,-0.09111242413607393,0.07285443484876866,0.5294117647058824,1.0,0.13501004607124856,0.23295711384788487,False,True,False,,correlation_pruned_or_cap
absdiff__compact__ewm_h5_margin,compact_performance,0.0,1115,1115,0.04018536751465322,0.08860030855300458,0.5294117647058824,1.0,0.08905913645017846,0.23251244585359993,False,False,False,,below_bounded_prescreen
absdiff__norm__schedule__rpi__pct,within_season_normalization,0.0,1115,574,-0.04595714128823986,0.18808959786626206,0.29411764705882354,1.0,0.37407678238522835,0.2324893302932212,False,False,False,,below_bounded_prescreen
absdiff__detailed__all__defrtg_std,detailed_efficiency,0.0,1115,1115,-0.06417339068622778,0.08236955739220614,0.5294117647058824,1.0,0.15741191191756326,0.2320649393754677,False,False,False,,below_bounded_prescreen
absdiff__detailed__clean__tovpct_std,detailed_efficiency,0.0,1115,1115,-0.04440678252634734,0.12844022349590972,0.4117647058823529,1.0,0.13247285081611943,0.2320042383423648,False,False,False,,below_bounded_prescreen
absdiff__massey__system_col,massey_consensus,0.0,1115,628,-0.04850897800587421,0.18055472664351055,0.29411764705882354,1.0,0.32117661399222397,0.2315500029199002,False,False,False,,below_bounded_prescreen
diff__detailed__all__ftmade_rate_ros,detailed_efficiency,0.0,1115,1115,-0.055689988313551146,0.12245221997207063,0.4117647058823529,1.0,0.14505555542134568,0.2311089937398978,False,False,False,,below_bounded_prescreen
absdiff__massey__strength_max,massey_consensus,0.0,1115,544,-0.0436025093497333,0.17637406387412674,0.29411764705882354,1.0,0.28188728766659804,0.23003543473927002,False,False,False,,below_bounded_prescreen
absdiff__detailed__all__tovpct_std,detailed_efficiency,0.0,1115,1115,-0.04400331757242078,0.12396734512626907,0.4117647058823529,1.0,0.1360405661014697,0.22962578582365942,False,False,False,,below_bounded_prescreen
absdiff__massey__ordinal_mean,massey_consensus,0.0,1115,1105,-0.05079289736472606,0.1734488473229035,0.29411764705882354,1.0,0.2969670659602241,0.2296100250262362,False,False,False,,below_bounded_prescreen
absdiff__detailed__clean__def_rtg_ros,detailed_efficiency,0.0,1115,1115,-0.034842079955885896,0.1286513628013857,0.4117647058823529,1.0,0.14519188428044383,0.22949258930491873,False,False,False,,below_bounded_prescreen
diff__detailed__ewm_h5__efg,detailed_efficiency,0.0,1115,1115,0.087753643897077,0.10486507302089355,0.4117647058823529,1.0,0.1642365871169234,0.22895392616388538,False,False,False,,below_bounded_prescreen
absdiff__norm__rating__colley__pct,within_season_normalization,0.0,1115,577,-0.04699712704720954,0.17579273798618603,0.29411764705882354,1.0,0.3215119988785651,0.22891822575802453,False,False,False,,below_bounded_prescreen
absdiff__rating__colley_percentile,global_strength_ratings,0.0,1115,577,-0.04699712704720954,0.17579273798618603,0.29411764705882354,1.0,0.3215119988785651,0.22891822575802453,False,False,False,,below_bounded_prescreen
absdiff__rating__elo_mov_log_percentile,dynamic_ratings,0.0,1115,560,-0.03528952883710339,0.1812338366403732,0.29411764705882354,1.0,0.3373428608965645,0.22832104702509107,False,True,True,83.0,selected
diff__detailed__clean__assistperfgm_mean,detailed_efficiency,0.0,1115,1115,0.0728189969317609,0.10886115367831725,0.4117647058823529,1.0,0.14838735292021726,0.22822039191494747,False,False,False,,below_bounded_prescreen
diff__compact__last10_points_against_mean,compact_performance,0.0,1115,325,-0.05101006375848342,0.11904675437791937,0.4117647058823529,1.0,0.15479461765751817,0.2280552243631434,False,False,False,,below_bounded_prescreen
absdiff__detailed__poss0p475__def_rtg_mean,detailed_efficiency,0.0,1115,1115,-0.02945058775673812,0.1292058762806397,0.4117647058823529,1.0,0.16611653208502974,0.22773564157896473,False,False,False,,below_bounded_prescreen
diff__compact__margin_mad,compact_performance,0.0,1115,37,0.05789758337306218,0.12134203338652118,0.4117647058823529,1.0,0.2302471531213116,0.22765411118392787,False,False,False,,below_bounded_prescreen
absdiff__massey__strength_trim05,massey_consensus,0.0,1115,1115,-0.04941460744343292,0.1704873047200622,0.29411764705882354,1.0,0.30476463941158016,0.22757335785613367,False,False,False,,below_bounded_prescreen
diff__detailed__all__orbpct_std,detailed_efficiency,0.0,1115,1115,0.08965898539598122,0.1008612765745905,0.4117647058823529,1.0,0.16487139451076524,0.22742588670366518,False,False,False,,below_bounded_prescreen
absdiff__detailed__all__def_rtg_ros,detailed_efficiency,0.0,1115,1115,-0.032697102160618094,0.12666883907259888,0.4117647058823529,1.0,0.1641523857659102,0.2273106627407235,False,False,False,,below_bounded_prescreen
absdiff__detailed__poss0p44__def_rtg_mean,detailed_efficiency,0.0,1115,1115,-0.028072732443005875,0.12854042283374642,0.4117647058823529,1.0,0.1654778486510709,0.22713864309279322,False,False,False,,below_bounded_prescreen
absdiff__massey__ordinal_min,massey_consensus,0.0,1115,131,-0.0440086142238355,0.16821774991590008,0.29411764705882354,1.0,0.2693748401294968,0.22671024501310774,False,False,False,,below_bounded_prescreen
absdiff__norm__massey__strength_mean__pct,within_season_normalization,0.0,1115,604,-0.0477611965948045,0.17001230130546063,0.29411764705882354,1.0,0.31368021082640674,0.2266249829738336,False,False,False,,below_bounded_prescreen
absdiff__norm__rating__elo_mov_538__pct,within_season_normalization,0.0,1115,545,-0.03678491459988839,0.1763482058338305,0.29411764705882354,1.0,0.3359250214887549,0.22636164268207568,False,False,False,,below_bounded_prescreen
absdiff__rating__elo_mov_538_percentile,dynamic_ratings,0.0,1115,545,-0.03678491459988839,0.1763482058338305,0.29411764705882354,1.0,0.3359250214887549,0.22636164268207568,False,True,False,,correlation_pruned_or_cap
absdiff__compact__days_since_last_game,compact_performance,0.0,1115,9,-0.05530146882471555,0.06864002218321273,0.5294117647058824,1.0,0.08655831583309458,0.22635708350899691,False,False,False,,below_bounded_prescreen
diff__detailed__all__assistperfgm_mean,detailed_efficiency,0.0,1115,1115,0.07368078651204447,0.10386500993660232,0.4117647058823529,1.0,0.14857405400299828,0.22600436858327544,False,False,False,,below_bounded_prescreen
diff__detailed__clean__oppfg3attemptrate_mean,detailed_efficiency,0.0,1115,1115,-0.04869893137489346,0.11324253710155334,0.4117647058823529,1.0,0.12948277721696172,0.22577322456372018,False,False,False,,below_bounded_prescreen
mean__prior__program_appearances,prior_program_history,0.0,1115,60,0.06163228653578415,0.11046085808977933,0.4117647058823529,1.0,0.18191269633691054,0.22518616000866665,False,False,False,,below_bounded_prescreen
diff__detailed__clean__orbpct_std,detailed_efficiency,0.0,1115,1115,0.08973127775501244,0.09474539378954215,0.4117647058823529,1.0,0.16831873028287642,0.22436827385494437,False,False,False,,below_bounded_prescreen
absdiff__rating__elo_standard_percentile,dynamic_ratings,0.0,1115,568,-0.049876625826151204,0.16297542555508177,0.29411764705882354,1.0,0.3022639396963821,0.22416932788974897,False,True,True,84.0,selected
diff__detailed__last10__pace_mean,detailed_efficiency,0.0,1115,1078,-0.04342707379183327,0.12138821268976278,0.4117647058823529,1.0,0.24817333766173857,0.2237757177599964,False,False,False,,below_bounded_prescreen
diff__detailed__all__oppfoulrate_mean,detailed_efficiency,0.0,1115,1115,-0.04637776191537339,0.11284829360842336,0.4117647058823529,1.0,0.16650610109735758,0.22359239745070753,False,False,False,,below_bounded_prescreen
mean__detailed__all__oppftmaderate_median,detailed_efficiency,0.0,1115,1102,-0.07423636854708167,0.05882960138688165,0.5294117647058824,1.0,0.1441875653829686,0.22350858948368357,False,False,False,,below_bounded_prescreen
absdiff__massey__system_mor,massey_consensus,0.0,1115,621,-0.03384431502836219,0.1694741901463452,0.29411764705882354,1.0,0.30971941666956293,0.22346340743911464,False,False,False,,below_bounded_prescreen
mean__coach__prior_tournament_wins,prior_coach_history,0.0,1115,105,0.06532945206349104,0.10634451241761701,0.4117647058823529,1.0,0.19699723238690853,0.22342030906012433,False,False,False,,below_bounded_prescreen
diff__detailed__clean__oppfoulrate_mean,detailed_efficiency,0.0,1115,1115,-0.04576164956661712,0.11217454097957164,0.4117647058823529,1.0,0.16527641060490256,0.22318263909183053,False,False,False,,below_bounded_prescreen
mean__detailed__clean__oppftmaderate_median,detailed_efficiency,0.0,1115,1102,-0.07420498561973422,0.05844248614915145,0.5294117647058824,1.0,0.15522766831477045,0.2228742658082846,False,False,False,,below_bounded_prescreen
absdiff__norm__schedule__quality_win_points_sum__pct,within_season_normalization,0.0,1115,595,-0.04777371048993351,0.15598307288005966,0.29411764705882354,1.0,0.24460016135146917,0.222656908365567,False,False,False,,below_bounded_prescreen
diff__compact__margin_iqr,compact_performance,0.0,1115,123,0.06178986423411914,0.14750774731724475,0.29411764705882354,1.0,0.22210732149596302,0.22257201951335692,False,False,False,,below_bounded_prescreen
seedprior__favorite_seed_games,prequential_seed_priors,0.0,1115,124,0.029319498864252412,0.07127466709320689,0.5294117647058824,1.0,0.0701351857085273,0.2225626048794749,False,True,False,,correlation_pruned_or_cap
diff__detailed__away__pace_mean,detailed_efficiency,0.0,1115,1113,-0.07829193953119615,0.10067872901485357,0.4117647058823529,1.0,0.22389852894547058,0.22247642840735055,False,False,False,,below_bounded_prescreen
diff__compact__last10_margin_std,compact_performance,0.0,1115,1115,0.08792922149556054,0.08815832914125807,0.4117647058823529,1.0,0.13010298997719566,0.22233866005891587,False,False,False,,below_bounded_prescreen
diff__compact__last10_points_for_mean,compact_performance,0.0,1115,320,0.08929599511595646,0.1306485280813261,0.29411764705882354,1.0,0.18103910795657605,0.22217367161569568,False,False,False,,below_bounded_prescreen
absdiff__compact__last10_margin_median,compact_performance,0.0,1115,51,0.031126181934106708,0.0692726646586037,0.5294117647058824,1.0,0.0689596246136777,0.22204613643002732,False,False,False,,below_bounded_prescreen
absdiff__massey__system_bih,massey_consensus,0.05739910313901345,1051,555,-0.03703317782927186,0.1885739499664339,0.25,1.0,0.3098946762719166,0.22167507980433035,False,False,False,,below_bounded_prescreen
mean__coach__prior_tournament_win_pct_smoothed,prior_coach_history,0.0,1115,612,0.05463629239154801,0.10193559000118577,0.4117647058823529,1.0,0.1370363119373416,0.22134996799039255,False,False,False,,below_bounded_prescreen
diff__detailed__all__oppfg3attemptrate_mean,detailed_efficiency,0.0,1115,1115,-0.04778135410487463,0.10417797289702223,0.4117647058823529,1.0,0.12922574778012497,0.22123064792361458,False,False,False,,below_bounded_prescreen
absdiff__rating__elo_season_reset_mov_percentile,dynamic_ratings,0.0,1115,542,-0.026664250490738665,0.16884926624388716,0.29411764705882354,1.0,0.3248825030355139,0.22097730631301954,False,True,True,85.0,selected
diff__compact__last20_margin_std,compact_performance,0.0,1115,1115,0.07437978823371134,0.09156203443679563,0.4117647058823529,1.0,0.13553162239564598,0.22077441798642902,False,False,False,,below_bounded_prescreen
absdiff__detailed__clean__pace_ros,detailed_efficiency,0.0,1115,1115,-0.049909015175194804,0.10332060320054692,0.4117647058823529,1.0,0.15132620991930124,0.22040317741920984,False,False,False,,below_bounded_prescreen
absdiff__detailed__all__pace_ros,detailed_efficiency,0.0,1115,1115,-0.04992535009140079,0.1029495051952692,0.4117647058823529,1.0,0.1538609104043353,0.22012725603884045,False,False,False,,below_bounded_prescreen
interaction__pace_gap,matchup_interactions,0.0,1115,1115,-0.04992535009140079,0.1029495051952692,0.4117647058823529,1.0,0.1538609104043353,0.22012725603884045,False,True,False,,correlation_pruned_or_cap
absdiff__massey__system_dok,massey_consensus,0.17219730941704037,923,470,-0.08017999406061617,0.16418875708340222,0.2857142857142857,1.0,0.2372515932808947,0.21889863932305534,False,False,False,,below_bounded_prescreen
diff__detailed__clean__oppassistperfgm_median,detailed_efficiency,0.0,1115,904,-0.04596541791295192,0.10318679179974893,0.4117647058823529,1.0,0.17002185524322533,0.21872353073617637,False,False,False,,below_bounded_prescreen
mean__prior__program_final_appearances,prior_program_history,0.0,1115,14,0.08076197923624086,0.13217025577662964,0.29411764705882354,1.0,0.2518619224964528,0.2181937048343089,False,False,False,,below_bounded_prescreen
absdiff__schedule__quality_wins,schedule_and_accomplishment,0.0,1115,20,-0.04462929764435148,0.10313448982865554,0.4117647058823529,1.0,0.1794065088671505,0.21802909318600244,False,True,True,100.0,selected
diff__detailed__clean__oppftpct_mean,detailed_efficiency,0.0,1115,1115,-0.07001062945626006,0.1310683975707814,0.29411764705882354,1.0,0.1837819105507233,0.21802271642173512,False,False,False,,below_bounded_prescreen
diff__detailed__last5__efg_mean,detailed_efficiency,0.0,1115,1115,0.0551135882067684,0.09767105250017206,0.4117647058823529,1.0,0.17832174022077046,0.2177565779379173,False,False,False,,below_bounded_prescreen
absdiff__norm__rating__pagerank_margin__pct,within_season_normalization,0.0,1115,640,-0.05850155765333368,0.13613173318245606,0.29411764705882354,1.0,0.18925360995788795,0.21770225374240856,False,False,False,,below_bounded_prescreen
absdiff__rating__pagerank_margin_percentile,global_strength_ratings,0.0,1115,640,-0.05850155765333368,0.13613173318245606,0.29411764705882354,1.0,0.18925360995788795,0.21770225374240856,False,False,False,,below_bounded_prescreen
absdiff__schedule__bad_loss_penalty_sum,schedule_and_accomplishment,0.0,1115,1113,-0.05205937075237986,0.18539978817786867,0.17647058823529413,1.0,0.27529549553022126,0.21766843418733875,False,True,False,,correlation_pruned_or_cap
diff__compact__ewm_h5_points_against,compact_performance,0.0,1115,1115,-0.05657439607982052,0.1341766091224982,0.29411764705882354,1.0,0.15750393991592662,0.21760980544913436,False,False,False,,below_bounded_prescreen
mean__coach__prior_tournament_games,prior_coach_history,0.0,1115,138,0.06174833343843504,0.09614200729545373,0.4117647058823529,1.0,0.20354558800491332,0.21747332627925345,False,False,False,,below_bounded_prescreen
diff__detailed__all__oppassistperfgm_median,detailed_efficiency,0.0,1115,903,-0.04353836943095949,0.10181439440451609,0.4117647058823529,1.0,0.17598306438814088,0.21729238095462966,False,False,False,,below_bounded_prescreen
diff__detailed__all__oppftpct_mean,detailed_efficiency,0.0,1115,1115,-0.07052117567955932,0.129087792674113,0.29411764705882354,1.0,0.18264389713747975,0.21722986677698986,False,False,False,,below_bounded_prescreen
diff__detailed__clean__defrtg_std,detailed_efficiency,0.0,1115,1115,0.08354556774203671,0.04221896954973068,0.5294117647058824,1.0,0.15779038637618242,0.21703939718501267,False,False,False,,below_bounded_prescreen
diff__compact__last20_points_against_mean,compact_performance,0.0,1115,505,-0.08276725151038854,0.08820030785537246,0.4117647058823529,1.0,0.23650066873271816,0.216967269294732,False,False,False,,below_bounded_prescreen
absdiff__massey__system_rpi,massey_consensus,0.060089686098654706,1048,598,-0.03531341875749485,0.18330719836562395,0.25,1.0,0.3498779552717728,0.2169541142433851,False,False,False,,below_bounded_prescreen
absdiff__norm__schedule__opponent_strength_mean__z,within_season_normalization,0.0,1115,1115,-0.04512899913850106,0.0985575131983881,0.4117647058823529,1.0,0.164995956721574,0.21651850081801005,False,False,False,,below_bounded_prescreen
absdiff__schedule__opponent_strength_mean,schedule_and_accomplishment,0.0,1115,1115,-0.04393992518380609,0.09855752667050256,0.4117647058823529,1.0,0.16499595612569606,0.2162569110384272,False,True,False,,correlation_pruned_or_cap
absdiff__massey__system_cng,massey_consensus,0.05739910313901345,1051,607,-0.05914355598922208,0.11618953446324064,0.375,1.0,0.20920845208509134,0.21582229252545965,False,False,False,,below_bounded_prescreen
diff__compact__half_pointsagainstmean_second,compact_performance,0.0,1115,995,-0.0663337940777841,0.09189400255419633,0.4117647058823529,1.0,0.22755378957199618,0.21548275728142335,False,False,False,,below_bounded_prescreen
diff__detailed__last20__efg_mean,detailed_efficiency,0.0,1115,1115,0.07564282535349358,0.12468119364616981,0.29411764705882354,1.0,0.20285427657365745,0.21543304699439556,False,False,False,,below_bounded_prescreen
mean__compact__rest_days_std,compact_performance,0.0,1115,1114,0.01955160800127253,0.10578408874467067,0.4117647058823529,1.0,0.15725234151494139,0.2146699756383007,False,False,False,,below_bounded_prescreen
absdiff__massey__system_sag,massey_consensus,0.0,1115,587,-0.05003935065977743,0.14055835661686406,0.29411764705882354,1.0,0.27229241642314045,0.21464379519373195,False,False,False,,below_bounded_prescreen
absdiff__norm__rating__colley__z,within_season_normalization,0.0,1115,1115,-0.024533407125432047,0.1473572211859897,0.29411764705882354,1.0,0.21519376234459098,0.21457988877249823,False,False,False,,below_bounded_prescreen
absdiff__rating__colley_z,global_strength_ratings,0.0,1115,1115,-0.024533407125432047,0.1473572211859897,0.29411764705882354,1.0,0.21519376234459098,0.21457988877249823,False,False,False,,below_bounded_prescreen
absdiff__rating__colley,global_strength_ratings,0.0,1115,1115,-0.02443496040386449,0.1473572071344406,0.29411764705882354,1.0,0.21519375030663807,0.21455822423052792,False,False,False,,below_bounded_prescreen
mean__compact__close3_games,compact_performance,0.0,1115,18,-0.014481121952962011,0.06025364591548947,0.5294117647058824,1.0,0.06861651943835578,0.21406881844449352,False,False,False,,below_bounded_prescreen
diff__detailed__all__defrtg_std,detailed_efficiency,0.0,1115,1115,0.0829262893303873,0.03515898620364426,0.5294117647058824,1.0,0.15561705755415517,0.2136012970812094,False,False,False,,below_bounded_prescreen
mean__detailed__all__offrtg_std,detailed_efficiency,0.0,1115,1115,-0.0633300851521075,0.0819542187168644,0.4117647058823529,1.0,0.15562971233770165,0.212927808165227,False,False,False,,below_bounded_prescreen
diff__detailed__clean__oppfg3attemptrate_median,detailed_efficiency,0.0,1115,1103,-0.03408862770959052,0.0914861472101396,0.4117647058823529,1.0,0.10986100877169636,0.21290076134728556,False,False,False,,below_bounded_prescreen
absdiff__coach__prior_tournament_win_pct_smoothed,prior_coach_history,0.0,1115,568,0.05303486453788161,0.08669188679680455,0.4117647058823529,1.0,0.16095969705994956,0.21272374091957863,False,False,False,,below_bounded_prescreen
diff__detailed__all__oppfg3attemptrate_median,detailed_efficiency,0.0,1115,1104,-0.032811977864578415,0.0914861472101396,0.4117647058823529,1.0,0.10948257637914444,0.21263503567708494,False,False,False,,below_bounded_prescreen
absdiff__compact__last10_margin_std,compact_performance,0.0,1115,1115,0.054657127030520745,0.08601354651598804,0.4117647058823529,1.0,0.16869297258833507,0.21244570431203189,False,False,False,,below_bounded_prescreen
diff__compact__last5_margin_mean,compact_performance,0.0,1115,201,0.08431176483382175,0.11221008720105308,0.29411764705882354,1.0,0.19007956831373188,0.21186507091680873,False,False,False,,below_bounded_prescreen
mean__detailed__clean__offrtg_std,detailed_efficiency,0.0,1115,1115,-0.06205534670543964,0.07982110954587444,0.4117647058823529,1.0,0.15042985143814008,0.21183146774086734,False,False,False,,below_bounded_prescreen
diff__compact__last5_margin_median,compact_performance,0.0,1115,56,0.07794141061067929,0.0700586157148649,0.4117647058823529,1.0,0.13219125645724142,0.21136994856037145,False,False,False,,below_bounded_prescreen
absdiff__compact__away_margin_std,compact_performance,0.0,1115,1115,0.053298416127735476,0.0788155345754911,0.4117647058823529,1.0,0.10675077926982715,0.21116942991472093,False,False,False,,below_bounded_prescreen
absdiff__adj__def_rtg_a50p0,opponent_adjusted_efficiency,0.0,1115,1115,-0.02773845346968924,0.09299428406368135,0.4117647058823529,1.0,0.1469405002028943,0.21074444904695938,False,True,True,40.0,selected
absdiff__rating__bt_c0p25_percentile,global_strength_ratings,0.0,1115,556,-0.04461222650905599,0.18058112366762827,0.17647058823529413,1.0,0.35491259293762223,0.21053241959259605,False,False,False,,below_bounded_prescreen
mean__coach__seasons_with_program_through_current,prior_coach_history,0.0,1115,50,0.028357211071870066,0.08852687243048585,0.4117647058823529,1.0,0.10333165960227209,0.2104805717595302,False,False,False,,below_bounded_prescreen
diff__detailed__last5__four_factor_edge_mean,detailed_efficiency,0.0,1115,1115,0.04035832064424515,0.085359432778448,0.4117647058823529,1.0,0.1317444897950199,0.21046393162476465,False,False,False,,below_bounded_prescreen
absdiff__massey__system_wlk,massey_consensus,0.0,1115,600,-0.04769230634244846,0.17861237131678323,0.17647058823529413,1.0,0.3538783046455063,0.21030640755922142,False,False,False,,below_bounded_prescreen
absdiff__norm__rating__bt_c1p0__pct,within_season_normalization,0.0,1115,562,-0.04921840470705089,0.17698300983681936,0.17647058823529413,1.0,0.3476337892995105,0.21010983630289112,False,False,False,,below_bounded_prescreen
absdiff__rating__bt_c1p0_percentile,global_strength_ratings,0.0,1115,562,-0.04921840470705089,0.17698300983681936,0.17647058823529413,1.0,0.3476337892995105,0.21010983630289112,False,False,False,,below_bounded_prescreen
mean__compact__margin_iqr,compact_performance,0.0,1115,120,-0.0276152910241538,0.09321844627672089,0.4117647058823529,1.0,0.16568068681024062,0.21007534370690673,False,False,False,,below_bounded_prescreen
absdiff__rating__margin_ridge_a5p0_percentile,global_strength_ratings,0.0,1115,602,-0.0408593487011741,0.13209750628149877,0.29411764705882354,1.0,0.23489786390045098,0.21005876870277143,False,False,False,,below_bounded_prescreen
diff__detailed__ewm_h20__ftrate,detailed_efficiency,0.0,1115,1115,-0.045625572777146246,0.0872264504470928,0.4117647058823529,1.0,0.20010301843003547,0.2097845544295518,False,False,False,,below_bounded_prescreen
absdiff__massey__ordinal_median,massey_consensus,0.0,1115,284,-0.05375959757071604,0.1698039071517129,0.17647058823529413,1.0,0.2968106245146889,0.20969585603543922,False,False,False,,below_bounded_prescreen
diff__detailed__last5__net_rtg_mean,detailed_efficiency,0.0,1115,1115,0.08423261187067599,0.10726082858211135,0.29411764705882354,1.0,0.18826153852245534,0.20954473431947573,False,False,False,,below_bounded_prescreen
absdiff__massey__system_dun,massey_consensus,0.1147982062780269,987,525,-0.05190140062347551,0.18057482093351898,0.2,1.0,0.2910754649939079,0.20926734708325528,False,False,False,,below_bounded_prescreen
diff__detailed__all__drb_pct_ros,detailed_efficiency,0.0,1115,1115,0.0630895827324932,0.07487286890354854,0.4117647058823529,1.0,0.16112808571709492,0.20925591478734448,False,False,False,,below_bounded_prescreen
diff__detailed__last20__pace_mean,detailed_efficiency,0.0,1115,1090,-0.0315521547530095,0.13483439010258513,0.29411764705882354,1.0,0.2386741897941059,0.20917383723255048,False,False,False,,below_bounded_prescreen
diff__detailed__clean__drb_pct_ros,detailed_efficiency,0.0,1115,1115,0.0626564924750221,0.07487286890354854,0.4117647058823529,1.0,0.16103011988210963,0.20916455356410024,False,False,False,,below_bounded_prescreen
absdiff__massey__strength_median,massey_consensus,0.0,1115,800,-0.05204373083872468,0.1686466668563216,0.17647058823529413,1.0,0.30074208309409073,0.2086056316694372,False,False,False,,below_bounded_prescreen
absdiff__detailed__last10__pace_mean,detailed_efficiency,0.0,1115,1040,-0.04410385480273333,0.08008467474049409,0.4117647058823529,1.0,0.13603900788357828,0.20858428455787184,False,False,False,,below_bounded_prescreen
absdiff__schedule__owp,schedule_and_accomplishment,0.0,1115,1115,-0.034440811434064515,0.13217406443857205,0.29411764705882354,1.0,0.24454591696939232,0.20829751629664484,False,True,False,,correlation_pruned_or_cap
absdiff__massey__strength_mean,massey_consensus,0.0,1115,1115,-0.04529970513318824,0.17121200520629043,0.17647058823529413,1.0,0.30336980341266806,0.20824819960946114,False,False,False,,below_bounded_prescreen
diff__detailed__clean__oppassistperfgm_mean,detailed_efficiency,0.0,1115,1115,-0.059147267589822014,0.11634287225794336,0.29411764705882354,1.0,0.1920533248205247,0.20823366809016441,False,False,False,,below_bounded_prescreen
absdiff__norm__massey__strength_mean__z,within_season_normalization,0.0,1115,1115,-0.04515813662623181,0.1712120071293816,0.17647058823529413,1.0,0.3033697802831421,0.20821705638619553,False,False,False,,below_bounded_prescreen
diff__detailed__all__oppassistperfgm_mean,detailed_efficiency,0.0,1115,1115,-0.05797435061934217,0.11663887652385077,0.29411764705882354,1.0,0.19429528523427092,0.20802802998774458,False,False,False,,below_bounded_prescreen
absdiff__schedule__top_decile_games,schedule_and_accomplishment,0.0,1115,15,-0.024376350179547167,0.12995706488853392,0.29411764705882354,1.0,0.18704858775074948,0.20731906820537846,False,False,False,,below_bounded_prescreen
mean__compact__away_games,compact_performance,0.0,1115,22,-0.04281883367729183,0.11720564113055516,0.29411764705882354,1.0,0.14265727547304283,0.20703138366216076,False,False,False,,below_bounded_prescreen
mean__detailed__away__games,detailed_efficiency,0.0,1115,22,-0.04281883367729183,0.11720564113055516,0.29411764705882354,1.0,0.14265727547304283,0.20703138366216076,False,False,False,,below_bounded_prescreen
mean__prior__program_years_since_appearance,prior_program_history,0.05650224215246637,1052,31,-0.04467199390302504,0.09155329587279631,0.4117647058823529,1.0,0.21781516466164846,0.20642298766012096,False,False,False,,below_bounded_prescreen
absdiff__compact__half_marginmean_second,compact_performance,0.0,1115,921,0.057184322078157226,0.15129958105233837,0.17647058823529413,1.0,0.1844994827997856,0.20605966456797264,False,False,False,,below_bounded_prescreen
absdiff__detailed__last5__def_rtg_mean,detailed_efficiency,0.0,1115,1115,0.004841012106506307,0.13897562726165938,0.29411764705882354,1.0,0.24510244666324837,0.20502804941190972,False,False,False,,below_bounded_prescreen
mean__prior__program_championships,prior_program_history,0.0,1115,8,0.07134807100196647,0.10027533289357139,0.29411764705882354,1.0,0.1559631836772303,0.20464903159166944,False,False,False,,below_bounded_prescreen
absdiff__detailed__last5__ft_rate_mean,detailed_efficiency,0.0,1115,1115,0.02172503519931006,0.16539590392111111,0.17647058823529413,1.0,0.1961403043905814,0.20455922356800535,False,False,False,,below_bounded_prescreen
absdiff__rating__pagerank_binary_z,global_strength_ratings,0.0,1115,1115,-0.01995724323058012,0.08323421121337361,0.4117647058823529,1.0,0.15468975008950453,0.20403777783074326,False,False,False,,below_bounded_prescreen
absdiff__conference__strength_std,conference_context,0.0,1115,863,0.01711774761900102,0.08172288911561938,0.4117647058823529,1.0,0.12368220067671729,0.20392795616578532,False,False,False,,below_bounded_prescreen
diff__detailed__last5__opp_efg_mean,detailed_efficiency,0.0,1115,1115,-0.03541322989235175,0.0720053509213993,0.4117647058823529,1.0,0.11242231973716592,0.20373893917027888,False,False,False,,below_bounded_prescreen
absdiff__norm__schedule__rpi__z,within_season_normalization,0.0,1115,1115,-0.019371999961557612,0.17105572034260172,0.17647058823529413,1.0,0.27650481610354705,0.20354368722949667,False,False,False,,below_bounded_prescreen
diff__detailed__neutral__pace_mean,detailed_efficiency,0.04394618834080718,1066,1052,0.08947293835148393,0.10301828192415159,0.29411764705882354,1.0,0.2299203556421084,0.2034791359973821,False,False,False,,below_bounded_prescreen
absdiff__rating__pagerank_binary,global_strength_ratings,0.0,1115,1115,-0.016777868575169608,0.0832342147491603,0.4117647058823529,1.0,0.1546897294384121,0.20333831792977425,False,False,False,,below_bounded_prescreen
absdiff__schedule__rpi,schedule_and_accomplishment,0.0,1115,1115,-0.01734722104933947,0.17105571987807128,0.17647058823529413,1.0,0.2765048269248557,0.2030982352129817,False,False,False,,below_bounded_prescreen
mean__coach__prior_championships,prior_coach_history,0.0,1115,7,0.07365476782931255,0.09493376984789172,0.29411764705882354,1.0,0.15499857016737278,0.2026311391721536,False,False,False,,below_bounded_prescreen
absdiff__detailed__all__tov_pct_ros,detailed_efficiency,0.0,1115,1115,-0.045360904183228606,0.10850194223885203,0.29411764705882354,1.0,0.16400818343276108,0.2025588273870606,False,False,False,,below_bounded_prescreen
absdiff__detailed__last20__net_rtg_mean,detailed_efficiency,0.0,1115,1115,0.031800475052610425,0.11419916291909339,0.29411764705882354,1.0,0.15990479111868228,0.2024743345974036,False,False,False,,below_bounded_prescreen
absdiff__massey__system_wol,massey_consensus,0.0,1115,571,-0.04784769070850437,0.16061404141613714,0.17647058823529413,1.0,0.3359945004936767,0.20241674593351677,False,False,False,,below_bounded_prescreen
absdiff__massey__system_rth,massey_consensus,0.0,1115,618,-0.04584457007303145,0.15434583250624537,0.17647058823529413,1.0,0.2535345017639208,0.20226571906615493,False,False,False,,below_bounded_prescreen
absdiff__detailed__last20__orb_pct_mean,detailed_efficiency,0.0,1115,1115,0.046599987328891465,0.10959292333579046,0.29411764705882354,1.0,0.1996737107749202,0.2019284755119505,False,False,False,,below_bounded_prescreen
absdiff__massey__systems,massey_consensus,0.0,1115,5,-0.032902769534942505,0.11313041879385552,0.29411764705882354,1.0,0.17194847508364086,0.20172209484480413,False,False,False,,below_bounded_prescreen
diff__compact__last10_win_pct,compact_performance,0.0,1115,14,0.06522777646632999,0.10087391593192743,0.29411764705882354,1.0,0.20290008049984606,0.2017124107793357,False,False,False,,below_bounded_prescreen
absdiff__schedule__oowp,schedule_and_accomplishment,0.0,1115,1115,-0.04846653313984526,0.10899328179577743,0.29411764705882354,1.0,0.21142385811015352,0.20158128175774476,False,False,False,,below_bounded_prescreen
absdiff__detailed__all__opp_efg_ros,detailed_efficiency,0.0,1115,1115,-0.025841499701598863,0.11649756273410404,0.29411764705882354,1.0,0.18579112200414633,0.20123113869596762,False,False,False,,below_bounded_prescreen
absdiff__detailed__clean__opp_efg_ros,detailed_efficiency,0.0,1115,1115,-0.02682836605001671,0.11525421430915868,0.29411764705882354,1.0,0.1906454007692272,0.20065727089804253,False,False,False,,below_bounded_prescreen
absdiff__norm__compact__win_pct__pct,within_season_normalization,0.0,1115,709,-0.05450509089150067,0.1514769215053061,0.17647058823529413,1.0,0.3134820085279785,0.20039605609520497,False,False,False,,below_bounded_prescreen
absdiff__detailed__clean__tov_pct_ros,detailed_efficiency,0.0,1115,1115,-0.044647346038862154,0.10465139533741304,0.29411764705882354,1.0,0.16944205839388762,0.20033622708416418,False,False,False,,below_bounded_prescreen
absdiff__schedule__opponent_strength_median,schedule_and_accomplishment,0.0,1115,1102,-0.03806573383220854,0.10973352068816183,0.29411764705882354,1.0,0.19674517980097306,0.2002355677107764,False,False,False,,below_bounded_prescreen
absdiff__massey__rank_improvement_mean,massey_consensus,0.0,1115,1106,-0.02867309834681746,0.11069811180292806,0.29411764705882354,1.0,0.15931831214649264,0.20012926634525738,False,False,False,,below_bounded_prescreen
mean__coach__prior_final_appearances,prior_coach_history,0.0,1115,13,0.06879706761914463,0.1338431473947983,0.17647058823529413,1.0,0.21322759267212105,0.19908625603647723,False,False,False,,below_bounded_prescreen
absdiff__massey__system_pom,massey_consensus,0.0,1115,628,-0.04022269322451309,0.14841699177166295,0.17647058823529413,1.0,0.26961112329786296,0.19753999774552364,False,False,False,,below_bounded_prescreen
absdiff__schedule__quality_win_points_sum,schedule_and_accomplishment,0.0,1115,1114,-0.018812574029849323,0.11005041430535335,0.29411764705882354,1.0,0.16920628086982636,0.19725353744775517,False,False,False,,below_bounded_prescreen
mean__compact__margin_mad,compact_performance,0.0,1115,37,-0.027873163398361732,0.10477885763849466,0.29411764705882354,1.0,0.15744293296273149,0.19718705382501953,False,False,False,,below_bounded_prescreen
absdiff__norm__schedule__quality_win_points_sum__z,within_season_normalization,0.0,1115,1114,-0.018122977033683017,0.11005041153931602,0.29411764705882354,1.0,0.16920626695220292,0.19710182533760562,False,False,False,,below_bounded_prescreen
absdiff__massey__system_wob,massey_consensus,0.05739910313901345,1051,559,-0.041924982895930114,0.17435429961230797,0.125,1.0,0.28095975707002857,0.19708324151709028,False,False,False,,below_bounded_prescreen
seedprior__effective_games_pc2p0,prequential_seed_priors,0.0,1115,313,0.01182965935249659,0.0685517156658611,0.4117647058823529,1.0,0.11571226420419477,0.19676121095017127,False,True,False,,correlation_pruned_or_cap
seedprior__effective_games_pc8p0,prequential_seed_priors,0.0,1115,313,0.01182965935249659,0.0685517156658611,0.4117647058823529,1.0,0.11571226420419477,0.19676121095017127,False,True,False,,correlation_pruned_or_cap
absdiff__compact__neutral_win_pct,compact_performance,0.04394618834080718,1066,84,-0.04378331524796478,0.10666500129340731,0.29411764705882354,1.0,0.20508369013879935,0.196171310831983,False,False,False,,below_bounded_prescreen
absdiff__norm__rating__margin_ridge_a25p0__pct,within_season_normalization,0.0,1115,570,-0.03316718122792076,0.15124896580226777,0.17647058823529413,1.0,0.3044517744709252,0.19595350659404118,False,False,False,,below_bounded_prescreen
absdiff__rating__margin_ridge_a25p0_percentile,global_strength_ratings,0.0,1115,570,-0.03316718122792076,0.15124896580226777,0.17647058823529413,1.0,0.3044517744709252,0.19595350659404118,False,False,False,,below_bounded_prescreen
absdiff__detailed__clean__oppefg_mean,detailed_efficiency,0.0,1115,1115,-0.02510255753562431,0.10386078421465879,0.29411764705882354,1.0,0.17071990220594868,0.1956057665220474,False,False,False,,below_bounded_prescreen
absdiff__rating__margin_ridge_a5p0,global_strength_ratings,0.0,1115,1115,-0.01966355043736724,0.10658387983135043,0.29411764705882354,1.0,0.17739809545822466,0.19544914312635178,False,False,False,,below_bounded_prescreen
absdiff__rating__margin_ridge_a5p0_z,global_strength_ratings,0.0,1115,1115,-0.019575921933570595,0.10658386007053078,0.29411764705882354,1.0,0.17739806278008471,0.1954298566774487,False,False,False,,below_bounded_prescreen
absdiff__schedule__bad_losses,schedule_and_accomplishment,0.0,1115,8,-0.02306790741551529,0.20144995827513096,0.058823529411764705,1.0,0.4001625663082317,0.19517618165702932,False,False,False,,below_bounded_prescreen
absdiff__adj__net_rtg_a50p0_percentile,opponent_adjusted_efficiency,0.0,1115,560,-0.026500985164354608,0.14717555207973382,0.17647058823529413,1.0,0.2418568909514277,0.1950355002140202,False,True,True,41.0,selected
absdiff__norm__adj__net_rtg_a50p0__pct,within_season_normalization,0.0,1115,560,-0.026500985164354608,0.14717555207973382,0.17647058823529413,1.0,0.2418568909514277,0.1950355002140202,False,False,False,,below_bounded_prescreen
absdiff__detailed__last5__pace_mean,detailed_efficiency,0.0,1115,940,-0.023522786504847598,0.15243154206416643,0.17647058823529413,1.0,0.2973673972267338,0.19468275145044406,False,False,False,,below_bounded_prescreen
mean__massey__ordinal_std,massey_consensus,0.0,1115,1115,-0.0480159324783929,0.08970944737871349,0.29411764705882354,1.0,0.15344560856588602,0.19454503907380524,False,False,False,,below_bounded_prescreen
absdiff__detailed__neutral__off_rtg_mean,detailed_efficiency,0.04394618834080718,1066,1066,-0.03215837873832571,0.10650023280715495,0.29411764705882354,1.0,0.18434303007671202,0.19436436232894475,False,False,False,,below_bounded_prescreen
absdiff__detailed__neutral__pace_mean,detailed_efficiency,0.04394618834080718,1066,1038,0.021461195708143553,0.1108795590600455,0.29411764705882354,1.0,0.18031857683069935,0.19427403679353264,False,False,False,,below_bounded_prescreen
absdiff__detailed__all__oppefg_mean,detailed_efficiency,0.0,1115,1115,-0.02397690526942656,0.10119551255555745,0.29411764705882354,1.0,0.17237709595697198,0.1940125048770743,False,False,False,,below_bounded_prescreen
absdiff__detailed__away__off_rtg_mean,detailed_efficiency,0.0,1115,1115,0.03142371369356356,0.09726201530040336,0.29411764705882354,1.0,0.16895540644837695,0.1938995916282543,False,False,False,,below_bounded_prescreen
absdiff__compact__last20_margin_mean,compact_performance,0.0,1115,277,0.03268686836211385,0.09569953482840816,0.29411764705882354,1.0,0.1600940235736548,0.19378195034376655,False,False,False,,below_bounded_prescreen
absdiff__compact__last5_margin_mean,compact_performance,0.0,1115,113,0.03849015309665363,0.13637145472970433,0.17647058823529413,1.0,0.2104300467654933,0.19374422419854923,False,False,False,,below_bounded_prescreen
absdiff__compact__margin_std,compact_performance,0.0,1115,1115,0.006048547264013664,0.1066923854803605,0.29411764705882354,1.0,0.16093197744967708,0.19316456986008074,False,False,False,,below_bounded_prescreen
mean__massey__strength_std,massey_consensus,0.0,1115,1115,-0.013053201723970656,0.1073877891087635,0.29411764705882354,1.0,0.2102192745566187,0.19306789569862703,False,False,False,,below_bounded_prescreen
absdiff__adj__net_rtg_a10p0_percentile,opponent_adjusted_efficiency,0.0,1115,572,-0.036711053321169966,0.14189822811241645,0.17647058823529413,1.0,0.3022213509206073,0.19233402130544006,False,True,True,42.0,selected
absdiff__norm__adj__net_rtg_a10p0__pct,within_season_normalization,0.0,1115,572,-0.036711053321169966,0.14189822811241645,0.17647058823529413,1.0,0.3022213509206073,0.19233402130544006,False,False,False,,below_bounded_prescreen
mean__compact__last10_margin_std,compact_performance,0.0,1115,1115,0.025347564236323977,0.09983513752834279,0.29411764705882354,1.0,0.2146904450580858,0.19196853587268417,False,False,False,,below_bounded_prescreen
absdiff__compact__half_delta_marginmean,compact_performance,0.0,1115,1068,0.040954262216185276,0.13082417287688008,0.17647058823529413,1.0,0.205384868587336,0.1918254400426168,False,False,False,,below_bounded_prescreen
mean__compact__neutral_margin_std,compact_performance,0.08251121076233184,1023,1021,-0.04177043938881537,0.05843786630354649,0.4117647058823529,1.0,0.11992056204357751,0.19172430608968852,False,False,False,,below_bounded_prescreen
matchup__equal_seed,matchup_context,0.0,1115,2,-0.017859456002928067,0.09947961888742278,0.29411764705882354,1.0,0.18256771982926356,0.19143541212284834,False,True,True,32.0,selected
absdiff__detailed__all__oppefg_median,detailed_efficiency,0.0,1115,1090,-0.045148499678993356,0.0902771453542981,0.29411764705882354,1.0,0.22501355787242677,0.1913239809139563,False,False,False,,below_bounded_prescreen
absdiff__detailed__all__orbpct_std,detailed_efficiency,0.0,1115,1115,-0.04162829331706152,0.08610499715603359,0.29411764705882354,1.0,0.15569833732261174,0.19131951320115698,False,False,False,,below_bounded_prescreen
absdiff__massey__ordinal_max,massey_consensus,0.0,1115,228,-0.01665963855431836,0.1913321003645519,0.058823529411764705,1.0,0.3420587266488808,0.19123394429686208,False,False,False,,below_bounded_prescreen
absdiff__norm__detailed__all__efg_ros__pct,within_season_normalization,0.0,1115,771,-0.002222166801047679,0.10814898268517505,0.29411764705882354,1.0,0.2064522578872382,0.19120112159903677,False,False,False,,below_bounded_prescreen
mean__massey__rank_improvement_std,massey_consensus,0.0,1115,1115,-0.045182535522781855,0.08400073579167527,0.29411764705882354,1.0,0.16263384441310566,0.19081398074790368,False,False,False,,below_bounded_prescreen
absdiff__detailed__last20__efg_mean,detailed_efficiency,0.0,1115,1115,-0.008148722688068434,0.14890999584538753,0.17647058823529413,1.0,0.27120323281537717,0.19065668180219303,False,False,False,,below_bounded_prescreen
absdiff__detailed__clean__oppefg_median,detailed_efficiency,0.0,1115,1092,-0.047587265201958245,0.08760104334072878,0.29411764705882354,1.0,0.22318227739460408,0.19064923158160824,False,False,False,,below_bounded_prescreen
mean__detailed__clean__netrtg_std,detailed_efficiency,0.0,1115,1115,-0.019056321770320832,0.09788201267836494,0.29411764705882354,1.0,0.19767046865384166,0.19032776165834384,False,False,False,,below_bounded_prescreen
mean__detailed__all__netrtg_std,detailed_efficiency,0.0,1115,1115,-0.019496642837103943,0.09760463556567624,0.29411764705882354,1.0,0.19879272741710802,0.19024660092841492,False,False,False,,below_bounded_prescreen
diff__detailed__ewm_h20__fg3attemptrate,detailed_efficiency,0.0,1115,1115,-0.020491892767976107,0.09666664904370932,0.29411764705882354,1.0,0.19391352131298567,0.19021049062682754,False,False,False,,below_bounded_prescreen
diff__detailed__last5__def_rtg_mean,detailed_efficiency,0.0,1115,1115,0.012624479899208311,0.09825899713202617,0.29411764705882354,1.0,0.17346736089457016,0.19006183329482737,False,False,False,,below_bounded_prescreen
absdiff__detailed__clean__orbpct_std,detailed_efficiency,0.0,1115,1115,-0.03928475112115505,0.08574995505967217,0.29411764705882354,1.0,0.17933809889591137,0.18968792324887207,False,False,False,,below_bounded_prescreen
absdiff__massey__momentum_systems,massey_consensus,0.0,1115,6,-0.025084374442849507,0.09118469662679986,0.29411764705882354,1.0,0.1668641853575597,0.1896714728734002,False,False,False,,below_bounded_prescreen
absdiff__detailed__clean__orb_pct_ros,detailed_efficiency,0.0,1115,1115,0.006124402497524633,0.10142538417546967,0.29411764705882354,1.0,0.18676843256099157,0.18961963918065297,False,False,False,,below_bounded_prescreen
absdiff__detailed__all__orb_pct_ros,detailed_efficiency,0.0,1115,1115,0.005597879981130798,0.10167806655309694,0.29411764705882354,1.0,0.18848971272730242,0.189556240561655,False,False,False,,below_bounded_prescreen
diff__compact__close5_win_pct,compact_performance,0.003587443946188341,1111,360,0.049579616571586486,0.13014458544720206,0.17647058823529413,1.0,0.30597790661769403,0.18908609899765028,False,False,False,,below_bounded_prescreen
seedprior__generic_gender_games,prequential_seed_priors,0.0,1115,18,0.0009929123356172953,0.09947961888742268,0.29411764705882354,1.0,0.18256771982926345,0.18772477251603992,False,True,False,,correlation_pruned_or_cap
mean__detailed__clean__orbpct_std,detailed_efficiency,0.0,1115,1115,-0.04005908245681724,0.12291564794102273,0.17647058823529413,1.0,0.21480039176046054,0.18745578759941933,False,False,False,,below_bounded_prescreen
absdiff__compact__day120plus_margin_mean,compact_performance,0.0,1115,456,0.008921156612778267,0.09398129568481157,0.29411764705882354,1.0,0.17203620823868368,0.1872510515833852,False,False,False,,below_bounded_prescreen
diff__detailed__home__pace_mean,detailed_efficiency,0.0,1115,1114,0.05754151913629402,0.07385316093782998,0.29411764705882354,1.0,0.20253876092651568,0.1870659245524942,False,False,False,,below_bounded_prescreen
absdiff__compact__last10_win_pct,compact_performance,0.0,1115,8,0.009728655630572194,0.04459814712370521,0.4117647058823529,1.0,0.06738240605166503,0.18673447155721426,False,False,False,,below_bounded_prescreen
mean__prior__program_has_tournament_history,prior_program_history,0.0,1115,3,-0.0025172287103558864,0.14132882940111388,0.17647058823529413,1.0,0.24935741341821246,0.18665262600973154,False,False,False,,below_bounded_prescreen
mean__detailed__all__orbpct_std,detailed_efficiency,0.0,1115,1115,-0.040473714820304346,0.1204562426816594,0.17647058823529413,1.0,0.21921891177730382,0.18618975139421837,False,False,False,,below_bounded_prescreen
absdiff__rating__elo_season_reset_mov,dynamic_ratings,0.0,1115,1115,-0.00298066824757493,0.13663724005116956,0.17647058823529413,1.0,0.2591033712660385,0.18411278150603338,False,True,True,86.0,selected
absdiff__rating__elo_season_reset_mov_delta,dynamic_ratings,0.0,1115,1115,-0.00298066824757493,0.13663724005116956,0.17647058823529413,1.0,0.2591033712660385,0.18411278150603338,False,False,False,,below_bounded_prescreen
absdiff__rating__elo_season_reset_mov_z,dynamic_ratings,0.0,1115,1115,-0.002931688006287083,0.13663722803678574,0.17647058823529413,1.0,0.25910335620348585,0.18410200068854796,False,False,False,,below_bounded_prescreen
diff__detailed__all__ft_pct_ros,detailed_efficiency,0.0,1115,1115,0.04748633247616283,0.07080085126107045,0.29411764705882354,1.0,0.18486269777705822,0.18409571736839908,False,False,False,,below_bounded_prescreen
absdiff__compact__margin_q25,compact_performance,0.0,1115,81,0.0029563676613737874,0.09432838242553619,0.29411764705882354,1.0,0.2277338272995466,0.18387749488718952,False,False,False,,below_bounded_prescreen
diff__detailed__clean__ft_pct_ros,detailed_efficiency,0.0,1115,1115,0.0465522521537766,0.07080085126107045,0.29411764705882354,1.0,0.18573719981054393,0.18385523961613467,False,False,False,,below_bounded_prescreen
absdiff__compact__ewm_h10_margin,compact_performance,0.0,1115,1115,0.03433739139795551,0.11538591404643704,0.17647058823529413,1.0,0.18640765991035516,0.18371845257107286,False,False,False,,below_bounded_prescreen
diff__detailed__all__ftpct_median,detailed_efficiency,0.0,1115,968,0.05136847118798739,0.10562602038101357,0.17647058823529413,1.0,0.16367014727058526,0.1836900416710674,False,False,False,,below_bounded_prescreen
absdiff__compact__pythag_exp11p5,compact_performance,0.0,1115,1115,-0.016748426779350564,0.08199881996795386,0.29411764705882354,1.0,0.1611874050666937,0.183655414802819,False,False,False,,below_bounded_prescreen
absdiff__compact__last5_win_pct,compact_performance,0.0,1115,5,0.010429630577107631,0.08579195531416617,0.29411764705882354,1.0,0.17435115224691072,0.18355943471729877,False,False,False,,below_bounded_prescreen
diff__detailed__clean__ftpct_median,detailed_efficiency,0.0,1115,969,0.05113596619822177,0.10508113090404252,0.17647058823529413,1.0,0.16105686069752553,0.18348187508729524,False,False,False,,below_bounded_prescreen
interaction__clean_shooting_attack_defense_edge,matchup_interactions,0.0,1115,1115,-0.021087591956001295,0.12429269756781587,0.17647058823529413,1.0,0.23339928675379765,0.18319908771036705,False,True,False,,correlation_pruned_or_cap
diff__detailed__clean__opptovpct_median,detailed_efficiency,0.0,1115,1115,0.015808787898744483,0.08320414525971276,0.29411764705882354,1.0,0.1906664528323295,0.1828480884785045,False,False,False,,below_bounded_prescreen
interaction__shooting_attack_defense_edge,matchup_interactions,0.0,1115,1115,-0.021009458707655655,0.12339710109117276,0.17647058823529413,1.0,0.2314363049793978,0.18283053135791832,False,True,False,,correlation_pruned_or_cap
absdiff__compact__last5_margin_median,compact_performance,0.0,1115,32,-0.01777498225318107,0.1238091203965404,0.17647058823529413,1.0,0.2203077218766969,0.18276185912861842,False,False,False,,below_bounded_prescreen
absdiff__detailed__last20__def_rtg_mean,detailed_efficiency,0.0,1115,1115,0.040331134704492566,0.11187203140374005,0.17647058823529413,1.0,0.204786210642358,0.18261527040073633,False,False,False,,below_bounded_prescreen
diff__detailed__all__opptovpct_median,detailed_efficiency,0.0,1115,1115,0.016239931267203613,0.08239403487006187,0.29411764705882354,1.0,0.19025918859698726,0.18257037760194678,False,False,False,,below_bounded_prescreen
absdiff__adj__def_rtg_a10p0,opponent_adjusted_efficiency,0.0,1115,1115,-0.030550432538743844,0.072450761506308,0.29411764705882354,1.0,0.1897453179766605,0.18096647149189685,False,True,True,43.0,selected
absdiff__detailed__last10__ft_rate_mean,detailed_efficiency,0.0,1115,1115,0.009016678418977806,0.12660578595651364,0.17647058823529413,1.0,0.253020307412014,0.18086892833246815,False,False,False,,below_bounded_prescreen
diff__detailed__clean__drbpct_median,detailed_efficiency,0.0,1115,1071,0.057504884062972154,0.09903516976160365,0.17647058823529413,1.0,0.1911133478618967,0.1807787161825948,False,False,False,,below_bounded_prescreen
diff__detailed__all__drbpct_median,detailed_efficiency,0.0,1115,1065,0.057730626023387986,0.09848345658618762,0.17647058823529413,1.0,0.19237111391285766,0.18051324644764816,False,False,False,,below_bounded_prescreen
diff__detailed__last5__pace_mean,detailed_efficiency,0.0,1115,1034,-0.002943441636478948,0.12421517961174532,0.17647058823529413,1.0,0.20911770862591808,0.18014142914627346,False,False,False,,below_bounded_prescreen
absdiff__norm__rating__elo_mov_538__z,within_season_normalization,0.0,1115,1115,-0.010402523470816634,0.12255266082900626,0.17647058823529413,1.0,0.23966695989015066,0.1797624480835437,False,False,False,,below_bounded_prescreen
absdiff__rating__elo_mov_538_z,dynamic_ratings,0.0,1115,1115,-0.010402523470816634,0.12255266082900626,0.17647058823529413,1.0,0.23966695989015066,0.1797624480835437,False,False,False,,below_bounded_prescreen
absdiff__rating__elo_mov_538,dynamic_ratings,0.0,1115,1115,-0.010346544864860417,0.1225526691085138,0.17647058823529413,1.0,0.23966696824892536,0.17975013643004595,False,False,False,,below_bounded_prescreen
absdiff__detailed__ewm_h10__oppefg,detailed_efficiency,0.0,1115,1115,-0.03767641102657285,0.10524410892867629,0.17647058823529413,1.0,0.18496565666152545,0.17964265056279669,False,False,False,,below_bounded_prescreen
absdiff__detailed__last5__net_rtg_mean,detailed_efficiency,0.0,1115,1115,0.03567247457337909,0.1490100640767184,0.058823529411764705,1.0,0.23332615314187738,0.17945149374317548,False,False,False,,below_bounded_prescreen
absdiff__schedule__opponent_strength_std,schedule_and_accomplishment,0.0,1115,1115,-0.02362415453875621,0.11009293476769139,0.17647058823529413,1.0,0.18930422966017035,0.17870504761825848,False,False,False,,below_bounded_prescreen
absdiff__rating__elo_mov_log_z,dynamic_ratings,0.0,1115,1115,-0.010748051393248035,0.11986093047676391,0.17647058823529413,1.0,0.23737472659777603,0.17863812298909726,False,False,False,,below_bounded_prescreen
absdiff__rating__elo_mov_log,dynamic_ratings,0.0,1115,1115,-0.010664075541024092,0.11986093130941555,0.17647058823529413,1.0,0.23737472161729609,0.17861964890049997,False,False,False,,below_bounded_prescreen
absdiff__norm__compact__win_pct__z,within_season_normalization,0.0,1115,995,-0.012930582943700277,0.11890611220224542,0.17647058823529413,1.0,0.2517294701182098,0.17808577741761053,False,False,False,,below_bounded_prescreen
absdiff__compact__win_pct,compact_performance,0.0,1115,694,-0.01272149409994775,0.11890610825298775,0.17647058823529413,1.0,0.25172945944851427,0.17803977640312912,False,False,False,,below_bounded_prescreen
absdiff__schedule__wp,schedule_and_accomplishment,0.0,1115,694,-0.01272149409994775,0.11890610825298775,0.17647058823529413,1.0,0.25172945944851427,0.17803977640312912,False,False,False,,below_bounded_prescreen
diff__detailed__clean__oppftpct_median,detailed_efficiency,0.0,1115,874,-0.0444593424547308,0.09928383418522183,0.17647058823529413,1.0,0.19154569281363923,0.17801076215404876,False,False,False,,below_bounded_prescreen
diff__detailed__last10__efg_mean,detailed_efficiency,0.0,1115,1115,0.05211300730550873,0.09659306935265025,0.17647058823529413,1.0,0.21158606857666973,0.1776013862710643,False,False,False,,below_bounded_prescreen
absdiff__compact__close3_win_pct,compact_performance,0.03139013452914798,1080,107,0.005383712955122469,0.0781589058572685,0.29411764705882354,1.0,0.14246557606061377,0.1775496813862712,False,False,False,,below_bounded_prescreen
mean__compact__games,compact_performance,0.0,1115,15,-0.012457079579348863,0.1119347248958725,0.17647058823529413,1.0,0.18809288146468336,0.1771808043165353,False,False,False,,below_bounded_prescreen
mean__detailed__all__games,detailed_efficiency,0.0,1115,15,-0.012457079579348863,0.1119347248958725,0.17647058823529413,1.0,0.18809288146468336,0.1771808043165353,False,False,False,,below_bounded_prescreen
mean__detailed__clean__games,detailed_efficiency,0.0,1115,15,-0.01649675733511487,0.10982502400518955,0.17647058823529413,1.0,0.18755045822265543,0.1770785739249571,False,False,False,,below_bounded_prescreen
mean__compact__margin_std,compact_performance,0.0,1115,1115,-0.01950333009679552,0.10672074787251495,0.17647058823529413,1.0,0.16879208154056824,0.17700030245612652,False,False,False,,below_bounded_prescreen
absdiff__adj__net_rtg_a10p0_z,opponent_adjusted_efficiency,0.0,1115,1115,-0.010332055948987584,0.11504774682890599,0.17647058823529413,1.0,0.21856938453889183,0.17698848952274351,False,True,True,44.0,selected
absdiff__norm__adj__net_rtg_a10p0__z,within_season_normalization,0.0,1115,1115,-0.010332055948987584,0.11504774682890599,0.17647058823529413,1.0,0.21856938453889183,0.17698848952274351,False,False,False,,below_bounded_prescreen
absdiff__detailed__poss0p475__net_rtg_mean,detailed_efficiency,0.0,1115,1115,0.016004507215876037,0.11084761979247608,0.17647058823529413,1.0,0.2018774250199886,0.17688804620472875,False,False,False,,below_bounded_prescreen
absdiff__detailed__home__net_rtg_mean,detailed_efficiency,0.0,1115,1115,0.027216476565393413,0.10270662744402204,0.17647058823529413,1.0,0.16806506043346722,0.1767994977178255,False,False,False,,below_bounded_prescreen
absdiff__adj__net_rtg_a10p0,opponent_adjusted_efficiency,0.0,1115,1115,-0.009316361516958358,0.11504775000819896,0.17647058823529413,1.0,0.2185693814004826,0.1767650383992941,False,True,False,,correlation_pruned_or_cap
absdiff__detailed__poss0p44__net_rtg_mean,detailed_efficiency,0.0,1115,1115,0.015925610649436043,0.11037781286403062,0.17647058823529413,1.0,0.2010524052680372,0.1766781824245362,False,False,False,,below_bounded_prescreen
absdiff__detailed__clean__off_rtg_ros,detailed_efficiency,0.0,1115,1115,0.021349145450969397,0.10744008499890212,0.17647058823529413,1.0,0.20086823189087413,0.17646861764069838,False,False,False,,below_bounded_prescreen
absdiff__detailed__all__off_rtg_ros,detailed_efficiency,0.0,1115,1115,0.021338753308928187,0.10744008499890212,0.17647058823529413,1.0,0.20152773112539646,0.17643995140006843,False,False,False,,below_bounded_prescreen
absdiff__massey__system_sel,massey_consensus,0.05739910313901345,1051,578,-0.0398699120617505,0.1318059409808148,0.125,1.0,0.27917474637233625,0.1762793142183617,False,False,False,,below_bounded_prescreen
mean__detailed__all__efg_std,detailed_efficiency,0.0,1115,1115,-0.022700366998206413,0.059407654072862866,0.29411764705882354,1.0,0.10851900168653464,0.17622781815652996,False,False,False,,below_bounded_prescreen
seedprior__favorite_prob_pc8p0,prequential_seed_priors,0.0,1115,453,-0.007764993572748997,0.11359085829718991,0.17647058823529413,1.0,0.20668953091522804,0.1761996234496939,False,True,False,,correlation_pruned_or_cap
absdiff__compact__away_margin_mean,compact_performance,0.0,1115,964,0.023723930439103466,0.10579102155353104,0.17647058823529413,1.0,0.21292049415127257,0.17571742939389384,False,False,False,,below_bounded_prescreen
absdiff__detailed__poss0p44__off_rtg_mean,detailed_efficiency,0.0,1115,1115,0.02042712956457236,0.10774534971771714,0.17647058823529413,1.0,0.22029985829191284,0.1756350361546807,False,False,False,,below_bounded_prescreen
absdiff__detailed__poss0p475__off_rtg_mean,detailed_efficiency,0.0,1115,1115,0.019988710500136852,0.10796489080055431,0.17647058823529413,1.0,0.2223616254363912,0.17556149299448762,False,False,False,,below_bounded_prescreen
seedprior__exact_pair_games,prequential_seed_priors,0.0,1115,93,-0.04804658623495518,0.0941979886386293,0.17647058823529413,1.0,0.2186856365468587,0.1752731521740049,False,True,False,,correlation_pruned_or_cap
absdiff__rating__margin_ridge_a25p0,global_strength_ratings,0.0,1115,1115,-0.005910966942047752,0.1124715606556757,0.17647058823529413,1.0,0.20633234615156398,0.17526876211355935,False,False,False,,below_bounded_prescreen
absdiff__detailed__last20__opp_efg_mean,detailed_efficiency,0.0,1115,1115,0.016105355560568132,0.10674607243818464,0.17647058823529413,1.0,0.1947665365623381,0.17522592564880715,False,False,False,,below_bounded_prescreen
absdiff__norm__rating__margin_ridge_a25p0__z,within_season_normalization,0.0,1115,1115,-0.0055891179439549596,0.11247154824274179,0.17647058823529413,1.0,0.20633234035907436,0.17519794960747023,False,False,False,,below_bounded_prescreen
absdiff__rating__margin_ridge_a25p0_z,global_strength_ratings,0.0,1115,1115,-0.0055891179439549596,0.11247154824274179,0.17647058823529413,1.0,0.20633234035907436,0.17519794960747023,False,False,False,,below_bounded_prescreen
seedprior__favorite_prob_pc2p0,prequential_seed_priors,0.0,1115,453,-0.00646527452330041,0.11159426373488168,0.17647058823529413,1.0,0.20839445835331968,0.17488712277138357,False,True,False,,correlation_pruned_or_cap
absdiff__detailed__last5__off_rtg_mean,detailed_efficiency,0.0,1115,1115,0.003681160757421955,0.10876206206325834,0.17647058823529413,1.0,0.15911766344179235,0.1748862327369722,False,False,False,,below_bounded_prescreen
absdiff__detailed__last20__tov_pct_mean,detailed_efficiency,0.0,1115,1115,-0.02059276873679879,0.10115003952511008,0.17647058823529413,1.0,0.16130340259347203,0.17486558610805678,False,False,False,,below_bounded_prescreen
mean__detailed__clean__efg_std,detailed_efficiency,0.0,1115,1115,-0.02234586620470031,0.05634842651043772,0.29411764705882354,1.0,0.10813604814511019,0.17469671689365152,False,False,False,,below_bounded_prescreen
absdiff__massey__rank_improvement_median,massey_consensus,0.0,1115,91,-0.02539902863576577,0.0949206556264692,0.17647058823529413,1.0,0.1201472419792862,0.1745791054390493,False,False,False,,below_bounded_prescreen
diff__detailed__all__ftpct_mean,detailed_efficiency,0.0,1115,1115,0.0591684518447114,0.08462051696474605,0.17647058823529413,1.0,0.19490604715197862,0.17407395978048254,False,False,False,,below_bounded_prescreen
absdiff__detailed__last20__ft_rate_mean,detailed_efficiency,0.0,1115,1115,-0.016517469555948152,0.1519589888550993,0.058823529411764705,1.0,0.29867892900086546,0.174038765498604,False,False,False,,below_bounded_prescreen
absdiff__compact__day110plus_margin_mean,compact_performance,0.0,1115,755,0.02139971180992976,0.09944328286594736,0.17647058823529413,1.0,0.16840001639760432,0.17394000583558217,False,False,False,,below_bounded_prescreen
absdiff__norm__compact__margin_mean__pct,within_season_normalization,0.0,1115,659,-0.024705363679123033,0.09852102450955177,0.17647058823529413,1.0,0.17606749620460896,0.17391786604345463,False,False,False,,below_bounded_prescreen
absdiff__norm__compact__margin_trim02__pct,within_season_normalization,0.0,1115,659,-0.024705363679123033,0.09852102450955177,0.17647058823529413,1.0,0.17606749620460896,0.17391786604345463,False,False,False,,below_bounded_prescreen
diff__detailed__clean__ftpct_mean,detailed_efficiency,0.0,1115,1115,0.058643122484567885,0.08462051696474605,0.17647058823529413,1.0,0.19606856438771028,0.1739118866318217,False,False,False,,below_bounded_prescreen
absdiff__massey__strength_min,massey_consensus,0.0,1115,988,0.04327933846307747,0.13249479277928003,0.058823529411764705,1.0,0.22100881360573177,0.17369036715758457,False,False,False,,below_bounded_prescreen
absdiff__norm__detailed__all__net_rtg_ros__pct,within_season_normalization,0.0,1115,601,-0.024880459512735414,0.0983124803031539,0.17647058823529413,1.0,0.18811118453577563,0.1733745383745317,False,False,False,,below_bounded_prescreen
absdiff__detailed__neutral__net_rtg_mean,detailed_efficiency,0.04394618834080718,1066,1066,-0.036964636675913064,0.1002093233461631,0.17647058823529413,1.0,0.18983223984004222,0.17335900473163995,False,False,False,,below_bounded_prescreen
absdiff__norm__detailed__clean__net_rtg_ros__pct,within_season_normalization,0.0,1115,605,-0.025699660896748962,0.09841545033987228,0.17647058823529413,1.0,0.19678201648241966,0.17325735501877373,False,False,False,,below_bounded_prescreen
mean__massey__strength_iqr,massey_consensus,0.0,1115,829,-0.03907298980890214,0.08928361962716028,0.17647058823529413,1.0,0.1645920250433348,0.17310380829490907,False,False,False,,below_bounded_prescreen
absdiff__detailed__all__opp_ftmade_rate_ros,detailed_efficiency,0.0,1115,1115,-0.03487979597685902,0.09346119501453502,0.17647058823529413,1.0,0.19389112804352532,0.17301457771779186,False,False,False,,below_bounded_prescreen
absdiff__schedule__quality_win_points_mean,schedule_and_accomplishment,0.0,1115,1115,-0.017475793201843996,0.09582998239371858,0.17647058823529413,1.0,0.13439606902335946,0.17270251741010328,False,False,False,,below_bounded_prescreen
absdiff__detailed__last10__tov_pct_mean,detailed_efficiency,0.0,1115,1115,0.020648766207568656,0.09790889920990231,0.17647058823529413,1.0,0.17722997468943275,0.17268509531648796,False,False,False,,below_bounded_prescreen
absdiff__detailed__all__oppftmaderate_mean,detailed_efficiency,0.0,1115,1115,-0.03658855452075664,0.09278116312223983,0.17647058823529413,1.0,0.207500129563874,0.17251972922833367,False,False,False,,below_bounded_prescreen
absdiff__seed__number,selection_committee_prior,0.0,1115,15,-0.01712783332494228,0.10094081083236946,0.17647058823529413,1.0,0.20425808841806203,0.17228468311194922,False,True,False,,correlation_pruned_or_cap
matchup__seed_gap_abs,matchup_context,0.0,1115,15,-0.01712783332494228,0.10094081083236946,0.17647058823529413,1.0,0.20425808841806203,0.17228468311194922,False,True,True,33.0,selected
diff__detailed__all__drbpct_mean,detailed_efficiency,0.0,1115,1115,0.05578044802015841,0.07870866470044155,0.17647058823529413,1.0,0.15236484131676903,0.1721925580856231,False,False,False,,below_bounded_prescreen
absdiff__detailed__home__def_rtg_mean,detailed_efficiency,0.0,1115,1115,-0.026700237020855888,0.09384424751343041,0.17647058823529413,1.0,0.1772689901161944,0.17206382546403418,False,False,False,,below_bounded_prescreen
absdiff__compact__pythag_exp13p91,compact_performance,0.0,1115,1115,-0.0231510005377045,0.09486876130771531,0.17647058823529413,1.0,0.17224663754559355,0.17197565416182164,False,False,False,,below_bounded_prescreen
mean__schedule__top_quartile_games,schedule_and_accomplishment,0.0,1115,44,0.00968477447618333,0.10318056228828736,0.17647058823529413,1.0,0.20103591040723612,0.1718511779844959,False,False,False,,below_bounded_prescreen
seedprior__pooled_pair_games,prequential_seed_priors,0.051121076233183856,1058,128,-0.05874335882237382,0.0882212401738077,0.17647058823529413,1.0,0.19067508343093478,0.1717883389061049,False,True,False,,correlation_pruned_or_cap
absdiff__detailed__all__net_rtg_ros,detailed_efficiency,0.0,1115,1115,0.01300601370039725,0.10071367477659984,0.17647058823529413,1.0,0.19641610951845612,0.17158253664376413,False,False,False,,below_bounded_prescreen
absdiff__detailed__clean__net_rtg_ros,detailed_efficiency,0.0,1115,1115,0.011718280210327777,0.10204797846707553,0.17647058823529413,1.0,0.20951990618051763,0.17141554918089472,False,False,False,,below_bounded_prescreen
absdiff__detailed__clean__opp_ftmade_rate_ros,detailed_efficiency,0.0,1115,1115,-0.034658774223589844,0.09057940601612317,0.17647058823529413,1.0,0.19954861030671844,0.17135639492230723,False,False,False,,below_bounded_prescreen
absdiff__norm__detailed__all__net_rtg_ros__z,within_season_normalization,0.0,1115,1115,0.011574093942571218,0.1007136834364256,0.17647058823529413,1.0,0.19641611134850573,0.17126751838055682,False,False,False,,below_bounded_prescreen
mean__schedule__opponent_strength_std,schedule_and_accomplishment,0.0,1115,1114,0.017010527490257995,0.09874182844107797,0.17647058823529413,1.0,0.20279039757925504,0.17126207191405105,False,False,False,,below_bounded_prescreen
absdiff__norm__detailed__clean__net_rtg_ros__z,within_season_normalization,0.0,1115,1115,0.010302093359599942,0.10204798384411164,0.17647058823529413,1.0,0.20951990707178533,0.17110399061906123,False,False,False,,below_bounded_prescreen
mean__compact__neutral_games,compact_performance,0.04394618834080718,1066,15,0.017833132925448494,0.10458603356924581,0.17647058823529413,1.0,0.20354775139042053,0.17070227435160235,False,False,False,,below_bounded_prescreen
mean__detailed__neutral__games,detailed_efficiency,0.04394618834080718,1066,15,0.017833132925448494,0.10458603356924581,0.17647058823529413,1.0,0.20354775139042053,0.17070227435160235,False,False,False,,below_bounded_prescreen
absdiff__detailed__clean__oppftmaderate_mean,detailed_efficiency,0.0,1115,1115,-0.03659426313268662,0.08920965613104301,0.17647058823529413,1.0,0.21259617135830267,0.17060282009540664,False,False,False,,below_bounded_prescreen
absdiff__detailed__last10__off_rtg_mean,detailed_efficiency,0.0,1115,1115,-0.0033146824270402025,0.10390477966969493,0.17647058823529413,1.0,0.20654775814492957,0.1705769081672523,False,False,False,,below_bounded_prescreen
mean__compact__last20_margin_std,compact_performance,0.0,1115,1115,0.006989900239288591,0.10120868854900283,0.17647058823529413,1.0,0.19650052489367703,0.17049322167806483,False,False,False,,below_bounded_prescreen
absdiff__detailed__clean__efg_ros,detailed_efficiency,0.0,1115,1115,0.012699393649894395,0.1415652029757983,0.058823529411764705,1.0,0.2527937172353264,0.17004518004782926,False,False,False,,below_bounded_prescreen
mean__detailed__all__defrtg_std,detailed_efficiency,0.0,1115,1115,-0.02557056691469554,0.04369572795899895,0.29411764705882354,1.0,0.0944257487472964,0.16988126772107245,False,False,False,,below_bounded_prescreen
mean__detailed__clean__defrtg_std,detailed_efficiency,0.0,1115,1115,-0.025594149204010038,0.04369572795899895,0.29411764705882354,1.0,0.09578645102431403,0.16983202773364092,False,False,False,,below_bounded_prescreen
absdiff__compact__rest_days_mean,compact_performance,0.0,1115,659,-0.04171110741616592,0.07989386735297728,0.17647058823529413,1.0,0.15333750703615076,0.16962729379718663,False,False,False,,below_bounded_prescreen
interaction__combined_margin_volatility,matchup_interactions,0.0,1115,1115,-0.018784167346882753,0.09167382627874521,0.17647058823529413,1.0,0.16907173638352563,0.16960837809241794,False,True,False,,correlation_pruned_or_cap
absdiff__detailed__clean__efg_median,detailed_efficiency,0.0,1115,1077,0.0211397741459308,0.13452212543503406,0.058823529411764705,1.0,0.2278299721821117,0.16951993633951903,False,False,False,,below_bounded_prescreen
absdiff__rating__elo_mov_log_preseason,dynamic_ratings,0.0,1115,1115,-0.02111783162673612,0.13158460610199174,0.058823529411764705,1.0,0.19571820242399446,0.16938957049576056,False,False,False,,below_bounded_prescreen
absdiff__detailed__ewm_h10__efg,detailed_efficiency,0.0,1115,1115,-0.000756836401678397,0.14608252175245856,0.058823529411764705,1.0,0.27180815131062397,0.16882555310300676,False,False,False,,below_bounded_prescreen
absdiff__detailed__all__opp_tov_pct_ros,detailed_efficiency,0.0,1115,1115,-0.03731291593368317,0.07764492564446154,0.17647058823529413,1.0,0.12319632653666265,0.1687858468709324,False,False,False,,below_bounded_prescreen
absdiff__detailed__last10__def_rtg_mean,detailed_efficiency,0.0,1115,1115,0.004087901272638413,0.0986143522237849,0.17647058823529413,1.0,0.19343558952732423,0.1687320978839513,False,False,False,,below_bounded_prescreen
absdiff__detailed__clean__opp_tov_pct_ros,detailed_efficiency,0.0,1115,1115,-0.03607980188124669,0.07793240143750262,0.17647058823529413,1.0,0.1227557572426004,0.16867017293181857,False,False,False,,below_bounded_prescreen
mean__compact__days_since_last_game,compact_performance,0.0,1115,16,-0.03406514203959923,0.12562148702161302,0.058823529411764705,1.0,0.2137720270266566,0.16865352864390215,False,False,False,,below_bounded_prescreen
diff__detailed__clean__pace_ros,detailed_efficiency,0.0,1115,1115,0.01523232324770754,0.09520413670448413,0.17647058823529413,1.0,0.21773678317190334,0.16857491952341896,False,False,False,,below_bounded_prescreen
diff__detailed__all__pace_ros,detailed_efficiency,0.0,1115,1115,0.014632475593659702,0.09520413670448413,0.17647058823529413,1.0,0.21749889019497098,0.16845246875860573,False,False,False,,below_bounded_prescreen
absdiff__detailed__all__efg_ros,detailed_efficiency,0.0,1115,1115,0.012450748675674014,0.1379310382573924,0.058823529411764705,1.0,0.24915955251692048,0.16839144567740216,False,False,False,,below_bounded_prescreen
absdiff__detailed__clean__efg_mean,detailed_efficiency,0.0,1115,1115,0.006430080524871125,0.141963025943874,0.058823529411764705,1.0,0.26823492284848754,0.16823923796047402,False,False,False,,below_bounded_prescreen
absdiff__detailed__clean__efg_trim02,detailed_efficiency,0.0,1115,1115,0.006430080524871125,0.141963025943874,0.058823529411764705,1.0,0.26823492284848754,0.16823923796047402,False,False,False,,below_bounded_prescreen
absdiff__norm__detailed__all__efg_ros__z,within_season_normalization,0.0,1115,1115,0.011231796697547763,0.13793104728394187,0.058823529411764705,1.0,0.24915955219720098,0.16812328058774695,False,False,False,,below_bounded_prescreen
absdiff__rating__bt_c1p0,global_strength_ratings,0.0,1115,1115,-0.011846876823824489,0.1335747909484184,0.058823529411764705,1.0,0.21358288285497823,0.16759066194816544,False,False,False,,below_bounded_prescreen
absdiff__norm__rating__bt_c1p0__z,within_season_normalization,0.0,1115,1115,-0.01178814670583349,0.1335747857969753,0.058823529411764705,1.0,0.21358287924026653,0.16757773899410322,False,False,False,,below_bounded_prescreen
absdiff__rating__bt_c1p0_z,global_strength_ratings,0.0,1115,1115,-0.01178814670583349,0.1335747857969753,0.058823529411764705,1.0,0.21358287924026653,0.16757773899410322,False,False,False,,below_bounded_prescreen
diff__detailed__ewm_h5__defrtg,detailed_efficiency,0.0,1115,1115,-0.05400822412049682,0.06874394128699973,0.17647058823529413,1.0,0.13993789396118075,0.16751667948346902,False,False,False,,below_bounded_prescreen
absdiff__massey__rank_improvement_std,massey_consensus,0.0,1115,1115,-0.0033866687145750725,0.14096895446903487,0.058823529411764705,1.0,0.2599365808539592,0.16742446673406725,False,False,False,,below_bounded_prescreen
absdiff__compact__day120plus_win_pct,compact_performance,0.0,1115,30,0.016623355548489684,0.13429435216457572,0.058823529411764705,1.0,0.25269089961963015,0.16742255598076122,False,False,False,,below_bounded_prescreen
absdiff__detailed__all__efg_median,detailed_efficiency,0.0,1115,1078,0.021378251972988177,0.13013632277662407,0.058823529411764705,1.0,0.22999453342592063,0.1673806337356825,False,False,False,,below_bounded_prescreen
absdiff__detailed__ewm_h5__oppefg,detailed_efficiency,0.0,1115,1115,0.01668471658096713,0.08874036106372145,0.17647058823529413,1.0,0.17981302333633387,0.16730878414259276,False,False,False,,below_bounded_prescreen
absdiff__rating__elo_mov_538_preseason,dynamic_ratings,0.0,1115,1115,-0.019809884942015188,0.12734044012970236,0.058823529411764705,1.0,0.1942394762968671,0.16712377160350814,False,False,False,,below_bounded_prescreen
absdiff__detailed__all__efg_mean,detailed_efficiency,0.0,1115,1115,0.0059179097892276735,0.13820402285205857,0.058823529411764705,1.0,0.26207185110850734,0.16656876178416027,False,False,False,,below_bounded_prescreen
absdiff__detailed__all__efg_trim02,detailed_efficiency,0.0,1115,1115,0.0059179097892276735,0.13820402285205857,0.058823529411764705,1.0,0.26207185110850734,0.16656876178416027,False,False,False,,below_bounded_prescreen
mean__compact__day90plus_games,compact_performance,0.0,1115,11,-0.0013152148599062422,0.09543789233526348,0.17647058823529413,1.0,0.19486332386508062,0.16654029675314969,False,False,False,,below_bounded_prescreen
absdiff__conference__tourney_win_pct,conference_context,0.017040358744394617,1096,9,-0.01100339148600922,0.13721754789681304,0.058823529411764705,1.0,0.24636196836550778,0.16647922638910276,False,False,False,,below_bounded_prescreen
mean__coach__has_prior_tournament_history,prior_coach_history,0.0,1115,3,0.02809350739922757,0.07956497755014191,0.17647058823529413,1.0,0.16302641945526636,0.1660859981913346,False,False,False,,below_bounded_prescreen
mean__compact__day120plus_games,compact_performance,0.0,1115,9,0.0011132985148229403,0.08907544164097252,0.17647058823529413,1.0,0.13061875641748938,0.16601168152187534,False,False,False,,below_bounded_prescreen
absdiff__massey__ordinal_std,massey_consensus,0.0,1115,1115,-0.0021565389506773215,0.1397152218220087,0.058823529411764705,1.0,0.27346200898948014,0.16601102939001636,False,False,False,,below_bounded_prescreen
absdiff__compact__margin_median,compact_performance,0.0,1115,40,0.027562605082639573,0.08136105574651788,0.17647058823529413,1.0,0.18509276783705053,0.1659486632806743,False,False,False,,below_bounded_prescreen
absdiff__detailed__last10__net_rtg_mean,detailed_efficiency,0.0,1115,1115,0.03889309864700365,0.07435854486908448,0.17647058823529413,1.0,0.16673429633569542,0.16581450550372062,False,False,False,,below_bounded_prescreen
absdiff__massey__strength_iqr,massey_consensus,0.0,1115,752,-0.005942887482047462,0.13394929306405118,0.058823529411764705,1.0,0.2407251780289389,0.1653858535015198,False,False,False,,below_bounded_prescreen
absdiff__massey__system_mas,massey_consensus,0.2295964125560538,859,424,-0.009925643247700025,0.1091270542477286,0.23076923076923078,1.0,0.19446740879385882,0.165341295120242,False,False,False,,below_bounded_prescreen
absdiff__compact__margin_mad,compact_performance,0.0,1115,19,-0.0041720281795879595,0.08861846994649929,0.17647058823529413,1.0,0.159263314239749,0.1653194733218861,False,False,False,,below_bounded_prescreen
absdiff__compact__last5_margin_std,compact_performance,0.0,1115,1114,-0.00501331459064521,0.09187693417774564,0.17647058823529413,1.0,0.2207263703875748,0.16461009691740391,False,False,False,,below_bounded_prescreen
absdiff__compact__last10_margin_mean,compact_performance,0.0,1115,175,0.038371703996303595,0.06952569319414324,0.17647058823529413,1.0,0.13673575220314663,0.16457997164189675,False,False,False,,below_bounded_prescreen
absdiff__compact__half_marginmean_first,compact_performance,0.0,1115,918,0.009368520472194858,0.13122805314442385,0.058823529411764705,1.0,0.2587845433196335,0.1641109229863033,False,False,False,,below_bounded_prescreen
mean__detailed__neutral__pace_mean,detailed_efficiency,0.04394618834080718,1066,1053,0.009034058081303175,0.044988423673195395,0.29411764705882354,1.0,0.08038603591255693,0.1639096231666654,False,False,False,,below_bounded_prescreen
absdiff__compact__home_margin_std,compact_performance,0.0,1115,1115,-0.0031954040155450073,0.1325286071741593,0.058823529411764705,1.0,0.2520611680364734,0.16364603831143978,False,False,False,,below_bounded_prescreen
absdiff__compact__pythag_exp10p0,compact_performance,0.0,1115,1115,-0.012188912707191508,0.080935933418498,0.17647058823529413,1.0,0.15490038555834013,0.16357008753177463,False,False,False,,below_bounded_prescreen
absdiff__compact__home_win_pct,compact_performance,0.0,1115,357,0.00867005676734845,0.1302049536121207,0.058823529411764705,1.0,0.2577473273553359,0.16350766183430354,False,False,False,,below_bounded_prescreen
absdiff__rating__bt_c0p25_z,global_strength_ratings,0.0,1115,1115,-0.007753065406783346,0.12884048616860733,0.058823529411764705,1.0,0.24022173453566303,0.16335200307487968,False,False,False,,below_bounded_prescreen
absdiff__rating__bt_c0p25,global_strength_ratings,0.0,1115,1115,-0.007572587397363699,0.12884048278798207,0.058823529411764705,1.0,0.24022171713168533,0.16331229698626634,False,False,False,,below_bounded_prescreen
diff__detailed__clean__offrtg_std,detailed_efficiency,0.0,1115,1115,-0.039769886861470996,0.11053374113120394,0.058823529411764705,1.0,0.20989300382730913,0.1628216154052915,False,False,False,,below_bounded_prescreen
diff__detailed__all__offrtg_std,detailed_efficiency,0.0,1115,1115,-0.03788586847016513,0.11053374113120394,0.058823529411764705,1.0,0.20675274394727527,0.16253274175440557,False,False,False,,below_bounded_prescreen
absdiff__compact__home_margin_mean,compact_performance,0.0,1115,1054,0.021415685707435683,0.07332426603576683,0.17647058823529413,1.0,0.1407683603255862,0.16251165825742755,False,False,False,,below_bounded_prescreen
absdiff__detailed__last10__efg_mean,detailed_efficiency,0.0,1115,1115,-0.012425447225605136,0.12525548713721782,0.058823529411764705,1.0,0.2539488476036962,0.16211004301723222,False,False,False,,below_bounded_prescreen
diff__detailed__all__opp_tov_pct_ros,detailed_efficiency,0.0,1115,1115,0.05816772475037697,0.05605798541740891,0.17647058823529413,1.0,0.15629493309018758,0.16168822923947876,False,False,False,,below_bounded_prescreen
absdiff__schedule__elite_wins,schedule_and_accomplishment,0.0,1115,12,0.006626240654625882,0.07374853739049,0.17647058823529413,1.0,0.0954429037030795,0.16127464886097678,False,False,False,,below_bounded_prescreen
absdiff__compact__margin_q75,compact_performance,0.0,1115,86,-0.004850203679708506,0.12094758191933802,0.058823529411764705,1.0,0.190812298499237,0.16090115689673098,False,False,False,,below_bounded_prescreen
absdiff__adj__off_rtg_a10p0,opponent_adjusted_efficiency,0.0,1115,1115,0.0010654823146518844,0.1261913764125397,0.058823529411764705,1.0,0.23347047577375782,0.1608792124621745,False,True,True,45.0,selected
mean__detailed__last10__pace_mean,detailed_efficiency,0.0,1115,1081,-0.029900411763927808,0.0634438109945166,0.17647058823529413,1.0,0.1274953262708925,0.16016660093224344,False,False,False,,below_bounded_prescreen
absdiff__compact__ewm_h20_margin,compact_performance,0.0,1115,1115,-0.00613618148607255,0.12394695170349627,0.058823529411764705,1.0,0.25780512497971586,0.1599440564513079,False,False,False,,below_bounded_prescreen
diff__detailed__all__oppftpct_median,detailed_efficiency,0.0,1115,876,-0.043976907604800476,0.10043873259574271,0.058823529411764705,1.0,0.18444771886295888,0.15991936727037662,False,False,False,,below_bounded_prescreen
absdiff__detailed__last10__orb_pct_mean,detailed_efficiency,0.0,1115,1115,0.03044774877693286,0.06240468031959309,0.17647058823529413,1.0,0.12748520610390762,0.15978863715782068,False,False,False,,below_bounded_prescreen
absdiff__detailed__all__oppftmaderate_median,detailed_efficiency,0.0,1115,1099,-0.02682090263594611,0.1086608105593598,0.058823529411764705,1.0,0.20351174658510074,0.15932908249087918,False,False,False,,below_bounded_prescreen
mean__detailed__last20__pace_mean,detailed_efficiency,0.0,1115,1095,-0.025140010666477797,0.06150117537080106,0.17647058823529413,1.0,0.10348508165809743,0.1591472573759328,False,False,False,,below_bounded_prescreen
absdiff__detailed__clean__oppftmaderate_median,detailed_efficiency,0.0,1115,1099,-0.02669247106528478,0.1086608105593598,0.058823529411764705,1.0,0.20828105822201565,0.15911005507985707,False,False,False,,below_bounded_prescreen
absdiff__detailed__last10__opp_efg_mean,detailed_efficiency,0.0,1115,1115,0.011601072560776176,0.07280985479383285,0.17647058823529413,1.0,0.16911528887281038,0.15897164882714515,False,False,False,,below_bounded_prescreen
absdiff__compact__rest_days_std,compact_performance,0.0,1115,1114,-0.0003667860743976939,0.07222580078262109,0.17647058823529413,1.0,0.11178151719041549,0.15851311074205607,False,False,False,,below_bounded_prescreen
diff__compact__last5_win_pct,compact_performance,0.0,1115,9,-0.01868037854715595,0.06587554920962457,0.17647058823529413,1.0,0.1410121076764026,0.15832475671158508,False,False,False,,below_bounded_prescreen
absdiff__adj__off_rtg_a50p0,opponent_adjusted_efficiency,0.0,1115,1115,0.01553297091596609,0.11343627732687948,0.058823529411764705,1.0,0.22615429555208094,0.15823225960221382,False,True,True,46.0,selected
mean__detailed__clean__ftrate_std,detailed_efficiency,0.0,1115,1114,0.004624217146581416,0.06796941887292789,0.17647058823529413,1.0,0.09514358666158174,0.1580721994824371,False,False,False,,below_bounded_prescreen
diff__compact__day110plus_win_pct,compact_performance,0.0,1115,182,0.011284421339004128,0.11237144041587387,0.058823529411764705,1.0,0.1976071510572746,0.15792834275779172,False,False,False,,below_bounded_prescreen
absdiff__massey__system_wil,massey_consensus,0.17219730941704037,923,465,-0.06276410597022068,0.09039975397549685,0.14285714285714285,1.0,0.2177159296705471,0.1575727061386448,False,False,False,,below_bounded_prescreen
mean__detailed__clean__pace_ros,detailed_efficiency,0.0,1115,1114,-0.022105896480554606,0.060610249094601235,0.17647058823529413,1.0,0.11593768104383725,0.15755400366702418,False,False,False,,below_bounded_prescreen
interaction__pace_mean,matchup_interactions,0.0,1115,1114,-0.0222233598435289,0.05969359321711964,0.17647058823529413,1.0,0.11534402385040787,0.15716359707342453,False,True,False,,correlation_pruned_or_cap
mean__detailed__all__pace_ros,detailed_efficiency,0.0,1115,1114,-0.0222233598435289,0.05969359321711964,0.17647058823529413,1.0,0.11534402385040787,0.15716359707342453,False,False,False,,below_bounded_prescreen
diff__compact__neutral_margin_std,compact_performance,0.08251121076233184,1023,1021,0.034993626210601425,0.07112479879869672,0.17647058823529413,1.0,0.15954176781430887,0.15709122773379489,False,False,False,,below_bounded_prescreen
absdiff__compact__margin_slope,compact_performance,0.0,1115,1114,0.03629500121870441,0.05671890155907301,0.17647058823529413,1.0,0.17051610733420214,0.156624622840749,False,False,False,,below_bounded_prescreen
absdiff__detailed__clean__opp_ft_rate_ros,detailed_efficiency,0.0,1115,1115,-0.03574956570439836,0.09432786253333515,0.058823529411764705,1.0,0.15345410913121937,0.15641587881160207,False,False,False,,below_bounded_prescreen
mean__detailed__all__ftrate_std,detailed_efficiency,0.0,1115,1114,0.0028216641220310803,0.06503652612099509,0.17647058823529413,1.0,0.09331172625173442,0.15634112371250217,False,False,False,,below_bounded_prescreen
absdiff__compact__neutral_margin_mean,compact_performance,0.04394618834080718,1066,611,-0.04270970065510906,0.10106818086213472,0.058823529411764705,1.0,0.1871168692858194,0.15632025582513367,False,False,False,,below_bounded_prescreen
mean__geography__neutral_games_with_city,geography_and_schedule_dispersion,0.0,1115,17,0.026841459415547178,0.04961498478303401,0.2,1.0,0.13773679962318455,0.1562108417823493,False,False,False,,below_bounded_prescreen
absdiff__compact__margin_q90,compact_performance,0.0,1115,217,0.030205771663961548,0.05689784956140582,0.17647058823529413,1.0,0.15302035291534702,0.1560707175565795,False,False,False,,below_bounded_prescreen
absdiff__rating__elo_standard_z,dynamic_ratings,0.0,1115,1115,-0.013367240065564511,0.1049389287128601,0.058823529411764705,1.0,0.17092643030441726,0.1558861860903027,False,False,False,,below_bounded_prescreen
absdiff__compact__last20_margin_median,compact_performance,0.0,1115,44,0.0071799945568883534,0.11130776972547068,0.058823529411764705,1.0,0.21497936326256112,0.15581991844612128,False,False,False,,below_bounded_prescreen
absdiff__rating__elo_standard,dynamic_ratings,0.0,1115,1115,-0.012899248124391319,0.10493892233944381,0.058823529411764705,1.0,0.17092640766607828,0.15578322570953834,False,False,False,,below_bounded_prescreen
absdiff__compact__last20_win_pct,compact_performance,0.0,1115,12,-0.023061167454734646,0.05605041545596823,0.17647058823529413,1.0,0.11147714470089358,0.15575386458851767,False,False,False,,below_bounded_prescreen
absdiff__detailed__ewm_h5__efg,detailed_efficiency,0.0,1115,1115,-0.016028400893637034,0.10889075973553093,0.058823529411764705,1.0,0.23677246458974294,0.15573467899194762,False,False,False,,below_bounded_prescreen
absdiff__detailed__all__opp_ft_rate_ros,detailed_efficiency,0.0,1115,1115,-0.03667226428029372,0.09216674979463554,0.058823529411764705,1.0,0.15386932503112022,0.15556492974772723,False,False,False,,below_bounded_prescreen
absdiff__detailed__last5__opp_efg_mean,detailed_efficiency,0.0,1115,1115,0.02087813883669171,0.10092557504985582,0.058823529411764705,1.0,0.18271474155829268,0.1551406416115536,False,False,False,,below_bounded_prescreen
diff__detailed__clean__opp_tov_pct_ros,detailed_efficiency,0.0,1115,1115,0.056953460485753386,0.04286590733309879,0.17647058823529413,1.0,0.15684417949565094,0.1550669237645742,False,False,False,,below_bounded_prescreen
absdiff__rating__elo_standard_preseason,dynamic_ratings,0.0,1115,1115,-0.01723389032980217,0.10174543373812162,0.058823529411764705,1.0,0.18035482049645085,0.1548268359528792,False,False,False,,below_bounded_prescreen
diff__detailed__ewm_h5__fg3attemptrate,detailed_efficiency,0.0,1115,1115,-0.019107441951894014,0.10109225250018937,0.058823529411764705,1.0,0.19852559042112028,0.15419865951854514,False,False,False,,below_bounded_prescreen
mean__compact__last5_margin_std,compact_performance,0.0,1115,1114,0.04264277646322613,0.08654880513181284,0.058823529411764705,1.0,0.1557976828535369,0.1541046946769208,False,False,False,,below_bounded_prescreen
absdiff__compact__margin_q10,compact_performance,0.0,1115,190,0.018796804542118767,0.10342345489594258,0.058823529411764705,1.0,0.2292345966751294,0.15402093618819576,False,False,False,,below_bounded_prescreen
absdiff__detailed__away__net_rtg_mean,detailed_efficiency,0.0,1115,1115,0.024277406628913863,0.09617892093113245,0.058823529411764705,1.0,0.1837588773729234,0.15356832111627006,False,False,False,,below_bounded_prescreen
absdiff__detailed__clean__ftrate_std,detailed_efficiency,0.0,1115,1115,0.021914596463759355,0.09753292629027972,0.058823529411764705,1.0,0.18721218326040406,0.15356029321682754,False,False,False,,below_bounded_prescreen
absdiff__detailed__ewm_h20__efg,detailed_efficiency,0.0,1115,1115,0.02122823910310046,0.09895393600754841,0.058823529411764705,1.0,0.20150061440712913,0.15351984201590255,False,False,False,,below_bounded_prescreen
diff__detailed__clean__drbpct_mean,detailed_efficiency,0.0,1115,1115,0.05551905584733236,0.07870866470044155,0.058823529411764705,1.0,0.152632570566965,0.15330081322582884,False,False,False,,below_bounded_prescreen
absdiff__rating__elo_standard_delta,dynamic_ratings,0.0,1115,1115,0.0034623829958206486,0.058276914195413136,0.17647058823529413,1.0,0.1069125431774575,0.15269343546342762,False,False,False,,below_bounded_prescreen
diff__detailed__clean__fg3_attempt_rate_ros,detailed_efficiency,0.0,1115,1115,-0.03568372562485659,0.08634944896142865,0.058823529411764705,1.0,0.15345489108039762,0.15257172420162066,False,False,False,,below_bounded_prescreen
mean__detailed__all__ftmade_rate_ros,detailed_efficiency,0.0,1115,1115,-0.008292032607393524,0.10072466000689369,0.058823529411764705,1.0,0.18424844508808166,0.15221391087929462,False,False,False,,below_bounded_prescreen
absdiff__compact__day90plus_win_pct,compact_performance,0.0,1115,278,-0.002212050909312116,0.10344384054089614,0.058823529411764705,1.0,0.19031378574349006,0.15193890793582157,False,False,False,,below_bounded_prescreen
absdiff__detailed__last5__orb_pct_mean,detailed_efficiency,0.0,1115,1115,0.025338586204069993,0.09088756071941981,0.058823529411764705,1.0,0.1668909863487193,0.1519366433621505,False,False,False,,below_bounded_prescreen
seedprior__pooled_gap_games,prequential_seed_priors,0.051121076233183856,1058,150,-0.011590798414097542,0.06238912462105677,0.17647058823529413,1.0,0.12377795007978831,0.15169124548500953,False,False,False,,below_bounded_prescreen
mean__detailed__clean__ftmade_rate_ros,detailed_efficiency,0.0,1115,1115,-0.008294654131069095,0.09981200298733002,0.058823529411764705,1.0,0.190049408001271,0.15154437372858515,False,False,False,,below_bounded_prescreen
diff__detailed__all__fg3_attempt_rate_ros,detailed_efficiency,0.0,1115,1115,-0.03503092466056244,0.08518797912293206,0.058823529411764705,1.0,0.16230998153150805,0.15151639884895315,False,False,False,,below_bounded_prescreen
absdiff__detailed__home__off_rtg_mean,detailed_efficiency,0.0,1115,1115,0.004622907119295797,0.10191862204484736,0.058823529411764705,1.0,0.19658471144603507,0.15148635439581276,False,False,False,,below_bounded_prescreen
diff__detailed__clean__fg3attemptrate_median,detailed_efficiency,0.0,1115,1108,-0.030963314413617573,0.08770886856418501,0.058823529411764705,1.0,0.17140406365377697,0.15146778824153595,False,False,False,,below_bounded_prescreen
mean__compact__rest_days_mean,compact_performance,0.0,1115,720,0.017432038860468953,0.09855145433329862,0.058823529411764705,1.0,0.22940987960963094,0.15137511615078364,False,False,False,,below_bounded_prescreen
absdiff__detailed__clean__ftmade_rate_ros,detailed_efficiency,0.0,1115,1115,0.02704876331579639,0.09238103771334039,0.058823529411764705,1.0,0.2106148697837044,0.1512807959464128,False,False,False,,below_bounded_prescreen
absdiff__norm__rating__pagerank_margin__z,within_season_normalization,0.0,1115,1115,-0.017855741134090074,0.09550181069664468,0.058823529411764705,1.0,0.20443981940895034,0.1510033041134136,False,False,False,,below_bounded_prescreen
absdiff__rating__pagerank_margin_z,global_strength_ratings,0.0,1115,1115,-0.017855741134090074,0.09550181069664468,0.058823529411764705,1.0,0.20443981940895034,0.1510033041134136,False,False,False,,below_bounded_prescreen
mean__detailed__last5__pace_mean,detailed_efficiency,0.0,1115,1037,-0.0024093995010015493,0.055009248227072746,0.17647058823529413,1.0,0.10572530348769553,0.1509407890173545,False,False,False,,below_bounded_prescreen
diff__detailed__clean__fg3attemptrate_mean,detailed_efficiency,0.0,1115,1115,-0.03570966230427702,0.0832723889751104,0.058823529411764705,1.0,0.1586763758755008,0.15089158208585626,False,False,False,,below_bounded_prescreen
absdiff__detailed__clean__offrtg_std,detailed_efficiency,0.0,1115,1115,-0.004541818605838758,0.05301244440874907,0.17647058823529413,1.0,0.10042862346552806,0.15066332258851003,False,False,False,,below_bounded_prescreen
diff__compact__close3_win_pct,compact_performance,0.03139013452914798,1080,171,0.03804688023539659,0.09031232833575853,0.058823529411764705,1.0,0.20074744350836343,0.15059088745616733,False,False,False,,below_bounded_prescreen
absdiff__detailed__all__offrtg_std,detailed_efficiency,0.0,1115,1115,-0.003397173013198331,0.05301244440874907,0.17647058823529413,1.0,0.0974694222826433,0.1505298686054445,False,False,False,,below_bounded_prescreen
diff__detailed__all__fg3attemptrate_median,detailed_efficiency,0.0,1115,1107,-0.03094901639246492,0.08558791232331871,0.058823529411764705,1.0,0.1700629527541507,0.1505002281172516,False,False,False,,below_bounded_prescreen
absdiff__detailed__all__ftmade_rate_ros,detailed_efficiency,0.0,1115,1115,0.026759255921215815,0.09092571212148709,0.058823529411764705,1.0,0.21144964428917168,0.15048515705529678,False,False,False,,below_bounded_prescreen
mean__compact__home_margin_std,compact_performance,0.0,1115,1115,0.01540095955018781,0.09349266067439586,0.058823529411764705,1.0,0.18249524306764617,0.15037664320792785,False,False,False,,below_bounded_prescreen
absdiff__rating__pagerank_margin,global_strength_ratings,0.0,1115,1115,-0.013981638794330115,0.09550182311463168,0.058823529411764705,1.0,0.2044398027569816,0.1501510082253789,False,False,False,,below_bounded_prescreen
absdiff__detailed__clean__efg_std,detailed_efficiency,0.0,1115,1115,-0.012995895964268228,0.09356091777788537,0.058823529411764705,1.0,0.17723545947949856,0.15009068397222639,False,False,False,,below_bounded_prescreen
diff__detailed__all__fg3attemptrate_mean,detailed_efficiency,0.0,1115,1115,-0.035109036349165894,0.08217029950095411,0.058823529411764705,1.0,0.16673038957190772,0.14990828088028052,False,False,False,,below_bounded_prescreen
absdiff__detailed__all__efg_std,detailed_efficiency,0.0,1115,1115,-0.013563192382006995,0.09168980037461295,0.058823529411764705,1.0,0.16617367760913482,0.14975982410537272,False,False,False,,below_bounded_prescreen
absdiff__compact__day110plus_win_pct,compact_performance,0.0,1115,109,0.002733079593764461,0.05036260495366864,0.17647058823529413,1.0,0.08383301687896749,0.1496573013308775,False,False,False,,below_bounded_prescreen
absdiff__detailed__all__ftrate_std,detailed_efficiency,0.0,1115,1115,0.01796664021179979,0.08841429345647492,0.058823529411764705,1.0,0.1654600765157841,0.14918488335095492,False,False,False,,below_bounded_prescreen
absdiff__detailed__all__drb_pct_ros,detailed_efficiency,0.0,1115,1115,-0.0028143306174821595,0.096056499069142,0.058823529411764705,1.0,0.1933687721634298,0.1484032861083794,False,False,False,,below_bounded_prescreen
mean__conference__strength_std,conference_context,0.0,1115,872,0.034989373333904394,0.07691410041482175,0.058823529411764705,1.0,0.1428274874929718,0.1483150955387369,False,False,False,,below_bounded_prescreen
mean__massey__systems,massey_consensus,0.0,1115,67,-0.011339717267075626,0.08836336728273847,0.058823529411764705,1.0,0.15040786951796858,0.14830460401963474,False,False,False,,below_bounded_prescreen
absdiff__detailed__clean__drb_pct_ros,detailed_efficiency,0.0,1115,1115,-0.0020340397216961755,0.0951084417030274,0.058823529411764705,1.0,0.19268531500867536,0.14780389286176165,False,False,False,,below_bounded_prescreen
absdiff__compact__away_win_pct,compact_performance,0.0,1115,412,-0.014691441138456978,0.0822923201500061,0.058823529411764705,1.0,0.11247594467149132,0.1476451576414862,False,False,False,,below_bounded_prescreen
absdiff__compact__margin_winsor02,compact_performance,0.0,1115,1115,0.016398931339119564,0.08478598573224262,0.058823529411764705,1.0,0.1537798866115213,0.14756560728750426,False,False,False,,below_bounded_prescreen
mean__detailed__all__tovpct_std,detailed_efficiency,0.0,1115,1114,-0.019661450654936095,0.08597687404212827,0.058823529411764705,1.0,0.18697536726627495,0.14752716869953889,False,False,False,,below_bounded_prescreen
diff__compact__last5_points_against_mean,compact_performance,0.0,1115,216,0.005968456778706194,0.09249016517005919,0.058823529411764705,1.0,0.1950873799227933,0.1473166092819144,False,False,False,,below_bounded_prescreen
mean__compact__away_margin_std,compact_performance,0.0,1115,1115,-0.012400092534263994,0.08768133830794164,0.058823529411764705,1.0,0.174057528003388,0.1472645263310969,False,False,False,,below_bounded_prescreen
diff__detailed__neutral__def_rtg_mean,detailed_efficiency,0.04394618834080718,1066,1066,-0.023192259464792152,0.04650452280915808,0.17647058823529413,1.0,0.12614456498822632,0.14709828448150358,False,False,False,,below_bounded_prescreen
absdiff__detailed__away__def_rtg_mean,detailed_efficiency,0.0,1115,1115,0.04396995231698536,0.06930302007283702,0.058823529411764705,1.0,0.1318309971595405,0.1470773639641993,False,False,False,,below_bounded_prescreen
mean__detailed__clean__tovpct_std,detailed_efficiency,0.0,1115,1114,-0.01915927762838462,0.08543624477865751,0.058823529411764705,1.0,0.19047395403419742,0.14701724511651468,False,False,False,,below_bounded_prescreen
diff__detailed__ewm_h10__fg3attemptrate,detailed_efficiency,0.0,1115,1115,-0.024611279719207627,0.08370995180060795,0.058823529411764705,1.0,0.20357696454575752,0.14686394452656956,False,False,False,,below_bounded_prescreen
absdiff__compact__pythag_residual_exp8p0,compact_performance,0.0,1115,1115,-0.005735429135976814,0.04252577752299073,0.17647058823529413,1.0,0.07643509292086356,0.14685205802176296,False,False,False,,below_bounded_prescreen
absdiff__detailed__last20__off_rtg_mean,detailed_efficiency,0.0,1115,1115,-0.0033327535277874448,0.08777556704667087,0.058823529411764705,1.0,0.15798120313782246,0.14595799453888472,False,False,False,,below_bounded_prescreen
mean__detailed__all__ftmaderate_mean,detailed_efficiency,0.0,1115,1115,-0.009002790843926588,0.08519873288923753,0.058823529411764705,1.0,0.16483427882721507,0.1456943993252916,False,False,False,,below_bounded_prescreen
mean__detailed__clean__ftmaderate_mean,detailed_efficiency,0.0,1115,1115,-0.00902053739657964,0.08532635057864192,0.058823529411764705,1.0,0.16812519179666138,0.14562792353901155,False,False,False,,below_bounded_prescreen
absdiff__detailed__clean__ftmaderate_mean,detailed_efficiency,0.0,1115,1115,0.02752013728357917,0.07791923086934481,0.058823529411764705,1.0,0.18279305695596373,0.14555570344731672,False,False,False,,below_bounded_prescreen
absdiff__adj__net_rtg_a50p0,opponent_adjusted_efficiency,0.0,1115,1115,0.009112448746839993,0.08431123181399693,0.058823529411764705,1.0,0.15941982824464412,0.14550910157111993,False,False,False,,below_bounded_prescreen
absdiff__adj__net_rtg_a50p0_z,opponent_adjusted_efficiency,0.0,1115,1115,0.008683345044147283,0.08431123684177252,0.058823529411764705,1.0,0.15941983191311487,0.14541470102312096,False,False,False,,below_bounded_prescreen
absdiff__norm__adj__net_rtg_a50p0__z,within_season_normalization,0.0,1115,1115,0.008683345044147283,0.08431123684177252,0.058823529411764705,1.0,0.15941983191311487,0.14541470102312096,False,False,False,,below_bounded_prescreen
diff__compact__day120plus_margin_mean,compact_performance,0.0,1115,634,0.002380145388843131,0.08520204538292361,0.058823529411764705,1.0,0.1410432996733861,0.14519064648829574,False,False,False,,below_bounded_prescreen
absdiff__detailed__all__ftmaderate_mean,detailed_efficiency,0.0,1115,1115,0.02703678009917302,0.07706828206088857,0.058823529411764705,1.0,0.18162140851709757,0.145087775376243,False,False,False,,below_bounded_prescreen
absdiff__compact__pythag_exp8p0,compact_performance,0.0,1115,1115,-0.005715749889024915,0.08370247191899313,0.058823529411764705,1.0,0.14844551105928597,0.14490859576021312,False,False,False,,below_bounded_prescreen
absdiff__norm__compact__margin_mean__z,within_season_normalization,0.0,1115,1109,0.018617866581783087,0.07693028527132778,0.058823529411764705,1.0,0.14881790455971333,0.1444815161017234,False,False,False,,below_bounded_prescreen
absdiff__norm__compact__margin_trim02__z,within_season_normalization,0.0,1115,1109,0.018617866581783087,0.07693028527132778,0.058823529411764705,1.0,0.14881790455971333,0.1444815161017234,False,False,False,,below_bounded_prescreen
absdiff__compact__margin_mean,compact_performance,0.0,1115,1085,0.018318331091480716,0.07693027906224921,0.058823529411764705,1.0,0.14881789912912932,0.14441561553072257,False,False,False,,below_bounded_prescreen
absdiff__compact__margin_trim02,compact_performance,0.0,1115,1085,0.018318331091480716,0.07693027906224921,0.058823529411764705,1.0,0.14881789912912932,0.14441561553072257,False,False,False,,below_bounded_prescreen
absdiff__massey__strength_std,massey_consensus,0.0,1115,1115,0.04837653689245209,0.07169510790571336,0.058823529411764705,1.0,0.25700623610939255,0.14418800517258853,False,False,False,,below_bounded_prescreen
mean__detailed__clean__ftmaderate_median,detailed_efficiency,0.0,1115,1099,-0.009991123989512967,0.07995789465916103,0.058823529411764705,1.0,0.16944662239265154,0.14321173652426647,False,False,False,,below_bounded_prescreen
absdiff__prior__program_win_pct_smoothed,prior_program_history,0.0,1115,858,-0.0029594680373146685,0.0804697163242929,0.058823529411764705,1.0,0.13819216831581305,0.14316062477711966,False,False,False,,below_bounded_prescreen
absdiff__compact__close5_win_pct,compact_performance,0.003587443946188341,1111,252,0.003453440922919367,0.08168395168261842,0.058823529411764705,1.0,0.1585688525918451,0.14275006889721262,False,False,False,,below_bounded_prescreen
absdiff__compact__pythag_residual_exp13p91,compact_performance,0.0,1115,1115,0.00537756403611682,0.03497568445097162,0.17647058823529413,1.0,0.08870315118119522,0.14265856069481134,False,False,False,,below_bounded_prescreen
mean__detailed__all__ftmaderate_median,detailed_efficiency,0.0,1115,1098,-0.011247582448441642,0.07834823794857176,0.058823529411764705,1.0,0.17391367567512095,0.1425368400328491,False,False,False,,below_bounded_prescreen
absdiff__detailed__last5__efg_mean,detailed_efficiency,0.0,1115,1114,-0.01589652080978371,0.07051979971512431,0.058823529411764705,1.0,0.14032467775025112,0.1411455160372844,False,False,False,,below_bounded_prescreen
mean__schedule__top_decile_games,schedule_and_accomplishment,0.0,1115,26,0.01134581896666239,0.07126472686300875,0.058823529411764705,1.0,0.12462899865595586,0.14112975382655404,False,False,False,,below_bounded_prescreen
absdiff__detailed__clean__ftmaderate_median,detailed_efficiency,0.0,1115,1096,0.02531517166540259,0.06351942792098489,0.058823529411764705,1.0,0.11126124454479883,0.1410199780925517,False,False,False,,below_bounded_prescreen
mean__detailed__away__pace_mean,detailed_efficiency,0.0,1115,1113,-0.024312581536658627,0.06354641059310201,0.058823529411764705,1.0,0.1267350597786203,0.14019340733749142,False,False,False,,below_bounded_prescreen
mean__detailed__home__pace_mean,detailed_efficiency,0.0,1115,1114,-0.02297509995735266,0.06107534025126449,0.058823529411764705,1.0,0.11308629347709226,0.1392589982780232,False,False,False,,below_bounded_prescreen
absdiff__detailed__clean__ft_rate_ros,detailed_efficiency,0.0,1115,1115,0.007999062797747572,0.06882995782819064,0.058823529411764705,1.0,0.1274841285827896,0.13911057313560674,False,False,False,,below_bounded_prescreen
absdiff__detailed__neutral__def_rtg_mean,detailed_efficiency,0.04394618834080718,1066,1066,-0.003319284375503137,0.07808805109547744,0.058823529411764705,1.0,0.13189438385251978,0.13883280137295687,False,False,False,,below_bounded_prescreen
absdiff__detailed__all__ft_rate_ros,detailed_efficiency,0.0,1115,1115,0.0066720306415240255,0.0676174768043109,0.058823529411764705,1.0,0.1287079691336234,0.13818768154774194,False,False,False,,below_bounded_prescreen
absdiff__compact__neutral_margin_std,compact_performance,0.08251121076233184,1023,1021,0.00502940330648232,0.08256811608311049,0.058823529411764705,1.0,0.1387471418262062,0.13800014661916668,False,False,False,,below_bounded_prescreen
mean__compact__home_games,compact_performance,0.0,1115,21,-2.4921345832070044e-05,0.06834412365462122,0.058823529411764705,1.0,0.12279075311925913,0.13731079663141324,False,False,False,,below_bounded_prescreen
mean__detailed__home__games,detailed_efficiency,0.0,1115,21,-2.4921345832070044e-05,0.06834412365462122,0.058823529411764705,1.0,0.12279075311925913,0.13731079663141324,False,False,False,,below_bounded_prescreen
absdiff__detailed__all__netrtg_std,detailed_efficiency,0.0,1115,1115,0.024593692853038602,0.05458172006327542,0.058823529411764705,1.0,0.10238707256661486,0.13692611986125847,False,False,False,,below_bounded_prescreen
diff__compact__neutral_win_pct,compact_performance,0.04394618834080718,1066,144,0.027342714548407275,0.06686058918241455,0.058823529411764705,1.0,0.17812302908832456,0.1368796284832934,False,False,False,,below_bounded_prescreen
diff__conference__tourney_games,conference_context,0.017040358744394617,1096,7,-0.028991604429787106,0.05940576852753237,0.058823529411764705,1.0,0.1527648086425594,0.1368308655283971,False,False,False,,below_bounded_prescreen
absdiff__rating__elo_mov_log_delta,dynamic_ratings,0.0,1115,1115,-0.011704124114450988,0.0600825836406365,0.058823529411764705,1.0,0.1105423458940622,0.13640461832280462,False,False,False,,below_bounded_prescreen
diff__detailed__all__opptovpct_mean,detailed_efficiency,0.0,1115,1115,0.052953763892377964,0.04413452855784536,0.058823529411764705,1.0,0.1509771604652244,0.1362070800513623,False,False,False,,below_bounded_prescreen
absdiff__detailed__clean__netrtg_std,detailed_efficiency,0.0,1115,1115,0.023699305099055254,0.0527827528295747,0.058823529411764705,1.0,0.099546621189784,0.135979468338279,False,False,False,,below_bounded_prescreen
absdiff__rating__elo_mov_538_delta,dynamic_ratings,0.0,1115,1115,-0.010618935975362469,0.05913776701339013,0.058823529411764705,1.0,0.11245227744928653,0.1356359676889179,False,False,False,,below_bounded_prescreen
absdiff__compact__margin_iqr,compact_performance,0.0,1115,67,-0.010227710176817425,0.06362660884716438,0.058823529411764705,1.0,0.17353199719272527,0.13526135330371208,False,False,False,,below_bounded_prescreen
diff__detailed__clean__opptovpct_mean,detailed_efficiency,0.0,1115,1115,0.05167687391343562,0.04130724809457735,0.058823529411764705,1.0,0.15042917301077563,0.13459098913180428,False,False,False,,below_bounded_prescreen
diff__detailed__last10__def_rtg_mean,detailed_efficiency,0.0,1115,1115,-0.028497443008517365,0.045238463667132585,0.058823529411764705,1.0,0.07178420586046977,0.134524296493561,False,False,False,,below_bounded_prescreen
absdiff__detailed__all__ftmaderate_median,detailed_efficiency,0.0,1115,1097,0.025076192872428533,0.047741816623813944,0.058823529411764705,1.0,0.09169297482824715,0.13417688012411744,False,False,False,,below_bounded_prescreen
mean__compact__close5_games,compact_performance,0.0,1115,24,-0.014500364310931761,0.04977207939596397,0.058823529411764705,1.0,0.0968049058226767,0.13262024673144296,False,False,False,,below_bounded_prescreen
mean__geography__games_with_city,geography_and_schedule_dispersion,0.0,1115,12,0.00796222826715074,0.07429857746447174,0.0,1.0,0.1260226481634279,0.1323741014751825,False,False,False,,below_bounded_prescreen
mean__conference__tourney_games,conference_context,0.017040358744394617,1096,7,-0.01046828375555229,0.057845346902944135,0.058823529411764705,1.0,0.166984099048745,0.13143796098401567,False,False,False,,below_bounded_prescreen
absdiff__compact__pythag_residual_exp10p0,compact_performance,0.0,1115,1115,0.005492859074972424,0.05009702234104678,0.058823529411764705,1.0,0.09318732855612602,0.1309392712838337,False,False,False,,below_bounded_prescreen
mean__compact__day110plus_games,compact_performance,0.0,1115,11,0.0042292739791525225,0.05323046818444309,0.058823529411764705,1.0,0.14477354609800674,0.13010188786590834,False,False,False,,below_bounded_prescreen
absdiff__compact__pythag_residual_exp11p5,compact_performance,0.0,1115,1115,0.007207841308533642,0.04234212071391985,0.058823529411764705,1.0,0.08358023171995752,0.127978498467643,False,False,False,,below_bounded_prescreen
absdiff__compact__last20_margin_std,compact_performance,0.0,1115,1115,-0.008339105617251048,0.038546086353144736,0.058823529411764705,1.0,0.0795912833589206,0.12656483805683022,False,False,False,,below_bounded_prescreen
seedprior__gap_games,prequential_seed_priors,0.0,1115,140,0.0017091990204190948,0.03716518467749861,0.058823529411764705,1.0,0.09437814480038942,0.12385195134355831,False,False,False,,below_bounded_prescreen
mean__coach__years_since_tournament_appearance,prior_coach_history,0.27443946188340806,809,21,-0.03286140178236161,0.060174772203401505,0.058823529411764705,1.0,0.10903759415346101,0.11920850303882355,False,False,False,,below_bounded_prescreen
context__season_centered_2000,matchup_context,0.0,1115,17,-0.023584591163289256,0.0,0.0,1.0,0.0,0.10518861005592364,False,True,True,34.0,selected
seedprior__history_games,prequential_seed_priors,0.0,1115,17,-0.023488769378897344,0.0,0.0,1.0,0.0,0.10516752926335741,False,False,False,,below_bounded_prescreen
mean__geography__city_coverage,geography_and_schedule_dispersion,0.0,1115,2,0.008749019130323825,0.0,0.0,1.0,0.0,0.10192478420867125,False,False,False,,below_bounded_prescreen
mean__geography__games_per_distinct_city,geography_and_schedule_dispersion,0.40179372197309415,667,298,-0.009522957875179493,0.027203274205890592,0.0,1.0,0.03934665054352914,0.08143525857177827,False,False,False,,below_bounded_prescreen
