Gender,Season,DayNum,ID,y,p,variant
W,2014,138,2014_3113_3435,1,0.3682493399952092,conference_c010
W,2014,138,2014_3124_3443,1,0.9815976893588122,conference_c010
W,2014,138,2014_3140_3301,1,0.1048824366409693,conference_c010
W,2014,138,2014_3143_3200,1,0.5952664962887652,conference_c010
W,2014,138,2014_3177_3328,1,0.28879228587832645,conference_c010
W,2014,138,2014_3181_3457,1,0.9901846010097647,conference_c010
W,2014,138,2014_3199_3235,1,0.529329033546778,conference_c010
W,2014,138,2014_3246_3460,1,0.9701882089135125,conference_c010
W,2014,138,2014_3201_3304,0,0.06729465274425639,conference_c010
W,2014,138,2014_3323_3352,1,0.9933784505292157,conference_c010
W,2014,138,2014_3195_3329,0,0.08527800570353983,conference_c010
W,2014,138,2014_3103_3345,0,0.1467111344467138,conference_c010
W,2014,138,2014_3385_3425,1,0.38631679979952865,conference_c010
W,2014,138,2014_3377_3390,0,0.028283733314142745,conference_c010
W,2014,138,2014_3151_3393,0,0.035720798313833235,conference_c010
W,2014,138,2014_3322_3397,0,0.013355892113279366,conference_c010
W,2014,139,2014_3163_3341,1,0.9964053283085463,conference_c010
W,2014,139,2014_3173_3196,0,0.35926625603483525,conference_c010
W,2014,139,2014_3234_3265,1,0.8621985877985865,conference_c010
W,2014,139,2014_3211_3241,0,0.6686489038600851,conference_c010
W,2014,139,2014_3225_3257,0,0.04837951402840668,conference_c010
W,2014,139,2014_3210_3261,0,0.6126038823834266,conference_c010
W,2014,139,2014_3119_3268,0,0.015924487271619492,conference_c010
W,2014,139,2014_3214_3277,0,0.10916378041448183,conference_c010
W,2014,139,2014_3314_3404,1,0.9727271835426692,conference_c010
W,2014,139,2014_3292_3333,0,0.45610137480719554,conference_c010
W,2014,139,2014_3336_3455,1,0.9049609463513306,conference_c010
W,2014,139,2014_3169_3376,0,0.014491984395850865,conference_c010
W,2014,139,2014_3208_3386,0,0.7821023566683423,conference_c010
W,2014,139,2014_3335_3400,0,0.08151604021028747,conference_c010
W,2014,139,2014_3315_3401,0,0.04059195668160992,conference_c010
W,2014,139,2014_3107_3452,0,0.04375983864630989,conference_c010
W,2014,140,2014_3124_3143,1,0.8983694171609466,conference_c010
W,2014,140,2014_3140_3304,1,0.14661899623620855,conference_c010
W,2014,140,2014_3177_3181,1,0.07533574174836222,conference_c010
W,2014,140,2014_3246_3393,1,0.5535237690657026,conference_c010
W,2014,140,2014_3113_3323,0,0.07755736083952691,conference_c010
W,2014,140,2014_3329_3345,1,0.6386476093416991,conference_c010
W,2014,140,2014_3199_3390,0,0.4295201503149648,conference_c010
W,2014,140,2014_3385_3397,0,0.06007788007755055,conference_c010
W,2014,141,2014_3163_3386,1,0.9343425823925833,conference_c010
W,2014,141,2014_3234_3257,0,0.33202764200291024,conference_c010
W,2014,141,2014_3261_3452,1,0.30717272230234965,conference_c010
W,2014,141,2014_3268_3400,1,0.7954007211996404,conference_c010
W,2014,141,2014_3277_3314,0,0.22629464677555827,conference_c010
W,2014,141,2014_3196_3336,0,0.36875606105660563,conference_c010
W,2014,141,2014_3333_3376,0,0.12915217834606846,conference_c010
W,2014,141,2014_3241_3401,0,0.1689259698393153,conference_c010
W,2014,145,2014_3124_3246,1,0.5386109173104103,conference_c010
W,2014,145,2014_3140_3163,0,0.04292452207761288,conference_c010
W,2014,145,2014_3323_3329,1,0.7917594431970636,conference_c010
W,2014,145,2014_3177_3401,0,0.18741134868934806,conference_c010
W,2014,146,2014_3257_3261,1,0.6712478751564044,conference_c010
W,2014,146,2014_3268_3397,1,0.6060859890091277,conference_c010
W,2014,146,2014_3314_3376,1,0.5218758539075101,conference_c010
W,2014,146,2014_3336_3390,0,0.41413707866227123,conference_c010
W,2014,147,2014_3163_3401,1,0.7000877502314572,conference_c010
W,2014,147,2014_3124_3323,0,0.39668834109652834,conference_c010
W,2014,148,2014_3257_3268,0,0.25434569546757,conference_c010
W,2014,148,2014_3314_3390,0,0.717750531209163,conference_c010
W,2014,153,2014_3163_3390,1,0.7357654979815205,conference_c010
W,2014,153,2014_3268_3323,0,0.48946651312113,conference_c010
W,2014,155,2014_3163_3323,1,0.4314895155218815,conference_c010
W,2015,137,2015_3116_3321,1,0.3457649919740269,conference_c010
W,2015,137,2015_3124_3322,1,0.9933626182753885,conference_c010
W,2015,137,2015_3143_3455,1,0.7565264248228336,conference_c010
W,2015,137,2015_3173_3235,1,0.5209444316806233,conference_c010
W,2015,137,2015_3177_3278,1,0.6151553616178931,conference_c010
W,2015,137,2015_3107_3181,0,0.09158326637203706,conference_c010
W,2015,137,2015_3203_3211,0,0.7030919163197185,conference_c010
W,2015,137,2015_3110_3234,0,0.0945497302956626,conference_c010
W,2015,137,2015_3246_3398,1,0.9708350270320316,conference_c010
W,2015,137,2015_3274_3449,1,0.45945784884007557,conference_c010
W,2015,137,2015_3280_3408,1,0.7971555323261135,conference_c010
W,2015,137,2015_3285_3323,0,0.017801127972939534,conference_c010
W,2015,137,2015_3333_3355,1,0.9202024849578019,conference_c010
W,2015,137,2015_3366_3376,0,0.006117875871518796,conference_c010
W,2015,137,2015_3304_3393,0,0.3944639395818057,conference_c010
W,2015,137,2015_3400_3443,1,0.7305049080670822,conference_c010
W,2015,138,2015_3113_3325,1,0.8571265467149444,conference_c010
W,2015,138,2015_3114_3401,1,0.2260034583976483,conference_c010
W,2015,138,2015_3163_3383,1,0.9984945482520773,conference_c010
W,2015,138,2015_3195_3329,1,0.4381155823878414,conference_c010
W,2015,138,2015_3106_3199,0,0.004468577725512901,conference_c010
W,2015,138,2015_3140_3257,0,0.04716027071675871,conference_c010
W,2015,138,2015_3268_3308,1,0.9877119107435126,conference_c010
W,2015,138,2015_3251_3314,0,0.04210670980894221,conference_c010
W,2015,138,2015_3241_3326,0,0.2821378029357351,conference_c010
W,2015,138,2015_3328_3346,1,0.7030087481436293,conference_c010
W,2015,138,2015_3151_3338,0,0.2819138200757936,conference_c010
W,2015,138,2015_3343_3453,1,0.71490442677263,conference_c010
W,2015,138,2015_3353_3371,1,0.6670132483484625,conference_c010
W,2015,138,2015_3261_3378,0,0.2869123376686247,conference_c010
W,2015,138,2015_3169_3390,0,0.13609677876292547,conference_c010
W,2015,138,2015_3129_3397,0,0.04072590483270794,conference_c010
W,2015,139,2015_3116_3124,0,0.1513999727535637,conference_c010
W,2015,139,2015_3173_3246,1,0.31392176882264483,conference_c010
W,2015,139,2015_3181_3280,1,0.5312426480354668,conference_c010
W,2015,139,2015_3211_3333,1,0.12361442364451136,conference_c010
W,2015,139,2015_3234_3274,1,0.5958788596819495,conference_c010
W,2015,139,2015_3177_3323,0,0.1063884862891023,conference_c010
W,2015,139,2015_3376_3393,1,0.8251921064553058,conference_c010
W,2015,139,2015_3143_3400,0,0.45654173233921713,conference_c010
W,2015,140,2015_3113_3114,1,0.8363728732759026,conference_c010
W,2015,140,2015_3163_3353,1,0.9400853396316027,conference_c010
W,2015,140,2015_3195_3199,0,0.11912222496716884,conference_c010
W,2015,140,2015_3257_3378,1,0.7145951586716927,conference_c010
W,2015,140,2015_3268_3343,1,0.7863442624344188,conference_c010
W,2015,140,2015_3314_3326,1,0.5853827980240998,conference_c010
W,2015,140,2015_3328_3390,0,0.38222453097499415,conference_c010
W,2015,140,2015_3338_3397,0,0.21004222909993325,conference_c010
W,2015,144,2015_3124_3234,1,0.7423135899709516,conference_c010
W,2015,144,2015_3113_3199,0,0.2920621328946294,conference_c010
W,2015,144,2015_3323_3390,1,0.8562213141120811,conference_c010
W,2015,144,2015_3314_3376,0,0.2496557527154255,conference_c010
W,2015,145,2015_3163_3400,1,0.9367762179736843,conference_c010
W,2015,145,2015_3173_3257,1,0.15720412705221937,conference_c010
W,2015,145,2015_3181_3268,0,0.3363139910301145,conference_c010
W,2015,145,2015_3211_3397,0,0.08429113670821337,conference_c010
W,2015,146,2015_3124_3323,0,0.31565101790298605,conference_c010
W,2015,146,2015_3199_3376,0,0.41263365476000136,conference_c010
W,2015,147,2015_3163_3173,1,0.9679184734496231,conference_c010
W,2015,147,2015_3268_3397,1,0.5678066287674337,conference_c010
W,2015,153,2015_3163_3268,1,0.799441582559353,conference_c010
W,2015,153,2015_3323_3376,1,0.5718637679382276,conference_c010
W,2015,155,2015_3163_3323,1,0.6862799884679689,conference_c010
W,2016,137,2016_3107_3196,1,0.25783088758774914,conference_c010
W,2016,137,2016_3113_3308,1,0.9554582083532952,conference_c010
W,2016,137,2016_3120_3385,1,0.4680028361164158,conference_c010
W,2016,137,2016_3124_3225,1,0.9845819276131111,conference_c010
W,2016,137,2016_3177_3241,1,0.7912465618538937,conference_c010
W,2016,137,2016_3203_3243,0,0.4563574496130735,conference_c010
W,2016,137,2016_3146_3257,0,0.027106861516374314,conference_c010
W,2016,137,2016_3125_3277,0,0.05020926506601486,conference_c010
W,2016,137,2016_3151_3280,0,0.046087890091510264,conference_c010
W,2016,137,2016_3138_3326,0,0.019581222495949235,conference_c010
W,2016,137,2016_3333_3407,1,0.9828588403081455,conference_c010
W,2016,137,2016_3239_3376,0,0.013275942566022492,conference_c010
W,2016,137,2016_3329_3382,0,0.7400062287152109,conference_c010
W,2016,137,2016_3119_3393,0,0.12159385250236387,conference_c010
W,2016,137,2016_3397_3453,1,0.7374042147137883,conference_c010
W,2016,137,2016_3343_3452,0,0.2568790555789678,conference_c010
W,2016,138,2016_3163_3352,1,0.9992153042656298,conference_c010
W,2016,138,2016_3182_3371,1,0.4661972616773756,conference_c010
W,2016,138,2016_3199_3292,1,0.9287018659417403,conference_c010
W,2016,138,2016_3208_3231,0,0.6553726185365951,conference_c010
W,2016,138,2016_3246_3421,1,0.9763570574740186,conference_c010
W,2016,138,2016_3233_3268,0,0.009605983862664036,conference_c010
W,2016,138,2016_3140_3281,0,0.2833924075305523,conference_c010
W,2016,138,2016_3299_3323,0,0.0035523977531985995,conference_c010
W,2016,138,2016_3328_3345,1,0.576211826692917,conference_c010
W,2016,138,2016_3274_3355,0,0.8658245744104894,conference_c010
W,2016,138,2016_3161_3378,0,0.17546339812834327,conference_c010
W,2016,138,2016_3362_3390,0,0.03878356973974051,conference_c010
W,2016,138,2016_3106_3400,0,0.006684704555434573,conference_c010
W,2016,138,2016_3283_3401,0,0.091370395251412,conference_c010
W,2016,138,2016_3218_3417,0,0.0398882940699265,conference_c010
W,2016,138,2016_3335_3449,0,0.1898343175052935,conference_c010
W,2016,139,2016_3120_3124,0,0.046211333709568425,conference_c010
W,2016,139,2016_3177_3257,1,0.44694868499938395,conference_c010
W,2016,139,2016_3277_3280,0,0.45111008097729094,conference_c010
W,2016,139,2016_3326_3452,1,0.6794052747023835,conference_c010
W,2016,139,2016_3333_3382,1,0.9335758522692621,conference_c010
W,2016,139,2016_3243_3376,0,0.07854581716676101,conference_c010
W,2016,139,2016_3107_3393,0,0.14242473371332437,conference_c010
W,2016,139,2016_3113_3397,0,0.6107784198191508,conference_c010
W,2016,140,2016_3163_3182,1,0.9853475041788825,conference_c010
W,2016,140,2016_3199_3401,1,0.6616224650235378,conference_c010
W,2016,140,2016_3246_3328,1,0.7174379782938506,conference_c010
W,2016,140,2016_3231_3323,0,0.07538406852312485,conference_c010
W,2016,140,2016_3355_3390,0,0.07101417587620656,conference_c010
W,2016,140,2016_3281_3400,0,0.23770684918322932,conference_c010
W,2016,140,2016_3378_3417,0,0.3910836567541975,conference_c010
W,2016,140,2016_3268_3449,0,0.8878469504111424,conference_c010
W,2016,144,2016_3323_3390,0,0.7213994064315707,conference_c010
W,2016,144,2016_3376_3393,0,0.7347230119707122,conference_c010
W,2016,144,2016_3326_3397,0,0.7455696822083118,conference_c010
W,2016,144,2016_3246_3449,0,0.7092462336596628,conference_c010
W,2016,145,2016_3124_3199,1,0.7286374257658548,conference_c010
W,2016,145,2016_3163_3280,1,0.9270863592807986,conference_c010
W,2016,145,2016_3177_3333,0,0.32401234477778745,conference_c010
W,2016,145,2016_3400_3417,1,0.581075003309135,conference_c010
W,2016,146,2016_3393_3397,1,0.6630445914522061,conference_c010
W,2016,146,2016_3390_3449,0,0.7228574306784675,conference_c010
W,2016,147,2016_3163_3400,1,0.9169768686403224,conference_c010
W,2016,147,2016_3124_3333,0,0.6972881182973023,conference_c010
W,2016,153,2016_3163_3333,1,0.895561482805507,conference_c010
W,2016,153,2016_3393_3449,1,0.666262619313357,conference_c010
W,2016,155,2016_3163_3393,1,0.9380421074230092,conference_c010
W,2017,137,2017_3113_3277,1,0.5708143519101037,conference_c010
W,2017,137,2017_3166_3405,1,0.6526554960160662,conference_c010
W,2017,137,2017_3177_3320,1,0.8526981290666455,conference_c010
W,2017,137,2017_3199_3442,1,0.9752110533767377,conference_c010
W,2017,137,2017_3125_3246,0,0.060175927576238075,conference_c010
W,2017,137,2017_3137_3268,0,0.01689045214683521,conference_c010
W,2017,137,2017_3280_3407,1,0.9818456093472987,conference_c010
W,2017,137,2017_3281_3378,1,0.5568997457368434,conference_c010
W,2017,137,2017_3120_3301,0,0.24792800564487188,conference_c010
W,2017,137,2017_3323_3352,1,0.9962612198148739,conference_c010
W,2017,137,2017_3326_3443,1,0.8483137704678008,conference_c010
W,2017,137,2017_3253_3333,0,0.027010316259405476,conference_c010
W,2017,137,2017_3345_3453,1,0.5924155910662927,conference_c010
W,2017,137,2017_3376_3421,1,0.9953634367518566,conference_c010
W,2017,137,2017_3146_3400,0,0.03456360551635318,conference_c010
W,2017,137,2017_3189_3452,0,0.1721318968766714,conference_c010
W,2017,138,2017_3124_3411,1,0.9989067776648493,conference_c010
W,2017,138,2017_3143_3261,1,0.47974112713586375,conference_c010
W,2017,138,2017_3107_3163,0,0.0031655273760144986,conference_c010
W,2017,138,2017_3181_3214,1,0.9930135189119017,conference_c010
W,2017,138,2017_3179_3243,0,0.26580526906341545,conference_c010
W,2017,138,2017_3151_3257,0,0.030664671166423574,conference_c010
W,2017,138,2017_3195_3274,0,0.08688291782486884,conference_c010
W,2017,138,2017_3211_3328,0,0.2918126071207645,conference_c010
W,2017,138,2017_3332_3396,1,0.5815431847425367,conference_c010
W,2017,138,2017_3266_3346,0,0.7440673876295133,conference_c010
W,2017,138,2017_3308_3390,0,0.013049295276503114,conference_c010
W,2017,138,2017_3235_3393,0,0.30556241339707363,conference_c010
W,2017,138,2017_3173_3397,0,0.13214509575986672,conference_c010
W,2017,138,2017_3335_3401,0,0.1157685243995088,conference_c010
W,2017,138,2017_3129_3417,0,0.05287280495748581,conference_c010
W,2017,138,2017_3286_3449,0,0.014504159230102953,conference_c010
W,2017,139,2017_3199_3281,1,0.9038305684469021,conference_c010
W,2017,139,2017_3268_3452,1,0.7720209508588256,conference_c010
W,2017,139,2017_3177_3280,0,0.1720937164403969,conference_c010
W,2017,139,2017_3323_3345,1,0.8981651001733084,conference_c010
W,2017,139,2017_3246_3326,0,0.4337252811244933,conference_c010
W,2017,139,2017_3166_3333,0,0.16418886798426585,conference_c010
W,2017,139,2017_3113_3376,0,0.1432982573509689,conference_c010
W,2017,139,2017_3301_3400,0,0.3488354937149909,conference_c010
W,2017,140,2017_3124_3143,1,0.9687485608964821,conference_c010
W,2017,140,2017_3163_3393,1,0.9100297430601045,conference_c010
W,2017,140,2017_3257_3397,1,0.6938861350665055,conference_c010
W,2017,140,2017_3181_3332,0,0.8158470460104161,conference_c010
W,2017,140,2017_3274_3346,0,0.8949834163566946,conference_c010
W,2017,140,2017_3243_3390,0,0.21986790121220334,conference_c010
W,2017,140,2017_3401_3417,0,0.3646024319881378,conference_c010
W,2017,140,2017_3328_3449,0,0.13598242897750618,conference_c010
W,2017,144,2017_3124_3257,1,0.8627287797180951,conference_c010
W,2017,144,2017_3280_3449,1,0.47389473935942994,conference_c010
W,2017,144,2017_3323_3326,1,0.770161986598033,conference_c010
W,2017,144,2017_3390_3400,1,0.5809589049180421,conference_c010
W,2017,145,2017_3163_3417,1,0.9014144079604989,conference_c010
W,2017,145,2017_3199_3333,1,0.7549143910035503,conference_c010
W,2017,145,2017_3268_3332,0,0.8605907476364603,conference_c010
W,2017,145,2017_3346_3376,0,0.030655409230883057,conference_c010
W,2017,146,2017_3124_3280,0,0.8045828688921186,conference_c010
W,2017,146,2017_3323_3390,0,0.6326781521550788,conference_c010
W,2017,147,2017_3163_3332,1,0.9504622477315584,conference_c010
W,2017,147,2017_3199_3376,0,0.5341517970356229,conference_c010
W,2017,151,2017_3163_3280,0,0.782489395543623,conference_c010
W,2017,151,2017_3376_3390,1,0.6032111982067796,conference_c010
W,2017,153,2017_3280_3376,0,0.459356860335204,conference_c010
W,2018,137,2018_3124_3212,1,0.9991732067768725,conference_c010
W,2018,137,2018_3177_3328,1,0.6178563544263549,conference_c010
W,2018,137,2018_3129_3257,0,0.016316528639348238,conference_c010
W,2018,137,2018_3173_3266,0,0.25179089580985675,conference_c010
W,2018,137,2018_3268_3343,1,0.8761148205083147,conference_c010
W,2018,137,2018_3276_3294,1,0.9010545696393208,conference_c010
W,2018,137,2018_3278_3453,1,0.5619389895890554,conference_c010
W,2018,137,2018_3189_3301,0,0.1705469537650368,conference_c010
W,2018,137,2018_3169_3323,0,0.003552643033532643,conference_c010
W,2018,137,2018_3332_3370,1,0.9966895631973425,conference_c010
W,2018,137,2018_3333_3443,1,0.9036061079603281,conference_c010
W,2018,137,2018_3299_3376,0,0.008424093351581563,conference_c010
W,2018,137,2018_3251_3397,0,0.02413712977727328,conference_c010
W,2018,137,2018_3179_3401,0,0.1490867963895846,conference_c010
W,2018,137,2018_3355_3437,0,0.46110127697351816,conference_c010
W,2018,137,2018_3143_3438,0,0.5064404949182971,conference_c010
W,2018,138,2018_3113_3304,1,0.7558294774722887,conference_c010
W,2018,138,2018_3138_3378,1,0.3103624231628128,conference_c010
W,2018,138,2018_3141_3261,1,0.3679416669552486,conference_c010
W,2018,138,2018_3163_3384,1,0.998046450795694,conference_c010
W,2018,138,2018_3166_3234,1,0.25317546079772013,conference_c010
W,2018,138,2018_3125_3181,0,0.10245276759192912,conference_c010
W,2018,138,2018_3195_3281,1,0.14548245921838726,conference_c010
W,2018,138,2018_3114_3199,0,0.023491648313676505,conference_c010
W,2018,138,2018_3208_3273,1,0.8402082563910163,conference_c010
W,2018,138,2018_3280_3311,1,0.9968837460787585,conference_c010
W,2018,138,2018_3203_3326,0,0.04186156443172079,conference_c010
W,2018,138,2018_3329_3393,1,0.594231829289445,conference_c010
W,2018,138,2018_3274_3346,0,0.8407050506914615,conference_c010
W,2018,138,2018_3211_3390,0,0.1724272653860648,conference_c010
W,2018,138,2018_3263_3400,0,0.02154383143067573,conference_c010
W,2018,138,2018_3110_3417,0,0.026346226732653244,conference_c010
W,2018,139,2018_3124_3276,1,0.9081236245076644,conference_c010
W,2018,139,2018_3257_3266,1,0.8733201945667135,conference_c010
W,2018,139,2018_3268_3301,0,0.6399565490552751,conference_c010
W,2018,139,2018_3323_3437,1,0.9349646083046697,conference_c010
W,2018,139,2018_3278_3332,0,0.14554316526728894,conference_c010
W,2018,139,2018_3333_3397,1,0.480709135740264,conference_c010
W,2018,139,2018_3376_3438,1,0.8326827826957823,conference_c010
W,2018,139,2018_3177_3401,0,0.4956811310525837,conference_c010
W,2018,140,2018_3138_3199,1,0.10916064152493066,conference_c010
W,2018,140,2018_3141_3326,1,0.11932006095040842,conference_c010
W,2018,140,2018_3163_3346,1,0.9917764944582044,conference_c010
W,2018,140,2018_3181_3208,1,0.6358276981644249,conference_c010
W,2018,140,2018_3280_3329,1,0.8947539524690956,conference_c010
W,2018,140,2018_3195_3390,0,0.09432209280536136,conference_c010
W,2018,140,2018_3113_3400,0,0.30393775056075517,conference_c010
W,2018,140,2018_3166_3417,0,0.11887433899974492,conference_c010
W,2018,144,2018_3257_3390,1,0.8073893873843643,conference_c010
W,2018,144,2018_3280_3301,1,0.8679067239517937,conference_c010
W,2018,144,2018_3124_3333,0,0.8705450404437356,conference_c010
W,2018,144,2018_3400_3417,0,0.5457026550408155,conference_c010
W,2018,145,2018_3163_3181,1,0.917504605347362,conference_c010
W,2018,145,2018_3323_3401,1,0.8593495075883313,conference_c010
W,2018,145,2018_3141_3332,0,0.06411900541255067,conference_c010
W,2018,145,2018_3138_3376,0,0.13326782549857635,conference_c010
W,2018,146,2018_3257_3333,1,0.7563644352735791,conference_c010
W,2018,146,2018_3280_3417,1,0.7593299130253355,conference_c010
W,2018,147,2018_3163_3376,1,0.8768320170094313,conference_c010
W,2018,147,2018_3323_3332,1,0.6148432579607392,conference_c010
W,2018,151,2018_3257_3280,0,0.4058979556953978,conference_c010
W,2018,151,2018_3163_3323,0,0.7095340667122483,conference_c010
W,2018,153,2018_3280_3323,0,0.5265156387913718,conference_c010
W,2019,137,2019_3113_3416,1,0.8040866579773478,conference_c010
W,2019,137,2019_3138_3353,1,0.4134981491942792,conference_c010
W,2019,137,2019_3155_3377,1,0.6127733891086684,conference_c010
W,2019,137,2019_3163_3406,1,0.9884533937935391,conference_c010
W,2019,137,2019_3137_3199,0,0.19595527029658716,conference_c010
W,2019,137,2019_3231_3400,1,0.2894108279343891,conference_c010
W,2019,137,2019_3234_3273,1,0.9758241839333837,conference_c010
W,2019,137,2019_3257_3352,1,0.994417973510651,conference_c010
W,2019,137,2019_3266_3349,1,0.9486022202237971,conference_c010
W,2019,137,2019_3195_3274,0,0.10308382306125818,conference_c010
W,2019,137,2019_3243_3276,0,0.37214565705547414,conference_c010
W,2019,137,2019_3280_3380,1,0.9984132211848277,conference_c010
W,2019,137,2019_3179_3281,0,0.2673275596585144,conference_c010
W,2019,137,2019_3332_3340,1,0.9809565855807774,conference_c010
W,2019,137,2019_3125_3376,0,0.13897241208600786,conference_c010
W,2019,137,2019_3401_3460,1,0.8801484323613544,conference_c010
W,2019,138,2019_3101_3124,0,0.005873527513064358,conference_c010
W,2019,138,2019_3120_3140,0,0.7600501796406651,conference_c010
W,2019,138,2019_3143_3314,1,0.40806916301145013,conference_c010
W,2019,138,2019_3114_3211,0,0.14382815988552844,conference_c010
W,2019,138,2019_3235_3308,1,0.9892924232727403,conference_c010
W,2019,138,2019_3246_3343,1,0.8844922712441714,conference_c010
W,2019,138,2019_3268_3347,1,0.9561694899156679,conference_c010
W,2019,138,2019_3141_3277,0,0.504301644778198,conference_c010
W,2019,138,2019_3177_3283,0,0.8535363252588793,conference_c010
W,2019,138,2019_3263_3301,0,0.05422691777587013,conference_c010
W,2019,138,2019_3126_3323,0,0.0005275198009014881,conference_c010
W,2019,138,2019_3129_3333,0,0.07306475461154571,conference_c010
W,2019,138,2019_3346_3355,0,0.22722525405678756,conference_c010
W,2019,138,2019_3390_3413,1,0.9491662194983742,conference_c010
W,2019,138,2019_3200_3393,0,0.05110004404390561,conference_c010
W,2019,138,2019_3397_3417,0,0.42427136913385394,conference_c010
W,2019,139,2019_3113_3274,1,0.4551423319512202,conference_c010
W,2019,139,2019_3138_3163,0,0.08623723089553281,conference_c010
W,2019,139,2019_3234_3281,1,0.6793408656026613,conference_c010
W,2019,139,2019_3257_3276,1,0.8873448016731533,conference_c010
W,2019,139,2019_3155_3280,0,0.04543518796377888,conference_c010
W,2019,139,2019_3231_3332,0,0.05163240385625967,conference_c010
W,2019,139,2019_3199_3376,0,0.397311379746041,conference_c010
W,2019,139,2019_3266_3401,0,0.8055810987878051,conference_c010
W,2019,140,2019_3124_3143,1,0.9517583136033549,conference_c010
W,2019,140,2019_3235_3283,0,0.9452800934917248,conference_c010
W,2019,140,2019_3246_3301,0,0.4496293973967975,conference_c010
W,2019,140,2019_3277_3323,0,0.03829222169441282,conference_c010
W,2019,140,2019_3211_3333,0,0.2373549876776726,conference_c010
W,2019,140,2019_3355_3393,1,0.2105648672842741,conference_c010
W,2019,140,2019_3140_3390,0,0.05433482731777928,conference_c010
W,2019,140,2019_3268_3417,0,0.6341865353909716,conference_c010
W,2019,144,2019_3163_3417,1,0.8409839422289264,conference_c010
W,2019,144,2019_3257_3333,1,0.722018365383807,conference_c010
W,2019,144,2019_3113_3280,0,0.11746471890233395,conference_c010
W,2019,144,2019_3332_3355,1,0.9330998783638011,conference_c010
W,2019,145,2019_3124_3376,1,0.8811861500839446,conference_c010
W,2019,145,2019_3234_3301,1,0.522085464242521,conference_c010
W,2019,145,2019_3323_3401,1,0.945621008625245,conference_c010
W,2019,145,2019_3283_3390,0,0.047902544182648166,conference_c010
W,2019,146,2019_3163_3257,1,0.446413176678915,conference_c010
W,2019,146,2019_3280_3332,0,0.5588596867425956,conference_c010
W,2019,147,2019_3124_3234,1,0.842108816778552,conference_c010
W,2019,147,2019_3323_3390,1,0.8449573994301555,conference_c010
W,2019,151,2019_3124_3332,1,0.5842837808597537,conference_c010
W,2019,151,2019_3163_3323,0,0.20548395801289726,conference_c010
W,2019,153,2019_3124_3323,1,0.3737568089866734,conference_c010
W,2021,139,2021_3124_3238,1,0.9615683860160908,conference_c010
W,2021,139,2021_3163_3219,1,0.9852288937006174,conference_c010
W,2021,139,2021_3210_3372,1,0.5679945719294611,conference_c010
W,2021,139,2021_3141_3234,0,0.22185774601384356,conference_c010
W,2021,139,2021_3226_3246,0,0.16568794791245883,conference_c010
W,2021,139,2021_3195_3276,0,0.3238627031368464,conference_c010
W,2021,139,2021_3299_3301,0,0.05246545715498979,conference_c010
W,2021,139,2021_3329_3448,1,0.6036631553433583,conference_c010
W,2021,139,2021_3199_3333,0,0.4740001060715467,conference_c010
W,2021,139,2021_3273_3376,0,0.013510736290835212,conference_c010
W,2021,139,2021_3378_3450,1,0.6495733951225735,conference_c010
W,2021,139,2021_3390_3430,1,0.9926866066346878,conference_c010
W,2021,139,2021_3355_3393,0,0.2769532573633222,conference_c010
W,2021,139,2021_3292_3397,0,0.11978755610786518,conference_c010
W,2021,139,2021_3266_3439,0,0.30845998904870564,conference_c010
W,2021,139,2021_3250_3452,0,0.4349198761749204,conference_c010
W,2021,140,2021_3104_3314,1,0.45409704823734853,conference_c010
W,2021,140,2021_3112_3392,1,0.801108440819466,conference_c010
W,2021,140,2021_3125_3211,1,0.2732702224164285,conference_c010
W,2021,140,2021_3140_3353,1,0.19019907595853075,conference_c010
W,2021,140,2021_3180_3208,0,0.08417243519770445,conference_c010
W,2021,140,2021_3231_3433,1,0.9079148963637027,conference_c010
W,2021,140,2021_3235_3277,1,0.5655949472035553,conference_c010
W,2021,140,2021_3257_3265,1,0.9005962807224881,conference_c010
W,2021,140,2021_3268_3291,1,0.911701961654244,conference_c010
W,2021,140,2021_3283_3413,1,0.6607789414827361,conference_c010
W,2021,140,2021_3321_3416,1,0.5239605482777365,conference_c010
W,2021,140,2021_3332_3377,1,0.8212588457897498,conference_c010
W,2021,140,2021_3133_3400,0,0.2007485971080345,conference_c010
W,2021,140,2021_3401_3407,1,0.9172162800954369,conference_c010
W,2021,140,2021_3417_3461,1,0.9122035816778935,conference_c010
W,2021,140,2021_3116_3460,0,0.8407599462217079,conference_c010
W,2021,141,2021_3124_3439,1,0.7857602136413209,conference_c010
W,2021,141,2021_3163_3393,1,0.9245999785455727,conference_c010
W,2021,141,2021_3210_3452,1,0.5460521791599133,conference_c010
W,2021,141,2021_3234_3246,1,0.392318118901708,conference_c010
W,2021,141,2021_3276_3397,1,0.3315731700526269,conference_c010
W,2021,141,2021_3301_3378,1,0.7992644462048037,conference_c010
W,2021,141,2021_3333_3376,0,0.08371072247185568,conference_c010
W,2021,141,2021_3329_3390,0,0.09756648101102078,conference_c010
W,2021,142,2021_3112_3140,1,0.7618710974041523,conference_c010
W,2021,142,2021_3125_3231,0,0.1674202884142617,conference_c010
W,2021,142,2021_3257_3321,1,0.8397194581195042,conference_c010
W,2021,142,2021_3104_3268,0,0.15262653737371357,conference_c010
W,2021,142,2021_3283_3460,1,0.7044796874910286,conference_c010
W,2021,142,2021_3208_3332,0,0.591737275827012,conference_c010
W,2021,142,2021_3400_3417,1,0.2979494630939272,conference_c010
W,2021,142,2021_3235_3401,0,0.23220749719729022,conference_c010
W,2021,145,2021_3112_3401,1,0.3369278174285735,conference_c010
W,2021,145,2021_3124_3276,1,0.8401045400674894,conference_c010
W,2021,145,2021_3163_3234,1,0.9012921913555165,conference_c010
W,2021,145,2021_3231_3301,1,0.3777162665548306,conference_c010
W,2021,146,2021_3257_3332,1,0.6907906971813074,conference_c010
W,2021,146,2021_3210_3376,0,0.13063311830560065,conference_c010
W,2021,146,2021_3283_3390,0,0.09118259818785729,conference_c010
W,2021,146,2021_3268_3400,0,0.8443507900982443,conference_c010
W,2021,147,2021_3112_3231,1,0.38521778308139054,conference_c010
W,2021,147,2021_3124_3163,0,0.37795674520455314,conference_c010
W,2021,148,2021_3376_3400,1,0.8806821472465535,conference_c010
W,2021,148,2021_3257_3390,0,0.31484804355279955,conference_c010
W,2021,151,2021_3112_3163,1,0.12865483241966058,conference_c010
W,2021,151,2021_3376_3390,0,0.45070139512560825,conference_c010
W,2021,153,2021_3112_3390,0,0.14222666836348363,conference_c010
W,2014,138,2014_3103_3345,0,0.10103645122063559,conference_c030
W,2014,139,2014_3107_3452,0,0.031885783699722225,conference_c030
W,2014,140,2014_3113_3323,0,0.06975692602948741,conference_c030
W,2014,138,2014_3113_3435,1,0.37045991860704874,conference_c030
W,2014,139,2014_3119_3268,0,0.007138132537526598,conference_c030
W,2014,140,2014_3124_3143,1,0.9319328802885483,conference_c030
W,2014,145,2014_3124_3246,1,0.518380980544694,conference_c030
W,2014,147,2014_3124_3323,0,0.415205961956767,conference_c030
W,2014,138,2014_3124_3443,1,0.9901497566895334,conference_c030
W,2014,145,2014_3140_3163,0,0.02343485018558128,conference_c030
W,2014,138,2014_3140_3301,1,0.07063650714494535,conference_c030
W,2014,140,2014_3140_3304,1,0.10559720972780967,conference_c030
W,2014,138,2014_3143_3200,1,0.6137792022184195,conference_c030
W,2014,138,2014_3151_3393,0,0.02047887984627006,conference_c030
W,2014,155,2014_3163_3323,1,0.45440347132635006,conference_c030
W,2014,139,2014_3163_3341,1,0.9980370777287657,conference_c030
W,2014,141,2014_3163_3386,1,0.9632155153354196,conference_c030
W,2014,153,2014_3163_3390,1,0.7642769990512122,conference_c030
W,2014,147,2014_3163_3401,1,0.7278235631713885,conference_c030
W,2014,139,2014_3169_3376,0,0.008093377827187387,conference_c030
W,2014,139,2014_3173_3196,0,0.2602129452526913,conference_c030
W,2014,140,2014_3177_3181,1,0.04881373849837889,conference_c030
W,2014,138,2014_3177_3328,1,0.2349113918180048,conference_c030
W,2014,145,2014_3177_3401,0,0.14715853325849065,conference_c030
W,2014,138,2014_3181_3457,1,0.9957288754540441,conference_c030
W,2014,138,2014_3195_3329,0,0.06474936835846368,conference_c030
W,2014,141,2014_3196_3336,0,0.3549179946904142,conference_c030
W,2014,138,2014_3199_3235,1,0.5049156215609352,conference_c030
W,2014,140,2014_3199_3390,0,0.4131122252373094,conference_c030
W,2014,138,2014_3201_3304,0,0.043923689118122555,conference_c030
W,2014,139,2014_3208_3386,0,0.8558667831231908,conference_c030
W,2014,139,2014_3210_3261,0,0.6362668209275855,conference_c030
W,2014,139,2014_3211_3241,0,0.6847667402216233,conference_c030
W,2014,139,2014_3214_3277,0,0.08319877843622336,conference_c030
W,2014,139,2014_3225_3257,0,0.03232067827233348,conference_c030
W,2014,141,2014_3234_3257,0,0.34353200377567955,conference_c030
W,2014,139,2014_3234_3265,1,0.8978974179446255,conference_c030
W,2014,141,2014_3241_3401,0,0.14962875015406185,conference_c030
W,2014,140,2014_3246_3393,1,0.5767714050151952,conference_c030
W,2014,138,2014_3246_3460,1,0.9829121164712562,conference_c030
W,2014,146,2014_3257_3261,1,0.6924020156163757,conference_c030
W,2014,148,2014_3257_3268,0,0.19577588623123265,conference_c030
W,2014,141,2014_3261_3452,1,0.28663005431561883,conference_c030
W,2014,153,2014_3268_3323,0,0.5405255035451313,conference_c030
W,2014,146,2014_3268_3397,1,0.637758018753309,conference_c030
W,2014,141,2014_3268_3400,1,0.8484422523812696,conference_c030
W,2014,141,2014_3277_3314,0,0.19181951142000475,conference_c030
W,2014,139,2014_3292_3333,0,0.44173211415890806,conference_c030
W,2014,146,2014_3314_3376,1,0.5483211056543931,conference_c030
W,2014,148,2014_3314_3390,0,0.7616681572733608,conference_c030
W,2014,139,2014_3314_3404,1,0.9823200844401652,conference_c030
W,2014,139,2014_3315_3401,0,0.026495885654756135,conference_c030
W,2014,138,2014_3322_3397,0,0.005818964469739396,conference_c030
W,2014,145,2014_3323_3329,1,0.8013797157933555,conference_c030
W,2014,138,2014_3323_3352,1,0.9969012626492092,conference_c030
W,2014,140,2014_3329_3345,1,0.639471162062915,conference_c030
W,2014,141,2014_3333_3376,0,0.09276845410962481,conference_c030
W,2014,139,2014_3335_3400,0,0.05617556695900666,conference_c030
W,2014,146,2014_3336_3390,0,0.42559666866610857,conference_c030
W,2014,139,2014_3336_3455,1,0.9376162499789886,conference_c030
W,2014,138,2014_3377_3390,0,0.016694289035624532,conference_c030
W,2014,140,2014_3385_3397,0,0.035801740206165,conference_c030
W,2014,138,2014_3385_3425,1,0.32067436529200793,conference_c030
W,2015,138,2015_3106_3199,0,0.0027699703172660572,conference_c030
W,2015,137,2015_3107_3181,0,0.08529317385407148,conference_c030
W,2015,137,2015_3110_3234,0,0.07972362934255672,conference_c030
W,2015,140,2015_3113_3114,1,0.843429652658234,conference_c030
W,2015,144,2015_3113_3199,0,0.27093212501172004,conference_c030
W,2015,138,2015_3113_3325,1,0.8682658442023525,conference_c030
W,2015,138,2015_3114_3401,1,0.22108402595375704,conference_c030
W,2015,139,2015_3116_3124,0,0.12828282444173245,conference_c030
W,2015,137,2015_3116_3321,1,0.346905321453305,conference_c030
W,2015,144,2015_3124_3234,1,0.7881581420047588,conference_c030
W,2015,137,2015_3124_3322,1,0.9962718136971769,conference_c030
W,2015,146,2015_3124_3323,0,0.31845751952748325,conference_c030
W,2015,138,2015_3129_3397,0,0.030748343878426898,conference_c030
W,2015,138,2015_3140_3257,0,0.03943663039970269,conference_c030
W,2015,139,2015_3143_3400,0,0.44697788681449896,conference_c030
W,2015,137,2015_3143_3455,1,0.7662655126151994,conference_c030
W,2015,138,2015_3151_3338,0,0.25757125801670405,conference_c030
W,2015,147,2015_3163_3173,1,0.9831630363654558,conference_c030
W,2015,153,2015_3163_3268,1,0.8716694557685609,conference_c030
W,2015,155,2015_3163_3323,1,0.7784661426295838,conference_c030
W,2015,140,2015_3163_3353,1,0.9671746473470493,conference_c030
W,2015,138,2015_3163_3383,1,0.9994092866076913,conference_c030
W,2015,145,2015_3163_3400,1,0.9650492980238262,conference_c030
W,2015,138,2015_3169_3390,0,0.11951696693271224,conference_c030
W,2015,137,2015_3173_3235,1,0.5117057042444824,conference_c030
W,2015,139,2015_3173_3246,1,0.32289612697545134,conference_c030
W,2015,145,2015_3173_3257,1,0.14870166580760946,conference_c030
W,2015,137,2015_3177_3278,1,0.6423679584057962,conference_c030
W,2015,139,2015_3177_3323,0,0.096180354379104,conference_c030
W,2015,145,2015_3181_3268,0,0.3208896986612775,conference_c030
W,2015,139,2015_3181_3280,1,0.5294330838188506,conference_c030
W,2015,140,2015_3195_3199,0,0.11133818063650347,conference_c030
W,2015,138,2015_3195_3329,1,0.4434603177852696,conference_c030
W,2015,146,2015_3199_3376,0,0.38618046018229407,conference_c030
W,2015,137,2015_3203_3211,0,0.7122526796066302,conference_c030
W,2015,139,2015_3211_3333,1,0.112441024602222,conference_c030
W,2015,145,2015_3211_3397,0,0.07245876146457214,conference_c030
W,2015,139,2015_3234_3274,1,0.5786456711103587,conference_c030
W,2015,138,2015_3241_3326,0,0.28716644844549144,conference_c030
W,2015,137,2015_3246_3398,1,0.9784572953459545,conference_c030
W,2015,138,2015_3251_3314,0,0.031988647230113465,conference_c030
W,2015,140,2015_3257_3378,1,0.746229991259757,conference_c030
W,2015,138,2015_3261_3378,0,0.3028867715777894,conference_c030
W,2015,138,2015_3268_3308,1,0.9918759463472272,conference_c030
W,2015,140,2015_3268_3343,1,0.7728623546151414,conference_c030
W,2015,147,2015_3268_3397,1,0.5712119457835584,conference_c030
W,2015,137,2015_3274_3449,1,0.458845507651549,conference_c030
W,2015,137,2015_3280_3408,1,0.8371222416270006,conference_c030
W,2015,137,2015_3285_3323,0,0.0123681757385804,conference_c030
W,2015,137,2015_3304_3393,0,0.3955201816174864,conference_c030
W,2015,140,2015_3314_3326,1,0.5874676932038487,conference_c030
W,2015,144,2015_3314_3376,0,0.2144205452870072,conference_c030
W,2015,153,2015_3323_3376,1,0.5626038007896081,conference_c030
W,2015,144,2015_3323_3390,1,0.8757261760527598,conference_c030
W,2015,138,2015_3328_3346,1,0.7238021783329729,conference_c030
W,2015,140,2015_3328_3390,0,0.3806302898362741,conference_c030
W,2015,137,2015_3333_3355,1,0.9305552165605416,conference_c030
W,2015,140,2015_3338_3397,0,0.19067584571499513,conference_c030
W,2015,138,2015_3343_3453,1,0.7667843775955346,conference_c030
W,2015,138,2015_3353_3371,1,0.6900877950352903,conference_c030
W,2015,137,2015_3366_3376,0,0.0032503047531362572,conference_c030
W,2015,139,2015_3376_3393,1,0.8532756131498476,conference_c030
W,2015,137,2015_3400_3443,1,0.7490827017107142,conference_c030
W,2016,138,2016_3106_3400,0,0.0046997596380688456,conference_c030
W,2016,137,2016_3107_3196,1,0.2574859687782789,conference_c030
W,2016,139,2016_3107_3393,0,0.13788299299942214,conference_c030
W,2016,137,2016_3113_3308,1,0.9681320882457765,conference_c030
W,2016,139,2016_3113_3397,0,0.5642512004913253,conference_c030
W,2016,137,2016_3119_3393,0,0.11413235936790578,conference_c030
W,2016,139,2016_3120_3124,0,0.03630131141882559,conference_c030
W,2016,137,2016_3120_3385,1,0.47221735069049225,conference_c030
W,2016,145,2016_3124_3199,1,0.7453626804440199,conference_c030
W,2016,137,2016_3124_3225,1,0.9884248147841056,conference_c030
W,2016,147,2016_3124_3333,0,0.718155397226706,conference_c030
W,2016,137,2016_3125_3277,0,0.03711933085414659,conference_c030
W,2016,137,2016_3138_3326,0,0.012796663892558069,conference_c030
W,2016,138,2016_3140_3281,0,0.24457640152024046,conference_c030
W,2016,137,2016_3146_3257,0,0.019029905965740834,conference_c030
W,2016,137,2016_3151_3280,0,0.031180216986976372,conference_c030
W,2016,138,2016_3161_3378,0,0.14326639172743677,conference_c030
W,2016,140,2016_3163_3182,1,0.9943339460761956,conference_c030
W,2016,145,2016_3163_3280,1,0.9643682023968299,conference_c030
W,2016,153,2016_3163_3333,1,0.9457346621741197,conference_c030
W,2016,138,2016_3163_3352,1,0.9997577130932669,conference_c030
W,2016,155,2016_3163_3393,1,0.9713567915877582,conference_c030
W,2016,147,2016_3163_3400,1,0.9623893503442753,conference_c030
W,2016,137,2016_3177_3241,1,0.8305900508259303,conference_c030
W,2016,139,2016_3177_3257,1,0.4879454160259445,conference_c030
W,2016,145,2016_3177_3333,0,0.3437334300130341,conference_c030
W,2016,138,2016_3182_3371,1,0.45500151205927025,conference_c030
W,2016,138,2016_3199_3292,1,0.9383521271431443,conference_c030
W,2016,140,2016_3199_3401,1,0.6702948349615501,conference_c030
W,2016,137,2016_3203_3243,0,0.4450240269408602,conference_c030
W,2016,138,2016_3208_3231,0,0.647220879284363,conference_c030
W,2016,138,2016_3218_3417,0,0.02838499648537174,conference_c030
W,2016,140,2016_3231_3323,0,0.06965405920914541,conference_c030
W,2016,138,2016_3233_3268,0,0.005809655760155186,conference_c030
W,2016,137,2016_3239_3376,0,0.009276234218199508,conference_c030
W,2016,139,2016_3243_3376,0,0.0624824323448534,conference_c030
W,2016,140,2016_3246_3328,1,0.7462047121595965,conference_c030
W,2016,138,2016_3246_3421,1,0.9850239473823119,conference_c030
W,2016,144,2016_3246_3449,0,0.7125061421143954,conference_c030
W,2016,140,2016_3268_3449,0,0.915167679661788,conference_c030
W,2016,138,2016_3274_3355,0,0.8778486482282728,conference_c030
W,2016,139,2016_3277_3280,0,0.4844329419843987,conference_c030
W,2016,140,2016_3281_3400,0,0.25077506350194473,conference_c030
W,2016,138,2016_3283_3401,0,0.06980416265293443,conference_c030
W,2016,138,2016_3299_3323,0,0.002323453341204873,conference_c030
W,2016,144,2016_3323_3390,0,0.7185377919824529,conference_c030
W,2016,144,2016_3326_3397,0,0.7525447210502819,conference_c030
W,2016,139,2016_3326_3452,1,0.7297216805047405,conference_c030
W,2016,138,2016_3328_3345,1,0.534274156486025,conference_c030
W,2016,137,2016_3329_3382,0,0.7392862118350574,conference_c030
W,2016,139,2016_3333_3382,1,0.9476306043699427,conference_c030
W,2016,137,2016_3333_3407,1,0.9871190362832977,conference_c030
W,2016,138,2016_3335_3449,0,0.14673898875660352,conference_c030
W,2016,137,2016_3343_3452,0,0.260647263932334,conference_c030
W,2016,140,2016_3355_3390,0,0.05185300509185614,conference_c030
W,2016,138,2016_3362_3390,0,0.03056920044988093,conference_c030
W,2016,144,2016_3376_3393,0,0.7597252868819829,conference_c030
W,2016,140,2016_3378_3417,0,0.3711300471958534,conference_c030
W,2016,146,2016_3390_3449,0,0.7390504957574635,conference_c030
W,2016,146,2016_3393_3397,1,0.617015297162399,conference_c030
W,2016,153,2016_3393_3449,1,0.6474794971848628,conference_c030
W,2016,137,2016_3397_3453,1,0.7649607317022702,conference_c030
W,2016,145,2016_3400_3417,1,0.5378061736199715,conference_c030
W,2017,138,2017_3107_3163,0,0.001457670267895006,conference_c030
W,2017,137,2017_3113_3277,1,0.6190007380613585,conference_c030
W,2017,139,2017_3113_3376,0,0.1319597285974934,conference_c030
W,2017,137,2017_3120_3301,0,0.2716326627077013,conference_c030
W,2017,140,2017_3124_3143,1,0.9778277984390338,conference_c030
W,2017,144,2017_3124_3257,1,0.8966217702446388,conference_c030
W,2017,146,2017_3124_3280,0,0.8453764718042845,conference_c030
W,2017,138,2017_3124_3411,1,0.9994743228978331,conference_c030
W,2017,137,2017_3125_3246,0,0.050953473296267926,conference_c030
W,2017,138,2017_3129_3417,0,0.04148449755266981,conference_c030
W,2017,137,2017_3137_3268,0,0.011822771924237419,conference_c030
W,2017,138,2017_3143_3261,1,0.5150972817640138,conference_c030
W,2017,137,2017_3146_3400,0,0.02582484772776339,conference_c030
W,2017,138,2017_3151_3257,0,0.024839612270006806,conference_c030
W,2017,151,2017_3163_3280,0,0.8509658107565627,conference_c030
W,2017,147,2017_3163_3332,1,0.9686925115024174,conference_c030
W,2017,140,2017_3163_3393,1,0.944104512629239,conference_c030
W,2017,145,2017_3163_3417,1,0.9373764435167269,conference_c030
W,2017,139,2017_3166_3333,0,0.163899238317881,conference_c030
W,2017,137,2017_3166_3405,1,0.6567787803534413,conference_c030
W,2017,138,2017_3173_3397,0,0.11797840802802784,conference_c030
W,2017,139,2017_3177_3280,0,0.16605781633720895,conference_c030
W,2017,137,2017_3177_3320,1,0.8798850049932665,conference_c030
W,2017,138,2017_3179_3243,0,0.2901942502360229,conference_c030
W,2017,138,2017_3181_3214,1,0.9952027196615982,conference_c030
W,2017,140,2017_3181_3332,0,0.8067982887987251,conference_c030
W,2017,137,2017_3189_3452,0,0.18377818424835202,conference_c030
W,2017,138,2017_3195_3274,0,0.09061962480609181,conference_c030
W,2017,139,2017_3199_3281,1,0.9284692150277714,conference_c030
W,2017,145,2017_3199_3333,1,0.8055833852715504,conference_c030
W,2017,147,2017_3199_3376,0,0.539936620259313,conference_c030
W,2017,137,2017_3199_3442,1,0.9843878029934242,conference_c030
W,2017,138,2017_3211_3328,0,0.3228454296415318,conference_c030
W,2017,138,2017_3235_3393,0,0.27611904612837407,conference_c030
W,2017,140,2017_3243_3390,0,0.177147241296352,conference_c030
W,2017,139,2017_3246_3326,0,0.46129318278421483,conference_c030
W,2017,137,2017_3253_3333,0,0.021985225846437306,conference_c030
W,2017,140,2017_3257_3397,1,0.6956962693396939,conference_c030
W,2017,138,2017_3266_3346,0,0.7414980465215213,conference_c030
W,2017,145,2017_3268_3332,0,0.8571225373029225,conference_c030
W,2017,139,2017_3268_3452,1,0.799219429554801,conference_c030
W,2017,140,2017_3274_3346,0,0.8995351173162339,conference_c030
W,2017,153,2017_3280_3376,0,0.441400152121147,conference_c030
W,2017,137,2017_3280_3407,1,0.9847093751783864,conference_c030
W,2017,144,2017_3280_3449,1,0.44610335684630736,conference_c030
W,2017,137,2017_3281_3378,1,0.5740325083608263,conference_c030
W,2017,138,2017_3286_3449,0,0.008935408405331247,conference_c030
W,2017,139,2017_3301_3400,0,0.3432431166119652,conference_c030
W,2017,138,2017_3308_3390,0,0.008240698166842364,conference_c030
W,2017,144,2017_3323_3326,1,0.8065572166596239,conference_c030
W,2017,139,2017_3323_3345,1,0.9170793906107538,conference_c030
W,2017,137,2017_3323_3352,1,0.9975239327355641,conference_c030
W,2017,146,2017_3323_3390,0,0.631702885345272,conference_c030
W,2017,137,2017_3326_3443,1,0.8437489624651531,conference_c030
W,2017,140,2017_3328_3449,0,0.08899901842902053,conference_c030
W,2017,138,2017_3332_3396,1,0.6545512943838793,conference_c030
W,2017,138,2017_3335_3401,0,0.10234978028303271,conference_c030
W,2017,137,2017_3345_3453,1,0.5502384328324113,conference_c030
W,2017,145,2017_3346_3376,0,0.02301464759513272,conference_c030
W,2017,151,2017_3376_3390,1,0.6199908949817601,conference_c030
W,2017,137,2017_3376_3421,1,0.9971214075175306,conference_c030
W,2017,144,2017_3390_3400,1,0.614930478887477,conference_c030
W,2017,140,2017_3401_3417,0,0.34607642825525153,conference_c030
W,2018,138,2018_3110_3417,0,0.021953194950604882,conference_c030
W,2018,138,2018_3113_3304,1,0.7772467610041163,conference_c030
W,2018,140,2018_3113_3400,0,0.31105294440982895,conference_c030
W,2018,138,2018_3114_3199,0,0.019470782001362374,conference_c030
W,2018,137,2018_3124_3212,1,0.999603210237431,conference_c030
W,2018,139,2018_3124_3276,1,0.9289450465903935,conference_c030
W,2018,144,2018_3124_3333,0,0.9033350728346295,conference_c030
W,2018,138,2018_3125_3181,0,0.09907137393783305,conference_c030
W,2018,137,2018_3129_3257,0,0.013994868355231282,conference_c030
W,2018,140,2018_3138_3199,1,0.11485154508405016,conference_c030
W,2018,145,2018_3138_3376,0,0.14536990670309424,conference_c030
W,2018,138,2018_3138_3378,1,0.3389833954047601,conference_c030
W,2018,138,2018_3141_3261,1,0.41694100213600277,conference_c030
W,2018,140,2018_3141_3326,1,0.11971166004121725,conference_c030
W,2018,145,2018_3141_3332,0,0.06335375740527316,conference_c030
W,2018,137,2018_3143_3438,0,0.46223422040773054,conference_c030
W,2018,145,2018_3163_3181,1,0.9543093937594802,conference_c030
W,2018,151,2018_3163_3323,0,0.7838382147077879,conference_c030
W,2018,140,2018_3163_3346,1,0.9963760234674794,conference_c030
W,2018,147,2018_3163_3376,1,0.9285235702019867,conference_c030
W,2018,138,2018_3163_3384,1,0.9990650947738773,conference_c030
W,2018,138,2018_3166_3234,1,0.28273206865247125,conference_c030
W,2018,140,2018_3166_3417,0,0.12631315585230857,conference_c030
W,2018,137,2018_3169_3323,0,0.0023611410477328287,conference_c030
W,2018,137,2018_3173_3266,0,0.21389575609363876,conference_c030
W,2018,137,2018_3177_3328,1,0.5781374143611281,conference_c030
W,2018,139,2018_3177_3401,0,0.517941168552635,conference_c030
W,2018,137,2018_3179_3401,0,0.14624021154381328,conference_c030
W,2018,140,2018_3181_3208,1,0.6747584634013678,conference_c030
W,2018,137,2018_3189_3301,0,0.1958601466518216,conference_c030
W,2018,138,2018_3195_3281,1,0.14950208856565794,conference_c030
W,2018,140,2018_3195_3390,0,0.08549793149116275,conference_c030
W,2018,138,2018_3203_3326,0,0.038487638651809375,conference_c030
W,2018,138,2018_3208_3273,1,0.8303118357514303,conference_c030
W,2018,138,2018_3211_3390,0,0.18195878621177802,conference_c030
W,2018,137,2018_3251_3397,0,0.019889923458997927,conference_c030
W,2018,139,2018_3257_3266,1,0.8734172034188901,conference_c030
W,2018,151,2018_3257_3280,0,0.3765028845002433,conference_c030
W,2018,146,2018_3257_3333,1,0.77604666116329,conference_c030
W,2018,144,2018_3257_3390,1,0.8216149768224923,conference_c030
W,2018,138,2018_3263_3400,0,0.017408364223499895,conference_c030
W,2018,139,2018_3268_3301,0,0.6768866194748809,conference_c030
W,2018,137,2018_3268_3343,1,0.8816792690944684,conference_c030
W,2018,138,2018_3274_3346,0,0.8607618246548685,conference_c030
W,2018,137,2018_3276_3294,1,0.9160111530399974,conference_c030
W,2018,139,2018_3278_3332,0,0.1372741351718612,conference_c030
W,2018,137,2018_3278_3453,1,0.5711389481584647,conference_c030
W,2018,144,2018_3280_3301,1,0.899527571865331,conference_c030
W,2018,138,2018_3280_3311,1,0.997965350230295,conference_c030
W,2018,153,2018_3280_3323,0,0.5275863745238578,conference_c030
W,2018,140,2018_3280_3329,1,0.9130416290840565,conference_c030
W,2018,146,2018_3280_3417,1,0.7894343072463814,conference_c030
W,2018,137,2018_3299_3376,0,0.005837829570840503,conference_c030
W,2018,147,2018_3323_3332,1,0.6447278352033581,conference_c030
W,2018,145,2018_3323_3401,1,0.8880364615263476,conference_c030
W,2018,139,2018_3323_3437,1,0.9469552494282418,conference_c030
W,2018,138,2018_3329_3393,1,0.6242969294137565,conference_c030
W,2018,137,2018_3332_3370,1,0.9979500428809915,conference_c030
W,2018,139,2018_3333_3397,1,0.4722252197928275,conference_c030
W,2018,137,2018_3333_3443,1,0.902695646265999,conference_c030
W,2018,137,2018_3355_3437,0,0.44945107088790676,conference_c030
W,2018,139,2018_3376_3438,1,0.832445344731859,conference_c030
W,2018,144,2018_3400_3417,0,0.5452144588021973,conference_c030
W,2019,138,2019_3101_3124,0,0.0041384019846701925,conference_c030
W,2019,139,2019_3113_3274,1,0.483435651247701,conference_c030
W,2019,144,2019_3113_3280,0,0.11036367090409888,conference_c030
W,2019,137,2019_3113_3416,1,0.827344727571404,conference_c030
W,2019,138,2019_3114_3211,0,0.14134262750783055,conference_c030
W,2019,138,2019_3120_3140,0,0.7751827149293645,conference_c030
W,2019,140,2019_3124_3143,1,0.9624327966296161,conference_c030
W,2019,147,2019_3124_3234,1,0.8625137610430781,conference_c030
W,2019,153,2019_3124_3323,1,0.33488863456904305,conference_c030
W,2019,151,2019_3124_3332,1,0.5832060273159286,conference_c030
W,2019,145,2019_3124_3376,1,0.9120850334857262,conference_c030
W,2019,137,2019_3125_3376,0,0.15216357441255335,conference_c030
W,2019,138,2019_3126_3323,0,0.0002024707904106915,conference_c030
W,2019,138,2019_3129_3333,0,0.06438737631508051,conference_c030
W,2019,137,2019_3137_3199,0,0.21433180234398608,conference_c030
W,2019,139,2019_3138_3163,0,0.08429536634784357,conference_c030
W,2019,137,2019_3138_3353,1,0.44411633162739467,conference_c030
W,2019,140,2019_3140_3390,0,0.04084934629364256,conference_c030
W,2019,138,2019_3141_3277,0,0.5065165195883499,conference_c030
W,2019,138,2019_3143_3314,1,0.38645421775395794,conference_c030
W,2019,139,2019_3155_3280,0,0.036810588099017494,conference_c030
W,2019,137,2019_3155_3377,1,0.6428886932892965,conference_c030
W,2019,146,2019_3163_3257,1,0.46663221290465134,conference_c030
W,2019,151,2019_3163_3323,0,0.16718987179022265,conference_c030
W,2019,137,2019_3163_3406,1,0.9919506878470707,conference_c030
W,2019,144,2019_3163_3417,1,0.8586088274519621,conference_c030
W,2019,138,2019_3177_3283,0,0.8659439905556664,conference_c030
W,2019,137,2019_3179_3281,0,0.28542534985972934,conference_c030
W,2019,137,2019_3195_3274,0,0.09308441818584579,conference_c030
W,2019,139,2019_3199_3376,0,0.38030666069331975,conference_c030
W,2019,138,2019_3200_3393,0,0.042767420515299914,conference_c030
W,2019,140,2019_3211_3333,0,0.232183558837725,conference_c030
W,2019,139,2019_3231_3332,0,0.04445125907538777,conference_c030
W,2019,137,2019_3231_3400,1,0.31150054376212316,conference_c030
W,2019,137,2019_3234_3273,1,0.9855836899034329,conference_c030
W,2019,139,2019_3234_3281,1,0.7138115956181286,conference_c030
W,2019,145,2019_3234_3301,1,0.5714396364172786,conference_c030
W,2019,140,2019_3235_3283,0,0.9553787217635339,conference_c030
W,2019,138,2019_3235_3308,1,0.9944620513660403,conference_c030
W,2019,137,2019_3243_3276,0,0.3377568491088148,conference_c030
W,2019,140,2019_3246_3301,0,0.4477808273884469,conference_c030
W,2019,138,2019_3246_3343,1,0.8935508329633413,conference_c030
W,2019,139,2019_3257_3276,1,0.888161308320231,conference_c030
W,2019,144,2019_3257_3333,1,0.7359072866765713,conference_c030
W,2019,137,2019_3257_3352,1,0.9962790377570717,conference_c030
W,2019,138,2019_3263_3301,0,0.05252627087711986,conference_c030
W,2019,137,2019_3266_3349,1,0.9670998890380673,conference_c030
W,2019,139,2019_3266_3401,0,0.8780141947315084,conference_c030
W,2019,138,2019_3268_3347,1,0.9638126430124616,conference_c030
W,2019,140,2019_3268_3417,0,0.6216725782387938,conference_c030
W,2019,140,2019_3277_3323,0,0.029022737966896806,conference_c030
W,2019,146,2019_3280_3332,0,0.5222895792763994,conference_c030
W,2019,137,2019_3280_3380,1,0.9990357203932781,conference_c030
W,2019,145,2019_3283_3390,0,0.04013957747762581,conference_c030
W,2019,147,2019_3323_3390,1,0.8859256420459474,conference_c030
W,2019,145,2019_3323_3401,1,0.9710885327955321,conference_c030
W,2019,137,2019_3332_3340,1,0.984874933927362,conference_c030
W,2019,144,2019_3332_3355,1,0.9524359012657769,conference_c030
W,2019,138,2019_3346_3355,0,0.22537351523038118,conference_c030
W,2019,140,2019_3355_3393,1,0.19918899004982893,conference_c030
W,2019,138,2019_3390_3413,1,0.9560668893489859,conference_c030
W,2019,138,2019_3397_3417,0,0.4181999085133684,conference_c030
W,2019,137,2019_3401_3460,1,0.8843524271768528,conference_c030
W,2021,142,2021_3104_3268,0,0.109197688291299,conference_c030
W,2021,140,2021_3104_3314,1,0.32644123416883936,conference_c030
W,2021,142,2021_3112_3140,1,0.8262234003634203,conference_c030
W,2021,151,2021_3112_3163,1,0.12678430392533996,conference_c030
W,2021,147,2021_3112_3231,1,0.40065704349222553,conference_c030
W,2021,153,2021_3112_3390,0,0.11628797892677123,conference_c030
W,2021,140,2021_3112_3392,1,0.8194593589335945,conference_c030
W,2021,145,2021_3112_3401,1,0.4718518032988784,conference_c030
W,2021,140,2021_3116_3460,0,0.803745430477613,conference_c030
W,2021,147,2021_3124_3163,0,0.29725504139296793,conference_c030
W,2021,139,2021_3124_3238,1,0.9625658253938623,conference_c030
W,2021,145,2021_3124_3276,1,0.8073973182712696,conference_c030
W,2021,141,2021_3124_3439,1,0.6924048347529687,conference_c030
W,2021,140,2021_3125_3211,1,0.2890716673799502,conference_c030
W,2021,142,2021_3125_3231,0,0.13790957211015142,conference_c030
W,2021,140,2021_3133_3400,0,0.20574678835000365,conference_c030
W,2021,140,2021_3140_3353,1,0.1491750976203416,conference_c030
W,2021,139,2021_3141_3234,0,0.19975646755621634,conference_c030
W,2021,139,2021_3163_3219,1,0.9899484910023472,conference_c030
W,2021,145,2021_3163_3234,1,0.906035515662845,conference_c030
W,2021,141,2021_3163_3393,1,0.9229460686462896,conference_c030
W,2021,140,2021_3180_3208,0,0.09213627124379892,conference_c030
W,2021,139,2021_3195_3276,0,0.24917534983755413,conference_c030
W,2021,139,2021_3199_3333,0,0.4689026466046754,conference_c030
W,2021,142,2021_3208_3332,0,0.4403603551916911,conference_c030
W,2021,139,2021_3210_3372,1,0.6578723418978977,conference_c030
W,2021,146,2021_3210_3376,0,0.16695497963269185,conference_c030
W,2021,141,2021_3210_3452,1,0.6735201011696618,conference_c030
W,2021,139,2021_3226_3246,0,0.15721558970955768,conference_c030
W,2021,145,2021_3231_3301,1,0.36943961926726077,conference_c030
W,2021,140,2021_3231_3433,1,0.9201836635511556,conference_c030
W,2021,141,2021_3234_3246,1,0.4754161328173713,conference_c030
W,2021,140,2021_3235_3277,1,0.49539889451277147,conference_c030
W,2021,142,2021_3235_3401,0,0.2779172775811626,conference_c030
W,2021,139,2021_3250_3452,0,0.6911823158025453,conference_c030
W,2021,140,2021_3257_3265,1,0.9123678776685572,conference_c030
W,2021,142,2021_3257_3321,1,0.8515652562985117,conference_c030
W,2021,146,2021_3257_3332,1,0.6486429899063815,conference_c030
W,2021,148,2021_3257_3390,0,0.26875918794391784,conference_c030
W,2021,139,2021_3266_3439,0,0.23436702383203378,conference_c030
W,2021,140,2021_3268_3291,1,0.8989558214363764,conference_c030
W,2021,146,2021_3268_3400,0,0.8906438524528668,conference_c030
W,2021,139,2021_3273_3376,0,0.008212253939198166,conference_c030
W,2021,141,2021_3276_3397,1,0.38581081419006463,conference_c030
W,2021,146,2021_3283_3390,0,0.04563403073667782,conference_c030
W,2021,140,2021_3283_3413,1,0.597030124030728,conference_c030
W,2021,142,2021_3283_3460,1,0.622310928111575,conference_c030
W,2021,139,2021_3292_3397,0,0.13097465399835118,conference_c030
W,2021,139,2021_3299_3301,0,0.03384809839988745,conference_c030
W,2021,141,2021_3301_3378,1,0.839878674508424,conference_c030
W,2021,140,2021_3321_3416,1,0.5614533807549202,conference_c030
W,2021,141,2021_3329_3390,0,0.05252250651723189,conference_c030
W,2021,139,2021_3329_3448,1,0.4513107647526378,conference_c030
W,2021,140,2021_3332_3377,1,0.9103062649809881,conference_c030
W,2021,141,2021_3333_3376,0,0.1181500175592069,conference_c030
W,2021,139,2021_3355_3393,0,0.15312946735657768,conference_c030
W,2021,151,2021_3376_3390,0,0.3296415305224251,conference_c030
W,2021,148,2021_3376_3400,1,0.8941210878745293,conference_c030
W,2021,139,2021_3378_3450,1,0.5383380021549918,conference_c030
W,2021,139,2021_3390_3430,1,0.99672755183437,conference_c030
W,2021,142,2021_3400_3417,1,0.20683156825979093,conference_c030
W,2021,140,2021_3401_3407,1,0.901903941920581,conference_c030
W,2021,140,2021_3417_3461,1,0.9295130608816492,conference_c030
W,2014,138,2014_3113_3435,1,0.36666925674893625,conference_c100
W,2014,138,2014_3124_3443,1,0.9933179571651336,conference_c100
W,2014,138,2014_3140_3301,1,0.04894763203704633,conference_c100
W,2014,138,2014_3143_3200,1,0.608348888924874,conference_c100
W,2014,138,2014_3177_3328,1,0.17468628387971763,conference_c100
W,2014,138,2014_3181_3457,1,0.9977166800805212,conference_c100
W,2014,138,2014_3199_3235,1,0.47967362938853025,conference_c100
W,2014,138,2014_3246_3460,1,0.9882093507680914,conference_c100
W,2014,138,2014_3201_3304,0,0.03278841133104787,conference_c100
W,2014,138,2014_3323_3352,1,0.9982387714138339,conference_c100
W,2014,138,2014_3195_3329,0,0.0535597729380628,conference_c100
W,2014,138,2014_3103_3345,0,0.06637147258639281,conference_c100
W,2014,138,2014_3385_3425,1,0.23874194811236366,conference_c100
W,2014,138,2014_3377_3390,0,0.012561026680221798,conference_c100
W,2014,138,2014_3151_3393,0,0.012509894996040716,conference_c100
W,2014,138,2014_3322_3397,0,0.0029751367671570494,conference_c100
W,2014,139,2014_3163_3341,1,0.9983467033570812,conference_c100
W,2014,139,2014_3173_3196,0,0.13964627001595797,conference_c100
W,2014,139,2014_3234_3265,1,0.9192733514741291,conference_c100
W,2014,139,2014_3211_3241,0,0.6813923348598183,conference_c100
W,2014,139,2014_3225_3257,0,0.02447691398103724,conference_c100
W,2014,139,2014_3210_3261,0,0.657411212394639,conference_c100
W,2014,139,2014_3119_3268,0,0.004012179141624994,conference_c100
W,2014,139,2014_3214_3277,0,0.07157065441054683,conference_c100
W,2014,139,2014_3314_3404,1,0.9872756588905797,conference_c100
W,2014,139,2014_3292_3333,0,0.4312984418288084,conference_c100
W,2014,139,2014_3336_3455,1,0.9595874458910048,conference_c100
W,2014,139,2014_3169_3376,0,0.005676295530620934,conference_c100
W,2014,139,2014_3208_3386,0,0.9164692177174294,conference_c100
W,2014,139,2014_3335_3400,0,0.045034178478701614,conference_c100
W,2014,139,2014_3315_3401,0,0.02063615306251837,conference_c100
W,2014,139,2014_3107_3452,0,0.02898120981121738,conference_c100
W,2014,140,2014_3124_3143,1,0.950081203827013,conference_c100
W,2014,140,2014_3140_3304,1,0.08428710030896913,conference_c100
W,2014,140,2014_3177_3181,1,0.032993290759107674,conference_c100
W,2014,140,2014_3246_3393,1,0.5954058973027743,conference_c100
W,2014,140,2014_3113_3323,0,0.07666677541518091,conference_c100
W,2014,140,2014_3329_3345,1,0.6084850397429076,conference_c100
W,2014,140,2014_3199_3390,0,0.44069583870519574,conference_c100
W,2014,140,2014_3385_3397,0,0.023565420718072883,conference_c100
W,2014,141,2014_3163_3386,1,0.9776967560287083,conference_c100
W,2014,141,2014_3234_3257,0,0.3956919775038288,conference_c100
W,2014,141,2014_3261_3452,1,0.3020727146173814,conference_c100
W,2014,141,2014_3268_3400,1,0.8919188728596502,conference_c100
W,2014,141,2014_3277_3314,0,0.16525822279142027,conference_c100
W,2014,141,2014_3196_3336,0,0.3854977477476477,conference_c100
W,2014,141,2014_3333_3376,0,0.0691280520538054,conference_c100
W,2014,141,2014_3241_3401,0,0.14843229129399127,conference_c100
W,2014,145,2014_3124_3246,1,0.4734960540543473,conference_c100
W,2014,145,2014_3140_3163,0,0.014758684275953837,conference_c100
W,2014,145,2014_3323_3329,1,0.7992632922828617,conference_c100
W,2014,145,2014_3177_3401,0,0.113871582325839,conference_c100
W,2014,146,2014_3257_3261,1,0.6787429476865428,conference_c100
W,2014,146,2014_3268_3397,1,0.6730715566668688,conference_c100
W,2014,146,2014_3314_3376,1,0.5946504626461193,conference_c100
W,2014,146,2014_3336_3390,0,0.472632898998544,conference_c100
W,2014,147,2014_3163_3401,1,0.7416268166715594,conference_c100
W,2014,147,2014_3124_3323,0,0.4278029859679344,conference_c100
W,2014,148,2014_3257_3268,0,0.14163968421594947,conference_c100
W,2014,148,2014_3314_3390,0,0.8104400650324246,conference_c100
W,2014,153,2014_3163_3390,1,0.7911178842335373,conference_c100
W,2014,153,2014_3268_3323,0,0.60086720274848,conference_c100
W,2014,155,2014_3163_3323,1,0.4830858560304371,conference_c100
W,2015,137,2015_3116_3321,1,0.3637040054322619,conference_c100
W,2015,137,2015_3124_3322,1,0.9974637772071013,conference_c100
W,2015,137,2015_3143_3455,1,0.7719518480083342,conference_c100
W,2015,137,2015_3173_3235,1,0.5163676242361713,conference_c100
W,2015,137,2015_3177_3278,1,0.6658127093611983,conference_c100
W,2015,137,2015_3107_3181,0,0.08476102966290144,conference_c100
W,2015,137,2015_3203_3211,0,0.7155890904318535,conference_c100
W,2015,137,2015_3110_3234,0,0.07239827461499437,conference_c100
W,2015,137,2015_3246_3398,1,0.9829192552189938,conference_c100
W,2015,137,2015_3274_3449,1,0.46230951141760374,conference_c100
W,2015,137,2015_3280_3408,1,0.8740060445869977,conference_c100
W,2015,137,2015_3285_3323,0,0.009812089766168264,conference_c100
W,2015,137,2015_3333_3355,1,0.9359870352441496,conference_c100
W,2015,137,2015_3366_3376,0,0.0019584027144874394,conference_c100
W,2015,137,2015_3304_3393,0,0.3916784578518364,conference_c100
W,2015,137,2015_3400_3443,1,0.7620325514923066,conference_c100
W,2015,138,2015_3113_3325,1,0.869830611822154,conference_c100
W,2015,138,2015_3114_3401,1,0.2230647518848144,conference_c100
W,2015,138,2015_3163_3383,1,0.9997021728472154,conference_c100
W,2015,138,2015_3195_3329,1,0.45200479623565687,conference_c100
W,2015,138,2015_3106_3199,0,0.0020420659045219947,conference_c100
W,2015,138,2015_3140_3257,0,0.03736556967938487,conference_c100
W,2015,138,2015_3268_3308,1,0.9937520330269205,conference_c100
W,2015,138,2015_3251_3314,0,0.02592820924480943,conference_c100
W,2015,138,2015_3241_3326,0,0.2917757665770216,conference_c100
W,2015,138,2015_3328_3346,1,0.7521391632177897,conference_c100
W,2015,138,2015_3151_3338,0,0.23368747378869908,conference_c100
W,2015,138,2015_3343_3453,1,0.8065734478047097,conference_c100
W,2015,138,2015_3353_3371,1,0.7180602765381527,conference_c100
W,2015,138,2015_3261_3378,0,0.3470725054242253,conference_c100
W,2015,138,2015_3169_3390,0,0.1098643811446442,conference_c100
W,2015,138,2015_3129_3397,0,0.02489795553701607,conference_c100
W,2015,139,2015_3116_3124,0,0.11715397112005033,conference_c100
W,2015,139,2015_3173_3246,1,0.3580825317111952,conference_c100
W,2015,139,2015_3181_3280,1,0.5320860430591277,conference_c100
W,2015,139,2015_3211_3333,1,0.11603364382516984,conference_c100
W,2015,139,2015_3234_3274,1,0.5396883426365883,conference_c100
W,2015,139,2015_3177_3323,0,0.09091004159123484,conference_c100
W,2015,139,2015_3376_3393,1,0.8704406890546217,conference_c100
W,2015,139,2015_3143_3400,0,0.4363680757808797,conference_c100
W,2015,140,2015_3113_3114,1,0.836967099057361,conference_c100
W,2015,140,2015_3163_3353,1,0.9804717393229745,conference_c100
W,2015,140,2015_3195_3199,0,0.11156514476627194,conference_c100
W,2015,140,2015_3257_3378,1,0.7835917902339943,conference_c100
W,2015,140,2015_3268_3343,1,0.7462026464402671,conference_c100
W,2015,140,2015_3314_3326,1,0.5953032651515884,conference_c100
W,2015,140,2015_3328_3390,0,0.385804972589172,conference_c100
W,2015,140,2015_3338_3397,0,0.18173528889464735,conference_c100
W,2015,144,2015_3124_3234,1,0.8288723827045245,conference_c100
W,2015,144,2015_3113_3199,0,0.24778159165412983,conference_c100
W,2015,144,2015_3323_3390,1,0.8865293790146511,conference_c100
W,2015,144,2015_3314_3376,0,0.19020762117943263,conference_c100
W,2015,145,2015_3163_3400,1,0.9785603779680644,conference_c100
W,2015,145,2015_3173_3257,1,0.1562277587926229,conference_c100
W,2015,145,2015_3181_3268,0,0.3267847811993379,conference_c100
W,2015,145,2015_3211_3397,0,0.06988176245628341,conference_c100
W,2015,146,2015_3124_3323,0,0.32582255808905825,conference_c100
W,2015,146,2015_3199_3376,0,0.3665808807463534,conference_c100
W,2015,147,2015_3163_3173,1,0.9891584583337657,conference_c100
W,2015,147,2015_3268_3397,1,0.562109212750115,conference_c100
W,2015,153,2015_3163_3268,1,0.918138554629733,conference_c100
W,2015,153,2015_3323_3376,1,0.5510995440014319,conference_c100
W,2015,155,2015_3163_3323,1,0.842955095118734,conference_c100
W,2016,137,2016_3107_3196,1,0.2658611209065809,conference_c100
W,2016,137,2016_3113_3308,1,0.979055705585454,conference_c100
W,2016,137,2016_3120_3385,1,0.4761457410061825,conference_c100
W,2016,137,2016_3124_3225,1,0.9896727647958532,conference_c100
W,2016,137,2016_3177_3241,1,0.8654637676613257,conference_c100
W,2016,137,2016_3203_3243,0,0.42934019126160866,conference_c100
W,2016,137,2016_3146_3257,0,0.014714023089800188,conference_c100
W,2016,137,2016_3125_3277,0,0.028075807988603763,conference_c100
W,2016,137,2016_3151_3280,0,0.02221991536967005,conference_c100
W,2016,137,2016_3138_3326,0,0.01049215578046897,conference_c100
W,2016,137,2016_3333_3407,1,0.9891279142,conference_c100
W,2016,137,2016_3239_3376,0,0.007753845012563987,conference_c100
W,2016,137,2016_3329_3382,0,0.7330179593526476,conference_c100
W,2016,137,2016_3119_3393,0,0.10124911369456124,conference_c100
W,2016,137,2016_3397_3453,1,0.7636799910537262,conference_c100
W,2016,137,2016_3343_3452,0,0.25411810762751824,conference_c100
W,2016,138,2016_3163_3352,1,0.9999199632876001,conference_c100
W,2016,138,2016_3182_3371,1,0.4520396581820265,conference_c100
W,2016,138,2016_3199_3292,1,0.9409653445638158,conference_c100
W,2016,138,2016_3208_3231,0,0.626791144965344,conference_c100
W,2016,138,2016_3246_3421,1,0.9899099939146035,conference_c100
W,2016,138,2016_3233_3268,0,0.0037498262847535657,conference_c100
W,2016,138,2016_3140_3281,0,0.2433532939408875,conference_c100
W,2016,138,2016_3299_3323,0,0.001760457878477728,conference_c100
W,2016,138,2016_3328_3345,1,0.4990964256857434,conference_c100
W,2016,138,2016_3274_3355,0,0.897811599708992,conference_c100
W,2016,138,2016_3161_3378,0,0.11738432744544042,conference_c100
W,2016,138,2016_3362_3390,0,0.029179480764332466,conference_c100
W,2016,138,2016_3106_3400,0,0.004667883011265139,conference_c100
W,2016,138,2016_3283_3401,0,0.05338602689437666,conference_c100
W,2016,138,2016_3218_3417,0,0.021757242651727182,conference_c100
W,2016,138,2016_3335_3449,0,0.10114038553164623,conference_c100
W,2016,139,2016_3120_3124,0,0.03035322713042765,conference_c100
W,2016,139,2016_3177_3257,1,0.5319678233394805,conference_c100
W,2016,139,2016_3277_3280,0,0.5256535101363375,conference_c100
W,2016,139,2016_3326_3452,1,0.7690541362810013,conference_c100
W,2016,139,2016_3333_3382,1,0.9570591448672102,conference_c100
W,2016,139,2016_3243_3376,0,0.0582410767483757,conference_c100
W,2016,139,2016_3107_3393,0,0.1353815871495867,conference_c100
W,2016,139,2016_3113_3397,0,0.5250125162354681,conference_c100
W,2016,140,2016_3163_3182,1,0.9975492294981002,conference_c100
W,2016,140,2016_3199_3401,1,0.6896109439652407,conference_c100
W,2016,140,2016_3246_3328,1,0.7584983657649662,conference_c100
W,2016,140,2016_3231_3323,0,0.06805736202816365,conference_c100
W,2016,140,2016_3355_3390,0,0.033645755246666575,conference_c100
W,2016,140,2016_3281_3400,0,0.26369477160343974,conference_c100
W,2016,140,2016_3378_3417,0,0.3310551741511467,conference_c100
W,2016,140,2016_3268_3449,0,0.9293428285436558,conference_c100
W,2016,144,2016_3323_3390,0,0.6977430352394862,conference_c100
W,2016,144,2016_3376_3393,0,0.7604118069566694,conference_c100
W,2016,144,2016_3326_3397,0,0.7553521957068108,conference_c100
W,2016,144,2016_3246_3449,0,0.6906709757004941,conference_c100
W,2016,145,2016_3124_3199,1,0.7504399112947128,conference_c100
W,2016,145,2016_3163_3280,1,0.9823232792475555,conference_c100
W,2016,145,2016_3177_3333,0,0.36440746572440014,conference_c100
W,2016,145,2016_3400_3417,1,0.474236408474364,conference_c100
W,2016,146,2016_3393_3397,1,0.5718445970122306,conference_c100
W,2016,146,2016_3390_3449,0,0.7494985630050772,conference_c100
W,2016,147,2016_3163_3400,1,0.9825507628403116,conference_c100
W,2016,147,2016_3124_3333,0,0.7256125572857011,conference_c100
W,2016,153,2016_3163_3333,1,0.9698599771236447,conference_c100
W,2016,153,2016_3393_3449,1,0.6154840619532691,conference_c100
W,2016,155,2016_3163_3393,1,0.9857108955349556,conference_c100
W,2017,137,2017_3113_3277,1,0.6747864404584041,conference_c100
W,2017,137,2017_3166_3405,1,0.6489270405990979,conference_c100
W,2017,137,2017_3177_3320,1,0.8995866675886406,conference_c100
W,2017,137,2017_3199_3442,1,0.9903599756994679,conference_c100
W,2017,137,2017_3125_3246,0,0.04656241295139901,conference_c100
W,2017,137,2017_3137_3268,0,0.008052826251225387,conference_c100
W,2017,137,2017_3280_3407,1,0.9845576049469378,conference_c100
W,2017,137,2017_3281_3378,1,0.5307799623048082,conference_c100
W,2017,137,2017_3120_3301,0,0.2824868760696341,conference_c100
W,2017,137,2017_3323_3352,1,0.9984489252747979,conference_c100
W,2017,137,2017_3326_3443,1,0.8213343207602547,conference_c100
W,2017,137,2017_3253_3333,0,0.019712743539804345,conference_c100
W,2017,137,2017_3345_3453,1,0.4849279952501193,conference_c100
W,2017,137,2017_3376_3421,1,0.997806550130583,conference_c100
W,2017,137,2017_3146_3400,0,0.0237606940552591,conference_c100
W,2017,137,2017_3189_3452,0,0.22585763320839725,conference_c100
W,2017,138,2017_3124_3411,1,0.9997005300774413,conference_c100
W,2017,138,2017_3143_3261,1,0.5686865817265683,conference_c100
W,2017,138,2017_3107_3163,0,0.0006588604439654033,conference_c100
W,2017,138,2017_3181_3214,1,0.9968677587778823,conference_c100
W,2017,138,2017_3179_3243,0,0.3730728668016205,conference_c100
W,2017,138,2017_3151_3257,0,0.019409493663407995,conference_c100
W,2017,138,2017_3195_3274,0,0.10343019767428324,conference_c100
W,2017,138,2017_3211_3328,0,0.3599372341517184,conference_c100
W,2017,138,2017_3332_3396,1,0.7106008673881121,conference_c100
W,2017,138,2017_3266_3346,0,0.753856348849081,conference_c100
W,2017,138,2017_3308_3390,0,0.005122238374114962,conference_c100
W,2017,138,2017_3235_3393,0,0.21799679192629773,conference_c100
W,2017,138,2017_3173_3397,0,0.11744232719415337,conference_c100
W,2017,138,2017_3335_3401,0,0.09757757016793511,conference_c100
W,2017,138,2017_3129_3417,0,0.03584306493464395,conference_c100
W,2017,138,2017_3286_3449,0,0.005415119432763682,conference_c100
W,2017,139,2017_3199_3281,1,0.9527742809690629,conference_c100
W,2017,139,2017_3268_3452,1,0.8294471974314059,conference_c100
W,2017,139,2017_3177_3280,0,0.19166051174431736,conference_c100
W,2017,139,2017_3323_3345,1,0.9360177685607556,conference_c100
W,2017,139,2017_3246_3326,0,0.47202081808854596,conference_c100
W,2017,139,2017_3166_3333,0,0.1805390209587584,conference_c100
W,2017,139,2017_3113_3376,0,0.13713222568536104,conference_c100
W,2017,139,2017_3301_3400,0,0.37727966950732034,conference_c100
W,2017,140,2017_3124_3143,1,0.9821625143593427,conference_c100
W,2017,140,2017_3163_3393,1,0.9663961993198041,conference_c100
W,2017,140,2017_3257_3397,1,0.7254914687580829,conference_c100
W,2017,140,2017_3181_3332,0,0.7959459743405963,conference_c100
W,2017,140,2017_3274_3346,0,0.9085358021129826,conference_c100
W,2017,140,2017_3243_3390,0,0.13094751610430544,conference_c100
W,2017,140,2017_3401_3417,0,0.30700708956750233,conference_c100
W,2017,140,2017_3328_3449,0,0.052867484558652256,conference_c100
W,2017,144,2017_3124_3257,1,0.9099722567648953,conference_c100
W,2017,144,2017_3280_3449,1,0.4043975464421849,conference_c100
W,2017,144,2017_3323_3326,1,0.8477236337241414,conference_c100
W,2017,144,2017_3390_3400,1,0.6754419858543672,conference_c100
W,2017,145,2017_3163_3417,1,0.9639445067046956,conference_c100
W,2017,145,2017_3199_3333,1,0.8563791157841925,conference_c100
W,2017,145,2017_3268_3332,0,0.8399280729985755,conference_c100
W,2017,145,2017_3346_3376,0,0.01913195043161814,conference_c100
W,2017,146,2017_3124_3280,0,0.875313769768371,conference_c100
W,2017,146,2017_3323_3390,0,0.6430489812157951,conference_c100
W,2017,147,2017_3163_3332,1,0.981256780339406,conference_c100
W,2017,147,2017_3199_3376,0,0.5776616999405211,conference_c100
W,2017,151,2017_3163_3280,0,0.9150831661130501,conference_c100
W,2017,151,2017_3376_3390,1,0.6182321387495286,conference_c100
W,2017,153,2017_3280_3376,0,0.42795482993052314,conference_c100
W,2018,137,2018_3124_3212,1,0.9997701032964257,conference_c100
W,2018,137,2018_3177_3328,1,0.5395244125313193,conference_c100
W,2018,137,2018_3129_3257,0,0.012270176731263405,conference_c100
W,2018,137,2018_3173_3266,0,0.1845354502934728,conference_c100
W,2018,137,2018_3268_3343,1,0.8883286299655719,conference_c100
W,2018,137,2018_3276_3294,1,0.927240019756677,conference_c100
W,2018,137,2018_3278_3453,1,0.5754767525952172,conference_c100
W,2018,137,2018_3189_3301,0,0.22830245169947272,conference_c100
W,2018,137,2018_3169_3323,0,0.001546330399622986,conference_c100
W,2018,137,2018_3332_3370,1,0.9986200838370456,conference_c100
W,2018,137,2018_3333_3443,1,0.8946182114206862,conference_c100
W,2018,137,2018_3299_3376,0,0.004483636790087953,conference_c100
W,2018,137,2018_3251_3397,0,0.018497358953867393,conference_c100
W,2018,137,2018_3179_3401,0,0.1449631477006899,conference_c100
W,2018,137,2018_3355_3437,0,0.4497074116423696,conference_c100
W,2018,137,2018_3143_3438,0,0.41246908664226967,conference_c100
W,2018,138,2018_3113_3304,1,0.7909727373850658,conference_c100
W,2018,138,2018_3138_3378,1,0.37946700699146024,conference_c100
W,2018,138,2018_3141_3261,1,0.4849550221897649,conference_c100
W,2018,138,2018_3163_3384,1,0.999472047657167,conference_c100
W,2018,138,2018_3166_3234,1,0.31224065483071695,conference_c100
W,2018,138,2018_3125_3181,0,0.09417851547389738,conference_c100
W,2018,138,2018_3195_3281,1,0.16288121925350268,conference_c100
W,2018,138,2018_3114_3199,0,0.01694277998341609,conference_c100
W,2018,138,2018_3208_3273,1,0.819259094726251,conference_c100
W,2018,138,2018_3280_3311,1,0.9985433813020984,conference_c100
W,2018,138,2018_3203_3326,0,0.036553717766806215,conference_c100
W,2018,138,2018_3329_3393,1,0.6312527204727583,conference_c100
W,2018,138,2018_3274_3346,0,0.8825615987137003,conference_c100
W,2018,138,2018_3211_3390,0,0.19138896517983972,conference_c100
W,2018,138,2018_3263_3400,0,0.016526412729413076,conference_c100
W,2018,138,2018_3110_3417,0,0.02033694162915728,conference_c100
W,2018,139,2018_3124_3276,1,0.937997971487857,conference_c100
W,2018,139,2018_3257_3266,1,0.8779991118057731,conference_c100
W,2018,139,2018_3268_3301,0,0.7095481551913363,conference_c100
W,2018,139,2018_3323_3437,1,0.9573401581800913,conference_c100
W,2018,139,2018_3278_3332,0,0.13408971540648779,conference_c100
W,2018,139,2018_3333_3397,1,0.45573837707062026,conference_c100
W,2018,139,2018_3376_3438,1,0.8234406002449144,conference_c100
W,2018,139,2018_3177_3401,0,0.5305712974602641,conference_c100
W,2018,140,2018_3138_3199,1,0.12530763915294613,conference_c100
W,2018,140,2018_3141_3326,1,0.12983130074839172,conference_c100
W,2018,140,2018_3163_3346,1,0.9982174751125411,conference_c100
W,2018,140,2018_3181_3208,1,0.7076574466769413,conference_c100
W,2018,140,2018_3280_3329,1,0.9285299596081487,conference_c100
W,2018,140,2018_3195_3390,0,0.0834385813049805,conference_c100
W,2018,140,2018_3113_3400,0,0.32753006770074256,conference_c100
W,2018,140,2018_3166_3417,0,0.13583350832346291,conference_c100
W,2018,144,2018_3257_3390,1,0.8388243123848538,conference_c100
W,2018,144,2018_3280_3301,1,0.9190273170467,conference_c100
W,2018,144,2018_3124_3333,0,0.920738474316981,conference_c100
W,2018,144,2018_3400_3417,0,0.5341535515583431,conference_c100
W,2018,145,2018_3163_3181,1,0.9720716864617668,conference_c100
W,2018,145,2018_3323_3401,1,0.9123041431499087,conference_c100
W,2018,145,2018_3141_3332,0,0.07046558711992312,conference_c100
W,2018,145,2018_3138_3376,0,0.1679070568816846,conference_c100
W,2018,146,2018_3257_3333,1,0.8049653965268373,conference_c100
W,2018,146,2018_3280_3417,1,0.813829061668581,conference_c100
W,2018,147,2018_3163_3376,1,0.9546680981359658,conference_c100
W,2018,147,2018_3323_3332,1,0.6850713029482892,conference_c100
W,2018,151,2018_3257_3280,0,0.3668278928637276,conference_c100
W,2018,151,2018_3163_3323,0,0.8261014852049643,conference_c100
W,2018,153,2018_3280_3323,0,0.5116126198186013,conference_c100
W,2019,137,2019_3113_3416,1,0.8375979381903152,conference_c100
W,2019,137,2019_3138_3353,1,0.48678699355647026,conference_c100
W,2019,137,2019_3155_3377,1,0.7029548825043143,conference_c100
W,2019,137,2019_3163_3406,1,0.9934242966751308,conference_c100
W,2019,137,2019_3137_3199,0,0.21605433128729057,conference_c100
W,2019,137,2019_3231_3400,1,0.35141537155456665,conference_c100
W,2019,137,2019_3234_3273,1,0.9916075977918265,conference_c100
W,2019,137,2019_3257_3352,1,0.9976771668438601,conference_c100
W,2019,137,2019_3266_3349,1,0.9750985198827101,conference_c100
W,2019,137,2019_3195_3274,0,0.07525894388156146,conference_c100
W,2019,137,2019_3243_3276,0,0.29900125377690057,conference_c100
W,2019,137,2019_3280_3380,1,0.9992742244375149,conference_c100
W,2019,137,2019_3179_3281,0,0.3225639884186794,conference_c100
W,2019,137,2019_3332_3340,1,0.9877627539409465,conference_c100
W,2019,137,2019_3125_3376,0,0.1679895290538248,conference_c100
W,2019,137,2019_3401_3460,1,0.8858147641632267,conference_c100
W,2019,138,2019_3101_3124,0,0.0036156716240072218,conference_c100
W,2019,138,2019_3120_3140,0,0.7627961120307302,conference_c100
W,2019,138,2019_3143_3314,1,0.3598315551875761,conference_c100
W,2019,138,2019_3114_3211,0,0.13848175994788037,conference_c100
W,2019,138,2019_3235_3308,1,0.9966496144630739,conference_c100
W,2019,138,2019_3246_3343,1,0.9005253524720773,conference_c100
W,2019,138,2019_3268_3347,1,0.9696199951534621,conference_c100
W,2019,138,2019_3141_3277,0,0.5192107747247384,conference_c100
W,2019,138,2019_3177_3283,0,0.8655512668745512,conference_c100
W,2019,138,2019_3263_3301,0,0.05138538987106084,conference_c100
W,2019,138,2019_3126_3323,0,8.852675385467856e-05,conference_c100
W,2019,138,2019_3129_3333,0,0.05765447359171011,conference_c100
W,2019,138,2019_3346_3355,0,0.24193411067207377,conference_c100
W,2019,138,2019_3390_3413,1,0.9619155517383882,conference_c100
W,2019,138,2019_3200_3393,0,0.03449603303656534,conference_c100
W,2019,138,2019_3397_3417,0,0.40759307450853394,conference_c100
W,2019,139,2019_3113_3274,1,0.48899450263430144,conference_c100
W,2019,139,2019_3138_3163,0,0.09022881557778578,conference_c100
W,2019,139,2019_3234_3281,1,0.7514235513904495,conference_c100
W,2019,139,2019_3257_3276,1,0.8904091106866635,conference_c100
W,2019,139,2019_3155_3280,0,0.034816336335496356,conference_c100
W,2019,139,2019_3231_3332,0,0.040904721741740924,conference_c100
W,2019,139,2019_3199_3376,0,0.3900654673894427,conference_c100
W,2019,139,2019_3266_3401,0,0.920218659280697,conference_c100
W,2019,140,2019_3124_3143,1,0.9663247190049323,conference_c100
W,2019,140,2019_3235_3283,0,0.9571022919295205,conference_c100
W,2019,140,2019_3246_3301,0,0.4174898028270092,conference_c100
W,2019,140,2019_3277_3323,0,0.02228668457409172,conference_c100
W,2019,140,2019_3211_3333,0,0.24765066254590834,conference_c100
W,2019,140,2019_3355_3393,1,0.16999555481471534,conference_c100
W,2019,140,2019_3140_3390,0,0.03551842739167643,conference_c100
W,2019,140,2019_3268_3417,0,0.6135281496997709,conference_c100
W,2019,144,2019_3163_3417,1,0.8712661641743176,conference_c100
W,2019,144,2019_3257_3333,1,0.7592707520469483,conference_c100
W,2019,144,2019_3113_3280,0,0.10598455760391806,conference_c100
W,2019,144,2019_3332_3355,1,0.9666057866555555,conference_c100
W,2019,145,2019_3124_3376,1,0.9294838661278593,conference_c100
W,2019,145,2019_3234_3301,1,0.6071475683231496,conference_c100
W,2019,145,2019_3323_3401,1,0.9846865302627967,conference_c100
W,2019,145,2019_3283_3390,0,0.03682309376914966,conference_c100
W,2019,146,2019_3163_3257,1,0.472095712585508,conference_c100
W,2019,146,2019_3280_3332,0,0.48292184958246537,conference_c100
W,2019,147,2019_3124_3234,1,0.8664711156070108,conference_c100
W,2019,147,2019_3323_3390,1,0.91575112674581,conference_c100
W,2019,151,2019_3124_3332,1,0.5638417002694908,conference_c100
W,2019,151,2019_3163_3323,0,0.13406919660058159,conference_c100
W,2019,153,2019_3124_3323,1,0.2778887908983531,conference_c100
W,2021,139,2021_3124_3238,1,0.9659517439300302,conference_c100
W,2021,139,2021_3163_3219,1,0.993374876825031,conference_c100
W,2021,139,2021_3210_3372,1,0.7548905358685921,conference_c100
W,2021,139,2021_3141_3234,0,0.1645730164912273,conference_c100
W,2021,139,2021_3226_3246,0,0.13784511935976912,conference_c100
W,2021,139,2021_3195_3276,0,0.1574695966885869,conference_c100
W,2021,139,2021_3299_3301,0,0.019723811988641704,conference_c100
W,2021,139,2021_3329_3448,1,0.29088003540244006,conference_c100
W,2021,139,2021_3199_3333,0,0.46677570791345074,conference_c100
W,2021,139,2021_3273_3376,0,0.004882219522816145,conference_c100
W,2021,139,2021_3378_3450,1,0.3951963090989769,conference_c100
W,2021,139,2021_3390_3430,1,0.9985610471999279,conference_c100
W,2021,139,2021_3355_3393,0,0.06850595098116652,conference_c100
W,2021,139,2021_3292_3397,0,0.138629715767354,conference_c100
W,2021,139,2021_3266_3439,0,0.18694403034873947,conference_c100
W,2021,139,2021_3250_3452,0,0.8199713271039832,conference_c100
W,2021,140,2021_3104_3314,1,0.2254962787188064,conference_c100
W,2021,140,2021_3112_3392,1,0.8680460172821838,conference_c100
W,2021,140,2021_3125_3211,1,0.3040482191338758,conference_c100
W,2021,140,2021_3140_3353,1,0.1112752975595086,conference_c100
W,2021,140,2021_3180_3208,0,0.09973799482440565,conference_c100
W,2021,140,2021_3231_3433,1,0.9367553271451236,conference_c100
W,2021,140,2021_3235_3277,1,0.39214320672247993,conference_c100
W,2021,140,2021_3257_3265,1,0.9373683692165827,conference_c100
W,2021,140,2021_3268_3291,1,0.9037077141167422,conference_c100
W,2021,140,2021_3283_3413,1,0.5831059654726729,conference_c100
W,2021,140,2021_3321_3416,1,0.6539955128785186,conference_c100
W,2021,140,2021_3332_3377,1,0.9606150764348524,conference_c100
W,2021,140,2021_3133_3400,0,0.21952416755576154,conference_c100
W,2021,140,2021_3401_3407,1,0.8909267342713565,conference_c100
W,2021,140,2021_3417_3461,1,0.9435377999013004,conference_c100
W,2021,140,2021_3116_3460,0,0.794499358808727,conference_c100
W,2021,141,2021_3124_3439,1,0.5918285368947922,conference_c100
W,2021,141,2021_3163_3393,1,0.9069451935341517,conference_c100
W,2021,141,2021_3210_3452,1,0.7753801606667808,conference_c100
W,2021,141,2021_3234_3246,1,0.5791841482084621,conference_c100
W,2021,141,2021_3276_3397,1,0.47610719379375976,conference_c100
W,2021,141,2021_3301_3378,1,0.8833834946836987,conference_c100
W,2021,141,2021_3333_3376,0,0.16980126468972917,conference_c100
W,2021,141,2021_3329_3390,0,0.027359798889971643,conference_c100
W,2021,142,2021_3112_3140,1,0.878677634830403,conference_c100
W,2021,142,2021_3125_3231,0,0.10520549210710683,conference_c100
W,2021,142,2021_3257_3321,1,0.8462517188943179,conference_c100
W,2021,142,2021_3104_3268,0,0.07834003283416796,conference_c100
W,2021,142,2021_3283_3460,1,0.5730369483115347,conference_c100
W,2021,142,2021_3208_3332,0,0.3014588143139989,conference_c100
W,2021,142,2021_3400_3417,1,0.14025460357862723,conference_c100
W,2021,142,2021_3235_3401,0,0.3225895070909919,conference_c100
W,2021,145,2021_3112_3401,1,0.6059195958024824,conference_c100
W,2021,145,2021_3124_3276,1,0.7496947891063175,conference_c100
W,2021,145,2021_3163_3234,1,0.8892451566350219,conference_c100
W,2021,145,2021_3231_3301,1,0.3737490401195657,conference_c100
W,2021,146,2021_3257_3332,1,0.6073480669096005,conference_c100
W,2021,146,2021_3210_3376,0,0.21519524086603942,conference_c100
W,2021,146,2021_3283_3390,0,0.022828983107380074,conference_c100
W,2021,146,2021_3268_3400,0,0.9273297524121555,conference_c100
W,2021,147,2021_3112_3231,1,0.4070031804043226,conference_c100
W,2021,147,2021_3124_3163,0,0.24874903020158007,conference_c100
W,2021,148,2021_3376_3400,1,0.905859048715972,conference_c100
W,2021,148,2021_3257_3390,0,0.23079142711869438,conference_c100
W,2021,151,2021_3112_3163,1,0.13987039388687994,conference_c100
W,2021,151,2021_3376_3390,0,0.23050292251599602,conference_c100
W,2021,153,2021_3112_3390,0,0.09665351064677474,conference_c100
W,2014,138,2014_3113_3435,1,0.3306091930514025,conference_c300
W,2014,138,2014_3124_3443,1,0.9946620640668082,conference_c300
W,2014,138,2014_3140_3301,1,0.04132145013699717,conference_c300
W,2014,138,2014_3143_3200,1,0.5516960861310607,conference_c300
W,2014,138,2014_3177_3328,1,0.12901167075975456,conference_c300
W,2014,138,2014_3181_3457,1,0.9984884987351837,conference_c300
W,2014,138,2014_3199_3235,1,0.4649940343098656,conference_c300
W,2014,138,2014_3246_3460,1,0.9899813052414952,conference_c300
W,2014,138,2014_3201_3304,0,0.025412091026328743,conference_c300
W,2014,138,2014_3323_3352,1,0.9988233302555098,conference_c300
W,2014,138,2014_3195_3329,0,0.04260214207129537,conference_c300
W,2014,138,2014_3103_3345,0,0.04527342626511732,conference_c300
W,2014,138,2014_3385_3425,1,0.1957731706257671,conference_c300
W,2014,138,2014_3377_3390,0,0.013080857470258112,conference_c300
W,2014,138,2014_3151_3393,0,0.007916267718385273,conference_c300
W,2014,138,2014_3322_3397,0,0.0016958139576801479,conference_c300
W,2014,139,2014_3163_3341,1,0.9983578071242195,conference_c300
W,2014,139,2014_3173_3196,0,0.07266739798760852,conference_c300
W,2014,139,2014_3234_3265,1,0.9338963809183936,conference_c300
W,2014,139,2014_3211_3241,0,0.6700405495688275,conference_c300
W,2014,139,2014_3225_3257,0,0.020217986207568317,conference_c300
W,2014,139,2014_3210_3261,0,0.6705801432341139,conference_c300
W,2014,139,2014_3119_3268,0,0.0032354687726269815,conference_c300
W,2014,139,2014_3214_3277,0,0.059129306070213605,conference_c300
W,2014,139,2014_3314_3404,1,0.991221361758222,conference_c300
W,2014,139,2014_3292_3333,0,0.43883438210680753,conference_c300
W,2014,139,2014_3336_3455,1,0.9732490118971605,conference_c300
W,2014,139,2014_3169_3376,0,0.0044530207500260155,conference_c300
W,2014,139,2014_3208_3386,0,0.9463075161587234,conference_c300
W,2014,139,2014_3335_3400,0,0.04466966174817727,conference_c300
W,2014,139,2014_3315_3401,0,0.01772332810235694,conference_c300
W,2014,139,2014_3107_3452,0,0.027649467657719307,conference_c300
W,2014,140,2014_3124_3143,1,0.9647173140048327,conference_c300
W,2014,140,2014_3140_3304,1,0.07988292668102276,conference_c300
W,2014,140,2014_3177_3181,1,0.024681611637524525,conference_c300
W,2014,140,2014_3246_3393,1,0.6102197882196383,conference_c300
W,2014,140,2014_3113_3323,0,0.07741558780037572,conference_c300
W,2014,140,2014_3329_3345,1,0.5705646349480188,conference_c300
W,2014,140,2014_3199_3390,0,0.5188769901680217,conference_c300
W,2014,140,2014_3385_3397,0,0.017145809464392425,conference_c300
W,2014,141,2014_3163_3386,1,0.9820376004905769,conference_c300
W,2014,141,2014_3234_3257,0,0.4657283636331329,conference_c300
W,2014,141,2014_3261_3452,1,0.3261877060929926,conference_c300
W,2014,141,2014_3268_3400,1,0.913704571715066,conference_c300
W,2014,141,2014_3277_3314,0,0.15340342181302996,conference_c300
W,2014,141,2014_3196_3336,0,0.4442244392654456,conference_c300
W,2014,141,2014_3333_3376,0,0.05011018002903672,conference_c300
W,2014,141,2014_3241_3401,0,0.1592357488928482,conference_c300
W,2014,145,2014_3124_3246,1,0.43001397222321225,conference_c300
W,2014,145,2014_3140_3163,0,0.01306172683063117,conference_c300
W,2014,145,2014_3323_3329,1,0.7973692836494234,conference_c300
W,2014,145,2014_3177_3401,0,0.09153730292458173,conference_c300
W,2014,146,2014_3257_3261,1,0.6448173741987171,conference_c300
W,2014,146,2014_3268_3397,1,0.6892058394571416,conference_c300
W,2014,146,2014_3314_3376,1,0.6299917046405086,conference_c300
W,2014,146,2014_3336_3390,0,0.5483221969798332,conference_c300
W,2014,147,2014_3163_3401,1,0.7285311947029905,conference_c300
W,2014,147,2014_3124_3323,0,0.43224499601823557,conference_c300
W,2014,148,2014_3257_3268,0,0.1105225845117418,conference_c300
W,2014,148,2014_3314_3390,0,0.8593246381648129,conference_c300
W,2014,153,2014_3163_3390,1,0.8167732469956958,conference_c300
W,2014,153,2014_3268_3323,0,0.6345856036554691,conference_c300
W,2014,155,2014_3163_3323,1,0.47916140137116237,conference_c300
W,2015,137,2015_3116_3321,1,0.3761354051613033,conference_c300
W,2015,137,2015_3124_3322,1,0.99802496899333,conference_c300
W,2015,137,2015_3143_3455,1,0.7818616340361717,conference_c300
W,2015,137,2015_3173_3235,1,0.5341724905173504,conference_c300
W,2015,137,2015_3177_3278,1,0.6819228013734278,conference_c300
W,2015,137,2015_3107_3181,0,0.0842400568022581,conference_c300
W,2015,137,2015_3203_3211,0,0.704389029584205,conference_c300
W,2015,137,2015_3110_3234,0,0.07022687109360204,conference_c300
W,2015,137,2015_3246_3398,1,0.9866458523078747,conference_c300
W,2015,137,2015_3274_3449,1,0.4513919295977888,conference_c300
W,2015,137,2015_3280_3408,1,0.9030562247937639,conference_c300
W,2015,137,2015_3285_3323,0,0.008269965517445632,conference_c300
W,2015,137,2015_3333_3355,1,0.9435428016888192,conference_c300
W,2015,137,2015_3366_3376,0,0.0013025832183275465,conference_c300
W,2015,137,2015_3304_3393,0,0.3741001831266301,conference_c300
W,2015,137,2015_3400_3443,1,0.774551352525084,conference_c300
W,2015,138,2015_3113_3325,1,0.8732579234918192,conference_c300
W,2015,138,2015_3114_3401,1,0.23514065326716843,conference_c300
W,2015,138,2015_3163_3383,1,0.9997997799730154,conference_c300
W,2015,138,2015_3195_3329,1,0.46019675479511046,conference_c300
W,2015,138,2015_3106_3199,0,0.00154536034182845,conference_c300
W,2015,138,2015_3140_3257,0,0.03850697453255214,conference_c300
W,2015,138,2015_3268_3308,1,0.9948257066219511,conference_c300
W,2015,138,2015_3251_3314,0,0.02119566696983749,conference_c300
W,2015,138,2015_3241_3326,0,0.2950325670373033,conference_c300
W,2015,138,2015_3328_3346,1,0.7829349720744004,conference_c300
W,2015,138,2015_3151_3338,0,0.2150866251682375,conference_c300
W,2015,138,2015_3343_3453,1,0.8217924170774156,conference_c300
W,2015,138,2015_3353_3371,1,0.7408013182673652,conference_c300
W,2015,138,2015_3261_3378,0,0.4010905212476521,conference_c300
W,2015,138,2015_3169_3390,0,0.10086916885239944,conference_c300
W,2015,138,2015_3129_3397,0,0.020887343792616253,conference_c300
W,2015,139,2015_3116_3124,0,0.10579277728263908,conference_c300
W,2015,139,2015_3173_3246,1,0.4134279165005687,conference_c300
W,2015,139,2015_3181_3280,1,0.547716273251434,conference_c300
W,2015,139,2015_3211_3333,1,0.12980883678156285,conference_c300
W,2015,139,2015_3234_3274,1,0.49111505166235186,conference_c300
W,2015,139,2015_3177_3323,0,0.08444896226515747,conference_c300
W,2015,139,2015_3376_3393,1,0.8770814490813919,conference_c300
W,2015,139,2015_3143_3400,0,0.4399924954620968,conference_c300
W,2015,140,2015_3113_3114,1,0.825527219855976,conference_c300
W,2015,140,2015_3163_3353,1,0.9854959769986427,conference_c300
W,2015,140,2015_3195_3199,0,0.11111981659029468,conference_c300
W,2015,140,2015_3257_3378,1,0.8261102616081009,conference_c300
W,2015,140,2015_3268_3343,1,0.7268930088596552,conference_c300
W,2015,140,2015_3314_3326,1,0.6241519551770103,conference_c300
W,2015,140,2015_3328_3390,0,0.38393328259812876,conference_c300
W,2015,140,2015_3338_3397,0,0.18261263548539008,conference_c300
W,2015,144,2015_3124_3234,1,0.8629929532483103,conference_c300
W,2015,144,2015_3113_3199,0,0.2251434084087225,conference_c300
W,2015,144,2015_3323_3390,1,0.8916153409146712,conference_c300
W,2015,144,2015_3314_3376,0,0.18174204488880608,conference_c300
W,2015,145,2015_3163_3400,1,0.9832265063370628,conference_c300
W,2015,145,2015_3173_3257,1,0.1680803519166209,conference_c300
W,2015,145,2015_3181_3268,0,0.3490680086299629,conference_c300
W,2015,145,2015_3211_3397,0,0.07601328589332867,conference_c300
W,2015,146,2015_3124_3323,0,0.3269673950322338,conference_c300
W,2015,146,2015_3199_3376,0,0.3687278332266906,conference_c300
W,2015,147,2015_3163_3173,1,0.9905489301558906,conference_c300
W,2015,147,2015_3268_3397,1,0.5510221977433052,conference_c300
W,2015,153,2015_3163_3268,1,0.9369811115434246,conference_c300
W,2015,153,2015_3323_3376,1,0.5569340193142533,conference_c300
W,2015,155,2015_3163_3323,1,0.8625739591203718,conference_c300
W,2016,137,2016_3107_3196,1,0.2889158027172863,conference_c300
W,2016,137,2016_3113_3308,1,0.9877013938779523,conference_c300
W,2016,137,2016_3120_3385,1,0.4665823501431267,conference_c300
W,2016,137,2016_3124_3225,1,0.9912956264328558,conference_c300
W,2016,137,2016_3177_3241,1,0.8864315448982912,conference_c300
W,2016,137,2016_3203_3243,0,0.3994586718748013,conference_c300
W,2016,137,2016_3146_3257,0,0.011689819976071048,conference_c300
W,2016,137,2016_3125_3277,0,0.02127695148426645,conference_c300
W,2016,137,2016_3151_3280,0,0.01947522008650926,conference_c300
W,2016,137,2016_3138_3326,0,0.01222536916831718,conference_c300
W,2016,137,2016_3333_3407,1,0.9911509228536239,conference_c300
W,2016,137,2016_3239_3376,0,0.007663243299601941,conference_c300
W,2016,137,2016_3329_3382,0,0.7425387697789534,conference_c300
W,2016,137,2016_3119_3393,0,0.07626767311433785,conference_c300
W,2016,137,2016_3397_3453,1,0.7001655643828625,conference_c300
W,2016,137,2016_3343_3452,0,0.22169162080258303,conference_c300
W,2016,138,2016_3163_3352,1,0.9999669483739806,conference_c300
W,2016,138,2016_3182_3371,1,0.47094208158722384,conference_c300
W,2016,138,2016_3199_3292,1,0.9426864004012747,conference_c300
W,2016,138,2016_3208_3231,0,0.617113274306162,conference_c300
W,2016,138,2016_3246_3421,1,0.9923692545145222,conference_c300
W,2016,138,2016_3233_3268,0,0.002469256753721616,conference_c300
W,2016,138,2016_3140_3281,0,0.3062680744362513,conference_c300
W,2016,138,2016_3299_3323,0,0.0011564258862726273,conference_c300
W,2016,138,2016_3328_3345,1,0.531360296774392,conference_c300
W,2016,138,2016_3274_3355,0,0.9249732908332252,conference_c300
W,2016,138,2016_3161_3378,0,0.11090537539030637,conference_c300
W,2016,138,2016_3362_3390,0,0.033467590576720496,conference_c300
W,2016,138,2016_3106_3400,0,0.005226517769322148,conference_c300
W,2016,138,2016_3283_3401,0,0.044162222939869544,conference_c300
W,2016,138,2016_3218_3417,0,0.017250553723292372,conference_c300
W,2016,138,2016_3335_3449,0,0.06612813720067262,conference_c300
W,2016,139,2016_3120_3124,0,0.022605535488368467,conference_c300
W,2016,139,2016_3177_3257,1,0.5615738204919314,conference_c300
W,2016,139,2016_3277_3280,0,0.53760201338428,conference_c300
W,2016,139,2016_3326_3452,1,0.7567728957116511,conference_c300
W,2016,139,2016_3333_3382,1,0.9650226429029486,conference_c300
W,2016,139,2016_3243_3376,0,0.06855863866079842,conference_c300
W,2016,139,2016_3107_3393,0,0.1304232884099819,conference_c300
W,2016,139,2016_3113_3397,0,0.5467645966663455,conference_c300
W,2016,140,2016_3163_3182,1,0.9982967881546516,conference_c300
W,2016,140,2016_3199_3401,1,0.7382806726842157,conference_c300
W,2016,140,2016_3246_3328,1,0.7279553666467051,conference_c300
W,2016,140,2016_3231_3323,0,0.057050591493815084,conference_c300
W,2016,140,2016_3355_3390,0,0.0189312781277039,conference_c300
W,2016,140,2016_3281_3400,0,0.2386246970033073,conference_c300
W,2016,140,2016_3378_3417,0,0.2421509564428288,conference_c300
W,2016,140,2016_3268_3449,0,0.9255153429481262,conference_c300
W,2016,144,2016_3323_3390,0,0.668447278084742,conference_c300
W,2016,144,2016_3376_3393,0,0.7304528071412438,conference_c300
W,2016,144,2016_3326_3397,0,0.755334953423582,conference_c300
W,2016,144,2016_3246_3449,0,0.625359188804748,conference_c300
W,2016,145,2016_3124_3199,1,0.7655672828326276,conference_c300
W,2016,145,2016_3163_3280,1,0.988178375982206,conference_c300
W,2016,145,2016_3177_3333,0,0.3564425140427901,conference_c300
W,2016,145,2016_3400_3417,1,0.42905176020728314,conference_c300
W,2016,146,2016_3393_3397,1,0.5780567653466757,conference_c300
W,2016,146,2016_3390_3449,0,0.7570207712771604,conference_c300
W,2016,147,2016_3163_3400,1,0.987048739247408,conference_c300
W,2016,147,2016_3124_3333,0,0.7301246978668093,conference_c300
W,2016,153,2016_3163_3333,1,0.9741199152029782,conference_c300
W,2016,153,2016_3393_3449,1,0.5784189057194249,conference_c300
W,2016,155,2016_3163_3393,1,0.9892366988596664,conference_c300
W,2017,137,2017_3113_3277,1,0.7139859671568047,conference_c300
W,2017,137,2017_3166_3405,1,0.6342250797358182,conference_c300
W,2017,137,2017_3177_3320,1,0.9115577896498444,conference_c300
W,2017,137,2017_3199_3442,1,0.9936889335731914,conference_c300
W,2017,137,2017_3125_3246,0,0.04630017487893273,conference_c300
W,2017,137,2017_3137_3268,0,0.005147082191214958,conference_c300
W,2017,137,2017_3280_3407,1,0.9837067108599702,conference_c300
W,2017,137,2017_3281_3378,1,0.4276617689303533,conference_c300
W,2017,137,2017_3120_3301,0,0.27633092059187875,conference_c300
W,2017,137,2017_3323_3352,1,0.9991118983251468,conference_c300
W,2017,137,2017_3326_3443,1,0.7878691533816276,conference_c300
W,2017,137,2017_3253_3333,0,0.019489984976095887,conference_c300
W,2017,137,2017_3345_3453,1,0.4247080257025876,conference_c300
W,2017,137,2017_3376_3421,1,0.9980011934577435,conference_c300
W,2017,137,2017_3146_3400,0,0.02521687086175728,conference_c300
W,2017,137,2017_3189_3452,0,0.29047651914362693,conference_c300
W,2017,138,2017_3124_3411,1,0.9997914407418657,conference_c300
W,2017,138,2017_3143_3261,1,0.6225656454384016,conference_c300
W,2017,138,2017_3107_3163,0,0.0003214529699682722,conference_c300
W,2017,138,2017_3181_3214,1,0.9980853516186317,conference_c300
W,2017,138,2017_3179_3243,0,0.5112379924626885,conference_c300
W,2017,138,2017_3151_3257,0,0.014470213190087566,conference_c300
W,2017,138,2017_3195_3274,0,0.11281457977788767,conference_c300
W,2017,138,2017_3211_3328,0,0.38575677519985563,conference_c300
W,2017,138,2017_3332_3396,1,0.7349941495975794,conference_c300
W,2017,138,2017_3266_3346,0,0.7814827151921464,conference_c300
W,2017,138,2017_3308_3390,0,0.003285517754974321,conference_c300
W,2017,138,2017_3235_3393,0,0.14944542233185315,conference_c300
W,2017,138,2017_3173_3397,0,0.12889152871938664,conference_c300
W,2017,138,2017_3335_3401,0,0.1003225325946428,conference_c300
W,2017,138,2017_3129_3417,0,0.03348328075519752,conference_c300
W,2017,138,2017_3286_3449,0,0.0033556261021994715,conference_c300
W,2017,139,2017_3199_3281,1,0.9701682340110995,conference_c300
W,2017,139,2017_3268_3452,1,0.8609242382037352,conference_c300
W,2017,139,2017_3177_3280,0,0.24140376378602513,conference_c300
W,2017,139,2017_3323_3345,1,0.9515371663610446,conference_c300
W,2017,139,2017_3246_3326,0,0.4529108977919378,conference_c300
W,2017,139,2017_3166_3333,0,0.21036440148034968,conference_c300
W,2017,139,2017_3113_3376,0,0.1541586051331314,conference_c300
W,2017,139,2017_3301_3400,0,0.4488761755230919,conference_c300
W,2017,140,2017_3124_3143,1,0.9839233672368102,conference_c300
W,2017,140,2017_3163_3393,1,0.9785828145102938,conference_c300
W,2017,140,2017_3257_3397,1,0.7814738397138481,conference_c300
W,2017,140,2017_3181_3332,0,0.7920997809662202,conference_c300
W,2017,140,2017_3274_3346,0,0.9232152074188058,conference_c300
W,2017,140,2017_3243_3390,0,0.09194515386951241,conference_c300
W,2017,140,2017_3401_3417,0,0.25761309454060277,conference_c300
W,2017,140,2017_3328_3449,0,0.031463084541098585,conference_c300
W,2017,144,2017_3124_3257,1,0.9058188075505373,conference_c300
W,2017,144,2017_3280_3449,1,0.3710933361542703,conference_c300
W,2017,144,2017_3323_3326,1,0.8845870888862164,conference_c300
W,2017,144,2017_3390_3400,1,0.750684764878764,conference_c300
W,2017,145,2017_3163_3417,1,0.9792493155952134,conference_c300
W,2017,145,2017_3199_3333,1,0.8943811521937834,conference_c300
W,2017,145,2017_3268_3332,0,0.8183691557314172,conference_c300
W,2017,145,2017_3346_3376,0,0.017410740414008807,conference_c300
W,2017,146,2017_3124_3280,0,0.8884685571462994,conference_c300
W,2017,146,2017_3323_3390,0,0.6687042364810707,conference_c300
W,2017,147,2017_3163_3332,1,0.9884927933534695,conference_c300
W,2017,147,2017_3199_3376,0,0.6341923053294658,conference_c300
W,2017,151,2017_3163_3280,0,0.9530394971531848,conference_c300
W,2017,151,2017_3376_3390,1,0.5975616790008267,conference_c300
W,2017,153,2017_3280_3376,0,0.43360670266194745,conference_c300
W,2018,137,2018_3124_3212,1,0.9998297959104266,conference_c300
W,2018,137,2018_3177_3328,1,0.5228488024557005,conference_c300
W,2018,137,2018_3129_3257,0,0.01048515014924839,conference_c300
W,2018,137,2018_3173_3266,0,0.1614555522646947,conference_c300
W,2018,137,2018_3268_3343,1,0.8967817878855496,conference_c300
W,2018,137,2018_3276_3294,1,0.9361726410339262,conference_c300
W,2018,137,2018_3278_3453,1,0.5855903282822845,conference_c300
W,2018,137,2018_3189_3301,0,0.2533163233885303,conference_c300
W,2018,137,2018_3169_3323,0,0.0010853850464747072,conference_c300
W,2018,137,2018_3332_3370,1,0.9989113662907614,conference_c300
W,2018,137,2018_3333_3443,1,0.8827261197407548,conference_c300
W,2018,137,2018_3299_3376,0,0.003741730211322125,conference_c300
W,2018,137,2018_3251_3397,0,0.019174321699635788,conference_c300
W,2018,137,2018_3179_3401,0,0.1425605021686478,conference_c300
W,2018,137,2018_3355_3437,0,0.4511769809054686,conference_c300
W,2018,137,2018_3143_3438,0,0.37860236291178956,conference_c300
W,2018,138,2018_3113_3304,1,0.7994830945259294,conference_c300
W,2018,138,2018_3138_3378,1,0.4203133403187787,conference_c300
W,2018,138,2018_3141_3261,1,0.5361252517243322,conference_c300
W,2018,138,2018_3163_3384,1,0.9996204453481652,conference_c300
W,2018,138,2018_3166_3234,1,0.3344736870785905,conference_c300
W,2018,138,2018_3125_3181,0,0.08723697852004553,conference_c300
W,2018,138,2018_3195_3281,1,0.17795672696885362,conference_c300
W,2018,138,2018_3114_3199,0,0.014664237225319843,conference_c300
W,2018,138,2018_3208_3273,1,0.8069010424261485,conference_c300
W,2018,138,2018_3280_3311,1,0.9988820359591754,conference_c300
W,2018,138,2018_3203_3326,0,0.03416189730662467,conference_c300
W,2018,138,2018_3329_3393,1,0.6090971599905148,conference_c300
W,2018,138,2018_3274_3346,0,0.8964621802023649,conference_c300
W,2018,138,2018_3211_3390,0,0.19442018000021477,conference_c300
W,2018,138,2018_3263_3400,0,0.01851100148323659,conference_c300
W,2018,138,2018_3110_3417,0,0.019891734438453434,conference_c300
W,2018,139,2018_3124_3276,1,0.9378123572813862,conference_c300
W,2018,139,2018_3257_3266,1,0.8871245095243091,conference_c300
W,2018,139,2018_3268_3301,0,0.7356260755298565,conference_c300
W,2018,139,2018_3323_3437,1,0.9644289677544821,conference_c300
W,2018,139,2018_3278_3332,0,0.13325247751164238,conference_c300
W,2018,139,2018_3333_3397,1,0.4392452242633129,conference_c300
W,2018,139,2018_3376_3438,1,0.8137971556715946,conference_c300
W,2018,139,2018_3177_3401,0,0.5368855237029466,conference_c300
W,2018,140,2018_3138_3199,1,0.12978832191014056,conference_c300
W,2018,140,2018_3141_3326,1,0.13617533863480608,conference_c300
W,2018,140,2018_3163_3346,1,0.9988606492089416,conference_c300
W,2018,140,2018_3181_3208,1,0.7299870476006496,conference_c300
W,2018,140,2018_3280_3329,1,0.9423056391628887,conference_c300
W,2018,140,2018_3195_3390,0,0.0844561061467618,conference_c300
W,2018,140,2018_3113_3400,0,0.35462150137198784,conference_c300
W,2018,140,2018_3166_3417,0,0.14421060360564514,conference_c300
W,2018,144,2018_3257_3390,1,0.8592920079597535,conference_c300
W,2018,144,2018_3280_3301,1,0.9280860174737113,conference_c300
W,2018,144,2018_3124_3333,0,0.9265212193526282,conference_c300
W,2018,144,2018_3400_3417,0,0.5134098758903067,conference_c300
W,2018,145,2018_3163_3181,1,0.9790931156330211,conference_c300
W,2018,145,2018_3323_3401,1,0.9303846843702259,conference_c300
W,2018,145,2018_3141_3332,0,0.07676240865507256,conference_c300
W,2018,145,2018_3138_3376,0,0.18966264878887001,conference_c300
W,2018,146,2018_3257_3333,1,0.8383355099310754,conference_c300
W,2018,146,2018_3280_3417,1,0.8307011617285713,conference_c300
W,2018,147,2018_3163_3376,1,0.9650657670091496,conference_c300
W,2018,147,2018_3323_3332,1,0.7197329686586467,conference_c300
W,2018,151,2018_3257_3280,0,0.38095301167507983,conference_c300
W,2018,151,2018_3163_3323,0,0.8382937769757648,conference_c300
W,2018,153,2018_3280_3323,0,0.4845968814757201,conference_c300
W,2019,137,2019_3113_3416,1,0.8382918347658448,conference_c300
W,2019,137,2019_3138_3353,1,0.5303180015298974,conference_c300
W,2019,137,2019_3155_3377,1,0.7606382096827773,conference_c300
W,2019,137,2019_3163_3406,1,0.9939626906281136,conference_c300
W,2019,137,2019_3137_3199,0,0.20390197156350898,conference_c300
W,2019,137,2019_3231_3400,1,0.40230065877637133,conference_c300
W,2019,137,2019_3234_3273,1,0.9944366920077627,conference_c300
W,2019,137,2019_3257_3352,1,0.9984841832680138,conference_c300
W,2019,137,2019_3266_3349,1,0.978200242520836,conference_c300
W,2019,137,2019_3195_3274,0,0.05729149563681596,conference_c300
W,2019,137,2019_3243_3276,0,0.253075618080107,conference_c300
W,2019,137,2019_3280_3380,1,0.9993414125835016,conference_c300
W,2019,137,2019_3179_3281,0,0.36235371528677734,conference_c300
W,2019,137,2019_3332_3340,1,0.990376636885891,conference_c300
W,2019,137,2019_3125_3376,0,0.1798510971129476,conference_c300
W,2019,137,2019_3401_3460,1,0.8881064716948479,conference_c300
W,2019,138,2019_3101_3124,0,0.0036153129838897846,conference_c300
W,2019,138,2019_3120_3140,0,0.7295410814799896,conference_c300
W,2019,138,2019_3143_3314,1,0.33790886053959834,conference_c300
W,2019,138,2019_3114_3211,0,0.1333789125136282,conference_c300
W,2019,138,2019_3235_3308,1,0.997426611189313,conference_c300
W,2019,138,2019_3246_3343,1,0.8989473205665872,conference_c300
W,2019,138,2019_3268_3347,1,0.9741337960678634,conference_c300
W,2019,138,2019_3141_3277,0,0.5400390339369361,conference_c300
W,2019,138,2019_3177_3283,0,0.8517424216682545,conference_c300
W,2019,138,2019_3263_3301,0,0.05151828128080521,conference_c300
W,2019,138,2019_3126_3323,0,5.111742863439517e-05,conference_c300
W,2019,138,2019_3129_3333,0,0.05090199563751463,conference_c300
W,2019,138,2019_3346_3355,0,0.27292819914568134,conference_c300
W,2019,138,2019_3390_3413,1,0.9650126923215252,conference_c300
W,2019,138,2019_3200_3393,0,0.028077089153484946,conference_c300
W,2019,138,2019_3397_3417,0,0.3912698896528005,conference_c300
W,2019,139,2019_3113_3274,1,0.4719338007511889,conference_c300
W,2019,139,2019_3138_3163,0,0.09559199968804233,conference_c300
W,2019,139,2019_3234_3281,1,0.7807579969414107,conference_c300
W,2019,139,2019_3257_3276,1,0.891802717024337,conference_c300
W,2019,139,2019_3155_3280,0,0.0345789080416139,conference_c300
W,2019,139,2019_3231_3332,0,0.03971806896140623,conference_c300
W,2019,139,2019_3199_3376,0,0.41407490100906297,conference_c300
W,2019,139,2019_3266_3401,0,0.9409311678974585,conference_c300
W,2019,140,2019_3124_3143,1,0.9654936343151421,conference_c300
W,2019,140,2019_3235_3283,0,0.9521854843538453,conference_c300
W,2019,140,2019_3246_3301,0,0.3768712130334864,conference_c300
W,2019,140,2019_3277_3323,0,0.017707892340261377,conference_c300
W,2019,140,2019_3211_3333,0,0.2793474516497525,conference_c300
W,2019,140,2019_3355_3393,1,0.13774659916206838,conference_c300
W,2019,140,2019_3140_3390,0,0.03538897177762784,conference_c300
W,2019,140,2019_3268_3417,0,0.615816369513313,conference_c300
W,2019,144,2019_3163_3417,1,0.8856517211980564,conference_c300
W,2019,144,2019_3257_3333,1,0.7867821315771053,conference_c300
W,2019,144,2019_3113_3280,0,0.09754452793182161,conference_c300
W,2019,144,2019_3332_3355,1,0.9751116736109852,conference_c300
W,2019,145,2019_3124_3376,1,0.9362979981758847,conference_c300
W,2019,145,2019_3234_3301,1,0.6344530226196963,conference_c300
W,2019,145,2019_3323_3401,1,0.9908071738097246,conference_c300
W,2019,145,2019_3283_3390,0,0.03754332833028329,conference_c300
W,2019,146,2019_3163_3257,1,0.48023326866271265,conference_c300
W,2019,146,2019_3280_3332,0,0.4621458714432598,conference_c300
W,2019,147,2019_3124_3234,1,0.8572506758991782,conference_c300
W,2019,147,2019_3323_3390,1,0.9341462653467905,conference_c300
W,2019,151,2019_3124_3332,1,0.5321583878843659,conference_c300
W,2019,151,2019_3163_3323,0,0.11627255727187841,conference_c300
W,2019,153,2019_3124_3323,1,0.22144962077407637,conference_c300
W,2021,139,2021_3124_3238,1,0.9700537595503511,conference_c300
W,2021,139,2021_3163_3219,1,0.9947970166717327,conference_c300
W,2021,139,2021_3210_3372,1,0.8274460085754136,conference_c300
W,2021,139,2021_3141_3234,0,0.13955965723432234,conference_c300
W,2021,139,2021_3226_3246,0,0.11271435804907809,conference_c300
W,2021,139,2021_3195_3276,0,0.10648612706412369,conference_c300
W,2021,139,2021_3299_3301,0,0.012602920864929035,conference_c300
W,2021,139,2021_3329_3448,1,0.2000013313186353,conference_c300
W,2021,139,2021_3199_3333,0,0.4799295106474379,conference_c300
W,2021,139,2021_3273_3376,0,0.003488652580722451,conference_c300
W,2021,139,2021_3378_3450,1,0.2854965943358458,conference_c300
W,2021,139,2021_3390_3430,1,0.9991281265852665,conference_c300
W,2021,139,2021_3355_3393,0,0.035819168950116775,conference_c300
W,2021,139,2021_3292_3397,0,0.13728413224060726,conference_c300
W,2021,139,2021_3266_3439,0,0.1723357558802472,conference_c300
W,2021,139,2021_3250_3452,0,0.8200551019003812,conference_c300
W,2021,140,2021_3104_3314,1,0.19018769407618308,conference_c300
W,2021,140,2021_3112_3392,1,0.9056828164782864,conference_c300
W,2021,140,2021_3125_3211,1,0.3048148325359749,conference_c300
W,2021,140,2021_3140_3353,1,0.10393914419143413,conference_c300
W,2021,140,2021_3180_3208,0,0.1078435713112677,conference_c300
W,2021,140,2021_3231_3433,1,0.942727572375754,conference_c300
W,2021,140,2021_3235_3277,1,0.3354947617108435,conference_c300
W,2021,140,2021_3257_3265,1,0.9583366354210441,conference_c300
W,2021,140,2021_3268_3291,1,0.9195727036207546,conference_c300
W,2021,140,2021_3283_3413,1,0.6293117502990742,conference_c300
W,2021,140,2021_3321_3416,1,0.7404753663070271,conference_c300
W,2021,140,2021_3332_3377,1,0.9754997249258376,conference_c300
W,2021,140,2021_3133_3400,0,0.235494465110887,conference_c300
W,2021,140,2021_3401_3407,1,0.8900508584963402,conference_c300
W,2021,140,2021_3417_3461,1,0.9449358755232464,conference_c300
W,2021,140,2021_3116_3460,0,0.8241560034061646,conference_c300
W,2021,141,2021_3124_3439,1,0.5434228037274371,conference_c300
W,2021,141,2021_3163_3393,1,0.8735447242746428,conference_c300
W,2021,141,2021_3210_3452,1,0.8183923428929318,conference_c300
W,2021,141,2021_3234_3246,1,0.6432740857777495,conference_c300
W,2021,141,2021_3276_3397,1,0.5309077818836381,conference_c300
W,2021,141,2021_3301_3378,1,0.9088011115717657,conference_c300
W,2021,141,2021_3333_3376,0,0.20035789011228616,conference_c300
W,2021,141,2021_3329_3390,0,0.01901008664209991,conference_c300
W,2021,142,2021_3112_3140,1,0.8951612887529263,conference_c300
W,2021,142,2021_3125_3231,0,0.08659283013824676,conference_c300
W,2021,142,2021_3257_3321,1,0.8297869303939936,conference_c300
W,2021,142,2021_3104_3268,0,0.0701982388831634,conference_c300
W,2021,142,2021_3283_3460,1,0.573224097433827,conference_c300
W,2021,142,2021_3208_3332,0,0.25609980037263025,conference_c300
W,2021,142,2021_3400_3417,1,0.12473417571701417,conference_c300
W,2021,142,2021_3235_3401,0,0.3608504033198717,conference_c300
W,2021,145,2021_3112_3401,1,0.6537983336606066,conference_c300
W,2021,145,2021_3124_3276,1,0.7138928319740463,conference_c300
W,2021,145,2021_3163_3234,1,0.8491024191602053,conference_c300
W,2021,145,2021_3231_3301,1,0.39253212067832527,conference_c300
W,2021,146,2021_3257_3332,1,0.597136554942959,conference_c300
W,2021,146,2021_3210_3376,0,0.24414902358207974,conference_c300
W,2021,146,2021_3283_3390,0,0.015171878497292068,conference_c300
W,2021,146,2021_3268_3400,0,0.9419665977145303,conference_c300
W,2021,147,2021_3112_3231,1,0.3912440235243753,conference_c300
W,2021,147,2021_3124_3163,0,0.25219328268717695,conference_c300
W,2021,148,2021_3376_3400,1,0.9131612141929937,conference_c300
W,2021,148,2021_3257_3390,0,0.20856090578842879,conference_c300
W,2021,151,2021_3112_3163,1,0.15540905030430502,conference_c300
W,2021,151,2021_3376_3390,0,0.1918256727112126,conference_c300
W,2021,153,2021_3112_3390,0,0.08033131123348947,conference_c300
W,2014,138,2014_3103_3345,0,0.10912430849238386,dynamic_c030
W,2014,139,2014_3107_3452,0,0.07916430203909708,dynamic_c030
W,2014,140,2014_3113_3323,0,0.10890179873867395,dynamic_c030
W,2014,138,2014_3113_3435,1,0.35345930747402865,dynamic_c030
W,2014,139,2014_3119_3268,0,0.010894569223570849,dynamic_c030
W,2014,140,2014_3124_3143,1,0.8969434835384977,dynamic_c030
W,2014,145,2014_3124_3246,1,0.5498881073212728,dynamic_c030
W,2014,147,2014_3124_3323,0,0.5168115417317523,dynamic_c030
W,2014,138,2014_3124_3443,1,0.9858594850732167,dynamic_c030
W,2014,145,2014_3140_3163,0,0.021821328769034143,dynamic_c030
W,2014,138,2014_3140_3301,1,0.10398671071546972,dynamic_c030
W,2014,140,2014_3140_3304,1,0.1837640760127226,dynamic_c030
W,2014,138,2014_3143_3200,1,0.7170672802857809,dynamic_c030
W,2014,138,2014_3151_3393,0,0.05549421272657268,dynamic_c030
W,2014,155,2014_3163_3323,1,0.6216384033113216,dynamic_c030
W,2014,139,2014_3163_3341,1,0.9944826098761971,dynamic_c030
W,2014,141,2014_3163_3386,1,0.9221437806215236,dynamic_c030
W,2014,153,2014_3163_3390,1,0.7594987117584204,dynamic_c030
W,2014,147,2014_3163_3401,1,0.790383678278042,dynamic_c030
W,2014,139,2014_3169_3376,0,0.015695827074808932,dynamic_c030
W,2014,139,2014_3173_3196,0,0.5744960853645282,dynamic_c030
W,2014,140,2014_3177_3181,1,0.03631677596942923,dynamic_c030
W,2014,138,2014_3177_3328,1,0.14222869222410434,dynamic_c030
W,2014,145,2014_3177_3401,0,0.15872570926062357,dynamic_c030
W,2014,138,2014_3181_3457,1,0.9941073878315375,dynamic_c030
W,2014,138,2014_3195_3329,0,0.10699868461859374,dynamic_c030
W,2014,141,2014_3196_3336,0,0.19832867359194872,dynamic_c030
W,2014,138,2014_3199_3235,1,0.4763985561272478,dynamic_c030
W,2014,140,2014_3199_3390,0,0.305966362443991,dynamic_c030
W,2014,138,2014_3201_3304,0,0.10883353940999108,dynamic_c030
W,2014,139,2014_3208_3386,0,0.5505133097058592,dynamic_c030
W,2014,139,2014_3210_3261,0,0.45166546091354504,dynamic_c030
W,2014,139,2014_3211_3241,0,0.7652454022733197,dynamic_c030
W,2014,139,2014_3214_3277,0,0.13471753144562199,dynamic_c030
W,2014,139,2014_3225_3257,0,0.035909942585664156,dynamic_c030
W,2014,141,2014_3234_3257,0,0.12581312245125886,dynamic_c030
W,2014,139,2014_3234_3265,1,0.7474819089221703,dynamic_c030
W,2014,141,2014_3241_3401,0,0.18737712282547525,dynamic_c030
W,2014,140,2014_3246_3393,1,0.6112949320266452,dynamic_c030
W,2014,138,2014_3246_3460,1,0.9773537499601208,dynamic_c030
W,2014,146,2014_3257_3261,1,0.7457348833753588,dynamic_c030
W,2014,148,2014_3257_3268,0,0.454343126963418,dynamic_c030
W,2014,141,2014_3261_3452,1,0.4465836569554038,dynamic_c030
W,2014,153,2014_3268_3323,0,0.5552102448941834,dynamic_c030
W,2014,146,2014_3268_3397,1,0.5588234414936394,dynamic_c030
W,2014,141,2014_3268_3400,1,0.7000996217265307,dynamic_c030
W,2014,141,2014_3277_3314,0,0.19701809727369174,dynamic_c030
W,2014,139,2014_3292_3333,0,0.5541958941424734,dynamic_c030
W,2014,146,2014_3314_3376,1,0.5979162442012778,dynamic_c030
W,2014,148,2014_3314_3390,0,0.6869276565369935,dynamic_c030
W,2014,139,2014_3314_3404,1,0.9574549044261369,dynamic_c030
W,2014,139,2014_3315_3401,0,0.03387822415448677,dynamic_c030
W,2014,138,2014_3322_3397,0,0.008658379598873667,dynamic_c030
W,2014,145,2014_3323_3329,1,0.6400066062845764,dynamic_c030
W,2014,138,2014_3323_3352,1,0.9923914437788741,dynamic_c030
W,2014,140,2014_3329_3345,1,0.721788287140019,dynamic_c030
W,2014,141,2014_3333_3376,0,0.08265639208384085,dynamic_c030
W,2014,139,2014_3335_3400,0,0.05362797293633337,dynamic_c030
W,2014,146,2014_3336_3390,0,0.46443598106921474,dynamic_c030
W,2014,139,2014_3336_3455,1,0.9077085931881879,dynamic_c030
W,2014,138,2014_3377_3390,0,0.026212197729897746,dynamic_c030
W,2014,140,2014_3385_3397,0,0.09321528994941297,dynamic_c030
W,2014,138,2014_3385_3425,1,0.5980579932696872,dynamic_c030
W,2015,138,2015_3106_3199,0,0.008599321322254605,dynamic_c030
W,2015,137,2015_3107_3181,0,0.06564808595977922,dynamic_c030
W,2015,137,2015_3110_3234,0,0.05631263736408926,dynamic_c030
W,2015,140,2015_3113_3114,1,0.7701797761238164,dynamic_c030
W,2015,144,2015_3113_3199,0,0.3306871398797277,dynamic_c030
W,2015,138,2015_3113_3325,1,0.8625565367915976,dynamic_c030
W,2015,138,2015_3114_3401,1,0.20493379375796772,dynamic_c030
W,2015,139,2015_3116_3124,0,0.1029886673814514,dynamic_c030
W,2015,137,2015_3116_3321,1,0.5027038926146868,dynamic_c030
W,2015,144,2015_3124_3234,1,0.7624094986765678,dynamic_c030
W,2015,137,2015_3124_3322,1,0.9935770536603357,dynamic_c030
W,2015,146,2015_3124_3323,0,0.41507902979759875,dynamic_c030
W,2015,138,2015_3129_3397,0,0.01670866141725469,dynamic_c030
W,2015,138,2015_3140_3257,0,0.036582759909569385,dynamic_c030
W,2015,139,2015_3143_3400,0,0.5911037285268537,dynamic_c030
W,2015,137,2015_3143_3455,1,0.874577480964355,dynamic_c030
W,2015,138,2015_3151_3338,0,0.47461295814024335,dynamic_c030
W,2015,147,2015_3163_3173,1,0.9760632738500258,dynamic_c030
W,2015,153,2015_3163_3268,1,0.9035434794179826,dynamic_c030
W,2015,155,2015_3163_3323,1,0.8054692927640852,dynamic_c030
W,2015,140,2015_3163_3353,1,0.9654722174783137,dynamic_c030
W,2015,138,2015_3163_3383,1,0.9995494824877055,dynamic_c030
W,2015,145,2015_3163_3400,1,0.9762876858630947,dynamic_c030
W,2015,138,2015_3169_3390,0,0.07223203222627111,dynamic_c030
W,2015,137,2015_3173_3235,1,0.6020115088306462,dynamic_c030
W,2015,139,2015_3173_3246,1,0.2902120048572564,dynamic_c030
W,2015,145,2015_3173_3257,1,0.1686251240205579,dynamic_c030
W,2015,137,2015_3177_3278,1,0.6365890688505844,dynamic_c030
W,2015,139,2015_3177_3323,0,0.0870494870118047,dynamic_c030
W,2015,145,2015_3181_3268,0,0.5581280419200467,dynamic_c030
W,2015,139,2015_3181_3280,1,0.7485673255133013,dynamic_c030
W,2015,140,2015_3195_3199,0,0.2559733178059387,dynamic_c030
W,2015,138,2015_3195_3329,1,0.5645674335082893,dynamic_c030
W,2015,146,2015_3199_3376,0,0.2571328594813857,dynamic_c030
W,2015,137,2015_3203_3211,0,0.5101349240348976,dynamic_c030
W,2015,139,2015_3211_3333,1,0.20344846801625016,dynamic_c030
W,2015,145,2015_3211_3397,0,0.09168655217274263,dynamic_c030
W,2015,139,2015_3234_3274,1,0.7039960423945307,dynamic_c030
W,2015,138,2015_3241_3326,0,0.4297001403605462,dynamic_c030
W,2015,137,2015_3246_3398,1,0.9874931517936637,dynamic_c030
W,2015,138,2015_3251_3314,0,0.05791774575920111,dynamic_c030
W,2015,140,2015_3257_3378,1,0.7277764500394649,dynamic_c030
W,2015,138,2015_3261_3378,0,0.2172891212144053,dynamic_c030
W,2015,138,2015_3268_3308,1,0.9877016860274148,dynamic_c030
W,2015,140,2015_3268_3343,1,0.728220147361969,dynamic_c030
W,2015,147,2015_3268_3397,1,0.42054395554131363,dynamic_c030
W,2015,137,2015_3274_3449,1,0.4989145103770566,dynamic_c030
W,2015,137,2015_3280_3408,1,0.7275368206709208,dynamic_c030
W,2015,137,2015_3285_3323,0,0.015658816059540615,dynamic_c030
W,2015,137,2015_3304_3393,0,0.49240754948074644,dynamic_c030
W,2015,140,2015_3314_3326,1,0.7085442390685144,dynamic_c030
W,2015,144,2015_3314_3376,0,0.22645916642220032,dynamic_c030
W,2015,153,2015_3323_3376,1,0.5536218916946424,dynamic_c030
W,2015,144,2015_3323_3390,1,0.849815836856236,dynamic_c030
W,2015,138,2015_3328_3346,1,0.7123218403236102,dynamic_c030
W,2015,140,2015_3328_3390,0,0.40970557320312945,dynamic_c030
W,2015,137,2015_3333_3355,1,0.9089742693869779,dynamic_c030
W,2015,140,2015_3338_3397,0,0.11439917146848405,dynamic_c030
W,2015,138,2015_3343_3453,1,0.6909765275898464,dynamic_c030
W,2015,138,2015_3353_3371,1,0.7678108931718033,dynamic_c030
W,2015,137,2015_3366_3376,0,0.004676856430398113,dynamic_c030
W,2015,139,2015_3376_3393,1,0.8843170202232918,dynamic_c030
W,2015,137,2015_3400_3443,1,0.7156336759176949,dynamic_c030
W,2016,138,2016_3106_3400,0,0.0033585190850888846,dynamic_c030
W,2016,137,2016_3107_3196,1,0.32593097787440484,dynamic_c030
W,2016,139,2016_3107_3393,0,0.23794361135295777,dynamic_c030
W,2016,137,2016_3113_3308,1,0.9660534499484069,dynamic_c030
W,2016,139,2016_3113_3397,0,0.4786047292428292,dynamic_c030
W,2016,137,2016_3119_3393,0,0.13752349401691472,dynamic_c030
W,2016,139,2016_3120_3124,0,0.04754430836763679,dynamic_c030
W,2016,137,2016_3120_3385,1,0.5892379247541302,dynamic_c030
W,2016,145,2016_3124_3199,1,0.6613109345522606,dynamic_c030
W,2016,137,2016_3124_3225,1,0.988263813552835,dynamic_c030
W,2016,147,2016_3124_3333,0,0.7573792166526905,dynamic_c030
W,2016,137,2016_3125_3277,0,0.06158459836847946,dynamic_c030
W,2016,137,2016_3138_3326,0,0.007420141991611784,dynamic_c030
W,2016,138,2016_3140_3281,0,0.32440346895275546,dynamic_c030
W,2016,137,2016_3146_3257,0,0.014319156696742663,dynamic_c030
W,2016,137,2016_3151_3280,0,0.07252729984876405,dynamic_c030
W,2016,138,2016_3161_3378,0,0.10693272001769621,dynamic_c030
W,2016,140,2016_3163_3182,1,0.992643180913859,dynamic_c030
W,2016,145,2016_3163_3280,1,0.9682951455781001,dynamic_c030
W,2016,153,2016_3163_3333,1,0.9598059106677623,dynamic_c030
W,2016,138,2016_3163_3352,1,0.9995586187925285,dynamic_c030
W,2016,155,2016_3163_3393,1,0.9769382703452121,dynamic_c030
W,2016,147,2016_3163_3400,1,0.9534694409402098,dynamic_c030
W,2016,137,2016_3177_3241,1,0.8301441147393883,dynamic_c030
W,2016,139,2016_3177_3257,1,0.5566640793677067,dynamic_c030
W,2016,145,2016_3177_3333,0,0.46794465195969037,dynamic_c030
W,2016,138,2016_3182_3371,1,0.5720205503629131,dynamic_c030
W,2016,138,2016_3199_3292,1,0.9558810825710312,dynamic_c030
W,2016,140,2016_3199_3401,1,0.7029712379390052,dynamic_c030
W,2016,137,2016_3203_3243,0,0.45853709057345066,dynamic_c030
W,2016,138,2016_3208_3231,0,0.7258827614533674,dynamic_c030
W,2016,138,2016_3218_3417,0,0.052870543991798746,dynamic_c030
W,2016,140,2016_3231_3323,0,0.045173620992938146,dynamic_c030
W,2016,138,2016_3233_3268,0,0.00879348232690691,dynamic_c030
W,2016,137,2016_3239_3376,0,0.01113908334164243,dynamic_c030
W,2016,139,2016_3243_3376,0,0.08707935194676264,dynamic_c030
W,2016,140,2016_3246_3328,1,0.6812901503910112,dynamic_c030
W,2016,138,2016_3246_3421,1,0.9827880178944025,dynamic_c030
W,2016,144,2016_3246_3449,0,0.7275499948905118,dynamic_c030
W,2016,140,2016_3268_3449,0,0.9170314601819856,dynamic_c030
W,2016,138,2016_3274_3355,0,0.7876054321414536,dynamic_c030
W,2016,139,2016_3277_3280,0,0.3834098835525987,dynamic_c030
W,2016,140,2016_3281_3400,0,0.1783918848323422,dynamic_c030
W,2016,138,2016_3283_3401,0,0.0660288051341818,dynamic_c030
W,2016,138,2016_3299_3323,0,0.002789724205547517,dynamic_c030
W,2016,144,2016_3323_3390,0,0.7548987603591175,dynamic_c030
W,2016,144,2016_3326_3397,0,0.7237888020408816,dynamic_c030
W,2016,139,2016_3326_3452,1,0.7947016988950341,dynamic_c030
W,2016,138,2016_3328_3345,1,0.6720129693341056,dynamic_c030
W,2016,137,2016_3329_3382,0,0.7917291248062779,dynamic_c030
W,2016,139,2016_3333_3382,1,0.9137675751786558,dynamic_c030
W,2016,137,2016_3333_3407,1,0.9867127685869475,dynamic_c030
W,2016,138,2016_3335_3449,0,0.2351049574849573,dynamic_c030
W,2016,137,2016_3343_3452,0,0.3711508821301152,dynamic_c030
W,2016,140,2016_3355_3390,0,0.10027931451373467,dynamic_c030
W,2016,138,2016_3362_3390,0,0.02320288431658213,dynamic_c030
W,2016,144,2016_3376_3393,0,0.7825246145570735,dynamic_c030
W,2016,140,2016_3378_3417,0,0.511456431692338,dynamic_c030
W,2016,146,2016_3390_3449,0,0.7850284331103807,dynamic_c030
W,2016,146,2016_3393_3397,1,0.4557385085607335,dynamic_c030
W,2016,153,2016_3393_3449,1,0.6790108777980441,dynamic_c030
W,2016,137,2016_3397_3453,1,0.7792824664602778,dynamic_c030
W,2016,145,2016_3400_3417,1,0.6911498694684427,dynamic_c030
W,2017,138,2017_3107_3163,0,0.0017504878925809764,dynamic_c030
W,2017,137,2017_3113_3277,1,0.6796019206062801,dynamic_c030
W,2017,139,2017_3113_3376,0,0.12281202173860162,dynamic_c030
W,2017,137,2017_3120_3301,0,0.3579121343105955,dynamic_c030
W,2017,140,2017_3124_3143,1,0.9811868042727541,dynamic_c030
W,2017,144,2017_3124_3257,1,0.8988575709260811,dynamic_c030
W,2017,146,2017_3124_3280,0,0.8173901038923853,dynamic_c030
W,2017,138,2017_3124_3411,1,0.9994447806065102,dynamic_c030
W,2017,137,2017_3125_3246,0,0.06857117425124776,dynamic_c030
W,2017,138,2017_3129_3417,0,0.026985422942764792,dynamic_c030
W,2017,137,2017_3137_3268,0,0.013517884664551671,dynamic_c030
W,2017,138,2017_3143_3261,1,0.4681922025070661,dynamic_c030
W,2017,137,2017_3146_3400,0,0.012685599494083766,dynamic_c030
W,2017,138,2017_3151_3257,0,0.05737593599234997,dynamic_c030
W,2017,151,2017_3163_3280,0,0.8381624797782821,dynamic_c030
W,2017,147,2017_3163_3332,1,0.975421456413029,dynamic_c030
W,2017,140,2017_3163_3393,1,0.9529828614709577,dynamic_c030
W,2017,145,2017_3163_3417,1,0.9466557170953684,dynamic_c030
W,2017,139,2017_3166_3333,0,0.16853211092499104,dynamic_c030
W,2017,137,2017_3166_3405,1,0.6822510432099911,dynamic_c030
W,2017,138,2017_3173_3397,0,0.1253765555847376,dynamic_c030
W,2017,139,2017_3177_3280,0,0.18006788532695656,dynamic_c030
W,2017,137,2017_3177_3320,1,0.8868311434672601,dynamic_c030
W,2017,138,2017_3179_3243,0,0.24903021487053695,dynamic_c030
W,2017,138,2017_3181_3214,1,0.9861756871047662,dynamic_c030
W,2017,140,2017_3181_3332,0,0.7945790092563504,dynamic_c030
W,2017,137,2017_3189_3452,0,0.19827851697699994,dynamic_c030
W,2017,138,2017_3195_3274,0,0.1353942467159261,dynamic_c030
W,2017,139,2017_3199_3281,1,0.9509835092806087,dynamic_c030
W,2017,145,2017_3199_3333,1,0.8639305817775796,dynamic_c030
W,2017,147,2017_3199_3376,0,0.541810369797936,dynamic_c030
W,2017,137,2017_3199_3442,1,0.9921480280877069,dynamic_c030
W,2017,138,2017_3211_3328,0,0.2774627865900962,dynamic_c030
W,2017,138,2017_3235_3393,0,0.23117381670637832,dynamic_c030
W,2017,140,2017_3243_3390,0,0.2293254314294681,dynamic_c030
W,2017,139,2017_3246_3326,0,0.5036371975560066,dynamic_c030
W,2017,137,2017_3253_3333,0,0.03093411859027917,dynamic_c030
W,2017,140,2017_3257_3397,1,0.6174529380976124,dynamic_c030
W,2017,138,2017_3266_3346,0,0.6252834671612972,dynamic_c030
W,2017,145,2017_3268_3332,0,0.8677994153259325,dynamic_c030
W,2017,139,2017_3268_3452,1,0.8422931858657335,dynamic_c030
W,2017,140,2017_3274_3346,0,0.8868306488382056,dynamic_c030
W,2017,153,2017_3280_3376,0,0.4232183263090158,dynamic_c030
W,2017,137,2017_3280_3407,1,0.984527217930067,dynamic_c030
W,2017,144,2017_3280_3449,1,0.5386945486982396,dynamic_c030
W,2017,137,2017_3281_3378,1,0.4818762514330496,dynamic_c030
W,2017,138,2017_3286_3449,0,0.010801849890553106,dynamic_c030
W,2017,139,2017_3301_3400,0,0.17620220049487373,dynamic_c030
W,2017,138,2017_3308_3390,0,0.013355174826821192,dynamic_c030
W,2017,144,2017_3323_3326,1,0.8124447538495874,dynamic_c030
W,2017,139,2017_3323_3345,1,0.9459469416077542,dynamic_c030
W,2017,137,2017_3323_3352,1,0.9965530901729158,dynamic_c030
W,2017,146,2017_3323_3390,0,0.6953489663835628,dynamic_c030
W,2017,137,2017_3326_3443,1,0.86086258754611,dynamic_c030
W,2017,140,2017_3328_3449,0,0.14015845933574567,dynamic_c030
W,2017,138,2017_3332_3396,1,0.6150085250234292,dynamic_c030
W,2017,138,2017_3335_3401,0,0.09984417929310263,dynamic_c030
W,2017,137,2017_3345_3453,1,0.3370288976808714,dynamic_c030
W,2017,145,2017_3346_3376,0,0.018300067152903943,dynamic_c030
W,2017,151,2017_3376_3390,1,0.7286259591727035,dynamic_c030
W,2017,137,2017_3376_3421,1,0.9976781143516451,dynamic_c030
W,2017,144,2017_3390_3400,1,0.4115021271212892,dynamic_c030
W,2017,140,2017_3401_3417,0,0.4291776103880146,dynamic_c030
W,2018,138,2018_3110_3417,0,0.019827301960096466,dynamic_c030
W,2018,138,2018_3113_3304,1,0.8144569137153133,dynamic_c030
W,2018,140,2018_3113_3400,0,0.2410124477506554,dynamic_c030
W,2018,138,2018_3114_3199,0,0.03066516807500319,dynamic_c030
W,2018,137,2018_3124_3212,1,0.9990568923282466,dynamic_c030
W,2018,139,2018_3124_3276,1,0.9162095466692897,dynamic_c030
W,2018,144,2018_3124_3333,0,0.8978038351270804,dynamic_c030
W,2018,138,2018_3125_3181,0,0.13000358940414125,dynamic_c030
W,2018,137,2018_3129_3257,0,0.00804608886921232,dynamic_c030
W,2018,140,2018_3138_3199,1,0.08172887692865599,dynamic_c030
W,2018,145,2018_3138_3376,0,0.0970509446012639,dynamic_c030
W,2018,138,2018_3138_3378,1,0.19037083706210434,dynamic_c030
W,2018,138,2018_3141_3261,1,0.32703498040682305,dynamic_c030
W,2018,140,2018_3141_3326,1,0.09624495686925522,dynamic_c030
W,2018,145,2018_3141_3332,0,0.08049099231630541,dynamic_c030
W,2018,137,2018_3143_3438,0,0.36135132458427544,dynamic_c030
W,2018,145,2018_3163_3181,1,0.9672000478265965,dynamic_c030
W,2018,151,2018_3163_3323,0,0.8027729175014292,dynamic_c030
W,2018,140,2018_3163_3346,1,0.9939460685387376,dynamic_c030
W,2018,147,2018_3163_3376,1,0.9465530652463325,dynamic_c030
W,2018,138,2018_3163_3384,1,0.9991947058098435,dynamic_c030
W,2018,138,2018_3166_3234,1,0.37681946489997337,dynamic_c030
W,2018,140,2018_3166_3417,0,0.10991951096694202,dynamic_c030
W,2018,137,2018_3169_3323,0,0.0026186819757820223,dynamic_c030
W,2018,137,2018_3173_3266,0,0.3713053973096114,dynamic_c030
W,2018,137,2018_3177_3328,1,0.43571899061712854,dynamic_c030
W,2018,139,2018_3177_3401,0,0.4524523003856951,dynamic_c030
W,2018,137,2018_3179_3401,0,0.15730389265463102,dynamic_c030
W,2018,140,2018_3181_3208,1,0.6621338118264376,dynamic_c030
W,2018,137,2018_3189_3301,0,0.1895070578486257,dynamic_c030
W,2018,138,2018_3195_3281,1,0.20536825993531005,dynamic_c030
W,2018,140,2018_3195_3390,0,0.08096552399772305,dynamic_c030
W,2018,138,2018_3203_3326,0,0.05660245683131676,dynamic_c030
W,2018,138,2018_3208_3273,1,0.8397766045742343,dynamic_c030
W,2018,138,2018_3211_3390,0,0.12476450547359857,dynamic_c030
W,2018,137,2018_3251_3397,0,0.025379515327717816,dynamic_c030
W,2018,139,2018_3257_3266,1,0.9006879743674207,dynamic_c030
W,2018,151,2018_3257_3280,0,0.4008006124560177,dynamic_c030
W,2018,146,2018_3257_3333,1,0.8151036764610157,dynamic_c030
W,2018,144,2018_3257_3390,1,0.7242946541977948,dynamic_c030
W,2018,138,2018_3263_3400,0,0.02836089457398472,dynamic_c030
W,2018,139,2018_3268_3301,0,0.7418886795805274,dynamic_c030
W,2018,137,2018_3268_3343,1,0.9170072737725099,dynamic_c030
W,2018,138,2018_3274_3346,0,0.7435609629970853,dynamic_c030
W,2018,137,2018_3276_3294,1,0.9126474455370464,dynamic_c030
W,2018,139,2018_3278_3332,0,0.12995006938358766,dynamic_c030
W,2018,137,2018_3278_3453,1,0.31099664174253533,dynamic_c030
W,2018,144,2018_3280_3301,1,0.894534965041578,dynamic_c030
W,2018,138,2018_3280_3311,1,0.9982721464203866,dynamic_c030
W,2018,153,2018_3280_3323,0,0.44911500923865616,dynamic_c030
W,2018,140,2018_3280_3329,1,0.8929504135466524,dynamic_c030
W,2018,146,2018_3280_3417,1,0.719673083576815,dynamic_c030
W,2018,137,2018_3299_3376,0,0.005651682101670719,dynamic_c030
W,2018,147,2018_3323_3332,1,0.7860522292174018,dynamic_c030
W,2018,145,2018_3323_3401,1,0.8990307889012588,dynamic_c030
W,2018,139,2018_3323_3437,1,0.960795891720738,dynamic_c030
W,2018,138,2018_3329_3393,1,0.6962613333535994,dynamic_c030
W,2018,137,2018_3332_3370,1,0.9931354930685359,dynamic_c030
W,2018,139,2018_3333_3397,1,0.3622941680406553,dynamic_c030
W,2018,137,2018_3333_3443,1,0.783887640501101,dynamic_c030
W,2018,137,2018_3355_3437,0,0.5895192833770401,dynamic_c030
W,2018,139,2018_3376_3438,1,0.7915485632691187,dynamic_c030
W,2018,144,2018_3400_3417,0,0.5556044082625688,dynamic_c030
W,2019,138,2019_3101_3124,0,0.003281931870219912,dynamic_c030
W,2019,139,2019_3113_3274,1,0.5175319725393658,dynamic_c030
W,2019,144,2019_3113_3280,0,0.143910096182232,dynamic_c030
W,2019,137,2019_3113_3416,1,0.7654621574355871,dynamic_c030
W,2019,138,2019_3114_3211,0,0.17449239639672204,dynamic_c030
W,2019,138,2019_3120_3140,0,0.7455138319359077,dynamic_c030
W,2019,140,2019_3124_3143,1,0.9595710345391829,dynamic_c030
W,2019,147,2019_3124_3234,1,0.8660060713487361,dynamic_c030
W,2019,153,2019_3124_3323,1,0.4225335499158542,dynamic_c030
W,2019,151,2019_3124_3332,1,0.5747491026936352,dynamic_c030
W,2019,145,2019_3124_3376,1,0.8222853327745727,dynamic_c030
W,2019,137,2019_3125_3376,0,0.11726161464022244,dynamic_c030
W,2019,138,2019_3126_3323,0,0.000845260276187032,dynamic_c030
W,2019,138,2019_3129_3333,0,0.060724193078617816,dynamic_c030
W,2019,137,2019_3137_3199,0,0.23695581955238498,dynamic_c030
W,2019,139,2019_3138_3163,0,0.04857937737062479,dynamic_c030
W,2019,137,2019_3138_3353,1,0.5360454721650224,dynamic_c030
W,2019,140,2019_3140_3390,0,0.04503296152094316,dynamic_c030
W,2019,138,2019_3141_3277,0,0.5838726446900857,dynamic_c030
W,2019,138,2019_3143_3314,1,0.42779565655144614,dynamic_c030
W,2019,139,2019_3155_3280,0,0.04062884366119174,dynamic_c030
W,2019,137,2019_3155_3377,1,0.4104705902022196,dynamic_c030
W,2019,146,2019_3163_3257,1,0.6151128175356727,dynamic_c030
W,2019,151,2019_3163_3323,0,0.3834039906748514,dynamic_c030
W,2019,137,2019_3163_3406,1,0.9950306513011011,dynamic_c030
W,2019,144,2019_3163_3417,1,0.9061852978803261,dynamic_c030
W,2019,138,2019_3177_3283,0,0.8090924233913732,dynamic_c030
W,2019,137,2019_3179_3281,0,0.3259362883248889,dynamic_c030
W,2019,137,2019_3195_3274,0,0.17075950813554286,dynamic_c030
W,2019,139,2019_3199_3376,0,0.2523978359031462,dynamic_c030
W,2019,138,2019_3200_3393,0,0.06656734637229561,dynamic_c030
W,2019,140,2019_3211_3333,0,0.3196820203817119,dynamic_c030
W,2019,139,2019_3231_3332,0,0.04329593434414292,dynamic_c030
W,2019,137,2019_3231_3400,1,0.21628990815780663,dynamic_c030
W,2019,137,2019_3234_3273,1,0.9682567336228151,dynamic_c030
W,2019,139,2019_3234_3281,1,0.599700895085381,dynamic_c030
W,2019,145,2019_3234_3301,1,0.5461175992110611,dynamic_c030
W,2019,140,2019_3235_3283,0,0.9186183244126374,dynamic_c030
W,2019,138,2019_3235_3308,1,0.9867089064111778,dynamic_c030
W,2019,137,2019_3243_3276,0,0.4088577548548649,dynamic_c030
W,2019,140,2019_3246_3301,0,0.4036351730536736,dynamic_c030
W,2019,138,2019_3246_3343,1,0.8068497901969056,dynamic_c030
W,2019,139,2019_3257_3276,1,0.9143259454995298,dynamic_c030
W,2019,144,2019_3257_3333,1,0.7729337049739798,dynamic_c030
W,2019,137,2019_3257_3352,1,0.9934637625403692,dynamic_c030
W,2019,138,2019_3263_3301,0,0.08007904437681151,dynamic_c030
W,2019,137,2019_3266_3349,1,0.9560444004402872,dynamic_c030
W,2019,139,2019_3266_3401,0,0.8106071425541225,dynamic_c030
W,2019,138,2019_3268_3347,1,0.9560445292844585,dynamic_c030
W,2019,140,2019_3268_3417,0,0.5887169701106925,dynamic_c030
W,2019,140,2019_3277_3323,0,0.03760897547498454,dynamic_c030
W,2019,146,2019_3280_3332,0,0.4807963471612864,dynamic_c030
W,2019,137,2019_3280_3380,1,0.9982151910993251,dynamic_c030
W,2019,145,2019_3283_3390,0,0.07034814508010373,dynamic_c030
W,2019,147,2019_3323_3390,1,0.8522991648494078,dynamic_c030
W,2019,145,2019_3323_3401,1,0.9390358666609295,dynamic_c030
W,2019,137,2019_3332_3340,1,0.9917527672008262,dynamic_c030
W,2019,144,2019_3332_3355,1,0.8936923707864765,dynamic_c030
W,2019,138,2019_3346_3355,0,0.21473777436903108,dynamic_c030
W,2019,140,2019_3355_3393,1,0.4273592941108046,dynamic_c030
W,2019,138,2019_3390_3413,1,0.9470578819658756,dynamic_c030
W,2019,138,2019_3397_3417,0,0.48065527843699596,dynamic_c030
W,2019,137,2019_3401_3460,1,0.8888100317986708,dynamic_c030
W,2021,142,2021_3104_3268,0,0.2064070581254553,dynamic_c030
W,2021,140,2021_3104_3314,1,0.5996801694994457,dynamic_c030
W,2021,142,2021_3112_3140,1,0.7855373336862839,dynamic_c030
W,2021,151,2021_3112_3163,1,0.12755725820982283,dynamic_c030
W,2021,147,2021_3112_3231,1,0.4709425138026398,dynamic_c030
W,2021,153,2021_3112_3390,0,0.19968825803831092,dynamic_c030
W,2021,140,2021_3112_3392,1,0.8669168381631307,dynamic_c030
W,2021,145,2021_3112_3401,1,0.40330617076459147,dynamic_c030
W,2021,140,2021_3116_3460,0,0.8784192669311799,dynamic_c030
W,2021,147,2021_3124_3163,0,0.3756553078603873,dynamic_c030
W,2021,139,2021_3124_3238,1,0.9758095025608793,dynamic_c030
W,2021,145,2021_3124_3276,1,0.8584105791755056,dynamic_c030
W,2021,141,2021_3124_3439,1,0.8173342793549214,dynamic_c030
W,2021,140,2021_3125_3211,1,0.15260022457044425,dynamic_c030
W,2021,142,2021_3125_3231,0,0.14696132183745292,dynamic_c030
W,2021,140,2021_3133_3400,0,0.17795923910803463,dynamic_c030
W,2021,140,2021_3140_3353,1,0.3135502483381377,dynamic_c030
W,2021,139,2021_3141_3234,0,0.20995479656249832,dynamic_c030
W,2021,139,2021_3163_3219,1,0.9899989609307703,dynamic_c030
W,2021,145,2021_3163_3234,1,0.8937081765171095,dynamic_c030
W,2021,141,2021_3163_3393,1,0.9371553464699567,dynamic_c030
W,2021,140,2021_3180_3208,0,0.13413034527078393,dynamic_c030
W,2021,139,2021_3195_3276,0,0.3800946439913163,dynamic_c030
W,2021,139,2021_3199_3333,0,0.5171738453625959,dynamic_c030
W,2021,142,2021_3208_3332,0,0.3996948556029194,dynamic_c030
W,2021,139,2021_3210_3372,1,0.5619538224057424,dynamic_c030
W,2021,146,2021_3210_3376,0,0.07954436427816858,dynamic_c030
W,2021,141,2021_3210_3452,1,0.40289596379386855,dynamic_c030
W,2021,139,2021_3226_3246,0,0.08196742251986427,dynamic_c030
W,2021,145,2021_3231_3301,1,0.40810067847478837,dynamic_c030
W,2021,140,2021_3231_3433,1,0.876863145254478,dynamic_c030
W,2021,141,2021_3234_3246,1,0.35043846530779077,dynamic_c030
W,2021,140,2021_3235_3277,1,0.7506682925307121,dynamic_c030
W,2021,142,2021_3235_3401,0,0.40353023836374147,dynamic_c030
W,2021,139,2021_3250_3452,0,0.16667033698220907,dynamic_c030
W,2021,140,2021_3257_3265,1,0.9305272201773618,dynamic_c030
W,2021,142,2021_3257_3321,1,0.7808718153520411,dynamic_c030
W,2021,146,2021_3257_3332,1,0.5319023823494579,dynamic_c030
W,2021,148,2021_3257_3390,0,0.36307427016318755,dynamic_c030
W,2021,139,2021_3266_3439,0,0.3552351547246808,dynamic_c030
W,2021,140,2021_3268_3291,1,0.9633370151847068,dynamic_c030
W,2021,146,2021_3268_3400,0,0.7079658816165435,dynamic_c030
W,2021,139,2021_3273_3376,0,0.006030389891918508,dynamic_c030
W,2021,141,2021_3276_3397,1,0.2742175703742248,dynamic_c030
W,2021,146,2021_3283_3390,0,0.13708014346479092,dynamic_c030
W,2021,140,2021_3283_3413,1,0.8509427091870608,dynamic_c030
W,2021,142,2021_3283_3460,1,0.7666141403591461,dynamic_c030
W,2021,139,2021_3292_3397,0,0.08787468694985989,dynamic_c030
W,2021,139,2021_3299_3301,0,0.03441648431407218,dynamic_c030
W,2021,141,2021_3301_3378,1,0.8261032604940165,dynamic_c030
W,2021,140,2021_3321_3416,1,0.6499122087757094,dynamic_c030
W,2021,141,2021_3329_3390,0,0.1331196541703909,dynamic_c030
W,2021,139,2021_3329_3448,1,0.5441329250978362,dynamic_c030
W,2021,140,2021_3332_3377,1,0.8408520012677392,dynamic_c030
W,2021,141,2021_3333_3376,0,0.06268389682667852,dynamic_c030
W,2021,139,2021_3355_3393,0,0.41090429211967605,dynamic_c030
W,2021,151,2021_3376_3390,0,0.6521715558531488,dynamic_c030
W,2021,148,2021_3376_3400,1,0.8820807441970082,dynamic_c030
W,2021,139,2021_3378_3450,1,0.5135123195397344,dynamic_c030
W,2021,139,2021_3390_3430,1,0.991546669007833,dynamic_c030
W,2021,142,2021_3400_3417,1,0.4157604520377932,dynamic_c030
W,2021,140,2021_3401_3407,1,0.9138842525004782,dynamic_c030
W,2021,140,2021_3417_3461,1,0.931459398961778,dynamic_c030
