Feature,Block,MissingRate,NonMissingRows,UniqueValues,GlobalCorrelation,MedianAbsoluteSeasonCorrelation,SeasonSignConsistency,SeasonCoverage,SeasonCorrelationIQR,StabilityScore,Mandatory,InPrecorrelationPool,Selected,SelectionRank,ExclusionReason
diff__norm__rating__elo_mov_538__pct,within_season_normalization,0.0,646,487,0.4722601123955591,0.4865769631486512,1.0,1.0,0.04372790803031168,0.5957050507171631,True,True,True,1.0,selected
diff__norm__massey__strength_mean__pct,within_season_normalization,0.0,646,515,0.4744221649917111,0.48031974557089885,1.0,1.0,0.044376614130278436,0.5931512896069967,True,True,True,5.0,selected
diff__adj__net_rtg_a50p0,opponent_adjusted_efficiency,0.0,646,646,0.4684013752717109,0.4592777266932906,1.0,1.0,0.15685207225520026,0.5772275284823478,True,True,True,4.0,selected
diff__compact__margin_trim02,compact_performance,0.0,646,640,0.4507677924234663,0.4416013261328693,1.0,1.0,0.1413274379644961,0.56548445335836,True,True,True,2.0,selected
diff__norm__schedule__opponent_strength_mean__pct,within_season_normalization,0.0,646,571,0.42038896830696904,0.41064555953050297,1.0,1.0,0.12194989900804071,0.5447174456418529,True,True,True,3.0,selected
seedprior__team1_prob_pc2p0,prequential_seed_priors,0.0,646,377,0.5179753011034124,0.5354855806292005,1.0,1.0,0.11314886648445893,0.6264616902853887,False,True,True,49.0,selected
seedprior__team1_prob_pc8p0,prequential_seed_priors,0.0,646,377,0.5160443046915876,0.5350531805404614,1.0,1.0,0.1113756935767295,0.6259002459485016,False,True,False,,correlation_pruned_or_cap
diff__seed__number,selection_committee_prior,0.0,646,28,-0.5164360146516042,0.5266784903098876,1.0,1.0,0.09595238469145001,0.6225835031844409,False,True,True,57.0,selected
diff__seed__strength,selection_committee_prior,0.0,646,28,0.5164360146516042,0.5266784903098876,1.0,1.0,0.09595238469145001,0.6225835031844409,False,True,False,,correlation_pruned_or_cap
diff__rating__margin_ridge_a5p0_z,global_strength_ratings,0.0,646,646,0.5136286525053038,0.5114682458954386,1.0,1.0,0.08476671741617342,0.6151123928843304,False,True,True,62.0,selected
diff__rating__margin_ridge_a5p0,global_strength_ratings,0.0,646,646,0.5135047732715832,0.5114682451362982,1.0,1.0,0.08476671488412713,0.6150851391898063,False,True,False,,correlation_pruned_or_cap
diff__rating__elo_mov_log,dynamic_ratings,0.0,646,646,0.5100944185108255,0.506328080766415,1.0,1.0,0.10147143780540724,0.6111993933280445,False,True,False,,correlation_pruned_or_cap
diff__rating__elo_mov_log_z,dynamic_ratings,0.0,646,646,0.5100634760313069,0.5063280803153976,1.0,1.0,0.10147144187815493,0.6111925856031521,False,True,False,,correlation_pruned_or_cap
diff__rating__elo_mov_538,dynamic_ratings,0.0,646,646,0.5083272596077425,0.5066500146882217,1.0,1.0,0.09944379805684234,0.6110462522417761,False,True,False,,correlation_pruned_or_cap
diff__norm__rating__elo_mov_538__z,within_season_normalization,0.0,646,646,0.5083025842713148,0.5066500158402234,1.0,1.0,0.09944380093925942,0.6110408241054262,False,True,True,6.0,selected
diff__rating__elo_mov_538_z,dynamic_ratings,0.0,646,646,0.5083025842713148,0.5066500158402234,1.0,1.0,0.09944380093925942,0.6110408241054262,False,True,False,,correlation_pruned_or_cap
diff__adj__net_rtg_a10p0_z,opponent_adjusted_efficiency,0.0,646,646,0.5065947176897941,0.507302235035888,1.0,1.0,0.09890255190564046,0.6109998086327553,False,True,False,,correlation_pruned_or_cap
diff__norm__adj__net_rtg_a10p0__z,within_season_normalization,0.0,646,646,0.5065947176897941,0.507302235035888,1.0,1.0,0.09890255190564046,0.6109998086327553,False,True,True,7.0,selected
diff__adj__net_rtg_a10p0,opponent_adjusted_efficiency,0.0,646,646,0.5063618636773429,0.5073022357940132,1.0,1.0,0.0989025497646866,0.6109485811995543,False,True,False,,correlation_pruned_or_cap
diff__norm__rating__colley__z,within_season_normalization,0.0,646,646,0.5015331329569256,0.507867211233745,1.0,1.0,0.07921370569118236,0.6109450024150739,False,True,True,8.0,selected
diff__rating__colley_z,global_strength_ratings,0.0,646,646,0.5015331329569256,0.507867211233745,1.0,1.0,0.07921370569118236,0.6109450024150739,False,True,False,,correlation_pruned_or_cap
diff__rating__colley,global_strength_ratings,0.0,646,646,0.5013280593572282,0.507867211025212,1.0,1.0,0.07921370417164347,0.6108998861838263,False,True,False,,correlation_pruned_or_cap
diff__norm__rating__margin_ridge_a25p0__z,within_season_normalization,0.0,646,646,0.5035812751397608,0.5062429930228923,1.0,1.0,0.09859001935381656,0.609840916407583,False,True,False,,correlation_pruned_or_cap
diff__rating__margin_ridge_a25p0_z,global_strength_ratings,0.0,646,646,0.5035812751397608,0.5062429930228923,1.0,1.0,0.09859001935381656,0.609840916407583,False,True,False,,correlation_pruned_or_cap
diff__rating__margin_ridge_a25p0,global_strength_ratings,0.0,646,646,0.5034055999159592,0.5062429938578961,1.0,1.0,0.09859001336979506,0.6098022684985093,False,True,False,,correlation_pruned_or_cap
diff__norm__schedule__quality_win_points_sum__z,within_season_normalization,0.0,646,646,0.50084175682456,0.498211702910269,1.0,1.0,0.05727687315861152,0.6070357289719878,False,True,True,9.0,selected
diff__schedule__quality_win_points_sum,schedule_and_accomplishment,0.0,646,646,0.5002524040307517,0.49821169774091284,1.0,1.0,0.05727687322181013,0.6069060688735312,False,True,False,,correlation_pruned_or_cap
diff__norm__schedule__rpi__z,within_season_normalization,0.0,646,646,0.48769474614875413,0.4995066811122437,1.0,1.0,0.08551050189599396,0.6036356310107631,False,True,True,10.0,selected
diff__schedule__rpi,schedule_and_accomplishment,0.0,646,646,0.48750394861331336,0.49950668366861317,1.0,1.0,0.08551050317541159,0.6035936567288468,False,True,False,,correlation_pruned_or_cap
diff__schedule__quality_win_points_mean,schedule_and_accomplishment,0.0,646,646,0.49281463158681194,0.4951352092851173,1.0,1.0,0.08298194414932031,0.602764841639982,False,True,False,,correlation_pruned_or_cap
diff__schedule__quality_wins,schedule_and_accomplishment,0.0,646,34,0.4791960993653865,0.49630004640608927,1.0,1.0,0.0876272439123214,0.600142074378815,False,True,True,79.0,selected
diff__norm__massey__strength_mean__z,within_season_normalization,0.0,646,646,0.48478891630066745,0.48930897345712954,1.0,1.0,0.05051775034557554,0.599501158831746,False,True,False,,correlation_pruned_or_cap
diff__rating__elo_mov_log_percentile,dynamic_ratings,0.0,646,495,0.4753886059637545,0.49087877384422196,1.0,1.0,0.039422631432656674,0.5986303994999462,False,True,False,,correlation_pruned_or_cap
diff__rating__elo_mov_538_percentile,dynamic_ratings,0.0,646,487,0.4722601123955591,0.4865769631486512,1.0,1.0,0.04372790803031168,0.5957050507171631,False,True,False,,correlation_pruned_or_cap
diff__rating__elo_season_reset_mov,dynamic_ratings,0.0,646,646,0.47951388088125446,0.4874835695418872,1.0,1.0,0.1232900074990897,0.5945535668740183,False,True,True,68.0,selected
diff__rating__elo_season_reset_mov_delta,dynamic_ratings,0.0,646,646,0.47951388088125446,0.4874835695418872,1.0,1.0,0.1232900074990897,0.5945535668740183,False,True,False,,correlation_pruned_or_cap
diff__rating__elo_season_reset_mov_z,dynamic_ratings,0.0,646,646,0.4789890118192949,0.4874835679403692,1.0,1.0,0.12329001081078428,0.5944380947791907,False,True,False,,correlation_pruned_or_cap
diff__norm__rating__bt_c1p0__z,within_season_normalization,0.0,646,646,0.49226410950271743,0.4780592465971927,1.0,1.0,0.09968961385550351,0.5937789579030303,False,True,True,11.0,selected
diff__rating__bt_c1p0_z,global_strength_ratings,0.0,646,646,0.49226410950271743,0.4780592465971927,1.0,1.0,0.09968961385550351,0.5937789579030303,False,True,False,,correlation_pruned_or_cap
diff__rating__bt_c1p0,global_strength_ratings,0.0,646,646,0.49160077581774747,0.47805924712943726,1.0,1.0,0.09968961380666541,0.5936330247497676,False,True,False,,correlation_pruned_or_cap
diff__norm__rating__bt_c1p0__pct,within_season_normalization,0.0,646,491,0.4668739349859306,0.4813180600182468,1.0,1.0,0.061575865057565904,0.5912818999033604,False,True,True,12.0,selected
diff__rating__bt_c1p0_percentile,global_strength_ratings,0.0,646,491,0.4668739349859306,0.4813180600182468,1.0,1.0,0.061575865057565904,0.5912818999033604,False,True,False,,correlation_pruned_or_cap
diff__rating__margin_ridge_a5p0_percentile,global_strength_ratings,0.0,646,511,0.4700050204690461,0.4787094127585044,1.0,1.0,0.049742860452691384,0.5911919082091646,False,True,True,63.0,selected
diff__norm__schedule__rpi__pct,within_season_normalization,0.0,646,490,0.4638395682734187,0.4812622344055085,1.0,1.0,0.0465758688528487,0.5911875427806822,False,True,True,13.0,selected
diff__rating__bt_c0p25_z,global_strength_ratings,0.0,646,646,0.4640564758451701,0.48707378001688917,1.0,1.0,0.14022693694244076,0.5902787616163465,False,True,True,64.0,selected
diff__rating__bt_c0p25,global_strength_ratings,0.0,646,646,0.46364580474739114,0.48707377892568715,1.0,1.0,0.14022693474875997,0.5901884135388055,False,True,False,,correlation_pruned_or_cap
diff__norm__rating__colley__pct,within_season_normalization,0.0,646,486,0.47017659914544396,0.47341503966900206,1.0,1.0,0.05222350286017752,0.5885891307387116,False,True,False,,correlation_pruned_or_cap
diff__rating__colley_percentile,global_strength_ratings,0.0,646,486,0.47017659914544396,0.47341503966900206,1.0,1.0,0.05222350286017752,0.5885891307387116,False,True,False,,correlation_pruned_or_cap
diff__schedule__bad_loss_penalty_sum,schedule_and_accomplishment,0.0,646,645,-0.4502280995782041,0.4839641561397131,1.0,1.0,0.09483301478335943,0.5875596562629327,False,True,True,80.0,selected
diff__rating__elo_standard_z,dynamic_ratings,0.0,646,646,0.474815934159465,0.4715206500881819,1.0,1.0,0.12622688171366847,0.5857403422888628,False,True,True,69.0,selected
diff__rating__elo_standard,dynamic_ratings,0.0,646,646,0.4745090699520571,0.4715206513483546,1.0,1.0,0.12622687136703714,0.5856728331819813,False,True,False,,correlation_pruned_or_cap
diff__adj__net_rtg_a10p0_percentile,opponent_adjusted_efficiency,0.0,646,486,0.46064080998620516,0.47152851939990026,1.0,1.0,0.0926064064892248,0.5839704112493483,False,True,False,,correlation_pruned_or_cap
diff__norm__adj__net_rtg_a10p0__pct,within_season_normalization,0.0,646,486,0.46064080998620516,0.47152851939990026,1.0,1.0,0.0926064064892248,0.5839704112493483,False,True,True,14.0,selected
diff__norm__rating__margin_ridge_a25p0__pct,within_season_normalization,0.0,646,491,0.4563149693761003,0.46752085424883627,1.0,1.0,0.0854843357939315,0.5813799298704262,False,True,False,,correlation_pruned_or_cap
diff__rating__margin_ridge_a25p0_percentile,global_strength_ratings,0.0,646,491,0.4563149693761003,0.46752085424883627,1.0,1.0,0.0854843357939315,0.5813799298704262,False,True,False,,correlation_pruned_or_cap
diff__seed__top4,selection_committee_prior,0.0,646,3,0.4592141210343672,0.4615047361876726,1.0,1.0,0.08484969400000908,0.5791553922376433,False,True,True,58.0,selected
diff__norm__rating__pagerank_margin__pct,within_season_normalization,0.0,646,539,0.45814153524889595,0.46145997658743576,1.0,1.0,0.10613055072109706,0.5780467044878823,False,True,True,15.0,selected
diff__rating__pagerank_margin_percentile,global_strength_ratings,0.0,646,539,0.45814153524889595,0.46145997658743576,1.0,1.0,0.10613055072109706,0.5780467044878823,False,True,False,,correlation_pruned_or_cap
diff__adj__net_rtg_a50p0_z,opponent_adjusted_efficiency,0.0,646,646,0.4689267771112491,0.4592777283821432,1.0,1.0,0.1568520720390682,0.5773431177063408,False,True,False,,correlation_pruned_or_cap
diff__norm__adj__net_rtg_a50p0__z,within_season_normalization,0.0,646,646,0.4689267771112491,0.4592777283821432,1.0,1.0,0.1568520720390682,0.5773431177063408,False,True,False,,correlation_pruned_or_cap
diff__compact__half_marginmean_first,compact_performance,0.0,646,606,0.46246579201919896,0.45437273137566137,1.0,1.0,0.07784406808001365,0.5767276225813407,False,True,True,26.0,selected
diff__norm__schedule__quality_win_points_sum__pct,within_season_normalization,0.0,646,502,0.46038481958493477,0.45010776752237913,1.0,1.0,0.04799522187712757,0.5754165798443425,False,False,False,,below_bounded_prescreen
diff__rating__pagerank_binary_z,global_strength_ratings,0.0,646,646,0.44330885829279537,0.466143629282562,1.0,1.0,0.15413578221982838,0.5751114595912517,False,True,True,65.0,selected
diff__rating__pagerank_binary,global_strength_ratings,0.0,646,646,0.44117585929658026,0.46614363072054854,1.0,1.0,0.15413578837870912,0.5746422002559626,False,True,False,,correlation_pruned_or_cap
diff__rating__elo_season_reset_mov_percentile,dynamic_ratings,0.0,646,482,0.43614361222381914,0.45904646090948037,1.0,1.0,0.07659389281005391,0.5732301402133886,False,True,True,70.0,selected
diff__norm__rating__pagerank_margin__z,within_season_normalization,0.0,646,646,0.4478348473541098,0.45558251623024804,1.0,1.0,0.1379595343346664,0.5716848928350365,False,False,False,,below_bounded_prescreen
diff__rating__pagerank_margin_z,global_strength_ratings,0.0,646,646,0.4478348473541098,0.45558251623024804,1.0,1.0,0.1379595343346664,0.5716848928350365,False,True,True,66.0,selected
diff__rating__pagerank_margin,global_strength_ratings,0.0,646,646,0.44700795576258495,0.45558251512659736,1.0,1.0,0.13795953422652257,0.5715029761594745,False,True,False,,correlation_pruned_or_cap
diff__rating__elo_standard_percentile,dynamic_ratings,0.0,646,502,0.44114420580147284,0.4502763258553929,1.0,1.0,0.05996437839805274,0.5707857865509904,False,True,True,71.0,selected
diff__rating__bt_c0p25_percentile,global_strength_ratings,0.0,646,487,0.4356989470642695,0.4524095458145949,1.0,1.0,0.09627998943633215,0.5691591507676915,False,True,True,67.0,selected
diff__rating__pagerank_binary_percentile,global_strength_ratings,0.0,646,513,0.45348049600339957,0.43822184722257246,1.0,1.0,0.08381553471348052,0.5667595743990435,False,False,False,,below_bounded_prescreen
diff__schedule__oowp,schedule_and_accomplishment,0.0,646,646,0.43314184642036707,0.4456157480432014,1.0,1.0,0.06393102906071868,0.5666295241107887,False,True,False,,correlation_pruned_or_cap
diff__detailed__all__net_rtg_ros,detailed_efficiency,0.0,646,646,0.44935628708075015,0.44552024596661655,1.0,1.0,0.15281284304325027,0.5665955875000109,False,True,False,,correlation_pruned_or_cap
diff__norm__detailed__all__net_rtg_ros__z,within_season_normalization,0.0,646,646,0.4491254575904425,0.44552024684114866,1.0,1.0,0.1528128388697732,0.5665448055988578,False,False,False,,below_bounded_prescreen
diff__detailed__clean__net_rtg_ros,detailed_efficiency,0.0,646,646,0.44768683021650385,0.4444140711256626,1.0,1.0,0.152084342380586,0.5657264830927253,False,True,False,,correlation_pruned_or_cap
diff__norm__detailed__clean__net_rtg_ros__z,within_season_normalization,0.0,646,646,0.4474369019496063,0.44441407207944583,1.0,1.0,0.15208434751071204,0.5656714991266188,False,False,False,,below_bounded_prescreen
diff__compact__margin_mean,compact_performance,0.0,646,640,0.4507677924234663,0.4416013261328693,1.0,1.0,0.1413274379644961,0.56548445335836,False,True,False,,correlation_pruned_or_cap
diff__norm__compact__margin_mean__z,within_season_normalization,0.0,646,644,0.45046558096138595,0.4416013268738268,1.0,1.0,0.1413274369244074,0.5654179672339654,False,False,False,,below_bounded_prescreen
diff__norm__compact__margin_trim02__z,within_season_normalization,0.0,646,644,0.45046558096138595,0.4416013268738268,1.0,1.0,0.1413274369244074,0.5654179672339654,False,False,False,,below_bounded_prescreen
diff__detailed__poss0p44__net_rtg_mean,detailed_efficiency,0.0,646,646,0.44669730862204987,0.44395420828358734,1.0,1.0,0.15634183197392987,0.5651177545940157,False,True,False,,correlation_pruned_or_cap
diff__detailed__all__netrtg_mean,detailed_efficiency,0.0,646,646,0.44684521800745597,0.44351194169337527,1.0,1.0,0.1566920217704083,0.5649239991036441,False,True,False,,correlation_pruned_or_cap
diff__detailed__all__netrtg_trim02,detailed_efficiency,0.0,646,646,0.44684521800745597,0.44351194169337527,1.0,1.0,0.1566920217704083,0.5649239991036441,False,True,False,,correlation_pruned_or_cap
diff__detailed__poss0p475__net_rtg_mean,detailed_efficiency,0.0,646,646,0.44684521800745597,0.44351194169337527,1.0,1.0,0.1566920217704083,0.5649239991036441,False,True,False,,correlation_pruned_or_cap
diff__compact__margin_winsor02,compact_performance,0.0,646,646,0.45060144441534683,0.4394571230390938,1.0,1.0,0.1399836017471321,0.5644723927602561,False,True,False,,correlation_pruned_or_cap
diff__detailed__clean__netrtg_mean,detailed_efficiency,0.0,646,646,0.4452206375134632,0.44230392148300335,1.0,1.0,0.1558693393554928,0.5640196489905838,False,True,False,,correlation_pruned_or_cap
diff__detailed__clean__netrtg_trim02,detailed_efficiency,0.0,646,646,0.4452206375134632,0.44230392148300335,1.0,1.0,0.1558693393554928,0.5640196489905838,False,True,False,,correlation_pruned_or_cap
diff__compact__pythag_exp8p0,compact_performance,0.0,646,646,0.44022829984519724,0.44173758648588834,1.0,1.0,0.14754495265722678,0.5629824693728807,False,True,True,27.0,selected
diff__conference__strength_max,conference_context,0.0,646,565,0.4197769668790659,0.4477735297470389,1.0,1.0,0.13982989213412522,0.5616890313066082,False,False,False,,below_bounded_prescreen
diff__adj__net_rtg_a50p0_percentile,opponent_adjusted_efficiency,0.0,646,482,0.422410313825182,0.4417884079114558,1.0,1.0,0.08922427863008658,0.5614197336938354,False,True,True,16.0,selected
diff__norm__adj__net_rtg_a50p0__pct,within_season_normalization,0.0,646,482,0.422410313825182,0.4417884079114558,1.0,1.0,0.08922427863008658,0.5614197336938354,False,False,False,,below_bounded_prescreen
diff__compact__pythag_exp10p0,compact_performance,0.0,646,646,0.4349272221502583,0.43697823761388077,1.0,1.0,0.1416821632396743,0.5597662563981326,False,True,False,,correlation_pruned_or_cap
diff__compact__pythag_exp11p5,compact_performance,0.0,646,646,0.4297179610825901,0.43186762900102404,1.0,1.0,0.13658624382068202,0.556370963605834,False,True,False,,correlation_pruned_or_cap
diff__compact__upside_tail_mean,compact_performance,0.0,646,640,0.4401355330894668,0.4259268308715396,1.0,1.0,0.16223617393040846,0.5547852491408054,False,True,True,28.0,selected
diff__adj__off_rtg_a10p0,opponent_adjusted_efficiency,0.0,646,646,0.4033850222262594,0.42923819379048467,1.0,1.0,0.050886967098642766,0.552743559225264,False,True,True,17.0,selected
diff__compact__pythag_exp13p91,compact_performance,0.0,646,646,0.4192820300248011,0.42093922750892615,1.0,1.0,0.1262283985439681,0.549243739867982,False,True,False,,correlation_pruned_or_cap
diff__compact__wins,compact_performance,0.0,646,30,0.40840969532786786,0.4225421615566323,1.0,1.0,0.1053236598825174,0.5484574241240138,False,True,True,29.0,selected
diff__norm__detailed__all__net_rtg_ros__pct,within_season_normalization,0.0,646,515,0.40443729303815373,0.413543179611614,1.0,1.0,0.09291546147133656,0.543760312223115,False,False,False,,below_bounded_prescreen
diff__norm__detailed__clean__net_rtg_ros__pct,within_season_normalization,0.0,646,515,0.4030659894689478,0.4137255480007154,1.0,1.0,0.08886550407709487,0.543708160560428,False,False,False,,below_bounded_prescreen
diff__norm__compact__margin_mean__pct,within_season_normalization,0.0,646,517,0.402942627250372,0.41238464535413905,1.0,1.0,0.08255317404571627,0.5432898808032399,False,False,False,,below_bounded_prescreen
diff__norm__compact__margin_trim02__pct,within_season_normalization,0.0,646,517,0.402942627250372,0.41238464535413905,1.0,1.0,0.08255317404571627,0.5432898808032399,False,False,False,,below_bounded_prescreen
diff__schedule__opponent_strength_pct_mean,schedule_and_accomplishment,0.0,646,646,0.41282462086096766,0.40849158463200197,1.0,1.0,0.09412723561027148,0.5431322877883629,False,True,False,,correlation_pruned_or_cap
diff__conference__strength_percentile,conference_context,0.0,646,107,0.40913393014321675,0.4024689092929662,1.0,1.0,0.10523625584559904,0.5389850908583076,False,False,False,,below_bounded_prescreen
diff__seed__top8,selection_committee_prior,0.0,646,3,0.4124505414209194,0.39750933912562947,1.0,1.0,0.06769475276498027,0.5388358117823052,False,True,True,59.0,selected
diff__compact__margin_q90,compact_performance,0.0,646,307,0.39618660163774494,0.4095238125315306,1.0,1.0,0.13183253362426134,0.5384591810304681,False,True,True,30.0,selected
diff__norm__conference__strength_mean__pct,within_season_normalization,0.0,646,534,0.4062691447147751,0.4024485100039805,1.0,1.0,0.11047892519184394,0.5381353396314874,False,False,False,,below_bounded_prescreen
diff__norm__conference__strength_mean__z,within_season_normalization,0.0,646,565,0.39660876438502934,0.40612723557166375,1.0,1.0,0.10196930841575352,0.5381162289024749,False,False,False,,below_bounded_prescreen
diff__compact__home_margin_mean,compact_performance,0.0,646,637,0.4162339786005601,0.40055391816293007,1.0,1.0,0.1434112800920207,0.5381009048066488,False,True,True,31.0,selected
diff__schedule__opponent_strength_median,schedule_and_accomplishment,0.0,646,643,0.39815925821104553,0.40360587752902644,1.0,1.0,0.08888339941956358,0.5377705220435801,False,True,False,,correlation_pruned_or_cap
diff__schedule__top_quartile_games,schedule_and_accomplishment,0.0,646,39,0.41352967719864914,0.3946916075364089,1.0,1.0,0.06658851674310623,0.5377649599314548,False,True,False,,correlation_pruned_or_cap
diff__conference__strength_mean,conference_context,0.0,646,565,0.3922142529162517,0.4061272405399628,1.0,1.0,0.1019693094015236,0.5371494387246966,False,False,False,,below_bounded_prescreen
diff__norm__schedule__opponent_strength_mean__z,within_season_normalization,0.0,646,646,0.40456158954663257,0.3953198443106622,1.0,1.0,0.10495272268977685,0.5345589660617859,False,False,False,,below_bounded_prescreen
diff__schedule__opponent_strength_mean,schedule_and_accomplishment,0.0,646,646,0.40362370699279065,0.3953198427088813,1.0,1.0,0.10495272255186511,0.5343526311366024,False,True,False,,correlation_pruned_or_cap
diff__compact__margin_median,compact_performance,0.0,646,61,0.3846907876682354,0.4090345027536004,1.0,1.0,0.20336557693138696,0.5328339115314845,False,True,True,32.0,selected
diff__conference__strength_median,conference_context,0.0,646,565,0.3726093985909224,0.4060823586174822,1.0,1.0,0.11282327979981016,0.532380668634402,False,False,False,,below_bounded_prescreen
diff__rating__elo_mov_log_preseason,dynamic_ratings,0.0,646,646,0.3866734324932944,0.3953581867358189,1.0,1.0,0.07301208692841804,0.5319196013045812,False,True,True,72.0,selected
diff__rating__elo_mov_538_preseason,dynamic_ratings,0.0,646,646,0.3851412655320916,0.3944429322111881,1.0,1.0,0.07408205914751459,0.5311004035125299,False,True,False,,correlation_pruned_or_cap
diff__adj__def_rtg_a10p0,opponent_adjusted_efficiency,0.0,646,646,-0.3752538456404006,0.4064398961314776,1.0,1.0,0.16477588534588544,0.5310559607701619,False,True,True,18.0,selected
diff__compact__margin_q75,compact_performance,0.0,646,128,0.4094873704218667,0.3886952554734532,1.0,1.0,0.15703956244548184,0.5303793616222489,False,True,True,33.0,selected
diff__detailed__all__fourfactoredge_mean,detailed_efficiency,0.0,646,646,0.3906221720434883,0.39248248632074273,1.0,1.0,0.11037514742974641,0.529913465386334,False,True,False,,correlation_pruned_or_cap
diff__compact__blowout_win10_rate,compact_performance,0.0,646,531,0.39411807527993953,0.3968855115701604,1.0,1.0,0.1973840714158978,0.5293156592586277,False,True,True,34.0,selected
diff__detailed__clean__fourfactoredge_mean,detailed_efficiency,0.0,646,646,0.38955986840559803,0.3904304435310042,1.0,1.0,0.11346916348712754,0.5285710174046284,False,True,False,,correlation_pruned_or_cap
diff__detailed__home__net_rtg_mean,detailed_efficiency,0.0,646,646,0.4095382919427868,0.38483307197068417,1.0,1.0,0.16083054504236127,0.528385076971647,False,True,False,,correlation_pruned_or_cap
diff__compact__margin_q25,compact_performance,0.0,646,123,0.3795808811783082,0.4004023114747146,1.0,1.0,0.19498352974485755,0.5279015621772964,False,True,True,35.0,selected
diff__detailed__all__netrtg_median,detailed_efficiency,0.0,646,646,0.3870425960958275,0.3952059248127448,1.0,1.0,0.20096001626785098,0.5268098144004855,False,True,False,,correlation_pruned_or_cap
diff__schedule__elite_wins,schedule_and_accomplishment,0.0,646,20,0.3760957769534024,0.3911010460554729,1.0,1.0,0.10206365966333353,0.5263870266498422,False,True,False,,correlation_pruned_or_cap
diff__detailed__clean__netrtg_median,detailed_efficiency,0.0,646,646,0.3869424270471188,0.39347813596456777,1.0,1.0,0.1982698693209064,0.5260660444405224,False,False,False,,below_bounded_prescreen
diff__norm__compact__win_pct__z,within_season_normalization,0.0,646,601,0.37297158586671286,0.40110142740188914,1.0,1.0,0.22462803751296367,0.5255973125430651,False,False,False,,below_bounded_prescreen
diff__compact__win_pct,compact_performance,0.0,646,536,0.37187737095895435,0.40110142870770676,1.0,1.0,0.22462803899180467,0.525356585830997,False,True,True,36.0,selected
diff__schedule__wp,schedule_and_accomplishment,0.0,646,536,0.37187737095895435,0.40110142870770676,1.0,1.0,0.22462803899180467,0.525356585830997,False,True,False,,correlation_pruned_or_cap
diff__adj__off_rtg_a50p0,opponent_adjusted_efficiency,0.0,646,646,0.3613591630911792,0.389211689685125,1.0,1.0,0.06972446432578239,0.5235316483558882,False,True,False,,correlation_pruned_or_cap
diff__compact__ewm_h10_margin,compact_performance,0.0,646,646,0.37935571337455554,0.3846050445817736,1.0,1.0,0.12856982960621655,0.5229258851574048,False,True,True,37.0,selected
diff__compact__half_winpct_first,compact_performance,0.0,646,301,0.3774291319830736,0.3778653666352633,1.0,1.0,0.07058744772093184,0.5215862871123653,False,True,True,38.0,selected
diff__compact__blowout_win20_rate,compact_performance,0.0,646,540,0.3993439769866552,0.3697114541840687,1.0,1.0,0.14477705417516906,0.5195260907784104,False,True,True,39.0,selected
diff__detailed__ewm_h20__netrtg,detailed_efficiency,0.0,646,646,0.36604039097193797,0.3792866300134635,1.0,1.0,0.10586849774418627,0.5183517285105214,False,False,False,,below_bounded_prescreen
diff__compact__downside_tail_mean,compact_performance,0.0,646,630,-0.3648269423914855,0.3788793214978138,1.0,1.0,0.1639019849412945,0.5155679222474256,False,True,True,40.0,selected
diff__compact__ewm_h20_margin,compact_performance,0.0,646,646,0.3656274117239713,0.37250124934550743,1.0,1.0,0.10465139665209966,0.5150525743990332,False,True,True,41.0,selected
diff__detailed__all__off_rtg_ros,detailed_efficiency,0.0,646,646,0.35234955078923563,0.3755118224808667,1.0,1.0,0.07916303150440629,0.5145960547042716,False,False,False,,below_bounded_prescreen
diff__detailed__clean__off_rtg_ros,detailed_efficiency,0.0,646,646,0.3516659989758354,0.375746781311861,1.0,1.0,0.07938925432156729,0.5145494046315143,False,False,False,,below_bounded_prescreen
diff__detailed__ewm_h10__netrtg,detailed_efficiency,0.0,646,646,0.37028192095623413,0.3697983132279233,1.0,1.0,0.1411009808977432,0.513321173723865,False,False,False,,below_bounded_prescreen
diff__detailed__clean__offrtg_mean,detailed_efficiency,0.0,646,646,0.34705104261807374,0.37227438322233675,1.0,1.0,0.07613368174786239,0.5119975860527833,False,False,False,,below_bounded_prescreen
diff__detailed__clean__offrtg_trim02,detailed_efficiency,0.0,646,646,0.34705104261807374,0.37227438322233675,1.0,1.0,0.07613368174786239,0.5119975860527833,False,False,False,,below_bounded_prescreen
diff__detailed__all__offrtg_mean,detailed_efficiency,0.0,646,646,0.34764814724693865,0.37186863627988287,1.0,1.0,0.07589945550161653,0.5119435595886056,False,False,False,,below_bounded_prescreen
diff__detailed__all__offrtg_trim02,detailed_efficiency,0.0,646,646,0.34764814724693865,0.37186863627988287,1.0,1.0,0.07589945550161653,0.5119435595886056,False,False,False,,below_bounded_prescreen
diff__detailed__poss0p475__off_rtg_mean,detailed_efficiency,0.0,646,646,0.34764814724693865,0.37186863627988287,1.0,1.0,0.07589945550161653,0.5119435595886056,False,False,False,,below_bounded_prescreen
diff__compact__losses,compact_performance,0.0,646,27,-0.3537702268919816,0.3812138711568261,1.0,1.0,0.23020754850640712,0.5116038061312562,False,True,False,,correlation_pruned_or_cap
diff__detailed__poss0p44__off_rtg_mean,detailed_efficiency,0.0,646,646,0.3461653871148609,0.3695099449042193,1.0,1.0,0.08064378570872338,0.5102954072909457,False,False,False,,below_bounded_prescreen
diff__schedule__owp,schedule_and_accomplishment,0.0,646,646,0.3723264962770815,0.35669858158235745,1.0,1.0,0.11006588558719221,0.5087245129170017,False,True,False,,correlation_pruned_or_cap
diff__rating__elo_standard_preseason,dynamic_ratings,0.0,646,646,0.36188951205877473,0.35772422398561915,1.0,1.0,0.07256082886849202,0.508420887011288,False,True,True,73.0,selected
diff__compact__away_games,compact_performance,0.0,646,19,-0.3508326785385859,0.3577879698431407,1.0,1.0,0.09729191952623917,0.5050297380221469,False,True,True,42.0,selected
diff__detailed__away__games,detailed_efficiency,0.0,646,19,-0.3508326785385859,0.3577879698431407,1.0,1.0,0.09729191952623917,0.5050297380221469,False,False,False,,below_bounded_prescreen
diff__detailed__ewm_h20__fourfactoredge,detailed_efficiency,0.0,646,646,0.33076547092965974,0.3682103797250972,1.0,1.0,0.1300703046609597,0.5043065736861334,False,False,False,,below_bounded_prescreen
diff__compact__half_delta_marginmean,compact_performance,0.0,646,638,-0.33748998557198984,0.3562171049678382,1.0,1.0,0.07976735177411692,0.5020413131394353,False,True,True,43.0,selected
diff__compact__margin_slope,compact_performance,0.0,646,646,-0.34675871179507345,0.3498704666407745,1.0,1.0,0.10779174527846663,0.4999130707713492,False,True,True,44.0,selected
diff__norm__compact__win_pct__pct,within_season_normalization,0.0,646,540,0.3465088995225863,0.355632052133956,1.0,1.0,0.18394526673076783,0.4995775322500372,False,False,False,,below_bounded_prescreen
diff__compact__margin_q10,compact_performance,0.0,646,262,0.34916555787726067,0.3544554480808757,1.0,1.0,0.1850612703307828,0.4995525869985864,False,True,True,45.0,selected
diff__detailed__ewm_h20__offrtg,detailed_efficiency,0.0,646,646,0.32941161564585675,0.3438111055368417,1.0,1.0,0.07507731854020061,0.49449679335816443,False,False,False,,below_bounded_prescreen
diff__schedule__bad_losses,schedule_and_accomplishment,0.0,646,13,-0.3197013450799714,0.34230796379070383,1.0,1.0,0.06742916730151799,0.49194495184507075,False,True,False,,correlation_pruned_or_cap
diff__compact__blowout_loss10_rate,compact_performance,0.0,646,432,-0.3217886526239033,0.333404833624607,1.0,1.0,0.15395627822759467,0.4846695725879662,False,True,True,46.0,selected
diff__detailed__ewm_h10__offrtg,detailed_efficiency,0.0,646,646,0.3026646022535793,0.3354349265492599,1.0,1.0,0.10398078597178456,0.48343574580056076,False,False,False,,below_bounded_prescreen
diff__compact__half_pointsformean_first,compact_performance,0.0,646,605,0.3252748164111743,0.3226093189004152,1.0,1.0,0.08697010124572896,0.4829341286328285,False,True,True,47.0,selected
diff__detailed__all__fourfactoredge_median,detailed_efficiency,0.0,646,646,0.33299941848697706,0.32771277501042356,1.0,1.0,0.19720684016862705,0.48267373046539314,False,False,False,,below_bounded_prescreen
diff__compact__ewm_h20_win,compact_performance,0.0,646,646,0.3112961701078094,0.3358305089190721,1.0,1.0,0.1781130423556485,0.48255928001064674,False,True,True,48.0,selected
diff__detailed__clean__fourfactoredge_median,detailed_efficiency,0.0,646,646,0.3320237998497757,0.3271326727742855,1.0,1.0,0.19435998246177255,0.4822945196001368,False,False,False,,below_bounded_prescreen
diff__detailed__away__net_rtg_mean,detailed_efficiency,0.0,646,646,0.3229038428335823,0.3158058229403986,1.0,1.0,0.1536494051917428,0.4764796642271097,False,False,False,,below_bounded_prescreen
diff__detailed__ewm_h10__fourfactoredge,detailed_efficiency,0.0,646,646,0.31519140808410684,0.31760918470401756,1.0,1.0,0.1489682423828755,0.4758357887411169,False,False,False,,below_bounded_prescreen
diff__compact__away_margin_mean,compact_performance,0.0,646,622,0.32289799663100777,0.3144799567464709,1.0,1.0,0.15770895016373881,0.4756795804905782,False,False,False,,below_bounded_prescreen
diff__detailed__all__offrtg_median,detailed_efficiency,0.0,646,646,0.3098631619919473,0.31924745665776866,1.0,1.0,0.16957420399126677,0.47462570667430665,False,False,False,,below_bounded_prescreen
diff__adj__def_rtg_a50p0,opponent_adjusted_efficiency,0.0,646,646,-0.30266192057984,0.32277306758010793,1.0,1.0,0.19026690617872316,0.4739060187188676,False,True,True,19.0,selected
diff__detailed__clean__offrtg_median,detailed_efficiency,0.0,646,646,0.308841919551331,0.31610305580137477,1.0,1.0,0.16870510616911003,0.47292648483918825,False,False,False,,below_bounded_prescreen
diff__detailed__all__fourfactorcomposite_mean,detailed_efficiency,0.0,646,646,0.30232162157708,0.3118295053030432,1.0,1.0,0.10347099689352207,0.4720500794166775,False,False,False,,below_bounded_prescreen
diff__detailed__home__off_rtg_mean,detailed_efficiency,0.0,646,646,0.3032918397640152,0.3101527311311659,1.0,1.0,0.08892343223110782,0.4720405784017986,False,False,False,,below_bounded_prescreen
diff__detailed__clean__fourfactorcomposite_mean,detailed_efficiency,0.0,646,646,0.3024956262525399,0.31013147684064235,1.0,1.0,0.10082908300320437,0.4713789833389389,False,False,False,,below_bounded_prescreen
diff__compact__ewm_h10_win,compact_performance,0.0,646,646,0.2866622202495027,0.3162083110484676,1.0,1.0,0.17560445849928835,0.46782149941818346,False,False,False,,below_bounded_prescreen
diff__compact__away_win_pct,compact_performance,0.0,646,394,0.29128095795271663,0.30657688794730253,1.0,1.0,0.14950054226461829,0.4652586952737181,False,False,False,,below_bounded_prescreen
diff__schedule__top_decile_games,schedule_and_accomplishment,0.0,646,29,0.313287573116738,0.29458626299193635,1.0,1.0,0.16895935707098167,0.4635662980389726,False,True,False,,correlation_pruned_or_cap
diff__compact__home_games,compact_performance,0.0,646,19,0.2958264144274201,0.2951129095345979,1.0,1.0,0.11458617630386053,0.462152560698485,False,False,False,,below_bounded_prescreen
diff__detailed__home__games,detailed_efficiency,0.0,646,19,0.2958264144274201,0.2951129095345979,1.0,1.0,0.11458617630386053,0.462152560698485,False,False,False,,below_bounded_prescreen
diff__detailed__clean__fourfactorcomposite_median,detailed_efficiency,0.0,646,646,0.27645824534192265,0.2982404673027466,1.0,1.0,0.07951946883670147,0.4607954595270733,False,False,False,,below_bounded_prescreen
diff__detailed__all__fourfactorcomposite_median,detailed_efficiency,0.0,646,646,0.2752424207421656,0.29716642827814616,1.0,1.0,0.08481044344448646,0.4598008003990071,False,False,False,,below_bounded_prescreen
diff__detailed__away__off_rtg_mean,detailed_efficiency,0.0,646,646,0.2836893714871571,0.28804887498792636,1.0,1.0,0.058371690925478226,0.45834025408436,False,False,False,,below_bounded_prescreen
diff__compact__ewm_h20_points_for,compact_performance,0.0,646,646,0.2824633779970541,0.27929737236347746,1.0,1.0,0.05314824786001382,0.4540787519794205,False,False,False,,below_bounded_prescreen
diff__compact__days_since_last_game,compact_performance,0.0,646,17,-0.2608719260670283,0.2993122159127475,1.0,1.0,0.219432001400664,0.45228440731683844,False,False,False,,below_bounded_prescreen
diff__compact__last_game_day,compact_performance,0.0,646,17,0.2608719260670283,0.2993122159127475,1.0,1.0,0.219432001400664,0.45228440731683844,False,False,False,,below_bounded_prescreen
diff__detailed__clean__def_rtg_ros,detailed_efficiency,0.0,646,646,-0.273114006992027,0.28019614847346785,1.0,1.0,0.19475653833182888,0.4467889712722373,False,False,False,,below_bounded_prescreen
diff__detailed__all__def_rtg_ros,detailed_efficiency,0.0,646,646,-0.27439690561062235,0.2790859457125589,1.0,1.0,0.20428028388233904,0.44615736182107163,False,False,False,,below_bounded_prescreen
diff__detailed__poss0p44__def_rtg_mean,detailed_efficiency,0.0,646,646,-0.271731764696501,0.2742925350887304,1.0,1.0,0.18797184932412705,0.4439225311028557,False,False,False,,below_bounded_prescreen
diff__detailed__all__assistturnoverratio_mean,detailed_efficiency,0.0,646,646,0.2393075414314565,0.28849211702464594,1.0,1.0,0.18169943763906207,0.443855897781188,False,False,False,,below_bounded_prescreen
diff__detailed__clean__assistturnoverratio_mean,detailed_efficiency,0.0,646,646,0.23906763705402945,0.2885254210773858,1.0,1.0,0.18193070978450077,0.4438098538776517,False,False,False,,below_bounded_prescreen
diff__detailed__clean__defrtg_mean,detailed_efficiency,0.0,646,646,-0.2690068896339787,0.27467427503453345,1.0,1.0,0.18836779490191427,0.4434904559399748,False,False,False,,below_bounded_prescreen
diff__detailed__clean__defrtg_trim02,detailed_efficiency,0.0,646,646,-0.2690068896339787,0.27467427503453345,1.0,1.0,0.18836779490191427,0.4434904559399748,False,False,False,,below_bounded_prescreen
diff__detailed__all__defrtg_mean,detailed_efficiency,0.0,646,646,-0.2702943081696385,0.2739688401343877,1.0,1.0,0.18890637570219032,0.44341353603373895,False,False,False,,below_bounded_prescreen
diff__detailed__all__defrtg_trim02,detailed_efficiency,0.0,646,646,-0.2702943081696385,0.2739688401343877,1.0,1.0,0.18890637570219032,0.44341353603373895,False,False,False,,below_bounded_prescreen
diff__detailed__poss0p475__def_rtg_mean,detailed_efficiency,0.0,646,646,-0.2702943081696385,0.2739688401343877,1.0,1.0,0.18890637570219032,0.44341353603373895,False,False,False,,below_bounded_prescreen
diff__compact__half_delta_pointsformean,compact_performance,0.0,646,636,-0.25777709720135367,0.2690348086396286,1.0,1.0,0.09098499658726839,0.4422082696678288,False,False,False,,below_bounded_prescreen
diff__conference__tourney_last_day,conference_context,0.018575851393188854,634,17,0.2522150842975207,0.2798868525161549,1.0,1.0,0.20697040680237866,0.4400681233696586,False,False,False,,below_bounded_prescreen
diff__compact__points_for_mean,compact_performance,0.0,646,641,0.26667028276650845,0.25933545423350335,1.0,1.0,0.1267715315264503,0.4380776189796554,False,False,False,,below_bounded_prescreen
diff__detailed__all__assist_to_turnover_ros,detailed_efficiency,0.0,646,646,0.24485213806401093,0.2783996213563774,1.0,1.0,0.24154317456472016,0.4378375616425547,False,False,False,,below_bounded_prescreen
diff__detailed__clean__assist_to_turnover_ros,detailed_efficiency,0.0,646,646,0.24441409036246134,0.27800462666561054,1.0,1.0,0.2415335791399157,0.43755197751363795,False,False,False,,below_bounded_prescreen
diff__detailed__all__blockpct_mean,detailed_efficiency,0.0,646,646,0.2406912496254941,0.2752158117239003,1.0,1.0,0.2011731612264466,0.437008738096023,False,False,False,,below_bounded_prescreen
diff__detailed__clean__blockpct_mean,detailed_efficiency,0.0,646,646,0.24046461602590782,0.2747919289501648,1.0,1.0,0.2000594561600618,0.4367999631753763,False,False,False,,below_bounded_prescreen
diff__detailed__all__opptrueshootingpct_mean,detailed_efficiency,0.0,646,646,-0.26513457883792313,0.2621546215376982,1.0,1.0,0.20672959933248103,0.43589464170913894,False,False,False,,below_bounded_prescreen
diff__compact__home_win_pct,compact_performance,0.0,646,336,0.25718057528075877,0.25740010073294095,1.0,1.0,0.12048978660609067,0.435312183449335,False,False,False,,below_bounded_prescreen
diff__detailed__clean__opptrueshootingpct_mean,detailed_efficiency,0.0,646,646,-0.26509095410368927,0.2608102959062195,1.0,1.0,0.21127708915938323,0.43505786837142174,False,False,False,,below_bounded_prescreen
diff__detailed__clean__orb_pct_ros,detailed_efficiency,0.0,646,646,0.24301774525920203,0.26490248328771937,1.0,1.0,0.1461160182839169,0.4347724552037731,False,False,False,,below_bounded_prescreen
diff__detailed__all__orb_pct_ros,detailed_efficiency,0.0,646,646,0.2426301820137732,0.26488447271808707,1.0,1.0,0.14608391434811435,0.43467983037378727,False,False,False,,below_bounded_prescreen
diff__compact__blowout_loss20_rate,compact_performance,0.0,646,130,-0.24829389266001958,0.2538274190487116,1.0,1.0,0.058301806547862545,0.4341297452666713,False,False,False,,below_bounded_prescreen
diff__detailed__all__assistturnoverratio_median,detailed_efficiency,0.0,646,572,0.22745648966974857,0.27407204158711307,1.0,1.0,0.20805442875351668,0.43327283053901827,False,False,False,,below_bounded_prescreen
diff__detailed__clean__assistturnoverratio_median,detailed_efficiency,0.0,646,572,0.22745321010714514,0.27334671299294727,1.0,1.0,0.20741310585421635,0.43294960422601797,False,False,False,,below_bounded_prescreen
diff__detailed__clean__oppfourfactorcomposite_mean,detailed_efficiency,0.0,646,646,-0.279335079972171,0.24086419563990463,1.0,1.0,0.1295867003267947,0.4318850634879601,False,False,False,,below_bounded_prescreen
diff__detailed__all__oppfourfactorcomposite_mean,detailed_efficiency,0.0,646,646,-0.2805369809903179,0.23876017720827458,1.0,1.0,0.12766572561304618,0.43121639185331984,False,False,False,,below_bounded_prescreen
diff__detailed__ewm_h20__tovpct,detailed_efficiency,0.0,646,646,-0.2504517132040657,0.25522612308366394,1.0,1.0,0.1726266698319702,0.4307028491917743,False,False,False,,below_bounded_prescreen
diff__detailed__clean__tov_pct_ros,detailed_efficiency,0.0,646,646,-0.2347081476960801,0.2657898637180476,1.0,1.0,0.21436816291452107,0.43064020056121954,False,False,False,,below_bounded_prescreen
diff__detailed__all__tov_pct_ros,detailed_efficiency,0.0,646,646,-0.23449328687326101,0.2643532580492662,1.0,1.0,0.21392295198621417,0.4299211688963166,False,False,False,,below_bounded_prescreen
diff__detailed__clean__orbpct_mean,detailed_efficiency,0.0,646,646,0.2367890139394974,0.25926734211006364,1.0,1.0,0.17264023096141615,0.4296362980410633,False,False,False,,below_bounded_prescreen
diff__detailed__clean__orbpct_trim02,detailed_efficiency,0.0,646,646,0.2367890139394974,0.25926734211006364,1.0,1.0,0.17264023096141615,0.4296362980410633,False,False,False,,below_bounded_prescreen
diff__detailed__all__orbpct_mean,detailed_efficiency,0.0,646,646,0.23655667961365548,0.25520426679976227,1.0,1.0,0.1743470631964471,0.4275666350510322,False,False,False,,below_bounded_prescreen
diff__detailed__all__orbpct_trim02,detailed_efficiency,0.0,646,646,0.23655667961365548,0.25520426679976227,1.0,1.0,0.1743470631964471,0.4275666350510322,False,False,False,,below_bounded_prescreen
diff__detailed__all__opptrueshootingpct_median,detailed_efficiency,0.0,646,646,-0.2514300080260447,0.24713636928925628,1.0,1.0,0.18004245861362628,0.42673836068002785,False,False,False,,below_bounded_prescreen
diff__detailed__clean__tovpct_mean,detailed_efficiency,0.0,646,646,-0.2307410267226592,0.2590871102454181,1.0,1.0,0.22119316585369675,0.4262771121626378,False,False,False,,below_bounded_prescreen
diff__detailed__clean__tovpct_trim02,detailed_efficiency,0.0,646,646,-0.2307410267226592,0.2590871102454181,1.0,1.0,0.22119316585369675,0.4262771121626378,False,False,False,,below_bounded_prescreen
diff__detailed__all__tovpct_mean,detailed_efficiency,0.0,646,646,-0.23059386809977003,0.25783112965316757,1.0,1.0,0.2208417167126125,0.4256559245469654,False,False,False,,below_bounded_prescreen
diff__detailed__all__tovpct_trim02,detailed_efficiency,0.0,646,646,-0.23059386809977003,0.25783112965316757,1.0,1.0,0.2208417167126125,0.4256559245469654,False,False,False,,below_bounded_prescreen
diff__detailed__clean__opptrueshootingpct_median,detailed_efficiency,0.0,646,646,-0.25036871865925514,0.243260419426162,1.0,1.0,0.1751855405697723,0.42483869780680295,False,False,False,,below_bounded_prescreen
diff__detailed__all__oppfourfactorcomposite_median,detailed_efficiency,0.0,646,646,-0.246167054984129,0.23810005941641812,1.0,1.0,0.12255137973782593,0.423542725426876,False,False,False,,below_bounded_prescreen
diff__detailed__clean__oppfourfactorcomposite_median,detailed_efficiency,0.0,646,646,-0.2437585862799102,0.2378286257501564,1.0,1.0,0.10999282419014972,0.4233849163740493,False,False,False,,below_bounded_prescreen
diff__compact__win_slope,compact_performance,0.0,646,635,-0.22956606754825745,0.23941418122559183,1.0,1.0,0.0914635354946933,0.421764800429113,False,False,False,,below_bounded_prescreen
diff__detailed__all__defrtg_median,detailed_efficiency,0.0,646,646,-0.238880404942032,0.24024155504361722,1.0,1.0,0.15846049928673608,0.4215312155367138,False,False,False,,below_bounded_prescreen
diff__compact__ewm_h10_points_for,compact_performance,0.0,646,646,0.22993720492326786,0.23967769050281468,1.0,1.0,0.11647913776581315,0.4209723110138375,False,False,False,,below_bounded_prescreen
diff__detailed__clean__defrtg_median,detailed_efficiency,0.0,646,646,-0.2351143157756692,0.23723340983529664,1.0,1.0,0.13824497296711583,0.42006738727290494,False,False,False,,below_bounded_prescreen
diff__rating__elo_standard_delta,dynamic_ratings,0.0,646,646,0.2244677174212582,0.2453411206420153,1.0,1.0,0.18306739985907658,0.419823939746481,False,True,True,74.0,selected
diff__detailed__all__orbpct_median,detailed_efficiency,0.0,646,627,0.23262138950320024,0.237098533321546,1.0,1.0,0.14737087336404409,0.41908916675048435,False,False,False,,below_bounded_prescreen
diff__detailed__clean__orbpct_median,detailed_efficiency,0.0,646,625,0.23238203668658483,0.2338153322194061,1.0,1.0,0.1487237928863955,0.41740645582090774,False,False,False,,below_bounded_prescreen
diff__detailed__ewm_h10__tovpct,detailed_efficiency,0.0,646,646,-0.22528168349365632,0.23915143914290388,1.0,1.0,0.19146529784447103,0.41669604924341935,False,False,False,,below_bounded_prescreen
diff__detailed__clean__tovpct_median,detailed_efficiency,0.0,646,646,-0.21880560656310835,0.2401833585565859,1.0,1.0,0.2162897705530493,0.41477365472892314,False,False,False,,below_bounded_prescreen
diff__detailed__all__tovpct_median,detailed_efficiency,0.0,646,646,-0.21856853847555424,0.23817376558751885,1.0,1.0,0.21461789087590455,0.4138237703115948,False,False,False,,below_bounded_prescreen
diff__detailed__all__fg_pct_ros,detailed_efficiency,0.0,646,646,0.21330340274945792,0.2240165868081508,1.0,1.0,0.10857225559462141,0.41011182004900826,False,False,False,,below_bounded_prescreen
diff__detailed__clean__blockpct_median,detailed_efficiency,0.0,646,628,0.2527924159830724,0.27920253120908206,0.8,1.0,0.19912932546361486,0.40966637347809065,False,False,False,,below_bounded_prescreen
diff__detailed__clean__fg_pct_ros,detailed_efficiency,0.0,646,646,0.213079776091308,0.22295255455536153,1.0,1.0,0.10858737805781443,0.40955128180434874,False,False,False,,below_bounded_prescreen
diff__detailed__all__blockpct_median,detailed_efficiency,0.0,646,628,0.25309668828142695,0.27882888334934786,0.8,1.0,0.1995029474629429,0.4095390175310831,False,False,False,,below_bounded_prescreen
diff__detailed__ewm_h20__orbpct,detailed_efficiency,0.0,646,646,0.22579109228193778,0.2099077976876575,1.0,1.0,0.0752406400114205,0.40742015759164507,False,False,False,,below_bounded_prescreen
diff__detailed__ewm_h10__orbpct,detailed_efficiency,0.0,646,646,0.21859795435951307,0.21294556146455576,1.0,1.0,0.09992762910836284,0.40630831429774517,False,False,False,,below_bounded_prescreen
diff__detailed__all__opp_efg_ros,detailed_efficiency,0.0,646,646,-0.23843400645693433,0.27304160811810224,0.8,1.0,0.21420678729314316,0.4029471818254889,False,False,False,,below_bounded_prescreen
diff__detailed__clean__opp_efg_ros,detailed_efficiency,0.0,646,646,-0.23897283499758187,0.2726027834556193,0.8,1.0,0.21585156455678456,0.40278929717589385,False,False,False,,below_bounded_prescreen
diff__detailed__clean__fgpct_mean,detailed_efficiency,0.0,646,646,0.20341579964943066,0.2102543780454295,1.0,1.0,0.10324816087441135,0.40154365094970446,False,False,False,,below_bounded_prescreen
diff__detailed__all__fgpct_mean,detailed_efficiency,0.0,646,646,0.2036207342503048,0.2095137006451526,1.0,1.0,0.10409210008864347,0.4011994538411946,False,False,False,,below_bounded_prescreen
diff__compact__rest_days_std,compact_performance,0.0,646,646,-0.24725175661776572,0.19409071943894513,1.0,1.0,0.190081838169304,0.3999556582598299,False,False,False,,below_bounded_prescreen
diff__detailed__all__oppefg_mean,detailed_efficiency,0.0,646,646,-0.23662476104629115,0.26762681720621595,0.8,1.0,0.21554179293411693,0.3998966479718031,False,False,False,,below_bounded_prescreen
diff__detailed__clean__oppefg_mean,detailed_efficiency,0.0,646,646,-0.2371256935042597,0.26693202985569764,0.8,1.0,0.21732499440123865,0.3996020271256224,False,False,False,,below_bounded_prescreen
diff__detailed__all__rebound_share_ros,detailed_efficiency,0.0,646,646,0.23108063368916848,0.1939317443156975,1.0,1.0,0.13531447450694248,0.39851239770287417,False,False,False,,below_bounded_prescreen
diff__rating__elo_mov_log_delta,dynamic_ratings,0.0,646,646,0.20345137279143985,0.20636071249312998,1.0,1.0,0.13920226338506406,0.3982443534754166,False,True,True,75.0,selected
diff__detailed__clean__rebound_share_ros,detailed_efficiency,0.0,646,646,0.23048912321981968,0.1930535469446656,1.0,1.0,0.13658074970501174,0.39791007965359937,False,False,False,,below_bounded_prescreen
diff__rating__elo_mov_538_delta,dynamic_ratings,0.0,646,646,0.20254464398557986,0.20586132244563055,1.0,1.0,0.1420067042855858,0.39769298827930677,False,True,False,,correlation_pruned_or_cap
diff__detailed__clean__games,detailed_efficiency,0.0,646,14,0.23454458161879535,0.25877723733406366,0.8,1.0,0.170431502746277,0.3969956217666345,False,False,False,,below_bounded_prescreen
diff__detailed__all__reboundshare_mean,detailed_efficiency,0.0,646,646,0.227704580785904,0.18997873722851905,1.0,1.0,0.1279453379657628,0.39616698812395756,False,False,False,,below_bounded_prescreen
diff__detailed__clean__reboundshare_mean,detailed_efficiency,0.0,646,646,0.22705769642239895,0.18883395718448046,1.0,1.0,0.12904678854577,0.3954311211196476,False,False,False,,below_bounded_prescreen
diff__context__d1_tenure,availability_and_context,0.0,646,21,0.1849632409402553,0.20377300218711458,1.0,1.0,0.08089200446125544,0.3952672738782209,False,False,False,,below_bounded_prescreen
diff__detailed__all__reboundshare_median,detailed_efficiency,0.0,646,641,0.22435281350632333,0.1933597240568517,1.0,1.0,0.17866513997045305,0.3950236809198618,False,False,False,,below_bounded_prescreen
diff__detailed__clean__reboundshare_median,detailed_efficiency,0.0,646,642,0.2245321915245761,0.19338826361559847,1.0,1.0,0.1811130068660926,0.39497892839625026,False,False,False,,below_bounded_prescreen
diff__compact__half_delta_winpct,compact_performance,0.0,646,490,-0.19278425786884365,0.19508384805082826,1.0,1.0,0.042890322802120406,0.3943371708834584,False,False,False,,below_bounded_prescreen
diff__compact__games,compact_performance,0.0,646,14,0.2284463738289215,0.25432385513938915,0.8,1.0,0.20343751513999966,0.3921961521036696,False,False,False,,below_bounded_prescreen
diff__detailed__all__games,detailed_efficiency,0.0,646,14,0.2284463738289215,0.25432385513938915,0.8,1.0,0.20343751513999966,0.3921961521036696,False,False,False,,below_bounded_prescreen
diff__quality__CompactGames,detailed_efficiency,0.0,646,14,0.2284463738289215,0.25432385513938915,0.8,1.0,0.20343751513999966,0.3921961521036696,False,False,False,,below_bounded_prescreen
diff__quality__DetailedGames,detailed_efficiency,0.0,646,14,0.2284463738289215,0.25432385513938915,0.8,1.0,0.20343751513999966,0.3921961521036696,False,False,False,,below_bounded_prescreen
diff__conference__team_count,conference_context,0.0,646,17,0.19164852256595186,0.19381309577779698,1.0,1.0,0.08197576736871748,0.3919139302431032,False,False,False,,below_bounded_prescreen
diff__detailed__home__def_rtg_mean,detailed_efficiency,0.0,646,646,-0.23519843339558355,0.24527739373774265,0.8,1.0,0.14124165356899326,0.3918271381983851,False,False,False,,below_bounded_prescreen
diff__detailed__ewm_h20__efg,detailed_efficiency,0.0,646,646,0.18895136103603447,0.19097799278924907,1.0,1.0,0.07436208752801465,0.3902642524656466,False,False,False,,below_bounded_prescreen
diff__detailed__all__oppefg_median,detailed_efficiency,0.0,646,643,-0.2119364235666224,0.2561029537811661,0.8,1.0,0.18290771171860032,0.3902391225308726,False,False,False,,below_bounded_prescreen
diff__detailed__clean__oppefg_median,detailed_efficiency,0.0,646,644,-0.21071102811969192,0.25386152254784644,0.8,1.0,0.18439699640559665,0.38883407715307466,False,False,False,,below_bounded_prescreen
diff__detailed__all__oppfgpct_mean,detailed_efficiency,0.0,646,646,-0.22455962170437882,0.2429345332444568,0.8,1.0,0.17182661447231354,0.3871386281534101,False,False,False,,below_bounded_prescreen
diff__compact__half_pointsagainstmean_first,compact_performance,0.0,646,606,-0.2197045319487236,0.17752393702917088,1.0,1.0,0.16664559963212355,0.38688066281743627,False,False,False,,below_bounded_prescreen
diff__detailed__clean__oppfgpct_mean,detailed_efficiency,0.0,646,646,-0.2246029765108757,0.24082881735200812,0.8,1.0,0.1732917432894354,0.3860788174297791,False,False,False,,below_bounded_prescreen
diff__detailed__clean__oppftrate_median,detailed_efficiency,0.0,646,646,-0.17639124901022638,0.1959559554763612,1.0,1.0,0.1732336741248973,0.3859355864459072,False,False,False,,below_bounded_prescreen
diff__detailed__ewm_h20__defrtg,detailed_efficiency,0.0,646,646,-0.20007552196314585,0.1785794491171911,1.0,1.0,0.10046039585067412,0.3857163345741168,False,False,False,,below_bounded_prescreen
diff__compact__last20_margin_mean,compact_performance,0.0,646,346,0.21866275519982015,0.17766800403532607,1.0,1.0,0.1933278928166469,0.38565333236825106,False,False,False,,below_bounded_prescreen
diff__detailed__all__oppftrate_median,detailed_efficiency,0.0,646,646,-0.1760531862612462,0.1942998365230637,1.0,1.0,0.17468959449575688,0.3850080387287144,False,False,False,,below_bounded_prescreen
diff__detailed__last20__four_factor_edge_mean,detailed_efficiency,0.0,646,646,0.1714884283153592,0.19071444505074148,1.0,1.0,0.11891953255540666,0.38451360655151867,False,False,False,,below_bounded_prescreen
diff__detailed__last20__orb_pct_mean,detailed_efficiency,0.0,646,646,0.18842025128524142,0.17500397861545725,1.0,1.0,0.11038976725780647,0.38103877432786026,False,False,False,,below_bounded_prescreen
diff__compact__half_delta_pointsagainstmean,compact_performance,0.0,646,640,0.2082529382183631,0.22922326650603358,0.8,1.0,0.10402108703043461,0.37968197084971866,False,False,False,,below_bounded_prescreen
diff__compact__neutral_games,compact_performance,0.03560371517027864,623,15,0.1941330015735596,0.17666411698001272,1.0,1.0,0.2187822117155845,0.3759084508143435,False,False,False,,below_bounded_prescreen
diff__detailed__neutral__games,detailed_efficiency,0.03560371517027864,623,15,0.1941330015735596,0.17666411698001272,1.0,1.0,0.2187822117155845,0.3759084508143435,False,False,False,,below_bounded_prescreen
diff__compact__last20_margin_median,compact_performance,0.0,646,62,0.19260570066825036,0.16991892562866992,1.0,1.0,0.22004513191966998,0.37513253317198986,False,False,False,,below_bounded_prescreen
diff__detailed__last20__net_rtg_mean,detailed_efficiency,0.0,646,646,0.2129975737956739,0.16120818921182428,1.0,1.0,0.23244581196954694,0.3749415645779421,False,False,False,,below_bounded_prescreen
diff__detailed__last20__off_rtg_mean,detailed_efficiency,0.0,646,646,0.2037072647662385,0.2236308778468876,0.8,1.0,0.1491750256212982,0.37419141859022653,False,False,False,,below_bounded_prescreen
diff__detailed__all__fgpct_median,detailed_efficiency,0.0,646,640,0.18529669839267796,0.1655079915677167,1.0,1.0,0.19827234289256662,0.37227821588319054,False,False,False,,below_bounded_prescreen
diff__detailed__clean__fgpct_median,detailed_efficiency,0.0,646,639,0.1842487071494232,0.1642727750969758,1.0,1.0,0.19875285298682027,0.3714355334999487,False,False,False,,below_bounded_prescreen
diff__detailed__clean__oppfg2pct_mean,detailed_efficiency,0.0,646,646,-0.21631826739181992,0.2125813147019858,0.8,1.0,0.17877734885517862,0.37047795592894645,False,False,False,,below_bounded_prescreen
diff__detailed__away__def_rtg_mean,detailed_efficiency,0.0,646,646,-0.17077867347877992,0.16440506563836738,1.0,1.0,0.15236393952927665,0.37039118209057686,False,False,False,,below_bounded_prescreen
diff__detailed__all__oppfg2pct_mean,detailed_efficiency,0.0,646,646,-0.21637396570294798,0.21191090026508516,0.8,1.0,0.1795067625935675,0.37013923407814675,False,False,False,,below_bounded_prescreen
diff__compact__home_margin_std,compact_performance,0.0,646,646,0.1922361895371158,0.2101077589298087,0.8,1.0,0.08039720331595593,0.36792779785183544,False,False,False,,below_bounded_prescreen
diff__detailed__all__oppfgpct_median,detailed_efficiency,0.0,646,641,-0.18432985833604548,0.2210716252826058,0.8,1.0,0.18331694757578726,0.36733427106654926,False,False,False,,below_bounded_prescreen
diff__detailed__ewm_h5__orbpct,detailed_efficiency,0.0,646,646,0.1657503967026485,0.15359828162809536,1.0,1.0,0.10015339648338309,0.36618612659673305,False,False,False,,below_bounded_prescreen
diff__detailed__clean__oppfgpct_median,detailed_efficiency,0.0,646,641,-0.18200611895438212,0.21768893067910577,0.8,1.0,0.17501138842438546,0.3655315773589594,False,False,False,,below_bounded_prescreen
diff__detailed__clean__oppfg3pct_mean,detailed_efficiency,0.0,646,646,-0.14048006893597323,0.16566697139299408,1.0,1.0,0.12953877630628408,0.3652442103822999,False,False,False,,below_bounded_prescreen
absdiff__detailed__away__pace_mean,detailed_efficiency,0.0,646,644,-0.14707147226680314,0.1655523147931584,1.0,1.0,0.18510981666378584,0.36441644233286136,False,False,False,,below_bounded_prescreen
diff__detailed__all__oppfg3pct_mean,detailed_efficiency,0.0,646,646,-0.13988676857121898,0.16176211049647676,1.0,1.0,0.12699032689583414,0.36334128904814367,False,False,False,,below_bounded_prescreen
diff__compact__ewm_h5_margin,compact_performance,0.0,646,646,0.17966804873412745,0.14719665116859015,1.0,1.0,0.21043357580189664,0.3617640202503555,False,False,False,,below_bounded_prescreen
diff__detailed__clean__oppfg2pct_median,detailed_efficiency,0.0,646,633,-0.2020239394644779,0.1985508078167492,0.8,1.0,0.17527736311164632,0.36073855990975884,False,False,False,,below_bounded_prescreen
diff__detailed__clean__foul_rate_ros,detailed_efficiency,0.0,646,646,-0.19088504152061483,0.19915417167848515,0.8,1.0,0.149081909502626,0.3596254351601031,False,False,False,,below_bounded_prescreen
diff__detailed__all__foul_rate_ros,detailed_efficiency,0.0,646,646,-0.19080653803277453,0.19900231961529014,0.8,1.0,0.14749595818493286,0.3595987134551523,False,False,False,,below_bounded_prescreen
diff__detailed__all__foulrate_mean,detailed_efficiency,0.0,646,646,-0.1891334612284436,0.20040046752177948,0.8,1.0,0.15588982911456345,0.3595659927161292,False,False,False,,below_bounded_prescreen
diff__detailed__clean__foulrate_mean,detailed_efficiency,0.0,646,646,-0.18918058585633393,0.2002872541248344,0.8,1.0,0.15750394984378102,0.3594574528745627,False,False,False,,below_bounded_prescreen
diff__detailed__ewm_h5__netrtg,detailed_efficiency,0.0,646,646,0.1707587291309291,0.14127077335982602,1.0,1.0,0.18430859895491142,0.3580045476633244,False,False,False,,below_bounded_prescreen
diff__detailed__last10__orb_pct_mean,detailed_efficiency,0.0,646,646,0.141695909443029,0.14574121140169255,1.0,1.0,0.11044315775183694,0.3567111552402053,False,False,False,,below_bounded_prescreen
diff__detailed__all__oppfg2pct_median,detailed_efficiency,0.0,646,634,-0.19919033682884868,0.1904180441491487,0.8,1.0,0.1757839374856733,0.35619117779451115,False,False,False,,below_bounded_prescreen
diff__detailed__ewm_h5__offrtg,detailed_efficiency,0.0,646,646,0.17148571822798878,0.2016955072477704,0.8,1.0,0.16763228434388178,0.3558354101153321,False,False,False,,below_bounded_prescreen
diff__detailed__clean__efg_ros,detailed_efficiency,0.0,646,646,0.17729545373966443,0.12755200605585856,1.0,1.0,0.17926066445488656,0.3530595361513429,False,False,False,,below_bounded_prescreen
diff__detailed__all__efg_ros,detailed_efficiency,0.0,646,646,0.17749081224764154,0.12729513717433671,1.0,1.0,0.17905412591439468,0.352987479501587,False,False,False,,below_bounded_prescreen
diff__norm__detailed__all__efg_ros__z,within_season_normalization,0.0,646,646,0.1764605524339276,0.12729513457837952,1.0,1.0,0.1790541235196291,0.3527608211923011,False,False,False,,below_bounded_prescreen
diff__norm__detailed__all__efg_ros__pct,within_season_normalization,0.0,646,554,0.18619142746620732,0.12301673486061077,1.0,1.0,0.18286140360308767,0.3526956906315353,False,False,False,,below_bounded_prescreen
diff__detailed__last20__tov_pct_mean,detailed_efficiency,0.0,646,646,-0.16953894376470968,0.1948483620300981,0.8,1.0,0.16458513417677484,0.3522423760356122,False,False,False,,below_bounded_prescreen
diff__compact__pythag_residual_exp13p91,compact_performance,0.0,646,646,-0.14993160093982966,0.12788010444907788,1.0,1.0,0.12686735808784316,0.3492927080188062,False,False,False,,below_bounded_prescreen
diff__detailed__clean__ftrate_std,detailed_efficiency,0.0,646,646,-0.15710456288095964,0.1956870540591745,0.8,1.0,0.18187141794761444,0.3492179330643103,False,False,False,,below_bounded_prescreen
diff__detailed__all__ftrate_std,detailed_efficiency,0.0,646,646,-0.157868354549675,0.19387333243464172,0.8,1.0,0.1772958185800287,0.3486984048263554,False,False,False,,below_bounded_prescreen
diff__compact__pythag_residual_exp11p5,compact_performance,0.0,646,646,-0.15007470365645237,0.12681521245222416,1.0,1.0,0.1317218138249911,0.3486188642284875,False,False,False,,below_bounded_prescreen
diff__detailed__clean__opp_ft_rate_ros,detailed_efficiency,0.0,646,646,-0.16139485066820378,0.19141786662768634,0.8,1.0,0.18731851381753842,0.34789470257559274,False,False,False,,below_bounded_prescreen
diff__detailed__all__opp_ft_rate_ros,detailed_efficiency,0.0,646,646,-0.16137328910909743,0.1907308866491244,0.8,1.0,0.18507856294235944,0.3476498066778868,False,False,False,,below_bounded_prescreen
diff__detailed__clean__oppftrate_mean,detailed_efficiency,0.0,646,646,-0.16017049079301818,0.19112776654584485,0.8,1.0,0.19195035345627293,0.3473008217782186,False,False,False,,below_bounded_prescreen
diff__detailed__all__oppftrate_mean,detailed_efficiency,0.0,646,646,-0.16006361999791152,0.18986537178781807,0.8,1.0,0.18955651565393322,0.3467671142315359,False,False,False,,below_bounded_prescreen
diff__detailed__all__foulrate_median,detailed_efficiency,0.0,646,646,-0.15036410462141234,0.18249104307023967,0.8,1.0,0.06501429870577174,0.34607523174219484,False,False,False,,below_bounded_prescreen
diff__detailed__clean__foulrate_median,detailed_efficiency,0.0,646,646,-0.1503368910902187,0.18236858469174447,0.8,1.0,0.06690886298369617,0.3459346821725376,False,False,False,,below_bounded_prescreen
diff__detailed__ewm_h5__fourfactoredge,detailed_efficiency,0.0,646,646,0.1307280199732042,0.12813590835681088,1.0,1.0,0.1499839635486592,0.34426604186342774,False,False,False,,below_bounded_prescreen
diff__detailed__all__oppftmaderate_median,detailed_efficiency,0.0,646,640,-0.16226475688973618,0.17889414071518958,0.8,1.0,0.14339329286290353,0.3438317023445168,False,False,False,,below_bounded_prescreen
diff__detailed__clean__oppftmaderate_median,detailed_efficiency,0.0,646,640,-0.1606216606123924,0.17546915745585237,0.8,1.0,0.14958284692609353,0.34157864703649166,False,False,False,,below_bounded_prescreen
diff__compact__close5_games,compact_performance,0.0,646,23,-0.20383339440167506,0.22138334335160162,0.6,1.0,0.20499575731891836,0.33890752128438056,False,False,False,,below_bounded_prescreen
diff__compact__last20_points_for_mean,compact_performance,0.0,646,386,0.14899219719858728,0.1728711151532134,0.8,1.0,0.14539526936214442,0.3379406078827458,False,False,False,,below_bounded_prescreen
diff__detailed__last10__ft_rate_mean,detailed_efficiency,0.0,646,646,-0.11422136414388599,0.12100315970673757,1.0,1.0,0.15279560722453275,0.3370983924819076,False,False,False,,below_bounded_prescreen
diff__detailed__ewm_h20__oppefg,detailed_efficiency,0.0,646,646,-0.159310151814304,0.16624801012934587,0.8,1.0,0.17471863777897173,0.33585853275007405,False,False,False,,below_bounded_prescreen
diff__detailed__ewm_h5__tovpct,detailed_efficiency,0.0,646,646,-0.16036422974123685,0.16394393149675704,0.8,1.0,0.18124836460324173,0.3347232830773858,False,False,False,,below_bounded_prescreen
diff__compact__first_game_day,compact_performance,0.0,646,27,-0.15459366864467192,0.17051508738040258,0.8,1.0,0.2465603601871089,0.3339954346369367,False,False,False,,below_bounded_prescreen
diff__compact__half_marginmean_second,compact_performance,0.0,646,600,0.16364537932938927,0.15987649722444586,0.8,1.0,0.20627472960051996,0.33249171293617885,False,False,False,,below_bounded_prescreen
diff__detailed__ewm_h10__oppefg,detailed_efficiency,0.0,646,646,-0.15706183259555168,0.23040356524358935,0.6,1.0,0.22947602468074255,0.33196827350071456,False,False,False,,below_bounded_prescreen
diff__compact__day120plus_games,compact_performance,0.0,646,9,0.1544289180825254,0.22904841815706783,0.6,1.0,0.23949376073511955,0.33033785226414336,False,False,False,,below_bounded_prescreen
diff__compact__ewm_h5_points_for,compact_performance,0.0,646,646,0.13038967024485507,0.16079049013442792,0.8,1.0,0.141069832980377,0.3282223693991784,False,False,False,,below_bounded_prescreen
diff__compact__last20_win_pct,compact_performance,0.0,646,19,0.17010849307919662,0.1442669454079876,0.8,1.0,0.17062372555457003,0.32784705325107455,False,False,False,,below_bounded_prescreen
diff__detailed__last5__orb_pct_mean,detailed_efficiency,0.0,646,646,0.10239224700212904,0.09572189757728346,1.0,1.0,0.04822190154102271,0.3265439291159236,False,False,False,,below_bounded_prescreen
diff__detailed__all__oppstealpct_mean,detailed_efficiency,0.0,646,646,-0.12238080517376632,0.16122487435804916,0.8,1.0,0.15237001911294526,0.3262169160655744,False,False,False,,below_bounded_prescreen
diff__compact__half_winpct_second,compact_performance,0.0,646,312,0.13609553235322372,0.1542639339185274,0.8,1.0,0.16851504639417692,0.32524710354283526,False,False,False,,below_bounded_prescreen
diff__detailed__ewm_h10__defrtg,detailed_efficiency,0.0,646,646,-0.16023698564331007,0.14216281532074532,0.8,1.0,0.1663275391028084,0.3248371866313736,False,False,False,,below_bounded_prescreen
diff__detailed__clean__oppstealpct_mean,detailed_efficiency,0.0,646,646,-0.12284519929739596,0.15798812296332848,0.8,1.0,0.15237359038712456,0.3247652992523398,False,False,False,,below_bounded_prescreen
diff__detailed__last10__tov_pct_mean,detailed_efficiency,0.0,646,646,-0.13380279360200897,0.14166416880556043,0.8,1.0,0.179280708827355,0.31826418726601674,False,False,False,,below_bounded_prescreen
mean__detailed__clean__oppftmaderate_median,detailed_efficiency,0.0,646,638,-0.1146853701617411,0.14523757838016152,0.8,1.0,0.11930205576800396,0.31817273682734043,False,False,False,,below_bounded_prescreen
mean__detailed__all__oppftmaderate_median,detailed_efficiency,0.0,646,638,-0.11465312879734832,0.1453626488176447,0.8,1.0,0.12386884578892812,0.318043005936329,False,False,False,,below_bounded_prescreen
diff__compact__overtime_rate,compact_performance,0.0,646,282,-0.16122638097559036,0.13028217719617424,0.8,1.0,0.24614703613029468,0.31615936742358175,False,False,False,,below_bounded_prescreen
absdiff__schedule__opponent_strength_median,schedule_and_accomplishment,0.0,646,642,-0.08390146986516621,0.15096970653274627,0.8,1.0,0.11461682342753399,0.31433910956895345,False,True,False,,correlation_pruned_or_cap
diff__detailed__clean__oppstealpct_median,detailed_efficiency,0.0,646,646,-0.11404677036165485,0.13309217742389567,0.8,1.0,0.08326558113115501,0.31364391139778786,False,False,False,,below_bounded_prescreen
diff__detailed__all__oppstealpct_median,detailed_efficiency,0.0,646,646,-0.11669410053836207,0.13257952495746664,0.8,1.0,0.09441888354744381,0.31353411875612586,False,False,False,,below_bounded_prescreen
diff__detailed__all__true_shooting_ros,detailed_efficiency,0.0,646,646,0.1584017075228884,0.1230710679150607,0.8,1.0,0.21610148314607508,0.3132784289284216,False,False,False,,below_bounded_prescreen
diff__detailed__clean__true_shooting_ros,detailed_efficiency,0.0,646,646,0.15798241027958843,0.12289186683388151,0.8,1.0,0.2126853427348664,0.3132368126323779,False,False,False,,below_bounded_prescreen
diff__detailed__clean__efg_mean,detailed_efficiency,0.0,646,646,0.16551301369806903,0.11557915861377555,0.8,1.0,0.18347391096840804,0.31255190270945116,False,False,False,,below_bounded_prescreen
diff__detailed__clean__efg_trim02,detailed_efficiency,0.0,646,646,0.16551301369806903,0.11557915861377555,0.8,1.0,0.18347391096840804,0.31255190270945116,False,False,False,,below_bounded_prescreen
diff__detailed__all__efg_mean,detailed_efficiency,0.0,646,646,0.16568133829233,0.1151190037831056,0.8,1.0,0.18364324249078467,0.3123612865405719,False,False,False,,below_bounded_prescreen
diff__detailed__all__efg_trim02,detailed_efficiency,0.0,646,646,0.16568133829233,0.1151190037831056,0.8,1.0,0.18364324249078467,0.3123612865405719,False,False,False,,below_bounded_prescreen
diff__seed__playin,selection_committee_prior,0.0,646,3,-0.0961340970233137,0.13205670510433248,0.8,1.0,0.01686898518740046,0.3118619603877126,False,True,True,60.0,selected
diff__detailed__all__oppftmaderate_mean,detailed_efficiency,0.0,646,646,-0.16306379586567454,0.18050411495609592,0.6,1.0,0.17849407049641614,0.31137624744951786,False,False,False,,below_bounded_prescreen
diff__detailed__all__opp_ftmade_rate_ros,detailed_efficiency,0.0,646,646,-0.16460241446211943,0.17981238871921307,0.6,1.0,0.1805259614445012,0.31130143930910853,False,False,False,,below_bounded_prescreen
diff__detailed__clean__oppftmaderate_mean,detailed_efficiency,0.0,646,646,-0.1626612701486626,0.18012443236600711,0.6,1.0,0.1797212672989308,0.31105635627643197,False,False,False,,below_bounded_prescreen
diff__detailed__clean__opp_ftmade_rate_ros,detailed_efficiency,0.0,646,646,-0.1641177961097955,0.17901752244495772,0.6,1.0,0.18140455686787318,0.3107781436430198,False,False,False,,below_bounded_prescreen
diff__compact__pythag_residual_exp10p0,compact_performance,0.0,646,646,-0.13149865059089633,0.1230629631501315,0.8,1.0,0.14304210098729273,0.31027824140256866,False,False,False,,below_bounded_prescreen
diff__detailed__all__fg2pct_mean,detailed_efficiency,0.0,646,646,0.16762595894211132,0.10620664323544893,0.8,1.0,0.14533543887329498,0.31004348216534816,False,False,False,,below_bounded_prescreen
diff__compact__close3_games,compact_performance,0.0,646,19,-0.13717608911813525,0.1889079508896984,0.6,1.0,0.1823747487356779,0.3095595660836179,False,False,False,,below_bounded_prescreen
diff__detailed__clean__fg2pct_mean,detailed_efficiency,0.0,646,646,0.16707355005037933,0.10461931180436368,0.8,1.0,0.14478455105356863,0.3091820686350353,False,False,False,,below_bounded_prescreen
diff__detailed__all__trueshootingpct_mean,detailed_efficiency,0.0,646,646,0.15421259827003814,0.11647498802752657,0.8,1.0,0.21758087587132233,0.3091315308377683,False,False,False,,below_bounded_prescreen
diff__detailed__clean__trueshootingpct_mean,detailed_efficiency,0.0,646,646,0.15389937643131035,0.1162506556836046,0.8,1.0,0.2153907924561513,0.3090425458447725,False,False,False,,below_bounded_prescreen
mean__detailed__all__oppftmaderate_mean,detailed_efficiency,0.0,646,646,-0.10327637385786882,0.12863208431740863,0.8,1.0,0.1083196740423445,0.30813141575939357,False,False,False,,below_bounded_prescreen
mean__detailed__all__opp_ftmade_rate_ros,detailed_efficiency,0.0,646,646,-0.10475276452048983,0.12933335184917305,0.8,1.0,0.12568050232785508,0.30809839698899666,False,False,False,,below_bounded_prescreen
diff__compact__ewm_h20_points_against,compact_performance,0.0,646,646,-0.12183094156564005,0.12470685639400755,0.8,1.0,0.16567343961324374,0.3080351606290347,False,False,False,,below_bounded_prescreen
mean__detailed__clean__oppftmaderate_mean,detailed_efficiency,0.0,646,646,-0.1030172696793327,0.12803611467909587,0.8,1.0,0.10942366088097603,0.30774418794018016,False,False,False,,below_bounded_prescreen
mean__detailed__clean__opp_ftmade_rate_ros,detailed_efficiency,0.0,646,646,-0.10442411770652728,0.1286437583034552,0.8,1.0,0.12614329325936074,0.3076765781507201,False,False,False,,below_bounded_prescreen
diff__detailed__all__efg_median,detailed_efficiency,0.0,646,635,0.15640171748126647,0.10655882991743276,0.8,1.0,0.17910825601388208,0.30639228596569107,False,False,False,,below_bounded_prescreen
diff__detailed__clean__efg_median,detailed_efficiency,0.0,646,635,0.15636830113850325,0.10526070428698986,0.8,1.0,0.18325647041664456,0.30559590549156007,False,False,False,,below_bounded_prescreen
diff__compact__day90plus_games,compact_performance,0.0,646,10,0.1366092991112541,0.1808752387256614,0.6,1.0,0.19991347527094255,0.3048776213819557,False,False,False,,below_bounded_prescreen
diff__detailed__ewm_h5__ftrate,detailed_efficiency,0.0,646,646,-0.10102179395997427,0.12361576475505698,0.8,1.0,0.14572501432852705,0.3037313611804806,False,False,False,,below_bounded_prescreen
absdiff__detailed__last10__pace_mean,detailed_efficiency,0.0,646,615,-0.10665713910416408,0.11869513706768492,0.8,1.0,0.15201959165992,0.3023574527290081,False,False,False,,below_bounded_prescreen
diff__compact__ewm_h5_win,compact_performance,0.0,646,646,0.11200349608877722,0.1059568092953238,0.8,1.0,0.1741571375300422,0.2965337521000847,False,False,False,,below_bounded_prescreen
diff__detailed__last5__tov_pct_mean,detailed_efficiency,0.0,646,646,-0.09790181731305272,0.11030357441854383,0.8,1.0,0.14961025168137215,0.29649970546251775,False,False,False,,below_bounded_prescreen
absdiff__rating__pagerank_binary_percentile,global_strength_ratings,0.0,646,444,-0.07798398146208067,0.11262157534065216,0.8,1.0,0.10427095840387285,0.2950439937490159,False,False,False,,below_bounded_prescreen
diff__compact__half_pointsformean_second,compact_performance,0.0,646,612,0.13017762033108932,0.15756426195682283,0.6,1.0,0.15471932236757502,0.2940811493174116,False,False,False,,below_bounded_prescreen
absdiff__compact__rest_days_mean,compact_performance,0.0,646,457,-0.0958483647426174,0.10483192817339168,0.8,1.0,0.1356350848653381,0.29398056237199033,False,False,False,,below_bounded_prescreen
diff__detailed__all__oppfg3pct_median,detailed_efficiency,0.0,646,457,-0.09755779395994017,0.10365815001502061,0.8,1.0,0.14210794121985754,0.2935343090296024,False,False,False,,below_bounded_prescreen
diff__schedule__opponent_strength_std,schedule_and_accomplishment,0.0,646,646,0.14502173393342252,0.14483233079075453,0.6,1.0,0.10235297453121917,0.2933301812636664,False,True,False,,correlation_pruned_or_cap
absdiff__norm__schedule__quality_win_points_sum__pct,within_season_normalization,0.0,646,411,-0.0822825354724059,0.09888915424635886,0.8,1.0,0.03967037203895664,0.2919821369606233,False,False,False,,below_bounded_prescreen
diff__detailed__all__trueshootingpct_median,detailed_efficiency,0.0,646,646,0.12783993661908932,0.0871221882099503,0.8,1.0,0.17055791646588583,0.29112111973834043,False,False,False,,below_bounded_prescreen
absdiff__detailed__all__pace_ros,detailed_efficiency,0.0,646,646,-0.10639833034385106,0.09423622534625259,0.8,1.0,0.14627034626763274,0.2907902069911432,False,False,False,,below_bounded_prescreen
absdiff__detailed__clean__pace_ros,detailed_efficiency,0.0,646,646,-0.10633555723707193,0.09435382974873802,0.8,1.0,0.14789775619084405,0.2907677506239163,False,False,False,,below_bounded_prescreen
diff__detailed__clean__trueshootingpct_median,detailed_efficiency,0.0,646,646,0.12712736859352503,0.08578307634908017,0.8,1.0,0.17178110724540652,0.2902726534483177,False,False,False,,below_bounded_prescreen
diff__conference__strength_std,conference_context,0.0,646,565,0.15963279172549674,0.13194255073977978,0.6,1.0,0.17034310258857316,0.28763791443116066,False,False,False,,below_bounded_prescreen
diff__detailed__clean__fg3_pct_ros,detailed_efficiency,0.0,646,645,0.09936605108336773,0.08472128702615932,0.8,1.0,0.11525148568408214,0.28591668958353406,False,False,False,,below_bounded_prescreen
diff__compact__day110plus_games,compact_performance,0.0,646,10,0.13661072097604118,0.14254610237086196,0.6,1.0,0.2467309292185486,0.2846072505840009,False,False,False,,below_bounded_prescreen
diff__compact__overtime_periods_mean,compact_performance,0.0,646,318,-0.15094249982238298,0.06814738885773786,0.8,1.0,0.267591185430084,0.2832144491954351,False,False,False,,below_bounded_prescreen
diff__compact__last5_margin_std,compact_performance,0.0,646,645,0.08922279254876331,0.07796506279580474,0.8,1.0,0.06728766353293657,0.28236073796139677,False,False,False,,below_bounded_prescreen
diff__detailed__all__tovpct_std,detailed_efficiency,0.0,646,646,-0.09581842412890454,0.14212705140279078,0.6,1.0,0.1417324375687783,0.27963174047894745,False,False,False,,below_bounded_prescreen
diff__detailed__clean__tovpct_std,detailed_efficiency,0.0,646,646,-0.09504160689879017,0.13943353974734543,0.6,1.0,0.1431178244457613,0.2781125396186292,False,False,False,,below_bounded_prescreen
diff__detailed__last5__ft_rate_mean,detailed_efficiency,0.0,646,646,-0.08228644561907301,0.07269464303854453,0.8,1.0,0.07666149498252686,0.2779299868953964,False,False,False,,below_bounded_prescreen
absdiff__norm__rating__pagerank_margin__pct,within_season_normalization,0.0,646,448,-0.07177147191930627,0.08121214312871193,0.8,1.0,0.14812038317083734,0.2768467371971956,False,False,False,,below_bounded_prescreen
absdiff__rating__pagerank_margin_percentile,global_strength_ratings,0.0,646,448,-0.07177147191930627,0.08121214312871193,0.8,1.0,0.14812038317083734,0.2768467371971956,False,False,False,,below_bounded_prescreen
absdiff__norm__rating__colley__pct,within_season_normalization,0.0,646,399,-0.05781731096684169,0.07869390176666588,0.8,1.0,0.07280511303486303,0.2755806767393103,False,False,False,,below_bounded_prescreen
absdiff__rating__colley_percentile,global_strength_ratings,0.0,646,399,-0.05781731096684169,0.07869390176666588,0.8,1.0,0.07280511303486303,0.2755806767393103,False,False,False,,below_bounded_prescreen
absdiff__detailed__last20__pace_mean,detailed_efficiency,0.0,646,631,-0.1265807525494066,0.11732542001742685,0.6,1.0,0.12176165699071559,0.2752935008896057,False,False,False,,below_bounded_prescreen
diff__detailed__all__oppfoulrate_median,detailed_efficiency,0.0,646,646,-0.06057461045983565,0.14496178686949662,0.6,1.0,0.09481620670348313,0.2751154237303829,False,False,False,,below_bounded_prescreen
diff__detailed__clean__oppfoulrate_median,detailed_efficiency,0.0,646,646,-0.0598459349868796,0.1446663290839631,0.6,1.0,0.09123515795578906,0.27495653733918424,False,False,False,,below_bounded_prescreen
diff__detailed__last20__opp_efg_mean,detailed_efficiency,0.0,646,646,-0.11307765101817739,0.19957582170419896,0.4,1.0,0.25494346918785055,0.27447573887450055,False,False,False,,below_bounded_prescreen
absdiff__norm__massey__strength_mean__pct,within_season_normalization,0.0,646,426,-0.053527712541953584,0.0774588001637167,0.8,1.0,0.07377819170278273,0.27400519316970257,False,False,False,,below_bounded_prescreen
mean__detailed__clean__ftrate_std,detailed_efficiency,0.0,646,646,-0.06513511487280949,0.07266656975461966,0.8,1.0,0.09685570499625476,0.27333545055438535,False,False,False,,below_bounded_prescreen
diff__compact__margin_std,compact_performance,0.0,646,646,0.11072425940571361,0.12375888612949756,0.6,1.0,0.16759758713646122,0.2730596989259574,False,False,False,,below_bounded_prescreen
diff__compact__close5_wins,compact_performance,0.0,646,19,-0.12127674440372425,0.117032560623273,0.6,1.0,0.14508612285440287,0.2730530679538143,False,False,False,,below_bounded_prescreen
absdiff__norm__schedule__opponent_strength_mean__pct,within_season_normalization,0.0,646,512,-0.0605684077547532,0.1418212868595884,0.6,1.0,0.11984074255286135,0.27260563769653373,False,False,False,,below_bounded_prescreen
diff__compact__away_margin_std,compact_performance,0.0,646,646,-0.12450933548484211,0.11900086218998152,0.6,1.0,0.20189322125967313,0.2724367388074695,False,False,False,,below_bounded_prescreen
absdiff__schedule__quality_win_points_mean,schedule_and_accomplishment,0.0,646,646,-0.05681556065114317,0.06972334390558248,0.8,1.0,0.053536939426865146,0.27182515084085646,False,True,False,,correlation_pruned_or_cap
mean__detailed__all__ftrate_std,detailed_efficiency,0.0,646,646,-0.06627655501071597,0.06849529485434495,0.8,1.0,0.09526007682902651,0.2716481805592821,False,False,False,,below_bounded_prescreen
absdiff__schedule__opponent_strength_mean,schedule_and_accomplishment,0.0,646,646,-0.06120352447732334,0.13979743415384913,0.6,1.0,0.14384528525074977,0.2708137323688287,False,True,False,,correlation_pruned_or_cap
absdiff__norm__schedule__opponent_strength_mean__z,within_season_normalization,0.0,646,646,-0.06042911370505303,0.1397974378793332,0.6,1.0,0.1438452735059049,0.27064336425695545,False,False,False,,below_bounded_prescreen
diff__detailed__clean__efg_std,detailed_efficiency,0.0,646,646,-0.06414317719487322,0.06655389019995067,0.8,1.0,0.0887189777921972,0.2705086071671606,False,False,False,,below_bounded_prescreen
diff__detailed__all__efg_std,detailed_efficiency,0.0,646,646,-0.0640353260069063,0.06566059621859396,0.8,1.0,0.08388598238482992,0.27024941861105134,False,False,False,,below_bounded_prescreen
absdiff__detailed__last20__net_rtg_mean,detailed_efficiency,0.0,646,646,0.07540275800474182,0.12098552627169462,0.6,1.0,0.10945069864921095,0.26628363142548817,False,False,False,,below_bounded_prescreen
mean__compact__margin_iqr,compact_performance,0.0,646,109,-0.0627642801465498,0.12455296613646294,0.6,1.0,0.11697703960502714,0.26491448379354204,False,False,False,,below_bounded_prescreen
absdiff__compact__last20_margin_mean,compact_performance,0.0,646,221,0.07599734152552358,0.11950983908138514,0.6,1.0,0.13800926703725785,0.26456376721318975,False,False,False,,below_bounded_prescreen
absdiff__schedule__quality_wins,schedule_and_accomplishment,0.0,646,19,-0.09550420181403595,0.10527981104755821,0.6,1.0,0.08427713225768671,0.26417414841160836,False,True,False,,correlation_pruned_or_cap
diff__detailed__neutral__pace_mean,detailed_efficiency,0.03560371517027864,623,621,0.09854811077042915,0.11399422192028529,0.6,1.0,0.143134732236191,0.26382412438816144,False,False,False,,below_bounded_prescreen
diff__compact__neutral_margin_mean,compact_performance,0.03560371517027864,623,472,0.06140852923750146,0.1310779749112531,0.6,1.0,0.16241218649570544,0.2630825197162013,False,False,False,,below_bounded_prescreen
mean__detailed__all__offrtg_std,detailed_efficiency,0.0,646,646,-0.09505436692648575,0.10914330053109686,0.6,1.0,0.1561457327416341,0.26305491566908795,False,False,False,,below_bounded_prescreen
diff__compact__day90plus_margin_mean,compact_performance,0.0,646,592,0.12040843566468473,0.09547685757648072,0.6,1.0,0.1503614587078571,0.2623042891346271,False,False,False,,below_bounded_prescreen
diff__detailed__all__fg2pct_median,detailed_efficiency,0.0,646,601,0.1460700028069139,0.08586989673590471,0.6,1.0,0.18600055454480982,0.2619129288689629,False,False,False,,below_bounded_prescreen
diff__detailed__clean__fg2pct_median,detailed_efficiency,0.0,646,599,0.14617324246416338,0.08576251545291953,0.6,1.0,0.1887946486754284,0.2617723348125002,False,False,False,,below_bounded_prescreen
mean__detailed__clean__offrtg_std,detailed_efficiency,0.0,646,646,-0.09185678967759801,0.10692226691630798,0.6,1.0,0.15480813448484665,0.26133885646950555,False,False,False,,below_bounded_prescreen
diff__detailed__clean__oppfg3pct_median,detailed_efficiency,0.0,646,461,-0.09685035681280176,0.10420214899617081,0.6,1.0,0.1500480488194275,0.2613221880642013,False,False,False,,below_bounded_prescreen
absdiff__detailed__ewm_h20__oppefg,detailed_efficiency,0.0,646,646,-0.0763554316846191,0.11317892652868902,0.6,1.0,0.14774270957619404,0.2612143713213391,False,False,False,,below_bounded_prescreen
diff__compact__last5_points_for_mean,compact_performance,0.0,646,191,0.08602487876180716,0.10511991478519489,0.6,1.0,0.1355928182670778,0.25995931969380803,False,False,False,,below_bounded_prescreen
seedprior__pooled_pair_games,prequential_seed_priors,0.03560371517027864,623,92,-0.06984766159833627,0.11616357284435111,0.6,1.0,0.13673703210298596,0.2588072220191808,False,True,True,50.0,selected
diff__detailed__neutral__net_rtg_mean,detailed_efficiency,0.03560371517027864,623,623,0.05699387696570989,0.12294086884814809,0.6,1.0,0.1596631438795919,0.2583154470107613,False,False,False,,below_bounded_prescreen
absdiff__schedule__oowp,schedule_and_accomplishment,0.0,646,646,-0.04682582044049479,0.11706687487670017,0.6,1.0,0.11268312276246592,0.2579864555272263,False,True,False,,correlation_pruned_or_cap
diff__compact__day90plus_win_pct,compact_performance,0.0,646,308,0.09916721702332802,0.09503072819898692,0.6,1.0,0.15092731608472335,0.25739444463725697,False,False,False,,below_bounded_prescreen
absdiff__compact__close5_win_pct,compact_performance,0.006191950464396285,642,197,0.06409419326121002,0.10843941783164232,0.6,1.0,0.10860753731870869,0.25731198554675444,False,False,False,,below_bounded_prescreen
diff__detailed__ewm_h5__oppefg,detailed_efficiency,0.0,646,646,-0.07297146809701209,0.17909655915739267,0.4,1.0,0.21943251930830526,0.25724277060455897,False,False,False,,below_bounded_prescreen
diff__compact__last10_margin_mean,compact_performance,0.0,646,230,0.09610507093307066,0.09249191675653291,0.6,1.0,0.12212939111053399,0.25665406000398994,False,False,False,,below_bounded_prescreen
diff__quality__FlaggedPossessionGames,detailed_efficiency,0.0,646,5,-0.054676925060653005,0.12549407883487118,0.5555555555555556,1.0,0.14020563419789422,0.25554674487505497,False,False,False,,below_bounded_prescreen
diff__detailed__all__fg3_pct_ros,detailed_efficiency,0.0,646,645,0.09926419338547862,0.08638126990440631,0.6,1.0,0.11802385631221168,0.2545801778464319,False,False,False,,below_bounded_prescreen
diff__detailed__clean__oppfoulrate_mean,detailed_efficiency,0.0,646,646,-0.04110218931820976,0.1097336146532106,0.6,1.0,0.07877951718468455,0.2545634359961598,False,False,False,,below_bounded_prescreen
diff__detailed__ewm_h10__efg,detailed_efficiency,0.0,646,646,0.12275361491998402,0.08105691748633097,0.6,1.0,0.1848971353170122,0.2545172302631548,False,False,False,,below_bounded_prescreen
diff__quality__FlaggedPossessionRate,detailed_efficiency,0.0,646,20,-0.057803948215855626,0.1222267244240678,0.5555555555555556,1.0,0.14480993103716028,0.25448218797844324,False,False,False,,below_bounded_prescreen
diff__detailed__all__oppfoulrate_mean,detailed_efficiency,0.0,646,646,-0.0416374168704828,0.1079956099963053,0.6,1.0,0.07452794644914888,0.25401700665176685,False,False,False,,below_bounded_prescreen
mean__compact__margin_mad,compact_performance,0.0,646,34,-0.03908855460084298,0.10309306915026525,0.6,1.0,0.06811434407616428,0.25135958144126624,False,False,False,,below_bounded_prescreen
diff__compact__last10_win_pct,compact_performance,0.0,646,14,0.08166863813868017,0.08816821681732492,0.6,1.0,0.14845860701388505,0.2503495001822702,False,False,False,,below_bounded_prescreen
diff__detailed__all__stealpct_median,detailed_efficiency,0.0,646,646,0.07224757425050848,0.08880288245164643,0.6,1.0,0.12757721397703553,0.2494167613528207,False,False,False,,below_bounded_prescreen
diff__detailed__clean__stealpct_median,detailed_efficiency,0.0,646,646,0.07096736873970348,0.08816598231507752,0.6,1.0,0.12719363617083784,0.24884474718713848,False,False,False,,below_bounded_prescreen
diff__detailed__last10__off_rtg_mean,detailed_efficiency,0.0,646,646,0.10540410892504569,0.14005675257349293,0.4,1.0,0.14031421847367548,0.2488035764598396,False,False,False,,below_bounded_prescreen
absdiff__detailed__last10__ft_rate_mean,detailed_efficiency,0.0,646,646,0.04618489293657769,0.09376352708427217,0.6,1.0,0.07932826065730665,0.24799403902020548,False,False,False,,below_bounded_prescreen
diff__compact__points_against_mean,compact_performance,0.0,646,637,-0.12621322749717154,0.07114813740583394,0.6,1.0,0.26213423089093457,0.24743264676854068,False,False,False,,below_bounded_prescreen
seedprior__favorite_seed_games,prequential_seed_priors,0.0,646,75,0.040140547000141,0.0926139067065408,0.6,1.0,0.09368398939977703,0.2455382359831795,False,True,True,51.0,selected
absdiff__detailed__last5__opp_efg_mean,detailed_efficiency,0.0,646,646,0.06921160484821241,0.07615723509809877,0.6,1.0,0.0779879159898461,0.2446625092741003,False,False,False,,below_bounded_prescreen
absdiff__norm__schedule__rpi__pct,within_season_normalization,0.0,646,407,-0.05104508378459723,0.08255214867446578,0.6,1.0,0.06345423364366601,0.24431678045060834,False,False,False,,below_bounded_prescreen
absdiff__schedule__quality_win_points_sum,schedule_and_accomplishment,0.0,646,645,-0.05232022858232291,0.08088122714100307,0.6,1.0,0.051470811923026376,0.24427460683887145,False,True,False,,correlation_pruned_or_cap
absdiff__norm__massey__strength_mean__z,within_season_normalization,0.0,646,646,-0.05201183377723395,0.08243637067172178,0.6,1.0,0.07449538872202632,0.2440322458045369,False,False,False,,below_bounded_prescreen
absdiff__norm__schedule__quality_win_points_sum__z,within_season_normalization,0.0,646,645,-0.05090829719899276,0.0808812299747288,0.6,1.0,0.05147081949342246,0.24396398299191133,False,False,False,,below_bounded_prescreen
diff__detailed__clean__stealpct_mean,detailed_efficiency,0.0,646,646,0.0819183692666985,0.07535674966046521,0.6,1.0,0.16640942741910256,0.24353690397893282,False,False,False,,below_bounded_prescreen
diff__detailed__all__stealpct_mean,detailed_efficiency,0.0,646,646,0.08214387270037256,0.07474873061479276,0.6,1.0,0.1666252049081808,0.24328603449285527,False,False,False,,below_bounded_prescreen
absdiff__schedule__top_quartile_games,schedule_and_accomplishment,0.0,646,22,-0.07855197249246353,0.1404872316923955,0.4,1.0,0.14247832207932012,0.243016172277519,False,False,False,,below_bounded_prescreen
absdiff__norm__rating__bt_c1p0__pct,within_season_normalization,0.0,646,391,-0.05843589627770293,0.07961940240062054,0.6,1.0,0.10150737337174963,0.24301291539852252,False,False,False,,below_bounded_prescreen
absdiff__rating__bt_c1p0_percentile,global_strength_ratings,0.0,646,391,-0.05843589627770293,0.07961940240062054,0.6,1.0,0.10150737337174963,0.24301291539852252,False,False,False,,below_bounded_prescreen
diff__detailed__all__fg3pct_mean,detailed_efficiency,0.0,646,646,0.07357618050432245,0.06965674944758107,0.6,1.0,0.06806662620803547,0.24289933439746844,False,False,False,,below_bounded_prescreen
diff__detailed__clean__fg3pct_mean,detailed_efficiency,0.0,646,646,0.0740125269068856,0.06919475069767644,0.6,1.0,0.06689508883295711,0.24282043270108125,False,False,False,,below_bounded_prescreen
absdiff__compact__last10_margin_std,compact_performance,0.0,646,646,0.07439570520135413,0.07261188884051409,0.6,1.0,0.11769351490155995,0.24251302119168228,False,False,False,,below_bounded_prescreen
absdiff__norm__rating__pagerank_margin__z,within_season_normalization,0.0,646,646,-0.04992115566425509,0.1531524307727132,0.4,1.0,0.17811311074401814,0.24137129658727774,False,False,False,,below_bounded_prescreen
absdiff__rating__pagerank_margin_z,global_strength_ratings,0.0,646,646,-0.04992115566425509,0.1531524307727132,0.4,1.0,0.17811311074401814,0.24137129658727774,False,False,False,,below_bounded_prescreen
diff__detailed__clean__steal_pct_ros,detailed_efficiency,0.0,646,646,0.08395126023084998,0.06989589980553025,0.6,1.0,0.17054881431151733,0.24119735658498084,False,False,False,,below_bounded_prescreen
diff__detailed__all__steal_pct_ros,detailed_efficiency,0.0,646,646,0.08415304498375599,0.06925420605005041,0.6,1.0,0.17059265505086224,0.24093198259841603,False,False,False,,below_bounded_prescreen
absdiff__rating__pagerank_margin,global_strength_ratings,0.0,646,646,-0.04781573357267701,0.15315242918852537,0.4,1.0,0.1781131127424532,0.24090810288678297,False,False,False,,below_bounded_prescreen
diff__compact__last10_points_for_mean,compact_performance,0.0,646,276,0.07725258688879043,0.13202191638690314,0.4,1.0,0.1499029994408693,0.23836996900361263,False,False,False,,below_bounded_prescreen
diff__detailed__all__ftmaderate_median,detailed_efficiency,0.0,646,641,-0.03610427504034933,0.15360109202298589,0.4,1.0,0.1915745027858177,0.23800848456847737,False,False,False,,below_bounded_prescreen
absdiff__compact__half_marginmean_second,compact_performance,0.0,646,569,0.045280786786372075,0.14737391822130735,0.4,1.0,0.1719594571319393,0.23782287555395182,False,False,False,,below_bounded_prescreen
diff__detailed__clean__ftmaderate_median,detailed_efficiency,0.0,646,642,-0.03504897112375641,0.15195389639207293,0.4,1.0,0.1931803444864023,0.23692143013596534,False,False,False,,below_bounded_prescreen
diff__detailed__clean__oppfg3attemptrate_median,detailed_efficiency,0.0,646,640,-0.027110890115820553,0.07679851308232515,0.6,1.0,0.06749286995611181,0.23612796730675212,False,False,False,,below_bounded_prescreen
absdiff__detailed__ewm_h5__oppefg,detailed_efficiency,0.0,646,646,0.051692121740372264,0.06480275158451608,0.6,1.0,0.06979576988394176,0.23568575674809197,False,False,False,,below_bounded_prescreen
absdiff__schedule__opponent_strength_pct_mean,schedule_and_accomplishment,0.0,646,646,-0.06049409340610533,0.13351665949340202,0.4,1.0,0.14993803391701604,0.2353991757494955,False,False,False,,below_bounded_prescreen
absdiff__detailed__all__efg_std,detailed_efficiency,0.0,646,646,-0.03322957765478334,0.07293456299536466,0.6,1.0,0.08441555021950946,0.234942475313047,False,False,False,,below_bounded_prescreen
diff__detailed__all__oppfg3attemptrate_median,detailed_efficiency,0.0,646,641,-0.026640742747361532,0.07349057898392122,0.6,1.0,0.06204994943798387,0.23465444333918237,False,False,False,,below_bounded_prescreen
absdiff__detailed__all__tov_pct_ros,detailed_efficiency,0.0,646,646,-0.06729437771738056,0.12787749777010415,0.4,1.0,0.14335384472291954,0.23445180823855694,False,False,False,,below_bounded_prescreen
diff__detailed__clean__oppfg3attemptrate_mean,detailed_efficiency,0.0,646,646,-0.05442823720269608,0.13494882954883958,0.4,1.0,0.16528085002626217,0.23413841636698565,False,False,False,,below_bounded_prescreen
diff__detailed__home__pace_mean,detailed_efficiency,0.0,646,646,0.1127853386537277,0.10973667730443411,0.4,1.0,0.18950556567635213,0.2339061569828944,False,False,False,,below_bounded_prescreen
absdiff__detailed__clean__efg_std,detailed_efficiency,0.0,646,646,-0.032113474377520594,0.07064031505089899,0.6,1.0,0.08093405872773769,0.23373495323837654,False,False,False,,below_bounded_prescreen
absdiff__detailed__clean__tov_pct_ros,detailed_efficiency,0.0,646,646,-0.06606618477754424,0.12648951800879593,0.4,1.0,0.14537183554691022,0.23343465587340537,False,False,False,,below_bounded_prescreen
diff__detailed__clean__ftrate_mean,detailed_efficiency,0.0,646,646,-0.05765515165843467,0.13242593178589826,0.4,1.0,0.17062987666609777,0.23342338555544287,False,False,False,,below_bounded_prescreen
diff__detailed__clean__ftrate_trim02,detailed_efficiency,0.0,646,646,-0.05765515165843467,0.13242593178589826,0.4,1.0,0.17062987666609777,0.23342338555544287,False,False,False,,below_bounded_prescreen
diff__detailed__all__ftrate_mean,detailed_efficiency,0.0,646,646,-0.05889126063560472,0.1321359218262909,0.4,1.0,0.1753948717493054,0.23336552494648044,False,False,False,,below_bounded_prescreen
diff__detailed__all__ftrate_trim02,detailed_efficiency,0.0,646,646,-0.05889126063560472,0.1321359218262909,0.4,1.0,0.1753948717493054,0.23336552494648044,False,False,False,,below_bounded_prescreen
diff__detailed__clean__ftrate_median,detailed_efficiency,0.0,646,642,-0.05574257357417132,0.13721238810204275,0.4,1.0,0.22317601975611973,0.23319827168505344,False,False,False,,below_bounded_prescreen
diff__detailed__all__ft_rate_ros,detailed_efficiency,0.0,646,646,-0.05148587888427126,0.13478383970351587,0.4,1.0,0.17894015838408997,0.2328655300768637,False,False,False,,below_bounded_prescreen
diff__detailed__clean__ftmade_rate_ros,detailed_efficiency,0.0,646,646,-0.03462298976749093,0.14837366036937916,0.4,1.0,0.25307496286434683,0.23271341621157612,False,False,False,,below_bounded_prescreen
diff__detailed__all__ftmade_rate_ros,detailed_efficiency,0.0,646,646,-0.03537814013295846,0.14806955719356857,0.4,1.0,0.25419763299168374,0.2326886729624964,False,False,False,,below_bounded_prescreen
absdiff__norm__rating__colley__z,within_season_normalization,0.0,646,646,-0.037866257018366316,0.06555162785230331,0.6,1.0,0.0812485848057174,0.23254541452091748,False,False,False,,below_bounded_prescreen
absdiff__rating__colley_z,global_strength_ratings,0.0,646,646,-0.037866257018366316,0.06555162785230331,0.6,1.0,0.0812485848057174,0.23254541452091748,False,False,False,,below_bounded_prescreen
absdiff__rating__colley,global_strength_ratings,0.0,646,646,-0.037195272946939764,0.06555162823692304,0.6,1.0,0.08124857730807787,0.2323977985097267,False,False,False,,below_bounded_prescreen
diff__detailed__clean__ft_rate_ros,detailed_efficiency,0.0,646,646,-0.050281990983918376,0.1344259184989778,0.4,1.0,0.18017204763474898,0.23237959699058144,False,False,False,,below_bounded_prescreen
absdiff__seed__number,selection_committee_prior,0.0,646,15,-0.038708089746166255,0.06299030083939766,0.6,1.0,0.06529272896722822,0.23213941498837834,False,True,True,61.0,selected
absdiff__detailed__all__ftrate_std,detailed_efficiency,0.0,646,646,0.019922013719839673,0.07147172171517488,0.6,1.0,0.0643406579882024,0.23211564312212057,False,False,False,,below_bounded_prescreen
diff__detailed__all__ftrate_median,detailed_efficiency,0.0,646,642,-0.054628951401486374,0.1351096230047738,0.4,1.0,0.2196955858209035,0.2320831649177823,False,False,False,,below_bounded_prescreen
diff__compact__day110plus_margin_mean,compact_performance,0.0,646,550,0.08388632555926892,0.04698238516404367,0.6,1.0,0.12599297607866855,0.2319668174586334,False,False,False,,below_bounded_prescreen
diff__detailed__all__oppfg3attemptrate_mean,detailed_efficiency,0.0,646,646,-0.05328311048655391,0.1300798366693553,0.4,1.0,0.16299406013928794,0.2316408435027609,False,False,False,,below_bounded_prescreen
diff__detailed__clean__ftmaderate_mean,detailed_efficiency,0.0,646,646,-0.04064204870714496,0.14230741138030276,0.4,1.0,0.24711954398388064,0.231364026418762,False,False,False,,below_bounded_prescreen
diff__detailed__all__ftmaderate_mean,detailed_efficiency,0.0,646,646,-0.04144347729260538,0.14091832458352777,0.4,1.0,0.24980943509159065,0.2307659834008029,False,False,False,,below_bounded_prescreen
diff__detailed__last10__opp_efg_mean,detailed_efficiency,0.0,646,646,-0.05218746275212977,0.12575899556260448,0.4,1.0,0.12701322879616558,0.2307650305236721,False,False,False,,below_bounded_prescreen
absdiff__norm__schedule__rpi__z,within_season_normalization,0.0,646,646,-0.029640680708918985,0.06458814979826913,0.6,1.0,0.07290013158406905,0.2306072563957686,False,False,False,,below_bounded_prescreen
absdiff__rating__elo_mov_538_delta,dynamic_ratings,0.0,646,646,0.021984311113669008,0.06682353037352912,0.6,1.0,0.06410630170667232,0.23034759095603427,False,True,True,76.0,selected
absdiff__schedule__rpi,schedule_and_accomplishment,0.0,646,646,-0.028402739954924833,0.064588149446139,0.6,1.0,0.07290012318619873,0.23033490959678224,False,False,False,,below_bounded_prescreen
diff__detailed__all__oppassistturnoverratio_median,detailed_efficiency,0.0,646,594,-0.07508195163849403,0.11243166848724084,0.4,1.0,0.1517253007659984,0.22841621820370434,False,False,False,,below_bounded_prescreen
absdiff__schedule__elite_wins,schedule_and_accomplishment,0.0,646,11,0.025141229378195386,0.07667428525393467,0.5555555555555556,1.0,0.07856002448121963,0.22808121529473174,False,False,False,,below_bounded_prescreen
absdiff__detailed__neutral__off_rtg_mean,detailed_efficiency,0.03560371517027864,623,623,-0.04873970231655492,0.06048904246195504,0.6,1.0,0.12919247440046164,0.22774147870173977,False,False,False,,below_bounded_prescreen
diff__detailed__all__fg3_attempt_rate_ros,detailed_efficiency,0.0,646,646,-0.08395990385882145,0.11151738909428928,0.4,1.0,0.2123168604605317,0.22750685119577832,False,False,False,,below_bounded_prescreen
diff__compact__close3_wins,compact_performance,0.0,646,16,-0.07222210496638927,0.1133073020038686,0.4,1.0,0.17451465938484312,0.22729578167906886,False,False,False,,below_bounded_prescreen
absdiff__compact__neutral_margin_mean,compact_performance,0.03560371517027864,623,400,-0.056378156777327854,0.057227774527198405,0.6,1.0,0.14495095574142755,0.227226190820788,False,False,False,,below_bounded_prescreen
diff__detailed__all__fg3attemptrate_mean,detailed_efficiency,0.0,646,646,-0.08330069017863656,0.11039675292143189,0.4,1.0,0.21445822823158212,0.22673826411232406,False,False,False,,below_bounded_prescreen
absdiff__compact__margin_q25,compact_performance,0.0,646,69,0.02876382638639618,0.056766404385342015,0.6,1.0,0.07504524110584133,0.22657410626573768,False,False,False,,below_bounded_prescreen
mean__detailed__neutral__pace_mean,detailed_efficiency,0.03560371517027864,623,615,0.031141372616879853,0.058902678003665304,0.6,1.0,0.0482734608272285,0.2263451517707615,False,False,False,,below_bounded_prescreen
diff__detailed__clean__oppassistturnoverratio_median,detailed_efficiency,0.0,646,588,-0.07352655097922005,0.10813567137864183,0.4,1.0,0.14682523099485556,0.22620795423738227,False,False,False,,below_bounded_prescreen
absdiff__detailed__last20__tov_pct_mean,detailed_efficiency,0.0,646,646,-0.046132238176680905,0.12509604849479602,0.4,1.0,0.20097064509674653,0.22615636987250204,False,False,False,,below_bounded_prescreen
absdiff__norm__detailed__all__efg_ros__pct,within_season_normalization,0.0,646,501,-0.0648917954832738,0.11650813586463288,0.4,1.0,0.21445633639502248,0.22562184676554312,False,False,False,,below_bounded_prescreen
diff__detailed__clean__fg3_attempt_rate_ros,detailed_efficiency,0.0,646,646,-0.08453133158140837,0.107193011215622,0.4,1.0,0.21320980801931427,0.22552114601063583,False,False,False,,below_bounded_prescreen
seedprior__exact_pair_games,prequential_seed_priors,0.0,646,72,-0.0615914039028586,0.1120659210620241,0.4,1.0,0.1524940844434741,0.2252419875906615,False,True,True,52.0,selected
diff__detailed__neutral__off_rtg_mean,detailed_efficiency,0.03560371517027864,623,623,0.07287229597716674,0.11097869935630521,0.4,1.0,0.14005955414295715,0.22485100142666262,False,False,False,,below_bounded_prescreen
diff__detailed__clean__fg3attemptrate_mean,detailed_efficiency,0.0,646,646,-0.08378319482492855,0.10562356372890294,0.4,1.0,0.2151923047053262,0.22452392126314466,False,False,False,,below_bounded_prescreen
diff__detailed__last10__net_rtg_mean,detailed_efficiency,0.0,646,646,0.0929299965270594,0.0949527596196032,0.4,1.0,0.14753701561408972,0.224120443228799,False,False,False,,below_bounded_prescreen
diff__detailed__ewm_h20__fg3attemptrate,detailed_efficiency,0.0,646,646,-0.04911449052749087,0.1180136618235489,0.4,1.0,0.186552508296486,0.22398964525949205,False,False,False,,below_bounded_prescreen
absdiff__schedule__bad_loss_penalty_sum,schedule_and_accomplishment,0.0,646,645,-0.04446260934135598,0.1142724436525614,0.4,1.0,0.12652822805805702,0.22357141788600549,False,False,False,,below_bounded_prescreen
diff__detailed__ewm_h10__fg3attemptrate,detailed_efficiency,0.0,646,646,-0.06412382291334126,0.11073320702017889,0.4,1.0,0.20422111399107976,0.22309033585097776,False,False,False,,below_bounded_prescreen
diff__detailed__last20__ft_rate_mean,detailed_efficiency,0.0,646,646,-0.07588919440806055,0.0991589498084031,0.4,1.0,0.16330990359290773,0.2217595225340905,False,False,False,,below_bounded_prescreen
absdiff__rating__pagerank_binary_z,global_strength_ratings,0.0,646,646,-0.06127983332878925,0.10392341735191579,0.4,1.0,0.14656224725978598,0.22150231377086177,False,False,False,,below_bounded_prescreen
diff__detailed__ewm_h10__ftrate,detailed_efficiency,0.0,646,646,-0.07540935292248704,0.10056862290138958,0.4,1.0,0.18803127098709127,0.2213417457961305,False,False,False,,below_bounded_prescreen
absdiff__rating__pagerank_binary,global_strength_ratings,0.0,646,646,-0.05873540928952446,0.1039234199768883,0.4,1.0,0.1465622573022138,0.22094254134051322,False,False,False,,below_bounded_prescreen
diff__compact__day120plus_win_pct,compact_performance,0.0,646,51,-0.06529486729036368,0.10368273924234234,0.4,1.0,0.1822477327390502,0.22084267633064233,False,False,False,,below_bounded_prescreen
absdiff__rating__bt_c0p25_percentile,global_strength_ratings,0.0,646,393,-0.04965895408743461,0.1055288139321679,0.4,1.0,0.14568663106199253,0.2197513353441965,False,False,False,,below_bounded_prescreen
diff__compact__last10_margin_median,compact_performance,0.0,646,69,0.07627770262679615,0.08940558180553766,0.4,1.0,0.1314897988310786,0.21843618189131012,False,False,False,,below_bounded_prescreen
absdiff__conference__strength_std,conference_context,0.0,646,508,0.054655228511902694,0.09765588545350201,0.4,1.0,0.12244703527060527,0.21800109387947536,False,False,False,,below_bounded_prescreen
mean__compact__margin_std,compact_performance,0.0,646,646,-0.07862133851696532,0.09352270859648495,0.4,1.0,0.21114464955818887,0.21774180861771758,False,False,False,,below_bounded_prescreen
diff__conference__tourney_win_pct,conference_context,0.018575851393188854,634,16,-0.07593440230338229,0.09096018067326836,0.4,1.0,0.13752808774929415,0.21737926360848608,False,False,False,,below_bounded_prescreen
diff__detailed__clean__orbpct_std,detailed_efficiency,0.0,646,646,0.051017200947919436,0.09752936896127748,0.4,1.0,0.12061331025052566,0.21721334889993443,False,False,False,,below_bounded_prescreen
diff__detailed__all__fg3attemptrate_median,detailed_efficiency,0.0,646,641,-0.0792989148894606,0.09365436630548538,0.4,1.0,0.2314243066199247,0.21714288483751734,False,False,False,,below_bounded_prescreen
diff__detailed__clean__fg3attemptrate_median,detailed_efficiency,0.0,646,641,-0.07911763701659133,0.09358443722256396,0.4,1.0,0.2315608929945433,0.21706397429069907,False,False,False,,below_bounded_prescreen
absdiff__detailed__clean__defrtg_std,detailed_efficiency,0.0,646,646,-0.035665112833448503,0.10348750867189312,0.4,1.0,0.13239260342058834,0.21622462484904384,False,False,False,,below_bounded_prescreen
seedprior__effective_games_pc2p0,prequential_seed_priors,0.0,646,198,0.0357501916415068,0.10193536793459204,0.4,1.0,0.12216478991270777,0.2159074271732274,False,True,True,53.0,selected
seedprior__effective_games_pc8p0,prequential_seed_priors,0.0,646,198,0.0357501916415068,0.10193536793459204,0.4,1.0,0.12216478991270777,0.2159074271732274,False,True,False,,correlation_pruned_or_cap
diff__detailed__ewm_h5__fg3attemptrate,detailed_efficiency,0.0,646,646,-0.055147161142808654,0.09791323832441468,0.4,1.0,0.18080403973069636,0.2158985682579091,False,False,False,,below_bounded_prescreen
mean__detailed__clean__netrtg_std,detailed_efficiency,0.0,646,646,-0.08203251949747488,0.0853891580797683,0.4,1.0,0.179047241351587,0.21587206051366978,False,False,False,,below_bounded_prescreen
mean__compact__close5_games,compact_performance,0.0,646,23,-0.031118945568238986,0.10420148049649053,0.4,1.0,0.13643191908833524,0.21540560189979463,False,False,False,,below_bounded_prescreen
mean__detailed__all__netrtg_std,detailed_efficiency,0.0,646,646,-0.08202618520322359,0.08435657597461829,0.4,1.0,0.17984003813854335,0.21534331568698423,False,False,False,,below_bounded_prescreen
diff__conference__tourney_wins,conference_context,0.018575851393188854,634,9,-0.0688658098450553,0.09465326137056329,0.4,1.0,0.1945518923625363,0.21531589981782598,False,False,False,,below_bounded_prescreen
diff__detailed__all__orbpct_std,detailed_efficiency,0.0,646,646,0.050008118323785586,0.09341017064466459,0.4,1.0,0.11445999246776724,0.21526026824196115,False,False,False,,below_bounded_prescreen
mean__compact__neutral_games,compact_performance,0.03560371517027864,623,15,0.011541475693630779,0.12237056567109822,0.4,1.0,0.1924743078472122,0.21472972664721515,False,False,False,,below_bounded_prescreen
mean__detailed__neutral__games,detailed_efficiency,0.03560371517027864,623,15,0.011541475693630779,0.12237056567109822,0.4,1.0,0.1924743078472122,0.21472972664721515,False,False,False,,below_bounded_prescreen
absdiff__detailed__clean__drb_pct_ros,detailed_efficiency,0.0,646,646,-0.04338960273896307,0.098500702887414,0.4,1.0,0.15689720936021279,0.2145501616141221,False,False,False,,below_bounded_prescreen
absdiff__detailed__all__efg_mean,detailed_efficiency,0.0,646,646,-0.033571531977033615,0.09795504881306107,0.4,1.0,0.12386132044701496,0.21344970764733612,False,False,False,,below_bounded_prescreen
absdiff__detailed__all__efg_trim02,detailed_efficiency,0.0,646,646,-0.033571531977033615,0.09795504881306107,0.4,1.0,0.12386132044701496,0.21344970764733612,False,False,False,,below_bounded_prescreen
absdiff__detailed__all__defrtg_std,detailed_efficiency,0.0,646,646,-0.03672083919303345,0.09760332858798218,0.4,1.0,0.13802670726130614,0.21340711405424656,False,False,False,,below_bounded_prescreen
diff__detailed__clean__oppassistperfgm_mean,detailed_efficiency,0.0,646,646,-0.05288844631425073,0.09167147314124566,0.4,1.0,0.15970042300456105,0.21324974837675062,False,False,False,,below_bounded_prescreen
diff__detailed__all__oppassistperfgm_mean,detailed_efficiency,0.0,646,646,-0.050803653709523104,0.0917734363996081,0.4,1.0,0.16097319665158405,0.21278912542184358,False,False,False,,below_bounded_prescreen
absdiff__detailed__all__drb_pct_ros,detailed_efficiency,0.0,646,646,-0.04341756311734963,0.09489777968350466,0.4,1.0,0.15929519509380274,0.21273099033014706,False,False,False,,below_bounded_prescreen
absdiff__detailed__clean__efg_mean,detailed_efficiency,0.0,646,646,-0.032096048089698355,0.09696064895056933,0.4,1.0,0.1243201656202104,0.2126294354511985,False,False,False,,below_bounded_prescreen
absdiff__detailed__clean__efg_trim02,detailed_efficiency,0.0,646,646,-0.032096048089698355,0.09696064895056933,0.4,1.0,0.1243201656202104,0.2126294354511985,False,False,False,,below_bounded_prescreen
absdiff__detailed__last5__orb_pct_mean,detailed_efficiency,0.0,646,646,0.05596865659514928,0.0842176130854406,0.4,1.0,0.13752092726386794,0.21123672164138962,False,False,False,,below_bounded_prescreen
diff__detailed__clean__pace_ros,detailed_efficiency,0.0,646,646,0.0760077166424566,0.07811132463739356,0.4,1.0,0.18673144864308946,0.2107458755415658,False,False,False,,below_bounded_prescreen
diff__compact__close5_win_pct,compact_performance,0.006191950464396285,642,275,0.05419993284337036,0.082921390214903,0.4,1.0,0.11741510533344986,0.21053429227820522,False,False,False,,below_bounded_prescreen
diff__detailed__all__netrtg_std,detailed_efficiency,0.0,646,646,0.053340291642640224,0.08536340909922303,0.4,1.0,0.16408070453346496,0.21014607234766933,False,False,False,,below_bounded_prescreen
diff__detailed__last5__def_rtg_mean,detailed_efficiency,0.0,646,646,0.02653090895067791,0.09491450476155208,0.4,1.0,0.13739112340604817,0.2099001173184522,False,False,False,,below_bounded_prescreen
diff__detailed__all__pace_ros,detailed_efficiency,0.0,646,646,0.07548040864631972,0.07638433866850351,0.4,1.0,0.18492485927379673,0.20987317809212017,False,False,False,,below_bounded_prescreen
absdiff__compact__neutral_win_pct,compact_performance,0.03560371517027864,623,69,-0.034504932389945946,0.09924983637591889,0.4,1.0,0.1639494770805115,0.20982473028938645,False,False,False,,below_bounded_prescreen
diff__compact__last10_margin_std,compact_performance,0.0,646,646,0.0588517699349194,0.08004591239003715,0.4,1.0,0.13895192217742391,0.20981135044580315,False,False,False,,below_bounded_prescreen
diff__compact__neutral_margin_std,compact_performance,0.08668730650154799,590,588,0.0629973623177571,0.096441614244962,0.4,1.0,0.18977331884366674,0.20962547727361783,False,False,False,,below_bounded_prescreen
absdiff__detailed__last10__orb_pct_mean,detailed_efficiency,0.0,646,646,0.03310149347698918,0.0889747470797837,0.4,1.0,0.11187425578804877,0.20951523693171184,False,False,False,,below_bounded_prescreen
diff__detailed__last5__off_rtg_mean,detailed_efficiency,0.0,646,646,0.07656483373805982,0.07355563485844421,0.4,1.0,0.17256259631781404,0.20924846430171382,False,False,False,,below_bounded_prescreen
absdiff__detailed__neutral__pace_mean,detailed_efficiency,0.03560371517027864,623,616,0.015472193614903786,0.10466708323397685,0.4,1.0,0.16390297296716916,0.20823966641527866,False,False,False,,below_bounded_prescreen
absdiff__rating__elo_standard_percentile,dynamic_ratings,0.0,646,411,-0.04413405275850353,0.07912294726275834,0.4,1.0,0.08954745309786262,0.20810660816908028,False,True,True,77.0,selected
absdiff__compact__margin_slope,compact_performance,0.0,646,646,-0.00822883175925299,0.09397638615717901,0.4,1.0,0.10531424610955689,0.2067064384980993,False,False,False,,below_bounded_prescreen
absdiff__detailed__away__net_rtg_mean,detailed_efficiency,0.0,646,646,0.04215340241408949,0.073657063139287,0.4,1.0,0.10392455167014662,0.20447215677115158,False,False,False,,below_bounded_prescreen
absdiff__compact__last20_margin_median,compact_performance,0.0,646,34,0.03712033401324884,0.1533352992854701,0.2,1.0,0.23343277398755546,0.2044301061804382,False,False,False,,below_bounded_prescreen
absdiff__detailed__all__efg_ros,detailed_efficiency,0.0,646,646,-0.02390858209438118,0.0827238930905941,0.4,1.0,0.11525598752832242,0.20435711724311614,False,False,False,,below_bounded_prescreen
absdiff__norm__detailed__all__efg_ros__z,within_season_normalization,0.0,646,646,-0.023705487166372448,0.08272389582271132,0.4,1.0,0.11525598888608479,0.20431243761605997,False,False,False,,below_bounded_prescreen
absdiff__rating__margin_ridge_a5p0,global_strength_ratings,0.0,646,646,-0.01685594289489584,0.08693595962629906,0.4,1.0,0.1455502587259509,0.2036155577084626,False,False,False,,below_bounded_prescreen
absdiff__rating__margin_ridge_a5p0_z,global_strength_ratings,0.0,646,646,-0.016394614971090418,0.08693596846288117,0.4,1.0,0.1455502715246097,0.20351406929483848,False,False,False,,below_bounded_prescreen
diff__compact__rest_days_mean,compact_performance,0.0,646,521,-0.04857668533736211,0.1457722691163781,0.2,1.0,0.2350203692492014,0.2032567451801131,False,False,False,,below_bounded_prescreen
absdiff__norm__compact__margin_mean__pct,within_season_normalization,0.0,646,433,-0.0348112794589272,0.07369333660976243,0.4,1.0,0.09474735428384923,0.20324138888229598,False,False,False,,below_bounded_prescreen
absdiff__norm__compact__margin_trim02__pct,within_season_normalization,0.0,646,433,-0.0348112794589272,0.07369333660976243,0.4,1.0,0.09474735428384923,0.20324138888229598,False,False,False,,below_bounded_prescreen
absdiff__norm__rating__margin_ridge_a25p0__z,within_season_normalization,0.0,646,646,0.006330036677288233,0.09317273539926074,0.4,1.0,0.1718951914756961,0.20323971340162073,False,False,False,,below_bounded_prescreen
absdiff__rating__margin_ridge_a25p0_z,global_strength_ratings,0.0,646,646,0.006330036677288233,0.09317273539926074,0.4,1.0,0.1718951914756961,0.20323971340162073,False,False,False,,below_bounded_prescreen
diff__detailed__all__oppassistturnoverratio_mean,detailed_efficiency,0.0,646,646,-0.061285534816992206,0.06116100580466377,0.4,1.0,0.09441278744890247,0.2030635889480208,False,False,False,,below_bounded_prescreen
absdiff__detailed__clean__efg_ros,detailed_efficiency,0.0,646,646,-0.0227371102491934,0.08065763446048922,0.4,1.0,0.11638484407389765,0.20306243503290147,False,False,False,,below_bounded_prescreen
absdiff__compact__ewm_h5_margin,compact_performance,0.0,646,646,0.015474794706454225,0.08605693646926445,0.4,1.0,0.1427392752138223,0.20300221333211396,False,False,False,,below_bounded_prescreen
absdiff__rating__margin_ridge_a25p0,global_strength_ratings,0.0,646,646,0.005221009481677436,0.0931727358827905,0.4,1.0,0.17189519907726802,0.20299572734661775,False,False,False,,below_bounded_prescreen
diff__detailed__clean__oppassistturnoverratio_mean,detailed_efficiency,0.0,646,646,-0.06196592630767144,0.06048495839124377,0.4,1.0,0.09778335998940489,0.20275394941590855,False,False,False,,below_bounded_prescreen
diff__detailed__all__ftpct_mean,detailed_efficiency,0.0,646,646,0.04020779793700156,0.15091387954401952,0.2,1.0,0.2652533928718963,0.20267424201239387,False,False,False,,below_bounded_prescreen
absdiff__rating__elo_mov_log_percentile,dynamic_ratings,0.0,646,393,-0.03213684018636931,0.07473988582830618,0.4,1.0,0.10863582447903378,0.20259981705942687,False,True,True,78.0,selected
absdiff__detailed__clean__offrtg_std,detailed_efficiency,0.0,646,646,-0.0448141120487735,0.06965652371689558,0.4,1.0,0.11886995958102042,0.20253943765159924,False,False,False,,below_bounded_prescreen
absdiff__norm__rating__elo_mov_538__pct,within_season_normalization,0.0,646,379,-0.033427298786804935,0.07344426316731978,0.4,1.0,0.10686239020243368,0.20233275644531323,False,False,False,,below_bounded_prescreen
absdiff__rating__elo_mov_538_percentile,dynamic_ratings,0.0,646,379,-0.033427298786804935,0.07344426316731978,0.4,1.0,0.10686239020243368,0.20233275644531323,False,True,False,,correlation_pruned_or_cap
diff__detailed__clean__ftpct_mean,detailed_efficiency,0.0,646,646,0.03948511133969071,0.14998300956793253,0.2,1.0,0.2640136003960659,0.20211802507149693,False,False,False,,below_bounded_prescreen
diff__conference__tourney_champion,conference_context,0.018575851393188854,634,3,-0.1106508202855394,0.12146554948618947,0.2,1.0,0.2819489095117837,0.20188261972426316,False,False,False,,below_bounded_prescreen
mean__detailed__home__pace_mean,detailed_efficiency,0.0,646,646,-0.013307270441754317,0.08422101306475385,0.4,1.0,0.14067031098956742,0.2017268733286851,False,False,False,,below_bounded_prescreen
absdiff__compact__rest_days_std,compact_performance,0.0,646,646,0.03382177420837526,0.07312399978553355,0.4,1.0,0.13267443711548144,0.20123333273827942,False,False,False,,below_bounded_prescreen
mean__conference__strength_std,conference_context,0.0,646,509,0.029943781794409534,0.07392610234161094,0.4,1.0,0.12344869143845823,0.20113421346120502,False,False,False,,below_bounded_prescreen
absdiff__detailed__last5__ft_rate_mean,detailed_efficiency,0.0,646,646,0.017647936600218486,0.15770836411952222,0.2,1.0,0.27419992025295686,0.20061456401930045,False,False,False,,below_bounded_prescreen
absdiff__detailed__last20__orb_pct_mean,detailed_efficiency,0.0,646,646,0.04269534376845122,0.06569197331536765,0.4,1.0,0.11472025645208754,0.20033631256235224,False,False,False,,below_bounded_prescreen
absdiff__detailed__all__offrtg_std,detailed_efficiency,0.0,646,646,-0.04710666877474442,0.06359746547416253,0.4,1.0,0.11659418739585485,0.20022648306220758,False,False,False,,below_bounded_prescreen
absdiff__detailed__clean__ftrate_std,detailed_efficiency,0.0,646,646,0.02159398871503635,0.0703092647062074,0.4,1.0,0.0631526871980356,0.19997301708836612,False,False,False,,below_bounded_prescreen
absdiff__compact__away_margin_mean,compact_performance,0.0,646,592,0.04241434054051405,0.06377728532799622,0.4,1.0,0.09993748024134744,0.1999467526666974,False,False,False,,below_bounded_prescreen
absdiff__compact__margin_winsor02,compact_performance,0.0,646,646,0.03915276129865447,0.06912319914405868,0.4,1.0,0.14859100238806394,0.1998491029793296,False,False,False,,below_bounded_prescreen
absdiff__detailed__home__net_rtg_mean,detailed_efficiency,0.0,646,646,0.04136937432312466,0.06568673039532223,0.4,1.0,0.12084152681605201,0.19979723186820003,False,False,False,,below_bounded_prescreen
absdiff__norm__compact__margin_mean__z,within_season_normalization,0.0,646,643,0.0383923801786857,0.0681734453895318,0.4,1.0,0.1395085314686216,0.19958923616754123,False,False,False,,below_bounded_prescreen
absdiff__norm__compact__margin_trim02__z,within_season_normalization,0.0,646,643,0.0383923801786857,0.0681734453895318,0.4,1.0,0.1395085314686216,0.19958923616754123,False,False,False,,below_bounded_prescreen
absdiff__compact__margin_mean,compact_performance,0.0,646,638,0.03770513333331366,0.06817344677750742,0.4,1.0,0.13950853326078833,0.19943804245610106,False,False,False,,below_bounded_prescreen
absdiff__compact__margin_trim02,compact_performance,0.0,646,638,0.03770513333331366,0.06817344677750742,0.4,1.0,0.13950853326078833,0.19943804245610106,False,False,False,,below_bounded_prescreen
diff__compact__last5_margin_median,compact_performance,0.0,646,47,0.029082987997600625,0.06843920550517306,0.4,1.0,0.10059969006229963,0.19922508839946323,False,False,False,,below_bounded_prescreen
absdiff__rating__elo_mov_log_delta,dynamic_ratings,0.0,646,646,0.020097983830883313,0.06901166663022497,0.4,1.0,0.0764025549974385,0.19849105422540478,False,True,False,,correlation_pruned_or_cap
absdiff__detailed__home__off_rtg_mean,detailed_efficiency,0.0,646,646,-0.01942473985648154,0.07074465249413397,0.4,1.0,0.11258286252894106,0.19772756146445258,False,False,False,,below_bounded_prescreen
absdiff__detailed__last10__opp_efg_mean,detailed_efficiency,0.0,646,646,0.06379477407626127,0.05187666480432049,0.4,1.0,0.14245294381778675,0.19723753165013985,False,False,False,,below_bounded_prescreen
absdiff__compact__day120plus_margin_mean,compact_performance,0.0,646,344,-0.02473575220550504,0.13832081793800574,0.2,1.0,0.1773449331164182,0.19674206077079714,False,False,False,,below_bounded_prescreen
absdiff__compact__margin_q90,compact_performance,0.0,646,191,0.06814002473773262,0.04335140203250932,0.4,1.0,0.08024165611270939,0.19658981217339727,False,False,False,,below_bounded_prescreen
absdiff__detailed__last5__pace_mean,detailed_efficiency,0.0,646,583,-0.06259864178279269,0.12855356901622625,0.2,1.0,0.2811594047852035,0.19623103812859485,False,False,False,,below_bounded_prescreen
diff__detailed__all__drbpct_median,detailed_efficiency,0.0,646,622,0.040478906203737064,0.0533026479552773,0.4,1.0,0.09215189922313202,0.19480455441442998,False,False,False,,below_bounded_prescreen
absdiff__schedule__opponent_strength_std,schedule_and_accomplishment,0.0,646,646,-0.015726304174943632,0.0627956853075984,0.4,1.0,0.0750865197686254,0.19459825507538983,False,False,False,,below_bounded_prescreen
diff__detailed__all__ft_pct_ros,detailed_efficiency,0.0,646,646,0.025367767616768268,0.1385955957827669,0.2,1.0,0.24983655828190043,0.19411333252014112,False,False,False,,below_bounded_prescreen
diff__detailed__clean__ft_pct_ros,detailed_efficiency,0.0,646,646,0.024450088476297246,0.1376852783098238,0.2,1.0,0.24850518681734565,0.193527745580807,False,False,False,,below_bounded_prescreen
diff__detailed__clean__oppassistperfgm_median,detailed_efficiency,0.0,646,548,-0.04853037384160169,0.05224123219883786,0.4,1.0,0.15935814863296832,0.19337814775527584,False,False,False,,below_bounded_prescreen
absdiff__detailed__all__opp_ft_rate_ros,detailed_efficiency,0.0,646,646,-0.020623019017293003,0.058873752555187536,0.4,1.0,0.09148236127703288,0.19313717095921318,False,False,False,,below_bounded_prescreen
diff__detailed__all__oppassistperfgm_median,detailed_efficiency,0.0,646,548,-0.04585103825681641,0.052933480171469885,0.4,1.0,0.16016137984390327,0.19308884370504903,False,False,False,,below_bounded_prescreen
absdiff__detailed__clean__opp_ft_rate_ros,detailed_efficiency,0.0,646,646,-0.018293887636240357,0.0596173983194295,0.4,1.0,0.09202727641656115,0.1929599154166366,False,False,False,,below_bounded_prescreen
absdiff__norm__detailed__clean__net_rtg_ros__pct,within_season_normalization,0.0,646,424,-0.025087753781360213,0.05475102079917032,0.4,1.0,0.08196296040831945,0.19252127739916822,False,False,False,,below_bounded_prescreen
diff__detailed__last20__pace_mean,detailed_efficiency,0.0,646,641,0.036387312366723296,0.12537720414348208,0.2,1.0,0.19308968171053892,0.19246267944112896,False,False,False,,below_bounded_prescreen
absdiff__detailed__all__opp_tov_pct_ros,detailed_efficiency,0.0,646,646,-0.03490146947350685,0.12731828321005523,0.2,1.0,0.22083327499112412,0.19195776822535304,False,False,False,,below_bounded_prescreen
absdiff__detailed__ewm_h10__efg,detailed_efficiency,0.0,646,646,-0.03351527686310752,0.12338849763033835,0.2,1.0,0.17190226907733774,0.19172374900935255,False,False,False,,below_bounded_prescreen
absdiff__compact__pythag_residual_exp10p0,compact_performance,0.0,646,646,0.03902088506402519,0.050366693075959534,0.4,1.0,0.13183364797630906,0.19148726147149375,False,False,False,,below_bounded_prescreen
absdiff__detailed__clean__opp_ftmade_rate_ros,detailed_efficiency,0.0,646,646,-0.00655543319554276,0.06161180266045441,0.4,1.0,0.09870952424398421,0.19106747961027817,False,False,False,,below_bounded_prescreen
absdiff__compact__pythag_residual_exp8p0,compact_performance,0.0,646,646,0.04820789505713174,0.04918268598709817,0.4,1.0,0.1824750110811261,0.19091442574313106,False,False,False,,below_bounded_prescreen
diff__detailed__clean__oppftpct_mean,detailed_efficiency,0.0,646,646,-0.035576801118640866,0.12570513051848015,0.2,1.0,0.24339052149057838,0.19042973803534832,False,False,False,,below_bounded_prescreen
absdiff__detailed__home__pace_mean,detailed_efficiency,0.0,646,645,-0.08515418917251795,0.09825263386934723,0.2,1.0,0.18704342394298437,0.19041344891752127,False,False,False,,below_bounded_prescreen
absdiff__schedule__owp,schedule_and_accomplishment,0.0,646,646,-0.03306190485427646,0.04931562634915722,0.4,1.0,0.12205863605101022,0.19006277427349588,False,False,False,,below_bounded_prescreen
absdiff__detailed__ewm_h5__efg,detailed_efficiency,0.0,646,646,-0.06555175931339906,0.10713768340523297,0.2,1.0,0.19527373343773546,0.1900365257459502,False,False,False,,below_bounded_prescreen
absdiff__compact__pythag_residual_exp11p5,compact_performance,0.0,646,646,0.02857921358674782,0.04909148137079786,0.4,1.0,0.10073009236957625,0.18982213435228446,False,False,False,,below_bounded_prescreen
mean__compact__games,compact_performance,0.0,646,15,-0.0002669739824738304,0.06188945032659626,0.4,1.0,0.10311941359219425,0.1896408938892227,False,False,False,,below_bounded_prescreen
mean__detailed__all__games,detailed_efficiency,0.0,646,15,-0.0002669739824738304,0.06188945032659626,0.4,1.0,0.10311941359219425,0.1896408938892227,False,False,False,,below_bounded_prescreen
diff__detailed__all__oppftpct_mean,detailed_efficiency,0.0,646,646,-0.038731497159010544,0.12236233965420876,0.2,1.0,0.24112084254445548,0.18961001870722433,False,False,False,,below_bounded_prescreen
absdiff__norm__detailed__all__net_rtg_ros__pct,within_season_normalization,0.0,646,422,-0.02554504593689307,0.04754487299908213,0.4,1.0,0.07480497179256251,0.1894492502739734,False,False,False,,below_bounded_prescreen
absdiff__detailed__all__opp_ftmade_rate_ros,detailed_efficiency,0.0,646,646,-0.007468052358664211,0.05720748336338115,0.4,1.0,0.09264487254168421,0.18939676863166172,False,False,False,,below_bounded_prescreen
absdiff__detailed__all__orb_pct_ros,detailed_efficiency,0.0,646,646,0.005354182698725418,0.0577165989358772,0.4,1.0,0.09530881665521382,0.1890695350167321,False,False,False,,below_bounded_prescreen
mean__schedule__top_quartile_games,schedule_and_accomplishment,0.0,646,41,0.022822393055294512,0.12371935413688794,0.2,1.0,0.18672109507418921,0.18893737265490343,False,False,False,,below_bounded_prescreen
absdiff__detailed__clean__opp_tov_pct_ros,detailed_efficiency,0.0,646,646,-0.0319543288936168,0.12143871870753979,0.2,1.0,0.2141249808060267,0.18875553810397372,False,False,False,,below_bounded_prescreen
diff__compact__pythag_residual_exp8p0,compact_performance,0.0,646,646,-0.07060867774356126,0.09808110523500052,0.2,1.0,0.1487210853034311,0.18866399620424648,False,False,False,,below_bounded_prescreen
absdiff__detailed__neutral__net_rtg_mean,detailed_efficiency,0.03560371517027864,623,623,-0.05149384692995851,0.04474387829789078,0.4,1.0,0.1359503529456951,0.18851939657612837,False,False,False,,below_bounded_prescreen
diff__compact__ewm_h5_points_against,compact_performance,0.0,646,646,0.0008057393395064601,0.140121728704877,0.2,1.0,0.2748964667563095,0.18843983376278,False,False,False,,below_bounded_prescreen
absdiff__rating__elo_standard_z,dynamic_ratings,0.0,646,646,-0.006611988830600974,0.05333145873639184,0.4,1.0,0.07926443871104008,0.1878831601877587,False,False,False,,below_bounded_prescreen
diff__compact__last20_points_against_mean,compact_performance,0.0,646,384,-0.019353635449772044,0.1291994898181526,0.2,1.0,0.26191165901435,0.1877970885510891,False,False,False,,below_bounded_prescreen
absdiff__detailed__clean__orb_pct_ros,detailed_efficiency,0.0,646,646,0.005591460398622468,0.0545074275058181,0.4,1.0,0.0902633253720129,0.18778315347560914,False,False,False,,below_bounded_prescreen
absdiff__rating__elo_standard,dynamic_ratings,0.0,646,646,-0.005710715201474854,0.053331460226875314,0.4,1.0,0.07926443645496695,0.18768488079502596,False,False,False,,below_bounded_prescreen
absdiff__compact__pythag_exp13p91,compact_performance,0.0,646,646,-0.01522967444577432,0.047939217283536825,0.4,1.0,0.07672515740330052,0.18729234637803602,False,False,False,,below_bounded_prescreen
absdiff__detailed__last10__off_rtg_mean,detailed_efficiency,0.0,646,646,-0.026492312188002142,0.11768142968365361,0.2,1.0,0.18107797537296838,0.1870722759145955,False,False,False,,below_bounded_prescreen
absdiff__compact__days_since_last_game,compact_performance,0.0,646,9,-0.06260536272402552,0.10237469087773834,0.2,1.0,0.1981725213605393,0.18698613056617844,False,False,False,,below_bounded_prescreen
mean__detailed__all__orbpct_std,detailed_efficiency,0.0,646,646,-0.03353594956438029,0.04096874609614405,0.4,1.0,0.11057506712901163,0.18661990434515235,False,False,False,,below_bounded_prescreen
absdiff__compact__pythag_exp11p5,compact_performance,0.0,646,646,-0.004348208286356572,0.051691673277157756,0.4,1.0,0.07977474067760584,0.18657761936892994,False,False,False,,below_bounded_prescreen
seedprior__generic_gender_games,prequential_seed_priors,0.0,646,11,0.02679345243602548,0.11854963439042675,0.2,1.0,0.20841405943683916,0.18646182166585687,False,True,True,54.0,selected
absdiff__rating__elo_standard_delta,dynamic_ratings,0.0,646,646,0.02273529512926869,0.040917326317295374,0.4,1.0,0.05864829495073431,0.18629614976271155,False,False,False,,below_bounded_prescreen
absdiff__rating__elo_mov_log_preseason,dynamic_ratings,0.0,646,646,-0.007990359822701533,0.046686101012951245,0.4,1.0,0.0664679227540127,0.18550849073705045,False,False,False,,below_bounded_prescreen
mean__detailed__clean__orbpct_std,detailed_efficiency,0.0,646,646,-0.03355357166977639,0.038536793648979634,0.4,1.0,0.10971570447267083,0.1854908185399542,False,False,False,,below_bounded_prescreen
absdiff__compact__day90plus_win_pct,compact_performance,0.0,646,219,0.020782687047921914,0.12374282531807859,0.2,1.0,0.26645727403010944,0.18531045634201618,False,False,False,,below_bounded_prescreen
absdiff__compact__half_marginmean_first,compact_performance,0.0,646,576,0.02667799295309376,0.11263569066799001,0.2,1.0,0.1727546874200741,0.18502410247351286,False,False,False,,below_bounded_prescreen
absdiff__rating__elo_mov_538_preseason,dynamic_ratings,0.0,646,646,-0.006505415664171402,0.046966381808009036,0.4,1.0,0.07397810374344437,0.18501593056422427,False,False,False,,below_bounded_prescreen
diff__detailed__last20__def_rtg_mean,detailed_efficiency,0.0,646,646,-0.06561945272317621,0.09110404698917207,0.2,1.0,0.14823257036967252,0.18423691933911446,False,False,False,,below_bounded_prescreen
diff__detailed__last10__def_rtg_mean,detailed_efficiency,0.0,646,646,-0.010618699317234104,0.042554407830970684,0.4,1.0,0.07087951451048444,0.18392704902823806,False,False,False,,below_bounded_prescreen
absdiff__norm__rating__bt_c1p0__z,within_season_normalization,0.0,646,646,-0.020724728755825185,0.041622701292739636,0.4,1.0,0.11530771182880387,0.1839260284736444,False,False,False,,below_bounded_prescreen
absdiff__rating__bt_c1p0_z,global_strength_ratings,0.0,646,646,-0.020724728755825185,0.041622701292739636,0.4,1.0,0.11530771182880387,0.1839260284736444,False,False,False,,below_bounded_prescreen
absdiff__compact__neutral_margin_std,compact_performance,0.08668730650154799,590,588,0.00885347961102536,0.13884910573894993,0.2,1.0,0.24400711255263433,0.18390006724689234,False,False,False,,below_bounded_prescreen
absdiff__rating__bt_c1p0,global_strength_ratings,0.0,646,646,-0.019672096664250252,0.04162270411558821,0.4,1.0,0.11530770375312899,0.18369445109149224,False,False,False,,below_bounded_prescreen
absdiff__detailed__last5__net_rtg_mean,detailed_efficiency,0.0,646,646,-0.0013669926634407503,0.12335460234620585,0.2,1.0,0.20986921038764073,0.18311617909663014,False,False,False,,below_bounded_prescreen
absdiff__compact__margin_std,compact_performance,0.0,646,646,-0.017569942346621802,0.11358446477908526,0.2,1.0,0.18856115548558022,0.18284348419079452,False,False,False,,below_bounded_prescreen
absdiff__compact__home_margin_std,compact_performance,0.0,646,646,-0.009967534208001208,0.11772544085713753,0.2,1.0,0.20405019946960717,0.18253906115840202,False,False,False,,below_bounded_prescreen
diff__compact__ewm_h10_points_against,compact_performance,0.0,646,646,-0.07277915443496209,0.09502883420273064,0.2,1.0,0.27812092574434066,0.18250041736322875,False,False,False,,below_bounded_prescreen
mean__compact__last10_margin_std,compact_performance,0.0,646,646,-0.013511910408411985,0.11399075130058142,0.2,1.0,0.1831713607115195,0.18236132648566894,False,False,False,,below_bounded_prescreen
absdiff__rating__elo_mov_log_z,dynamic_ratings,0.0,646,646,-0.0008246357011838147,0.040823855132917905,0.4,1.0,0.06476902789748343,0.1811861092021617,False,False,False,,below_bounded_prescreen
absdiff__rating__elo_mov_log,dynamic_ratings,0.0,646,646,-0.0005505776767194179,0.040823855332719046,0.4,1.0,0.06476902952107677,0.18112581646774034,False,False,False,,below_bounded_prescreen
absdiff__detailed__clean__ft_rate_ros,detailed_efficiency,0.0,646,646,-0.012143353559693428,0.11077330142131626,0.2,1.0,0.1750904018902414,0.18083910638975473,False,False,False,,below_bounded_prescreen
mean__detailed__clean__ftmaderate_median,detailed_efficiency,0.0,646,638,-0.03933373922708707,0.09975997298947512,0.2,1.0,0.19332627694778182,0.18080515858699595,False,False,False,,below_bounded_prescreen
diff__detailed__last5__opp_efg_mean,detailed_efficiency,0.0,646,646,-0.009168323604038686,0.11501662024686342,0.2,1.0,0.21453784776313228,0.18064349500085766,False,False,False,,below_bounded_prescreen
mean__detailed__all__ftmaderate_median,detailed_efficiency,0.0,646,637,-0.040260647311826575,0.09793854627109946,0.2,1.0,0.18250366725740738,0.1805676979284333,False,False,False,,below_bounded_prescreen
absdiff__norm__rating__elo_mov_538__z,within_season_normalization,0.0,646,646,-0.0009015839591827773,0.03889568860779707,0.4,1.0,0.06167083528157028,0.1804014455915,False,False,False,,below_bounded_prescreen
absdiff__rating__elo_mov_538_z,dynamic_ratings,0.0,646,646,-0.0009015839591827773,0.03889568860779707,0.4,1.0,0.06167083528157028,0.1804014455915,False,False,False,,below_bounded_prescreen
absdiff__rating__elo_mov_538,dynamic_ratings,0.0,646,646,-0.0006069611093323975,0.03889568753474239,0.4,1.0,0.06167083070183109,0.18033662823265623,False,False,False,,below_bounded_prescreen
absdiff__schedule__top_decile_games,schedule_and_accomplishment,0.0,646,15,0.02324947869906897,0.10438555569704638,0.2,1.0,0.18224563333450555,0.17993012671499722,False,False,False,,below_bounded_prescreen
mean__compact__day90plus_games,compact_performance,0.0,646,11,-0.028964425361087252,0.0487197825678043,0.3333333333333333,1.0,0.08205001354696194,0.17980900200344013,False,False,False,,below_bounded_prescreen
diff__detailed__clean__oppblockpct_median,detailed_efficiency,0.0,646,619,-0.011688825598556865,0.11001744658569437,0.2,1.0,0.19870934746969535,0.179431542094028,False,False,False,,below_bounded_prescreen
absdiff__conference__tourney_win_pct,conference_context,0.018575851393188854,634,9,-0.01730165692396377,0.11152243179919147,0.2,1.0,0.21080817621758946,0.17941873662672525,False,False,False,,below_bounded_prescreen
absdiff__detailed__all__ft_rate_ros,detailed_efficiency,0.0,646,646,-0.011787143190062735,0.10790923487761982,0.2,1.0,0.17545798132137194,0.17937128499021646,False,False,False,,below_bounded_prescreen
mean__compact__rest_days_mean,compact_performance,0.0,646,489,-0.01654234923353478,0.10535827755009995,0.2,1.0,0.17579323962990667,0.17917956047022937,False,False,False,,below_bounded_prescreen
diff__detailed__all__oppblockpct_median,detailed_efficiency,0.0,646,620,-0.011427398417096071,0.10866536975624994,0.2,1.0,0.19781580722116923,0.17876077284591435,False,False,False,,below_bounded_prescreen
absdiff__detailed__all__oppefg_median,detailed_efficiency,0.0,646,640,-0.03485671199615511,0.09817212179958709,0.2,1.0,0.2012207150629105,0.1787422665004395,False,False,False,,below_bounded_prescreen
diff__detailed__clean__netrtg_std,detailed_efficiency,0.0,646,646,0.05265525394738685,0.0867029388567086,0.2,1.0,0.16368835738558069,0.17865403222422202,False,False,False,,below_bounded_prescreen
diff__compact__last5_points_against_mean,compact_performance,0.0,646,189,0.04959999534265603,0.08887583393232083,0.2,1.0,0.17375664438683106,0.1786221334874251,False,False,False,,below_bounded_prescreen
diff__detailed__ewm_h5__efg,detailed_efficiency,0.0,646,646,0.018077836736348576,0.10448875176319322,0.2,1.0,0.19409077398065683,0.17836809396910316,False,False,False,,below_bounded_prescreen
absdiff__compact__margin_iqr,compact_performance,0.0,646,65,0.03302908145230129,0.09461500297239353,0.2,1.0,0.16501229304995113,0.17808110762425713,False,False,False,,below_bounded_prescreen
diff__detailed__all__oppftpct_median,detailed_efficiency,0.0,646,532,-0.02148092851819272,0.10252544492244817,0.2,1.0,0.19698099655332682,0.17805877797464445,False,False,False,,below_bounded_prescreen
absdiff__compact__last5_margin_mean,compact_performance,0.0,646,99,0.006759898956486193,0.10774459594208555,0.2,1.0,0.17923264732145128,0.17803527792976998,False,False,False,,below_bounded_prescreen
absdiff__norm__rating__margin_ridge_a25p0__pct,within_season_normalization,0.0,646,400,-0.03776872424205897,0.09078377596813786,0.2,1.0,0.15004501605941423,0.17788353115558259,False,False,False,,below_bounded_prescreen
absdiff__rating__margin_ridge_a25p0_percentile,global_strength_ratings,0.0,646,400,-0.03776872424205897,0.09078377596813786,0.2,1.0,0.15004501605941423,0.17788353115558259,False,False,False,,below_bounded_prescreen
diff__compact__last20_margin_std,compact_performance,0.0,646,646,0.037768825678830005,0.09010315565457933,0.2,1.0,0.14404379254897984,0.1777969046615815,False,False,False,,below_bounded_prescreen
absdiff__detailed__poss0p475__def_rtg_mean,detailed_efficiency,0.0,646,646,-0.012923818684581142,0.10310652948723723,0.2,1.0,0.1683986771028886,0.1775984271803662,False,False,False,,below_bounded_prescreen
absdiff__detailed__last20__efg_mean,detailed_efficiency,0.0,646,646,-0.04078983900523155,0.0912350353945099,0.2,1.0,0.18583268571861097,0.17733327414177127,False,False,False,,below_bounded_prescreen
absdiff__schedule__bad_losses,schedule_and_accomplishment,0.0,646,8,-0.02218367950514252,0.0985904933066715,0.2,1.0,0.17243169758025745,0.17730657837512337,False,False,False,,below_bounded_prescreen
diff__detailed__clean__oppftpct_median,detailed_efficiency,0.0,646,529,-0.02011160517558011,0.10139775375588383,0.2,1.0,0.19561081320804427,0.1772710424131301,False,False,False,,below_bounded_prescreen
absdiff__detailed__poss0p44__def_rtg_mean,detailed_efficiency,0.0,646,646,-0.011861130639289372,0.10285413681212935,0.2,1.0,0.16940050183786712,0.17720341433695108,False,False,False,,below_bounded_prescreen
absdiff__detailed__last5__off_rtg_mean,detailed_efficiency,0.0,646,646,-0.03119992218756055,0.09578809107052132,0.2,1.0,0.19320100976916696,0.17711422620434686,False,False,False,,below_bounded_prescreen
absdiff__adj__net_rtg_a10p0_percentile,opponent_adjusted_efficiency,0.0,646,400,-0.0402657475406684,0.08615376816775834,0.2,1.0,0.1287580183178624,0.17706195244675657,False,True,True,20.0,selected
absdiff__norm__adj__net_rtg_a10p0__pct,within_season_normalization,0.0,646,400,-0.0402657475406684,0.08615376816775834,0.2,1.0,0.1287580183178624,0.17706195244675657,False,False,False,,below_bounded_prescreen
absdiff__detailed__clean__def_rtg_ros,detailed_efficiency,0.0,646,646,-0.016695710475292832,0.09986683993848094,0.2,1.0,0.16655809850057168,0.1769468155350124,False,False,False,,below_bounded_prescreen
absdiff__detailed__all__def_rtg_ros,detailed_efficiency,0.0,646,646,-0.0147935425996356,0.09969006863031772,0.2,1.0,0.1638853934631494,0.17655039657594637,False,False,False,,below_bounded_prescreen
absdiff__detailed__clean__oppefg_median,detailed_efficiency,0.0,646,641,-0.035960863032797795,0.09231444758823351,0.2,1.0,0.1936490747490971,0.17647636171960374,False,False,False,,below_bounded_prescreen
absdiff__rating__elo_season_reset_mov_percentile,dynamic_ratings,0.0,646,386,-0.02613773087837603,0.09452687123454792,0.2,1.0,0.168255266294436,0.1763929883340483,False,False,False,,below_bounded_prescreen
mean__detailed__clean__efg_std,detailed_efficiency,0.0,646,646,-0.05101321611343852,0.0820099908052993,0.2,1.0,0.15738659146453715,0.17629223947291864,False,False,False,,below_bounded_prescreen
diff__compact__neutral_win_pct,compact_performance,0.03560371517027864,623,115,0.001483537425810346,0.11154806762787761,0.2,1.0,0.17367538645924616,0.1760741380230674,False,False,False,,below_bounded_prescreen
diff__detailed__all__oppblockpct_mean,detailed_efficiency,0.0,646,646,-0.0165450546585412,0.10046414736384682,0.2,1.0,0.1947903509196176,0.17607108872274083,False,False,False,,below_bounded_prescreen
mean__detailed__all__efg_std,detailed_efficiency,0.0,646,646,-0.0515196398943004,0.0808275747030988,0.2,1.0,0.1557682200367247,0.17590082783276453,False,False,False,,below_bounded_prescreen
diff__detailed__clean__oppblockpct_mean,detailed_efficiency,0.0,646,646,-0.017125129411916382,0.09946739698207342,0.2,1.0,0.19294968372522497,0.17579389167300785,False,False,False,,below_bounded_prescreen
diff__detailed__neutral__def_rtg_mean,detailed_efficiency,0.03560371517027864,623,623,0.006392405493800285,0.10965079296131666,0.2,1.0,0.1998831155870944,0.17519508799296202,False,False,False,,below_bounded_prescreen
absdiff__compact__away_win_pct,compact_performance,0.0,646,316,0.016732266040183574,0.09332864303305083,0.2,1.0,0.1423873432168298,0.1747833534560316,False,False,False,,below_bounded_prescreen
diff__detailed__last20__efg_mean,detailed_efficiency,0.0,646,646,0.020847271203925714,0.0933007206170033,0.2,1.0,0.1721748702991645,0.17448375074905864,False,False,False,,below_bounded_prescreen
diff__detailed__clean__assistperfgm_median,detailed_efficiency,0.0,646,616,0.017010046621309737,0.09514006838848624,0.2,1.0,0.18501226863676812,0.17400895233769081,False,False,False,,below_bounded_prescreen
absdiff__compact__close3_win_pct,compact_performance,0.04179566563467492,619,90,-0.004150847991342735,0.10744188704808835,0.2,1.0,0.17948611580581456,0.17396219445817124,False,False,False,,below_bounded_prescreen
mean__detailed__all__tovpct_std,detailed_efficiency,0.0,646,645,0.022969078614969263,0.09203182978051432,0.2,1.0,0.19265259992749179,0.17352237159284042,False,False,False,,below_bounded_prescreen
absdiff__compact__day110plus_win_pct,compact_performance,0.0,646,90,0.03048812677623385,0.08196327232417769,0.2,1.0,0.11716188645149658,0.17336328314831687,False,False,False,,below_bounded_prescreen
mean__detailed__clean__tovpct_std,detailed_efficiency,0.0,646,645,0.02412552691924375,0.09121364613244731,0.2,1.0,0.19437132623047676,0.17331531301658928,False,False,False,,below_bounded_prescreen
absdiff__compact__half_delta_marginmean,compact_performance,0.0,646,633,-0.0016065880935389526,0.09897819749307285,0.2,1.0,0.17055795505567994,0.17304066597502635,False,False,False,,below_bounded_prescreen
diff__detailed__last10__pace_mean,detailed_efficiency,0.0,646,627,0.015566546066591812,0.09066044254545946,0.2,1.0,0.1671341888822199,0.17225628500118195,False,False,False,,below_bounded_prescreen
diff__detailed__ewm_h20__ftrate,detailed_efficiency,0.0,646,646,-0.03400280454995308,0.08332201633378117,0.2,1.0,0.1879286712382862,0.1719580379916732,False,False,False,,below_bounded_prescreen
diff__detailed__all__opp_tov_pct_ros,detailed_efficiency,0.0,646,646,0.02147241798726057,0.08545914764326815,0.2,1.0,0.14976626590794692,0.17175367218964815,False,False,False,,below_bounded_prescreen
diff__detailed__all__assistperfgm_mean,detailed_efficiency,0.0,646,646,0.01646486182148282,0.08771057205262378,0.2,1.0,0.14996783108752273,0.17172463094248475,False,False,False,,below_bounded_prescreen
diff__detailed__clean__drb_pct_ros,detailed_efficiency,0.0,646,646,0.041589992096093,0.07479692963223901,0.2,1.0,0.13336382968031074,0.17171777129740276,False,False,False,,below_bounded_prescreen
mean__schedule__opponent_strength_std,schedule_and_accomplishment,0.0,646,645,-0.048558261243839725,0.0687227579683238,0.2,1.0,0.10605274202783742,0.1714276316173267,False,False,False,,below_bounded_prescreen
mean__compact__days_since_last_game,compact_performance,0.0,646,16,-0.004620021022930107,0.09407827268643851,0.2,1.0,0.17376904357138706,0.17122321377167965,False,False,False,,below_bounded_prescreen
diff__compact__close3_win_pct,compact_performance,0.04179566563467492,619,137,0.03857442534357637,0.08412172853569788,0.2,1.0,0.15825176978144687,0.17119107923068994,False,False,False,,below_bounded_prescreen
absdiff__compact__day110plus_margin_mean,compact_performance,0.0,646,481,-0.0015450928723060155,0.09545911205060258,0.2,1.0,0.17491867786798837,0.17116354710147702,False,False,False,,below_bounded_prescreen
diff__detailed__last10__four_factor_edge_mean,detailed_efficiency,0.0,646,646,0.06106582934170466,0.0637763286397238,0.2,1.0,0.12209013356854878,0.1711635148595005,False,False,False,,below_bounded_prescreen
diff__detailed__clean__assistperfgm_mean,detailed_efficiency,0.0,646,646,0.015442054971859945,0.08612712980921439,0.2,1.0,0.1472780641308209,0.17084715183699928,False,False,False,,below_bounded_prescreen
absdiff__adj__net_rtg_a10p0_z,opponent_adjusted_efficiency,0.0,646,646,0.0047185697121969045,0.09197008653641636,0.2,1.0,0.16351484206606415,0.1706431331915206,False,True,True,21.0,selected
absdiff__norm__adj__net_rtg_a10p0__z,within_season_normalization,0.0,646,646,0.0047185697121969045,0.09197008653641636,0.2,1.0,0.16351484206606415,0.1706431331915206,False,False,False,,below_bounded_prescreen
absdiff__adj__net_rtg_a10p0,opponent_adjusted_efficiency,0.0,646,646,0.003477546661134221,0.09197007940232231,0.2,1.0,0.16351483684087204,0.17037010490492935,False,True,False,,correlation_pruned_or_cap
absdiff__rating__elo_standard_preseason,dynamic_ratings,0.0,646,646,-0.02012359419671937,0.07831219650726631,0.2,1.0,0.09450441092659978,0.1702368686097021,False,False,False,,below_bounded_prescreen
diff__detailed__clean__fg3pct_median,detailed_efficiency,0.0,646,534,0.06430877849985933,0.06498912373818774,0.2,1.0,0.18626375281138113,0.16989216055184395,False,False,False,,below_bounded_prescreen
mean__detailed__all__defrtg_std,detailed_efficiency,0.0,646,646,-0.03228869502795446,0.0756914361406779,0.2,1.0,0.14006186675420704,0.1698329275835071,False,False,False,,below_bounded_prescreen
absdiff__compact__last5_margin_std,compact_performance,0.0,646,645,0.027402654090809275,0.07661551090050112,0.2,1.0,0.13152415498220146,0.16954306293293053,False,False,False,,below_bounded_prescreen
diff__detailed__clean__offrtg_std,detailed_efficiency,0.0,646,646,-0.03385855879842201,0.07363680557903576,0.2,1.0,0.13140580188884937,0.16953831753803603,False,False,False,,below_bounded_prescreen
absdiff__norm__compact__win_pct__pct,within_season_normalization,0.0,646,471,-0.05242434871077496,0.06858665479662543,0.2,1.0,0.17847500609387495,0.1693159507749957,False,False,False,,below_bounded_prescreen
absdiff__detailed__away__off_rtg_mean,detailed_efficiency,0.0,646,646,0.017750679435750368,0.08176550507376688,0.2,1.0,0.15066273379556622,0.16912608255945055,False,False,False,,below_bounded_prescreen
absdiff__detailed__ewm_h10__oppefg,detailed_efficiency,0.0,646,646,-0.016046305673710484,0.08350616417016239,0.2,1.0,0.1624943474439823,0.16911337215213496,False,False,False,,below_bounded_prescreen
diff__detailed__all__offrtg_std,detailed_efficiency,0.0,646,646,-0.033289282739993216,0.07253348785014135,0.2,1.0,0.12919304524547726,0.16897199456104728,False,False,False,,below_bounded_prescreen
absdiff__norm__detailed__all__net_rtg_ros__z,within_season_normalization,0.0,646,646,0.04039796807266576,0.06443250026811617,0.2,1.0,0.08298114894891863,0.1684959071467255,False,False,False,,below_bounded_prescreen
mean__detailed__clean__defrtg_std,detailed_efficiency,0.0,646,646,-0.03286515582424048,0.07294063356764086,0.2,1.0,0.1446139410112548,0.16845728075335034,False,False,False,,below_bounded_prescreen
absdiff__detailed__all__net_rtg_ros,detailed_efficiency,0.0,646,646,0.03982213692442561,0.06443250154528261,0.2,1.0,0.08298114833235468,0.1683692249318151,False,False,False,,below_bounded_prescreen
absdiff__compact__last5_margin_median,compact_performance,0.0,646,27,-0.06035748553779749,0.13372743324967115,0.0,1.0,0.23825280474736701,0.1679377025882629,False,False,False,,below_bounded_prescreen
mean__compact__last20_margin_std,compact_performance,0.0,646,646,-0.028480706108329385,0.0719685049667011,0.2,1.0,0.12422973704706339,0.16784144824596645,False,False,False,,below_bounded_prescreen
mean__detailed__away__pace_mean,detailed_efficiency,0.0,646,645,-0.040222926163734934,0.06411925057864043,0.2,1.0,0.09541942541855133,0.16780950701702704,False,False,False,,below_bounded_prescreen
mean__compact__rest_days_std,compact_performance,0.0,646,646,-0.022045831276453605,0.07694677039820068,0.2,1.0,0.1714608828466934,0.1669260973580884,False,False,False,,below_bounded_prescreen
diff__detailed__all__fg3pct_median,detailed_efficiency,0.0,646,531,0.06332053803937664,0.058647036130361846,0.2,1.0,0.18751030069561753,0.16658068368341183,False,False,False,,below_bounded_prescreen
absdiff__compact__last10_margin_mean,compact_performance,0.0,646,136,-0.015837296212367676,0.0747548231018016,0.2,1.0,0.1270418504140372,0.16628484623902418,False,False,False,,below_bounded_prescreen
mean__compact__away_games,compact_performance,0.0,646,19,-0.030382884722684786,0.14213250647939885,0.0,1.0,0.23510475979370987,0.1655036473573537,False,False,False,,below_bounded_prescreen
mean__detailed__away__games,detailed_efficiency,0.0,646,19,-0.030382884722684786,0.14213250647939885,0.0,1.0,0.23510475979370987,0.1655036473573537,False,False,False,,below_bounded_prescreen
absdiff__rating__margin_ridge_a5p0_percentile,global_strength_ratings,0.0,646,421,-0.04636183722246827,0.05798637601068086,0.2,1.0,0.1253291393979774,0.16501989909815074,False,False,False,,below_bounded_prescreen
diff__detailed__last5__efg_mean,detailed_efficiency,0.0,646,646,-0.0021189409241339067,0.0808398002482347,0.2,1.0,0.15649961688719105,0.1650092864469745,False,False,False,,below_bounded_prescreen
absdiff__detailed__poss0p475__net_rtg_mean,detailed_efficiency,0.0,646,646,0.04030036419964806,0.056430350422825806,0.2,1.0,0.07599168401289125,0.1649129809663633,False,False,False,,below_bounded_prescreen
absdiff__detailed__poss0p44__net_rtg_mean,detailed_efficiency,0.0,646,646,0.040342871820682254,0.05637012884750116,0.2,1.0,0.07607865420829422,0.1648899474790189,False,False,False,,below_bounded_prescreen
mean__detailed__last20__pace_mean,detailed_efficiency,0.0,646,641,-0.02429374882184709,0.06724209331394347,0.2,1.0,0.11853625553702907,0.16487937931001806,False,False,False,,below_bounded_prescreen
diff__detailed__last5__net_rtg_mean,detailed_efficiency,0.0,646,646,0.036291414929207295,0.06016654906672461,0.2,1.0,0.1031531948705889,0.16473792704162987,False,False,False,,below_bounded_prescreen
diff__compact__day110plus_win_pct,compact_performance,0.0,646,143,0.04164004887904035,0.057793308710049424,0.2,1.0,0.10818844658421228,0.16457406107084413,False,False,False,,below_bounded_prescreen
seedprior__favorite_prob_pc8p0,prequential_seed_priors,0.0,646,267,-0.02403614567188948,0.06853141400151241,0.2,1.0,0.14421247927936198,0.1644145315973672,False,True,True,55.0,selected
absdiff__detailed__clean__oppftmaderate_mean,detailed_efficiency,0.0,646,646,-0.009488511376675182,0.07312017771617157,0.2,1.0,0.12265812146911997,0.1642788329478661,False,False,False,,below_bounded_prescreen
diff__compact__margin_iqr,compact_performance,0.0,646,115,0.04517590032226642,0.13593526597589572,0.0,1.0,0.2758353127931421,0.16415421322760287,False,False,False,,below_bounded_prescreen
absdiff__detailed__all__oppftmaderate_mean,detailed_efficiency,0.0,646,646,-0.010053865726790817,0.07193936843756571,0.2,1.0,0.11736031697603232,0.16404833463088422,False,False,False,,below_bounded_prescreen
absdiff__detailed__home__def_rtg_mean,detailed_efficiency,0.0,646,646,-0.06023143137068739,0.04870535890860172,0.2,1.0,0.1150816703709262,0.164026220362843,False,False,False,,below_bounded_prescreen
absdiff__detailed__all__oppefg_mean,detailed_efficiency,0.0,646,646,-0.014264659337323404,0.14851615863921142,0.0,1.0,0.26654730167927887,0.16376408913386148,False,False,False,,below_bounded_prescreen
absdiff__compact__win_pct,compact_performance,0.0,646,478,0.008363773154852308,0.07528816424141499,0.2,1.0,0.1577329355538686,0.16366903150779197,False,False,False,,below_bounded_prescreen
absdiff__schedule__wp,schedule_and_accomplishment,0.0,646,478,0.008363773154852308,0.07528816424141499,0.2,1.0,0.1577329355538686,0.16366903150779197,False,False,False,,below_bounded_prescreen
diff__compact__last5_win_pct,compact_performance,0.0,646,9,0.016492120160243255,0.07008298059633475,0.2,1.0,0.14086897967519652,0.16363333793448634,False,False,False,,below_bounded_prescreen
absdiff__norm__compact__win_pct__z,within_season_normalization,0.0,646,576,0.00716520491033699,0.07528816263865903,0.2,1.0,0.15773293627937388,0.1634053456956555,False,False,False,,below_bounded_prescreen
mean__compact__home_margin_std,compact_performance,0.0,646,646,-0.038771446299900474,0.13384675085881523,0.0,1.0,0.23574510014766886,0.16334635459230265,False,False,False,,below_bounded_prescreen
absdiff__compact__away_margin_std,compact_performance,0.0,646,646,0.030219527536692787,0.06136000862903136,0.2,1.0,0.12267923305734543,0.16319393087771364,False,False,False,,below_bounded_prescreen
absdiff__detailed__clean__oppefg_mean,detailed_efficiency,0.0,646,646,-0.013250105725384653,0.1473451771511894,0.0,1.0,0.263318569022312,0.16310796553126305,False,False,False,,below_bounded_prescreen
mean__detailed__clean__games,detailed_efficiency,0.0,646,15,-0.005077808561277341,0.07308044550750067,0.2,1.0,0.12982715268222045,0.16300264561979252,False,False,False,,below_bounded_prescreen
absdiff__compact__last10_win_pct,compact_performance,0.0,646,8,0.05218307380162447,0.1222015794978374,0.0,1.0,0.1849770889739109,0.16273795083636292,False,False,False,,below_bounded_prescreen
mean__compact__neutral_margin_std,compact_performance,0.08668730650154799,590,588,-0.022758917478796395,0.07837848207179353,0.2,1.0,0.12493564026136866,0.16269622310921752,False,False,False,,below_bounded_prescreen
diff__detailed__clean__drbpct_median,detailed_efficiency,0.0,646,624,0.03931882773040057,0.053223544062855024,0.2,1.0,0.09150729528657414,0.1625371514393956,False,False,False,,below_bounded_prescreen
absdiff__detailed__all__opp_efg_ros,detailed_efficiency,0.0,646,646,-0.010408657351193935,0.14618685758604288,0.0,1.0,0.2537207675363145,0.1623107655571107,False,False,False,,below_bounded_prescreen
absdiff__compact__margin_median,compact_performance,0.0,646,33,0.08030643677805828,0.035035531445124835,0.2,1.0,0.14050069397023515,0.16086444342602335,False,False,False,,below_bounded_prescreen
absdiff__compact__pythag_exp8p0,compact_performance,0.0,646,646,0.012754225374404076,0.06309225872588929,0.2,1.0,0.10695782817409454,0.16081190064383197,False,False,False,,below_bounded_prescreen
diff__compact__half_pointsagainstmean_second,compact_performance,0.0,646,609,0.0033126526080763737,0.14812283289266048,0.0,1.0,0.2809593635981866,0.16058936881832636,False,False,False,,below_bounded_prescreen
absdiff__detailed__clean__opp_efg_ros,detailed_efficiency,0.0,646,646,-0.009208823860344991,0.14186749713289407,0.0,1.0,0.24769903445514924,0.1602143784948591,False,False,False,,below_bounded_prescreen
diff__detailed__last5__four_factor_edge_mean,detailed_efficiency,0.0,646,646,0.019435916170252695,0.058290906068181686,0.2,1.0,0.10690441340064935,0.15997935993415685,False,False,False,,below_bounded_prescreen
mean__compact__day120plus_games,compact_performance,0.0,646,9,-0.018084748076232934,0.06012637160665857,0.2,1.0,0.12293769692813959,0.15992179507084178,False,False,False,,below_bounded_prescreen
seedprior__pooled_gap_games,prequential_seed_priors,0.03560371517027864,623,91,0.02766244234128822,0.05628611138145933,0.2,1.0,0.08403340104489451,0.15889343752276583,False,True,True,56.0,selected
absdiff__detailed__neutral__def_rtg_mean,detailed_efficiency,0.03560371517027864,623,623,0.039192000788222665,0.05371451466524752,0.2,1.0,0.11964842405385448,0.15877097303695134,False,False,False,,below_bounded_prescreen
absdiff__detailed__all__oppftmaderate_median,detailed_efficiency,0.0,646,637,0.004206423626920338,0.06300650319076351,0.2,1.0,0.11476627798489294,0.15857788361009323,False,False,False,,below_bounded_prescreen
absdiff__detailed__last20__ft_rate_mean,detailed_efficiency,0.0,646,646,0.011542784651374092,0.05742930812571319,0.2,1.0,0.08832110797310286,0.15857263620472054,False,False,False,,below_bounded_prescreen
mean__conference__tourney_games,conference_context,0.018575851393188854,634,7,-0.015993927179244836,0.05859254791177578,0.2,1.0,0.10318439933731618,0.1580296428921385,False,False,False,,below_bounded_prescreen
absdiff__detailed__clean__oppftmaderate_median,detailed_efficiency,0.0,646,637,0.005086072317910342,0.060393152522480925,0.2,1.0,0.10827880188548158,0.15777649704531185,False,False,False,,below_bounded_prescreen
mean__detailed__clean__ftmaderate_mean,detailed_efficiency,0.0,646,646,-0.03262329277203164,0.12710524027066797,0.0,1.0,0.2622382926878294,0.1576981080322544,False,False,False,,below_bounded_prescreen
diff__detailed__clean__defrtg_std,detailed_efficiency,0.0,646,646,0.04209001803243603,0.11862360619731924,0.0,1.0,0.21402628170981947,0.15763808367345641,False,False,False,,below_bounded_prescreen
diff__compact__margin_mad,compact_performance,0.0,646,35,0.04382916373949062,0.11678297091860555,0.0,1.0,0.20676581500622512,0.1574276094633696,False,False,False,,below_bounded_prescreen
mean__detailed__all__ftmade_rate_ros,detailed_efficiency,0.0,646,646,-0.025279918530839773,0.12759237298655643,0.0,1.0,0.24071358288407996,0.15717737779496863,False,False,False,,below_bounded_prescreen
mean__detailed__clean__ftmade_rate_ros,detailed_efficiency,0.0,646,646,-0.026372455440126494,0.12617850758311439,0.0,1.0,0.24183011637144047,0.1566944191818651,False,False,False,,below_bounded_prescreen
absdiff__compact__day120plus_win_pct,compact_performance,0.0,646,29,-0.019272227840583786,0.1273188670042428,0.0,1.0,0.2230693471407425,0.15643017240133528,False,False,False,,below_bounded_prescreen
absdiff__detailed__all__ftmade_rate_ros,detailed_efficiency,0.0,646,646,0.030684796151484877,0.1209238599760098,0.0,1.0,0.21095421547008147,0.15635593932300812,False,False,False,,below_bounded_prescreen
absdiff__detailed__all__ftmaderate_median,detailed_efficiency,0.0,646,637,0.028147450305741815,0.1171514058229629,0.0,1.0,0.15349280727824471,0.1562854015711556,False,False,False,,below_bounded_prescreen
mean__detailed__all__ftmaderate_mean,detailed_efficiency,0.0,646,646,-0.03150270556604647,0.12442985198723197,0.0,1.0,0.25997478505577193,0.15625793277617067,False,False,False,,below_bounded_prescreen
diff__detailed__all__defrtg_std,detailed_efficiency,0.0,646,646,0.04100433508045164,0.1155214304854408,0.0,1.0,0.21212610308880747,0.15598619622715865,False,False,False,,below_bounded_prescreen
absdiff__detailed__last5__tov_pct_mean,detailed_efficiency,0.0,646,646,0.032919449284076044,0.042520040247620856,0.2,1.0,0.09172615463630486,0.15598285197590256,False,False,False,,below_bounded_prescreen
diff__compact__last10_points_against_mean,compact_performance,0.0,646,279,0.0021019016138917384,0.13696729375115455,0.0,1.0,0.26433313090232213,0.1556333941195175,False,False,False,,below_bounded_prescreen
diff__detailed__ewm_h5__defrtg,detailed_efficiency,0.0,646,646,-0.03369913800770575,0.045573694948319705,0.2,1.0,0.15013390485125105,0.1552838277428387,False,False,False,,below_bounded_prescreen
absdiff__detailed__clean__ftmaderate_median,detailed_efficiency,0.0,646,637,0.028389376634292012,0.11637316737439049,0.0,1.0,0.17395260766020082,0.15514667889284364,False,False,False,,below_bounded_prescreen
absdiff__detailed__clean__ftmaderate_mean,detailed_efficiency,0.0,646,646,0.022429072520548404,0.12249103643258971,0.0,1.0,0.21519217514544642,0.15512240643634587,False,False,False,,below_bounded_prescreen
diff__conference__tourney_games,conference_context,0.018575851393188854,634,7,-0.030794064875360634,0.12199775561176099,0.0,1.0,0.23500331310656514,0.1544474163305069,False,False,False,,below_bounded_prescreen
absdiff__adj__net_rtg_a50p0_percentile,opponent_adjusted_efficiency,0.0,646,389,-0.025798682060117203,0.0444520402050657,0.2,1.0,0.12525472646668762,0.1540025002929898,False,True,True,22.0,selected
absdiff__norm__adj__net_rtg_a50p0__pct,within_season_normalization,0.0,646,389,-0.025798682060117203,0.0444520402050657,0.2,1.0,0.12525472646668762,0.1540025002929898,False,False,False,,below_bounded_prescreen
absdiff__compact__pythag_exp10p0,compact_performance,0.0,646,646,0.0029517298842175756,0.05181759254755242,0.2,1.0,0.08865734513722495,0.15397553119186405,False,False,False,,below_bounded_prescreen
absdiff__detailed__last10__efg_mean,detailed_efficiency,0.0,646,646,-0.06263801967111468,0.10296792669406818,0.0,1.0,0.2361870766517018,0.1537574860747299,False,False,False,,below_bounded_prescreen
absdiff__detailed__clean__ftmade_rate_ros,detailed_efficiency,0.0,646,646,0.029173178975136372,0.115171231135274,0.0,1.0,0.2044452368130808,0.15352248084693831,False,False,False,,below_bounded_prescreen
absdiff__compact__pythag_residual_exp13p91,compact_performance,0.0,646,646,0.010773545366520407,0.047278124663142344,0.2,1.0,0.09280860711206523,0.1533513355344602,False,False,False,,below_bounded_prescreen
absdiff__detailed__all__ftmaderate_mean,detailed_efficiency,0.0,646,646,0.02335971512841575,0.11667213853932465,0.0,1.0,0.216347086329655,0.1524878803739411,False,False,False,,below_bounded_prescreen
absdiff__detailed__last5__efg_mean,detailed_efficiency,0.0,646,645,-0.03543548549162359,0.10378981239403037,0.0,1.0,0.17644686903976087,0.15055704199570136,False,False,False,,below_bounded_prescreen
diff__detailed__last10__efg_mean,detailed_efficiency,0.0,646,646,-0.03169454954336029,0.03234901006389717,0.2,1.0,0.128411289395312,0.14936387415439745,False,False,False,,below_bounded_prescreen
mean__compact__close3_games,compact_performance,0.0,646,18,-0.03764311603556944,0.09446573256239033,0.0,1.0,0.13555818938973402,0.1482027095821833,False,False,False,,below_bounded_prescreen
absdiff__detailed__last20__opp_efg_mean,detailed_efficiency,0.0,646,646,0.041827520307792375,0.09620870115468169,0.0,1.0,0.19931630198998815,0.147409578942362,False,False,False,,below_bounded_prescreen
absdiff__compact__ewm_h20_margin,compact_performance,0.0,646,646,-0.029059100381586704,0.026810650409038125,0.2,1.0,0.09826937716116675,0.1473313391938407,False,False,False,,below_bounded_prescreen
diff__detailed__all__opptovpct_median,detailed_efficiency,0.0,646,646,0.0013324343071737172,0.11316329859227878,0.0,1.0,0.19106976949443388,0.14696872809209466,False,False,False,,below_bounded_prescreen
diff__detailed__all__ftpct_median,detailed_efficiency,0.0,646,570,0.026268625840287895,0.09904140229988856,0.0,1.0,0.171303536192921,0.146466829341093,False,False,False,,below_bounded_prescreen
absdiff__detailed__away__def_rtg_mean,detailed_efficiency,0.0,646,646,0.03700401366392982,0.09442575712765344,0.0,1.0,0.1773207923348552,0.14637241473394402,False,False,False,,below_bounded_prescreen
diff__detailed__clean__ftpct_median,detailed_efficiency,0.0,646,572,0.026141142607879978,0.09866361631210582,0.0,1.0,0.17084178284717594,0.14627591588965735,False,False,False,,below_bounded_prescreen
absdiff__detailed__last10__def_rtg_mean,detailed_efficiency,0.0,646,646,-0.007064193470080499,0.10671128705127966,0.0,1.0,0.16597554785167482,0.14613651843396497,False,False,False,,below_bounded_prescreen
mean__detailed__last10__pace_mean,detailed_efficiency,0.0,646,637,-0.029374392779634717,0.09705104444632456,0.0,1.0,0.1757851352465465,0.14601546233589358,False,False,False,,below_bounded_prescreen
absdiff__compact__last5_win_pct,compact_performance,0.0,646,5,0.02018039084782144,0.0981044969486409,0.0,1.0,0.14509387390271275,0.14572608956575983,False,False,False,,below_bounded_prescreen
diff__detailed__clean__opptovpct_median,detailed_efficiency,0.0,646,646,0.002416610425680387,0.10820389808727078,0.0,1.0,0.18351632092248926,0.14512887253864007,False,False,False,,below_bounded_prescreen
absdiff__adj__def_rtg_a10p0,opponent_adjusted_efficiency,0.0,646,646,-0.021608429924859993,0.09426653995351753,0.0,1.0,0.15718953656436885,0.1437142122985829,False,True,True,23.0,selected
diff__detailed__all__assistperfgm_median,detailed_efficiency,0.0,646,614,0.02022336072383376,0.09529636544632604,0.0,1.0,0.17751106637438147,0.14309095211850467,False,False,False,,below_bounded_prescreen
diff__detailed__clean__drbpct_mean,detailed_efficiency,0.0,646,646,0.03537220992008209,0.08600866104480798,0.0,1.0,0.15618010938587898,0.14281883910849072,False,False,False,,below_bounded_prescreen
absdiff__detailed__ewm_h20__efg,detailed_efficiency,0.0,646,646,0.007795395183898196,0.09949272299076048,0.0,1.0,0.17365901158434044,0.142525133512649,False,False,False,,below_bounded_prescreen
diff__detailed__last5__pace_mean,detailed_efficiency,0.0,646,618,0.05081864090505518,0.07799327501499496,0.0,1.0,0.16592153622162942,0.14198001155744452,False,False,False,,below_bounded_prescreen
diff__detailed__all__drbpct_mean,detailed_efficiency,0.0,646,646,0.03652218187707903,0.08379943943394225,0.0,1.0,0.1581715002613959,0.14193175093079383,False,False,False,,below_bounded_prescreen
absdiff__compact__ewm_h10_margin,compact_performance,0.0,646,646,0.02217923348882244,0.09013642577954446,0.0,1.0,0.16850880507567684,0.1414045635386952,False,False,False,,below_bounded_prescreen
diff__compact__day120plus_margin_mean,compact_performance,0.0,646,437,-0.01836903577257997,0.09119228783172227,0.0,1.0,0.1918914836944719,0.1401378266814154,False,False,False,,below_bounded_prescreen
absdiff__detailed__last5__def_rtg_mean,detailed_efficiency,0.0,646,646,0.024672541125726893,0.08194293822759115,0.0,1.0,0.11753206346274651,0.14005928685839383,False,False,False,,below_bounded_prescreen
diff__detailed__clean__opp_tov_pct_ros,detailed_efficiency,0.0,646,646,0.020255364536069683,0.08599321260454519,0.0,1.0,0.15043546397009216,0.13971550368931332,False,False,False,,below_bounded_prescreen
absdiff__detailed__last10__tov_pct_mean,detailed_efficiency,0.0,646,646,-0.005887317566987645,0.09237904185640256,0.0,1.0,0.15188941216362375,0.13956157346926557,False,False,False,,below_bounded_prescreen
mean__compact__home_games,compact_performance,0.0,646,20,0.0025167968991168725,0.09811753366647546,0.0,1.0,0.20778532235598235,0.13933869858347467,False,False,False,,below_bounded_prescreen
mean__detailed__home__games,detailed_efficiency,0.0,646,20,0.0025167968991168725,0.09811753366647546,0.0,1.0,0.20778532235598235,0.13933869858347467,False,False,False,,below_bounded_prescreen
absdiff__rating__bt_c0p25_z,global_strength_ratings,0.0,646,646,-0.005306834825707099,0.09270126845146279,0.0,1.0,0.16213549383267759,0.1391786927650506,False,False,False,,below_bounded_prescreen
absdiff__compact__last20_win_pct,compact_performance,0.0,646,11,0.013454781998917403,0.0890673943710928,0.0,1.0,0.16782344186456813,0.13899946366330365,False,False,False,,below_bounded_prescreen
mean__detailed__last5__pace_mean,detailed_efficiency,0.0,646,619,0.007739198884619822,0.09189687629621861,0.0,1.0,0.17204587826495685,0.13893128924620302,False,False,False,,below_bounded_prescreen
absdiff__rating__bt_c0p25,global_strength_ratings,0.0,646,646,-0.004166340748301557,0.0927012653629658,0.0,1.0,0.16213548972406724,0.13892778274988726,False,False,False,,below_bounded_prescreen
diff__detailed__all__drb_pct_ros,detailed_efficiency,0.0,646,646,0.04269560178923397,0.07242294549841505,0.0,1.0,0.1354687420341792,0.13873729655150355,False,False,False,,below_bounded_prescreen
absdiff__compact__home_margin_mean,compact_performance,0.0,646,627,0.02990431503434892,0.07531430439264902,0.0,1.0,0.10363774249545793,0.13858430571621,False,False,False,,below_bounded_prescreen
mean__compact__away_margin_std,compact_performance,0.0,646,646,0.001333639608317398,0.09319906359775262,0.0,1.0,0.1662920550274397,0.13837726903965353,False,False,False,,below_bounded_prescreen
absdiff__compact__last10_margin_median,compact_performance,0.0,646,38,0.002706211662794475,0.09156467018914247,0.0,1.0,0.1553042396827982,0.13833423866929123,False,False,False,,below_bounded_prescreen
absdiff__adj__def_rtg_a50p0,opponent_adjusted_efficiency,0.0,646,646,-0.011170213557777383,0.0862832864527816,0.0,1.0,0.1480844492118412,0.13795004651157255,False,True,True,24.0,selected
absdiff__compact__day90plus_margin_mean,compact_performance,0.0,646,554,0.006234311172291144,0.0890596137671002,0.0,1.0,0.15919392998667117,0.13775240586664528,False,False,False,,below_bounded_prescreen
absdiff__detailed__last20__off_rtg_mean,detailed_efficiency,0.0,646,646,-0.0271901559926365,0.07750650974849557,0.0,1.0,0.15395146174716481,0.1370269005277713,False,False,False,,below_bounded_prescreen
absdiff__adj__net_rtg_a50p0_z,opponent_adjusted_efficiency,0.0,646,646,0.035522686958887335,0.0711072342654975,0.0,1.0,0.12836038109876682,0.13681204833444335,False,True,True,25.0,selected
absdiff__norm__adj__net_rtg_a50p0__z,within_season_normalization,0.0,646,646,0.035522686958887335,0.0711072342654975,0.0,1.0,0.12836038109876682,0.13681204833444335,False,False,False,,below_bounded_prescreen
absdiff__norm__detailed__clean__net_rtg_ros__z,within_season_normalization,0.0,646,646,0.039132617373961225,0.06559719553536811,0.0,1.0,0.08406711299641842,0.13673314515939142,False,False,False,,below_bounded_prescreen
absdiff__detailed__clean__net_rtg_ros,detailed_efficiency,0.0,646,646,0.038499537296796484,0.06559719148283624,0.0,1.0,0.08406710914636914,0.13659386575120186,False,False,False,,below_bounded_prescreen
absdiff__adj__net_rtg_a50p0,opponent_adjusted_efficiency,0.0,646,646,0.0338656530777761,0.0711072245997035,0.0,1.0,0.12836038591846347,0.1364474960482299,False,True,False,,correlation_pruned_or_cap
diff__compact__last5_margin_mean,compact_performance,0.0,646,167,0.040277759337466544,0.06308178010803081,0.0,1.0,0.07965756792498174,0.13595405878909816,False,False,False,,below_bounded_prescreen
diff__detailed__all__opptovpct_mean,detailed_efficiency,0.0,646,646,0.017419336797843646,0.07849309465881589,0.0,1.0,0.1406493494949856,0.13588296555195783,False,False,False,,below_bounded_prescreen
absdiff__detailed__poss0p475__off_rtg_mean,detailed_efficiency,0.0,646,646,-0.012537979287332482,0.08374659420947697,0.0,1.0,0.18442937703978834,0.13557954558217056,False,False,False,,below_bounded_prescreen
diff__detailed__clean__opptovpct_mean,detailed_efficiency,0.0,646,646,0.016011023299400042,0.07787798264044837,0.0,1.0,0.13959354027466914,0.13532011518229647,False,False,False,,below_bounded_prescreen
absdiff__detailed__poss0p44__off_rtg_mean,detailed_efficiency,0.0,646,646,-0.013076286930466644,0.08188542479031155,0.0,1.0,0.17928272261788786,0.1350104781193367,False,False,False,,below_bounded_prescreen
absdiff__detailed__last20__def_rtg_mean,detailed_efficiency,0.0,646,646,0.024860015126784603,0.07237226497861282,0.0,1.0,0.131489062237182,0.1349483280281395,False,False,False,,below_bounded_prescreen
diff__detailed__away__pace_mean,detailed_efficiency,0.0,646,646,-0.014247740876725905,0.08212986360763438,0.0,1.0,0.20254201358185,0.1344551569812702,False,False,False,,below_bounded_prescreen
seedprior__favorite_prob_pc2p0,prequential_seed_priors,0.0,646,267,-0.020729392019686575,0.07486706175105723,0.0,1.0,0.15150748558855892,0.13443635646129615,False,False,False,,below_bounded_prescreen
absdiff__detailed__all__off_rtg_ros,detailed_efficiency,0.0,646,646,-0.010645143183382865,0.08080122293276082,0.0,1.0,0.18218420623162118,0.13383915025880458,False,False,False,,below_bounded_prescreen
absdiff__rating__elo_season_reset_mov_z,dynamic_ratings,0.0,646,646,0.014643435223768738,0.07633135166731815,0.0,1.0,0.15276377813546854,0.1337500534241231,False,False,False,,below_bounded_prescreen
absdiff__rating__elo_season_reset_mov,dynamic_ratings,0.0,646,646,0.014545930866046794,0.0763313539190794,0.0,1.0,0.1527637837222168,0.13372860332279976,False,False,False,,below_bounded_prescreen
absdiff__rating__elo_season_reset_mov_delta,dynamic_ratings,0.0,646,646,0.014545930866046794,0.0763313539190794,0.0,1.0,0.1527637837222168,0.13372860332279976,False,False,False,,below_bounded_prescreen
absdiff__detailed__clean__off_rtg_ros,detailed_efficiency,0.0,646,646,-0.009943616629224068,0.08044870889941365,0.0,1.0,0.1794939381554407,0.1336232184039302,False,False,False,,below_bounded_prescreen
absdiff__compact__last20_margin_std,compact_performance,0.0,646,646,-0.005081839664192874,0.07594329096682889,0.0,1.0,0.10152418078467061,0.1335098171588135,False,False,False,,below_bounded_prescreen
absdiff__detailed__clean__tovpct_std,detailed_efficiency,0.0,646,646,-0.027302488456654023,0.06891770069129842,0.0,1.0,0.147920147954831,0.1331702378740939,False,False,False,,below_bounded_prescreen
absdiff__compact__margin_q75,compact_performance,0.0,646,74,0.015695585472666855,0.07488744050918111,0.0,1.0,0.15639761152700601,0.1331430957873134,False,False,False,,below_bounded_prescreen
mean__detailed__all__pace_ros,detailed_efficiency,0.0,646,646,-0.020681893693245575,0.06952205711134896,0.0,1.0,0.12534584873721505,0.13290677007647295,False,False,False,,below_bounded_prescreen
absdiff__detailed__last10__net_rtg_mean,detailed_efficiency,0.0,646,646,-0.00983116870426943,0.07471834026455249,0.0,1.0,0.14176621109703086,0.13235701199804323,False,False,False,,below_bounded_prescreen
mean__detailed__clean__pace_ros,detailed_efficiency,0.0,646,646,-0.02062792079345511,0.06800663979915875,0.0,1.0,0.12269399231665462,0.13227356998549014,False,False,False,,below_bounded_prescreen
absdiff__compact__margin_mad,compact_performance,0.0,646,18,0.03586223776373747,0.06658417971929642,0.0,1.0,0.1965769415142821,0.13198702091271325,False,False,False,,below_bounded_prescreen
absdiff__adj__off_rtg_a50p0,opponent_adjusted_efficiency,0.0,646,646,-0.007482838667643593,0.07709266504223627,0.0,1.0,0.16875066090407137,0.13190067729099214,False,False,False,,below_bounded_prescreen
absdiff__compact__home_win_pct,compact_performance,0.0,646,251,0.02562265069441809,0.062459043996396416,0.0,1.0,0.12004876989126693,0.13081537347539157,False,False,False,,below_bounded_prescreen
absdiff__detailed__all__tovpct_std,detailed_efficiency,0.0,646,646,-0.02638875781775368,0.06419703259251774,0.0,1.0,0.15392388744955407,0.13046314686633215,False,False,False,,below_bounded_prescreen
absdiff__compact__margin_q10,compact_performance,0.0,646,164,0.012036251398351286,0.06823347372030134,0.0,1.0,0.14694416657519904,0.12952227603037397,False,False,False,,below_bounded_prescreen
absdiff__adj__off_rtg_a10p0,opponent_adjusted_efficiency,0.0,646,646,-0.01554773930718234,0.06769502418861312,0.0,1.0,0.17497326965929788,0.1289151834717425,False,False,False,,below_bounded_prescreen
absdiff__detailed__all__orbpct_std,detailed_efficiency,0.0,646,646,0.008344688487598036,0.061992007902193495,0.0,1.0,0.10452490636663933,0.12741099900565886,False,False,False,,below_bounded_prescreen
absdiff__detailed__clean__efg_median,detailed_efficiency,0.0,646,628,-0.02470424760471106,0.0533362326121277,0.0,1.0,0.12441393464760722,0.12605976874095343,False,False,False,,below_bounded_prescreen
absdiff__detailed__clean__orbpct_std,detailed_efficiency,0.0,646,646,0.011840797812038508,0.05450001322208041,0.0,1.0,0.0839411066547065,0.1254073375990588,False,False,False,,below_bounded_prescreen
mean__schedule__top_decile_games,schedule_and_accomplishment,0.0,646,25,-0.0011050990047829596,0.05946945791564179,0.0,1.0,0.10123206040275416,0.12473917916445015,False,False,False,,below_bounded_prescreen
absdiff__detailed__all__efg_median,detailed_efficiency,0.0,646,629,-0.02521619535050662,0.04917979919715236,0.0,1.0,0.12155549426145182,0.12429164682128653,False,False,False,,below_bounded_prescreen
seedprior__gap_games,prequential_seed_priors,0.0,646,88,0.03493357796862167,0.04023279526436807,0.0,1.0,0.13529332977331443,0.12158539568906088,False,False,False,,below_bounded_prescreen
mean__compact__last5_margin_std,compact_performance,0.0,646,645,0.005162813550811464,0.048002889031015246,0.0,1.0,0.0857420573944914,0.12074752342028619,False,False,False,,below_bounded_prescreen
mean__compact__day110plus_games,compact_performance,0.0,646,9,-0.02039988390503942,0.03434149541906585,0.0,1.0,0.05559191241533322,0.11874821576364696,False,False,False,,below_bounded_prescreen
absdiff__detailed__all__netrtg_std,detailed_efficiency,0.0,646,646,-0.0034058098862123185,0.03941218405044604,0.0,1.0,0.06874277383860668,0.11691741556563655,False,False,False,,below_bounded_prescreen
absdiff__detailed__clean__netrtg_std,detailed_efficiency,0.0,646,646,-0.005038530570321762,0.03587367943277546,0.0,1.0,0.06528743345973914,0.11571634551481344,False,False,False,,below_bounded_prescreen
seedprior__history_games,prequential_seed_priors,0.0,646,10,0.018067591661137045,0.0,0.0,1.0,0.0,0.10397487016545015,False,False,False,,below_bounded_prescreen
