Feature,Block,MissingRate,NonMissingRows,UniqueValues,GlobalCorrelation,MedianAbsoluteSeasonCorrelation,SeasonSignConsistency,SeasonCoverage,SeasonCorrelationIQR,StabilityScore,Mandatory,InPrecorrelationPool,Selected,SelectionRank,ExclusionReason
diff__norm__rating__elo_mov_538__pct,within_season_normalization,0.0,835,626,0.6535362946677362,0.6856650009607617,1.0,1.0,0.09086561768337953,0.7292625605807324,True,True,True,2.0,selected
matchup__seed_diff,matchup_context,0.0,835,29,-0.6461987883309828,0.6516552331748756,1.0,1.0,0.12291587289284778,0.7100416104410426,True,True,True,1.0,selected
diff__adj__net_rtg_a50p0,opponent_adjusted_efficiency,0.0,835,835,0.6516947280431903,0.6020920670257182,1.0,1.0,0.17691959779264743,0.6853002484301407,True,True,True,5.0,selected
diff__compact__margin_trim02,compact_performance,0.0,835,823,0.6197086443679892,0.5881693334690672,1.0,1.0,0.13287081238524157,0.6733423493307003,True,True,True,3.0,selected
diff__norm__schedule__opponent_strength_mean__pct,within_season_normalization,0.0,835,740,0.569182891773342,0.5752419611826878,1.0,1.0,0.11161035479659293,0.6568719633659617,True,True,True,4.0,selected
context__women,matchup_context,0.0,835,2,0.07177847315871451,0.0,0.0,1.0,0.0,0.11579126409491719,True,True,True,6.0,selected
diff__rating__margin_ridge_a5p0,global_strength_ratings,0.0,835,835,0.730131210906208,0.6686455924617809,1.0,1.0,0.10685692847697081,0.7373044736419418,False,True,True,62.0,selected
diff__rating__elo_mov_log,dynamic_ratings,0.0,835,835,0.70685798504507,0.6780146536047874,1.0,1.0,0.1546808847786607,0.7347685550490669,False,True,False,,correlation_pruned_or_cap
diff__rating__margin_ridge_a5p0_z,global_strength_ratings,0.0,835,835,0.7185946863734433,0.6686455973008096,1.0,1.0,0.10685692682868253,0.7347664406333988,False,True,False,,correlation_pruned_or_cap
diff__rating__elo_mov_538,dynamic_ratings,0.0,835,835,0.705458659018184,0.6756910101210477,1.0,1.0,0.15359784195674975,0.7333886761638334,False,True,False,,correlation_pruned_or_cap
diff__rating__elo_mov_log_z,dynamic_ratings,0.0,835,835,0.6994984083006133,0.6780146508279964,1.0,1.0,0.15468089085224834,0.7331494465894832,False,True,False,,correlation_pruned_or_cap
diff__rating__elo_mov_log_percentile,dynamic_ratings,0.0,835,636,0.6556780636612951,0.6907698957395173,1.0,1.0,0.09178083565535156,0.7321474905342391,False,True,False,,correlation_pruned_or_cap
diff__norm__rating__elo_mov_538__z,within_season_normalization,0.0,835,835,0.6979054103244259,0.6756910144599718,1.0,1.0,0.15359784226784867,0.7317269635214462,False,True,True,7.0,selected
diff__rating__elo_mov_538_z,dynamic_ratings,0.0,835,835,0.6979054103244259,0.6756910144599718,1.0,1.0,0.15359784226784867,0.7317269635214462,False,True,False,,correlation_pruned_or_cap
diff__schedule__quality_win_points_sum,schedule_and_accomplishment,0.0,835,835,0.6863000472868982,0.6762249918808759,1.0,1.0,0.13661668558471307,0.7301093390825495,False,True,False,,correlation_pruned_or_cap
diff__norm__schedule__quality_win_points_sum__z,within_season_normalization,0.0,835,835,0.6824590781752191,0.6762249921462424,1.0,1.0,0.1366166876507472,0.7292643259227146,False,True,True,8.0,selected
diff__rating__elo_mov_538_percentile,dynamic_ratings,0.0,835,626,0.6535362946677362,0.6856650009607617,1.0,1.0,0.09086561768337953,0.7292625605807324,False,True,False,,correlation_pruned_or_cap
diff__rating__colley,global_strength_ratings,0.0,835,835,0.6879065337010853,0.6679075210200909,1.0,1.0,0.137286531803558,0.7264435862317401,False,True,False,,correlation_pruned_or_cap
diff__rating__margin_ridge_a25p0,global_strength_ratings,0.0,835,835,0.7109307349145523,0.655411704454024,1.0,1.0,0.11989670857220636,0.7262065114762447,False,True,False,,correlation_pruned_or_cap
diff__norm__rating__colley__z,within_season_normalization,0.0,835,835,0.6846234175112713,0.6679075197843894,1.0,1.0,0.13728653041971794,0.7257213001321979,False,True,True,9.0,selected
diff__rating__colley_z,global_strength_ratings,0.0,835,835,0.6846234175112713,0.6679075197843894,1.0,1.0,0.13728653041971794,0.7257213001321979,False,True,False,,correlation_pruned_or_cap
diff__schedule__quality_win_points_mean,schedule_and_accomplishment,0.0,835,835,0.6801006642389069,0.6702340772588384,1.0,1.0,0.14805699780437143,0.7254122233046271,False,True,False,,correlation_pruned_or_cap
diff__adj__net_rtg_a10p0,opponent_adjusted_efficiency,0.0,835,835,0.7121629130987146,0.6532578901395456,1.0,1.0,0.13924419062357807,0.7246698605237559,False,True,True,25.0,selected
diff__norm__rating__margin_ridge_a25p0__z,within_season_normalization,0.0,835,835,0.701018474214316,0.655411704445874,1.0,1.0,0.11989671627781695,0.7240258138100564,False,True,True,10.0,selected
diff__rating__margin_ridge_a25p0_z,global_strength_ratings,0.0,835,835,0.701018474214316,0.655411704445874,1.0,1.0,0.11989671627781695,0.7240258138100564,False,True,False,,correlation_pruned_or_cap
diff__adj__net_rtg_a10p0_z,opponent_adjusted_efficiency,0.0,835,835,0.7044733413203798,0.6532578882289805,1.0,1.0,0.13924419109936126,0.7229781537964197,False,True,False,,correlation_pruned_or_cap
diff__norm__adj__net_rtg_a10p0__z,within_season_normalization,0.0,835,835,0.7044733413203798,0.6532578882289805,1.0,1.0,0.13924419109936126,0.7229781537964197,False,True,False,,correlation_pruned_or_cap
diff__schedule__rpi,schedule_and_accomplishment,0.0,835,835,0.6701498418835229,0.6620121048695495,1.0,1.0,0.13849639913720502,0.7196589195862706,False,True,False,,correlation_pruned_or_cap
diff__norm__schedule__rpi__z,within_season_normalization,0.0,835,835,0.6668332351527773,0.6620121005547319,1.0,1.0,0.13849640646264327,0.7189292637413766,False,True,True,11.0,selected
diff__rating__margin_ridge_a5p0_percentile,global_strength_ratings,0.0,835,650,0.6574703140468039,0.6640559326177982,1.0,1.0,0.12013887426261194,0.7185847617763355,False,True,True,63.0,selected
seedprior__team1_prob_pc8p0,prequential_seed_priors,0.0,835,480,0.6508588486126958,0.6615572893629297,1.0,1.0,0.09355973179386967,0.7169940563172446,False,True,False,,correlation_pruned_or_cap
diff__rating__bt_c1p0,global_strength_ratings,0.0,835,835,0.6824239362427531,0.6490996234840507,1.0,1.0,0.13011878656623588,0.7164963337831006,False,True,False,,correlation_pruned_or_cap
seedprior__team1_prob_pc2p0,prequential_seed_priors,0.0,835,480,0.6521886506997774,0.6592845073086162,1.0,1.0,0.09484507475388515,0.7161442636719314,False,True,False,,correlation_pruned_or_cap
diff__norm__rating__bt_c1p0__z,within_season_normalization,0.0,835,835,0.6764898186365373,0.6490996224340416,1.0,1.0,0.13011878709430802,0.7151908273846058,False,True,True,12.0,selected
diff__rating__bt_c1p0_z,global_strength_ratings,0.0,835,835,0.6764898186365373,0.6490996224340416,1.0,1.0,0.13011878709430802,0.7151908273846058,False,True,False,,correlation_pruned_or_cap
diff__norm__schedule__quality_win_points_sum__pct,within_season_normalization,0.0,835,634,0.6416217759216059,0.6557398739587901,1.0,1.0,0.11013299282747335,0.7115066104898735,False,True,True,13.0,selected
interaction__strength_gap_squared_signed,matchup_interactions,0.0,835,835,0.6382694135864031,0.6597136823906103,1.0,1.0,0.1500426800963316,0.7110801313326484,False,True,False,,correlation_pruned_or_cap
diff__norm__rating__colley__pct,within_season_normalization,0.0,835,622,0.6453345765683608,0.6520939157913065,1.0,1.0,0.1029623888072122,0.710860190872578,False,True,True,14.0,selected
diff__rating__colley_percentile,global_strength_ratings,0.0,835,622,0.6453345765683608,0.6520939157913065,1.0,1.0,0.1029623888072122,0.710860190872578,False,True,False,,correlation_pruned_or_cap
diff__norm__schedule__rpi__pct,within_season_normalization,0.0,835,626,0.6354780091221917,0.6559832096916781,1.0,1.0,0.10181735005596348,0.7106044086566491,False,True,True,15.0,selected
diff__seed__number,selection_committee_prior,0.0,835,29,-0.6461987883309828,0.6516552331748756,1.0,1.0,0.12291587289284778,0.7100416104410426,False,True,False,,correlation_pruned_or_cap
diff__seed__strength,selection_committee_prior,0.0,835,29,0.6461987883309828,0.6516552331748756,1.0,1.0,0.12291587289284778,0.7100416104410426,False,True,False,,correlation_pruned_or_cap
diff__adj__net_rtg_a10p0_percentile,opponent_adjusted_efficiency,0.0,835,607,0.6433323154575615,0.6456583967970224,1.0,1.0,0.1164797759073628,0.7067899488269398,False,True,False,,correlation_pruned_or_cap
diff__norm__adj__net_rtg_a10p0__pct,within_season_normalization,0.0,835,607,0.6433323154575615,0.6456583967970224,1.0,1.0,0.1164797759073628,0.7067899488269398,False,True,True,16.0,selected
diff__norm__rating__bt_c1p0__pct,within_season_normalization,0.0,835,619,0.6446441126921173,0.6394206224732196,1.0,1.0,0.09017889176098892,0.7051364479089717,False,True,False,,correlation_pruned_or_cap
diff__rating__bt_c1p0_percentile,global_strength_ratings,0.0,835,619,0.6446441126921173,0.6394206224732196,1.0,1.0,0.09017889176098892,0.7051364479089717,False,True,False,,correlation_pruned_or_cap
diff__norm__rating__margin_ridge_a25p0__pct,within_season_normalization,0.0,835,617,0.6395019844533643,0.6439834466284493,1.0,1.0,0.1271724871852239,0.7047155914739869,False,True,False,,correlation_pruned_or_cap
diff__rating__margin_ridge_a25p0_percentile,global_strength_ratings,0.0,835,617,0.6395019844533643,0.6439834466284493,1.0,1.0,0.1271724871852239,0.7047155914739869,False,True,False,,correlation_pruned_or_cap
diff__rating__bt_c0p25,global_strength_ratings,0.0,835,835,0.6422957298018257,0.6404276211310403,1.0,1.0,0.14428684075038967,0.7029388450692854,False,True,True,64.0,selected
diff__rating__bt_c0p25_z,global_strength_ratings,0.0,835,835,0.6370241371121108,0.6404276229054745,1.0,1.0,0.14428683948314935,0.7017790955799662,False,True,False,,correlation_pruned_or_cap
diff__rating__elo_season_reset_mov,dynamic_ratings,0.0,835,835,0.6399126992579413,0.637686979883544,1.0,1.0,0.14558788405824918,0.7010470288185182,False,True,True,69.0,selected
diff__rating__elo_season_reset_mov_delta,dynamic_ratings,0.0,835,835,0.6399126992579413,0.637686979883544,1.0,1.0,0.14558788405824918,0.7010470288185182,False,True,False,,correlation_pruned_or_cap
diff__rating__elo_standard,dynamic_ratings,0.0,835,835,0.6694210157048847,0.6222544120210348,1.0,1.0,0.13671806739011072,0.7004860185295669,False,True,True,70.0,selected
diff__rating__elo_season_reset_mov_z,dynamic_ratings,0.0,835,835,0.6349330794387835,0.6376869819725093,1.0,1.0,0.14558787973323584,0.6999515136340073,False,True,False,,correlation_pruned_or_cap
diff__rating__elo_standard_z,dynamic_ratings,0.0,835,835,0.6621135504169547,0.6222544164723159,1.0,1.0,0.1367180681795933,0.698878378271258,False,True,False,,correlation_pruned_or_cap
diff__norm__rating__pagerank_margin__pct,within_season_normalization,0.0,835,690,0.6133563606801737,0.6378133338074019,1.0,1.0,0.10493814846744642,0.6968912736384933,False,True,True,17.0,selected
diff__rating__pagerank_margin_percentile,global_strength_ratings,0.0,835,690,0.6133563606801737,0.6378133338074019,1.0,1.0,0.10493814846744642,0.6968912736384933,False,True,False,,correlation_pruned_or_cap
diff__rating__pagerank_binary_percentile,global_strength_ratings,0.0,835,662,0.606651709548809,0.6226641482699233,1.0,1.0,0.10401184090583249,0.6881816936340679,False,True,False,,correlation_pruned_or_cap
diff__schedule__bad_loss_penalty_sum,schedule_and_accomplishment,0.0,835,834,-0.615580546541075,0.6121854399956808,1.0,1.0,0.06824465000813373,0.6865469454366379,False,True,True,79.0,selected
diff__schedule__quality_wins,schedule_and_accomplishment,0.0,835,43,0.6452368280277236,0.6049220230796806,1.0,1.0,0.17264895763392762,0.6854087149389887,False,True,True,80.0,selected
diff__compact__half_marginmean_first,compact_performance,0.0,835,769,0.6544144836437555,0.5986388250872959,1.0,1.0,0.17657907697322306,0.6842546593645993,False,True,True,38.0,selected
diff__adj__net_rtg_a50p0_z,opponent_adjusted_efficiency,0.0,835,835,0.6461374558029642,0.6020920704720782,1.0,1.0,0.17691960485948932,0.68407764990887,False,True,False,,correlation_pruned_or_cap
diff__norm__adj__net_rtg_a50p0__z,within_season_normalization,0.0,835,835,0.6461374558029642,0.6020920704720782,1.0,1.0,0.17691960485948932,0.68407764990887,False,True,False,,correlation_pruned_or_cap
diff__rating__elo_season_reset_mov_percentile,dynamic_ratings,0.0,835,617,0.5797131910859963,0.624220304595611,1.0,1.0,0.08857610316599762,0.6836196041181726,False,True,True,71.0,selected
diff__rating__elo_standard_percentile,dynamic_ratings,0.0,835,627,0.620791264216685,0.6058459966623826,1.0,1.0,0.09612990969955604,0.6835349601376322,False,True,True,72.0,selected
diff__rating__bt_c0p25_percentile,global_strength_ratings,0.0,835,634,0.6044546092249795,0.6064651249252082,1.0,1.0,0.09265691232422824,0.6803769975006262,False,True,True,65.0,selected
diff__adj__net_rtg_a50p0_percentile,opponent_adjusted_efficiency,0.0,835,607,0.5833266541697899,0.6118888008216692,1.0,1.0,0.12121805551982245,0.677189766090962,False,True,False,,correlation_pruned_or_cap
diff__norm__adj__net_rtg_a50p0__pct,within_season_normalization,0.0,835,607,0.5833266541697899,0.6118888008216692,1.0,1.0,0.12121805551982245,0.677189766090962,False,True,True,18.0,selected
diff__compact__margin_winsor02,compact_performance,0.0,835,835,0.6183373595219637,0.5906484661274177,1.0,1.0,0.13444749412737078,0.6741675830708976,False,True,False,,correlation_pruned_or_cap
diff__compact__margin_mean,compact_performance,0.0,835,823,0.6197086443679892,0.5881693334690672,1.0,1.0,0.13287081238524157,0.6733423493307003,False,True,False,,correlation_pruned_or_cap
diff__norm__compact__margin_mean__z,within_season_normalization,0.0,835,833,0.6135988195001413,0.5881693363282794,1.0,1.0,0.13287080465063494,0.6719981895415799,False,False,False,,below_bounded_prescreen
diff__norm__compact__margin_trim02__z,within_season_normalization,0.0,835,833,0.6135988195001413,0.5881693363282794,1.0,1.0,0.13287080465063494,0.6719981895415799,False,False,False,,below_bounded_prescreen
diff__detailed__all__net_rtg_ros,detailed_efficiency,0.0,835,835,0.6153660805284807,0.5830453167683793,1.0,1.0,0.1472483620320828,0.6693523552838045,False,True,False,,correlation_pruned_or_cap
diff__detailed__clean__net_rtg_ros,detailed_efficiency,0.0,835,835,0.615254263485869,0.5830453167683793,1.0,1.0,0.14741836815851905,0.6693209552893725,False,True,False,,correlation_pruned_or_cap
diff__schedule__oowp,schedule_and_accomplishment,0.0,835,835,0.6100615298601162,0.5850665132151405,1.0,1.0,0.1475397766601816,0.6691438718460857,False,True,True,81.0,selected
diff__norm__detailed__all__net_rtg_ros__z,within_season_normalization,0.0,835,835,0.6108541536582549,0.5830453194016707,1.0,1.0,0.14724837124912615,0.668359732267653,False,False,False,,below_bounded_prescreen
diff__norm__detailed__clean__net_rtg_ros__z,within_season_normalization,0.0,835,835,0.6108195640113753,0.5830453169242157,1.0,1.0,0.14741837523564516,0.6683453211967003,False,False,False,,below_bounded_prescreen
diff__detailed__poss0p44__net_rtg_mean,detailed_efficiency,0.0,835,835,0.6091030051777696,0.5820895377548636,1.0,1.0,0.15001075038604317,0.6674052092460021,False,True,False,,correlation_pruned_or_cap
diff__detailed__all__netrtg_mean,detailed_efficiency,0.0,835,835,0.6091564683177498,0.581720807736602,1.0,1.0,0.1498168357544214,0.667247737313297,False,True,False,,correlation_pruned_or_cap
diff__detailed__all__netrtg_trim02,detailed_efficiency,0.0,835,835,0.6091564683177498,0.581720807736602,1.0,1.0,0.1498168357544214,0.667247737313297,False,True,False,,correlation_pruned_or_cap
diff__detailed__poss0p475__net_rtg_mean,detailed_efficiency,0.0,835,835,0.6091564683177498,0.581720807736602,1.0,1.0,0.1498168357544214,0.667247737313297,False,True,False,,correlation_pruned_or_cap
diff__detailed__clean__netrtg_mean,detailed_efficiency,0.0,835,835,0.6090546684643141,0.581720807736602,1.0,1.0,0.14990963874606367,0.6672216292258756,False,True,False,,correlation_pruned_or_cap
diff__detailed__clean__netrtg_trim02,detailed_efficiency,0.0,835,835,0.6090546684643141,0.581720807736602,1.0,1.0,0.14990963874606367,0.6672216292258756,False,True,False,,correlation_pruned_or_cap
diff__compact__pythag_exp8p0,compact_performance,0.0,835,835,0.5924297792862577,0.5854701304318898,1.0,1.0,0.10992257924755111,0.6669633108803817,False,True,True,39.0,selected
diff__compact__pythag_exp10p0,compact_performance,0.0,835,835,0.5807684042577206,0.5896218009197047,1.0,1.0,0.11211440729941091,0.6663029370861804,False,True,False,,correlation_pruned_or_cap
diff__compact__pythag_exp11p5,compact_performance,0.0,835,835,0.5717251389856322,0.5884438554622151,1.0,1.0,0.11813495943318586,0.6635071828213749,False,True,False,,correlation_pruned_or_cap
diff__conference__strength_max,conference_context,0.0,835,721,0.5767237520119697,0.5749822524562804,1.0,1.0,0.052137365626156784,0.6607852119966017,False,False,False,,below_bounded_prescreen
diff__conference__strength_percentile,conference_context,0.0,835,113,0.56592488242477,0.5818580383513231,1.0,1.0,0.0985742198492513,0.6598523637481144,False,False,False,,below_bounded_prescreen
diff__norm__rating__pagerank_margin__z,within_season_normalization,0.0,835,835,0.6045958614305683,0.5643153855017969,1.0,1.0,0.14550650849476854,0.6580622142157968,False,False,False,,below_bounded_prescreen
diff__rating__pagerank_margin_z,global_strength_ratings,0.0,835,835,0.6045958614305683,0.5643153855017969,1.0,1.0,0.14550650849476854,0.6580622142157968,False,True,True,66.0,selected
diff__compact__upside_tail_mean,compact_performance,0.0,835,826,0.6091697728577621,0.563148227810966,1.0,1.0,0.17755083296645047,0.6572264660593133,False,True,True,40.0,selected
diff__norm__conference__strength_mean__pct,within_season_normalization,0.0,835,669,0.5627126228668771,0.5738129417667129,1.0,1.0,0.09509397139278275,0.6554232302230238,False,False,False,,below_bounded_prescreen
diff__rating__pagerank_margin,global_strength_ratings,0.0,835,835,0.5894957081177608,0.5643153896928117,1.0,1.0,0.1455065077840233,0.654740182527096,False,True,True,67.0,selected
diff__adj__off_rtg_a10p0,opponent_adjusted_efficiency,0.0,835,835,0.6079798118168201,0.5494663549946887,1.0,1.0,0.07051836344395612,0.6546786744593928,False,True,True,26.0,selected
diff__norm__compact__margin_mean__pct,within_season_normalization,0.0,835,673,0.5471035530672769,0.5784239961975304,1.0,1.0,0.12657546734155878,0.6529432811559531,False,False,False,,below_bounded_prescreen
diff__norm__compact__margin_trim02__pct,within_season_normalization,0.0,835,673,0.5471035530672769,0.5784239961975304,1.0,1.0,0.12657546734155878,0.6529432811559531,False,False,False,,below_bounded_prescreen
diff__rating__pagerank_binary_z,global_strength_ratings,0.0,835,835,0.5957415544736173,0.5567792468394948,1.0,1.0,0.15159841262507662,0.6522532439621502,False,True,True,68.0,selected
diff__norm__detailed__clean__net_rtg_ros__pct,within_season_normalization,0.0,835,644,0.5483980395862217,0.5750836752422579,1.0,1.0,0.13450450100350364,0.6513075527851123,False,False,False,,below_bounded_prescreen
diff__compact__pythag_exp13p91,compact_performance,0.0,835,835,0.5568911126993178,0.5695652770336347,1.0,1.0,0.12857006147139927,0.6507645753111385,False,True,True,41.0,selected
diff__norm__detailed__all__net_rtg_ros__pct,within_season_normalization,0.0,835,635,0.5476520373760947,0.5738117561413274,1.0,1.0,0.14111053820786634,0.6502686696422633,False,False,False,,below_bounded_prescreen
diff__schedule__opponent_strength_pct_mean,schedule_and_accomplishment,0.0,835,835,0.5780616235276684,0.5556955117552544,1.0,1.0,0.09958331991028568,0.6499240700221978,False,True,True,82.0,selected
diff__rating__pagerank_binary,global_strength_ratings,0.0,835,835,0.5761074003818565,0.556779246564276,1.0,1.0,0.151598417727836,0.6479337297257475,False,False,False,,below_bounded_prescreen
diff__rating__elo_mov_log_preseason,dynamic_ratings,0.0,835,835,0.5886006766421118,0.5554646658076204,1.0,1.0,0.2232689343832167,0.6471844310735937,False,True,True,73.0,selected
diff__rating__elo_mov_538_preseason,dynamic_ratings,0.0,835,835,0.5863092791111815,0.5526073025926798,1.0,1.0,0.22113643478393868,0.6453940892575887,False,True,False,,correlation_pruned_or_cap
diff__schedule__opponent_strength_mean,schedule_and_accomplishment,0.0,835,835,0.5819462938919332,0.5451980773917934,1.0,1.0,0.11543289777500343,0.6451059458932861,False,True,True,83.0,selected
diff__norm__schedule__opponent_strength_mean__z,within_season_normalization,0.0,835,835,0.5712083767825138,0.5451980763505726,1.0,1.0,0.11543290509128101,0.6427436033367766,False,False,False,,below_bounded_prescreen
diff__conference__strength_mean,conference_context,0.0,835,721,0.5516360527146253,0.542615694354029,1.0,1.0,0.07600399960716597,0.6387753049028648,False,False,False,,below_bounded_prescreen
diff__rating__elo_standard_preseason,dynamic_ratings,0.0,835,835,0.5583022785578584,0.551908986720011,1.0,1.0,0.23320910459711047,0.6384144507244497,False,True,True,74.0,selected
diff__schedule__opponent_strength_median,schedule_and_accomplishment,0.0,835,830,0.5627671965642389,0.5368873862028006,1.0,1.0,0.09128271307325009,0.6378634200985468,False,True,True,84.0,selected
diff__compact__home_margin_mean,compact_performance,0.00718562874251497,829,817,0.5683698939541313,0.5370030898940813,1.0,1.0,0.11887104070200483,0.6374731678915866,False,True,True,42.0,selected
diff__norm__conference__strength_mean__z,within_season_normalization,0.0,835,721,0.5450270096854215,0.5426156918181818,1.0,1.0,0.07600400376374811,0.63732131405297,False,False,False,,below_bounded_prescreen
matchup__team1_seed,matchup_context,0.0,835,16,-0.5504077946596095,0.5411589274722475,1.0,1.0,0.12942513059466743,0.6356689947880061,False,True,True,19.0,selected
diff__compact__wins,compact_performance,0.0,835,33,0.5348591192830994,0.542830428828378,1.0,1.0,0.09136564237388528,0.6345729863849479,False,True,True,43.0,selected
diff__detailed__home__net_rtg_mean,detailed_efficiency,0.00718562874251497,829,829,0.5620164652022742,0.5330586180488546,1.0,1.0,0.13401034556232555,0.6335764948860564,False,True,False,,correlation_pruned_or_cap
diff__seed__top4,selection_committee_prior,0.0,835,3,0.5434757861967703,0.5341780343896908,1.0,1.0,0.06235275666021334,0.6334760192039325,False,True,False,,correlation_pruned_or_cap
diff__compact__half_winpct_first,compact_performance,0.0,835,330,0.5387113991189821,0.5411153685640893,1.0,1.0,0.1226303682691795,0.6333466699861716,False,True,True,44.0,selected
diff__detailed__all__fourfactoredge_mean,detailed_efficiency,0.0,835,835,0.5724813779982603,0.518416659485797,1.0,1.0,0.11407946473775299,0.6302227211232896,False,True,False,,correlation_pruned_or_cap
diff__detailed__clean__fourfactoredge_mean,detailed_efficiency,0.0,835,835,0.5729047114284254,0.5160426312490044,1.0,1.0,0.10793936315165492,0.6294219249877095,False,True,False,,correlation_pruned_or_cap
diff__compact__blowout_win10_rate,compact_performance,0.0,835,661,0.5267303997924232,0.5315588449097642,1.0,1.0,0.09120278440270074,0.6273808221349119,False,True,True,45.0,selected
diff__schedule__top_quartile_games,schedule_and_accomplishment,0.0,835,44,0.5533615296176174,0.5174019170006632,1.0,1.0,0.1119171381642563,0.625615771149624,False,True,True,85.0,selected
diff__compact__margin_median,compact_performance,0.0,835,82,0.5378390652159687,0.5220685832240971,1.0,1.0,0.12178278373591145,0.6240462029456433,False,True,True,46.0,selected
diff__compact__margin_q90,compact_performance,0.0,835,361,0.5686599287527794,0.5138405564305513,1.0,1.0,0.21232838854775765,0.6232555158703658,False,True,True,47.0,selected
diff__compact__margin_q75,compact_performance,0.0,835,156,0.550202571221688,0.5178118313661578,1.0,1.0,0.2041259543009501,0.6214292065524891,False,True,True,48.0,selected
diff__compact__downside_tail_mean,compact_performance,0.0,835,802,-0.5076519216564699,0.5265491562127776,1.0,1.0,0.10528315079229633,0.6202156917148648,False,True,True,49.0,selected
diff__compact__blowout_win20_rate,compact_performance,0.0,835,684,0.559247189998335,0.5109766618613387,1.0,1.0,0.2194579812419451,0.6195248602433985,False,True,True,50.0,selected
diff__detailed__all__netrtg_median,detailed_efficiency,0.0,835,835,0.5299114850284259,0.5163396376704604,1.0,1.0,0.13639528954786623,0.61896774120616,False,True,False,,correlation_pruned_or_cap
diff__detailed__clean__netrtg_median,detailed_efficiency,0.0,835,835,0.5303359959484182,0.5162601162355209,1.0,1.0,0.14055297065484001,0.6188566560755084,False,True,False,,correlation_pruned_or_cap
diff__compact__margin_q25,compact_performance,0.0,835,161,0.5058087393320652,0.5240429279292721,1.0,1.0,0.14652204197013335,0.6169576463802996,False,True,True,51.0,selected
matchup__team2_seed,matchup_context,0.0,835,16,0.49028947132457856,0.5231404629070059,1.0,1.0,0.09326167743740854,0.6152406387892737,False,True,True,20.0,selected
diff__schedule__elite_wins,schedule_and_accomplishment,0.0,835,27,0.5477848861915356,0.5029341928734233,1.0,1.0,0.17347592817469554,0.6149820504143931,False,True,True,86.0,selected
diff__schedule__owp,schedule_and_accomplishment,0.0,835,835,0.5353253575604534,0.5060448090439702,1.0,1.0,0.14903633211838102,0.6147116337196701,False,True,True,87.0,selected
diff__adj__def_rtg_a10p0,opponent_adjusted_efficiency,0.0,835,835,-0.5695303463374174,0.4931653232920556,1.0,1.0,0.19639728772296872,0.6141601398654998,False,True,True,27.0,selected
matchup__team1_is_seed_favorite,matchup_context,0.0,835,2,0.5067916793426801,0.5099337683167496,1.0,1.0,0.10133460593431609,0.6122089940100568,False,True,True,21.0,selected
diff__adj__off_rtg_a50p0,opponent_adjusted_efficiency,0.0,835,835,0.5460370918670296,0.4878352598944407,1.0,1.0,0.1032998252674942,0.6101570919493783,False,True,True,28.0,selected
diff__compact__win_pct,compact_performance,0.0,835,663,0.49670251529234277,0.5109196293641782,1.0,1.0,0.14458851959402813,0.6087324346753599,False,True,True,52.0,selected
diff__schedule__wp,schedule_and_accomplishment,0.0,835,663,0.49670251529234277,0.5109196293641782,1.0,1.0,0.14458851959402813,0.6087324346753599,False,True,False,,correlation_pruned_or_cap
diff__norm__compact__win_pct__z,within_season_normalization,0.0,835,775,0.4950682951888623,0.5109196335611288,1.0,1.0,0.14458851944625045,0.6083729082730415,False,False,False,,below_bounded_prescreen
diff__seed__top8,selection_committee_prior,0.0,835,3,0.4957491434593084,0.5028274295631391,1.0,1.0,0.06845565427209926,0.6076837515804706,False,True,False,,correlation_pruned_or_cap
diff__compact__margin_q10,compact_performance,0.0,835,312,0.49872297098567514,0.5042621291437653,1.0,1.0,0.1419402575347204,0.6060872653044671,False,True,True,53.0,selected
diff__prior__program_tournament_games,prior_program_history,0.0,835,148,0.48898341892802194,0.4995853366604779,1.0,1.0,0.11427563646642197,0.6028062883025374,False,False,False,,below_bounded_prescreen
diff__conference__strength_median,conference_context,0.0,835,721,0.5088676804667528,0.4859703482377909,1.0,1.0,0.07974254851627077,0.6020269549161744,False,False,False,,below_bounded_prescreen
diff__compact__ewm_h10_margin,compact_performance,0.0,835,835,0.5233480694750896,0.48243387350843153,1.0,1.0,0.1464423493096993,0.6008471405961788,False,True,True,54.0,selected
diff__prior__program_tournament_wins,prior_program_history,0.0,835,130,0.48646540669750715,0.49119047458407145,1.0,1.0,0.12461711804635905,0.5978091325519516,False,False,False,,below_bounded_prescreen
diff__detailed__clean__offrtg_median,detailed_efficiency,0.0,835,835,0.4817891243214186,0.49991963634312253,1.0,1.0,0.20560353071106963,0.597730891566968,False,True,False,,correlation_pruned_or_cap
diff__detailed__all__offrtg_median,detailed_efficiency,0.0,835,835,0.48180678945249605,0.49991963634312253,1.0,1.0,0.20862882706448554,0.5976137660416685,False,True,False,,correlation_pruned_or_cap
diff__detailed__clean__off_rtg_ros,detailed_efficiency,0.0,835,835,0.5218676256792101,0.4697881786391941,1.0,1.0,0.08908006410168978,0.5967460008321718,False,True,False,,correlation_pruned_or_cap
diff__detailed__all__off_rtg_ros,detailed_efficiency,0.0,835,835,0.5213684725826941,0.46925242010083784,1.0,1.0,0.08438128766028541,0.5965669741101834,False,True,False,,correlation_pruned_or_cap
diff__compact__losses,compact_performance,0.0,835,30,-0.47903583803769695,0.4954368911890614,1.0,1.0,0.171556797147303,0.5963353202531506,False,True,False,,correlation_pruned_or_cap
diff__detailed__all__fourfactoredge_median,detailed_efficiency,0.0,835,835,0.5005519887106019,0.4839711198603744,1.0,1.0,0.1759766793220593,0.5953885078764297,False,True,False,,correlation_pruned_or_cap
diff__detailed__all__offrtg_mean,detailed_efficiency,0.0,835,835,0.5157393647988402,0.4694491117251571,1.0,1.0,0.0891875933017447,0.5952307301517504,False,False,False,,below_bounded_prescreen
diff__detailed__all__offrtg_trim02,detailed_efficiency,0.0,835,835,0.5157393647988402,0.4694491117251571,1.0,1.0,0.0891875933017447,0.5952307301517504,False,False,False,,below_bounded_prescreen
diff__detailed__poss0p475__off_rtg_mean,detailed_efficiency,0.0,835,835,0.5157393647988402,0.4694491117251571,1.0,1.0,0.0891875933017447,0.5952307301517504,False,False,False,,below_bounded_prescreen
diff__detailed__clean__offrtg_mean,detailed_efficiency,0.0,835,835,0.5163128550188544,0.4684880842182756,1.0,1.0,0.0934796972686806,0.594723920638173,False,False,False,,below_bounded_prescreen
diff__detailed__clean__offrtg_trim02,detailed_efficiency,0.0,835,835,0.5163128550188544,0.4684880842182756,1.0,1.0,0.0934796972686806,0.594723920638173,False,False,False,,below_bounded_prescreen
diff__detailed__clean__fourfactoredge_median,detailed_efficiency,0.0,835,835,0.501362154370085,0.4808675909357533,1.0,1.0,0.17119045573309905,0.5942684993812563,False,False,False,,below_bounded_prescreen
diff__detailed__poss0p44__off_rtg_mean,detailed_efficiency,0.0,835,835,0.514296381597486,0.46786469976838013,1.0,1.0,0.08906680783599813,0.5941575875268295,False,False,False,,below_bounded_prescreen
diff__prior__program_win_pct_smoothed,prior_program_history,0.0,835,683,0.48946226688056593,0.48036862365559124,1.0,1.0,0.13834834214173508,0.5927247043827388,False,False,False,,below_bounded_prescreen
diff__prior__program_appearances,prior_program_history,0.0,835,48,0.45890112140453465,0.4863169212720007,1.0,1.0,0.060275087454980225,0.5919793654213588,False,False,False,,below_bounded_prescreen
diff__schedule__bad_losses,schedule_and_accomplishment,0.0,835,13,-0.47079459820936287,0.4746840221208149,1.0,1.0,0.09661218170640712,0.5875586549557947,False,True,True,88.0,selected
diff__detailed__ewm_h20__netrtg,detailed_efficiency,0.0,835,835,0.5199864801591684,0.45598058149792114,1.0,1.0,0.17410470951210283,0.5863035163735351,False,False,False,,below_bounded_prescreen
diff__detailed__ewm_h10__netrtg,detailed_efficiency,0.0,835,835,0.5101310238185119,0.4591155461502691,1.0,1.0,0.15997419222402037,0.586205319703241,False,False,False,,below_bounded_prescreen
diff__norm__compact__win_pct__pct,within_season_normalization,0.0,835,699,0.4617813574781464,0.468572916974595,1.0,1.0,0.08956472572484825,0.5829243097640039,False,False,False,,below_bounded_prescreen
diff__compact__ewm_h20_margin,compact_performance,0.0,835,835,0.5228482024316636,0.4482815994848191,1.0,1.0,0.18742816549833152,0.5827046456677458,False,True,True,55.0,selected
diff__detailed__ewm_h10__offrtg,detailed_efficiency,0.0,835,835,0.4466495468783586,0.4807364439795916,1.0,1.0,0.16180604877512905,0.5825441514724377,False,False,False,,below_bounded_prescreen
diff__detailed__ewm_h20__fourfactoredge,detailed_efficiency,0.0,835,835,0.5000678289955195,0.4548292548177876,1.0,1.0,0.15729935195437422,0.5820409906133773,False,False,False,,below_bounded_prescreen
diff__detailed__clean__fourfactorcomposite_mean,detailed_efficiency,0.0,835,835,0.5008047391917769,0.44171208447968563,1.0,1.0,0.1615056939469265,0.575738615414563,False,False,False,,below_bounded_prescreen
diff__detailed__all__fourfactorcomposite_mean,detailed_efficiency,0.0,835,835,0.4994435606022567,0.44171208447968563,1.0,1.0,0.16309743745527827,0.5753754863845344,False,False,False,,below_bounded_prescreen
diff__compact__away_margin_mean,compact_performance,0.0,835,804,0.47070574923317066,0.4485709295577932,1.0,1.0,0.1937833261605556,0.5711179779726161,False,True,True,56.0,selected
diff__detailed__ewm_h20__offrtg,detailed_efficiency,0.0,835,835,0.4698538663886301,0.43920034620304965,1.0,1.0,0.12777178634055103,0.5690731453293404,False,False,False,,below_bounded_prescreen
diff__compact__half_pointsformean_first,compact_performance,0.0,835,771,0.4954933436932142,0.42557118748764067,1.0,1.0,0.14068290797770072,0.5676553892874665,False,True,True,57.0,selected
diff__detailed__all__fourfactorcomposite_median,detailed_efficiency,0.0,835,835,0.46078375304516694,0.4475939825632937,1.0,1.0,0.22578205537480395,0.5671862550853255,False,False,False,,below_bounded_prescreen
diff__detailed__clean__fourfactorcomposite_median,detailed_efficiency,0.0,835,835,0.46262369958990096,0.4456249733798958,1.0,1.0,0.22298215458834275,0.5667579149485945,False,False,False,,below_bounded_prescreen
diff__compact__away_games,compact_performance,0.0,835,19,-0.422683127460851,0.45291726035944296,1.0,1.0,0.14277928781156168,0.5646794015014573,False,True,True,58.0,selected
diff__detailed__away__games,detailed_efficiency,0.0,835,19,-0.4161773713430238,0.45291726035944296,1.0,1.0,0.13080577226735357,0.5637270757773037,False,False,False,,below_bounded_prescreen
diff__compact__blowout_loss10_rate,compact_performance,0.0,835,521,-0.4422927813769062,0.4350237611624759,1.0,1.0,0.05989938422848551,0.5637198418917684,False,True,True,59.0,selected
diff__compact__margin_slope,compact_performance,0.0,835,834,-0.4537167534990049,0.4298852723211089,1.0,1.0,0.08923965835157388,0.5625930301498504,False,True,True,60.0,selected
diff__detailed__away__net_rtg_mean,detailed_efficiency,0.0,835,835,0.46383037356363394,0.433112900742942,1.0,1.0,0.18607241491221915,0.5624939779441228,False,False,False,,below_bounded_prescreen
diff__compact__half_delta_marginmean,compact_performance,0.0,835,822,-0.4321098098005752,0.43938971951495814,1.0,1.0,0.08762228611406764,0.5624663320787437,False,True,True,61.0,selected
diff__compact__ewm_h20_win,compact_performance,0.0,835,835,0.414568056401964,0.4344602960414131,1.0,1.0,0.07790519168178628,0.5566297068410389,False,False,False,,below_bounded_prescreen
diff__detailed__home__off_rtg_mean,detailed_efficiency,0.00718562874251497,829,829,0.44646203948872265,0.4270223589078522,1.0,1.0,0.17602553891465678,0.5555765091073006,False,False,False,,below_bounded_prescreen
diff__schedule__top_decile_games,schedule_and_accomplishment,0.0,835,31,0.45461291364896456,0.41118647244466744,1.0,1.0,0.0856775988319059,0.5539572438229363,False,True,True,89.0,selected
diff__detailed__away__off_rtg_mean,detailed_efficiency,0.0,835,835,0.443565394492425,0.4154019678399504,1.0,1.0,0.13513961709292643,0.5515717466677926,False,False,False,,below_bounded_prescreen
diff__detailed__ewm_h10__fourfactoredge,detailed_efficiency,0.0,835,835,0.4787549619897228,0.403393901277145,1.0,1.0,0.2063940851519936,0.5506994008446889,False,False,False,,below_bounded_prescreen
diff__compact__home_games,compact_performance,0.00718562874251497,829,19,0.40475469858223817,0.430454138971989,1.0,1.0,0.147554058781388,0.5491870077439904,False,False,False,,below_bounded_prescreen
diff__prior__program_championships,prior_program_history,0.0,835,11,0.4097605929313115,0.4184107555058247,1.0,1.0,0.09525680331258374,0.547174220955181,False,False,False,,below_bounded_prescreen
diff__detailed__home__games,detailed_efficiency,0.00718562874251497,829,20,0.39863180415346494,0.4199306054988908,1.0,1.0,0.12855977738061725,0.5435484461586039,False,False,False,,below_bounded_prescreen
diff__prior__program_final_appearances,prior_program_history,0.0,835,16,0.3978040891504666,0.4145503948043125,1.0,1.0,0.10414979732110091,0.5423350972263286,False,False,False,,below_bounded_prescreen
diff__adj__def_rtg_a50p0,opponent_adjusted_efficiency,0.0,835,835,-0.46625085550787576,0.3775404785486797,1.0,1.0,0.23725569935808993,0.5343043899407753,False,True,True,29.0,selected
diff__detailed__clean__oppfourfactorcomposite_mean,detailed_efficiency,0.0,835,835,-0.41971686139654385,0.3954906034761614,1.0,1.0,0.2234815588779533,0.533233936820679,False,False,False,,below_bounded_prescreen
diff__detailed__all__oppfourfactorcomposite_mean,detailed_efficiency,0.0,835,835,-0.4195192838467608,0.39294682324786356,1.0,1.0,0.22064280881730425,0.5320830052525697,False,False,False,,below_bounded_prescreen
diff__compact__points_for_mean,compact_performance,0.0,835,825,0.4127839192468451,0.38520148894870426,1.0,1.0,0.1593471711175778,0.5293352900849809,False,False,False,,below_bounded_prescreen
diff__compact__blowout_loss20_rate,compact_performance,0.0,835,160,-0.3754526168440346,0.38088724869750346,1.0,1.0,0.07898630742961565,0.5222660027833046,False,False,False,,below_bounded_prescreen
diff__compact__half_delta_pointsformean,compact_performance,0.0,835,821,-0.36962667829620294,0.37608874808171694,1.0,1.0,0.09043402290590474,0.5182231073881526,False,False,False,,below_bounded_prescreen
diff__compact__ewm_h10_win,compact_performance,0.0,835,835,0.36262618868897967,0.37812242750909925,1.0,1.0,0.08893086932499084,0.5177192919429435,False,False,False,,below_bounded_prescreen
diff__detailed__clean__def_rtg_ros,detailed_efficiency,0.0,835,835,-0.40730759459687693,0.36395607810455916,1.0,1.0,0.24012031824385188,0.5147017755717472,False,False,False,,below_bounded_prescreen
diff__detailed__all__def_rtg_ros,detailed_efficiency,0.0,835,835,-0.40693084616082326,0.36192841149511057,1.0,1.0,0.23874682043078665,0.5137005508558027,False,False,False,,below_bounded_prescreen
diff__detailed__clean__assist_to_turnover_ros,detailed_efficiency,0.0,835,835,0.3765324183249099,0.36999904404173045,1.0,1.0,0.18312272875652963,0.5131117640212496,False,False,False,,below_bounded_prescreen
diff__detailed__all__assist_to_turnover_ros,detailed_efficiency,0.0,835,835,0.376976433744931,0.3695590613518342,1.0,1.0,0.1843636239183764,0.5129486199160301,False,False,False,,below_bounded_prescreen
diff__compact__home_win_pct,compact_performance,0.00718562874251497,829,388,0.37259481951757073,0.364551324520223,1.0,1.0,0.09915679277103334,0.5124143740533301,False,False,False,,below_bounded_prescreen
diff__detailed__all__fg_pct_ros,detailed_efficiency,0.0,835,835,0.4275392390783252,0.34357741780213646,1.0,1.0,0.16841936252900686,0.5122390186410968,False,False,False,,below_bounded_prescreen
diff__detailed__clean__fg_pct_ros,detailed_efficiency,0.0,835,835,0.4285238501480696,0.3427614906280137,1.0,1.0,0.1754935988081453,0.511781018581696,False,False,False,,below_bounded_prescreen
diff__detailed__clean__opptrueshootingpct_mean,detailed_efficiency,0.0,835,835,-0.37217264275995965,0.3644416843888222,1.0,1.0,0.1592867377162096,0.5104385204051773,False,False,False,,below_bounded_prescreen
diff__detailed__all__opptrueshootingpct_mean,detailed_efficiency,0.0,835,835,-0.3710495018677861,0.36095629093329357,1.0,1.0,0.1530385455708813,0.5087683682360586,False,False,False,,below_bounded_prescreen
diff__compact__away_win_pct,compact_performance,0.0,835,486,0.36862883086041115,0.35840365663377055,1.0,1.0,0.14729598650100267,0.5072402585134602,False,False,False,,below_bounded_prescreen
diff__detailed__poss0p44__def_rtg_mean,detailed_efficiency,0.0,835,835,-0.40166324920059054,0.35163369588935095,1.0,1.0,0.25733393241897673,0.5068567315542593,False,False,False,,below_bounded_prescreen
diff__detailed__all__fgpct_mean,detailed_efficiency,0.0,835,835,0.41897904904515515,0.3326708493992737,1.0,1.0,0.13713048519024884,0.5063721790939756,False,False,False,,below_bounded_prescreen
diff__detailed__clean__fgpct_mean,detailed_efficiency,0.0,835,835,0.42001430813861595,0.331705354659316,1.0,1.0,0.15047158431437838,0.505602854654392,False,False,False,,below_bounded_prescreen
diff__detailed__clean__defrtg_mean,detailed_efficiency,0.0,835,835,-0.4002125271068062,0.3489846889502145,1.0,1.0,0.2577844173254864,0.5052480299665809,False,False,False,,below_bounded_prescreen
diff__detailed__clean__defrtg_trim02,detailed_efficiency,0.0,835,835,-0.4002125271068062,0.3489846889502145,1.0,1.0,0.2577844173254864,0.5052480299665809,False,False,False,,below_bounded_prescreen
diff__detailed__clean__assistturnoverratio_mean,detailed_efficiency,0.0,835,835,0.3500236708422485,0.35962645806867033,1.0,1.0,0.11763782854314159,0.5049203943165308,False,False,False,,below_bounded_prescreen
diff__detailed__all__assistturnoverratio_mean,detailed_efficiency,0.0,835,835,0.35019736528383383,0.35961461888605417,1.0,1.0,0.1185921750738399,0.5049147504247958,False,False,False,,below_bounded_prescreen
diff__compact__ewm_h20_points_for,compact_performance,0.0,835,835,0.41372725696162954,0.3316737817096214,1.0,1.0,0.1424217746284583,0.5045265407670384,False,False,False,,below_bounded_prescreen
diff__detailed__all__defrtg_mean,detailed_efficiency,0.0,835,835,-0.399915515199458,0.34715417684380334,1.0,1.0,0.25672272785469435,0.5043465091147186,False,False,False,,below_bounded_prescreen
diff__detailed__all__defrtg_trim02,detailed_efficiency,0.0,835,835,-0.399915515199458,0.34715417684380334,1.0,1.0,0.25672272785469435,0.5043465091147186,False,False,False,,below_bounded_prescreen
diff__detailed__poss0p475__def_rtg_mean,detailed_efficiency,0.0,835,835,-0.399915515199458,0.34715417684380334,1.0,1.0,0.25672272785469435,0.5043465091147186,False,False,False,,below_bounded_prescreen
diff__detailed__all__orbpct_median,detailed_efficiency,0.0,835,807,0.3364914706657525,0.3526587261380559,1.0,1.0,0.15478761811669767,0.4971128073680644,False,False,False,,below_bounded_prescreen
diff__detailed__clean__orbpct_median,detailed_efficiency,0.0,835,804,0.33713903989023153,0.35143263963519816,1.0,1.0,0.15064929110414893,0.4968322841565801,False,False,False,,below_bounded_prescreen
diff__norm__detailed__all__efg_ros__pct,within_season_normalization,0.0,835,700,0.3381310208205889,0.3605678521128923,1.0,1.0,0.2734944108828186,0.496521617159405,False,False,False,,below_bounded_prescreen
diff__detailed__all__fgpct_median,detailed_efficiency,0.0,835,827,0.39539110169505176,0.3237282501082963,1.0,1.0,0.17561527413268913,0.4953509914595861,False,False,False,,below_bounded_prescreen
diff__detailed__home__def_rtg_mean,detailed_efficiency,0.00718562874251497,829,829,-0.3408290653057266,0.34842043111873267,1.0,1.0,0.1753462113510878,0.4946355025508068,False,False,False,,below_bounded_prescreen
diff__detailed__clean__orb_pct_ros,detailed_efficiency,0.0,835,835,0.3464929018715613,0.33745723555163926,1.0,1.0,0.0984095304386145,0.49427153025898574,False,False,False,,below_bounded_prescreen
diff__detailed__clean__orbpct_mean,detailed_efficiency,0.0,835,835,0.34568729209875143,0.3375480247306305,1.0,1.0,0.115692741640129,0.4934465464668228,False,False,False,,below_bounded_prescreen
diff__detailed__clean__orbpct_trim02,detailed_efficiency,0.0,835,835,0.34568729209875143,0.3375480247306305,1.0,1.0,0.115692741640129,0.4934465464668228,False,False,False,,below_bounded_prescreen
diff__detailed__clean__opptrueshootingpct_median,detailed_efficiency,0.0,835,835,-0.33888352867015503,0.34275788307769217,1.0,1.0,0.14121350971454635,0.4934296197961445,False,False,False,,below_bounded_prescreen
diff__detailed__all__orb_pct_ros,detailed_efficiency,0.0,835,835,0.34533601186417057,0.3369112751822973,1.0,1.0,0.10782808692640139,0.49337821122056413,False,False,False,,below_bounded_prescreen
diff__detailed__all__orbpct_mean,detailed_efficiency,0.0,835,835,0.34466991290440513,0.3370840307476608,1.0,1.0,0.12677868677433457,0.4925565681268729,False,False,False,,below_bounded_prescreen
diff__detailed__all__orbpct_trim02,detailed_efficiency,0.0,835,835,0.34466991290440513,0.3370840307476608,1.0,1.0,0.12677868677433457,0.4925565681268729,False,False,False,,below_bounded_prescreen
diff__detailed__all__opptrueshootingpct_median,detailed_efficiency,0.0,835,835,-0.33819524448027166,0.3404839001564158,1.0,1.0,0.13347079212670238,0.49249639417567126,False,False,False,,below_bounded_prescreen
diff__detailed__clean__fgpct_median,detailed_efficiency,0.0,835,826,0.3964610796648221,0.3162442235291871,1.0,1.0,0.16935180780508233,0.4922445925080674,False,False,False,,below_bounded_prescreen
diff__compact__win_slope,compact_performance,0.0,835,815,-0.34056032753450444,0.33028529116729366,1.0,1.0,0.061329524905392396,0.4910070308216762,False,False,False,,below_bounded_prescreen
diff__compact__ewm_h10_points_for,compact_performance,0.0,835,835,0.3561750536115186,0.32842987224385184,1.0,1.0,0.15761430077071925,0.48970027844075414,False,False,False,,below_bounded_prescreen
diff__detailed__clean__blockpct_median,detailed_efficiency,0.0,835,814,0.3247463830816965,0.335867929993994,1.0,1.0,0.08424328249769442,0.4892910793751826,False,False,False,,below_bounded_prescreen
diff__detailed__all__blockpct_median,detailed_efficiency,0.0,835,814,0.324383543454543,0.3343785080586665,1.0,1.0,0.08287994211961924,0.48855086574337464,False,False,False,,below_bounded_prescreen
diff__detailed__clean__blockpct_mean,detailed_efficiency,0.0,835,835,0.32376867090943906,0.33033033185230054,1.0,1.0,0.0754629918851874,0.48676914721377335,False,False,False,,below_bounded_prescreen
diff__detailed__all__blockpct_mean,detailed_efficiency,0.0,835,835,0.3236850571204685,0.32975905249182147,1.0,1.0,0.07666423709362591,0.48642848827883234,False,False,False,,below_bounded_prescreen
diff__detailed__clean__assistturnoverratio_median,detailed_efficiency,0.0,835,737,0.33263116956745803,0.328931877339853,1.0,1.0,0.1319932244892254,0.48578642944840117,False,False,False,,below_bounded_prescreen
diff__detailed__all__assistturnoverratio_median,detailed_efficiency,0.0,835,736,0.3332838382660169,0.32880541275127545,1.0,1.0,0.13611319366530789,0.48570451479252363,False,False,False,,below_bounded_prescreen
diff__detailed__all__oppfourfactorcomposite_median,detailed_efficiency,0.0,835,835,-0.3498979504871126,0.3270101660247626,1.0,1.0,0.20718796815625623,0.48565491007280054,False,False,False,,below_bounded_prescreen
diff__detailed__clean__oppfourfactorcomposite_median,detailed_efficiency,0.0,835,835,-0.34842934776632,0.32803752876592035,1.0,1.0,0.21507901574874996,0.4855093096862822,False,False,False,,below_bounded_prescreen
diff__detailed__all__true_shooting_ros,detailed_efficiency,0.0,835,835,0.34372169159944443,0.3285177980192954,1.0,1.0,0.21908842608483564,0.48454377815774613,False,False,False,,below_bounded_prescreen
diff__detailed__clean__fg2pct_mean,detailed_efficiency,0.0,835,835,0.3948336202580406,0.3053604209071348,1.0,1.0,0.24511957219038713,0.48363161560457807,False,False,False,,below_bounded_prescreen
diff__detailed__clean__true_shooting_ros,detailed_efficiency,0.0,835,835,0.3448579435410696,0.3244527353818535,1.0,1.0,0.21645314258351056,0.4829479348589845,False,False,False,,below_bounded_prescreen
diff__detailed__all__tov_pct_ros,detailed_efficiency,0.0,835,835,-0.2948910360553715,0.3427547466446702,1.0,1.0,0.1668073373182688,0.48272601282889266,False,False,False,,below_bounded_prescreen
diff__detailed__clean__opp_efg_ros,detailed_efficiency,0.0,835,835,-0.3313626471897748,0.37166611531674043,0.8461538461538461,1.0,0.10916954915949484,0.4823173511520215,False,False,False,,below_bounded_prescreen
diff__detailed__clean__tov_pct_ros,detailed_efficiency,0.0,835,835,-0.2946138989948847,0.3404113987034215,1.0,1.0,0.16549644180617676,0.4815926714842699,False,False,False,,below_bounded_prescreen
diff__detailed__all__fg2pct_mean,detailed_efficiency,0.0,835,835,0.39395667816471397,0.30127288994711215,1.0,1.0,0.24345996618865492,0.48154305772330463,False,False,False,,below_bounded_prescreen
diff__detailed__clean__efg_ros,detailed_efficiency,0.0,835,835,0.3719046072844968,0.31263427697407065,1.0,1.0,0.26226034127192877,0.481393052899266,False,False,False,,below_bounded_prescreen
diff__detailed__clean__efg_median,detailed_efficiency,0.0,835,823,0.3455815290840365,0.33100360456751543,1.0,1.0,0.3405673679014639,0.4812869718748369,False,False,False,,below_bounded_prescreen
diff__detailed__all__opp_efg_ros,detailed_efficiency,0.0,835,835,-0.3300842991395101,0.3687447090968533,0.8461538461538461,1.0,0.10343202061457768,0.48086334073721415,False,False,False,,below_bounded_prescreen
diff__compact__rest_days_std,compact_performance,0.0,835,835,-0.3133694247805528,0.3232767076325151,1.0,1.0,0.10418141867828595,0.4799468363681974,False,False,False,,below_bounded_prescreen
diff__detailed__all__efg_median,detailed_efficiency,0.0,835,823,0.3450881391572551,0.3266803944318515,1.0,1.0,0.34160848109686853,0.4790616406980101,False,False,False,,below_bounded_prescreen
diff__detailed__clean__trueshootingpct_mean,detailed_efficiency,0.0,835,835,0.33995142014741686,0.3183218756242043,1.0,1.0,0.22459373838078603,0.4786000631968183,False,False,False,,below_bounded_prescreen
diff__detailed__clean__oppefg_mean,detailed_efficiency,0.0,835,835,-0.3305253396780328,0.36618953118980374,0.8461538461538461,1.0,0.14295058526390525,0.47815314167433215,False,False,False,,below_bounded_prescreen
diff__detailed__all__trueshootingpct_mean,detailed_efficiency,0.0,835,835,0.33879597558830754,0.31741596695065755,1.0,1.0,0.227133794666358,0.47780942697908896,False,False,False,,below_bounded_prescreen
diff__detailed__all__efg_ros,detailed_efficiency,0.0,835,835,0.3706243117847851,0.3043774810365353,1.0,1.0,0.26246404850473914,0.4771399775500001,False,False,False,,below_bounded_prescreen
diff__detailed__clean__defrtg_median,detailed_efficiency,0.0,835,835,-0.34550879900751236,0.3054987005964811,1.0,1.0,0.1425620262047731,0.4769488310197727,False,False,False,,below_bounded_prescreen
diff__detailed__all__defrtg_median,detailed_efficiency,0.0,835,835,-0.34663223831038803,0.3046630072301516,1.0,1.0,0.14049903429288763,0.4768773745270426,False,False,False,,below_bounded_prescreen
diff__detailed__all__oppefg_mean,detailed_efficiency,0.0,835,835,-0.329287082954675,0.36309996186490917,0.8461538461538461,1.0,0.13900728764236794,0.4765554638241055,False,False,False,,below_bounded_prescreen
diff__compact__half_pointsagainstmean_first,compact_performance,0.0,835,764,-0.33516788519758794,0.31219592450125366,1.0,1.0,0.19035256292140876,0.4759768759872147,False,False,False,,below_bounded_prescreen
diff__detailed__all__tovpct_mean,detailed_efficiency,0.0,835,835,-0.2885494577264871,0.3300229821237665,1.0,1.0,0.17209339047011904,0.4750081765004303,False,False,False,,below_bounded_prescreen
diff__detailed__all__tovpct_trim02,detailed_efficiency,0.0,835,835,-0.2885494577264871,0.3300229821237665,1.0,1.0,0.17209339047011904,0.4750081765004303,False,False,False,,below_bounded_prescreen
diff__norm__detailed__all__efg_ros__z,within_season_normalization,0.0,835,835,0.3574703197289895,0.3043774834924128,1.0,1.0,0.2624640602395769,0.4742461000071528,False,False,False,,below_bounded_prescreen
diff__compact__games,compact_performance,0.0,835,14,0.28359607789370184,0.33154823270240497,1.0,1.0,0.185986058908604,0.47409484647742467,False,False,False,,below_bounded_prescreen
diff__quality__CompactGames,detailed_efficiency,0.0,835,14,0.28359607789370184,0.33154823270240497,1.0,1.0,0.185986058908604,0.47409484647742467,False,False,False,,below_bounded_prescreen
diff__detailed__clean__tovpct_mean,detailed_efficiency,0.0,835,835,-0.2882341624525917,0.3275254999116563,1.0,1.0,0.1686830742680179,0.4738764327264445,False,False,False,,below_bounded_prescreen
diff__detailed__clean__tovpct_trim02,detailed_efficiency,0.0,835,835,-0.2882341624525917,0.3275254999116563,1.0,1.0,0.1686830742680179,0.4738764327264445,False,False,False,,below_bounded_prescreen
diff__detailed__ewm_h20__orbpct,detailed_efficiency,0.0,835,835,0.3282094892471142,0.3094010751419941,1.0,1.0,0.18496148181401428,0.47332014442996173,False,False,False,,below_bounded_prescreen
diff__detailed__clean__efg_mean,detailed_efficiency,0.0,835,835,0.36146701527713976,0.2998281432937465,1.0,1.0,0.26731262658378707,0.47274774707861755,False,False,False,,below_bounded_prescreen
diff__detailed__clean__efg_trim02,detailed_efficiency,0.0,835,835,0.36146701527713976,0.2998281432937465,1.0,1.0,0.26731262658378707,0.47274774707861755,False,False,False,,below_bounded_prescreen
diff__detailed__all__efg_mean,detailed_efficiency,0.0,835,835,0.3601929117348813,0.2963635122927644,1.0,1.0,0.2679460539747205,0.47077908432321197,False,False,False,,below_bounded_prescreen
diff__detailed__all__efg_trim02,detailed_efficiency,0.0,835,835,0.3601929117348813,0.2963635122927644,1.0,1.0,0.2679460539747205,0.47077908432321197,False,False,False,,below_bounded_prescreen
diff__detailed__ewm_h20__defrtg,detailed_efficiency,0.0,835,835,-0.31953458179323324,0.312911609186377,1.0,1.0,0.2430857814699136,0.4707717491451758,False,False,False,,below_bounded_prescreen
diff__compact__last20_margin_mean,compact_performance,0.0,835,440,0.34551842305614305,0.2989680573740597,1.0,1.0,0.23130861810350245,0.47026637588775994,False,False,False,,below_bounded_prescreen
diff__detailed__last20__net_rtg_mean,detailed_efficiency,0.0,835,835,0.34115610406680064,0.30038282216065776,1.0,1.0,0.23485703965958202,0.4698438159454286,False,False,False,,below_bounded_prescreen
diff__detailed__clean__oppfg2pct_mean,detailed_efficiency,0.0,835,835,-0.3122559295008697,0.3547455588841119,0.8461538461538461,1.0,0.14659033994316242,0.46849517454145395,False,False,False,,below_bounded_prescreen
diff__detailed__all__oppfg2pct_mean,detailed_efficiency,0.0,835,835,-0.31137945987269505,0.3539722405584942,0.8461538461538461,1.0,0.14683413836118892,0.4679214064902379,False,False,False,,below_bounded_prescreen
diff__detailed__ewm_h10__orbpct,detailed_efficiency,0.0,835,835,0.3144393694242628,0.29273608968290105,1.0,1.0,0.06571767752836749,0.4670612772199956,False,False,False,,below_bounded_prescreen
diff__detailed__all__rebound_share_ros,detailed_efficiency,0.0,835,835,0.3703897805794035,0.2797732660160982,1.0,1.0,0.2353538759934856,0.46636276437545654,False,False,False,,below_bounded_prescreen
diff__detailed__clean__rebound_share_ros,detailed_efficiency,0.0,835,835,0.37067210640071035,0.2797650792406876,1.0,1.0,0.2377672495356072,0.46632441146226206,False,False,False,,below_bounded_prescreen
diff__detailed__last20__off_rtg_mean,detailed_efficiency,0.0,835,835,0.3367115179070382,0.34427451413600557,0.8461538461538461,1.0,0.2143673576673781,0.46613822180275133,False,False,False,,below_bounded_prescreen
diff__detailed__clean__reboundshare_mean,detailed_efficiency,0.0,835,835,0.37018321403648924,0.27489306761378496,1.0,1.0,0.22924407234561378,0.4642192166488198,False,False,False,,below_bounded_prescreen
diff__detailed__all__reboundshare_mean,detailed_efficiency,0.0,835,835,0.36985770831150505,0.2748301231784147,1.0,1.0,0.2285112570478008,0.46414670467225816,False,False,False,,below_bounded_prescreen
diff__detailed__clean__games,detailed_efficiency,0.0,835,14,0.2915997979169565,0.29792776247408637,1.0,1.0,0.1431895978654348,0.4614296976146744,False,False,False,,below_bounded_prescreen
diff__detailed__all__fg2pct_median,detailed_efficiency,0.0,835,781,0.3674567125772853,0.2694488588832382,1.0,1.0,0.250393296026713,0.46016019718988854,False,False,False,,below_bounded_prescreen
diff__detailed__all__games,detailed_efficiency,0.0,835,14,0.2779717137521996,0.30355542324812707,1.0,1.0,0.17130747760139872,0.46000808108052893,False,False,False,,below_bounded_prescreen
diff__quality__DetailedGames,detailed_efficiency,0.0,835,14,0.2779717137521996,0.30355542324812707,1.0,1.0,0.17130747760139872,0.46000808108052893,False,False,False,,below_bounded_prescreen
diff__compact__half_delta_winpct,compact_performance,0.0,835,587,-0.28332023171029913,0.2886231698292842,1.0,1.0,0.026564767472337825,0.4598069817954287,False,False,False,,below_bounded_prescreen
diff__detailed__clean__fg2pct_median,detailed_efficiency,0.0,835,779,0.369252660018849,0.2667262155317651,1.0,1.0,0.2651286039756152,0.45865902450036944,False,False,False,,below_bounded_prescreen
diff__detailed__ewm_h20__tovpct,detailed_efficiency,0.0,835,835,-0.2621736471311705,0.30290211948825274,1.0,1.0,0.11205965844078747,0.45858883338558737,False,False,False,,below_bounded_prescreen
diff__detailed__clean__oppfgpct_mean,detailed_efficiency,0.0,835,835,-0.3156367057658208,0.33064020133069455,0.8461538461538461,1.0,0.15331049440575586,0.45739956751559907,False,False,False,,below_bounded_prescreen
diff__detailed__ewm_h5__offrtg,detailed_efficiency,0.0,835,835,0.2880656562142599,0.3498711378781111,0.8461538461538461,1.0,0.23637950025912016,0.457242025922881,False,False,False,,below_bounded_prescreen
interaction__rebounding_matchup_edge,matchup_interactions,0.0,835,835,0.34290457230814575,0.27087592592037907,1.0,1.0,0.21797302220743525,0.45674052946127663,False,True,False,,correlation_pruned_or_cap
diff__detailed__all__oppfgpct_mean,detailed_efficiency,0.0,835,835,-0.31486315819798216,0.32604425894029315,0.8461538461538461,1.0,0.15571933103429034,0.45492698123814057,False,False,False,,below_bounded_prescreen
diff__detailed__ewm_h20__efg,detailed_efficiency,0.0,835,835,0.35140170595191206,0.2602045170531058,1.0,1.0,0.18406870838972827,0.4548437951593223,False,False,False,,below_bounded_prescreen
diff__detailed__clean__reboundshare_median,detailed_efficiency,0.0,835,829,0.3396200986274406,0.26842332918740813,1.0,1.0,0.23694438486510522,0.45408184431338855,False,False,False,,below_bounded_prescreen
diff__detailed__all__oppefg_median,detailed_efficiency,0.0,835,832,-0.28288947841066403,0.3400466920814212,0.8461538461538461,1.0,0.17198331696822555,0.4539633801553146,False,False,False,,below_bounded_prescreen
diff__detailed__all__reboundshare_median,detailed_efficiency,0.0,835,827,0.33869074249064707,0.2668767281001194,1.0,1.0,0.23461552008385442,0.4532281720326455,False,False,False,,below_bounded_prescreen
diff__compact__last20_margin_median,compact_performance,0.0,835,86,0.318104658695889,0.2690936608069152,1.0,1.0,0.1637813863582333,0.4525967266460855,False,False,False,,below_bounded_prescreen
diff__detailed__clean__oppefg_median,detailed_efficiency,0.0,835,833,-0.2832115903065996,0.33294834386044564,0.8461538461538461,1.0,0.17096373963976735,0.4506678207194905,False,False,False,,below_bounded_prescreen
diff__compact__close5_games,compact_performance,0.0,835,24,-0.29081170531123046,0.3235600463044422,0.8461538461538461,1.0,0.158456455660399,0.44833375455280233,False,False,False,,below_bounded_prescreen
diff__compact__half_delta_pointsagainstmean,compact_performance,0.0,835,820,0.2646463242383402,0.2738692395913243,1.0,1.0,0.11637540095615437,0.44502441029802425,False,False,False,,below_bounded_prescreen
diff__prior__program_has_tournament_history,prior_program_history,0.0,835,3,0.2784289412819665,0.269236218663604,1.0,1.0,0.15965912546483288,0.4441013870219693,False,False,False,,below_bounded_prescreen
diff__rating__elo_standard_delta,dynamic_ratings,0.0,835,835,0.2874567103833596,0.25940624828150594,1.0,1.0,0.1823002989945978,0.440463463499678,False,True,True,75.0,selected
diff__compact__ewm_h5_margin,compact_performance,0.0,835,835,0.28877526233416856,0.260582728370017,1.0,1.0,0.23110843155443492,0.4393659300689478,False,False,False,,below_bounded_prescreen
diff__conference__team_count,conference_context,0.0,835,17,0.2661581123210515,0.25649794761392847,1.0,1.0,0.061036561746745266,0.4392323370954471,False,False,False,,below_bounded_prescreen
diff__detailed__clean__tovpct_median,detailed_efficiency,0.0,835,835,-0.25919099201808177,0.25396215170435216,1.0,1.0,0.10353951718280932,0.43478227037475464,False,False,False,,below_bounded_prescreen
diff__detailed__last20__four_factor_edge_mean,detailed_efficiency,0.0,835,835,0.32263731506660104,0.23164011111176855,1.0,1.0,0.19188961934279888,0.43449187787458915,False,False,False,,below_bounded_prescreen
diff__detailed__all__tovpct_median,detailed_efficiency,0.0,835,835,-0.2590846877510698,0.25263874576736345,1.0,1.0,0.1000848522770647,0.43426183518248723,False,False,False,,below_bounded_prescreen
diff__compact__home_margin_std,compact_performance,0.00718562874251497,829,829,0.25879036797499905,0.25472694224659126,1.0,1.0,0.12567586081840684,0.4336009285007261,False,False,False,,below_bounded_prescreen
diff__detailed__clean__trueshootingpct_median,detailed_efficiency,0.0,835,835,0.31084533988970064,0.2396605534149703,1.0,1.0,0.27141963833296656,0.4325662548816012,False,False,False,,below_bounded_prescreen
diff__detailed__all__trueshootingpct_median,detailed_efficiency,0.0,835,835,0.31015756738436645,0.2361402323669165,1.0,1.0,0.2678128773266748,0.43086946126761355,False,False,False,,below_bounded_prescreen
diff__detailed__clean__foul_rate_ros,detailed_efficiency,0.0,835,835,-0.28253805845475694,0.2393620162635352,1.0,1.0,0.20526875140887452,0.42884139061018844,False,False,False,,below_bounded_prescreen
diff__detailed__all__oppftrate_median,detailed_efficiency,0.0,835,834,-0.2449587825846485,0.2525424243129851,1.0,1.0,0.16139000820640959,0.4286556955105992,False,False,False,,below_bounded_prescreen
diff__detailed__clean__oppftrate_median,detailed_efficiency,0.0,835,834,-0.2455022365321309,0.2521465057468861,1.0,1.0,0.16005995415331103,0.4286384166294417,False,False,False,,below_bounded_prescreen
diff__detailed__all__oppftrate_mean,detailed_efficiency,0.0,835,835,-0.2568025659795726,0.24950414697980977,1.0,1.0,0.1969697911152609,0.42837976342120426,False,False,False,,below_bounded_prescreen
diff__detailed__clean__oppftrate_mean,detailed_efficiency,0.0,835,835,-0.2570626227926406,0.24910542518158538,1.0,1.0,0.20034679041891815,0.42811050948478513,False,False,False,,below_bounded_prescreen
diff__detailed__all__foul_rate_ros,detailed_efficiency,0.0,835,835,-0.2822095177616929,0.23630343965859224,1.0,1.0,0.20342382724920455,0.4273747918537285,False,False,False,,below_bounded_prescreen
diff__detailed__clean__foulrate_mean,detailed_efficiency,0.0,835,835,-0.2807963817526442,0.2379654927212859,1.0,1.0,0.21732127389796113,0.4273057895358805,False,False,False,,below_bounded_prescreen
diff__detailed__ewm_h10__tovpct,detailed_efficiency,0.0,835,835,-0.2471573878196998,0.24728189350089683,1.0,1.0,0.144624845360412,0.42728494038634796,False,False,False,,below_bounded_prescreen
diff__detailed__all__foulrate_mean,detailed_efficiency,0.0,835,835,-0.28048845735702777,0.23496633219596447,1.0,1.0,0.2159897025868143,0.42585171196913646,False,False,False,,below_bounded_prescreen
diff__detailed__all__oppftmaderate_mean,detailed_efficiency,0.0,835,835,-0.26072021102230025,0.24255536193791,1.0,1.0,0.23804265669587193,0.424263313887268,False,False,False,,below_bounded_prescreen
diff__detailed__clean__oppftmaderate_mean,detailed_efficiency,0.0,835,835,-0.26126369895754836,0.24197310384073667,1.0,1.0,0.23740736940867344,0.4241288088378673,False,False,False,,below_bounded_prescreen
diff__detailed__last20__orb_pct_mean,detailed_efficiency,0.0,835,835,0.2692940179299243,0.28158045323231357,0.8461538461538461,1.0,0.1497086186361737,0.4237995721352623,False,False,False,,below_bounded_prescreen
diff__detailed__clean__opp_ftmade_rate_ros,detailed_efficiency,0.0,835,835,-0.261497887369104,0.2407917333392972,1.0,1.0,0.23700876417887068,0.4236292166569107,False,False,False,,below_bounded_prescreen
diff__detailed__clean__oppfg2pct_median,detailed_efficiency,0.0,835,820,-0.2767940548488284,0.2740370870582244,0.8461538461538461,1.0,0.11948128814167677,0.4230378577136382,False,False,False,,below_bounded_prescreen
diff__detailed__all__opp_ft_rate_ros,detailed_efficiency,0.0,835,835,-0.2575070667804021,0.2369777155865626,1.0,1.0,0.18962288297597704,0.4228159428541994,False,False,False,,below_bounded_prescreen
diff__detailed__clean__opp_ft_rate_ros,detailed_efficiency,0.0,835,835,-0.25766365157313825,0.23612148541364192,1.0,1.0,0.19097374107603396,0.4223853667015972,False,False,False,,below_bounded_prescreen
diff__detailed__all__opp_ftmade_rate_ros,detailed_efficiency,0.0,835,835,-0.2610356928946663,0.23702558465862694,1.0,1.0,0.23278245958441263,0.42188883468959093,False,False,False,,below_bounded_prescreen
diff__detailed__clean__foulrate_median,detailed_efficiency,0.0,835,835,-0.23417583126859362,0.24244309189784066,1.0,1.0,0.1874261463065284,0.420394321137793,False,False,False,,below_bounded_prescreen
diff__detailed__all__foulrate_median,detailed_efficiency,0.0,835,835,-0.23350179609446356,0.24234368686809085,1.0,1.0,0.1826722882296593,0.4203884733082792,False,False,False,,below_bounded_prescreen
diff__rating__elo_mov_538_delta,dynamic_ratings,0.0,835,835,0.26344899403235067,0.22501911506590813,1.0,1.0,0.15751087253780466,0.4196675190172409,False,True,True,76.0,selected
diff__rating__elo_mov_log_delta,dynamic_ratings,0.0,835,835,0.2633416875664927,0.22442694672261224,1.0,1.0,0.17130565528877625,0.4188078794799312,False,True,False,,correlation_pruned_or_cap
diff__detailed__ewm_h5__netrtg,detailed_efficiency,0.0,835,835,0.27987688425219204,0.22350739613138,1.0,1.0,0.2607453485305076,0.4184266507373244,False,False,False,,below_bounded_prescreen
diff__detailed__last10__off_rtg_mean,detailed_efficiency,0.0,835,835,0.22427133590863174,0.29833850214081725,0.8461538461538461,1.0,0.2679874017363599,0.4172072942426523,False,False,False,,below_bounded_prescreen
diff__detailed__all__oppfg2pct_median,detailed_efficiency,0.0,835,820,-0.27427886778179056,0.2618710255517105,0.8461538461538461,1.0,0.11723856309074382,0.41673451603780054,False,False,False,,below_bounded_prescreen
diff__detailed__ewm_h10__efg,detailed_efficiency,0.0,835,835,0.3019349748613824,0.2013900351193685,1.0,1.0,0.19140590593912485,0.41543667508923604,False,False,False,,below_bounded_prescreen
diff__prior__program_years_since_appearance,prior_program_history,0.0718562874251497,775,35,-0.21767441396768875,0.24104270164328012,1.0,1.0,0.08364108623370314,0.41449472141830584,False,False,False,,below_bounded_prescreen
diff__detailed__clean__oppfgpct_median,detailed_efficiency,0.0,835,826,-0.2580117088206759,0.2657766281092221,0.8461538461538461,1.0,0.13367258379325914,0.4143730694658603,False,False,False,,below_bounded_prescreen
diff__compact__half_marginmean_second,compact_performance,0.0,835,771,0.26943292252625434,0.2102654951438169,1.0,1.0,0.18142394666437917,0.4129457227582329,False,False,False,,below_bounded_prescreen
diff__detailed__all__oppfgpct_median,detailed_efficiency,0.0,835,826,-0.25944022431974484,0.2643441720882397,0.8461538461538461,1.0,0.1640414456617833,0.41278500951084296,False,False,False,,below_bounded_prescreen
diff__conference__strength_std,conference_context,0.0,835,721,0.2666631809937275,0.25636024903472776,0.8461538461538461,1.0,0.2199654717071277,0.40830481587161965,False,False,False,,below_bounded_prescreen
diff__detailed__away__def_rtg_mean,detailed_efficiency,0.0,835,835,-0.26021194090023425,0.259506327422956,0.8461538461538461,1.0,0.26881576966044085,0.40644164875926814,False,False,False,,below_bounded_prescreen
diff__detailed__ewm_h5__orbpct,detailed_efficiency,0.0,835,835,0.24185156905820507,0.2032192111995439,1.0,1.0,0.11745679622170505,0.406054294719718,False,False,False,,below_bounded_prescreen
diff__detailed__all__oppftmaderate_median,detailed_efficiency,0.0,835,828,-0.24522567845163637,0.20302275147947138,1.0,1.0,0.14943269620062144,0.4054232621214814,False,False,False,,below_bounded_prescreen
diff__detailed__clean__oppftmaderate_median,detailed_efficiency,0.0,835,828,-0.24430793703771372,0.19608135480523897,1.0,1.0,0.14974594472270591,0.4018769586659035,False,False,False,,below_bounded_prescreen
diff__compact__overtime_rate,compact_performance,0.0,835,309,-0.2071584815464018,0.21741120722898913,1.0,1.0,0.2031477991284354,0.4018063334449858,False,False,False,,below_bounded_prescreen
diff__compact__last20_win_pct,compact_performance,0.0,835,21,0.23150934405140303,0.19567218283728444,1.0,1.0,0.1468822958985778,0.3989794116172621,False,False,False,,below_bounded_prescreen
diff__compact__days_since_last_game,compact_performance,0.0,835,18,-0.1871120388454404,0.31279367694032706,0.6923076923076923,1.0,0.12697015355360322,0.39699603810444056,False,False,False,,below_bounded_prescreen
diff__compact__last_game_day,compact_performance,0.0,835,18,0.1871120388454404,0.31279367694032706,0.6923076923076923,1.0,0.12697015355360322,0.39699603810444056,False,False,False,,below_bounded_prescreen
diff__compact__overtime_periods_mean,compact_performance,0.0,835,352,-0.18036175369005983,0.21837339057701316,1.0,1.0,0.23472503973255016,0.39510981169947745,False,False,False,,below_bounded_prescreen
diff__schedule__opponent_strength_std,schedule_and_accomplishment,0.0,835,835,0.22410418969684476,0.24785596980638736,0.8461538461538461,1.0,0.24780521877647277,0.3937461938739283,False,True,True,90.0,selected
diff__context__d1_tenure,availability_and_context,0.22634730538922157,646,21,0.20819440909003234,0.2284425738099579,1.0,1.0,0.12602085451420056,0.39230658681688124,False,False,False,,below_bounded_prescreen
diff__compact__close3_games,compact_performance,0.0,835,19,-0.21526677690539073,0.23594357027915783,0.8461538461538461,1.0,0.13798167466714978,0.39047695305111113,False,False,False,,below_bounded_prescreen
diff__detailed__last10__orb_pct_mean,detailed_efficiency,0.0,835,835,0.20785922597119916,0.17570793026621753,1.0,1.0,0.062114041524938574,0.38758427458045064,False,False,False,,below_bounded_prescreen
interaction__free_throw_pressure_edge,matchup_interactions,0.0,835,835,-0.20303280405467103,0.18343177709563757,1.0,1.0,0.1447661755371235,0.3869238228764487,False,True,False,,correlation_pruned_or_cap
diff__conference__tourney_last_day,conference_context,0.017964071856287425,820,18,0.1753604095407177,0.29118204069717285,0.6923076923076923,1.0,0.09815709632313449,0.3837524908014032,False,False,False,,below_bounded_prescreen
diff__compact__half_winpct_second,compact_performance,0.0,835,348,0.17152971841835188,0.19168566337538087,1.0,1.0,0.1500782806301973,0.38374252524701236,False,False,False,,below_bounded_prescreen
diff__detailed__ewm_h5__fourfactoredge,detailed_efficiency,0.0,835,835,0.2566271266127827,0.15010832466203192,1.0,1.0,0.20205069558119204,0.3804279358693398,False,False,False,,below_bounded_prescreen
diff__detailed__ewm_h20__oppefg,detailed_efficiency,0.0,835,835,-0.2508705683756393,0.1960578626188313,0.8461538461538461,1.0,0.13392009763955587,0.3793271105787128,False,False,False,,below_bounded_prescreen
diff__detailed__ewm_h10__oppefg,detailed_efficiency,0.0,835,835,-0.23974774602762416,0.20321007380791622,0.8461538461538461,1.0,0.16309561583560514,0.3791461303050682,False,False,False,,below_bounded_prescreen
diff__detailed__ewm_h10__defrtg,detailed_efficiency,0.0,835,835,-0.26975572254252467,0.19803030254605675,0.8461538461538461,1.0,0.2735419994477696,0.37884373958816725,False,False,False,,below_bounded_prescreen
diff__compact__points_against_mean,compact_performance,0.0,835,822,-0.22495590065018603,0.16244966036930825,1.0,1.0,0.24097405851073272,0.3778271727798796,False,False,False,,below_bounded_prescreen
diff__seed__playin,selection_committee_prior,0.0,835,3,-0.13376236168715935,0.19915545806233012,1.0,1.0,0.23137263293458574,0.3757674341237101,False,True,False,,correlation_pruned_or_cap
diff__compact__day90plus_games,compact_performance,0.0,835,10,0.1838550835362427,0.21547666933441686,0.8461538461538461,1.0,0.14914199659891791,0.37329585517915215,False,False,False,,below_bounded_prescreen
diff__detailed__clean__tovpct_std,detailed_efficiency,0.0,835,835,-0.2114271627273641,0.19750331619571934,0.8461538461538461,1.0,0.14003983432203407,0.3710985895856994,False,False,False,,below_bounded_prescreen
diff__detailed__all__tovpct_std,detailed_efficiency,0.0,835,835,-0.21198901489641467,0.19703519928779248,0.8461538461538461,1.0,0.13999059145782705,0.3709994706616539,False,False,False,,below_bounded_prescreen
diff__detailed__last20__opp_efg_mean,detailed_efficiency,0.0,835,835,-0.18201107714591525,0.2105167473634482,0.8461538461538461,1.0,0.16072356836120677,0.37004614835672356,False,False,False,,below_bounded_prescreen
diff__compact__ewm_h20_points_against,compact_performance,0.0,835,835,-0.2172589369077199,0.22710984776276388,0.6923076923076923,1.0,0.1643676192400993,0.3610042190454519,False,False,False,,below_bounded_prescreen
diff__compact__last20_points_for_mean,compact_performance,0.0,835,466,0.2568473873484365,0.21105492314498597,0.6923076923076923,1.0,0.21122447406165923,0.36013304013301367,False,False,False,,below_bounded_prescreen
diff__compact__close5_wins,compact_performance,0.0,835,19,-0.17852840185995594,0.24298494984845057,0.6923076923076923,1.0,0.1687810766274339,0.35992701204058,False,False,False,,below_bounded_prescreen
diff__detailed__all__ftrate_std,detailed_efficiency,0.0,835,835,-0.14745311664672203,0.20561871313199143,0.8461538461538461,1.0,0.201065347186926,0.35847866946277307,False,False,False,,below_bounded_prescreen
diff__detailed__last20__tov_pct_mean,detailed_efficiency,0.0,835,835,-0.1954585735385366,0.16881020346549303,0.8461538461538461,1.0,0.1566602809077533,0.35314798799021996,False,False,False,,below_bounded_prescreen
diff__detailed__last5__orb_pct_mean,detailed_efficiency,0.0,835,835,0.1670859069140399,0.1263612583827891,1.0,1.0,0.10724475076251697,0.3531225135143269,False,False,False,,below_bounded_prescreen
diff__detailed__clean__ftrate_std,detailed_efficiency,0.0,835,835,-0.1455821283099424,0.19011456301125146,0.8461538461538461,1.0,0.20000539432246575,0.3506674580853048,False,False,False,,below_bounded_prescreen
diff__detailed__all__oppfg3pct_mean,detailed_efficiency,0.0,835,835,-0.1911323747784525,0.15698651517469708,0.8461538461538461,1.0,0.09446921223242834,0.3490084966304323,False,False,False,,below_bounded_prescreen
diff__detailed__all__oppstealpct_mean,detailed_efficiency,0.0,835,835,-0.1671436495076399,0.12146041739725105,1.0,1.0,0.17385881456541402,0.34811825065974467,False,False,False,,below_bounded_prescreen
diff__detailed__clean__oppstealpct_mean,detailed_efficiency,0.0,835,835,-0.16702537756692631,0.12146041739725105,1.0,1.0,0.1765667589950858,0.34798391305560084,False,False,False,,below_bounded_prescreen
diff__detailed__clean__oppfg3pct_mean,detailed_efficiency,0.0,835,835,-0.1918330530164358,0.1534384778116968,0.8461538461538461,1.0,0.09100706494587572,0.3475980738000107,False,False,False,,below_bounded_prescreen
diff__compact__pythag_residual_exp11p5,compact_performance,0.0,835,835,-0.16896690463981334,0.1667483112878776,0.8461538461538461,1.0,0.14443779691349512,0.34681901194701575,False,False,False,,below_bounded_prescreen
diff__compact__ewm_h5_points_for,compact_performance,0.0,835,835,0.2239432681587632,0.19090894977099387,0.6923076923076923,1.0,0.15349909109348783,0.3455330820104962,False,False,False,,below_bounded_prescreen
diff__compact__day120plus_games,compact_performance,0.0,835,10,0.13467078342732425,0.18727600716910817,0.8461538461538461,1.0,0.24510273603368618,0.34510056173845116,False,False,False,,below_bounded_prescreen
diff__detailed__neutral__off_rtg_mean,detailed_efficiency,0.05269461077844311,791,791,0.18988571666269494,0.1555869255834448,0.8461538461538461,1.0,0.16657055154274583,0.3409628064064764,False,False,False,,below_bounded_prescreen
interaction__adjusted_offense_defense_edge,matchup_interactions,0.0,835,835,0.1468452596303662,0.22000935602589128,0.6923076923076923,1.0,0.2126639742848858,0.3401731198089437,False,True,False,,correlation_pruned_or_cap
diff__detailed__ewm_h5__tovpct,detailed_efficiency,0.0,835,835,-0.17032101338561986,0.14711447733067493,0.8461538461538461,1.0,0.11591766602546716,0.33883348080715703,False,False,False,,below_bounded_prescreen
diff__compact__half_pointsformean_second,compact_performance,0.0,835,777,0.21465905038976624,0.18633800493141645,0.6923076923076923,1.0,0.2161136897897946,0.3387919166304674,False,False,False,,below_bounded_prescreen
diff__compact__pythag_residual_exp13p91,compact_performance,0.0,835,835,-0.1501590687260917,0.1514940925681986,0.8461538461538461,1.0,0.15010470943340204,0.3351325865597548,False,False,False,,below_bounded_prescreen
diff__compact__day110plus_games,compact_performance,0.0,835,10,0.15141799710623602,0.1488879222379046,0.8461538461538461,1.0,0.12655882958242617,0.3351004242388844,False,False,False,,below_bounded_prescreen
diff__detailed__all__oppstealpct_median,detailed_efficiency,0.0,835,835,-0.14955880153419915,0.14498324965829512,0.8461538461538461,1.0,0.08056598380955397,0.3346568722057387,False,False,False,,below_bounded_prescreen
diff__detailed__last10__tov_pct_mean,detailed_efficiency,0.0,835,835,-0.13427279755490248,0.10537349706265353,1.0,1.0,0.17549409871521787,0.33309953010354354,False,False,False,,below_bounded_prescreen
diff__compact__neutral_games,compact_performance,0.05269461077844311,791,22,0.1713298076559792,0.1971657761986527,0.6923076923076923,1.0,0.14514483583786686,0.3330799987331093,False,False,False,,below_bounded_prescreen
diff__detailed__clean__oppstealpct_median,detailed_efficiency,0.0,835,835,-0.14665626647485996,0.14204689464147485,0.8461538461538461,1.0,0.08889365905889517,0.33227575707463675,False,False,False,,below_bounded_prescreen
diff__detailed__neutral__games,detailed_efficiency,0.05269461077844311,791,22,0.16882161938950363,0.1971657761986527,0.6923076923076923,1.0,0.15426010879955948,0.332163586396017,False,False,False,,below_bounded_prescreen
diff__compact__neutral_margin_mean,compact_performance,0.05269461077844311,791,580,0.23357944907464534,0.17275232716717295,0.6923076923076923,1.0,0.23799241566326831,0.3313425611170896,False,False,False,,below_bounded_prescreen
diff__compact__day90plus_margin_mean,compact_performance,0.0,835,766,0.21653780582666995,0.16938234702473365,0.6923076923076923,1.0,0.220124585655592,0.3309060911967467,False,False,False,,below_bounded_prescreen
diff__compact__pythag_residual_exp10p0,compact_performance,0.0,835,835,-0.16341563976690243,0.13351687275373575,0.8461538461538461,1.0,0.22165133188689856,0.3265581017796511,False,False,False,,below_bounded_prescreen
diff__compact__last10_margin_mean,compact_performance,0.0,835,293,0.19156369516662838,0.16326641767850494,0.6923076923076923,1.0,0.2389727338855595,0.32172221483614905,False,False,False,,below_bounded_prescreen
diff__detailed__all__fg3pct_mean,detailed_efficiency,0.0,835,835,0.13282344055368644,0.1811805218176401,0.6923076923076923,1.0,0.14545877058182177,0.3211386873402362,False,False,False,,below_bounded_prescreen
diff__detailed__clean__fg3pct_mean,detailed_efficiency,0.0,835,835,0.1345742125715784,0.18062014798645729,0.6923076923076923,1.0,0.14878604413573798,0.32112178680304804,False,False,False,,below_bounded_prescreen
diff__detailed__all__fg3_pct_ros,detailed_efficiency,0.0,835,834,0.15355331436451788,0.16400323877478626,0.6923076923076923,1.0,0.1624636002035728,0.3167739705331792,False,False,False,,below_bounded_prescreen
diff__quality__FlaggedPossessionRate,detailed_efficiency,0.0,835,21,-0.11877596768869085,0.13029460268547982,0.8333333333333334,1.0,0.15841592949170463,0.3156688183342074,False,False,False,,below_bounded_prescreen
diff__quality__FlaggedPossessionGames,detailed_efficiency,0.0,835,5,-0.11477421425772283,0.13029460268547943,0.8333333333333334,1.0,0.1504916841314765,0.31510540239380347,False,False,False,,below_bounded_prescreen
diff__detailed__clean__assistperfgm_median,detailed_efficiency,0.0,835,790,0.1068369351194628,0.18078739581592315,0.6923076923076923,1.0,0.1652904038558939,0.31443969033291996,False,False,False,,below_bounded_prescreen
diff__detailed__all__assistperfgm_median,detailed_efficiency,0.0,835,788,0.10892740120167788,0.17686781183862946,0.6923076923076923,1.0,0.14654178684986593,0.3137681372421474,False,False,False,,below_bounded_prescreen
diff__detailed__clean__fg3_pct_ros,detailed_efficiency,0.0,835,834,0.15465671202505923,0.1572636289618563,0.6923076923076923,1.0,0.16753447109943276,0.3135788704724575,False,False,False,,below_bounded_prescreen
diff__detailed__clean__oppfg3pct_median,detailed_efficiency,0.0,835,608,-0.14450442653130824,0.15964333835133235,0.6923076923076923,1.0,0.15765242775615212,0.31288290990451206,False,False,False,,below_bounded_prescreen
diff__detailed__all__oppfg3pct_median,detailed_efficiency,0.0,835,604,-0.14540821436214346,0.15677784664787195,0.6923076923076923,1.0,0.15429401511012597,0.3118406437154758,False,False,False,,below_bounded_prescreen
diff__detailed__clean__oppassistturnoverratio_median,detailed_efficiency,0.0,835,761,-0.11838665373498848,0.16676981079206946,0.6923076923076923,1.0,0.15721425046539667,0.3105752337525057,False,False,False,,below_bounded_prescreen
diff__detailed__all__oppassistturnoverratio_median,detailed_efficiency,0.0,835,766,-0.1198065021528386,0.16706925823626487,0.6923076923076923,1.0,0.17612677464872198,0.31027483421031354,False,False,False,,below_bounded_prescreen
diff__detailed__last10__net_rtg_mean,detailed_efficiency,0.0,835,835,0.18925741442507074,0.13520044131500458,0.6923076923076923,1.0,0.22542955808022552,0.30828489145073956,False,False,False,,below_bounded_prescreen
interaction__turnover_pressure_edge,matchup_interactions,0.0,835,835,0.12820522302516688,0.1062701762240239,0.8461538461538461,1.0,0.17713624976123932,0.307513999047234,False,True,False,,correlation_pruned_or_cap
diff__detailed__all__oppassistturnoverratio_mean,detailed_efficiency,0.0,835,835,-0.11530506436989661,0.11110640255215418,0.8461538461538461,1.0,0.16505122144114875,0.3074807539133807,False,False,False,,below_bounded_prescreen
diff__detailed__last5__tov_pct_mean,detailed_efficiency,0.0,835,835,-0.08898518250077286,0.10961895643181234,0.8461538461538461,1.0,0.07052366092062401,0.3047575081852304,False,False,False,,below_bounded_prescreen
diff__detailed__clean__oppassistturnoverratio_mean,detailed_efficiency,0.0,835,835,-0.1161125136290788,0.1050026276456648,0.8461538461538461,1.0,0.16473758923655646,0.30474112608346954,False,False,False,,below_bounded_prescreen
diff__detailed__ewm_h5__ftrate,detailed_efficiency,0.0,835,835,-0.09925458595406497,0.16157747147342122,0.6923076923076923,1.0,0.18902501938830363,0.3026014252108351,False,False,False,,below_bounded_prescreen
diff__detailed__last10__ft_rate_mean,detailed_efficiency,0.0,835,835,-0.09419256702987043,0.16396916514535198,0.6923076923076923,1.0,0.195681888966098,0.3023695192269273,False,False,False,,below_bounded_prescreen
diff__detailed__ewm_h5__oppefg,detailed_efficiency,0.0,835,835,-0.12359440673217197,0.14047025412438968,0.6923076923076923,1.0,0.09898906063540677,0.3014261598045994,False,False,False,,below_bounded_prescreen
diff__geography__games_with_city,geography_and_schedule_dispersion,0.0,835,13,0.22946150062064335,0.0,1.0,1.0,0.29025430878234165,0.29887135778524787,False,False,False,,below_bounded_prescreen
diff__detailed__all__stealpct_median,detailed_efficiency,0.0,835,835,0.11226217115560913,0.142378035885521,0.6923076923076923,1.0,0.1345654551279113,0.29842574744339845,False,False,False,,below_bounded_prescreen
diff__detailed__clean__stealpct_median,detailed_efficiency,0.0,835,835,0.11260017456925663,0.14117427552433764,0.6923076923076923,1.0,0.13386530591936546,0.29795030918937465,False,False,False,,below_bounded_prescreen
diff__compact__ewm_h5_win,compact_performance,0.0,835,835,0.12889290025110486,0.13077585298110686,0.6923076923076923,1.0,0.15836883713646369,0.2955633247699466,False,False,False,,below_bounded_prescreen
diff__detailed__last5__ft_rate_mean,detailed_efficiency,0.0,835,835,-0.11319941414808167,0.1353461827144132,0.6923076923076923,1.0,0.1618612522974952,0.2941648194928273,False,False,False,,below_bounded_prescreen
diff__detailed__neutral__net_rtg_mean,detailed_efficiency,0.05269461077844311,791,791,0.22069685732911565,0.15329806413390754,0.5384615384615384,1.0,0.2556610076810042,0.29384821638101155,False,False,False,,below_bounded_prescreen
mean__detailed__clean__oppftmaderate_median,detailed_efficiency,0.0,835,826,-0.10643805138187135,0.13486903608964154,0.6923076923076923,1.0,0.16465659494695084,0.29233647559839243,False,False,False,,below_bounded_prescreen
mean__detailed__all__oppftmaderate_median,detailed_efficiency,0.0,835,826,-0.10667631260077472,0.13486903608964154,0.6923076923076923,1.0,0.16980626973782023,0.29218290607491637,False,False,False,,below_bounded_prescreen
diff__compact__last10_points_for_mean,compact_performance,0.0,835,310,0.17087610263193645,0.15369078939380906,0.5384615384615384,1.0,0.17511370221529093,0.2905136195532889,False,False,False,,below_bounded_prescreen
diff__detailed__last5__off_rtg_mean,detailed_efficiency,0.0,835,835,0.14864987373178926,0.16469743356336755,0.5384615384615384,1.0,0.18639575954369597,0.2904557561035083,False,False,False,,below_bounded_prescreen
diff__compact__last10_margin_median,compact_performance,0.0,835,93,0.16428657867258242,0.1011748513849466,0.6923076923076923,1.0,0.22644610734502416,0.2864183624481723,False,False,False,,below_bounded_prescreen
diff__compact__last5_points_for_mean,compact_performance,0.0,835,207,0.138771868615683,0.15486586818773135,0.5384615384615384,1.0,0.13334601729522408,0.2856854332875985,False,False,False,,below_bounded_prescreen
diff__geography__distinct_cities,geography_and_schedule_dispersion,0.0,835,15,-0.14293798922441311,0.0,1.0,1.0,0.168410664544723,0.28470993104758197,False,False,False,,below_bounded_prescreen
mean__detailed__all__opp_ftmade_rate_ros,detailed_efficiency,0.0,835,835,-0.11222477311897014,0.11365539079865028,0.6923076923076923,1.0,0.15217978384650505,0.2839260770848961,False,False,False,,below_bounded_prescreen
mean__detailed__clean__opp_ftmade_rate_ros,detailed_efficiency,0.0,835,835,-0.11192673297428338,0.11365539079865028,0.6923076923076923,1.0,0.1562160000031172,0.28369905960680053,False,False,False,,below_bounded_prescreen
diff__detailed__last20__def_rtg_mean,detailed_efficiency,0.0,835,835,-0.1504766162463472,0.15513186578675942,0.5384615384615384,1.0,0.2560808889426582,0.2834787617479807,False,False,False,,below_bounded_prescreen
diff__detailed__ewm_h20__fg3attemptrate,detailed_efficiency,0.0,835,835,-0.11072715844605548,0.11417097529950337,0.6923076923076923,1.0,0.16639263254023262,0.2832755684695153,False,False,False,,below_bounded_prescreen
diff__detailed__clean__steal_pct_ros,detailed_efficiency,0.0,835,835,0.1335210456829174,0.15415490462474082,0.5384615384615384,1.0,0.1641458981091508,0.2829569944995975,False,False,False,,below_bounded_prescreen
diff__detailed__all__steal_pct_ros,detailed_efficiency,0.0,835,835,0.1325513737301477,0.1538508156675151,0.5384615384615384,1.0,0.16018983596322103,0.28275594645635704,False,False,False,,below_bounded_prescreen
absdiff__detailed__away__pace_mean,detailed_efficiency,0.0,835,833,-0.0913012719674494,0.11666271202565034,0.6923076923076923,1.0,0.10702134068388933,0.2825727587470262,False,False,False,,below_bounded_prescreen
mean__detailed__all__oppftmaderate_mean,detailed_efficiency,0.0,835,835,-0.11301134074280615,0.10834935395191556,0.6923076923076923,1.0,0.14644504616418227,0.2817816137830003,False,False,False,,below_bounded_prescreen
mean__detailed__clean__oppftmaderate_mean,detailed_efficiency,0.0,835,835,-0.11260095791172403,0.10834935395191556,0.6923076923076923,1.0,0.14858105565019042,0.28160588918072194,False,False,False,,below_bounded_prescreen
diff__detailed__clean__stealpct_mean,detailed_efficiency,0.0,835,835,0.13050884708021282,0.15317045354661518,0.5384615384615384,1.0,0.17337661543036198,0.2814525455966538,False,False,False,,below_bounded_prescreen
diff__compact__margin_std,compact_performance,0.0,835,835,0.14460437034431003,0.14264352825769858,0.5384615384615384,1.0,0.13258264812238657,0.2811323952683942,False,False,False,,below_bounded_prescreen
diff__detailed__all__stealpct_mean,detailed_efficiency,0.0,835,835,0.12955867657843378,0.1503519653032735,0.5384615384615384,1.0,0.16959445526143524,0.2800419201362154,False,False,False,,below_bounded_prescreen
diff__compact__last5_margin_std,compact_performance,0.0,835,834,0.09578756273224422,0.0600642799345473,0.8461538461538461,1.0,0.1344568412064336,0.2799104599060345,False,False,False,,below_bounded_prescreen
absdiff__detailed__ewm_h20__efg,detailed_efficiency,0.0,835,835,0.10706515774045756,0.15950634303898412,0.5384615384615384,1.0,0.1645542029592542,0.27968905739708905,False,False,False,,below_bounded_prescreen
diff__availability__rich_coverage,availability_and_context,0.0,835,3,0.08195454220989119,0.0,1.0,1.0,0.0,0.2780299992861761,False,False,False,,below_bounded_prescreen
diff__quality__RichFeatureCoverageEligible,detailed_efficiency,0.0,835,3,0.08195454220989119,0.0,1.0,1.0,0.0,0.2780299992861761,False,False,False,,below_bounded_prescreen
diff__detailed__all__oppassistperfgm_median,detailed_efficiency,0.0,835,710,-0.10916483958441797,0.09912898392364228,0.6923076923076923,1.0,0.11399971917605942,0.2778074189941086,False,False,False,,below_bounded_prescreen
diff__detailed__clean__oppassistperfgm_median,detailed_efficiency,0.0,835,712,-0.11176749369085792,0.09672916175357252,0.6923076923076923,1.0,0.12182618107492574,0.27691502977993726,False,False,False,,below_bounded_prescreen
absdiff__compact__days_since_last_game,compact_performance,0.0,835,10,-0.05964314671405744,0.11712354696959071,0.6923076923076923,1.0,0.11872227139517029,0.2753611347359201,False,False,False,,below_bounded_prescreen
diff__compact__ewm_h10_points_against,compact_performance,0.0,835,835,-0.15097103080665997,0.1307600792245312,0.5384615384615384,1.0,0.2151809136458526,0.2735250744132522,False,False,False,,below_bounded_prescreen
diff__compact__day110plus_margin_mean,compact_performance,0.0,835,703,0.15475603233634502,0.18046844522573482,0.38461538461538464,1.0,0.26529187023477785,0.271597967551419,False,False,False,,below_bounded_prescreen
diff__detailed__ewm_h5__efg,detailed_efficiency,0.0,835,835,0.16264947764420995,0.12335666867011277,0.5384615384615384,1.0,0.25421162416607984,0.27097946723058325,False,False,False,,below_bounded_prescreen
absdiff__conference__strength_std,conference_context,0.0,835,652,0.12517972981395448,0.08172288911561938,0.6923076923076923,1.0,0.16423314257004917,0.2709664324009961,False,False,False,,below_bounded_prescreen
absdiff__detailed__away__off_rtg_mean,detailed_efficiency,0.0,835,835,0.14315240644277577,0.11711128985366838,0.5384615384615384,1.0,0.10406086410610776,0.26969836013677334,False,False,False,,below_bounded_prescreen
mean__compact__close3_games,compact_performance,0.0,835,19,-0.07438570380610314,0.09393863360471645,0.6923076923076923,1.0,0.108147960103158,0.26789871133271104,False,False,False,,below_bounded_prescreen
diff__detailed__last20__ft_rate_mean,detailed_efficiency,0.0,835,835,-0.06542775413644412,0.15322482047897648,0.5384615384615384,1.0,0.18189970620675291,0.2668198776455024,False,False,False,,below_bounded_prescreen
diff__compact__day120plus_win_pct,compact_performance,0.0,835,51,-0.09562381188006881,0.08743286389645984,0.6923076923076923,1.0,0.17472117084634747,0.26678539721929273,False,False,False,,below_bounded_prescreen
diff__detailed__all__fg3pct_median,detailed_efficiency,0.0,835,660,0.1289418324486433,0.1828923291755059,0.38461538461538464,1.0,0.296441647832551,0.2658363167681038,False,False,False,,below_bounded_prescreen
diff__detailed__neutral__pace_mean,detailed_efficiency,0.05269461077844311,791,787,0.14799776515486107,0.18059382151781278,0.38461538461538464,1.0,0.26994642285230686,0.2657695784247133,False,False,False,,below_bounded_prescreen
diff__detailed__last10__four_factor_edge_mean,detailed_efficiency,0.0,835,835,0.17555895833865567,0.10353528996728589,0.5384615384615384,1.0,0.22458347023482877,0.26549041736325446,False,False,False,,below_bounded_prescreen
diff__detailed__clean__fg3pct_median,detailed_efficiency,0.0,835,665,0.13026674279018233,0.1817884901739319,0.38461538461538464,1.0,0.3007449613071099,0.26542582178350455,False,False,False,,below_bounded_prescreen
diff__detailed__last20__efg_mean,detailed_efficiency,0.0,835,835,0.18329512719557509,0.15882015175070394,0.38461538461538464,1.0,0.3492634332372452,0.26412652503233613,False,False,False,,below_bounded_prescreen
diff__compact__rest_days_mean,compact_performance,0.0,835,639,-0.15453618944853378,0.16288510416523688,0.38461538461538464,1.0,0.25928415304919494,0.26334990709448486,False,False,False,,below_bounded_prescreen
absdiff__availability__rich_coverage,availability_and_context,0.0,835,2,0.012482142877002177,0.0,1.0,1.0,0.0,0.2627460714329405,False,False,False,,below_bounded_prescreen
mean__availability__rich_coverage,availability_and_context,0.0,835,2,-0.012482142877002177,0.0,1.0,1.0,0.0,0.2627460714329405,False,False,False,,below_bounded_prescreen
absdiff__compact__margin_q90,compact_performance,0.0,835,225,0.13361178279277236,0.11185382782102314,0.5384615384615384,1.0,0.2310366688535879,0.25999680896820365,False,False,False,,below_bounded_prescreen
diff__conference__tourney_champion,conference_context,0.017964071856287425,820,3,-0.11683011043930748,0.1070063780391604,0.5384615384615384,1.0,0.08077685251862426,0.2585513320600428,False,False,False,,below_bounded_prescreen
diff__compact__away_margin_std,compact_performance,0.0,835,835,-0.06004638452420637,0.1428129915118964,0.5384615384615384,1.0,0.2714285519325342,0.25705714459758044,False,False,False,,below_bounded_prescreen
diff__detailed__clean__assistperfgm_mean,detailed_efficiency,0.0,835,835,0.10410433818302015,0.10886115367831725,0.5384615384615384,1.0,0.11205122830365602,0.2568281051875566,False,False,False,,below_bounded_prescreen
diff__detailed__home__pace_mean,detailed_efficiency,0.00718562874251497,829,829,0.13124100082192014,0.10219554909950096,0.5384615384615384,1.0,0.1868792227942086,0.2560307106912595,False,False,False,,below_bounded_prescreen
diff__compact__margin_mad,compact_performance,0.0,835,36,0.07872840395919453,0.12134203338652118,0.5384615384615384,1.0,0.1562990300404037,0.255466309848783,False,False,False,,below_bounded_prescreen
diff__compact__close3_wins,compact_performance,0.0,835,16,-0.1378673832496054,0.1545299966046001,0.38461538461538464,1.0,0.2651580957213767,0.25543736039472775,False,False,False,,below_bounded_prescreen
diff__detailed__all__assistperfgm_mean,detailed_efficiency,0.0,835,835,0.10519447305172532,0.10386500993660232,0.5384615384615384,1.0,0.10559150481500182,0.2549281748021948,False,False,False,,below_bounded_prescreen
absdiff__compact__half_marginmean_second,compact_performance,0.0,835,722,0.08130591535700267,0.17048593669747092,0.38461538461538464,1.0,0.18962745696494687,0.2536739142531903,False,False,False,,below_bounded_prescreen
diff__detailed__last10__opp_efg_mean,detailed_efficiency,0.0,835,835,-0.08265209195356252,0.11148777878199106,0.5384615384615384,1.0,0.10891258270529156,0.25349493689077396,False,False,False,,below_bounded_prescreen
absdiff__detailed__home__net_rtg_mean,detailed_efficiency,0.00718562874251497,829,829,0.11695049280055773,0.09344032408592719,0.5384615384615384,1.0,0.09693823411886987,0.252281930467058,False,False,False,,below_bounded_prescreen
diff__compact__close5_win_pct,compact_performance,0.026347305389221556,813,297,0.08470446929385765,0.17746507060665298,0.38461538461538464,1.0,0.2776818371628847,0.25214162075665053,False,False,False,,below_bounded_prescreen
absdiff__detailed__last5__tov_pct_mean,detailed_efficiency,0.0,835,835,0.07255798777391984,0.11121906202590397,0.5384615384615384,1.0,0.0984531089674206,0.2515636288778456,False,False,False,,below_bounded_prescreen
diff__detailed__clean__oppblockpct_median,detailed_efficiency,0.0,835,800,-0.09539808692372988,0.10104830479531862,0.5384615384615384,1.0,0.10570218476016688,0.251416524188413,False,False,False,,below_bounded_prescreen
absdiff__detailed__last20__pace_mean,detailed_efficiency,0.0,835,813,-0.07954033160393219,0.10521139238464254,0.5384615384615384,1.0,0.1372284666354519,0.24866504878592158,False,False,False,,below_bounded_prescreen
diff__detailed__clean__oppblockpct_mean,detailed_efficiency,0.0,835,835,-0.10590572419724814,0.0903665459161738,0.5384615384615384,1.0,0.10856153634042805,0.24848658606338708,False,False,False,,below_bounded_prescreen
diff__detailed__all__oppblockpct_mean,detailed_efficiency,0.0,835,835,-0.10398007238063507,0.08945880867241711,0.5384615384615384,1.0,0.10971669207901005,0.2475810225571857,False,False,False,,below_bounded_prescreen
absdiff__compact__margin_q25,compact_performance,0.0,835,96,0.08664484844132855,0.08894071159036529,0.5384615384615384,1.0,0.07601753504036601,0.24486655297269916,False,False,False,,below_bounded_prescreen
diff__detailed__ewm_h10__fg3attemptrate,detailed_efficiency,0.0,835,835,-0.1251917558889339,0.13975628361079565,0.38461538461538464,1.0,0.29402264122978705,0.24440275831801742,False,False,False,,below_bounded_prescreen
mean__compact__day90plus_games,compact_performance,0.0,835,12,-0.05302470843840825,0.10624294941160284,0.5384615384615384,1.0,0.110831742782341,0.24438262801657168,False,False,False,,below_bounded_prescreen
diff__compact__last10_margin_std,compact_performance,0.0,835,835,0.10391743191549245,0.08815832914125807,0.5384615384615384,1.0,0.18465290342386215,0.2439455630261039,False,False,False,,below_bounded_prescreen
diff__conference__tourney_win_pct,conference_context,0.017964071856287425,820,16,-0.08405981411023354,0.044482326429602245,0.6923076923076923,1.0,0.1332331123906811,0.24384745631556098,False,False,False,,below_bounded_prescreen
diff__detailed__ewm_h5__fg3attemptrate,detailed_efficiency,0.0,835,835,-0.11882247007499257,0.13644601061129544,0.38461538461538464,1.0,0.28933941840841954,0.24159991331204497,False,False,False,,below_bounded_prescreen
mean__detailed__all__offrtg_std,detailed_efficiency,0.0,835,835,-0.026989974123749046,0.11236640123335255,0.5384615384615384,1.0,0.12239066590704781,0.24113188641679825,False,False,False,,below_bounded_prescreen
absdiff__compact__home_margin_mean,compact_performance,0.00718562874251497,829,804,0.10628788128052002,0.07332426603576683,0.5384615384615384,1.0,0.08084767066750614,0.2409240706066272,False,False,False,,below_bounded_prescreen
mean__detailed__clean__offrtg_std,detailed_efficiency,0.0,835,835,-0.026637256681634885,0.1093748875789787,0.5384615384615384,1.0,0.11978120748044686,0.23972274036249774,False,False,False,,below_bounded_prescreen
diff__compact__day90plus_win_pct,compact_performance,0.0,835,349,0.0987326049930806,0.07679923098176686,0.5384615384615384,1.0,0.13268266414525084,0.23943134355776194,False,False,False,,below_bounded_prescreen
diff__compact__last10_win_pct,compact_performance,0.0,835,15,0.07221208491775144,0.08728680234047771,0.5384615384615384,1.0,0.12794489250759122,0.23882037425887712,False,False,False,,below_bounded_prescreen
diff__detailed__all__drb_pct_ros,detailed_efficiency,0.0,835,835,0.10310137156681756,0.07681277196092345,0.5384615384615384,1.0,0.18789599066377854,0.23819043881323815,False,False,False,,below_bounded_prescreen
absdiff__compact__ewm_h10_margin,compact_performance,0.0,835,835,0.1278129281339128,0.11538591404643704,0.38461538461538464,1.0,0.17341480470470289,0.23810595228202402,False,False,False,,below_bounded_prescreen
diff__detailed__clean__drb_pct_ros,detailed_efficiency,0.0,835,835,0.10207004866162946,0.07686117472508888,0.5384615384615384,1.0,0.18590060645542436,0.23806659646923034,False,False,False,,below_bounded_prescreen
absdiff__detailed__last10__ft_rate_mean,detailed_efficiency,0.0,835,835,0.03799138899688302,0.09844368979380282,0.5384615384615384,1.0,0.10917878735245572,0.23739777134008755,False,False,False,,below_bounded_prescreen
diff__detailed__clean__fg3attemptrate_mean,detailed_efficiency,0.0,835,835,-0.13551798277823232,0.1186639115401199,0.38461538461538464,1.0,0.285327870630833,0.2368979804636969,False,False,False,,below_bounded_prescreen
diff__detailed__all__fg3attemptrate_mean,detailed_efficiency,0.0,835,835,-0.1350125639227478,0.11791842848793309,0.38461538461538464,1.0,0.28332136526064194,0.23650921666524827,False,False,False,,below_bounded_prescreen
diff__detailed__clean__oppfg3attemptrate_median,detailed_efficiency,0.0,835,827,-0.03992488537106201,0.0914861472101396,0.5384615384615384,1.0,0.08653633123167875,0.23538921834707965,False,False,False,,below_bounded_prescreen
absdiff__detailed__all__off_rtg_ros,detailed_efficiency,0.0,835,835,0.10907521681500129,0.12361790533522862,0.38461538461538464,1.0,0.2495260975159574,0.23489055989803326,False,False,False,,below_bounded_prescreen
diff__detailed__all__oppfg3attemptrate_median,detailed_efficiency,0.0,835,828,-0.03768512300990156,0.0914861472101396,0.5384615384615384,1.0,0.08854959194917038,0.23481594019892468,False,False,False,,below_bounded_prescreen
absdiff__detailed__poss0p475__off_rtg_mean,detailed_efficiency,0.0,835,835,0.1097600539084194,0.1232335802634136,0.38461538461538464,1.0,0.2528412852677274,0.23472414051404322,False,False,False,,below_bounded_prescreen
absdiff__detailed__poss0p44__off_rtg_mean,detailed_efficiency,0.0,835,835,0.10889761199407494,0.12350677964745485,0.38461538461538464,1.0,0.25683889268632093,0.23450563470048352,False,False,False,,below_bounded_prescreen
absdiff__detailed__clean__defrtg_std,detailed_efficiency,0.0,835,835,-0.022007316715156978,0.09739486083217118,0.5384615384615384,1.0,0.09358683681815443,0.23400151555789667,False,False,False,,below_bounded_prescreen
absdiff__detailed__clean__off_rtg_ros,detailed_efficiency,0.0,835,835,0.11026663975744389,0.11950930455857851,0.38461538461538464,1.0,0.24646688157011104,0.23330291321041247,False,False,False,,below_bounded_prescreen
absdiff__detailed__last20__net_rtg_mean,detailed_efficiency,0.0,835,835,0.08034413917828334,0.12507969539822827,0.38461538461538464,1.0,0.17046990370921838,0.23243362980046472,False,False,False,,below_bounded_prescreen
diff__detailed__all__drbpct_median,detailed_efficiency,0.0,835,802,0.10298933141592413,0.11186826824647271,0.38461538461538464,1.0,0.1645286323275804,0.23131173791516854,False,False,False,,below_bounded_prescreen
diff__detailed__all__oppassistperfgm_mean,detailed_efficiency,0.0,835,835,-0.08375359821041764,0.06896496207895275,0.5384615384615384,1.0,0.15949454516134465,0.23130303775158156,False,False,False,,below_bounded_prescreen
diff__detailed__clean__oppassistperfgm_mean,detailed_efficiency,0.0,835,835,-0.08550182814912007,0.06752472142730606,0.5384615384615384,1.0,0.15826575376285332,0.23104548448124534,False,False,False,,below_bounded_prescreen
diff__compact__pythag_residual_exp8p0,compact_performance,0.0,835,835,-0.117287947441831,0.05828928866854406,0.5384615384615384,1.0,0.23742235225409292,0.2304391590617864,False,False,False,,below_bounded_prescreen
diff__detailed__clean__fg3attemptrate_median,detailed_efficiency,0.0,835,828,-0.13642897711854468,0.10814772902023659,0.38461538461538464,1.0,0.3294490465402317,0.23028578457264567,False,False,False,,below_bounded_prescreen
diff__detailed__all__fg3attemptrate_median,detailed_efficiency,0.0,835,829,-0.13667964334748037,0.10710371628855148,0.38461538461538464,1.0,0.32574288835958043,0.22998805135902872,False,False,False,,below_bounded_prescreen
diff__detailed__clean__drbpct_median,detailed_efficiency,0.0,835,805,0.1023607446423596,0.10894858989894705,0.38461538461538464,1.0,0.16321748084052715,0.22982444927765414,False,False,False,,below_bounded_prescreen
absdiff__rating__elo_mov_log,dynamic_ratings,0.0,835,835,0.08320356085223704,0.11751379030788053,0.38461538461538464,1.0,0.16783450686173523,0.22953648399926693,False,True,True,77.0,selected
absdiff__rating__elo_mov_538,dynamic_ratings,0.0,835,835,0.08207574924709443,0.11711429914041156,0.38461538461538464,1.0,0.16583957517622558,0.22917640695317085,False,True,False,,correlation_pruned_or_cap
diff__detailed__clean__oppfg3attemptrate_mean,detailed_efficiency,0.0,835,835,-0.04547376844670666,0.07381535705165151,0.5384615384615384,1.0,0.07795531897107758,0.22847123383807125,False,False,False,,below_bounded_prescreen
diff__detailed__all__oppfg3attemptrate_mean,detailed_efficiency,0.0,835,835,-0.0438129174053298,0.07381535705165151,0.5384615384615384,1.0,0.06984019833201702,0.22843045143453078,False,False,False,,below_bounded_prescreen
absdiff__compact__day90plus_margin_mean,compact_performance,0.0,835,720,0.05528855322253453,0.12415180773793764,0.38461538461538464,1.0,0.1337936644843583,0.22794306438225487,False,False,False,,below_bounded_prescreen
absdiff__detailed__clean__oppftmaderate_median,detailed_efficiency,0.0,835,825,0.04636778324638748,0.136244162358098,0.38461538461538464,1.0,0.23479163209188222,0.22774490650087853,False,False,False,,below_bounded_prescreen
absdiff__detailed__all__orb_pct_ros,detailed_efficiency,0.0,835,835,0.039504916504265415,0.1326381241933784,0.38461538461538464,1.0,0.16456567572095304,0.22731321575338342,False,False,False,,below_bounded_prescreen
absdiff__rating__elo_mov_log_z,dynamic_ratings,0.0,835,835,0.07200771343411463,0.11751379612101213,0.38461538461538464,1.0,0.16783451375572261,0.22707340008182367,False,True,False,,correlation_pruned_or_cap
absdiff__norm__rating__elo_mov_538__z,within_season_normalization,0.0,835,835,0.07088449815643859,0.1171142990611444,0.38461538461538464,1.0,0.1658395894649471,0.22671433110362946,False,False,False,,below_bounded_prescreen
absdiff__rating__elo_mov_538_z,dynamic_ratings,0.0,835,835,0.07088449815643859,0.1171142990611444,0.38461538461538464,1.0,0.1658395894649471,0.22671433110362946,False,True,False,,correlation_pruned_or_cap
absdiff__schedule__opponent_strength_pct_mean,schedule_and_accomplishment,0.0,835,835,-0.019125620712695843,0.08465472429011688,0.5384615384615384,1.0,0.11498222719613113,0.2263964612820501,False,True,True,91.0,selected
absdiff__detailed__all__oppftmaderate_median,detailed_efficiency,0.0,835,825,0.04547932489705819,0.13343693532265063,0.38461538461538464,1.0,0.23198440505643486,0.22631426576842928,False,False,False,,below_bounded_prescreen
seedprior__effective_games_pc2p0,prequential_seed_priors,0.0,835,235,-0.014049656303738691,0.08431642088203478,0.5384615384615384,1.0,0.10192029529090164,0.22563984075240928,False,True,False,,correlation_pruned_or_cap
seedprior__effective_games_pc8p0,prequential_seed_priors,0.0,835,235,-0.014049656303738691,0.08431642088203478,0.5384615384615384,1.0,0.10192029529090164,0.22563984075240928,False,True,False,,correlation_pruned_or_cap
absdiff__detailed__clean__orb_pct_ros,detailed_efficiency,0.0,835,835,0.04104175763874133,0.12780590675938833,0.38461538461538464,1.0,0.15997789650444932,0.2255153676033131,False,False,False,,below_bounded_prescreen
diff__detailed__all__oppblockpct_median,detailed_efficiency,0.0,835,802,-0.09179358621411286,0.09683176263942102,0.38461538461538464,1.0,0.11559138519238099,0.2235886411647932,False,False,False,,below_bounded_prescreen
absdiff__detailed__last20__orb_pct_mean,detailed_efficiency,0.0,835,835,0.0752539182697431,0.10959292333579046,0.38461538461538464,1.0,0.1931393498850076,0.22297335276358415,False,False,False,,below_bounded_prescreen
diff__detailed__clean__pace_ros,detailed_efficiency,0.0,835,835,0.09597603496695305,0.1547899669323821,0.23076923076923078,1.0,0.23643212931713148,0.22287970357066472,False,False,False,,below_bounded_prescreen
absdiff__detailed__clean__efg_ros,detailed_efficiency,0.0,835,835,0.11866265845250158,0.1415652029757983,0.23076923076923078,1.0,0.22222281110329456,0.22209124676687866,False,False,False,,below_bounded_prescreen
diff__detailed__all__pace_ros,detailed_efficiency,0.0,835,835,0.09529334155259502,0.1527698912636548,0.23076923076923078,1.0,0.2324165132005357,0.22192049934318073,False,False,False,,below_bounded_prescreen
absdiff__detailed__last10__tov_pct_mean,detailed_efficiency,0.0,835,835,0.05652177422005526,0.10938242454843634,0.38461538461538464,1.0,0.1402669284864665,0.2208661385106645,False,False,False,,below_bounded_prescreen
seedprior__favorite_seed_games,prequential_seed_priors,0.0,835,90,0.009180394647695937,0.07636259578364575,0.5384615384615384,1.0,0.10983035028340536,0.220434364941153,False,True,False,,correlation_pruned_or_cap
absdiff__detailed__clean__efg_mean,detailed_efficiency,0.0,835,835,0.11085434142537196,0.141963025943874,0.23076923076923078,1.0,0.22920011135745152,0.22028528003542022,False,False,False,,below_bounded_prescreen
absdiff__detailed__clean__efg_trim02,detailed_efficiency,0.0,835,835,0.11085434142537196,0.141963025943874,0.23076923076923078,1.0,0.22920011135745152,0.22028528003542022,False,False,False,,below_bounded_prescreen
absdiff__detailed__home__pace_mean,detailed_efficiency,0.00718562874251497,829,828,-0.05324911044584877,0.11301657210682821,0.38461538461538464,1.0,0.16752062739327778,0.2202255450526935,False,False,False,,below_bounded_prescreen
absdiff__detailed__all__efg_ros,detailed_efficiency,0.0,835,835,0.11694539333157394,0.1379310382573924,0.23076923076923078,1.0,0.21779056528936747,0.22014633920799684,False,False,False,,below_bounded_prescreen
diff__detailed__last5__efg_mean,detailed_efficiency,0.0,835,835,0.0818671278081764,0.09915240488671252,0.38461538461538464,1.0,0.18169507330720636,0.2198745810695941,False,False,False,,below_bounded_prescreen
mean__prior__program_tournament_wins,prior_program_history,0.0,835,103,0.04970664610086094,0.11177233072959998,0.38461538461538464,1.0,0.1724729456905605,0.21922572460323653,False,False,False,,below_bounded_prescreen
diff__detailed__all__ftpct_median,detailed_efficiency,0.0,835,723,0.05270080056637058,0.10562602038101357,0.38461538461538464,1.0,0.12311155427783418,0.2189086652748362,False,False,False,,below_bounded_prescreen
diff__detailed__clean__ftpct_median,detailed_efficiency,0.0,835,725,0.05290603320442664,0.10508113090404252,0.38461538461538464,1.0,0.12450761081260524,0.2186364272448716,False,False,False,,below_bounded_prescreen
absdiff__detailed__ewm_h10__efg,detailed_efficiency,0.0,835,835,0.10080923435364536,0.14608252175245856,0.23076923076923078,1.0,0.2702554498308933,0.21841050092882328,False,False,False,,below_bounded_prescreen
absdiff__schedule__opponent_strength_median,schedule_and_accomplishment,0.0,835,829,0.01656968017723819,0.12988278594813552,0.38461538461538464,1.0,0.2280490135097339,0.21840556789216964,False,True,True,92.0,selected
absdiff__detailed__ewm_h20__oppefg,detailed_efficiency,0.0,835,835,-0.023701774013001067,0.17661148719581576,0.23076923076923078,1.0,0.21494707963269716,0.21831309787462086,False,False,False,,below_bounded_prescreen
absdiff__detailed__all__efg_mean,detailed_efficiency,0.0,835,835,0.10893474608241109,0.13820402285205857,0.23076923076923078,1.0,0.22592866845623732,0.218189505291946,False,False,False,,below_bounded_prescreen
absdiff__detailed__all__efg_trim02,detailed_efficiency,0.0,835,835,0.10893474608241109,0.13820402285205857,0.23076923076923078,1.0,0.22592866845623732,0.218189505291946,False,False,False,,below_bounded_prescreen
diff__compact__last5_margin_median,compact_performance,0.0,835,61,0.09394429466253806,0.08739250353724205,0.38461538461538464,1.0,0.16565950704006852,0.21752822778049338,False,False,False,,below_bounded_prescreen
absdiff__rating__pagerank_binary,global_strength_ratings,0.0,835,835,0.10755258076585325,0.07892962266510052,0.38461538461538464,1.0,0.14019487486300505,0.2174784531916773,False,False,False,,below_bounded_prescreen
absdiff__norm__detailed__all__efg_ros__z,within_season_normalization,0.0,835,835,0.1027270715363067,0.13793104728394187,0.23076923076923078,1.0,0.21779055973713699,0.21701831296787102,False,False,False,,below_bounded_prescreen
absdiff__detailed__clean__efg_median,detailed_efficiency,0.0,835,814,0.10350827371112051,0.19113528913963235,0.07692307692307693,1.0,0.25176888630474803,0.21675369585897244,False,False,False,,below_bounded_prescreen
absdiff__detailed__last20__opp_efg_mean,detailed_efficiency,0.0,835,835,0.042360692959330974,0.10674607243818464,0.38461538461538464,1.0,0.14593755348540924,0.21625842662042663,False,False,False,,below_bounded_prescreen
absdiff__detailed__all__efg_median,detailed_efficiency,0.0,835,815,0.10441505114354767,0.18933747252522803,0.07692307692307693,1.0,0.2555579868050992,0.21593867089917826,False,False,False,,below_bounded_prescreen
diff__detailed__last5__def_rtg_mean,detailed_efficiency,0.0,835,835,0.011934523294669241,0.12926604705729733,0.38461538461538464,1.0,0.2608006827591591,0.21577973194042513,False,False,False,,below_bounded_prescreen
mean__compact__day120plus_games,compact_performance,0.0,835,11,-0.07302327440088412,0.08907544164097252,0.38461538461538464,1.0,0.12012911952076612,0.2155546291134922,False,False,False,,below_bounded_prescreen
absdiff__rating__pagerank_binary_z,global_strength_ratings,0.0,835,835,0.09705163414990407,0.07892961526533332,0.38461538461538464,1.0,0.14019486812767928,0.21516824165369328,False,False,False,,below_bounded_prescreen
absdiff__schedule__elite_wins,schedule_and_accomplishment,0.0,835,16,0.08509677018755989,0.08382090800883547,0.38461538461538464,1.0,0.13639865981393182,0.21503784043140847,False,True,False,,correlation_pruned_or_cap
absdiff__compact__half_marginmean_first,compact_performance,0.0,835,728,0.10779576926324061,0.13297150148331394,0.23076923076923078,1.0,0.24759775591513597,0.2145605566363751,False,False,False,,below_bounded_prescreen
diff__detailed__last5__four_factor_edge_mean,detailed_efficiency,0.0,835,835,0.08448732579258691,0.085359432778448,0.38461538461538464,1.0,0.17027688722123568,0.21428712545763628,False,False,False,,below_bounded_prescreen
absdiff__compact__margin_q75,compact_performance,0.0,835,90,0.11783114261634976,0.12094758191933802,0.23076923076923078,1.0,0.16669398469103297,0.2142330082323148,False,False,False,,below_bounded_prescreen
absdiff__detailed__clean__pace_ros,detailed_efficiency,0.0,835,835,-0.056263059710400944,0.09517379114440581,0.38461538461538464,1.0,0.14420082664930461,0.21383172135809236,False,False,False,,below_bounded_prescreen
mean__prior__program_has_tournament_history,prior_program_history,0.0,835,3,0.002903138915896295,0.1269329474435674,0.38461538461538464,1.0,0.23440314532943826,0.21372884105969353,False,False,False,,below_bounded_prescreen
diff__detailed__clean__fg3_attempt_rate_ros,detailed_efficiency,0.0,835,835,-0.1350495268580874,0.11900374113808293,0.23076923076923078,1.0,0.2739253930568798,0.21279875285586078,False,False,False,,below_bounded_prescreen
absdiff__compact__ewm_h20_margin,compact_performance,0.0,835,835,0.09446784830411774,0.13682474625349303,0.23076923076923078,1.0,0.2718261907675606,0.21250883412095706,False,False,False,,below_bounded_prescreen
diff__detailed__all__fg3_attempt_rate_ros,detailed_efficiency,0.0,835,835,-0.13451141100929317,0.11810613118645084,0.23076923076923078,1.0,0.2730432686823452,0.21228479956732402,False,False,False,,below_bounded_prescreen
absdiff__detailed__all__pace_ros,detailed_efficiency,0.0,835,835,-0.05641326571282573,0.09203960852473218,0.38461538461538464,1.0,0.15173718220294657,0.21205890479903677,False,False,False,,below_bounded_prescreen
interaction__pace_gap,matchup_interactions,0.0,835,835,-0.05641326571282573,0.09203960852473218,0.38461538461538464,1.0,0.15173718220294657,0.21205890479903677,False,True,False,,correlation_pruned_or_cap
mean__detailed__clean__netrtg_std,detailed_efficiency,0.0,835,835,0.01285823372877833,0.11283368571373775,0.38461538461538464,1.0,0.1903564363192186,0.21091318464861816,False,False,False,,below_bounded_prescreen
absdiff__detailed__all__defrtg_std,detailed_efficiency,0.0,835,835,-0.02193562783176459,0.1025828582293196,0.38461538461538464,1.0,0.12171064443244917,0.21073564583422522,False,False,False,,below_bounded_prescreen
mean__detailed__all__netrtg_std,detailed_efficiency,0.0,835,835,0.01381023706872249,0.11194779299009847,0.38461538461538464,1.0,0.19485090422216406,0.2105176181599412,False,False,False,,below_bounded_prescreen
mean__prior__program_years_since_appearance,prior_program_history,0.0718562874251497,775,25,-0.06442756022838084,0.1026362789633408,0.38461538461538464,1.0,0.22503080130497177,0.21022820364489805,False,False,False,,below_bounded_prescreen
diff__compact__last5_margin_mean,compact_performance,0.0,835,202,0.10787722242613064,0.11942974445119278,0.23076923076923078,1.0,0.20278682679282542,0.2098708701216852,False,False,False,,below_bounded_prescreen
absdiff__detailed__poss0p475__net_rtg_mean,detailed_efficiency,0.0,835,835,0.12553548656138971,0.11084761979247608,0.23076923076923078,1.0,0.21400814125718587,0.20918741581668374,False,False,False,,below_bounded_prescreen
absdiff__compact__neutral_win_pct,compact_performance,0.05269461077844311,791,75,0.0156932374008665,0.11753526116585082,0.38461538461538464,1.0,0.20508369013879935,0.20898898265843316,False,False,False,,below_bounded_prescreen
absdiff__detailed__poss0p44__net_rtg_mean,detailed_efficiency,0.0,835,835,0.12524640928329728,0.11037781286403062,0.23076923076923078,1.0,0.2139521432318921,0.20890055141086133,False,False,False,,below_bounded_prescreen
diff__detailed__clean__orbpct_std,detailed_efficiency,0.0,835,835,0.04994964088579086,0.08815779667948156,0.38461538461538464,1.0,0.15905393214215377,0.20848096765380053,False,False,False,,below_bounded_prescreen
diff__detailed__clean__ft_pct_ros,detailed_efficiency,0.0,835,835,0.049148445324958975,0.0887472099818105,0.38461538461538464,1.0,0.16631355467229708,0.20829723811432968,False,False,False,,below_bounded_prescreen
mean__geography__neutral_games_with_city,geography_and_schedule_dispersion,0.0,835,22,0.02510598750072381,0.0,0.6666666666666666,1.0,0.09980221309596429,0.20819789539298736,False,False,False,,below_bounded_prescreen
diff__detailed__clean__oppftpct_mean,detailed_efficiency,0.0,835,835,-0.08411448661249629,0.1310683975707814,0.23076923076923078,1.0,0.2635623461338155,0.2077986009664486,False,False,False,,below_bounded_prescreen
mean__compact__neutral_games,compact_performance,0.05269461077844311,791,21,-0.05136698191675775,0.15369173869237926,0.23076923076923078,1.0,0.2518164993278286,0.20770761868171705,False,False,False,,below_bounded_prescreen
absdiff__adj__off_rtg_a10p0,opponent_adjusted_efficiency,0.0,835,835,0.10939713635899793,0.11795479601677322,0.23076923076923078,1.0,0.25101291722895835,0.2075682323209493,False,True,True,30.0,selected
mean__detailed__neutral__games,detailed_efficiency,0.05269461077844311,791,21,-0.050714371112046484,0.15229459688122537,0.23076923076923078,1.0,0.2504193575166747,0.2069493019077729,False,False,False,,below_bounded_prescreen
diff__detailed__all__oppfoulrate_median,detailed_efficiency,0.0,835,835,-0.03007182358578565,0.14529780716454693,0.23076923076923078,1.0,0.17229303478313346,0.20639010415960696,False,False,False,,below_bounded_prescreen
absdiff__norm__schedule__opponent_strength_mean__pct,within_season_normalization,0.0,835,664,-0.02980106319166156,0.09143603723810986,0.38461538461538464,1.0,0.14143080292449658,0.20632676119793997,False,False,False,,below_bounded_prescreen
diff__detailed__all__oppftpct_mean,detailed_efficiency,0.0,835,835,-0.08276678840816794,0.129087792674113,0.23076923076923078,1.0,0.2765196786078869,0.20603312371213264,False,False,False,,below_bounded_prescreen
diff__detailed__all__orbpct_std,detailed_efficiency,0.0,835,835,0.047858638921941865,0.08381404531680478,0.38461538461538464,1.0,0.16172247915509094,0.2058292046871514,False,False,False,,below_bounded_prescreen
diff__detailed__all__ft_pct_ros,detailed_efficiency,0.0,835,835,0.04935788504095194,0.08107844278417699,0.38461538461538464,1.0,0.16153658163278814,0.2048533855185644,False,False,False,,below_bounded_prescreen
diff__detailed__clean__oppfoulrate_median,detailed_efficiency,0.0,835,835,-0.02998335306600387,0.14246358307384172,0.23076923076923078,1.0,0.1765125924244328,0.2048414307760645,False,False,False,,below_bounded_prescreen
absdiff__norm__schedule__opponent_strength_mean__z,within_season_normalization,0.0,835,835,-0.023259896178539737,0.09233569909581921,0.38461538461538464,1.0,0.15992819434546962,0.20457964648991472,False,False,False,,below_bounded_prescreen
diff__detailed__last5__pace_mean,detailed_efficiency,0.0,835,796,0.053701197820234615,0.14176963998397576,0.23076923076923078,1.0,0.3064212628186688,0.20452991712309015,False,False,False,,below_bounded_prescreen
absdiff__detailed__ewm_h5__oppefg,detailed_efficiency,0.0,835,835,0.04700698585956029,0.07573330607722134,0.38461538461538464,1.0,0.10341887140109911,0.20409523048858708,False,False,False,,below_bounded_prescreen
absdiff__compact__away_margin_mean,compact_performance,0.0,835,770,0.10624421216238601,0.10579102155353104,0.23076923076923078,1.0,0.17683908495709294,0.20400293054621305,False,False,False,,below_bounded_prescreen
absdiff__rating__bt_c0p25_percentile,global_strength_ratings,0.0,835,501,0.005167527714614306,0.1643437078707572,0.23076923076923078,1.0,0.3262402993353061,0.20389530082484328,False,False,False,,below_bounded_prescreen
mean__compact__games,compact_performance,0.0,835,15,-0.0028275961364664405,0.09903961635579381,0.38461538461538464,1.0,0.15180917099224797,0.20362718169957528,False,False,False,,below_bounded_prescreen
mean__prior__program_tournament_games,prior_program_history,0.0,835,131,0.03735083650631122,0.08411831570528933,0.38461538461538464,1.0,0.16419341155963596,0.20356470064600346,False,False,False,,below_bounded_prescreen
absdiff__detailed__all__net_rtg_ros,detailed_efficiency,0.0,835,835,0.12393112034405503,0.10071367477659984,0.23076923076923078,1.0,0.2255749993473153,0.20350748731764434,False,False,False,,below_bounded_prescreen
absdiff__detailed__clean__net_rtg_ros,detailed_efficiency,0.0,835,835,0.12307217516171748,0.10204797846707553,0.23076923076923078,1.0,0.2424700326270361,0.20328318381776958,False,False,False,,below_bounded_prescreen
absdiff__compact__last20_margin_median,compact_performance,0.0,835,50,0.08130290086815604,0.11130776972547068,0.23076923076923078,1.0,0.12740189995222165,0.2031413685842083,False,False,False,,below_bounded_prescreen
absdiff__detailed__neutral__def_rtg_mean,detailed_efficiency,0.05269461077844311,791,791,0.05784969190020708,0.07808805109547744,0.38461538461538464,1.0,0.11291057031107173,0.20301566660761794,False,False,False,,below_bounded_prescreen
absdiff__detailed__last5__ft_rate_mean,detailed_efficiency,0.0,835,835,0.02684304042692269,0.08925037272127678,0.38461538461538464,1.0,0.1846562395084238,0.20289785975826044,False,False,False,,below_bounded_prescreen
absdiff__schedule__bad_loss_penalty_sum,schedule_and_accomplishment,0.0,835,834,0.010728863914316744,0.1506407116687917,0.23076923076923078,1.0,0.22814641887097487,0.20246511183040763,False,True,False,,correlation_pruned_or_cap
absdiff__schedule__bad_losses,schedule_and_accomplishment,0.0,835,8,0.018733735827413556,0.15315546973939165,0.23076923076923078,1.0,0.3075136874262765,0.20225857678296483,False,True,False,,correlation_pruned_or_cap
diff__detailed__last5__net_rtg_mean,detailed_efficiency,0.0,835,835,0.10260001703362426,0.10726082858211135,0.23076923076923078,1.0,0.22704874485729148,0.20189832859559603,False,False,False,,below_bounded_prescreen
diff__compact__neutral_win_pct,compact_performance,0.05269461077844311,791,123,0.08875233754286373,0.12061798180985409,0.23076923076923078,1.0,0.21428723969790872,0.20155816400104512,False,False,False,,below_bounded_prescreen
mean__detailed__all__efg_std,detailed_efficiency,0.0,835,835,-0.01045551871397617,0.09117481436190013,0.38461538461538464,1.0,0.1592660846230146,0.20123194316432777,False,False,False,,below_bounded_prescreen
mean__prior__program_win_pct_smoothed,prior_program_history,0.0,835,661,0.05509005765451644,0.1260312212903568,0.23076923076923078,1.0,0.21502668145733222,0.20093680856814852,False,False,False,,below_bounded_prescreen
absdiff__detailed__home__off_rtg_mean,detailed_efficiency,0.00718562874251497,829,829,0.05748378364539633,0.1217100395642308,0.23076923076923078,1.0,0.16540485370982624,0.20079928386810067,False,False,False,,below_bounded_prescreen
absdiff__schedule__opponent_strength_mean,schedule_and_accomplishment,0.0,835,835,0.005918027296200753,0.0923356972822677,0.38461538461538464,1.0,0.1599282148586243,0.20076443364476923,False,True,False,,correlation_pruned_or_cap
absdiff__norm__detailed__all__net_rtg_ros__z,within_season_normalization,0.0,835,835,0.11101151191130677,0.1007136834364256,0.23076923076923078,1.0,0.22557501977071015,0.2006651768022203,False,False,False,,below_bounded_prescreen
mean__prior__program_final_appearances,prior_program_history,0.0,835,12,0.06917987876533507,0.11774022694725245,0.23076923076923078,1.0,0.20056761562482672,0.20063525456113873,False,False,False,,below_bounded_prescreen
absdiff__detailed__away__net_rtg_mean,detailed_efficiency,0.0,835,835,0.10536663010970737,0.09617892093113245,0.23076923076923078,1.0,0.14313655907960604,0.20054415523097188,False,False,False,,below_bounded_prescreen
absdiff__norm__detailed__clean__net_rtg_ros__z,within_season_normalization,0.0,835,835,0.1101263992288037,0.10204798384411164,0.23076923076923078,1.0,0.24247004685766188,0.20043511512428086,False,False,False,,below_bounded_prescreen
mean__compact__last10_margin_std,compact_performance,0.0,835,835,0.04377876183271686,0.13197379519902072,0.23076923076923078,1.0,0.23769469474303348,0.20039403843208325,False,False,False,,below_bounded_prescreen
mean__conference__strength_std,conference_context,0.0,835,656,0.04857280935767447,0.07084695504031108,0.38461538461538464,1.0,0.16134289626223092,0.19977730216601,False,False,False,,below_bounded_prescreen
mean__compact__away_margin_std,compact_performance,0.0,835,835,0.014189872407403945,0.08560674582703455,0.38461538461538464,1.0,0.15951818548423768,0.1993707440456975,False,False,False,,below_bounded_prescreen
mean__detailed__clean__efg_std,detailed_efficiency,0.0,835,835,-0.01052548980726974,0.08733613069601297,0.38461538461538464,1.0,0.160588321743916,0.19935187916039046,False,False,False,,below_bounded_prescreen
mean__prior__program_appearances,prior_program_history,0.0,835,49,0.011716326020022146,0.08155541723249074,0.38461538461538464,1.0,0.13159021781466812,0.19799904482187528,False,False,False,,below_bounded_prescreen
absdiff__compact__margin_winsor02,compact_performance,0.0,835,834,0.12858977848633604,0.08478598573224262,0.23076923076923078,1.0,0.19925099987986933,0.19794006134635253,False,False,False,,below_bounded_prescreen
absdiff__rating__pagerank_binary_percentile,global_strength_ratings,0.0,835,570,-0.01357890694465203,0.13745276798431855,0.23076923076923078,1.0,0.1999483306469152,0.19788983185749667,False,False,False,,below_bounded_prescreen
absdiff__detailed__last10__orb_pct_mean,detailed_efficiency,0.0,835,835,0.058229929921389534,0.06240468031959309,0.38461538461538464,1.0,0.18220827543739518,0.1970149616570761,False,False,False,,below_bounded_prescreen
interaction__shooting_attack_defense_edge,matchup_interactions,0.0,835,835,0.04995297529609491,0.12463211325571166,0.23076923076923078,1.0,0.2739556975082747,0.1967779179506284,False,True,False,,correlation_pruned_or_cap
absdiff__rating__bt_c0p25,global_strength_ratings,0.0,835,835,0.05662681218252764,0.11729376022423596,0.23076923076923078,1.0,0.22346618825232611,0.19674333298077323,False,False,False,,below_bounded_prescreen
interaction__clean_shooting_attack_defense_edge,matchup_interactions,0.0,835,835,0.04983869074517066,0.12463211325571166,0.23076923076923078,1.0,0.27449670362446077,0.19673113510477766,False,True,False,,correlation_pruned_or_cap
absdiff__adj__net_rtg_a10p0_percentile,opponent_adjusted_efficiency,0.0,835,490,0.012739431147888733,0.13998059965873805,0.23076923076923078,1.0,0.26130914746401757,0.19646407371324603,False,True,True,31.0,selected
absdiff__norm__adj__net_rtg_a10p0__pct,within_season_normalization,0.0,835,490,0.012739431147888733,0.13998059965873805,0.23076923076923078,1.0,0.26130914746401757,0.19646407371324603,False,False,False,,below_bounded_prescreen
diff__compact__ewm_h5_points_against,compact_performance,0.0,835,835,-0.037245177509508565,0.12620344408434617,0.23076923076923078,1.0,0.2370372587873567,0.19621317878416072,False,False,False,,below_bounded_prescreen
absdiff__compact__day110plus_win_pct,compact_performance,0.0,835,96,-0.028444865207640824,0.0687450563082524,0.38461538461538464,1.0,0.12035907690215994,0.19597959583601726,False,False,False,,below_bounded_prescreen
absdiff__adj__off_rtg_a50p0,opponent_adjusted_efficiency,0.0,835,835,0.11692804724269844,0.09159347077643926,0.23076923076923078,1.0,0.26941684064846505,0.19583543966322284,False,True,True,32.0,selected
diff__conference__tourney_wins,conference_context,0.017964071856287425,820,9,-0.06329982503236087,0.059217370060358515,0.38461538461538464,1.0,0.17486172619816545,0.19545716587812342,False,False,False,,below_bounded_prescreen
absdiff__rating__bt_c0p25_z,global_strength_ratings,0.0,835,835,0.04796430002095594,0.11729375522653039,0.23076923076923078,1.0,0.2234661921806225,0.1948375777491969,False,False,False,,below_bounded_prescreen
absdiff__compact__margin_mean,compact_performance,0.0,835,816,0.1292814971074637,0.07693027906224921,0.23076923076923078,1.0,0.1957136046307827,0.19446299605136727,False,False,False,,below_bounded_prescreen
absdiff__compact__margin_trim02,compact_performance,0.0,835,816,0.1292814971074637,0.07693027906224921,0.23076923076923078,1.0,0.1957136046307827,0.19446299605136727,False,False,False,,below_bounded_prescreen
absdiff__detailed__clean__opp_tov_pct_ros,detailed_efficiency,0.0,835,835,0.0026182884759893507,0.07793240143750262,0.38461538461538464,1.0,0.1290739245926554,0.19435908070947422,False,False,False,,below_bounded_prescreen
absdiff__schedule__rpi,schedule_and_accomplishment,0.0,835,835,0.04060512799510372,0.12443208439232126,0.23076923076923078,1.0,0.28320723535532444,0.19425531617610095,False,False,False,,below_bounded_prescreen
absdiff__detailed__all__opp_tov_pct_ros,detailed_efficiency,0.0,835,835,0.0017021699540156938,0.07764492564446154,0.38461538461538464,1.0,0.12878644879961432,0.19403104528570198,False,False,False,,below_bounded_prescreen
absdiff__compact__margin_median,compact_performance,0.0,835,49,0.133772138321194,0.12027870810562304,0.07692307692307693,1.0,0.147448552544758,0.19357340052726374,False,False,False,,below_bounded_prescreen
diff__compact__last20_margin_std,compact_performance,0.0,835,835,0.07707858384151747,0.10584562218305113,0.23076923076923078,1.0,0.2862551889139453,0.1932360564595175,False,False,False,,below_bounded_prescreen
absdiff__compact__margin_mad,compact_performance,0.0,835,19,0.07346364921108124,0.09742804693502365,0.23076923076923078,1.0,0.16598642441923342,0.1932110853015568,False,False,False,,below_bounded_prescreen
mean__detailed__all__games,detailed_efficiency,0.0,835,15,-0.012994789386199416,0.12606205527735218,0.23076923076923078,1.0,0.17958229994213315,0.19310842512348453,False,False,False,,below_bounded_prescreen
absdiff__norm__schedule__rpi__z,within_season_normalization,0.0,835,835,0.03434038038998963,0.12443208416203413,0.23076923076923078,1.0,0.2832072585065568,0.19287707066638876,False,False,False,,below_bounded_prescreen
diff__detailed__last10__efg_mean,detailed_efficiency,0.0,835,835,0.12049621875942454,0.1351645170489838,0.07692307692307693,1.0,0.277547937315484,0.1925939111256586,False,False,False,,below_bounded_prescreen
mean__compact__close5_games,compact_performance,0.0,835,28,-0.06536728759415814,0.044853118199635715,0.38461538461538464,1.0,0.12462969371106154,0.19246357379655904,False,False,False,,below_bounded_prescreen
absdiff__detailed__clean__oppefg_mean,detailed_efficiency,0.0,835,835,0.032670675612853216,0.1241626237153869,0.23076923076923078,1.0,0.2860077498706536,0.1922683749464642,False,False,False,,below_bounded_prescreen
absdiff__schedule__quality_wins,schedule_and_accomplishment,0.0,835,23,0.011807047328943861,0.12959520883069203,0.23076923076923078,1.0,0.2419274883136705,0.19204922804162994,False,False,False,,below_bounded_prescreen
absdiff__detailed__clean__tovpct_std,detailed_efficiency,0.0,835,835,0.0033477511936823305,0.12844022349590972,0.23076923076923078,1.0,0.18250529522150383,0.19201067765486357,False,False,False,,below_bounded_prescreen
absdiff__detailed__all__oppefg_mean,detailed_efficiency,0.0,835,835,0.033122510892394944,0.12336630655634953,0.23076923076923078,1.0,0.29154433435044624,0.19176408309243373,False,False,False,,below_bounded_prescreen
diff__detailed__last20__pace_mean,detailed_efficiency,0.0,835,825,0.04979562027310666,0.16512203637078343,0.07692307692307693,1.0,0.2715073857303252,0.1916610107965388,False,False,False,,below_bounded_prescreen
diff__detailed__all__oppftpct_median,detailed_efficiency,0.0,835,659,-0.06425672689003765,0.10043873259574271,0.23076923076923078,1.0,0.1962679134337107,0.19141943194749328,False,False,False,,below_bounded_prescreen
absdiff__compact__last10_margin_median,compact_performance,0.0,835,51,0.019006062336656207,0.06219021407832896,0.38461538461538464,1.0,0.10415331290953281,0.1914049654937425,False,False,False,,below_bounded_prescreen
absdiff__norm__compact__margin_mean__z,within_season_normalization,0.0,835,832,0.11429760871631861,0.07693028527132778,0.23076923076923078,1.0,0.19571361114520602,0.1911665433250961,False,False,False,,below_bounded_prescreen
absdiff__norm__compact__margin_trim02__z,within_season_normalization,0.0,835,832,0.11429760871631861,0.07693028527132778,0.23076923076923078,1.0,0.19571361114520602,0.1911665433250961,False,False,False,,below_bounded_prescreen
diff__detailed__clean__oppftpct_median,detailed_efficiency,0.0,835,656,-0.06508868004822797,0.09928383418522183,0.23076923076923078,1.0,0.1967873487636027,0.19102733299204944,False,False,False,,below_bounded_prescreen
diff__compact__last20_points_against_mean,compact_performance,0.0,835,441,-0.07708393404599002,0.09834948304421898,0.23076923076923078,1.0,0.25398608769649994,0.19092985076655986,False,False,False,,below_bounded_prescreen
diff__detailed__all__drbpct_mean,detailed_efficiency,0.0,835,835,0.10104667183543602,0.08240192114930747,0.23076923076923078,1.0,0.19739004715255698,0.19081066499243815,False,False,False,,below_bounded_prescreen
absdiff__compact__margin_q10,compact_performance,0.0,835,201,0.06059508299434423,0.10342345489594258,0.23076923076923078,1.0,0.22760942229593856,0.19079287664004754,False,False,False,,below_bounded_prescreen
absdiff__compact__last20_margin_mean,compact_performance,0.0,835,279,0.08065379315084861,0.09097422367362229,0.23076923076923078,1.0,0.18869659786853077,0.1907866748648611,False,False,False,,below_bounded_prescreen
absdiff__norm__rating__margin_ridge_a25p0__pct,within_season_normalization,0.0,835,505,0.012273666710820344,0.12657498153515184,0.23076923076923078,1.0,0.24062502679128173,0.19075427366467904,False,False,False,,below_bounded_prescreen
absdiff__rating__margin_ridge_a25p0_percentile,global_strength_ratings,0.0,835,505,0.012273666710820344,0.12657498153515184,0.23076923076923078,1.0,0.24062502679128173,0.19075427366467904,False,False,False,,below_bounded_prescreen
diff__detailed__all__ft_rate_ros,detailed_efficiency,0.0,835,835,-0.02117710815820671,0.11354118414346905,0.23076923076923078,1.0,0.14060467315336342,0.19045762218061302,False,False,False,,below_bounded_prescreen
absdiff__detailed__clean__opp_efg_ros,detailed_efficiency,0.0,835,835,0.02857652497418179,0.11938166072737642,0.23076923076923078,1.0,0.2557351478077885,0.1902837036542261,False,False,False,,below_bounded_prescreen
diff__detailed__all__ftrate_mean,detailed_efficiency,0.0,835,835,-0.02647797839156796,0.11193388979489918,0.23076923076923078,1.0,0.15509145010950495,0.1902728412663933,False,False,False,,below_bounded_prescreen
diff__detailed__all__ftrate_trim02,detailed_efficiency,0.0,835,835,-0.02647797839156796,0.11193388979489918,0.23076923076923078,1.0,0.15509145010950495,0.1902728412663933,False,False,False,,below_bounded_prescreen
absdiff__detailed__all__tovpct_std,detailed_efficiency,0.0,835,835,0.004632005730885,0.12396734512626907,0.23076923076923078,1.0,0.18052671333154277,0.19022537531121908,False,False,False,,below_bounded_prescreen
diff__compact__day110plus_win_pct,compact_performance,0.0,835,153,0.030086363423392746,0.11237144041587387,0.23076923076923078,1.0,0.18390114312500483,0.19012432255084258,False,False,False,,below_bounded_prescreen
absdiff__norm__detailed__all__efg_ros__pct,within_season_normalization,0.0,835,626,0.014491450267037135,0.12210587670621431,0.23076923076923078,1.0,0.22040915190827748,0.18990565072447688,False,False,False,,below_bounded_prescreen
diff__detailed__ewm_h10__ftrate,detailed_efficiency,0.0,835,835,-0.046435643533750064,0.10312562670429531,0.23076923076923078,1.0,0.17044552902349006,0.1898213981576241,False,False,False,,below_bounded_prescreen
diff__compact__first_game_day,compact_performance,0.0,835,27,-0.08863596530953018,0.09253313743365112,0.23076923076923078,1.0,0.27786683970238435,0.18972422167123074,False,False,False,,below_bounded_prescreen
absdiff__schedule__top_quartile_games,schedule_and_accomplishment,0.0,835,24,-0.032664535817187756,0.05990786009436566,0.38461538461538464,1.0,0.19972768879157798,0.18949132471187524,False,False,False,,below_bounded_prescreen
absdiff__detailed__neutral__net_rtg_mean,detailed_efficiency,0.05269461077844311,791,791,0.04661197519965226,0.11254587793639872,0.23076923076923078,1.0,0.1900929057048707,0.18938044778600152,False,False,False,,below_bounded_prescreen
diff__detailed__clean__efg_std,detailed_efficiency,0.0,835,835,-0.04772226895454582,0.1066834407769263,0.23076923076923078,1.0,0.23149335890560432,0.18937029330977745,False,False,False,,below_bounded_prescreen
diff__detailed__all__efg_std,detailed_efficiency,0.0,835,835,-0.04801952516073048,0.10612577933248676,0.23076923076923078,1.0,0.22756446480943499,0.18932516794565388,False,False,False,,below_bounded_prescreen
absdiff__detailed__all__opp_efg_ros,detailed_efficiency,0.0,835,835,0.028855924816250364,0.11707388774594768,0.23076923076923078,1.0,0.26183545201721226,0.1889934284200184,False,False,False,,below_bounded_prescreen
mean__compact__last20_margin_std,compact_performance,0.0,835,835,0.032234428174879946,0.10762475985927274,0.23076923076923078,1.0,0.1791034364099564,0.18851039839760317,False,False,False,,below_bounded_prescreen
absdiff__rating__bt_c1p0,global_strength_ratings,0.0,835,835,0.06171414726529573,0.09894360244804042,0.23076923076923078,1.0,0.25510187396179806,0.18778904353802947,False,False,False,,below_bounded_prescreen
diff__detailed__all__opp_tov_pct_ros,detailed_efficiency,0.0,835,835,0.055915212226892476,0.09402012284097627,0.23076923076923078,1.0,0.16668941228070308,0.18768650608543375,False,False,False,,below_bounded_prescreen
diff__detailed__all__netrtg_std,detailed_efficiency,0.0,835,835,0.08207792644298408,0.08751161997907546,0.23076923076923078,1.0,0.23287468557787092,0.1876708109073748,False,False,False,,below_bounded_prescreen
diff__detailed__clean__opp_tov_pct_ros,detailed_efficiency,0.0,835,835,0.05523247551082668,0.09388432012589622,0.23076923076923078,1.0,0.16732119770131784,0.18744584728783628,False,False,False,,below_bounded_prescreen
diff__detailed__clean__netrtg_std,detailed_efficiency,0.0,835,835,0.08226577893314385,0.08530085943685323,0.23076923076923078,1.0,0.21620238860799346,0.18731786527373837,False,False,False,,below_bounded_prescreen
absdiff__detailed__last5__opp_efg_mean,detailed_efficiency,0.0,835,835,0.04208279762918752,0.09759620877517888,0.23076923076923078,1.0,0.14630626087499435,0.1871752221785843,False,False,False,,below_bounded_prescreen
mean__detailed__clean__games,detailed_efficiency,0.0,835,15,-0.016864780514204338,0.10982502400518955,0.23076923076923078,1.0,0.16259457864164373,0.18684555701302713,False,False,False,,below_bounded_prescreen
diff__detailed__all__ftmaderate_mean,detailed_efficiency,0.0,835,835,-0.003266130378868492,0.11735379392616023,0.23076923076923078,1.0,0.183611285080465,0.1866269952877663,False,False,False,,below_bounded_prescreen
diff__detailed__clean__ftmaderate_mean,detailed_efficiency,0.0,835,835,-0.0012936449303926302,0.11580752669889968,0.23076923076923078,1.0,0.1835260063855675,0.18545425136781246,False,False,False,,below_bounded_prescreen
diff__detailed__all__oppfoulrate_mean,detailed_efficiency,0.0,835,835,-0.007684667102503837,0.11284829360842336,0.23076923076923078,1.0,0.1835373150641232,0.18543939201510606,False,False,False,,below_bounded_prescreen
absdiff__compact__rest_days_mean,compact_performance,0.0,835,555,-0.019955310733765597,0.10696745111771298,0.23076923076923078,1.0,0.1828084381091172,0.1853452842966429,False,False,False,,below_bounded_prescreen
absdiff__norm__rating__bt_c1p0__z,within_season_normalization,0.0,835,835,0.04997881368729795,0.09894361609558279,0.23076923076923078,1.0,0.25510189015614004,0.18520727605391663,False,False,False,,below_bounded_prescreen
absdiff__rating__bt_c1p0_z,global_strength_ratings,0.0,835,835,0.04997881368729795,0.09894361609558279,0.23076923076923078,1.0,0.25510189015614004,0.18520727605391663,False,False,False,,below_bounded_prescreen
mean__compact__margin_iqr,compact_performance,0.0,835,129,-0.007926354141661459,0.05359013769194352,0.38461538461538464,1.0,0.09552115966456222,0.18518467915517747,False,False,False,,below_bounded_prescreen
diff__detailed__clean__oppfoulrate_mean,detailed_efficiency,0.0,835,835,-0.006633752701512457,0.11217454097957164,0.23076923076923078,1.0,0.17933963561260668,0.1850526967630998,False,False,False,,below_bounded_prescreen
absdiff__compact__home_margin_std,compact_performance,0.00718562874251497,829,829,0.009950669398952016,0.11142131838659085,0.23076923076923078,1.0,0.17454750150849002,0.1850377066566692,False,False,False,,below_bounded_prescreen
diff__detailed__clean__ft_rate_ros,detailed_efficiency,0.0,835,835,-0.01858246812594798,0.10378512695314121,0.23076923076923078,1.0,0.1455403674494569,0.185006466150315,False,False,False,,below_bounded_prescreen
diff__detailed__clean__ftrate_mean,detailed_efficiency,0.0,835,835,-0.02392136387716387,0.10229603295296372,0.23076923076923078,1.0,0.15728923495766117,0.18499630339516912,False,False,False,,below_bounded_prescreen
diff__detailed__clean__ftrate_trim02,detailed_efficiency,0.0,835,835,-0.02392136387716387,0.10229603295296372,0.23076923076923078,1.0,0.15728923495766117,0.18499630339516912,False,False,False,,below_bounded_prescreen
mean__schedule__top_quartile_games,schedule_and_accomplishment,0.0,835,45,0.03003059554551993,0.09842924852883624,0.23076923076923078,1.0,0.158351502396467,0.184441787141074,False,False,False,,below_bounded_prescreen
absdiff__adj__net_rtg_a10p0,opponent_adjusted_efficiency,0.0,835,835,0.11712473124549024,0.11504775000819896,0.07692307692307693,1.0,0.22448145987047835,0.18431879479081653,False,True,True,33.0,selected
absdiff__rating__margin_ridge_a25p0,global_strength_ratings,0.0,835,835,0.12034085337219834,0.1124715606556757,0.07692307692307693,1.0,0.21198508486994092,0.18428962576950264,False,False,False,,below_bounded_prescreen
diff__compact__last5_points_against_mean,compact_performance,0.0,835,200,0.036610298557350644,0.09249016517005919,0.23076923076923078,1.0,0.13869709006689981,0.1838247382846465,False,False,False,,below_bounded_prescreen
diff__detailed__all__ftpct_mean,detailed_efficiency,0.0,835,835,0.05897899280744507,0.08462051696474605,0.23076923076923078,1.0,0.1682752834701159,0.18378529214498832,False,False,False,,below_bounded_prescreen
absdiff__compact__pythag_residual_exp8p0,compact_performance,0.0,835,835,0.027139433146512643,0.04252577752299073,0.38461538461538464,1.0,0.10656438408962382,0.18365893467814493,False,False,False,,below_bounded_prescreen
diff__detailed__clean__ftpct_mean,detailed_efficiency,0.0,835,835,0.05926790793820009,0.08462051696474605,0.23076923076923078,1.0,0.17332567979123212,0.18364683762090978,False,False,False,,below_bounded_prescreen
absdiff__prior__program_win_pct_smoothed,prior_program_history,0.0,835,627,0.05585105178546593,0.0804697163242929,0.23076923076923078,1.0,0.10725035181156836,0.18354575807907728,False,False,False,,below_bounded_prescreen
diff__compact__last10_points_against_mean,compact_performance,0.0,835,303,-0.00804063610687139,0.11079246536299038,0.23076923076923078,1.0,0.21754720917395104,0.183170511873866,False,False,False,,below_bounded_prescreen
diff__compact__margin_iqr,compact_performance,0.0,835,125,0.04232525912112285,0.14750774731724475,0.07692307692307693,1.0,0.23210976623678328,0.18313857737714548,False,False,False,,below_bounded_prescreen
absdiff__compact__day120plus_margin_mean,compact_performance,0.0,835,405,0.02059577117440106,0.0975121403279077,0.23076923076923078,1.0,0.13096656559968822,0.18302131131485333,False,False,False,,below_bounded_prescreen
absdiff__compact__day120plus_win_pct,compact_performance,0.0,835,29,0.007953301809741086,0.10847785373976546,0.23076923076923078,1.0,0.19311545486281723,0.1830175549217947,False,False,False,,below_bounded_prescreen
absdiff__compact__ewm_h5_margin,compact_performance,0.0,835,835,0.06437354719650273,0.07409924358499916,0.23076923076923078,1.0,0.10097507433080224,0.18261389125387503,False,False,False,,below_bounded_prescreen
absdiff__detailed__clean__opp_ft_rate_ros,detailed_efficiency,0.0,835,835,0.05764600561426887,0.07732712593077597,0.23076923076923078,1.0,0.1037783129991249,0.18257108608502357,False,False,False,,below_bounded_prescreen
absdiff__rating__elo_season_reset_mov_percentile,dynamic_ratings,0.0,835,493,0.0186873311733586,0.15603323679162673,0.07692307692307693,1.0,0.2263594064077588,0.18226048256950167,False,True,True,78.0,selected
diff__detailed__clean__ftmade_rate_ros,detailed_efficiency,0.0,835,835,0.00370061284480388,0.10868637218957947,0.23076923076923078,1.0,0.19296923761519477,0.18218790089532413,False,False,False,,below_bounded_prescreen
absdiff__detailed__all__opp_ft_rate_ros,detailed_efficiency,0.0,835,835,0.05603099574076656,0.07763577450447705,0.23076923076923078,1.0,0.10868407458159347,0.18216770476493083,False,False,False,,below_bounded_prescreen
absdiff__rating__elo_standard_preseason,dynamic_ratings,0.0,835,835,0.07258048887848458,0.07860938675832925,0.23076923076923078,1.0,0.2140923621447521,0.18205959563455149,False,False,False,,below_bounded_prescreen
absdiff__detailed__all__offrtg_std,detailed_efficiency,0.0,835,835,0.022423315231230125,0.0960192390308536,0.23076923076923078,1.0,0.14824634536716275,0.1820155871940708,False,False,False,,below_bounded_prescreen
absdiff__adj__net_rtg_a50p0,opponent_adjusted_efficiency,0.0,835,835,0.1315699651785648,0.10300965931143521,0.07692307692307693,1.0,0.226773484134893,0.18162678175106978,False,True,True,34.0,selected
mean__detailed__clean__defrtg_std,detailed_efficiency,0.0,835,835,0.02207024017907369,0.09107006588893568,0.23076923076923078,1.0,0.09783712141507937,0.1815786765325591,False,False,False,,below_bounded_prescreen
diff__detailed__neutral__def_rtg_mean,detailed_efficiency,0.05269461077844311,791,791,-0.10453354453402403,0.11880177877245272,0.07692307692307693,1.0,0.16599781132827238,0.18147444460054857,False,False,False,,below_bounded_prescreen
diff__compact__half_pointsagainstmean_second,compact_performance,0.0,835,765,-0.04822143979570488,0.09189400255419633,0.23076923076923078,1.0,0.2587441859733285,0.1812911474652131,False,False,False,,below_bounded_prescreen
absdiff__schedule__owp,schedule_and_accomplishment,0.0,835,835,0.012718101823891537,0.10252983671321164,0.23076923076923078,1.0,0.1946926975840636,0.1811476730433121,False,False,False,,below_bounded_prescreen
diff__detailed__last10__pace_mean,detailed_efficiency,0.0,835,808,0.03203614031173485,0.14853324558017877,0.07692307692307693,1.0,0.23879577319731216,0.1810997701268673,False,False,False,,below_bounded_prescreen
absdiff__rating__elo_mov_538_preseason,dynamic_ratings,0.0,835,835,0.07259060593187187,0.07154270214388245,0.23076923076923078,1.0,0.15701707426710534,0.1809528242864681,False,False,False,,below_bounded_prescreen
absdiff__compact__close5_win_pct,compact_performance,0.026347305389221556,813,210,0.060597735490118015,0.07645256842925739,0.23076923076923078,1.0,0.10826672678016011,0.18051335807460228,False,False,False,,below_bounded_prescreen
mean__detailed__all__defrtg_std,detailed_efficiency,0.0,835,835,0.022071046794451987,0.0895160482865307,0.23076923076923078,1.0,0.11014966322686481,0.18034042386631652,False,False,False,,below_bounded_prescreen
absdiff__adj__net_rtg_a10p0_z,opponent_adjusted_efficiency,0.0,835,835,0.09891593249556407,0.11504774682890599,0.07692307692307693,1.0,0.22448146249800965,0.1803128574346709,False,True,True,35.0,selected
absdiff__norm__adj__net_rtg_a10p0__z,within_season_normalization,0.0,835,835,0.09891593249556407,0.11504774682890599,0.07692307692307693,1.0,0.22448146249800965,0.1803128574346709,False,False,False,,below_bounded_prescreen
mean__compact__margin_mad,compact_performance,0.0,835,42,-0.0014444312999535162,0.1014920777031042,0.23076923076923078,1.0,0.14578612441588448,0.18012560412992135,False,False,False,,below_bounded_prescreen
absdiff__norm__rating__elo_mov_538__pct,within_season_normalization,0.0,835,489,0.019853716970699556,0.15826165027648353,0.07692307692307693,1.0,0.3189573359619828,0.179882808735479,False,False,False,,below_bounded_prescreen
absdiff__rating__elo_mov_538_percentile,dynamic_ratings,0.0,835,489,0.019853716970699556,0.15826165027648353,0.07692307692307693,1.0,0.3189573359619828,0.179882808735479,False,False,False,,below_bounded_prescreen
absdiff__rating__elo_standard,dynamic_ratings,0.0,835,835,0.07374558252162898,0.06598748532663447,0.23076923076923078,1.0,0.12909372645964115,0.1796573489762342,False,False,False,,below_bounded_prescreen
absdiff__norm__rating__margin_ridge_a25p0__z,within_season_normalization,0.0,835,835,0.09851158232471735,0.11247154824274179,0.07692307692307693,1.0,0.21198510645832272,0.17948717931731328,False,False,False,,below_bounded_prescreen
absdiff__rating__margin_ridge_a25p0_z,global_strength_ratings,0.0,835,835,0.09851158232471735,0.11247154824274179,0.07692307692307693,1.0,0.21198510645832272,0.17948717931731328,False,False,False,,below_bounded_prescreen
absdiff__rating__elo_mov_log_preseason,dynamic_ratings,0.0,835,835,0.07280511614373045,0.0677429917879172,0.23076923076923078,1.0,0.1498053421963364,0.1794646248450444,False,False,False,,below_bounded_prescreen
mean__prior__program_championships,prior_program_history,0.0,835,8,0.11124614149269506,0.10405380642724638,0.07692307692307693,1.0,0.1946700718513128,0.17894086764711098,False,False,False,,below_bounded_prescreen
absdiff__adj__net_rtg_a50p0_z,opponent_adjusted_efficiency,0.0,835,835,0.11693944965871837,0.10300966351308989,0.07692307692307693,1.0,0.22677347109633217,0.1784080708750402,False,True,True,36.0,selected
absdiff__norm__adj__net_rtg_a50p0__z,within_season_normalization,0.0,835,835,0.11693944965871837,0.10300966351308989,0.07692307692307693,1.0,0.22677347109633217,0.1784080708750402,False,False,False,,below_bounded_prescreen
absdiff__rating__elo_season_reset_mov,dynamic_ratings,0.0,835,835,0.07705560915723411,0.12246613121486893,0.07692307692307693,1.0,0.24914332037031234,0.1780779364906084,False,False,False,,below_bounded_prescreen
absdiff__rating__elo_season_reset_mov_delta,dynamic_ratings,0.0,835,835,0.07705560915723411,0.12246613121486893,0.07692307692307693,1.0,0.24914332037031234,0.1780779364906084,False,False,False,,below_bounded_prescreen
absdiff__detailed__clean__offrtg_std,detailed_efficiency,0.0,835,835,0.023090205846684978,0.0862269587562664,0.23076923076923078,1.0,0.1373635560680875,0.177897320169632,False,False,False,,below_bounded_prescreen
diff__compact__day120plus_margin_mean,compact_performance,0.0,835,529,0.03836831489301497,0.13754341342533524,0.07692307692307693,1.0,0.22775501878711862,0.17765935927683177,False,False,False,,below_bounded_prescreen
absdiff__rating__elo_mov_log_percentile,dynamic_ratings,0.0,835,503,0.021084751722760673,0.15320692398967886,0.07692307692307693,1.0,0.3207774788052782,0.17765456204953442,False,False,False,,below_bounded_prescreen
absdiff__rating__pagerank_margin,global_strength_ratings,0.0,835,835,0.11768573287607703,0.09550182311463168,0.07692307692307693,1.0,0.16059154965398081,0.17761576664929324,False,False,False,,below_bounded_prescreen
absdiff__compact__last10_margin_std,compact_performance,0.0,835,835,0.045871867081012534,0.0791407214482586,0.23076923076923078,1.0,0.18489564187002838,0.17760660830126268,False,False,False,,below_bounded_prescreen
absdiff__rating__elo_standard_z,dynamic_ratings,0.0,835,835,0.0625850457855574,0.06598750159155715,0.23076923076923078,1.0,0.12909373950713515,0.1772020381795616,False,False,False,,below_bounded_prescreen
mean__detailed__all__tovpct_std,detailed_efficiency,0.0,835,834,0.053670765202319407,0.07209156341505611,0.23076923076923078,1.0,0.16144649719034848,0.17687673581920021,False,False,False,,below_bounded_prescreen
mean__detailed__clean__tovpct_std,detailed_efficiency,0.0,835,834,0.0544735186036038,0.06966504611314134,0.23076923076923078,1.0,0.15470077969473905,0.17615844196238803,False,False,False,,below_bounded_prescreen
absdiff__rating__elo_season_reset_mov_z,dynamic_ratings,0.0,835,835,0.06828511150183575,0.12246612816670012,0.07692307692307693,1.0,0.24914330792399791,0.17614842604115233,False,False,False,,below_bounded_prescreen
absdiff__compact__day90plus_win_pct,compact_performance,0.0,835,246,-0.017586594593650452,0.0853585137008623,0.23076923076923078,1.0,0.160957725781819,0.17532590527882116,False,False,False,,below_bounded_prescreen
absdiff__compact__rest_days_std,compact_performance,0.0,835,835,-0.028880516234854096,0.13609636829489086,0.07692307692307693,1.0,0.21666032788391715,0.17532124954555114,False,False,False,,below_bounded_prescreen
mean__detailed__away__games,detailed_efficiency,0.0,835,19,-0.011530397880169614,0.08589647013304086,0.23076923076923078,1.0,0.13715959867270114,0.17520368617366583,False,False,False,,below_bounded_prescreen
absdiff__compact__pythag_exp10p0,compact_performance,0.0,835,835,0.025216378223943747,0.080935933418498,0.23076923076923078,1.0,0.15490038555834013,0.17512391275088998,False,False,False,,below_bounded_prescreen
absdiff__detailed__clean__orbpct_std,detailed_efficiency,0.0,835,835,0.012239617733694646,0.08610499715603359,0.23076923076923078,1.0,0.15090785060917067,0.17490987743501904,False,False,False,,below_bounded_prescreen
absdiff__detailed__poss0p44__def_rtg_mean,detailed_efficiency,0.0,835,835,0.04432046611897991,0.12854042283374642,0.07692307692307693,1.0,0.2329253953703266,0.17444058199925314,False,False,False,,below_bounded_prescreen
absdiff__detailed__all__orbpct_std,detailed_efficiency,0.0,835,835,0.009399660314658003,0.08610499715603359,0.23076923076923078,1.0,0.15085436039774539,0.174287226411288,False,False,False,,below_bounded_prescreen
absdiff__detailed__poss0p475__def_rtg_mean,detailed_efficiency,0.0,835,835,0.04347382734745093,0.1292058762806397,0.07692307692307693,1.0,0.24028608118038952,0.174279311691623,False,False,False,,below_bounded_prescreen
diff__detailed__all__ftrate_median,detailed_efficiency,0.0,835,830,-0.016408794467078415,0.08649838070356282,0.23076923076923078,1.0,0.19562513570059717,0.17422722901552046,False,False,False,,below_bounded_prescreen
absdiff__norm__rating__bt_c1p0__pct,within_season_normalization,0.0,835,496,0.002416897089468688,0.15274444419856426,0.07692307692307693,1.0,0.29904503797181115,0.17419494136381383,False,False,False,,below_bounded_prescreen
absdiff__rating__bt_c1p0_percentile,global_strength_ratings,0.0,835,496,0.002416897089468688,0.15274444419856426,0.07692307692307693,1.0,0.29904503797181115,0.17419494136381383,False,False,False,,below_bounded_prescreen
absdiff__norm__rating__pagerank_margin__z,within_season_normalization,0.0,835,835,0.10048371862084673,0.09550181069664468,0.07692307692307693,1.0,0.16059154635767034,0.17383131768436122,False,False,False,,below_bounded_prescreen
absdiff__rating__pagerank_margin_z,global_strength_ratings,0.0,835,835,0.10048371862084673,0.09550181069664468,0.07692307692307693,1.0,0.16059154635767034,0.17383131768436122,False,False,False,,below_bounded_prescreen
absdiff__detailed__clean__def_rtg_ros,detailed_efficiency,0.0,835,835,0.042697336423589624,0.1286513628013857,0.07692307692307693,1.0,0.24431977822417927,0.17368096933658,False,False,False,,below_bounded_prescreen
absdiff__rating__margin_ridge_a5p0,global_strength_ratings,0.0,835,835,0.09967311690112575,0.10658387983135043,0.07692307692307693,1.0,0.29502762007566363,0.17359493554196165,False,False,False,,below_bounded_prescreen
diff__detailed__all__offrtg_std,detailed_efficiency,0.0,835,835,-0.03219717365588523,0.13641398999558427,0.07692307692307693,1.0,0.2837091719221877,0.17352141883298,False,False,False,,below_bounded_prescreen
diff__detailed__clean__offrtg_std,detailed_efficiency,0.0,835,835,-0.03273524720319748,0.13767103518678575,0.07692307692307693,1.0,0.3096859215471407,0.1732041067201673,False,False,False,,below_bounded_prescreen
absdiff__detailed__all__tov_pct_ros,detailed_efficiency,0.0,835,835,-0.006593847789606884,0.08824534534549396,0.23076923076923078,1.0,0.18842062043643582,0.17319466438517012,False,False,False,,below_bounded_prescreen
absdiff__detailed__all__def_rtg_ros,detailed_efficiency,0.0,835,835,0.044859428686331505,0.12666883907259888,0.07692307692307693,1.0,0.24461867307858742,0.1731930624503892,False,False,False,,below_bounded_prescreen
absdiff__detailed__clean__drb_pct_ros,detailed_efficiency,0.0,835,835,0.02511582643862835,0.13760799153160103,0.07692307692307693,1.0,0.2686065372045757,0.173140748571176,False,False,False,,below_bounded_prescreen
mean__conference__tourney_games,conference_context,0.017964071856287425,820,7,-0.039432984513068634,0.0735124991119075,0.23076923076923078,1.0,0.1626890511529497,0.17293964529504666,False,False,False,,below_bounded_prescreen
diff__detailed__clean__ftrate_median,detailed_efficiency,0.0,835,830,-0.015979971481040935,0.08443066547979902,0.23076923076923078,1.0,0.20126516578455933,0.1729147834478271,False,False,False,,below_bounded_prescreen
absdiff__compact__pythag_exp11p5,compact_performance,0.0,835,835,0.013458928962739794,0.08199881996795386,0.23076923076923078,1.0,0.1611874050666937,0.1727959786768298,False,False,False,,below_bounded_prescreen
absdiff__norm__schedule__rpi__pct,within_season_normalization,0.0,835,516,0.013756764450398503,0.1463201431653684,0.07692307692307693,1.0,0.32074741212865543,0.1727379527210106,False,False,False,,below_bounded_prescreen
absdiff__norm__schedule__quality_win_points_sum__pct,within_season_normalization,0.0,835,520,-0.01685131906484798,0.14087309963585865,0.07692307692307693,1.0,0.27470279806334685,0.17264595840463712,False,False,False,,below_bounded_prescreen
absdiff__detailed__all__efg_std,detailed_efficiency,0.0,835,835,0.011414971214126941,0.08095805153116295,0.23076923076923078,1.0,0.1472714156031275,0.17240337870101796,False,False,False,,below_bounded_prescreen
absdiff__detailed__clean__efg_std,detailed_efficiency,0.0,835,835,0.010008272547081715,0.08180951081515912,0.23076923076923078,1.0,0.14986745445613345,0.17239876389646597,False,False,False,,below_bounded_prescreen
absdiff__adj__def_rtg_a10p0,opponent_adjusted_efficiency,0.0,835,835,0.07690823004906007,0.10673793795787917,0.07692307692307693,1.0,0.20688668474339544,0.17218624574853172,False,True,True,37.0,selected
absdiff__detailed__all__drb_pct_ros,detailed_efficiency,0.0,835,835,0.025971921776583556,0.1345315919463462,0.07692307692307693,1.0,0.26237829634352755,0.1721015473790458,False,False,False,,below_bounded_prescreen
diff__detailed__clean__opptovpct_median,detailed_efficiency,0.0,835,835,0.032627989583501917,0.12540011686542082,0.07692307692307693,1.0,0.19654197633100012,0.17181622705822472,False,False,False,,below_bounded_prescreen
mean__schedule__opponent_strength_std,schedule_and_accomplishment,0.0,835,834,0.06371531300405252,0.11169786483934875,0.07692307692307693,1.0,0.21043969328042672,0.1715224485602542,False,False,False,,below_bounded_prescreen
absdiff__detailed__last20__efg_mean,detailed_efficiency,0.0,835,835,0.051028189844754365,0.11911145815499281,0.07692307692307693,1.0,0.23556300911946704,0.17128487362315617,False,False,False,,below_bounded_prescreen
absdiff__detailed__clean__tov_pct_ros,detailed_efficiency,0.0,835,835,-0.006038654399982229,0.08407508423135357,0.23076923076923078,1.0,0.18490550431942548,0.17121140114934572,False,False,False,,below_bounded_prescreen
mean__compact__home_games,compact_performance,0.00718562874251497,829,20,0.07026564017649208,0.05553744683567455,0.23076923076923078,1.0,0.1836207544726333,0.17111981176472246,False,False,False,,below_bounded_prescreen
diff__detailed__all__opptovpct_median,detailed_efficiency,0.0,835,835,0.03228925762497805,0.12330832911103067,0.07692307692307693,1.0,0.1900620402677626,0.17099684534777168,False,False,False,,below_bounded_prescreen
mean__detailed__home__games,detailed_efficiency,0.00718562874251497,829,20,0.07639967102463556,0.05553744683567455,0.23076923076923078,1.0,0.22613481360740711,0.17076873618592306,False,False,False,,below_bounded_prescreen
mean__compact__away_games,compact_performance,0.0,835,19,0.005071596805135455,0.07550847199520729,0.23076923076923078,1.0,0.09967220889707645,0.17029600642202317,False,False,False,,below_bounded_prescreen
mean__detailed__all__ftmaderate_median,detailed_efficiency,0.0,835,825,-0.060025701957042286,0.10711125371792894,0.07692307692307693,1.0,0.17177863121290385,0.17005560327433136,False,False,False,,below_bounded_prescreen
absdiff__detailed__last10__off_rtg_mean,detailed_efficiency,0.0,835,835,0.03284451737178646,0.12100171315914221,0.07692307692307693,1.0,0.2063230625884413,0.16936138594233596,False,False,False,,below_bounded_prescreen
mean__detailed__clean__ftmaderate_median,detailed_efficiency,0.0,835,826,-0.05818635407262677,0.10620043447611212,0.07692307692307693,1.0,0.17010433052388446,0.16928072553124862,False,False,False,,below_bounded_prescreen
diff__detailed__all__ftmaderate_median,detailed_efficiency,0.0,835,829,-2.858339682691988e-05,0.07790334250720346,0.23076923076923078,1.0,0.1283799832960063,0.16918777034199625,False,False,False,,below_bounded_prescreen
mean__detailed__clean__ftmaderate_mean,detailed_efficiency,0.0,835,835,-0.052973148836587436,0.11154151450683353,0.07692307692307693,1.0,0.21209900180163038,0.1690177519429564,False,False,False,,below_bounded_prescreen
diff__conference__tourney_games,conference_context,0.017964071856287425,820,7,-0.01707996858662732,0.07469442663021413,0.23076923076923078,1.0,0.1527648086425594,0.16898627670043234,False,False,False,,below_bounded_prescreen
absdiff__norm__rating__colley__pct,within_season_normalization,0.0,835,513,0.0010257592367982574,0.14152702326226746,0.07692307692307693,1.0,0.2898814568440119,0.16887107223191583,False,False,False,,below_bounded_prescreen
absdiff__rating__colley_percentile,global_strength_ratings,0.0,835,513,0.0010257592367982574,0.14152702326226746,0.07692307692307693,1.0,0.2898814568440119,0.16887107223191583,False,False,False,,below_bounded_prescreen
absdiff__schedule__top_decile_games,schedule_and_accomplishment,0.0,835,17,0.023473409667141426,0.12995706488853392,0.07692307692307693,1.0,0.27913941423928157,0.16868565701138846,False,False,False,,below_bounded_prescreen
diff__detailed__clean__ftmaderate_median,detailed_efficiency,0.0,835,830,0.0025074103246813025,0.07539852351723969,0.23076923076923078,1.0,0.1255922710746349,0.16864230763979646,False,False,False,,below_bounded_prescreen
absdiff__detailed__neutral__pace_mean,detailed_efficiency,0.05269461077844311,791,778,0.011351030364824781,0.08418267040464883,0.23076923076923078,1.0,0.18031857683069935,0.1683996734620664,False,False,False,,below_bounded_prescreen
absdiff__norm__compact__win_pct__pct,within_season_normalization,0.0,835,610,-0.012546505001174761,0.13168490163923374,0.07692307692307693,1.0,0.24778869402940218,0.16836512843360685,False,False,False,,below_bounded_prescreen
mean__geography__city_coverage,geography_and_schedule_dispersion,0.0,835,23,0.06807402584986567,0.0,0.3333333333333333,1.0,0.0,0.16830961902030378,False,False,False,,below_bounded_prescreen
absdiff__rating__margin_ridge_a5p0_z,global_strength_ratings,0.0,835,835,0.0754702560711732,0.10658386007053078,0.07692307692307693,1.0,0.2950276113932624,0.1682702970214747,False,False,False,,below_bounded_prescreen
absdiff__compact__margin_iqr,compact_performance,0.0,835,69,0.04706220366695652,0.11217334171670722,0.07692307692307693,1.0,0.20746475112901025,0.1682059910932818,False,False,False,,below_bounded_prescreen
mean__detailed__all__ftmaderate_mean,detailed_efficiency,0.0,835,835,-0.052669276146781054,0.10987263268038017,0.07692307692307693,1.0,0.2113739045361957,0.16817884056511878,False,False,False,,below_bounded_prescreen
diff__geography__neutral_games_with_city,geography_and_schedule_dispersion,0.0,835,22,0.0909182851028161,0.0,0.3333333333333333,1.0,0.13076152670861782,0.16810489498760817,False,False,False,,below_bounded_prescreen
diff__detailed__all__opptovpct_mean,detailed_efficiency,0.0,835,835,0.05414911642038562,0.10472305199256855,0.07692307692307693,1.0,0.1628891643178139,0.1679719963038975,False,False,False,,below_bounded_prescreen
mean__compact__rest_days_mean,compact_performance,0.0,835,594,-0.0006634903527857322,0.13862645112092536,0.07692307692307693,1.0,0.27614972642425256,0.16794836766637924,False,False,False,,below_bounded_prescreen
diff__compact__last5_win_pct,compact_performance,0.0,835,9,-0.01508660987071587,0.06587554920962457,0.23076923076923078,1.0,0.1115306262369978,0.1674011696657743,False,False,False,,below_bounded_prescreen
absdiff__compact__last20_win_pct,compact_performance,0.0,835,11,-0.02110050849580276,0.06448953275120185,0.23076923076923078,1.0,0.14064541367560524,0.16689434796570624,False,False,False,,below_bounded_prescreen
absdiff__rating__elo_standard_percentile,dynamic_ratings,0.0,835,506,0.008906386743961,0.1286302358000752,0.07692307692307693,1.0,0.23108825541800707,0.16676608035867954,False,False,False,,below_bounded_prescreen
mean__detailed__clean__ftmade_rate_ros,detailed_efficiency,0.0,835,835,-0.051423005628326725,0.10676983336372639,0.07692307692307693,1.0,0.20658183635105642,0.16660700010647062,False,False,False,,below_bounded_prescreen
absdiff__detailed__last10__def_rtg_mean,detailed_efficiency,0.0,835,835,-0.016799434471251838,0.12350140990149146,0.07692307692307693,1.0,0.2183226472050308,0.16655133875588238,False,False,False,,below_bounded_prescreen
absdiff__compact__last5_margin_median,compact_performance,0.0,835,35,0.015832032269860113,0.1251634759056297,0.07692307692307693,1.0,0.23538808853402732,0.1664536843004027,False,False,False,,below_bounded_prescreen
absdiff__adj__def_rtg_a50p0,opponent_adjusted_efficiency,0.0,835,835,0.06441553876592167,0.09822622019947816,0.07692307692307693,1.0,0.1867367174601819,0.16615822783353731,False,False,False,,below_bounded_prescreen
diff__detailed__clean__drbpct_mean,detailed_efficiency,0.0,835,835,0.10030476127338774,0.08245586226950963,0.07692307692307693,1.0,0.19652214204106486,0.16609266799555963,False,False,False,,below_bounded_prescreen
diff__detailed__clean__opptovpct_mean,detailed_efficiency,0.0,835,835,0.05335175481349615,0.10136830078389475,0.07692307692307693,1.0,0.16535207710487013,0.1660877796587361,False,False,False,,below_bounded_prescreen
mean__detailed__all__ftmade_rate_ros,detailed_efficiency,0.0,835,835,-0.05111147866720271,0.10564616673808729,0.07692307692307693,1.0,0.20637082674498097,0.16600754457895955,False,False,False,,below_bounded_prescreen
diff__detailed__clean__defrtg_std,detailed_efficiency,0.0,835,835,0.06736043236803843,0.04221896954973068,0.23076923076923078,1.0,0.16907557646796972,0.16524445436919732,False,False,False,,below_bounded_prescreen
absdiff__compact__half_delta_marginmean,compact_performance,0.0,835,813,0.006733202102084801,0.06566377214301695,0.23076923076923078,1.0,0.11716020536656994,0.16523658379952094,False,False,False,,below_bounded_prescreen
absdiff__compact__home_win_pct,compact_performance,0.00718562874251497,829,289,0.03029714698612106,0.11657160506830155,0.07692307692307693,1.0,0.22805586274370132,0.16523035026827446,False,False,False,,below_bounded_prescreen
absdiff__detailed__last10__net_rtg_mean,detailed_efficiency,0.0,835,835,0.02242293884646739,0.05956649518528011,0.23076923076923078,1.0,0.13337056776682576,0.16511321844756116,False,False,False,,below_bounded_prescreen
absdiff__schedule__quality_win_points_sum,schedule_and_accomplishment,0.0,835,834,0.033817859624331634,0.11005041430535335,0.07692307692307693,1.0,0.18836723009088313,0.16503713108797957,False,False,False,,below_bounded_prescreen
absdiff__compact__last5_win_pct,compact_performance,0.0,835,5,-0.0063131456081183465,0.06538832557450644,0.23076923076923078,1.0,0.12106823274115072,0.16485563592298003,False,False,False,,below_bounded_prescreen
absdiff__detailed__last20__def_rtg_mean,detailed_efficiency,0.0,835,835,0.02503349669057103,0.054787912765790266,0.23076923076923078,1.0,0.09772271239766808,0.16481973582667517,False,False,False,,below_bounded_prescreen
absdiff__detailed__all__opp_ftmade_rate_ros,detailed_efficiency,0.0,835,835,0.05246416815067119,0.09796113441655233,0.07692307692307693,1.0,0.1593456578312851,0.1644973275075337,False,False,False,,below_bounded_prescreen
absdiff__detailed__last5__pace_mean,detailed_efficiency,0.0,835,749,-0.015441145644085804,0.12146472751064855,0.07692307692307693,1.0,0.23997424804432899,0.16440884363272934,False,False,False,,below_bounded_prescreen
absdiff__compact__close3_win_pct,compact_performance,0.081437125748503,767,90,0.01065591293015729,0.07825976378513044,0.23076923076923078,1.0,0.1487755119595937,0.16436607384631016,False,False,False,,below_bounded_prescreen
absdiff__detailed__last20__off_rtg_mean,detailed_efficiency,0.0,835,835,0.07158347782152738,0.09322376560273432,0.07692307692307693,1.0,0.2198946119848122,0.16400768043834832,False,False,False,,below_bounded_prescreen
absdiff__norm__schedule__quality_win_points_sum__z,within_season_normalization,0.0,835,834,0.028808990722566128,0.11005041153931602,0.07692307692307693,1.0,0.1883672191156167,0.16393517904090385,False,False,False,,below_bounded_prescreen
mean__compact__days_since_last_game,compact_performance,0.0,835,19,0.038104708711066027,0.10641428783910592,0.07692307692307693,1.0,0.1990678132470351,0.16380687385701628,False,False,False,,below_bounded_prescreen
absdiff__detailed__all__oppftmaderate_mean,detailed_efficiency,0.0,835,835,0.052457886780795854,0.09697382354642689,0.07692307692307693,1.0,0.1691923615050936,0.16362816824154855,False,False,False,,below_bounded_prescreen
absdiff__norm__rating__pagerank_margin__pct,within_season_normalization,0.0,835,571,-0.011728521459455857,0.11932725193968743,0.07692307692307693,1.0,0.22515366954309723,0.16315890117809867,False,False,False,,below_bounded_prescreen
absdiff__rating__pagerank_margin_percentile,global_strength_ratings,0.0,835,571,-0.011728521459455857,0.11932725193968743,0.07692307692307693,1.0,0.22515366954309723,0.16315890117809867,False,False,False,,below_bounded_prescreen
mean__detailed__home__pace_mean,detailed_efficiency,0.00718562874251497,829,829,-0.003279211261076942,0.06848177498508126,0.23076923076923078,1.0,0.17030637627473466,0.1631286500429623,False,False,False,,below_bounded_prescreen
absdiff__rating__margin_ridge_a5p0_percentile,global_strength_ratings,0.0,835,532,0.007329440282041713,0.12038085826750977,0.07692307692307693,1.0,0.22318121588646198,0.1627757325026877,False,False,False,,below_bounded_prescreen
absdiff__detailed__ewm_h10__oppefg,detailed_efficiency,0.0,835,835,0.013311010060985945,0.1133635539323138,0.07692307692307693,1.0,0.18627207198120802,0.1621997375293715,False,False,False,,below_bounded_prescreen
absdiff__detailed__last5__net_rtg_mean,detailed_efficiency,0.0,835,835,0.027318033409848806,0.10566527655151797,0.07692307692307693,1.0,0.1782610985926699,0.1619065484588809,False,False,False,,below_bounded_prescreen
absdiff__rating__colley,global_strength_ratings,0.0,835,835,0.0381844279722362,0.10977748169163844,0.07692307692307693,1.0,0.28743645142640495,0.16190399961651453,False,False,False,,below_bounded_prescreen
absdiff__compact__last10_margin_mean,compact_performance,0.0,835,172,0.021189152533635187,0.04886256376397811,0.23076923076923078,1.0,0.08055836988855716,0.16181638629164388,False,False,False,,below_bounded_prescreen
diff__detailed__all__defrtg_std,detailed_efficiency,0.0,835,835,0.06688264003560782,0.035017905045882855,0.23076923076923078,1.0,0.16837411517029308,0.1617108875461227,False,False,False,,below_bounded_prescreen
absdiff__detailed__last5__off_rtg_mean,detailed_efficiency,0.0,835,835,-0.0018291223499074505,0.061621226784264155,0.23076923076923078,1.0,0.13027161908633145,0.1616928079330501,False,False,False,,below_bounded_prescreen
mean__detailed__neutral__pace_mean,detailed_efficiency,0.05269461077844311,791,782,0.027290740828525888,0.05488114928161232,0.23076923076923078,1.0,0.088154095371915,0.16152825888337446,False,False,False,,below_bounded_prescreen
absdiff__detailed__clean__ftmaderate_median,detailed_efficiency,0.0,835,824,0.004117306508675744,0.0579943025205123,0.23076923076923078,1.0,0.11298855025783569,0.16114660755451807,False,False,False,,below_bounded_prescreen
absdiff__detailed__clean__opp_ftmade_rate_ros,detailed_efficiency,0.0,835,835,0.05325849049163696,0.09057940601612317,0.07692307692307693,1.0,0.16187618187431224,0.16102762782861907,False,False,False,,below_bounded_prescreen
diff__quality__HasCompleteDetailedCoverage,detailed_efficiency,0.0,835,3,-0.033804518360872934,0.0,0.3333333333333333,1.0,0.0,0.1607703273727254,False,False,False,,below_bounded_prescreen
absdiff__norm__rating__colley__z,within_season_normalization,0.0,835,835,0.032408741853855366,0.10977747326877588,0.07692307692307693,1.0,0.2874364798786907,0.16063334348940528,False,False,False,,below_bounded_prescreen
absdiff__rating__colley_z,global_strength_ratings,0.0,835,835,0.032408741853855366,0.10977747326877588,0.07692307692307693,1.0,0.2874364798786907,0.16063334348940528,False,False,False,,below_bounded_prescreen
absdiff__compact__neutral_margin_mean,compact_performance,0.05269461077844311,791,491,0.05395554020216248,0.10106818086213472,0.07692307692307693,1.0,0.21044803160224704,0.16005714783962738,False,False,False,,below_bounded_prescreen
absdiff__conference__tourney_win_pct,conference_context,0.017964071856287425,820,9,-0.005585304233878934,0.1185339665672982,0.07692307692307693,1.0,0.2276783870359929,0.1598885019615061,False,False,False,,below_bounded_prescreen
mean__detailed__clean__orbpct_std,detailed_efficiency,0.0,835,835,-0.037274478956040656,0.09986974776861297,0.07692307692307693,1.0,0.21480039176046054,0.15985354093653706,False,False,False,,below_bounded_prescreen
absdiff__detailed__clean__oppftmaderate_mean,detailed_efficiency,0.0,835,835,0.053207503867603895,0.08901014574830236,0.07692307692307693,1.0,0.17220803091072429,0.15984989188132134,False,False,False,,below_bounded_prescreen
seedprior__favorite_prob_pc2p0,prequential_seed_priors,0.0,835,332,0.023332376996209277,0.10521653655308176,0.07692307692307693,1.0,0.20403192739087728,0.15978347569670254,False,True,False,,correlation_pruned_or_cap
absdiff__compact__win_pct,compact_performance,0.0,835,581,0.0345364695123042,0.09697281315738006,0.07692307692307693,1.0,0.17341852927966017,0.15951592474475526,False,False,False,,below_bounded_prescreen
absdiff__schedule__wp,schedule_and_accomplishment,0.0,835,581,0.0345364695123042,0.09697281315738006,0.07692307692307693,1.0,0.17341852927966017,0.15951592474475526,False,False,False,,below_bounded_prescreen
absdiff__detailed__all__ftmade_rate_ros,detailed_efficiency,0.0,835,835,0.007862519188736034,0.05139526504384987,0.23076923076923078,1.0,0.09706174379657302,0.15944008861378386,False,False,False,,below_bounded_prescreen
mean__detailed__all__orbpct_std,detailed_efficiency,0.0,835,835,-0.03758690549793067,0.09878704878340736,0.07692307692307693,1.0,0.21921891177730382,0.15922583846218044,False,False,False,,below_bounded_prescreen
diff__detailed__all__ftmade_rate_ros,detailed_efficiency,0.0,835,835,0.001608437424765285,0.11250162689478045,0.07692307692307693,1.0,0.19467818173061877,0.15887520218141055,False,False,False,,below_bounded_prescreen
diff__compact__close3_win_pct,compact_performance,0.081437125748503,767,139,0.04003776482799552,0.10895032982859663,0.07692307692307693,1.0,0.20077784401501292,0.15886607506709696,False,False,False,,below_bounded_prescreen
diff__geography__city_coverage,geography_and_schedule_dispersion,0.0,835,30,0.023623462675869497,0.0,0.3333333333333333,1.0,0.0,0.15853049512202463,False,False,False,,below_bounded_prescreen
absdiff__detailed__all__ftmaderate_median,detailed_efficiency,0.0,835,824,0.005048980332379941,0.051017911079851055,0.23076923076923078,1.0,0.10162394116280576,0.15845749226801678,False,False,False,,below_bounded_prescreen
absdiff__norm__compact__win_pct__z,within_season_normalization,0.0,835,745,0.029137361237337848,0.09697281137167285,0.07692307692307693,1.0,0.17341853886285036,0.1583281196837956,False,False,False,,below_bounded_prescreen
absdiff__detailed__away__def_rtg_mean,detailed_efficiency,0.0,835,835,0.05321670123011114,0.08514077198801219,0.07692307692307693,1.0,0.1832291015863508,0.15755377306910856,False,False,False,,below_bounded_prescreen
absdiff__detailed__last10__efg_mean,detailed_efficiency,0.0,835,835,0.02509082398192967,0.09860366364633134,0.07692307692307693,1.0,0.1930156003945608,0.15743680811817345,False,False,False,,below_bounded_prescreen
mean__compact__day110plus_games,compact_performance,0.0,835,10,-0.050498584172475464,0.07983099230582794,0.07692307692307693,1.0,0.11443215400993097,0.1571589709720371,False,False,False,,below_bounded_prescreen
seedprior__favorite_prob_pc8p0,prequential_seed_priors,0.0,835,332,0.019027683284622073,0.1008116030934907,0.07692307692307693,1.0,0.20263113065559582,0.15677810688896088,False,True,False,,correlation_pruned_or_cap
absdiff__schedule__quality_win_points_mean,schedule_and_accomplishment,0.0,835,835,0.02646630107764093,0.09582998239371858,0.07692307692307693,1.0,0.1864801804879347,0.15666946287424086,False,False,False,,below_bounded_prescreen
seedprior__exact_pair_games,prequential_seed_priors,0.0,835,72,-0.049032625146598,0.08373594491998072,0.07692307692307693,1.0,0.16693188522376837,0.15661084799258387,False,True,False,,correlation_pruned_or_cap
diff__detailed__last10__def_rtg_mean,detailed_efficiency,0.0,835,835,-0.03320911878521103,0.09418839033851077,0.07692307692307693,1.0,0.20980788623615598,0.15643181035347767,False,False,False,,below_bounded_prescreen
absdiff__detailed__clean__ftmade_rate_ros,detailed_efficiency,0.0,835,835,0.007818315699487093,0.04303397554481033,0.23076923076923078,1.0,0.08383801862962001,0.15594589389328825,False,False,False,,below_bounded_prescreen
diff__quality__DetailedCoverageRate,detailed_efficiency,0.0,835,29,0.01166672735232395,0.0,0.3333333333333333,1.0,0.0,0.1559000133508446,False,False,False,,below_bounded_prescreen
diff__detailed__ewm_h5__defrtg,detailed_efficiency,0.0,835,835,-0.0895565778532812,0.07214773626490392,0.07692307692307693,1.0,0.2727228706558256,0.15573213801633504,False,False,False,,below_bounded_prescreen
absdiff__detailed__last20__tov_pct_mean,detailed_efficiency,0.0,835,835,0.015617001499210196,0.09957125356026078,0.07692307692307693,1.0,0.19798728524922843,0.15561814293647458,False,False,False,,below_bounded_prescreen
absdiff__detailed__ewm_h5__efg,detailed_efficiency,0.0,835,835,0.03376824716186226,0.09078629748460558,0.07692307692307693,1.0,0.19327475612786932,0.1555831392307979,False,False,False,,below_bounded_prescreen
mean__compact__home_margin_std,compact_performance,0.00718562874251497,829,829,0.03586872673594049,0.0890025823932503,0.07692307692307693,1.0,0.17175443584229558,0.15547502400526636,False,False,False,,below_bounded_prescreen
absdiff__rating__elo_mov_log_delta,dynamic_ratings,0.0,835,835,-0.005917175864146685,0.04320720303692388,0.23076923076923078,1.0,0.0982513682738573,0.15503425833995838,False,False,False,,below_bounded_prescreen
diff__quality__MissingDetailedGames,detailed_efficiency,0.0,835,7,-0.006504116351938895,0.0,0.3333333333333333,1.0,0.0,0.15476423893075988,False,False,False,,below_bounded_prescreen
absdiff__geography__city_coverage,geography_and_schedule_dispersion,0.0,835,22,0.0028793479625118033,0.0,0.3333333333333333,1.0,0.0,0.15396678988508594,False,False,False,,below_bounded_prescreen
mean__detailed__away__pace_mean,detailed_efficiency,0.0,835,834,-0.0077733869294665005,0.10005655684041831,0.07692307692307693,1.0,0.21072168115354187,0.15361611746943407,False,False,False,,below_bounded_prescreen
absdiff__adj__net_rtg_a50p0_percentile,opponent_adjusted_efficiency,0.0,835,481,0.013704482991337882,0.0946813388716939,0.07692307692307693,1.0,0.1822176132342898,0.15348101669482814,False,False,False,,below_bounded_prescreen
absdiff__norm__adj__net_rtg_a50p0__pct,within_season_normalization,0.0,835,481,0.013704482991337882,0.0946813388716939,0.07692307692307693,1.0,0.1822176132342898,0.15348101669482814,False,False,False,,below_bounded_prescreen
absdiff__detailed__last5__def_rtg_mean,detailed_efficiency,0.0,835,835,-0.00836196470621434,0.09495941986146399,0.07692307692307693,1.0,0.15723473278389893,0.15343845676520623,False,False,False,,below_bounded_prescreen
absdiff__compact__last5_margin_std,compact_performance,0.0,835,834,-0.015869392705989933,0.09084137258271961,0.07692307692307693,1.0,0.16058564300330708,0.15297939182258324,False,False,False,,below_bounded_prescreen
absdiff__compact__day110plus_margin_mean,compact_performance,0.0,835,608,0.015844138719171823,0.09093559595043568,0.07692307692307693,1.0,0.1680166807899991,0.15272182165051926,False,False,False,,below_bounded_prescreen
absdiff__compact__pythag_residual_exp11p5,compact_performance,0.0,835,835,0.01586245486592102,0.08769706760319441,0.07692307692307693,1.0,0.13481769935117519,0.15249931685368126,False,False,False,,below_bounded_prescreen
absdiff__compact__pythag_exp8p0,compact_performance,0.0,835,835,0.045353207152389594,0.07526103267585267,0.07692307692307693,1.0,0.14844551105928597,0.1524728731232559,False,False,False,,below_bounded_prescreen
absdiff__rating__elo_mov_538_delta,dynamic_ratings,0.0,835,835,-0.006171424446672347,0.03747953952464005,0.23076923076923078,1.0,0.09643369238327996,0.15241362157784089,False,False,False,,below_bounded_prescreen
diff__detailed__ewm_h20__ftrate,detailed_efficiency,0.0,835,835,0.016000252598378215,0.0872264504470928,0.07692307692307693,1.0,0.13321604806818166,0.1523678021712128,False,False,False,,below_bounded_prescreen
absdiff__norm__detailed__all__net_rtg_ros__pct,within_season_normalization,0.0,835,518,0.0011088614842767292,0.0983124803031539,0.07692307692307693,1.0,0.18811118453577563,0.15221718499831605,False,False,False,,below_bounded_prescreen
absdiff__norm__detailed__clean__net_rtg_ros__pct,within_season_normalization,0.0,835,520,0.002186066319532762,0.09841545033987228,0.07692307692307693,1.0,0.19678201648241966,0.15215676240183143,False,False,False,,below_bounded_prescreen
mean__detailed__last5__pace_mean,detailed_efficiency,0.0,835,798,0.017571966405343788,0.08602472513241564,0.07692307692307693,1.0,0.14658638414318279,0.15160193761470014,False,False,False,,below_bounded_prescreen
diff__detailed__last5__opp_efg_mean,detailed_efficiency,0.0,835,835,-0.038398370803470895,0.0720053509213993,0.07692307692307693,1.0,0.0962883314790494,0.1514663690675656,False,False,False,,below_bounded_prescreen
mean__detailed__all__ftrate_std,detailed_efficiency,0.0,835,835,-0.03477158105266164,0.07686534575612064,0.07692307692307693,1.0,0.1361815486687175,0.1514055441554671,False,False,False,,below_bounded_prescreen
mean__detailed__clean__ftrate_std,detailed_efficiency,0.0,835,835,-0.033378922538828945,0.078169811536384,0.07692307692307693,1.0,0.14613923040931187,0.15132699558732654,False,False,False,,below_bounded_prescreen
seedprior__generic_gender_games,prequential_seed_priors,0.0,835,14,-0.04778184447305364,0.07056032194083951,0.07692307692307693,1.0,0.13439314390101745,0.15131292686732636,False,True,False,,correlation_pruned_or_cap
absdiff__norm__compact__margin_mean__pct,within_season_normalization,0.0,835,560,0.0014413230521805468,0.09488701882601137,0.07692307692307693,1.0,0.17243349052106854,0.15127321279481476,False,False,False,,below_bounded_prescreen
absdiff__norm__compact__margin_trim02__pct,within_season_normalization,0.0,835,560,0.0014413230521805468,0.09488701882601137,0.07692307692307693,1.0,0.17243349052106854,0.15127321279481476,False,False,False,,below_bounded_prescreen
absdiff__detailed__neutral__off_rtg_mean,detailed_efficiency,0.05269461077844311,791,791,0.002031991320036654,0.10650023280715495,0.07692307692307693,1.0,0.21244056831672098,0.1511616505505905,False,False,False,,below_bounded_prescreen
absdiff__compact__pythag_exp13p91,compact_performance,0.0,835,835,-0.00039322036318414065,0.09486876130771531,0.07692307692307693,1.0,0.17224663754559355,0.15104134071347242,False,False,False,,below_bounded_prescreen
absdiff__detailed__all__oppefg_median,detailed_efficiency,0.0,835,829,0.007319135095030541,0.09510391413718731,0.07692307692307693,1.0,0.21500427818316287,0.15096760968712242,False,False,False,,below_bounded_prescreen
absdiff__detailed__clean__oppefg_median,detailed_efficiency,0.0,835,830,0.004351931128996,0.0967791439757821,0.07692307692307693,1.0,0.22513750749767938,0.15071360596453967,False,False,False,,below_bounded_prescreen
absdiff__compact__pythag_residual_exp10p0,compact_performance,0.0,835,835,0.018014357057483065,0.08127606164428124,0.07692307692307693,1.0,0.12012070601681493,0.150478532208921,False,False,False,,below_bounded_prescreen
mean__detailed__last10__pace_mean,detailed_efficiency,0.0,835,821,-0.006577493893915625,0.09155830020800466,0.07692307692307693,1.0,0.18680248824486936,0.15023062553440122,False,False,False,,below_bounded_prescreen
absdiff__detailed__last10__pace_mean,detailed_efficiency,0.0,835,780,-0.038584725556771775,0.07124207865195469,0.07692307692307693,1.0,0.1315997125528729,0.14972854118100545,False,False,False,,below_bounded_prescreen
mean__compact__last5_margin_std,compact_performance,0.0,835,834,0.00614570801672511,0.0876436982332663,0.07692307692307693,1.0,0.16233638799274622,0.14923526770362983,False,False,False,,below_bounded_prescreen
absdiff__schedule__opponent_strength_std,schedule_and_accomplishment,0.0,835,835,0.013632663039019567,0.07846224713186255,0.07692307692307693,1.0,0.1225273638875273,0.14806766224406956,False,False,False,,below_bounded_prescreen
mean__compact__margin_std,compact_performance,0.0,835,835,0.01642587453120441,0.08045782804524582,0.07692307692307693,1.0,0.17724196778001794,0.14745146345507457,False,False,False,,below_bounded_prescreen
absdiff__detailed__last10__opp_efg_mean,detailed_efficiency,0.0,835,835,0.03396065956287848,0.07280985479383285,0.07692307692307693,1.0,0.18465666862114596,0.14734150096771953,False,False,False,,below_bounded_prescreen
interaction__combined_margin_volatility,matchup_interactions,0.0,835,835,0.019235081633745477,0.07865855654965348,0.07692307692307693,1.0,0.17508051892707466,0.147292296653867,False,True,False,,correlation_pruned_or_cap
absdiff__compact__away_margin_std,compact_performance,0.0,835,835,0.027496120671162527,0.06710212226830566,0.07692307692307693,1.0,0.09550173672359437,0.146745788075191,False,False,False,,below_bounded_prescreen
absdiff__schedule__oowp,schedule_and_accomplishment,0.0,835,835,0.0015138459725788024,0.08146860259079083,0.07692307692307693,1.0,0.13477468487964667,0.14635468027005338,False,False,False,,below_bounded_prescreen
absdiff__compact__away_win_pct,compact_performance,0.0,835,375,0.00638156053216328,0.0757771629559888,0.07692307692307693,1.0,0.09935237285538166,0.14611057892942758,False,False,False,,below_bounded_prescreen
absdiff__seed__number,selection_committee_prior,0.0,835,15,0.001959668972590132,0.08081133464620227,0.07692307692307693,1.0,0.15106019760827633,0.14548585220750818,False,True,False,,correlation_pruned_or_cap
matchup__seed_gap_abs,matchup_context,0.0,835,15,0.001959668972590132,0.08081133464620227,0.07692307692307693,1.0,0.15106019760827633,0.14548585220750818,False,True,True,22.0,selected
mean__detailed__clean__pace_ros,detailed_efficiency,0.0,835,834,-0.0012739839796838941,0.07983293659658604,0.07692307692307693,1.0,0.14510687272451694,0.1451035034406034,False,False,False,,below_bounded_prescreen
interaction__pace_mean,matchup_interactions,0.0,835,834,-0.001292244508804153,0.0794783495775391,0.07692307692307693,1.0,0.1455082524621324,0.1449212637983627,False,True,False,,correlation_pruned_or_cap
mean__detailed__all__pace_ros,detailed_efficiency,0.0,835,834,-0.001292244508804153,0.0794783495775391,0.07692307692307693,1.0,0.1455082524621324,0.1449212637983627,False,False,False,,below_bounded_prescreen
absdiff__compact__last5_margin_mean,compact_performance,0.0,835,117,0.02418100863279502,0.06751015151069635,0.07692307692307693,1.0,0.13127907677000367,0.14478122386124131,False,False,False,,below_bounded_prescreen
absdiff__compact__last10_win_pct,compact_performance,0.0,835,8,-0.015133728973836507,0.06623676879174656,0.07692307692307693,1.0,0.11083491591545178,0.14299736506535662,False,False,False,,below_bounded_prescreen
seedprior__pooled_pair_games,prequential_seed_priors,0.033532934131736525,807,94,-0.008974012451733578,0.07935340002358066,0.07692307692307693,1.0,0.16865404313886972,0.14294281060229871,False,True,False,,correlation_pruned_or_cap
absdiff__compact__pythag_residual_exp13p91,compact_performance,0.0,835,835,0.01083739605538552,0.07302513990041919,0.07692307692307693,1.0,0.1754377957256426,0.1427264747630526,False,False,False,,below_bounded_prescreen
absdiff__detailed__all__netrtg_std,detailed_efficiency,0.0,835,835,0.03610135210312239,0.05458172006327542,0.07692307692307693,1.0,0.10133691841161653,0.1423957386642868,False,False,False,,below_bounded_prescreen
absdiff__compact__margin_std,compact_performance,0.0,835,835,0.03556997415443036,0.05423959196931657,0.07692307692307693,1.0,0.09681975034021753,0.14229530075333022,False,False,False,,below_bounded_prescreen
seedprior__gap_games,prequential_seed_priors,0.0,835,100,-0.019622566017215206,0.06132326731817184,0.07692307692307693,1.0,0.09437814480038942,0.14228469935218654,False,False,False,,below_bounded_prescreen
absdiff__detailed__all__ftrate_std,detailed_efficiency,0.0,835,835,-0.012496171156425394,0.06699223483387566,0.07692307692307693,1.0,0.13735859620205032,0.14171877883428421,False,False,False,,below_bounded_prescreen
absdiff__detailed__clean__netrtg_std,detailed_efficiency,0.0,835,835,0.034992168259053075,0.0527827528295747,0.07692307692307693,1.0,0.09447716747277655,0.1415626039839688,False,False,False,,below_bounded_prescreen
absdiff__detailed__clean__ftrate_std,detailed_efficiency,0.0,835,835,-0.0065891096287178565,0.06882236005355083,0.07692307692307693,1.0,0.1324169417171055,0.14149535158303042,False,False,False,,below_bounded_prescreen
matchup__equal_seed,matchup_context,0.0,835,2,0.0011150134956846352,0.07056032194083967,0.07692307692307693,1.0,0.1343931439010176,0.14104622405230527,False,True,True,23.0,selected
absdiff__compact__neutral_margin_std,compact_performance,0.1281437125748503,728,726,0.013275858888082259,0.08781717166713625,0.07692307692307693,1.0,0.17038528775024675,0.14031371514729793,False,False,False,,below_bounded_prescreen
diff__detailed__away__pace_mean,detailed_efficiency,0.0,835,835,-0.002768476235182561,0.06985056495276863,0.07692307692307693,1.0,0.1613121176310639,0.13999254355151886,False,False,False,,below_bounded_prescreen
mean__compact__neutral_margin_std,compact_performance,0.1281437125748503,728,726,0.013888913578207257,0.08497947557911335,0.07692307692307693,1.0,0.14776341671370968,0.13999136789833594,False,False,False,,below_bounded_prescreen
absdiff__compact__margin_slope,compact_performance,0.0,835,834,0.030289334590277522,0.04872356154377645,0.07692307692307693,1.0,0.0933128979173079,0.13862613954187375,False,False,False,,below_bounded_prescreen
absdiff__detailed__home__def_rtg_mean,detailed_efficiency,0.00718562874251497,829,829,0.01112683442950561,0.058284384337995,0.07692307692307693,1.0,0.09038208848016815,0.13854196652581321,False,False,False,,below_bounded_prescreen
seedprior__pooled_gap_games,prequential_seed_priors,0.033532934131736525,807,91,0.010701199849819808,0.06138882545873155,0.07692307692307693,1.0,0.09465554080964536,0.1376597361319191,False,False,False,,below_bounded_prescreen
absdiff__detailed__last5__efg_mean,detailed_efficiency,0.0,835,834,0.02222011413483945,0.05009445191474274,0.07692307692307693,1.0,0.09337067500407849,0.13750662733627037,False,False,False,,below_bounded_prescreen
mean__compact__rest_days_std,compact_performance,0.0,835,835,-0.014849014267938297,0.05715938871164603,0.07692307692307693,1.0,0.150289047121813,0.1369994201433563,False,False,False,,below_bounded_prescreen
mean__detailed__last20__pace_mean,detailed_efficiency,0.0,835,826,-0.004936779967077955,0.061713564335074376,0.07692307692307693,1.0,0.1578314246153136,0.13670303779667262,False,False,False,,below_bounded_prescreen
absdiff__detailed__clean__ft_rate_ros,detailed_efficiency,0.0,835,835,0.008542772868075687,0.05539933175938211,0.07692307692307693,1.0,0.10534781467357172,0.1365648689962295,False,False,False,,below_bounded_prescreen
absdiff__detailed__all__ft_rate_ros,detailed_efficiency,0.0,835,835,0.00715446309216887,0.055521794721381995,0.07692307692307693,1.0,0.1025188740815916,0.13643138069096916,False,False,False,,below_bounded_prescreen
absdiff__detailed__last20__ft_rate_mean,detailed_efficiency,0.0,835,835,0.010595987262634965,0.052230178276224774,0.07692307692307693,1.0,0.08715433305956344,0.13622312175567736,False,False,False,,below_bounded_prescreen
absdiff__detailed__clean__ftmaderate_mean,detailed_efficiency,0.0,835,835,0.007564321793337428,0.0527906712061117,0.07692307692307693,1.0,0.08567912516195439,0.13588420027468198,False,False,False,,below_bounded_prescreen
diff__compact__neutral_margin_std,compact_performance,0.1281437125748503,728,726,0.02719516069883123,0.07112479879869672,0.07692307692307693,1.0,0.15954176781430887,0.13579736336624923,False,False,False,,below_bounded_prescreen
mean__schedule__top_decile_games,schedule_and_accomplishment,0.0,835,29,0.01528892452356149,0.048744544874140976,0.07692307692307693,1.0,0.08703631446744986,0.13558718466376551,False,False,False,,below_bounded_prescreen
absdiff__rating__elo_standard_delta,dynamic_ratings,0.0,835,835,0.0057949106815695225,0.052908578120027784,0.07692307692307693,1.0,0.10154420710207215,0.13491692187116805,False,False,False,,below_bounded_prescreen
absdiff__detailed__last5__orb_pct_mean,detailed_efficiency,0.0,835,835,0.04025684094177488,0.04085647938539679,0.07692307692307693,1.0,0.15469951365244333,0.13458732687377553,False,False,False,,below_bounded_prescreen
absdiff__detailed__all__ftmaderate_mean,detailed_efficiency,0.0,835,835,0.007484596544478502,0.04723577012465021,0.07692307692307693,1.0,0.08200219210280327,0.13334738552319753,False,False,False,,below_bounded_prescreen
absdiff__compact__last20_margin_std,compact_performance,0.0,835,835,0.020158326868757785,0.038546086353144736,0.07692307692307693,1.0,0.07885481157223471,0.1320904532054391,False,False,False,,below_bounded_prescreen
mean__geography__games_with_city,geography_and_schedule_dispersion,0.0,835,15,0.06641436596361029,0.0,0.0,1.0,0.0,0.11461116051199427,False,False,False,,below_bounded_prescreen
seedprior__history_games,prequential_seed_priors,0.0,835,10,0.032885629245716856,0.0,0.0,1.0,0.0,0.10723483843405772,False,False,False,,below_bounded_prescreen
context__season_centered_2000,matchup_context,0.0,835,10,0.03281515975796792,0.0,0.0,1.0,0.0,0.10721933514675294,False,True,True,24.0,selected
