Feature,Block,MissingRate,NonMissingRows,UniqueValues,GlobalCorrelation,MedianAbsoluteSeasonCorrelation,SeasonSignConsistency,SeasonCoverage,SeasonCorrelationIQR,StabilityScore,Mandatory,InPrecorrelationPool,Selected,SelectionRank,ExclusionReason
diff__massey__strength_mean,massey_consensus,0.0,1048,1048,0.6270404554710737,0.6244169393679337,1.0,1.0,0.05679048988407531,0.6953974115048813,True,True,True,6.0,selected
diff__norm__rating__elo_mov_538__pct,within_season_normalization,0.0,1048,669,0.6088645960409397,0.615581430824029,1.0,1.0,0.07125582932395835,0.6865790647515824,True,True,True,2.0,selected
matchup__seed_diff,matchup_context,0.0,1048,29,-0.5930641898493871,0.6028462491172083,1.0,1.0,0.10308243032319109,0.6757170241301975,True,True,True,1.0,selected
diff__adj__net_rtg_a50p0,opponent_adjusted_efficiency,0.0,1048,1048,0.559078441433794,0.5495254997324913,1.0,1.0,0.09812141839985478,0.6428446402510363,True,True,True,5.0,selected
diff__compact__margin_trim02,compact_performance,0.0,1048,1032,0.534285275055512,0.5452236704564741,1.0,1.0,0.12002361879068413,0.6344491775796928,True,True,True,3.0,selected
diff__norm__schedule__opponent_strength_mean__pct,within_season_normalization,0.0,1048,844,0.529613535489363,0.5066291919809799,1.0,1.0,0.08706826693965103,0.6162142592809441,True,True,True,4.0,selected
diff__rating__elo_mov_log_z,dynamic_ratings,0.0,1048,1048,0.6233339581397843,0.6440890347249799,1.0,1.0,0.09154994711169617,0.702634209574275,False,True,False,,correlation_pruned_or_cap
diff__rating__elo_mov_log,dynamic_ratings,0.0,1048,1048,0.6232440867172181,0.6440890350736396,1.0,1.0,0.09154994045411469,0.7026144382949704,False,True,False,,correlation_pruned_or_cap
diff__rating__margin_ridge_a5p0,global_strength_ratings,0.0,1048,1048,0.6357810918507614,0.6364601882478191,1.0,1.0,0.0728524155955198,0.7024586339422999,False,True,True,82.0,selected
diff__rating__margin_ridge_a5p0_z,global_strength_ratings,0.0,1048,1048,0.6353578841766293,0.6364601901054885,1.0,1.0,0.07285241542027243,0.702365529152682,False,True,False,,correlation_pruned_or_cap
diff__norm__rating__elo_mov_538__z,within_season_normalization,0.0,1048,1048,0.6222016806382717,0.6421840947553553,1.0,1.0,0.09479363632403537,0.7013409897700289,False,True,True,19.0,selected
diff__rating__elo_mov_538_z,dynamic_ratings,0.0,1048,1048,0.6222016806382717,0.6421840947553553,1.0,1.0,0.09479363632403537,0.7013409897700289,False,True,False,,correlation_pruned_or_cap
diff__rating__elo_mov_538,dynamic_ratings,0.0,1048,1048,0.6220626588281585,0.6421840965642736,1.0,1.0,0.09479363779809902,0.7013104057811221,False,True,False,,correlation_pruned_or_cap
diff__massey__system_mor,massey_consensus,0.0,1048,723,0.6216358461921399,0.6318621725158629,1.0,1.0,0.08680069954429193,0.6965817009881132,False,True,True,7.0,selected
diff__norm__massey__strength_mean__z,within_season_normalization,0.0,1048,1048,0.6268123048509467,0.6244169420052965,1.0,1.0,0.056790485570236915,0.6953472198069411,False,True,False,,correlation_pruned_or_cap
diff__norm__rating__colley__z,within_season_normalization,0.0,1048,1048,0.6188447877837207,0.6249042393775752,1.0,1.0,0.08736049292021064,0.6926054684968462,False,True,True,20.0,selected
diff__rating__colley_z,global_strength_ratings,0.0,1048,1048,0.6188447877837207,0.6249042393775752,1.0,1.0,0.08736049292021064,0.6926054684968462,False,True,False,,correlation_pruned_or_cap
diff__rating__colley,global_strength_ratings,0.0,1048,1048,0.6186225349289514,0.6249042383950845,1.0,1.0,0.08736049289544068,0.6925565723981921,False,True,False,,correlation_pruned_or_cap
diff__massey__strength_trim05,massey_consensus,0.0,1048,1048,0.6252463471272862,0.6184183596500328,1.0,1.0,0.05517625619178157,0.6921879587523474,False,True,False,,correlation_pruned_or_cap
diff__norm__schedule__quality_win_points_sum__z,within_season_normalization,0.0,1048,1048,0.6154621733082551,0.6263561785770781,1.0,1.0,0.12394449867958524,0.6910948638976303,False,True,True,21.0,selected
diff__schedule__quality_win_points_sum,schedule_and_accomplishment,0.0,1048,1048,0.6152722003701145,0.6263561795958222,1.0,1.0,0.1239444999365078,0.6910530702899597,False,True,False,,correlation_pruned_or_cap
diff__norm__massey__strength_mean__pct,within_season_normalization,0.0,1048,704,0.6206271848987681,0.6184960224671909,1.0,1.0,0.05950739326613541,0.6910357757313351,False,True,False,,correlation_pruned_or_cap
diff__rating__margin_ridge_a25p0,global_strength_ratings,0.0,1048,1048,0.6157196511595757,0.6200683185591602,1.0,1.0,0.08514372698812511,0.6896853670839785,False,True,False,,correlation_pruned_or_cap
diff__norm__rating__margin_ridge_a25p0__z,within_season_normalization,0.0,1048,1048,0.6153162765500363,0.6200683163321948,1.0,1.0,0.08514373107526374,0.689596623437451,False,True,True,22.0,selected
diff__rating__margin_ridge_a25p0_z,global_strength_ratings,0.0,1048,1048,0.6153162765500363,0.6200683163321948,1.0,1.0,0.08514373107526374,0.689596623437451,False,True,False,,correlation_pruned_or_cap
diff__adj__net_rtg_a10p0,opponent_adjusted_efficiency,0.0,1048,1048,0.618585676857027,0.6167985756846055,1.0,1.0,0.06707068538014971,0.6894693378219505,False,True,False,,correlation_pruned_or_cap
diff__adj__net_rtg_a10p0_z,opponent_adjusted_efficiency,0.0,1048,1048,0.6184207639877294,0.6167985738130319,1.0,1.0,0.06707068059326504,0.6894330562838252,False,True,False,,correlation_pruned_or_cap
diff__norm__adj__net_rtg_a10p0__z,within_season_normalization,0.0,1048,1048,0.6184207639877294,0.6167985738130319,1.0,1.0,0.06707068059326504,0.6894330562838252,False,True,False,,correlation_pruned_or_cap
diff__rating__elo_mov_log_percentile,dynamic_ratings,0.0,1048,674,0.6113112279298718,0.6200863774996843,1.0,1.0,0.07240904976956763,0.6892335693536376,False,True,False,,correlation_pruned_or_cap
diff__massey__ordinal_mean,massey_consensus,0.0,1048,1043,-0.6231964996731849,0.6130930579665379,1.0,1.0,0.05577283807037947,0.6891569842292238,False,True,False,,correlation_pruned_or_cap
diff__massey__system_sag,massey_consensus,0.0,1048,689,0.6222323858859539,0.6141873412381109,1.0,1.0,0.06597646291862469,0.6890619901724581,False,True,False,,correlation_pruned_or_cap
diff__massey__strength_median,massey_consensus,0.0,1048,850,0.6213547738762762,0.6135046888749711,1.0,1.0,0.05926370576154505,0.6888097526823052,False,True,False,,correlation_pruned_or_cap
diff__massey__ordinal_max,massey_consensus,0.0,1048,348,-0.6164308896502214,0.6141239670766163,1.0,1.0,0.04972974792627127,0.6884051100027737,False,True,True,8.0,selected
diff__massey__system_wlk,massey_consensus,0.0,1048,715,0.6197358228602189,0.6130758182993157,1.0,1.0,0.06664617014717933,0.6879524270070324,False,True,False,,correlation_pruned_or_cap
diff__massey__ordinal_median,massey_consensus,0.0,1048,390,-0.6209508886463876,0.6114183907912876,1.0,1.0,0.06018629449345514,0.687682571302285,False,True,False,,correlation_pruned_or_cap
diff__rating__elo_mov_538_percentile,dynamic_ratings,0.0,1048,669,0.6088645960409397,0.615581430824029,1.0,1.0,0.07125582932395835,0.6865790647515824,False,True,False,,correlation_pruned_or_cap
diff__massey__system_pom,massey_consensus,0.0,1048,727,0.6229602615470652,0.6086534214611139,1.0,1.0,0.07530337585818181,0.6861927648073617,False,True,True,9.0,selected
diff__rating__margin_ridge_a5p0_percentile,global_strength_ratings,0.0,1048,708,0.6186691648826479,0.6056797270075125,1.0,1.0,0.07611472548667597,0.6837888962183215,False,True,False,,correlation_pruned_or_cap
diff__norm__rating__bt_c1p0__z,within_season_normalization,0.0,1048,1048,0.6018708683174706,0.6121147724710174,1.0,1.0,0.10459814442260518,0.6820427560390278,False,True,True,23.0,selected
diff__rating__bt_c1p0_z,global_strength_ratings,0.0,1048,1048,0.6018708683174706,0.6121147724710174,1.0,1.0,0.10459814442260518,0.6820427560390278,False,True,False,,correlation_pruned_or_cap
diff__rating__bt_c1p0,global_strength_ratings,0.0,1048,1048,0.6016124771611203,0.6121147737344182,1.0,1.0,0.10459814394135825,0.6819859106103129,False,True,False,,correlation_pruned_or_cap
diff__massey__system_rth,massey_consensus,0.0,1048,709,0.6122884836457898,0.6032089963896854,1.0,1.0,0.06570787079236129,0.6816154698374283,False,True,False,,correlation_pruned_or_cap
diff__massey__system_dol,massey_consensus,0.0,1048,700,0.6087563977102844,0.6038506014624541,1.0,1.0,0.07866827886040084,0.6806279650438245,False,True,False,,correlation_pruned_or_cap
seedprior__team1_prob_pc2p0,prequential_seed_priors,0.0,1048,605,0.5963904087591824,0.611518668814621,1.0,1.0,0.10734682982870025,0.6804409777648902,False,True,False,,correlation_pruned_or_cap
diff__schedule__quality_win_points_mean,schedule_and_accomplishment,0.0,1048,1048,0.609446824935302,0.6079203124958444,1.0,1.0,0.13627111531086367,0.6804292068713372,False,True,False,,correlation_pruned_or_cap
diff__adj__net_rtg_a10p0_percentile,opponent_adjusted_efficiency,0.0,1048,678,0.6046912152797069,0.6041379845639252,1.0,1.0,0.06643789957257529,0.6803607839693167,False,True,False,,correlation_pruned_or_cap
diff__norm__adj__net_rtg_a10p0__pct,within_season_normalization,0.0,1048,678,0.6046912152797069,0.6041379845639252,1.0,1.0,0.06643789957257529,0.6803607839693167,False,True,True,24.0,selected
seedprior__team1_prob_pc8p0,prequential_seed_priors,0.0,1048,605,0.5967978184999541,0.6107725322924431,1.0,1.0,0.10751295625261148,0.680165817320258,False,True,False,,correlation_pruned_or_cap
diff__rating__elo_standard_z,dynamic_ratings,0.0,1048,1048,0.5916534037272191,0.6115788028757129,1.0,1.0,0.12365222648235874,0.6787754851410359,False,True,True,70.0,selected
diff__rating__elo_standard,dynamic_ratings,0.0,1048,1048,0.5909920373052943,0.6115788056048508,1.0,1.0,0.12365222284360788,0.6786299859837488,False,True,False,,correlation_pruned_or_cap
diff__massey__system_rpi,massey_consensus,0.0,1048,749,0.6013257533611776,0.6018085175154303,1.0,1.0,0.0960340665712549,0.6773183914840154,False,True,True,10.0,selected
diff__norm__rating__margin_ridge_a25p0__pct,within_season_normalization,0.0,1048,678,0.5985053546800577,0.6016011514811508,1.0,1.0,0.07867207148818423,0.6772928478810377,False,True,False,,correlation_pruned_or_cap
diff__rating__margin_ridge_a25p0_percentile,global_strength_ratings,0.0,1048,678,0.5985053546800577,0.6016011514811508,1.0,1.0,0.07867207148818423,0.6772928478810377,False,True,False,,correlation_pruned_or_cap
diff__massey__system_wol,massey_consensus,0.0,1048,677,0.5995214487596905,0.5986444582665651,1.0,1.0,0.07970862737296547,0.6760557136001646,False,True,True,11.0,selected
diff__seed__number,selection_committee_prior,0.0,1048,29,-0.5930641898493871,0.6028462491172083,1.0,1.0,0.10308243032319109,0.6757170241301975,False,True,False,,correlation_pruned_or_cap
diff__seed__strength,selection_committee_prior,0.0,1048,29,0.5930641898493871,0.6028462491172083,1.0,1.0,0.10308243032319109,0.6757170241301975,False,True,False,,correlation_pruned_or_cap
diff__norm__rating__bt_c1p0__pct,within_season_normalization,0.0,1048,679,0.5926381240811041,0.6018381010771506,1.0,1.0,0.09274185478390162,0.6755530016235192,False,True,False,,correlation_pruned_or_cap
diff__rating__bt_c1p0_percentile,global_strength_ratings,0.0,1048,679,0.5926381240811041,0.6018381010771506,1.0,1.0,0.09274185478390162,0.6755530016235192,False,True,False,,correlation_pruned_or_cap
diff__norm__schedule__rpi__z,within_season_normalization,0.0,1048,1048,0.5982922136790941,0.597905920200767,1.0,1.0,0.10066399085566946,0.6745925690715421,False,True,True,25.0,selected
diff__schedule__rpi,schedule_and_accomplishment,0.0,1048,1048,0.5980871209359996,0.5979059233788748,1.0,1.0,0.10066399430458661,0.6745474500555964,False,True,False,,correlation_pruned_or_cap
diff__massey__system_col,massey_consensus,0.0,1048,709,0.6041860251574006,0.5924669567765802,1.0,1.0,0.07578283247683149,0.6742737514883134,False,True,False,,correlation_pruned_or_cap
diff__norm__rating__colley__pct,within_season_normalization,0.0,1048,669,0.6038567168931622,0.592426055814689,1.0,1.0,0.07714762419730581,0.6741270795396542,False,True,False,,correlation_pruned_or_cap
diff__rating__colley_percentile,global_strength_ratings,0.0,1048,669,0.6038567168931622,0.592426055814689,1.0,1.0,0.07714762419730581,0.6741270795396542,False,True,False,,correlation_pruned_or_cap
diff__massey__system_cng,massey_consensus,0.061068702290076333,984,708,0.6009446832977496,0.6036342530753692,1.0,1.0,0.10646869900909539,0.6728080276581122,False,True,True,12.0,selected
diff__norm__schedule__rpi__pct,within_season_normalization,0.0,1048,676,0.5889503797541477,0.5927796062226361,1.0,1.0,0.09064205897343336,0.6704776121738405,False,True,True,26.0,selected
diff__massey__ordinal_std,massey_consensus,0.0,1048,1048,-0.5933793283536881,0.5883099744654378,1.0,1.0,0.0710000181563677,0.6700922392549667,False,True,True,13.0,selected
diff__norm__schedule__quality_win_points_sum__pct,within_season_normalization,0.0,1048,691,0.5975520340346425,0.5888706243608497,1.0,1.0,0.11049428934102412,0.6696995756071883,False,True,True,27.0,selected
diff__massey__system_sel,massey_consensus,0.061068702290076333,984,655,0.5935072904116627,0.5964280400645314,1.0,1.0,0.0744322872305031,0.6689942754491147,False,True,True,14.0,selected
diff__massey__strength_max,massey_consensus,0.0,1048,617,0.5827578207611337,0.5852990767428263,1.0,1.0,0.043833501714829914,0.6673969373354128,False,True,True,15.0,selected
diff__massey__system_bih,massey_consensus,0.061068702290076333,984,643,0.5767398420368814,0.5986983271670664,1.0,1.0,0.0634575665429774,0.6668341634433806,False,True,True,16.0,selected
diff__norm__rating__pagerank_margin__pct,within_season_normalization,0.0,1048,746,0.5828398737124822,0.5848699215175045,1.0,1.0,0.07543364090192717,0.6659449889090711,False,True,True,28.0,selected
diff__rating__pagerank_margin_percentile,global_strength_ratings,0.0,1048,746,0.5828398737124822,0.5848699215175045,1.0,1.0,0.07543364090192717,0.6659449889090711,False,True,False,,correlation_pruned_or_cap
diff__rating__elo_standard_percentile,dynamic_ratings,0.0,1048,680,0.574961385631887,0.585759987119861,1.0,1.0,0.04862101837883437,0.6657114579213951,False,True,True,71.0,selected
diff__massey__ordinal_min,massey_consensus,0.0,1048,190,-0.5814473378086478,0.5819819715000842,1.0,1.0,0.0665932549131214,0.6646060304414181,False,True,False,,correlation_pruned_or_cap
diff__massey__system_wob,massey_consensus,0.061068702290076333,984,645,0.5756491128524636,0.593095082373421,1.0,1.0,0.060922692212057816,0.6640060404950957,False,True,False,,correlation_pruned_or_cap
diff__schedule__bad_loss_penalty_sum,schedule_and_accomplishment,0.0,1048,1047,-0.568735457956031,0.5854943184275248,1.0,1.0,0.06456344830311322,0.6635765356634141,False,True,True,87.0,selected
diff__rating__pagerank_binary_percentile,global_strength_ratings,0.0,1048,727,0.576243864880893,0.5790868156215083,1.0,1.0,0.07592415410130482,0.6616983556080681,False,True,False,,correlation_pruned_or_cap
interaction__strength_gap_squared_signed,matchup_interactions,0.0,1048,1048,0.5765903319639353,0.5788329434929321,1.0,1.0,0.13450119250385661,0.659309638208519,False,True,False,,correlation_pruned_or_cap
diff__massey__system_dok,massey_consensus,0.183206106870229,856,550,0.5729594995730567,0.6110901234261201,1.0,1.0,0.13646759848186352,0.6592591566617173,False,True,True,17.0,selected
diff__massey__strength_iqr,massey_consensus,0.0,1048,804,-0.5606760162441038,0.5781371135155329,1.0,1.0,0.0643591813197687,0.6582801708083679,False,True,True,18.0,selected
diff__massey__system_dun,massey_consensus,0.12213740458015267,920,606,0.5682629613037684,0.5958685973017259,1.0,1.0,0.11195891416559622,0.6567854292586214,False,False,False,,below_bounded_prescreen
diff__rating__bt_c0p25_z,global_strength_ratings,0.0,1048,1048,0.5632543445695355,0.5718500973489289,1.0,1.0,0.14693265722950621,0.6525266962436034,False,True,True,83.0,selected
diff__rating__bt_c0p25,global_strength_ratings,0.0,1048,1048,0.5631798285551232,0.5718500968221514,1.0,1.0,0.14693266033932284,0.6525103023431869,False,True,False,,correlation_pruned_or_cap
diff__compact__half_marginmean_first,compact_performance,0.0,1048,947,0.561849821580924,0.5672419371911928,1.0,1.0,0.09900221942608045,0.6519230018225326,False,True,True,47.0,selected
diff__schedule__quality_wins,schedule_and_accomplishment,0.0,1048,37,0.5609891079693738,0.5674871361572041,1.0,1.0,0.0975882813086103,0.6519078978563758,False,True,True,88.0,selected
diff__rating__bt_c0p25_percentile,global_strength_ratings,0.0,1048,668,0.5478566465494711,0.5699478011507644,1.0,1.0,0.1278018659987658,0.6489913321532998,False,True,True,84.0,selected
diff__adj__net_rtg_a50p0_percentile,opponent_adjusted_efficiency,0.0,1048,677,0.5424490312676311,0.56460057896805,1.0,1.0,0.11375719732847567,0.6457967768904038,False,True,True,35.0,selected
diff__norm__adj__net_rtg_a50p0__pct,within_season_normalization,0.0,1048,677,0.5424490312676311,0.56460057896805,1.0,1.0,0.11375719732847567,0.6457967768904038,False,False,False,,below_bounded_prescreen
diff__massey__system_wil,massey_consensus,0.183206106870229,856,547,0.5534925144845053,0.5881567811385827,1.0,1.0,0.12994952335545062,0.6442291386492746,False,False,False,,below_bounded_prescreen
diff__adj__net_rtg_a50p0_z,opponent_adjusted_efficiency,0.0,1048,1048,0.5594379105344975,0.5495254932604914,1.0,1.0,0.09812141341146141,0.6429237205461669,False,True,False,,correlation_pruned_or_cap
diff__norm__adj__net_rtg_a50p0__z,within_season_normalization,0.0,1048,1048,0.5594379105344975,0.5495254932604914,1.0,1.0,0.09812141341146141,0.6429237205461669,False,False,False,,below_bounded_prescreen
diff__schedule__oowp,schedule_and_accomplishment,0.0,1048,1048,0.5353956817709367,0.5566868453211945,1.0,1.0,0.07295059535602888,0.6420787119295384,False,True,True,89.0,selected
diff__rating__elo_season_reset_mov,dynamic_ratings,0.0,1048,1048,0.5569995670408462,0.548822393265703,1.0,1.0,0.12521981281249162,0.640965861004024,False,True,True,72.0,selected
diff__rating__elo_season_reset_mov_delta,dynamic_ratings,0.0,1048,1048,0.5569995670408462,0.548822393265703,1.0,1.0,0.12521981281249162,0.640965861004024,False,True,False,,correlation_pruned_or_cap
diff__rating__elo_season_reset_mov_z,dynamic_ratings,0.0,1048,1048,0.5568322807463535,0.5488223896402342,1.0,1.0,0.12521981011709937,0.6409290563868262,False,True,False,,correlation_pruned_or_cap
diff__conference__strength_max,conference_context,0.0,1048,907,0.5450599342051162,0.5455920985434506,1.0,1.0,0.06643773187469271,0.639139883550994,False,True,False,,correlation_pruned_or_cap
diff__massey__rank_improvement_std,massey_consensus,0.0,1048,1048,-0.5449439160175391,0.539016105272418,1.0,1.0,0.09258659766482857,0.634911928148026,False,False,False,,below_bounded_prescreen
diff__compact__margin_mean,compact_performance,0.0,1048,1032,0.534285275055512,0.5452236704564741,1.0,1.0,0.12002361879068413,0.6344491775796928,False,True,False,,correlation_pruned_or_cap
diff__norm__compact__margin_mean__z,within_season_normalization,0.0,1048,1045,0.5336745453855033,0.5452236747426259,1.0,1.0,0.12002361905805187,0.634314819098949,False,False,False,,below_bounded_prescreen
diff__norm__compact__margin_trim02__z,within_season_normalization,0.0,1048,1045,0.5336745453855033,0.5452236747426259,1.0,1.0,0.12002361905805187,0.634314819098949,False,False,False,,below_bounded_prescreen
diff__compact__margin_winsor02,compact_performance,0.0,1048,1048,0.5335265266102637,0.5447189390043911,1.0,1.0,0.1201196453866854,0.6340361407608983,False,True,False,,correlation_pruned_or_cap
diff__rating__elo_season_reset_mov_percentile,dynamic_ratings,0.0,1048,658,0.5269309339276604,0.5431305342473629,1.0,1.0,0.1284424145398121,0.631489765321227,False,True,True,73.0,selected
diff__compact__pythag_exp8p0,compact_performance,0.0,1048,1048,0.5351170248098392,0.5376711947112095,1.0,1.0,0.11157454627931851,0.6313449370683725,False,True,True,48.0,selected
diff__compact__pythag_exp10p0,compact_performance,0.0,1048,1048,0.5349320200948432,0.5343130069911763,1.0,1.0,0.1170545494969642,0.6294731057967515,False,True,False,,correlation_pruned_or_cap
diff__rating__pagerank_binary_z,global_strength_ratings,0.0,1048,1048,0.5326438094939313,0.5325733712145146,1.0,1.0,0.0875216451662012,0.6293159904649838,False,True,True,85.0,selected
diff__rating__pagerank_binary,global_strength_ratings,0.0,1048,1048,0.5304496191652509,0.5325733706833107,1.0,1.0,0.08752164320301625,0.6288332684162236,False,True,False,,correlation_pruned_or_cap
diff__norm__rating__pagerank_margin__z,within_season_normalization,0.0,1048,1048,0.5398805092586677,0.527165440043191,1.0,1.0,0.0764664058480331,0.6287544670237172,False,False,False,,below_bounded_prescreen
diff__rating__pagerank_margin_z,global_strength_ratings,0.0,1048,1048,0.5398805092586677,0.527165440043191,1.0,1.0,0.0764664058480331,0.6287544670237172,False,True,True,86.0,selected
diff__rating__pagerank_margin,global_strength_ratings,0.0,1048,1048,0.5387343391151567,0.5271654419888608,1.0,1.0,0.0764664088248369,0.6285023104069941,False,False,False,,below_bounded_prescreen
diff__detailed__all__net_rtg_ros,detailed_efficiency,0.0,1048,1048,0.5308066916766131,0.5338681126055422,1.0,1.0,0.11963924227250422,0.628248596528615,False,True,False,,correlation_pruned_or_cap
diff__detailed__clean__net_rtg_ros,detailed_efficiency,0.0,1048,1048,0.5303969470577186,0.5337925027613626,1.0,1.0,0.11846917168755206,0.62816896281065,False,False,False,,below_bounded_prescreen
diff__norm__detailed__all__net_rtg_ros__z,within_season_normalization,0.0,1048,1048,0.5301225217957695,0.5338681110727228,1.0,1.0,0.11963924672105408,0.6280980782411341,False,False,False,,below_bounded_prescreen
diff__norm__detailed__clean__net_rtg_ros__z,within_season_normalization,0.0,1048,1048,0.5297137175272488,0.5337925062684117,1.0,1.0,0.11846917373194366,0.6280186539155546,False,False,False,,below_bounded_prescreen
diff__compact__pythag_exp11p5,compact_performance,0.0,1048,1048,0.5334335935235229,0.5306199290995685,1.0,1.0,0.11885147316140537,0.6272988976165117,False,True,False,,correlation_pruned_or_cap
diff__compact__pythag_exp13p91,compact_performance,0.0,1048,1048,0.5285985460855889,0.5293864051892982,1.0,1.0,0.12128654951826456,0.6255456926489621,False,True,False,,correlation_pruned_or_cap
diff__norm__detailed__all__net_rtg_ros__pct,within_season_normalization,0.0,1048,712,0.5159141087947584,0.5317550015009866,1.0,1.0,0.11172049709163412,0.6242746847716552,False,False,False,,below_bounded_prescreen
diff__detailed__poss0p44__net_rtg_mean,detailed_efficiency,0.0,1048,1048,0.527102707557098,0.5270399294346791,1.0,1.0,0.1180855754544245,0.6242183387730306,False,False,False,,below_bounded_prescreen
diff__detailed__all__netrtg_mean,detailed_efficiency,0.0,1048,1048,0.527230783099549,0.5269156342032186,1.0,1.0,0.11771245022457455,0.6242017786904628,False,False,False,,below_bounded_prescreen
diff__detailed__all__netrtg_trim02,detailed_efficiency,0.0,1048,1048,0.527230783099549,0.5269156342032186,1.0,1.0,0.11771245022457455,0.6242017786904628,False,False,False,,below_bounded_prescreen
diff__detailed__poss0p475__net_rtg_mean,detailed_efficiency,0.0,1048,1048,0.527230783099549,0.5269156342032186,1.0,1.0,0.11771245022457455,0.6242017786904628,False,False,False,,below_bounded_prescreen
diff__norm__detailed__clean__net_rtg_ros__pct,within_season_normalization,0.0,1048,712,0.5156841766403006,0.5315572500831264,1.0,1.0,0.11219097121741584,0.6241103600520702,False,False,False,,below_bounded_prescreen
diff__detailed__clean__netrtg_mean,detailed_efficiency,0.0,1048,1048,0.5268442826096931,0.5266829433799503,1.0,1.0,0.1165614113936404,0.624051098540763,False,False,False,,below_bounded_prescreen
diff__detailed__clean__netrtg_trim02,detailed_efficiency,0.0,1048,1048,0.5268442826096931,0.5266829433799503,1.0,1.0,0.1165614113936404,0.624051098540763,False,False,False,,below_bounded_prescreen
diff__conference__strength_percentile,conference_context,0.0,1048,118,0.5347965234414326,0.5190300847701663,1.0,1.0,0.0855158060813419,0.6233690436035413,False,True,False,,correlation_pruned_or_cap
diff__massey__system_mas,massey_consensus,0.24427480916030533,792,495,0.500828936028956,0.5884144246932785,1.0,1.0,0.25240946910233286,0.6229829262822263,False,False,False,,below_bounded_prescreen
diff__norm__compact__margin_mean__pct,within_season_normalization,0.0,1048,763,0.5122550560973085,0.530345677910285,1.0,1.0,0.12385779963277921,0.6223077257530335,False,False,False,,below_bounded_prescreen
diff__norm__compact__margin_trim02__pct,within_season_normalization,0.0,1048,763,0.5122550560973085,0.530345677910285,1.0,1.0,0.12385779963277921,0.6223077257530335,False,False,False,,below_bounded_prescreen
diff__norm__conference__strength_mean__pct,within_season_normalization,0.0,1048,790,0.5300867215485817,0.5184104499742538,1.0,1.0,0.08293157921223498,0.6221388315598404,False,False,False,,below_bounded_prescreen
diff__adj__off_rtg_a10p0,opponent_adjusted_efficiency,0.0,1048,1048,0.4964447280559246,0.5325130388280319,1.0,1.0,0.10146676899241508,0.6207654280500621,False,True,True,36.0,selected
diff__rating__elo_mov_log_preseason,dynamic_ratings,0.0,1048,1048,0.5204196241665351,0.5192189384932032,1.0,1.0,0.11989925917588673,0.6189214374263398,False,True,True,74.0,selected
diff__rating__elo_mov_538_preseason,dynamic_ratings,0.0,1048,1048,0.5186236793825283,0.5179222216656333,1.0,1.0,0.11878569749193496,0.6179484479639827,False,True,False,,correlation_pruned_or_cap
diff__massey__strength_min,massey_consensus,0.0,1048,980,0.513838875974315,0.5214547203625173,1.0,1.0,0.1453391577638261,0.6175292521778045,False,False,False,,below_bounded_prescreen
diff__schedule__opponent_strength_pct_mean,schedule_and_accomplishment,0.0,1048,1048,0.5217245386265615,0.5105629179323097,1.0,1.0,0.06713870842857089,0.6171640507682093,False,True,True,90.0,selected
diff__schedule__opponent_strength_mean,schedule_and_accomplishment,0.0,1048,1048,0.5103140863677844,0.5123166504384613,1.0,1.0,0.06236939044133294,0.6156863155937207,False,True,False,,correlation_pruned_or_cap
diff__norm__schedule__opponent_strength_mean__z,within_season_normalization,0.0,1048,1048,0.5098420520896572,0.5123166477326311,1.0,1.0,0.06236939407697528,0.6155824666083085,False,False,False,,below_bounded_prescreen
diff__compact__half_winpct_first,compact_performance,0.0,1048,371,0.5007693800772992,0.5191033739492164,1.0,1.0,0.09911375761223035,0.6153743328081405,False,True,True,49.0,selected
diff__massey__momentum_systems,massey_consensus,0.0,1048,11,0.5157304846805417,0.5095144081096326,1.0,1.0,0.0715483258357913,0.6151656894889111,False,False,False,,below_bounded_prescreen
diff__seed__top4,selection_committee_prior,0.0,1048,3,0.4989746876101156,0.5059543532458799,1.0,1.0,0.040233865371584576,0.6110231662173844,False,True,False,,correlation_pruned_or_cap
diff__conference__strength_mean,conference_context,0.0,1048,907,0.5099622269208608,0.5023614923680719,1.0,1.0,0.07143879366837846,0.6104676545125287,False,True,False,,correlation_pruned_or_cap
matchup__team1_seed,matchup_context,0.0,1048,16,-0.4995477317670584,0.5082650448510979,1.0,1.0,0.08512312961981777,0.6104627973324871,False,True,True,29.0,selected
diff__norm__conference__strength_mean__z,within_season_normalization,0.0,1048,907,0.5092151702796883,0.5023614929459634,1.0,1.0,0.07143879613043463,0.6103033022303764,False,False,False,,below_bounded_prescreen
diff__compact__upside_tail_mean,compact_performance,0.0,1048,1035,0.5113466870804622,0.5065405007593476,1.0,1.0,0.13541633299430011,0.6102190582024165,False,True,True,50.0,selected
diff__massey__systems,massey_consensus,0.0,1048,9,0.5091874202364834,0.4998655936985001,1.0,1.0,0.08209969317146504,0.6086727297004478,False,False,False,,below_bounded_prescreen
diff__schedule__top_quartile_games,schedule_and_accomplishment,0.0,1048,43,0.4905012526516234,0.49653104267609993,1.0,1.0,0.08048806036061051,0.6030256536534606,False,True,True,91.0,selected
diff__compact__wins,compact_performance,0.0,1048,32,0.4898424610436704,0.4922299982376108,1.0,1.0,0.10841740789491927,0.5996990442678638,False,True,True,51.0,selected
diff__compact__downside_tail_mean,compact_performance,0.0,1048,994,-0.47255526608921544,0.4979125400573352,1.0,1.0,0.13255427722500696,0.597658006678148,False,True,True,52.0,selected
diff__compact__home_margin_mean,compact_performance,0.0,1048,1014,0.487169201070953,0.4916071276247916,1.0,1.0,0.1587301623008533,0.5967994390034754,False,True,True,53.0,selected
diff__prior__program_win_pct_smoothed,prior_program_history,0.0,1048,885,0.4724298009869602,0.4874471391675528,1.0,1.0,0.11624836372302644,0.5932592484686355,False,False,False,,below_bounded_prescreen
diff__compact__blowout_win10_rate,compact_performance,0.0,1048,792,0.470248077934499,0.48480501520058483,1.0,1.0,0.16497377828719817,0.5895620333103826,False,True,True,54.0,selected
diff__schedule__opponent_strength_median,schedule_and_accomplishment,0.0,1048,1041,0.481016094043,0.4719311885194467,1.0,1.0,0.09626749063612389,0.5884998115533494,False,True,True,92.0,selected
diff__schedule__owp,schedule_and_accomplishment,0.0,1048,1048,0.47298060747458753,0.4710277467570237,1.0,1.0,0.055563002279927554,0.5879265319965835,False,True,True,93.0,selected
diff__prior__program_tournament_games,prior_program_history,0.0,1048,188,0.46588043619063113,0.4791250043069789,1.0,1.0,0.12089753236409667,0.5876377967347248,False,False,False,,below_bounded_prescreen
diff__prior__program_appearances,prior_program_history,0.0,1048,59,0.45724466565387367,0.4825713963762179,1.0,1.0,0.12473205508492469,0.5872388145010398,False,False,False,,below_bounded_prescreen
diff__compact__blowout_win20_rate,compact_performance,0.0,1048,787,0.4645818329923052,0.4773206328181381,1.0,1.0,0.14037852780704846,0.5857067658987315,False,True,True,55.0,selected
diff__detailed__clean__fourfactoredge_mean,detailed_efficiency,0.0,1048,1048,0.4748497310379725,0.46958750619932,1.0,1.0,0.10658892368315759,0.5856053868567013,False,False,False,,below_bounded_prescreen
diff__detailed__home__net_rtg_mean,detailed_efficiency,0.0,1048,1048,0.4829864765006935,0.4717861932254175,1.0,1.0,0.18093701144991953,0.5854769171203562,False,False,False,,below_bounded_prescreen
diff__schedule__elite_wins,schedule_and_accomplishment,0.0,1048,22,0.462741264138187,0.47299633077412,1.0,1.0,0.09077030096171967,0.5852105048435099,False,True,True,94.0,selected
diff__detailed__all__fourfactoredge_mean,detailed_efficiency,0.0,1048,1048,0.47486258778021995,0.4651925067343811,1.0,1.0,0.10859028791636671,0.5834185610274967,False,False,False,,below_bounded_prescreen
diff__conference__strength_median,conference_context,0.0,1048,907,0.4682734175420414,0.46665336588182016,1.0,1.0,0.12135464148948533,0.5821595818229434,False,True,False,,correlation_pruned_or_cap
diff__seed__top8,selection_committee_prior,0.0,1048,3,0.4527389532184107,0.46873763410132807,1.0,1.0,0.07669700382938283,0.5815287539235126,False,True,False,,correlation_pruned_or_cap
diff__prior__program_tournament_wins,prior_program_history,0.0,1048,156,0.45646473053901965,0.46673001650789886,1.0,1.0,0.1100458046540157,0.5800508164562151,False,False,False,,below_bounded_prescreen
diff__rating__elo_standard_preseason,dynamic_ratings,0.0,1048,1048,0.49007775147613813,0.45662975294667685,1.0,1.0,0.17800983660451802,0.5798789932749746,False,True,True,75.0,selected
matchup__team1_is_seed_favorite,matchup_context,0.0,1048,2,0.45734987961844786,0.46218870549269075,1.0,1.0,0.0988433177648883,0.5785138194419546,False,True,True,30.0,selected
diff__adj__off_rtg_a50p0,opponent_adjusted_efficiency,0.0,1048,1048,0.43796923194278137,0.4732480098501812,1.0,1.0,0.12538062852093146,0.5784970506146615,False,True,True,37.0,selected
diff__compact__margin_median,compact_performance,0.0,1048,71,0.4554065739292848,0.46455094878375847,1.0,1.0,0.14672856457494604,0.5773047590976489,False,True,True,56.0,selected
diff__adj__def_rtg_a10p0,opponent_adjusted_efficiency,0.0,1048,1048,-0.4608952673421559,0.45666446940294636,1.0,1.0,0.09149439389698621,0.576936128372809,False,True,True,38.0,selected
diff__compact__margin_q90,compact_performance,0.0,1048,357,0.4575450780763338,0.45827520381315556,1.0,1.0,0.10865729977696026,0.5762857230160296,False,True,True,57.0,selected
diff__detailed__all__off_rtg_ros,detailed_efficiency,0.0,1048,1048,0.42124165275227404,0.46816246962310193,1.0,1.0,0.135900363343472,0.5719551344908503,False,False,False,,below_bounded_prescreen
diff__detailed__clean__off_rtg_ros,detailed_efficiency,0.0,1048,1048,0.42144462354082024,0.4676929226861062,1.0,1.0,0.13658880234433313,0.571746867974538,False,False,False,,below_bounded_prescreen
diff__detailed__all__netrtg_median,detailed_efficiency,0.0,1048,1048,0.4505230780444683,0.4567680752960376,1.0,1.0,0.17247836288003265,0.5714646187966798,False,False,False,,below_bounded_prescreen
diff__detailed__clean__netrtg_median,detailed_efficiency,0.0,1048,1048,0.45038883124295565,0.4565569907635547,1.0,1.0,0.1718599294348226,0.5713585012625636,False,False,False,,below_bounded_prescreen
diff__compact__away_games,compact_performance,0.0,1048,22,-0.4373024442085579,0.45320480153747406,1.0,1.0,0.0883123742113992,0.5702123474954143,False,True,True,58.0,selected
diff__detailed__away__games,detailed_efficiency,0.0,1048,22,-0.4373024442085579,0.45320480153747406,1.0,1.0,0.0883123742113992,0.5702123474954143,False,False,False,,below_bounded_prescreen
matchup__team2_seed,matchup_context,0.0,1048,16,0.4432879867414345,0.4538222118657572,1.0,1.0,0.1550220865928688,0.5691571353149643,False,True,True,31.0,selected
diff__compact__margin_q75,compact_performance,0.0,1048,145,0.4643762292271495,0.44314633350620647,1.0,1.0,0.14769956953120872,0.5689650277317035,False,True,True,59.0,selected
diff__detailed__clean__offrtg_mean,detailed_efficiency,0.0,1048,1048,0.41783522487402364,0.4616497476523101,1.0,1.0,0.13408528853882845,0.5681522168038409,False,False,False,,below_bounded_prescreen
diff__detailed__clean__offrtg_trim02,detailed_efficiency,0.0,1048,1048,0.41783522487402364,0.4616497476523101,1.0,1.0,0.13408528853882845,0.5681522168038409,False,False,False,,below_bounded_prescreen
diff__detailed__all__offrtg_mean,detailed_efficiency,0.0,1048,1048,0.41759596297959706,0.4616584913521097,1.0,1.0,0.1333731287665787,0.5681322625538608,False,False,False,,below_bounded_prescreen
diff__detailed__all__offrtg_trim02,detailed_efficiency,0.0,1048,1048,0.41759596297959706,0.4616584913521097,1.0,1.0,0.1333731287665787,0.5681322625538608,False,False,False,,below_bounded_prescreen
diff__detailed__poss0p475__off_rtg_mean,detailed_efficiency,0.0,1048,1048,0.41759596297959706,0.4616584913521097,1.0,1.0,0.1333731287665787,0.5681322625538608,False,False,False,,below_bounded_prescreen
diff__compact__ewm_h10_margin,compact_performance,0.0,1048,1048,0.43736470865497423,0.4508060020802257,1.0,1.0,0.15176763442665497,0.5665364115255365,False,True,True,60.0,selected
diff__detailed__poss0p44__off_rtg_mean,detailed_efficiency,0.0,1048,1048,0.41596614666659565,0.45801341820566577,1.0,1.0,0.13387702724580042,0.5660039119155386,False,False,False,,below_bounded_prescreen
diff__compact__margin_q10,compact_performance,0.0,1048,307,0.43347593368474135,0.45159605791292845,1.0,1.0,0.15554147623233494,0.5659091541595553,False,True,True,61.0,selected
diff__schedule__bad_losses,schedule_and_accomplishment,0.0,1048,14,-0.44188740594778547,0.44500356105202693,1.0,1.0,0.15577477169787185,0.5645859477455708,False,True,True,95.0,selected
diff__norm__compact__win_pct__pct,within_season_normalization,0.0,1048,797,0.42096824892978063,0.44203132453595534,1.0,1.0,0.10921121345736307,0.5604196020035157,False,False,False,,below_bounded_prescreen
diff__norm__compact__win_pct__z,within_season_normalization,0.0,1048,968,0.4419187245148822,0.4357799060539308,1.0,1.0,0.1888739723452586,0.5588415154053505,False,False,False,,below_bounded_prescreen
diff__compact__win_pct,compact_performance,0.0,1048,781,0.441498142240827,0.4357799073299702,1.0,1.0,0.18887397607351653,0.558748987768427,False,True,True,62.0,selected
diff__schedule__wp,schedule_and_accomplishment,0.0,1048,781,0.441498142240827,0.4357799073299702,1.0,1.0,0.18887397607351653,0.558748987768427,False,True,False,,correlation_pruned_or_cap
diff__coach__prior_tournament_appearances,prior_coach_history,0.0,1048,56,0.41748300566623453,0.43784477157465773,1.0,1.0,0.10129054083717748,0.5579601299689202,False,False,False,,below_bounded_prescreen
diff__detailed__ewm_h20__netrtg,detailed_efficiency,0.0,1048,1048,0.43730027308783,0.42517429289755854,1.0,1.0,0.13894674712006855,0.5547318507853479,False,False,False,,below_bounded_prescreen
diff__compact__blowout_loss10_rate,compact_performance,0.0,1048,615,-0.4103130559254209,0.43111106067992677,1.0,1.0,0.09668086468385328,0.5533349468426033,False,True,True,63.0,selected
diff__coach__prior_tournament_games,prior_coach_history,0.0,1048,172,0.41430090895075944,0.4287452895446274,1.0,1.0,0.0982266587079853,0.5530148726022687,False,False,False,,below_bounded_prescreen
diff__detailed__ewm_h10__netrtg,detailed_efficiency,0.0,1048,1048,0.4279798372934545,0.42230442936729046,1.0,1.0,0.1163177947482103,0.552208978510931,False,False,False,,below_bounded_prescreen
diff__compact__margin_q25,compact_performance,0.0,1048,140,0.43569954487463075,0.42192656350854996,1.0,1.0,0.1750912951890629,0.5513749985489602,False,True,True,64.0,selected
diff__compact__ewm_h20_margin,compact_performance,0.0,1048,1048,0.43410348548630556,0.41295995373688177,1.0,1.0,0.14001994199102152,0.5481227469210496,False,True,True,65.0,selected
diff__compact__ewm_h20_win,compact_performance,0.0,1048,1048,0.4131112269528424,0.41993358104262746,1.0,1.0,0.13486566652603316,0.5470579621690452,False,True,True,66.0,selected
diff__coach__prior_tournament_wins,prior_coach_history,0.0,1048,139,0.4006572220964509,0.41844495939685344,1.0,1.0,0.08730215497580307,0.5455060831726768,False,False,False,,below_bounded_prescreen
diff__detailed__ewm_h20__fourfactoredge,detailed_efficiency,0.0,1048,1048,0.4126188001570005,0.40973212670188497,1.0,1.0,0.11621549155203453,0.5427989371893635,False,False,False,,below_bounded_prescreen
diff__compact__losses,compact_performance,0.0,1048,32,-0.41582670219504697,0.40910140387464033,1.0,1.0,0.199378436914197,0.5398754108661697,False,True,False,,correlation_pruned_or_cap
diff__compact__margin_slope,compact_performance,0.0,1048,1048,-0.3983935613001552,0.4075415179670928,1.0,1.0,0.16258898975123803,0.5367629525201891,False,True,True,67.0,selected
diff__schedule__top_decile_games,schedule_and_accomplishment,0.0,1048,29,0.38182853323022553,0.4080265521301762,1.0,1.0,0.11121579255794156,0.5354063906308165,False,True,True,96.0,selected
diff__coach__prior_tournament_win_pct_smoothed,prior_coach_history,0.0,1048,605,0.38567956885369226,0.4084619035453497,1.0,1.0,0.14650397883896116,0.5350510596960217,False,False,False,,below_bounded_prescreen
diff__compact__half_delta_marginmean,compact_performance,0.0,1048,1028,-0.3880270517849515,0.40239952948543284,1.0,1.0,0.17142479439531805,0.5316607337698844,False,True,True,68.0,selected
diff__detailed__ewm_h20__offrtg,detailed_efficiency,0.0,1048,1048,0.38343525302879744,0.4007056979985863,1.0,1.0,0.12850966780381384,0.5315541039935043,False,False,False,,below_bounded_prescreen
diff__detailed__all__fourfactoredge_median,detailed_efficiency,0.0,1048,1048,0.40367650169407965,0.3906639395233088,1.0,1.0,0.15023859182778926,0.5303179776707742,False,False,False,,below_bounded_prescreen
diff__detailed__clean__fourfactoredge_median,detailed_efficiency,0.0,1048,1048,0.40420984332245163,0.3901149870077403,1.0,1.0,0.1484701662962346,0.5302425526428053,False,False,False,,below_bounded_prescreen
diff__prior__program_championships,prior_program_history,0.0,1048,10,0.37524886425835063,0.39083403384925947,1.0,1.0,0.09009167881848307,0.5265514192317424,False,False,False,,below_bounded_prescreen
diff__detailed__clean__offrtg_median,detailed_efficiency,0.0,1048,1048,0.38981887190277165,0.3861602725425104,1.0,1.0,0.2020920534872036,0.5230334004995265,False,False,False,,below_bounded_prescreen
diff__detailed__all__offrtg_median,detailed_efficiency,0.0,1048,1048,0.3897307218843458,0.3860814316541522,1.0,1.0,0.2016907858079942,0.5229922145762294,False,False,False,,below_bounded_prescreen
diff__detailed__clean__fourfactorcomposite_mean,detailed_efficiency,0.0,1048,1048,0.3741573508145674,0.38581579357764884,1.0,1.0,0.15051823934987274,0.5214854685224813,False,False,False,,below_bounded_prescreen
diff__detailed__all__fourfactorcomposite_mean,detailed_efficiency,0.0,1048,1048,0.37331566875086963,0.38514929551895327,1.0,1.0,0.15200682818899613,0.520920835846729,False,False,False,,below_bounded_prescreen
diff__detailed__ewm_h10__fourfactoredge,detailed_efficiency,0.0,1048,1048,0.3781044566918375,0.3767543767219834,1.0,1.0,0.10566754754837471,0.5197983793968213,False,False,False,,below_bounded_prescreen
diff__massey__strength_std,massey_consensus,0.0,1048,1048,-0.37130975648003284,0.3781724620270709,1.0,1.0,0.09789469212968566,0.5192951405134139,False,False,False,,below_bounded_prescreen
diff__compact__half_pointsformean_first,compact_performance,0.0,1048,936,0.35909948902494504,0.3755003578721069,1.0,1.0,0.10392998310021667,0.5150848600400905,False,True,True,69.0,selected
diff__prior__program_final_appearances,prior_program_history,0.0,1048,18,0.3660465824309801,0.3683771453803478,1.0,1.0,0.11164487564191616,0.5128854828917059,False,False,False,,below_bounded_prescreen
diff__adj__def_rtg_a50p0,opponent_adjusted_efficiency,0.0,1048,1048,-0.3637212581459407,0.3666682033329626,1.0,1.0,0.1294390119139287,0.5108418539153718,False,True,True,39.0,selected
diff__compact__blowout_loss20_rate,compact_performance,0.0,1048,170,-0.3597697105071056,0.36560270058763317,1.0,1.0,0.13211921145145672,0.5093538641355689,False,False,False,,below_bounded_prescreen
diff__detailed__away__off_rtg_mean,detailed_efficiency,0.0,1048,1048,0.33870472514835603,0.3735880662994285,1.0,1.0,0.20167995168451244,0.5057701132889835,False,False,False,,below_bounded_prescreen
diff__detailed__ewm_h10__offrtg,detailed_efficiency,0.0,1048,1048,0.3670941199358237,0.35972471958861685,1.0,1.0,0.19648291145218372,0.5055692553303299,False,False,False,,below_bounded_prescreen
diff__compact__away_margin_mean,compact_performance,0.0,1048,967,0.36752264406892615,0.34901589374717223,1.0,1.0,0.15255022522962736,0.5022806016846213,False,False,False,,below_bounded_prescreen
diff__detailed__away__net_rtg_mean,detailed_efficiency,0.0,1048,1048,0.3621822420742147,0.3509307087167375,1.0,1.0,0.15354548969068388,0.5019850138527339,False,False,False,,below_bounded_prescreen
diff__detailed__clean__oppfourfactorcomposite_mean,detailed_efficiency,0.0,1048,1048,-0.349212517931629,0.3524987374895122,1.0,1.0,0.13815333035247673,0.5005000147258251,False,False,False,,below_bounded_prescreen
diff__detailed__all__oppfourfactorcomposite_mean,detailed_efficiency,0.0,1048,1048,-0.34962865660180587,0.3504339598333781,1.0,1.0,0.13618400928678587,0.4996792448009474,False,False,False,,below_bounded_prescreen
diff__detailed__home__off_rtg_mean,detailed_efficiency,0.0,1048,1048,0.3485098392075756,0.3530808265224279,1.0,1.0,0.18070203183907518,0.498922880082869,False,False,False,,below_bounded_prescreen
diff__compact__home_games,compact_performance,0.0,1048,19,0.36470896077824544,0.3390765511700312,1.0,1.0,0.1504122822042348,0.4969762246446596,False,False,False,,below_bounded_prescreen
diff__detailed__home__games,detailed_efficiency,0.0,1048,19,0.36470896077824544,0.3390765511700312,1.0,1.0,0.1504122822042348,0.4969762246446596,False,False,False,,below_bounded_prescreen
diff__detailed__clean__games,detailed_efficiency,0.0,1048,15,0.3022174113056978,0.3588238813379865,1.0,1.0,0.16653552281263545,0.49206187261698153,False,False,False,,below_bounded_prescreen
diff__compact__win_slope,compact_performance,0.0,1048,1009,-0.3350637955113189,0.3344625890107572,1.0,1.0,0.09068334671216238,0.49062874386916705,False,False,False,,below_bounded_prescreen
diff__compact__games,compact_performance,0.0,1048,15,0.2946775355898885,0.3485502592505081,1.0,1.0,0.18873330817013848,0.4845838499432138,False,False,False,,below_bounded_prescreen
diff__detailed__all__games,detailed_efficiency,0.0,1048,15,0.2946775355898885,0.3485502592505081,1.0,1.0,0.18873330817013848,0.4845838499432138,False,False,False,,below_bounded_prescreen
diff__quality__CompactGames,detailed_efficiency,0.0,1048,15,0.2946775355898885,0.3485502592505081,1.0,1.0,0.18873330817013848,0.4845838499432138,False,False,False,,below_bounded_prescreen
diff__quality__DetailedGames,detailed_efficiency,0.0,1048,15,0.2946775355898885,0.3485502592505081,1.0,1.0,0.18873330817013848,0.4845838499432138,False,False,False,,below_bounded_prescreen
diff__detailed__all__opptrueshootingpct_mean,detailed_efficiency,0.0,1048,1048,-0.309651585949581,0.3351071738974041,1.0,1.0,0.13248967449097762,0.4836752054000227,False,False,False,,below_bounded_prescreen
diff__detailed__clean__opptrueshootingpct_mean,detailed_efficiency,0.0,1048,1048,-0.3100493571017051,0.33390767179779524,1.0,1.0,0.1325130318177919,0.48318601975260517,False,False,False,,below_bounded_prescreen
diff__compact__home_win_pct,compact_performance,0.0,1048,462,0.3221768043506332,0.32656893884212385,1.0,1.0,0.12136247582798837,0.4827774885682392,False,False,False,,below_bounded_prescreen
diff__compact__ewm_h10_win,compact_performance,0.0,1048,1048,0.3233405582504503,0.32574007860315823,1.0,1.0,0.1832167466504055,0.4801614906785988,False,False,False,,below_bounded_prescreen
diff__compact__away_win_pct,compact_performance,0.0,1048,521,0.3153558872654056,0.33006250687480954,1.0,1.0,0.2096472240111133,0.47942240953785326,False,False,False,,below_bounded_prescreen
diff__detailed__all__assist_to_turnover_ros,detailed_efficiency,0.0,1048,1048,0.31010362298366523,0.3244348713205334,1.0,1.0,0.11708247830800766,0.47926823615794206,False,False,False,,below_bounded_prescreen
diff__detailed__clean__assist_to_turnover_ros,detailed_efficiency,0.0,1048,1048,0.3097743495878925,0.3241262042477845,1.0,1.0,0.11515625731010082,0.4791246846558689,False,False,False,,below_bounded_prescreen
diff__detailed__clean__fourfactorcomposite_median,detailed_efficiency,0.0,1048,1048,0.3444722532806193,0.31351242007505775,1.0,1.0,0.18267010694985553,0.4789630530797697,False,False,False,,below_bounded_prescreen
diff__detailed__all__fourfactorcomposite_median,detailed_efficiency,0.0,1048,1048,0.3434528604987216,0.3134503318206324,1.0,1.0,0.1827211831233756,0.47870694125868724,False,False,False,,below_bounded_prescreen
diff__detailed__clean__def_rtg_ros,detailed_efficiency,0.0,1048,1048,-0.32581310559806775,0.3169997972567195,1.0,1.0,0.14358512511527544,0.4780953809101892,False,False,False,,below_bounded_prescreen
diff__detailed__all__def_rtg_ros,detailed_efficiency,0.0,1048,1048,-0.32638346118566736,0.31248506880273774,1.0,1.0,0.14361509489827548,0.47605259069022987,False,False,False,,below_bounded_prescreen
diff__detailed__clean__defrtg_mean,detailed_efficiency,0.0,1048,1048,-0.3189120490137262,0.3167151095243964,1.0,1.0,0.1605247953427273,0.47576291154102096,False,False,False,,below_bounded_prescreen
diff__detailed__clean__defrtg_trim02,detailed_efficiency,0.0,1048,1048,-0.3189120490137262,0.3167151095243964,1.0,1.0,0.1605247953427273,0.47576291154102096,False,False,False,,below_bounded_prescreen
diff__detailed__poss0p44__def_rtg_mean,detailed_efficiency,0.0,1048,1048,-0.3223853668677581,0.3141767602322498,1.0,1.0,0.16136316487063318,0.4752750990275613,False,False,False,,below_bounded_prescreen
diff__detailed__all__defrtg_mean,detailed_efficiency,0.0,1048,1048,-0.3194829403918736,0.3128500185124339,1.0,1.0,0.1604045315347027,0.4740380745107924,False,False,False,,below_bounded_prescreen
diff__detailed__all__defrtg_trim02,detailed_efficiency,0.0,1048,1048,-0.3194829403918736,0.3128500185124339,1.0,1.0,0.1604045315347027,0.4740380745107924,False,False,False,,below_bounded_prescreen
diff__detailed__poss0p475__def_rtg_mean,detailed_efficiency,0.0,1048,1048,-0.3194829403918736,0.3128500185124339,1.0,1.0,0.1604045315347027,0.4740380745107924,False,False,False,,below_bounded_prescreen
diff__coach__prior_final_appearances,prior_coach_history,0.0,1048,18,0.3040187424504764,0.31420628951709256,1.0,1.0,0.09363158817068856,0.47395787878048173,False,False,False,,below_bounded_prescreen
diff__compact__ewm_h20_points_for,compact_performance,0.0,1048,1048,0.30076327618280635,0.31229221637139337,1.0,1.0,0.08080372135152813,0.47283603576442507,False,False,False,,below_bounded_prescreen
diff__detailed__clean__assistturnoverratio_mean,detailed_efficiency,0.0,1048,1048,0.294363696563869,0.3188169257105733,1.0,1.0,0.13215499693160251,0.4725059377078623,False,False,False,,below_bounded_prescreen
diff__detailed__all__assistturnoverratio_mean,detailed_efficiency,0.0,1048,1048,0.29459707449667805,0.31841515804495385,1.0,1.0,0.1321161601744042,0.47236598584387085,False,False,False,,below_bounded_prescreen
diff__compact__half_delta_pointsformean,compact_performance,0.0,1048,1014,-0.29953889003596146,0.3115251096092472,1.0,1.0,0.1288989995391232,0.4702746484387852,False,False,False,,below_bounded_prescreen
diff__compact__points_for_mean,compact_performance,0.0,1048,1037,0.2838386729606379,0.31189049241419875,1.0,1.0,0.14933373935590005,0.4661785948359197,False,False,False,,below_bounded_prescreen
diff__detailed__home__def_rtg_mean,detailed_efficiency,0.0,1048,1048,-0.2998868502368025,0.3016422482356703,1.0,1.0,0.1311396317926593,0.4655178009335119,False,False,False,,below_bounded_prescreen
diff__coach__prior_championships,prior_coach_history,0.0,1048,10,0.28681422836940756,0.3032759902417055,1.0,1.0,0.11714315964719585,0.46398587917140044,False,False,False,,below_bounded_prescreen
diff__compact__half_delta_winpct,compact_performance,0.0,1048,673,-0.2893335209214112,0.2925585207699538,1.0,1.0,0.0412780301965846,0.4624303433644249,False,False,False,,below_bounded_prescreen
diff__detailed__all__oppfourfactorcomposite_median,detailed_efficiency,0.0,1048,1048,-0.2996028842172958,0.29607894139492297,1.0,1.0,0.14300065216098562,0.4623105003109287,False,False,False,,below_bounded_prescreen
diff__coach__has_prior_tournament_history,prior_coach_history,0.0,1048,3,0.28768869859553386,0.2938760030730075,1.0,1.0,0.13151745488085534,0.45909129697082673,False,False,False,,below_bounded_prescreen
diff__detailed__clean__oppfourfactorcomposite_median,detailed_efficiency,0.0,1048,1048,-0.2981638110307073,0.28969752194719,1.0,1.0,0.14931352136075027,0.45867830810697674,False,False,False,,below_bounded_prescreen
diff__compact__rest_days_std,compact_performance,0.0,1048,1048,-0.30196763051911213,0.3263220050919612,0.875,1.0,0.1630409533969259,0.45654580302246905,False,False,False,,below_bounded_prescreen
diff__detailed__clean__assistturnoverratio_median,detailed_efficiency,0.0,1048,916,0.2767809631825816,0.29172232597899506,1.0,1.0,0.11385936998326388,0.45636415357075505,False,False,False,,below_bounded_prescreen
diff__detailed__all__assistturnoverratio_median,detailed_efficiency,0.0,1048,911,0.2766155457295687,0.2908222086432178,1.0,1.0,0.11000268368818836,0.45604997286172205,False,False,False,,below_bounded_prescreen
diff__detailed__clean__orb_pct_ros,detailed_efficiency,0.0,1048,1048,0.25826044288109845,0.3019428110968997,1.0,1.0,0.14461288863433666,0.45596533121498,False,False,False,,below_bounded_prescreen
diff__compact__days_since_last_game,compact_performance,0.0,1048,17,-0.26257011040346506,0.3008662766693191,1.0,1.0,0.17041084121485425,0.45536480344144126,False,False,False,,below_bounded_prescreen
diff__compact__last_game_day,compact_performance,0.0,1048,17,0.26257011040346506,0.3008662766693191,1.0,1.0,0.17041084121485425,0.45536480344144126,False,False,False,,below_bounded_prescreen
diff__compact__half_pointsagainstmean_first,compact_performance,0.0,1048,930,-0.307517097148671,0.2804447752972273,1.0,1.0,0.19189070001003455,0.4545916255149753,False,False,False,,below_bounded_prescreen
diff__detailed__all__defrtg_median,detailed_efficiency,0.0,1048,1048,-0.26798489491213545,0.29214470290912115,1.0,1.0,0.14270679104472062,0.4534778626352591,False,False,False,,below_bounded_prescreen
diff__detailed__all__orb_pct_ros,detailed_efficiency,0.0,1048,1048,0.2577842324923471,0.29638336975973045,1.0,1.0,0.1441867988267063,0.4532090766799187,False,False,False,,below_bounded_prescreen
diff__detailed__clean__defrtg_median,detailed_efficiency,0.0,1048,1048,-0.26610687911698866,0.2911785491234828,1.0,1.0,0.13564447127585996,0.45288343813397486,False,False,False,,below_bounded_prescreen
diff__conference__tourney_last_day,conference_context,0.01812977099236641,1029,17,0.2565420480607588,0.290708679829567,1.0,1.0,0.16466681076466114,0.4479423627815833,False,True,False,,correlation_pruned_or_cap
diff__detailed__clean__orbpct_mean,detailed_efficiency,0.0,1048,1048,0.25239770653993265,0.28589926436824764,1.0,1.0,0.15246709409072035,0.4466604585719152,False,False,False,,below_bounded_prescreen
diff__detailed__clean__orbpct_trim02,detailed_efficiency,0.0,1048,1048,0.25239770653993265,0.28589926436824764,1.0,1.0,0.15246709409072035,0.4466604585719152,False,False,False,,below_bounded_prescreen
diff__detailed__all__orbpct_mean,detailed_efficiency,0.0,1048,1048,0.2520431289775322,0.2835740756564199,1.0,1.0,0.15223701765740405,0.4454755639838424,False,False,False,,below_bounded_prescreen
diff__detailed__all__orbpct_trim02,detailed_efficiency,0.0,1048,1048,0.2520431289775322,0.2835740756564199,1.0,1.0,0.15223701765740405,0.4454755639838424,False,False,False,,below_bounded_prescreen
diff__detailed__all__tov_pct_ros,detailed_efficiency,0.0,1048,1048,-0.2770347845800175,0.2668379877521354,1.0,1.0,0.167441698993896,0.442332218768873,False,False,False,,below_bounded_prescreen
diff__detailed__clean__rebound_share_ros,detailed_efficiency,0.0,1048,1048,0.27476979278415803,0.26182201220574675,1.0,1.0,0.09801039314331964,0.44220350454554047,False,False,False,,below_bounded_prescreen
diff__detailed__all__rebound_share_ros,detailed_efficiency,0.0,1048,1048,0.27468939557859945,0.26178143861377773,1.0,1.0,0.0972727144657898,0.4421958489832736,False,False,False,,below_bounded_prescreen
diff__detailed__clean__tov_pct_ros,detailed_efficiency,0.0,1048,1048,-0.27708923598448837,0.2664132516192969,1.0,1.0,0.16726180907012267,0.44214752033104504,False,False,False,,below_bounded_prescreen
interaction__rebounding_matchup_edge,matchup_interactions,0.0,1048,1048,0.2525971037991179,0.26944227776201163,1.0,1.0,0.08368058911679882,0.44155643259689953,False,True,False,,correlation_pruned_or_cap
diff__detailed__clean__tovpct_mean,detailed_efficiency,0.0,1048,1048,-0.2737900678416046,0.25959453567171814,1.0,1.0,0.17315976144646375,0.4379128015897192,False,False,False,,below_bounded_prescreen
diff__detailed__clean__tovpct_trim02,detailed_efficiency,0.0,1048,1048,-0.2737900678416046,0.25959453567171814,1.0,1.0,0.17315976144646375,0.4379128015897192,False,False,False,,below_bounded_prescreen
diff__detailed__all__tovpct_mean,detailed_efficiency,0.0,1048,1048,-0.273800272281262,0.25926077152956273,1.0,1.0,0.17394340108679876,0.4377234941925958,False,False,False,,below_bounded_prescreen
diff__detailed__all__tovpct_trim02,detailed_efficiency,0.0,1048,1048,-0.273800272281262,0.25926077152956273,1.0,1.0,0.17394340108679876,0.4377234941925958,False,False,False,,below_bounded_prescreen
diff__detailed__ewm_h20__defrtg,detailed_efficiency,0.0,1048,1048,-0.2760430212334041,0.25472748328296946,1.0,1.0,0.1558033533474483,0.43676652251327625,False,False,False,,below_bounded_prescreen
diff__detailed__clean__blockpct_median,detailed_efficiency,0.0,1048,1012,0.2449739354365896,0.2687029836083004,1.0,1.0,0.18118242558231162,0.43562440090474147,False,False,False,,below_bounded_prescreen
diff__detailed__all__blockpct_median,detailed_efficiency,0.0,1048,1011,0.24495354887241266,0.2678253727770329,1.0,1.0,0.18111041185811003,0.43520154321058213,False,False,False,,below_bounded_prescreen
diff__detailed__clean__opptrueshootingpct_median,detailed_efficiency,0.0,1048,1048,-0.28372992555946375,0.24276332718697902,1.0,1.0,0.11644638169875482,0.4342891254048818,False,False,False,,below_bounded_prescreen
diff__detailed__all__opptrueshootingpct_median,detailed_efficiency,0.0,1048,1048,-0.28367423436004807,0.24312902637341677,1.0,1.0,0.12056068807428999,0.434287836695479,False,False,False,,below_bounded_prescreen
diff__detailed__all__oppfgpct_mean,detailed_efficiency,0.0,1048,1048,-0.259765353786943,0.29320808205458704,0.875,1.0,0.10205146178739602,0.4338061987478334,False,False,False,,below_bounded_prescreen
diff__detailed__clean__oppfgpct_mean,detailed_efficiency,0.0,1048,1048,-0.26000415711876984,0.2927031301218715,0.875,1.0,0.1010354770333754,0.4336569979432926,False,False,False,,below_bounded_prescreen
diff__detailed__clean__reboundshare_median,detailed_efficiency,0.0,1048,1033,0.24311610036859227,0.26058621204223564,1.0,1.0,0.13960862554229886,0.43298257883967145,False,False,False,,below_bounded_prescreen
diff__detailed__clean__efg_ros,detailed_efficiency,0.0,1048,1048,0.2319274556992131,0.2692807721364444,1.0,1.0,0.18317195642438486,0.43295193262234477,False,False,False,,below_bounded_prescreen
diff__detailed__all__efg_ros,detailed_efficiency,0.0,1048,1048,0.23139782641751508,0.26829943836836523,1.0,1.0,0.17648870285639953,0.4326317041144127,False,False,False,,below_bounded_prescreen
diff__detailed__clean__reboundshare_mean,detailed_efficiency,0.0,1048,1048,0.26844179122065465,0.24495315672890183,1.0,1.0,0.10114332646340696,0.4325889762398806,False,False,False,,below_bounded_prescreen
diff__detailed__ewm_h20__tovpct,detailed_efficiency,0.0,1048,1048,-0.23960382956776535,0.25948876984780844,1.0,1.0,0.11820589296816503,0.43253921631312986,False,False,False,,below_bounded_prescreen
diff__detailed__all__reboundshare_mean,detailed_efficiency,0.0,1048,1048,0.26831826281276006,0.24483523504790727,1.0,1.0,0.1014371140433584,0.4324934460800684,False,False,False,,below_bounded_prescreen
diff__norm__detailed__all__efg_ros__z,within_season_normalization,0.0,1048,1048,0.23045955869946308,0.2682994393525826,1.0,1.0,0.17648870206514067,0.4324252857205159,False,False,False,,below_bounded_prescreen
diff__detailed__all__reboundshare_median,detailed_efficiency,0.0,1048,1033,0.24236258935580668,0.256984495009141,1.0,1.0,0.14254142722884172,0.4309706701735115,False,False,False,,below_bounded_prescreen
diff__detailed__all__oppefg_mean,detailed_efficiency,0.0,1048,1048,-0.2739638658702164,0.28111026504516334,0.875,1.0,0.14310102121857843,0.42948093686438293,False,False,False,,below_bounded_prescreen
diff__detailed__clean__oppefg_mean,detailed_efficiency,0.0,1048,1048,-0.2744888802644342,0.28070164196065805,0.875,1.0,0.14533019683897622,0.42931113392573234,False,False,False,,below_bounded_prescreen
diff__detailed__clean__opp_efg_ros,detailed_efficiency,0.0,1048,1048,-0.27382697126262345,0.27918179688439515,0.875,1.0,0.14380128922529714,0.428497144613275,False,False,False,,below_bounded_prescreen
diff__detailed__all__opp_efg_ros,detailed_efficiency,0.0,1048,1048,-0.2732279992223917,0.2788498439381615,0.875,1.0,0.1414663206603467,0.42829943209282983,False,False,False,,below_bounded_prescreen
diff__detailed__clean__fgpct_median,detailed_efficiency,0.0,1048,1029,0.24611989674758472,0.24724965288017814,1.0,1.0,0.15487845026409158,0.4266310726563905,False,False,False,,below_bounded_prescreen
diff__detailed__ewm_h10__orbpct,detailed_efficiency,0.0,1048,1048,0.21922926566433307,0.25773857676123,1.0,1.0,0.13310772055255343,0.4266206464694415,False,False,False,,below_bounded_prescreen
diff__prior__program_years_since_appearance,prior_program_history,0.05820610687022901,987,50,-0.23676396249124856,0.25912218631504474,1.0,1.0,0.15324909334082748,0.42568026889604477,False,False,False,,below_bounded_prescreen
diff__detailed__all__oppfg2pct_mean,detailed_efficiency,0.0,1048,1048,-0.26530590729834463,0.2772960225173885,0.875,1.0,0.14531309209702606,0.42565686673010134,False,False,False,,below_bounded_prescreen
diff__detailed__clean__oppfg2pct_mean,detailed_efficiency,0.0,1048,1048,-0.2656055302872812,0.27676503223148574,0.875,1.0,0.14742644370806582,0.4253833743859924,False,False,False,,below_bounded_prescreen
diff__detailed__ewm_h10__tovpct,detailed_efficiency,0.0,1048,1048,-0.24481529057712847,0.24347682356648176,1.0,1.0,0.15363439760303588,0.42458286333475803,False,False,False,,below_bounded_prescreen
diff__detailed__all__fgpct_median,detailed_efficiency,0.0,1048,1030,0.24641166490996186,0.24264113275534263,1.0,1.0,0.15915524276007575,0.424312100292353,False,False,False,,below_bounded_prescreen
diff__detailed__clean__efg_mean,detailed_efficiency,0.0,1048,1048,0.2191939467339691,0.25639429501582567,1.0,1.0,0.1799083436985715,0.42409559614112663,False,False,False,,below_bounded_prescreen
diff__detailed__clean__efg_trim02,detailed_efficiency,0.0,1048,1048,0.2191939467339691,0.25639429501582567,1.0,1.0,0.1799083436985715,0.42409559614112663,False,False,False,,below_bounded_prescreen
diff__detailed__ewm_h20__orbpct,detailed_efficiency,0.0,1048,1048,0.24169944841509186,0.24090533587808202,1.0,1.0,0.12309461637785737,0.4238846552176853,False,False,False,,below_bounded_prescreen
diff__massey__rank_improvement_mean,massey_consensus,0.0,1048,1045,-0.24784777425154275,0.23947011342784183,1.0,1.0,0.1459247633017098,0.4236351742486351,False,False,False,,below_bounded_prescreen
diff__detailed__all__efg_mean,detailed_efficiency,0.0,1048,1048,0.21860984668384112,0.25545413964957703,1.0,1.0,0.17755351683060044,0.423610012629018,False,False,False,,below_bounded_prescreen
diff__detailed__all__efg_trim02,detailed_efficiency,0.0,1048,1048,0.21860984668384112,0.25545413964957703,1.0,1.0,0.17755351683060044,0.423610012629018,False,False,False,,below_bounded_prescreen
diff__geography__neutral_games_with_city,geography_and_schedule_dispersion,0.0,1048,17,0.25015892837655296,0.25262351505323255,1.0,1.0,0.32044986834158756,0.4234762567347298,False,False,False,,below_bounded_prescreen
diff__detailed__ewm_h20__efg,detailed_efficiency,0.0,1048,1048,0.2500012805797891,0.24039149526418602,1.0,1.0,0.17557294684671293,0.4233652815804944,False,False,False,,below_bounded_prescreen
diff__detailed__all__blockpct_mean,detailed_efficiency,0.0,1048,1048,0.2444096536212035,0.24104218414058487,1.0,1.0,0.15784112298675115,0.42315672726467546,False,False,False,,below_bounded_prescreen
diff__detailed__clean__blockpct_mean,detailed_efficiency,0.0,1048,1048,0.2443779676066146,0.24006424124653047,1.0,1.0,0.1577737119710822,0.42268304019294656,False,False,False,,below_bounded_prescreen
diff__detailed__clean__orbpct_median,detailed_efficiency,0.0,1048,1008,0.243956844951769,0.24099808226412883,1.0,1.0,0.1773008383567456,0.4222575518419011,False,False,False,,below_bounded_prescreen
diff__detailed__all__orbpct_median,detailed_efficiency,0.0,1048,1008,0.2439461234037208,0.2392682845669437,1.0,1.0,0.1765348873081835,0.4214555282486242,False,False,False,,below_bounded_prescreen
diff__context__d1_tenure,availability_and_context,0.0,1048,33,0.22563518644774347,0.2404397372434418,1.0,1.0,0.1083625544574428,0.42071631271705784,False,False,False,,below_bounded_prescreen
diff__compact__pythag_residual_exp13p91,compact_performance,0.0,1048,1048,-0.24159991220043373,0.23919067099345548,1.0,1.0,0.19173218859423383,0.42029421521718474,False,False,False,,below_bounded_prescreen
diff__detailed__clean__tovpct_median,detailed_efficiency,0.0,1048,1048,-0.24657941234596883,0.2273803862636533,1.0,1.0,0.12122227659169965,0.4185411650589987,False,False,False,,below_bounded_prescreen
diff__detailed__all__fg_pct_ros,detailed_efficiency,0.0,1048,1048,0.25774295493269134,0.2668206996472727,0.875,1.0,0.16556260875210688,0.4181548815657987,False,False,False,,below_bounded_prescreen
diff__norm__detailed__all__efg_ros__pct,within_season_normalization,0.0,1048,839,0.24366085313639507,0.23382275365750982,1.0,1.0,0.20532540518540338,0.4176272932381954,False,False,False,,below_bounded_prescreen
diff__detailed__clean__fg_pct_ros,detailed_efficiency,0.0,1048,1048,0.25829747463982683,0.26477969858766137,0.875,1.0,0.1671917342546469,0.4172320303726535,False,False,False,,below_bounded_prescreen
diff__compact__ewm_h10_points_for,compact_performance,0.0,1048,1048,0.241672607875752,0.2740233717572005,0.875,1.0,0.19067098608385938,0.41707235273276727,False,False,False,,below_bounded_prescreen
diff__detailed__all__tovpct_median,detailed_efficiency,0.0,1048,1048,-0.2462951924358525,0.22448373881554887,1.0,1.0,0.12226346943273503,0.41704659819004164,False,False,False,,below_bounded_prescreen
diff__massey__rank_improvement_median,massey_consensus,0.0,1048,156,-0.23397035043847267,0.2292287473186289,1.0,1.0,0.1278342772927361,0.4163899047176964,False,False,False,,below_bounded_prescreen
diff__detailed__all__oppfg2pct_median,detailed_efficiency,0.0,1048,1012,-0.2395135799628264,0.26086111544025326,0.875,1.0,0.07086627042725771,0.415071672186053,False,False,False,,below_bounded_prescreen
diff__detailed__clean__oppfg2pct_median,detailed_efficiency,0.0,1048,1011,-0.24166649798111606,0.2593942418953429,0.875,1.0,0.07198345624742342,0.41479652741571316,False,False,False,,below_bounded_prescreen
diff__conference__team_count,conference_context,0.0,1048,17,0.21940282306117284,0.22873618341376184,1.0,1.0,0.08636696384546941,0.41460731055824496,False,True,False,,correlation_pruned_or_cap
diff__detailed__all__fgpct_mean,detailed_efficiency,0.0,1048,1048,0.24591516185127207,0.2574915864718348,0.875,1.0,0.16739559288236897,0.4110014733984658,False,False,False,,below_bounded_prescreen
diff__detailed__clean__fgpct_mean,detailed_efficiency,0.0,1048,1048,0.24654696954993022,0.2555770253566167,0.875,1.0,0.16891064029337932,0.4101608798604255,False,False,False,,below_bounded_prescreen
diff__compact__close5_games,compact_performance,0.0,1048,25,-0.2320051980295468,0.25647939328660496,0.875,1.0,0.14804664539029147,0.408229386528459,False,False,False,,below_bounded_prescreen
diff__compact__last20_margin_mean,compact_performance,0.0,1048,445,0.24047213743338225,0.21486036639048298,1.0,1.0,0.19993091052355877,0.40803960968183356,False,False,False,,below_bounded_prescreen
diff__detailed__all__oppftrate_mean,detailed_efficiency,0.0,1048,1048,-0.2160417939354858,0.2225265786028819,1.0,1.0,0.16834651141970702,0.407608091938402,False,False,False,,below_bounded_prescreen
diff__detailed__clean__oppftrate_mean,detailed_efficiency,0.0,1048,1048,-0.21630502945749983,0.22207477271683168,1.0,1.0,0.1682394972143222,0.4074534174961563,False,False,False,,below_bounded_prescreen
diff__detailed__clean__oppftmaderate_mean,detailed_efficiency,0.0,1048,1048,-0.2162542501573465,0.2210428765148282,1.0,1.0,0.16952736193924162,0.40689542128416417,False,False,False,,below_bounded_prescreen
diff__detailed__clean__oppftrate_median,detailed_efficiency,0.0,1048,1047,-0.21573716013558372,0.21521295424737666,1.0,1.0,0.09857243004240135,0.4068214960668731,False,False,False,,below_bounded_prescreen
diff__detailed__all__oppftrate_median,detailed_efficiency,0.0,1048,1048,-0.21481210741520912,0.2151146173727277,1.0,1.0,0.10421242257960567,0.406345183067071,False,False,False,,below_bounded_prescreen
diff__detailed__all__oppftmaderate_mean,detailed_efficiency,0.0,1048,1048,-0.21602054023743378,0.21991460583483916,1.0,1.0,0.17048453867789237,0.40626414810584255,False,False,False,,below_bounded_prescreen
diff__compact__home_margin_std,compact_performance,0.0,1048,1048,0.21060879102737157,0.21940767657817511,1.0,1.0,0.13511583947649278,0.40624498520448604,False,False,False,,below_bounded_prescreen
diff__detailed__clean__opp_ft_rate_ros,detailed_efficiency,0.0,1048,1048,-0.21835712257205728,0.2170708322580686,1.0,1.0,0.16677188524676342,0.40556169103985495,False,False,False,,below_bounded_prescreen
diff__detailed__all__foul_rate_ros,detailed_efficiency,0.0,1048,1048,-0.2286881114007856,0.20814570210245412,1.0,1.0,0.1499105583096139,0.40422489918496624,False,False,False,,below_bounded_prescreen
diff__detailed__clean__oppfgpct_median,detailed_efficiency,0.0,1048,1032,-0.21703811279076035,0.2500069723467729,0.875,1.0,0.09497556698473011,0.403952708861029,False,False,False,,below_bounded_prescreen
diff__detailed__last20__net_rtg_mean,detailed_efficiency,0.0,1048,1048,0.2366178042989836,0.2070711877024038,1.0,1.0,0.18797579823561755,0.40393105511350547,False,False,False,,below_bounded_prescreen
diff__detailed__clean__foul_rate_ros,detailed_efficiency,0.0,1048,1048,-0.22900406430047843,0.2072397019988952,1.0,1.0,0.15101986578042934,0.4038151564743578,False,False,False,,below_bounded_prescreen
diff__detailed__clean__oppefg_median,detailed_efficiency,0.0,1048,1035,-0.2340902609083855,0.24419541247555718,0.875,1.0,0.17253213328085765,0.4018123700568779,False,False,False,,below_bounded_prescreen
diff__detailed__all__foulrate_mean,detailed_efficiency,0.0,1048,1048,-0.2249055199729548,0.20471517337820921,1.0,1.0,0.14979705321982428,0.40175061548679747,False,False,False,,below_bounded_prescreen
diff__detailed__clean__foulrate_mean,detailed_efficiency,0.0,1048,1048,-0.2252388381702369,0.2039547688153907,1.0,1.0,0.15077639955874,0.40141977744649,False,False,False,,below_bounded_prescreen
diff__detailed__all__oppefg_median,detailed_efficiency,0.0,1048,1034,-0.23432830211835742,0.24272912677345812,0.875,1.0,0.17188546573607774,0.40118678868785546,False,False,False,,below_bounded_prescreen
diff__detailed__all__oppfgpct_median,detailed_efficiency,0.0,1048,1032,-0.21879031100652305,0.242923018117509,0.875,1.0,0.09733131668644748,0.40084366445038155,False,False,False,,below_bounded_prescreen
interaction__free_throw_pressure_edge,matchup_interactions,0.0,1048,1048,-0.20349532845823282,0.21285157013271364,1.0,1.0,0.1545908160881769,0.40075409328098666,False,True,False,,correlation_pruned_or_cap
diff__detailed__clean__fg2pct_mean,detailed_efficiency,0.0,1048,1048,0.2286291695804619,0.24599060195665462,0.875,1.0,0.19821780782306525,0.4004451939339732,False,False,False,,below_bounded_prescreen
diff__detailed__all__oppftmaderate_median,detailed_efficiency,0.0,1048,1038,-0.21618989830913057,0.2009971329262394,1.0,1.0,0.10146475062544241,0.399981811407586,False,False,False,,below_bounded_prescreen
diff__compact__half_delta_pointsagainstmean,compact_performance,0.0,1048,1020,0.2433487869230449,0.23101322927776485,0.875,1.0,0.12232751479777992,0.3995299825844858,False,False,False,,below_bounded_prescreen
diff__compact__pythag_residual_exp11p5,compact_performance,0.0,1048,1048,-0.2284383990024258,0.20044402510535209,1.0,1.0,0.2043161351138214,0.3982969344265498,False,False,False,,below_bounded_prescreen
diff__detailed__all__fg2pct_mean,detailed_efficiency,0.0,1048,1048,0.2283300547602088,0.24123382241806784,0.875,1.0,0.1967243263007591,0.3981558737558881,False,False,False,,below_bounded_prescreen
diff__detailed__clean__fg2pct_median,detailed_efficiency,0.0,1048,956,0.21153930647362978,0.24644171733558665,0.875,1.0,0.16698622989624684,0.3981512225494303,False,False,False,,below_bounded_prescreen
diff__detailed__clean__oppftmaderate_median,detailed_efficiency,0.0,1048,1038,-0.21542435531814497,0.19770854300760465,1.0,1.0,0.10482951412634839,0.3981002782485882,False,False,False,,below_bounded_prescreen
diff__compact__last20_margin_median,compact_performance,0.0,1048,75,0.21189580366784114,0.20306459269082477,1.0,1.0,0.16929506404112915,0.39731627873687575,False,False,False,,below_bounded_prescreen
diff__detailed__all__fg2pct_median,detailed_efficiency,0.0,1048,958,0.21157130759407977,0.24304574273374335,0.875,1.0,0.16749506875912082,0.3965078414325295,False,False,False,,below_bounded_prescreen
diff__detailed__clean__efg_median,detailed_efficiency,0.0,1048,1026,0.21153567534348114,0.20347441802697613,1.0,1.0,0.22635897615862988,0.39515121018216914,False,False,False,,below_bounded_prescreen
diff__compact__ewm_h5_margin,compact_performance,0.0,1048,1048,0.2205473181651342,0.19374068721253984,1.0,1.0,0.1605293105551289,0.3950947674361435,False,False,False,,below_bounded_prescreen
diff__detailed__all__efg_median,detailed_efficiency,0.0,1048,1026,0.21173027093126523,0.20274581591919555,1.0,1.0,0.22326455977406492,0.39496806885512964,False,False,False,,below_bounded_prescreen
diff__seed__playin,selection_committee_prior,0.0,1048,3,-0.17908372091576935,0.20378178567067035,1.0,1.0,0.08415958242805269,0.3938472924262689,False,True,False,,correlation_pruned_or_cap
diff__detailed__last20__off_rtg_mean,detailed_efficiency,0.0,1048,1048,0.25208105351074905,0.2207126416045193,0.875,1.0,0.2247475413991004,0.39240999808657007,False,False,False,,below_bounded_prescreen
diff__detailed__clean__true_shooting_ros,detailed_efficiency,0.0,1048,1048,0.21030855894004555,0.23802210664817638,0.875,1.0,0.23664413573478565,0.3910527287285433,False,False,False,,below_bounded_prescreen
diff__coach__seasons_with_program_through_current,prior_coach_history,0.0,1048,59,0.2117438499738033,0.224351392204304,0.875,1.0,0.08879032098457174,0.3907207024129198,False,False,False,,below_bounded_prescreen
diff__detailed__all__true_shooting_ros,detailed_efficiency,0.0,1048,1048,0.2100087578445981,0.23738115534276577,0.875,1.0,0.2399724762601595,0.3905459822399328,False,False,False,,below_bounded_prescreen
diff__compact__neutral_games,compact_performance,0.042938931297709926,1003,17,0.23952888046282728,0.22082288863910027,0.875,1.0,0.13997750893855412,0.38965712538723113,False,False,False,,below_bounded_prescreen
diff__detailed__neutral__games,detailed_efficiency,0.042938931297709926,1003,17,0.23952888046282728,0.22082288863910027,0.875,1.0,0.13997750893855412,0.38965712538723113,False,False,False,,below_bounded_prescreen
diff__coach__years_since_tournament_appearance,prior_coach_history,0.2833969465648855,751,31,-0.2180645727077927,0.2260927201706771,1.0,1.0,0.12520224043414485,0.3888188663350827,False,False,False,,below_bounded_prescreen
diff__detailed__clean__trueshootingpct_mean,detailed_efficiency,0.0,1048,1048,0.20531930221645373,0.23573474058682914,0.875,1.0,0.24217638852221096,0.3886358664284094,False,False,False,,below_bounded_prescreen
diff__detailed__ewm_h5__netrtg,detailed_efficiency,0.0,1048,1048,0.21479660857166608,0.18247600945096212,1.0,1.0,0.16579108956962058,0.38821209483944347,False,False,False,,below_bounded_prescreen
diff__detailed__all__trueshootingpct_mean,detailed_efficiency,0.0,1048,1048,0.2049311179013168,0.23495974343500586,0.875,1.0,0.24237190431320438,0.38817064661456435,False,False,False,,below_bounded_prescreen
diff__rating__elo_standard_delta,dynamic_ratings,0.0,1048,1048,0.21199858666140287,0.2279599306022277,0.875,1.0,0.21576828593376743,0.3874297243172272,False,True,True,76.0,selected
diff__detailed__all__opp_ft_rate_ros,detailed_efficiency,0.0,1048,1048,-0.21820610790839579,0.21784504814156755,0.875,1.0,0.16681995506674452,0.38589816864512966,False,False,False,,below_bounded_prescreen
diff__detailed__clean__opp_ftmade_rate_ros,detailed_efficiency,0.0,1048,1048,-0.21917289515914298,0.216463217294025,0.875,1.0,0.1709892649826668,0.3852808106368368,False,False,False,,below_bounded_prescreen
diff__detailed__ewm_h10__efg,detailed_efficiency,0.0,1048,1048,0.19020483670478017,0.1906422292306768,1.0,1.0,0.21619658483740442,0.3847054707122804,False,False,False,,below_bounded_prescreen
diff__detailed__ewm_h20__oppefg,detailed_efficiency,0.0,1048,1048,-0.20604670606270234,0.2172603791846722,0.875,1.0,0.12616215430176148,0.3845687711703667,False,False,False,,below_bounded_prescreen
diff__detailed__all__opp_ftmade_rate_ros,detailed_efficiency,0.0,1048,1048,-0.21902005623849385,0.21474522922098216,0.875,1.0,0.17235913456014681,0.3843677570161342,False,False,False,,below_bounded_prescreen
diff__prior__program_has_tournament_history,prior_program_history,0.0,1048,3,0.21455169650729392,0.20924534213980162,0.875,1.0,0.14768214725672935,0.3817318515684403,False,False,False,,below_bounded_prescreen
diff__conference__strength_std,conference_context,0.0,1048,907,0.19707186530940402,0.21680661040500288,0.875,1.0,0.1695187622625785,0.38064223287196713,False,True,False,,correlation_pruned_or_cap
diff__detailed__ewm_h5__offrtg,detailed_efficiency,0.0,1048,1048,0.23424005789727634,0.20411569080292458,0.875,1.0,0.2386736319590031,0.3799613990444444,False,False,False,,below_bounded_prescreen
diff__compact__half_marginmean_second,compact_performance,0.0,1048,942,0.2002700935132716,0.17060386972265773,1.0,1.0,0.18214793712378724,0.3786633605548439,False,False,False,,below_bounded_prescreen
diff__detailed__ewm_h5__orbpct,detailed_efficiency,0.0,1048,1048,0.1577625898796807,0.18346872045829532,1.0,1.0,0.11618294441585088,0.3781254378168775,False,False,False,,below_bounded_prescreen
diff__compact__points_against_mean,compact_performance,0.0,1048,1030,-0.20624606679356838,0.165429264097982,1.0,1.0,0.19822836765887386,0.37685104675526143,False,False,False,,below_bounded_prescreen
diff__compact__day90plus_games,compact_performance,0.0,1048,10,0.20000904634006791,0.2441502819311043,0.75,1.0,0.12625254844951875,0.3761440235837643,False,False,False,,below_bounded_prescreen
diff__detailed__last10__ft_rate_mean,detailed_efficiency,0.0,1048,1048,-0.1577355008775283,0.18277453532100596,1.0,1.0,0.16393786564969934,0.3758760725211511,False,False,False,,below_bounded_prescreen
diff__rating__elo_mov_538_delta,dynamic_ratings,0.0,1048,1048,0.18381575322621554,0.21014784773456252,0.875,1.0,0.19012462887408577,0.373705447467394,False,True,True,77.0,selected
diff__detailed__ewm_h10__defrtg,detailed_efficiency,0.0,1048,1048,-0.20239966791280356,0.1911668044655696,0.875,1.0,0.0828483675607849,0.37297405838185876,False,False,False,,below_bounded_prescreen
diff__detailed__clean__foulrate_median,detailed_efficiency,0.0,1048,1048,-0.18799909751716148,0.16026850466548676,1.0,1.0,0.1386330086342525,0.37274336334783903,False,False,False,,below_bounded_prescreen
diff__compact__overtime_rate,compact_performance,0.0,1048,371,-0.16577631492249734,0.17589880004434477,1.0,1.0,0.20694376529170358,0.37262446269256677,False,False,False,,below_bounded_prescreen
diff__detailed__all__foulrate_median,detailed_efficiency,0.0,1048,1048,-0.1869588828367483,0.16004168843254443,1.0,1.0,0.13908043995557287,0.37238774707348304,False,False,False,,below_bounded_prescreen
diff__detailed__ewm_h10__oppefg,detailed_efficiency,0.0,1048,1048,-0.1865832974139731,0.19952227265947275,0.875,1.0,0.11535645897375815,0.3722047579486707,False,False,False,,below_bounded_prescreen
diff__rating__elo_mov_log_delta,dynamic_ratings,0.0,1048,1048,0.18350446212112378,0.20590187034354765,0.875,1.0,0.1896542180235455,0.3716177107106083,False,True,False,,correlation_pruned_or_cap
diff__geography__games_with_city,geography_and_schedule_dispersion,0.0,1048,15,0.24348367440417434,0.1518172544173687,1.0,1.0,0.37563025794865634,0.37141348017130904,False,False,False,,below_bounded_prescreen
diff__detailed__all__ftrate_std,detailed_efficiency,0.0,1048,1048,-0.1668301386094671,0.20458982070042886,0.875,1.0,0.12556385512497098,0.3698831902252897,False,False,False,,below_bounded_prescreen
diff__compact__close3_games,compact_performance,0.0,1048,19,-0.18551154999700087,0.19204907388274717,0.875,1.0,0.1331311870230321,0.3676708489821376,False,False,False,,below_bounded_prescreen
diff__detailed__last10__tov_pct_mean,detailed_efficiency,0.0,1048,1048,-0.1641070814844375,0.15856347643963317,1.0,1.0,0.1434226923175606,0.36647711892489776,False,False,False,,below_bounded_prescreen
diff__detailed__clean__ftrate_std,detailed_efficiency,0.0,1048,1048,-0.16587391402313248,0.19683774564005885,0.875,1.0,0.12631200782227042,0.36592189867942665,False,False,False,,below_bounded_prescreen
diff__detailed__last5__ft_rate_mean,detailed_efficiency,0.0,1048,1048,-0.1546835849110265,0.16351016247076233,1.0,1.0,0.16714073468188229,0.3658296372791165,False,False,False,,below_bounded_prescreen
diff__compact__day120plus_games,compact_performance,0.0,1048,9,0.16452922494305616,0.19306484728318193,0.875,1.0,0.15662402285999322,0.362602595269,False,False,False,,below_bounded_prescreen
diff__detailed__last20__tov_pct_mean,detailed_efficiency,0.0,1048,1048,-0.207755991047867,0.17451798137155283,0.875,1.0,0.2030042345020444,0.36135477970879437,False,False,False,,below_bounded_prescreen
diff__compact__day110plus_games,compact_performance,0.0,1048,10,0.18847518747355904,0.21536645923889725,0.75,1.0,0.12751141725600554,0.3597399849886134,False,False,False,,below_bounded_prescreen
diff__detailed__all__trueshootingpct_median,detailed_efficiency,0.0,1048,1047,0.18558582580463198,0.18048905301143614,0.875,1.0,0.21927419065767806,0.3586926594962012,False,False,False,,below_bounded_prescreen
diff__detailed__clean__trueshootingpct_median,detailed_efficiency,0.0,1048,1047,0.18558287570239257,0.1806088078857565,0.875,1.0,0.22348682389528696,0.35858098748387796,False,False,False,,below_bounded_prescreen
diff__compact__ewm_h20_points_against,compact_performance,0.0,1048,1048,-0.20701389758031127,0.20727415169727922,0.75,1.0,0.21423955990521193,0.356465067886154,False,False,False,,below_bounded_prescreen
diff__geography__games_per_distinct_city,geography_and_schedule_dispersion,0.42748091603053434,600,336,0.22684881456843264,0.19260161220929733,1.0,1.0,0.3093178637761513,0.3557843252320291,False,False,False,,below_bounded_prescreen
diff__compact__last20_win_pct,compact_performance,0.0,1048,22,0.16793917555840548,0.17308211377542254,0.875,1.0,0.11644822935326221,0.3553681040609215,False,False,False,,below_bounded_prescreen
diff__detailed__ewm_h5__tovpct,detailed_efficiency,0.0,1048,1048,-0.18530204812484474,0.1613137622975112,0.875,1.0,0.13807782915448386,0.35267394332409185,False,False,False,,below_bounded_prescreen
diff__compact__pythag_residual_exp10p0,compact_performance,0.0,1048,1048,-0.19746052630286776,0.15875844166756192,0.875,1.0,0.203173593306249,0.3515184240548107,False,False,False,,below_bounded_prescreen
diff__detailed__all__tovpct_std,detailed_efficiency,0.0,1048,1048,-0.15729902008287647,0.16678137445672192,0.875,1.0,0.10700433892463286,0.35038067060047406,False,False,False,,below_bounded_prescreen
diff__detailed__last20__four_factor_edge_mean,detailed_efficiency,0.0,1048,1048,0.19555071505174781,0.15036856711416974,0.875,1.0,0.12637819525279778,0.35014294171607413,False,False,False,,below_bounded_prescreen
diff__detailed__clean__tovpct_std,detailed_efficiency,0.0,1048,1048,-0.15677046840317982,0.16287046231249552,0.875,1.0,0.10753076369617877,0.3483660944108503,False,False,False,,below_bounded_prescreen
diff__compact__overtime_periods_mean,compact_performance,0.0,1048,434,-0.13762748693000626,0.1332119169039181,1.0,1.0,0.17500930681762783,0.3472193949657769,False,False,False,,below_bounded_prescreen
diff__detailed__last20__orb_pct_mean,detailed_efficiency,0.0,1048,1048,0.17380765854329525,0.15232814950140786,0.875,1.0,0.16899101457115048,0.34459555605735476,False,False,False,,below_bounded_prescreen
diff__detailed__all__oppstealpct_mean,detailed_efficiency,0.0,1048,1048,-0.145453165129743,0.1190218345806162,1.0,1.0,0.12398836071235779,0.3441706424987449,False,False,False,,below_bounded_prescreen
diff__detailed__clean__oppstealpct_mean,detailed_efficiency,0.0,1048,1048,-0.14525920891529184,0.11758616579893721,1.0,1.0,0.1278808708896143,0.3432831507092695,False,False,False,,below_bounded_prescreen
diff__detailed__ewm_h5__fourfactoredge,detailed_efficiency,0.0,1048,1048,0.16457225023819122,0.14607602602599393,0.875,1.0,0.0888265017094612,0.34276932747650074,False,False,False,,below_bounded_prescreen
diff__detailed__last10__orb_pct_mean,detailed_efficiency,0.0,1048,1048,0.12637216642806037,0.16606442569516347,0.875,1.0,0.14101876755532117,0.3418720502456389,False,False,False,,below_bounded_prescreen
diff__detailed__last10__off_rtg_mean,detailed_efficiency,0.0,1048,1048,0.176815418357563,0.13775380946817478,0.875,1.0,0.2659873714106643,0.33438172572696123,False,False,False,,below_bounded_prescreen
diff__detailed__neutral__off_rtg_mean,detailed_efficiency,0.042938931297709926,1003,1003,0.13935050589533837,0.1452276163608339,0.875,1.0,0.08454882304695434,0.33354929972447983,False,False,False,,below_bounded_prescreen
diff__compact__close5_wins,compact_performance,0.0,1048,20,-0.14970874657083635,0.1775020448294898,0.75,1.0,0.1583662663840814,0.33180225510837585,False,False,False,,below_bounded_prescreen
diff__geography__distinct_cities,geography_and_schedule_dispersion,0.0,1048,17,-0.1790418677977944,0.08652361198207667,1.0,1.0,0.25510304831666664,0.3307164227342449,False,False,False,,below_bounded_prescreen
diff__detailed__ewm_h5__ftrate,detailed_efficiency,0.0,1048,1048,-0.1575032119837672,0.1672329069692613,0.75,1.0,0.15186212835391968,0.3288480168475174,False,False,False,,below_bounded_prescreen
diff__detailed__last20__opp_efg_mean,detailed_efficiency,0.0,1048,1048,-0.11742956564150697,0.14514821885317136,0.875,1.0,0.17461892705369197,0.3285208924085061,False,False,False,,below_bounded_prescreen
diff__detailed__all__oppstealpct_median,detailed_efficiency,0.0,1048,1048,-0.12127804120007894,0.13333771247775614,0.875,1.0,0.13898353444231806,0.3251239296756476,False,False,False,,below_bounded_prescreen
diff__detailed__last20__ft_rate_mean,detailed_efficiency,0.0,1048,1048,-0.1289777001558973,0.16502396758756477,0.75,1.0,0.12264743843733428,0.3226807009388351,False,False,False,,below_bounded_prescreen
diff__detailed__last5__orb_pct_mean,detailed_efficiency,0.0,1048,1048,0.09596234568982463,0.09256837369000466,1.0,1.0,0.07819500680391606,0.32241673515080704,False,False,False,,below_bounded_prescreen
diff__detailed__last5__tov_pct_mean,detailed_efficiency,0.0,1048,1048,-0.11066089178699717,0.12518853411562503,0.875,1.0,0.07720772983766293,0.3213475833751329,False,False,False,,below_bounded_prescreen
diff__conference__tourney_champion,conference_context,0.01812977099236641,1029,3,-0.1583787539993717,0.15108296673242752,0.75,1.0,0.12068926143714566,0.32108519777455186,False,True,False,,correlation_pruned_or_cap
diff__detailed__clean__oppstealpct_median,detailed_efficiency,0.0,1048,1048,-0.11873233648256674,0.12007883307109768,0.875,1.0,0.14154695819143615,0.3180970755726341,False,False,False,,below_bounded_prescreen
diff__compact__last5_margin_std,compact_performance,0.0,1048,1047,0.1203889768276906,0.07559042660809273,1.0,1.0,0.13168548497906896,0.3175015602748137,False,False,False,,below_bounded_prescreen
diff__compact__neutral_margin_mean,compact_performance,0.042938931297709926,1003,705,0.13595380446337646,0.1602804291867787,0.75,1.0,0.18781050733498766,0.3158969081943803,False,False,False,,below_bounded_prescreen
diff__schedule__opponent_strength_std,schedule_and_accomplishment,0.0,1048,1048,0.11976787173605227,0.11619121370622187,0.875,1.0,0.1684784170703541,0.3153815776781039,False,True,True,97.0,selected
diff__compact__day90plus_margin_mean,compact_performance,0.0,1048,945,0.16894791394571917,0.13514033415523002,0.75,1.0,0.21351008639356758,0.31349549800682597,False,False,False,,below_bounded_prescreen
diff__detailed__away__def_rtg_mean,detailed_efficiency,0.0,1048,1048,-0.16886080626609704,0.1743147605148564,0.625,1.0,0.1937983297643086,0.3130685292351001,False,False,False,,below_bounded_prescreen
interaction__turnover_pressure_edge,matchup_interactions,0.0,1048,1048,0.12743189924214937,0.13833816539931995,0.75,1.0,0.1511990583226805,0.3083893748920392,False,True,False,,correlation_pruned_or_cap
diff__compact__last10_margin_mean,compact_performance,0.0,1048,286,0.14767232454098256,0.11984122594672211,0.75,1.0,0.13896507995592372,0.30445309665520587,False,False,False,,below_bounded_prescreen
diff__compact__ewm_h5_points_for,compact_performance,0.0,1048,1048,0.13594913109832182,0.16882424590245554,0.625,1.0,0.17938152832854343,0.3037691857416677,False,False,False,,below_bounded_prescreen
diff__compact__half_winpct_second,compact_performance,0.0,1048,420,0.1224619165170262,0.12198223794041924,0.75,1.0,0.13771112820257103,0.29998465071704417,False,False,False,,below_bounded_prescreen
diff__detailed__last10__net_rtg_mean,detailed_efficiency,0.0,1048,1048,0.14646074516853505,0.10989605227878627,0.75,1.0,0.12995750470668105,0.2997731688426279,False,False,False,,below_bounded_prescreen
mean__detailed__all__opp_ftmade_rate_ros,detailed_efficiency,0.0,1048,1048,-0.08780841683654524,0.09222046175436346,0.875,1.0,0.1282151877031395,0.29845506583800885,False,False,False,,below_bounded_prescreen
mean__detailed__clean__opp_ftmade_rate_ros,detailed_efficiency,0.0,1048,1048,-0.08765682298785336,0.09231786831702396,0.875,1.0,0.1306874393396394,0.2983695802759137,False,False,False,,below_bounded_prescreen
diff__detailed__all__steal_pct_ros,detailed_efficiency,0.0,1048,1048,0.13597456431779928,0.11271188893669613,0.75,1.0,0.15529056870292796,0.29780448809141286,False,False,False,,below_bounded_prescreen
diff__detailed__clean__steal_pct_ros,detailed_efficiency,0.0,1048,1048,0.13644055800915444,0.11170594330980978,0.75,1.0,0.15534902477012158,0.2974218145599178,False,False,False,,below_bounded_prescreen
diff__detailed__clean__stealpct_mean,detailed_efficiency,0.0,1048,1048,0.1345492746956381,0.11117917199865321,0.75,1.0,0.1589948405069131,0.29660704937211746,False,False,False,,below_bounded_prescreen
diff__quality__FlaggedPossessionRate,detailed_efficiency,0.0,1048,21,-0.08356458057305549,0.09706248327033519,0.8461538461538461,1.0,0.11034881294085902,0.2959448625628141,False,False,False,,below_bounded_prescreen
diff__detailed__all__stealpct_mean,detailed_efficiency,0.0,1048,1048,0.13408739343173445,0.10976992787698236,0.75,1.0,0.15848975907530655,0.2958492015729209,False,False,False,,below_bounded_prescreen
diff__quality__FlaggedPossessionGames,detailed_efficiency,0.0,1048,5,-0.08014740888630241,0.09711496006916262,0.8461538461538461,1.0,0.11037365373278823,0.2952172800234884,False,False,False,,below_bounded_prescreen
mean__detailed__all__oppftmaderate_mean,detailed_efficiency,0.0,1048,1048,-0.08713853614735752,0.08256522117089285,0.875,1.0,0.12075458809216785,0.29397160059076055,False,False,False,,below_bounded_prescreen
mean__detailed__clean__oppftmaderate_mean,detailed_efficiency,0.0,1048,1048,-0.08690405183922903,0.08210360241375375,0.875,1.0,0.12220984724765088,0.2936402266733262,False,False,False,,below_bounded_prescreen
diff__detailed__last5__off_rtg_mean,detailed_efficiency,0.0,1048,1048,0.12663480162091342,0.14735833182902736,0.625,1.0,0.17284985919087348,0.2916776612668991,False,False,False,,below_bounded_prescreen
diff__detailed__neutral__net_rtg_mean,detailed_efficiency,0.042938931297709926,1003,1003,0.13098437943767155,0.15308369618598155,0.625,1.0,0.19991991519979274,0.2908648265337504,False,False,False,,below_bounded_prescreen
diff__detailed__clean__fg3_pct_ros,detailed_efficiency,0.0,1048,1047,0.12684389025296594,0.1391341497299486,0.625,1.0,0.09995288570171204,0.2906919322979593,False,False,False,,below_bounded_prescreen
diff__detailed__all__fg3_pct_ros,detailed_efficiency,0.0,1048,1047,0.12601035023472887,0.13939174823529488,0.625,1.0,0.1043477720733818,0.2904564053216466,False,False,False,,below_bounded_prescreen
diff__compact__ewm_h10_points_against,compact_performance,0.0,1048,1048,-0.14449617916866148,0.13159293232533772,0.625,1.0,0.1961315705821992,0.28710850410997973,False,False,False,,below_bounded_prescreen
diff__detailed__ewm_h5__oppefg,detailed_efficiency,0.0,1048,1048,-0.08212995518593805,0.1097610845251383,0.75,1.0,0.1002588723163747,0.28674355582031774,False,False,False,,below_bounded_prescreen
diff__detailed__all__stealpct_median,detailed_efficiency,0.0,1048,1048,0.11146675384943357,0.09728705965453135,0.75,1.0,0.15154460161597832,0.2851586904164113,False,False,False,,below_bounded_prescreen
diff__detailed__all__fg3pct_mean,detailed_efficiency,0.0,1048,1048,0.10326221059368171,0.1369192275577934,0.625,1.0,0.08441280940166579,0.28506240318228415,False,False,False,,below_bounded_prescreen
diff__detailed__clean__oppfg3pct_mean,detailed_efficiency,0.0,1048,1048,-0.11958431816875532,0.1355432632123784,0.625,1.0,0.15807570160303647,0.2850462882749464,False,False,False,,below_bounded_prescreen
diff__detailed__all__oppfg3pct_mean,detailed_efficiency,0.0,1048,1048,-0.11898997718900002,0.13554196678482613,0.625,1.0,0.1583890798751294,0.28490237584329137,False,False,False,,below_bounded_prescreen
diff__detailed__clean__fg3pct_mean,detailed_efficiency,0.0,1048,1048,0.10444750535341397,0.13494464324609678,0.625,1.0,0.08311641034892117,0.28442722352192074,False,False,False,,below_bounded_prescreen
diff__detailed__clean__stealpct_median,detailed_efficiency,0.0,1048,1048,0.1113964865444025,0.09565759218218864,0.75,1.0,0.15059443437858241,0.2843990939120758,False,False,False,,below_bounded_prescreen
diff__compact__day120plus_win_pct,compact_performance,0.0,1048,54,-0.1136851989579379,0.09072452796350411,0.75,1.0,0.17933162152307305,0.28138525233230544,False,False,False,,below_bounded_prescreen
diff__compact__last10_margin_median,compact_performance,0.0,1048,89,0.10490172449988815,0.08068711677253365,0.75,1.0,0.10328741179438511,0.2776766989690161,False,False,False,,below_bounded_prescreen
diff__compact__last20_points_for_mean,compact_performance,0.0,1048,474,0.14251687544477357,0.15204587969760414,0.5,1.0,0.18472594779197726,0.27694669694102103,False,False,False,,below_bounded_prescreen
diff__detailed__last10__opp_efg_mean,detailed_efficiency,0.0,1048,1048,-0.06208573425949179,0.09328711910582599,0.75,1.0,0.07087056335660671,0.27560185617362043,False,False,False,,below_bounded_prescreen
absdiff__detailed__away__pace_mean,detailed_efficiency,0.0,1048,1042,-0.06599797373433482,0.08368199164843035,0.75,1.0,0.09222105050596588,0.2709980681925616,False,False,False,,below_bounded_prescreen
diff__compact__away_margin_std,compact_performance,0.0,1048,1048,-0.13134938459266438,0.1527609765099275,0.5,1.0,0.2806561844692809,0.2709958859563801,False,False,False,,below_bounded_prescreen
diff__compact__rest_days_mean,compact_performance,0.0,1048,731,-0.1523253532946738,0.18513611016691123,0.375,1.0,0.31765011995281894,0.2696709058068329,False,False,False,,below_bounded_prescreen
diff__conference__tourney_win_pct,conference_context,0.01812977099236641,1029,17,-0.10450439684845661,0.06909716864811916,0.75,1.0,0.13405917583518873,0.2693448595449608,False,True,False,,correlation_pruned_or_cap
mean__coach__midseason_change,prior_coach_history,0.0,1048,2,0.03598463801228084,0.0,1.0,1.0,0.013056122354439563,0.26739437546852424,False,False,False,,below_bounded_prescreen
diff__coach__midseason_change,prior_coach_history,0.0,1048,3,-0.029876540908841013,0.0,1.0,1.0,0.0028147116409727494,0.2664602505343061,False,False,False,,below_bounded_prescreen
absdiff__compact__day90plus_margin_mean,compact_performance,0.0,1048,879,0.05744405491623434,0.12476672687378859,0.625,1.0,0.15663878918057736,0.266260169413767,False,False,False,,below_bounded_prescreen
diff__detailed__all__oppassistturnoverratio_mean,detailed_efficiency,0.0,1048,1048,-0.0961509693911401,0.10730774914039198,0.625,1.0,0.18923024491475102,0.2650917230568489,False,False,False,,below_bounded_prescreen
interaction__adjusted_offense_defense_edge,matchup_interactions,0.0,1048,1048,0.09040841142633146,0.11117768862506336,0.625,1.0,0.21380702382908032,0.2647028601006601,False,True,False,,correlation_pruned_or_cap
diff__detailed__all__efg_std,detailed_efficiency,0.0,1048,1048,-0.09569353779577472,0.0987124641426234,0.625,1.0,0.11635294139939906,0.26378044344755375,False,False,False,,below_bounded_prescreen
diff__detailed__clean__oppassistturnoverratio_mean,detailed_efficiency,0.0,1048,1048,-0.09639113373026846,0.10427295848465573,0.625,1.0,0.18913826877099985,0.2636915387424538,False,False,False,,below_bounded_prescreen
diff__detailed__all__oppfg3pct_median,detailed_efficiency,0.0,1048,706,-0.09828915980872877,0.14578955876540237,0.5,1.0,0.21269269658706902,0.26309489550183074,False,False,False,,below_bounded_prescreen
diff__compact__half_pointsformean_second,compact_performance,0.0,1048,943,0.12077254245844274,0.13242405018744208,0.5,1.0,0.18172076492701894,0.26286467283374887,False,False,False,,below_bounded_prescreen
diff__detailed__clean__efg_std,detailed_efficiency,0.0,1048,1048,-0.0955618228435863,0.09662752288580037,0.625,1.0,0.11435681398101318,0.2628305394515326,False,False,False,,below_bounded_prescreen
diff__detailed__clean__oppfg3pct_median,detailed_efficiency,0.0,1048,718,-0.09628670859782673,0.1447267595382497,0.5,1.0,0.21023666224248622,0.2622424539801823,False,False,False,,below_bounded_prescreen
diff__compact__close3_wins,compact_performance,0.0,1048,16,-0.12452962258165447,0.1269689847605902,0.5,1.0,0.19525470820135093,0.2605314413249933,False,False,False,,below_bounded_prescreen
absdiff__detailed__last20__pace_mean,detailed_efficiency,0.0,1048,1000,-0.06978970775514273,0.10346087759242742,0.625,1.0,0.1244738398798408,0.26003600335530297,False,False,False,,below_bounded_prescreen
diff__compact__margin_std,compact_performance,0.0,1048,1048,0.09398172698875966,0.09198949521406283,0.625,1.0,0.17459711531101627,0.25784705302783667,False,False,False,,below_bounded_prescreen
absdiff__schedule__top_quartile_games,schedule_and_accomplishment,0.0,1048,23,-0.06269744072929447,0.14613133721104204,0.5,1.0,0.1877337913551036,0.25642712716754085,False,True,True,98.0,selected
diff__detailed__clean__ftrate_mean,detailed_efficiency,0.0,1048,1048,-0.08552259443665598,0.13001758783597306,0.5,1.0,0.13891136904768692,0.25566695817542395,False,False,False,,below_bounded_prescreen
diff__detailed__clean__ftrate_trim02,detailed_efficiency,0.0,1048,1048,-0.08552259443665598,0.13001758783597306,0.5,1.0,0.13891136904768692,0.25566695817542395,False,False,False,,below_bounded_prescreen
diff__detailed__all__ftrate_mean,detailed_efficiency,0.0,1048,1048,-0.0870644789399986,0.12888891287155813,0.5,1.0,0.13886618164329007,0.255466216279416,False,False,False,,below_bounded_prescreen
diff__detailed__all__ftrate_trim02,detailed_efficiency,0.0,1048,1048,-0.0870644789399986,0.12888891287155813,0.5,1.0,0.13886618164329007,0.255466216279416,False,False,False,,below_bounded_prescreen
diff__detailed__clean__oppblockpct_median,detailed_efficiency,0.0,1048,981,-0.06823529560812212,0.08949588019295616,0.625,1.0,0.10676757771346942,0.2536990844178671,False,False,False,,below_bounded_prescreen
diff__detailed__clean__oppblockpct_mean,detailed_efficiency,0.0,1048,1048,-0.07531323602425855,0.08460165504821159,0.625,1.0,0.09277291169707425,0.2534667898805955,False,False,False,,below_bounded_prescreen
diff__detailed__ewm_h10__ftrate,detailed_efficiency,0.0,1048,1048,-0.1141345698884022,0.11660465406098308,0.5,1.0,0.19692838118587694,0.2532027040772853,False,False,False,,below_bounded_prescreen
diff__detailed__all__oppblockpct_mean,detailed_efficiency,0.0,1048,1048,-0.07450785654014212,0.08410371946286291,0.625,1.0,0.0901450785017939,0.25315571064093373,False,False,False,,below_bounded_prescreen
absdiff__detailed__last5__tov_pct_mean,detailed_efficiency,0.0,1048,1048,0.06243714315240794,0.086771521609995,0.625,1.0,0.07607766743481087,0.25234339516893495,False,False,False,,below_bounded_prescreen
diff__compact__pythag_residual_exp8p0,compact_performance,0.0,1048,1048,-0.11228676440103234,0.07456688888444044,0.625,1.0,0.218453126367252,0.25175706977806844,False,False,False,,below_bounded_prescreen
diff__detailed__all__oppassistturnoverratio_median,detailed_efficiency,0.0,1048,907,-0.08468579383740645,0.12241554069721833,0.5,1.0,0.17255084100218737,0.2504883005388067,False,False,False,,below_bounded_prescreen
diff__detailed__clean__oppassistturnoverratio_median,detailed_efficiency,0.0,1048,899,-0.08358280070574073,0.12241554069721833,0.5,1.0,0.1673628446543604,0.2504531619037534,False,False,False,,below_bounded_prescreen
diff__detailed__clean__ft_rate_ros,detailed_efficiency,0.0,1048,1048,-0.07746041606931879,0.12382854190286038,0.5,1.0,0.17315276583615447,0.24955288101517692,False,False,False,,below_bounded_prescreen
diff__detailed__all__ftmaderate_mean,detailed_efficiency,0.0,1048,1048,-0.06237171568147569,0.1293963293832273,0.5,1.0,0.15745345264049868,0.24953387744825387,False,False,False,,below_bounded_prescreen
diff__detailed__clean__ftrate_median,detailed_efficiency,0.0,1048,1039,-0.07657266612255921,0.12675546504559432,0.5,1.0,0.2039573649561858,0.2495303151706009,False,False,False,,below_bounded_prescreen
diff__detailed__all__ft_rate_ros,detailed_efficiency,0.0,1048,1048,-0.07902238882870105,0.12265083384635012,0.5,1.0,0.1728054791365839,0.24934510662309894,False,False,False,,below_bounded_prescreen
diff__detailed__all__ftrate_median,detailed_efficiency,0.0,1048,1038,-0.07626721632379635,0.12598766216363355,0.5,1.0,0.20379920294881818,0.2491008973118266,False,False,False,,below_bounded_prescreen
diff__detailed__clean__ftmade_rate_ros,detailed_efficiency,0.0,1048,1048,-0.054737395354120165,0.13250930044832424,0.5,1.0,0.17110089917054316,0.24880265522628034,False,False,False,,below_bounded_prescreen
diff__detailed__clean__ftmaderate_mean,detailed_efficiency,0.0,1048,1048,-0.061424024757640874,0.12756735133624794,0.5,1.0,0.15259842864764686,0.24864167694217418,False,False,False,,below_bounded_prescreen
mean__detailed__all__oppftmaderate_median,detailed_efficiency,0.0,1048,1036,-0.08196154056049815,0.069930897782354,0.625,1.0,0.14275776865552486,0.24588805911261855,False,False,False,,below_bounded_prescreen
diff__detailed__all__assistperfgm_median,detailed_efficiency,0.0,1048,977,0.07315535107659832,0.11478316366012381,0.5,1.0,0.14306141610757223,0.24546763914940822,False,False,False,,below_bounded_prescreen
absdiff__compact__days_since_last_game,compact_performance,0.0,1048,9,-0.061387649244957404,0.07477479124612516,0.625,1.0,0.09890356903580769,0.24544103987059843,False,False,False,,below_bounded_prescreen
absdiff__norm__schedule__opponent_strength_mean__z,within_season_normalization,0.0,1048,1048,-0.04786870547231953,0.12563916611994974,0.5,1.0,0.1433965154955825,0.2451020543216629,False,False,False,,below_bounded_prescreen
diff__detailed__clean__assistperfgm_median,detailed_efficiency,0.0,1048,977,0.07097018117116659,0.1153433749083628,0.5,1.0,0.1497080174350291,0.24498993911626968,False,False,False,,below_bounded_prescreen
absdiff__schedule__opponent_strength_mean,schedule_and_accomplishment,0.0,1048,1048,-0.046479177469598565,0.12563918029977214,0.5,1.0,0.14339651850344654,0.2447963648470645,False,True,True,99.0,selected
mean__detailed__clean__oppftmaderate_median,detailed_efficiency,0.0,1048,1036,-0.08194924689954262,0.06723398021686619,0.625,1.0,0.14829052580912028,0.24436952378963037,False,False,False,,below_bounded_prescreen
absdiff__schedule__opponent_strength_pct_mean,schedule_and_accomplishment,0.0,1048,1048,-0.039536324132265155,0.12933169332104025,0.5,1.0,0.1605904018337747,0.24435358802984672,False,True,True,100.0,selected
absdiff__detailed__all__pace_ros,detailed_efficiency,0.0,1048,1048,-0.05552387333976711,0.11711080629995238,0.5,1.0,0.12682700093682658,0.24335535912125283,False,False,False,,below_bounded_prescreen
interaction__pace_gap,matchup_interactions,0.0,1048,1048,-0.05552387333976711,0.11711080629995238,0.5,1.0,0.12682700093682658,0.24335535912125283,False,True,False,,correlation_pruned_or_cap
absdiff__detailed__clean__pace_ros,detailed_efficiency,0.0,1048,1048,-0.05546852948764219,0.11479552776828729,0.5,1.0,0.12558814280274241,0.2422814041039495,False,False,False,,below_bounded_prescreen
absdiff__detailed__home__pace_mean,detailed_efficiency,0.0,1048,1046,-0.05258359639322245,0.1145227676134354,0.5,1.0,0.1261610884544994,0.24149287612277795,False,False,False,,below_bounded_prescreen
absdiff__detailed__clean__defrtg_std,detailed_efficiency,0.0,1048,1048,-0.056522655782942105,0.07155142417983984,0.625,1.0,0.13426230120211352,0.24140917583048585,False,False,False,,below_bounded_prescreen
diff__detailed__last10__four_factor_edge_mean,detailed_efficiency,0.0,1048,1048,0.10570748755061825,0.08653924158877097,0.5,1.0,0.0904549890770373,0.2411762836606646,False,False,False,,below_bounded_prescreen
absdiff__schedule__quality_wins,schedule_and_accomplishment,0.0,1048,20,-0.05046186625061525,0.11636484932967378,0.5,1.0,0.15691241989573815,0.24068024145754924,False,True,False,,correlation_pruned_or_cap
absdiff__compact__last10_margin_median,compact_performance,0.0,1048,50,0.04139008921633688,0.06835795694226796,0.625,1.0,0.07304734169900659,0.2389957452919225,False,False,False,,below_bounded_prescreen
absdiff__norm__schedule__opponent_strength_mean__pct,within_season_normalization,0.0,1048,715,-0.03820509529280332,0.11512556707249774,0.5,1.0,0.13764067123210996,0.23815976630993124,False,False,False,,below_bounded_prescreen
seedprior__favorite_seed_games,prequential_seed_priors,0.0,1048,117,0.0489076491028492,0.06298848754487228,0.625,1.0,0.07730810458098358,0.23790183264092618,False,True,False,,correlation_pruned_or_cap
diff__compact__ewm_h5_win,compact_performance,0.0,1048,1048,0.08630808997006109,0.09197687255859816,0.5,1.0,0.1599628723702168,0.2367381637267319,False,False,False,,below_bounded_prescreen
diff__compact__day110plus_margin_mean,compact_performance,0.0,1048,842,0.12060035828671299,0.11871746675988487,0.375,1.0,0.19999617386419993,0.23551661591325362,False,False,False,,below_bounded_prescreen
diff__detailed__clean__oppfg3attemptrate_mean,detailed_efficiency,0.0,1048,1048,-0.06550711641286833,0.09352894707660242,0.5,1.0,0.09979912599333622,0.23531349516786676,False,False,False,,below_bounded_prescreen
diff__compact__first_game_day,compact_performance,0.0,1048,28,-0.11546279668248742,0.08263466622696793,0.5,1.0,0.24738203157993766,0.23517117379589433,False,False,False,,below_bounded_prescreen
diff__detailed__clean__fg3pct_median,detailed_efficiency,0.0,1048,834,0.08837515265535356,0.13721872423076648,0.375,1.0,0.26496348740286924,0.23470898171883092,False,False,False,,below_bounded_prescreen
mean__coach__prior_tournament_appearances,prior_coach_history,0.0,1048,48,0.046135879653875084,0.10403090147672786,0.5,1.0,0.1400062222397572,0.2344844773430916,False,False,False,,below_bounded_prescreen
diff__detailed__all__fg3pct_median,detailed_efficiency,0.0,1048,833,0.08728467752663348,0.13706314548719606,0.375,1.0,0.2664649802724036,0.2343343396788173,False,False,False,,below_bounded_prescreen
diff__detailed__all__oppfg3attemptrate_mean,detailed_efficiency,0.0,1048,1048,-0.0644835236549747,0.08899666497433686,0.5,1.0,0.10050184345807156,0.23288470065345326,False,False,False,,below_bounded_prescreen
diff__detailed__all__oppfoulrate_median,detailed_efficiency,0.0,1048,1048,-0.05600231535707431,0.1399572052891545,0.375,1.0,0.1732927866900495,0.23256825644974852,False,False,False,,below_bounded_prescreen
diff__detailed__all__oppblockpct_median,detailed_efficiency,0.0,1048,983,-0.0666405796642285,0.08770069327088026,0.5,1.0,0.10732707355520006,0.23246417735394478,False,False,False,,below_bounded_prescreen
diff__compact__last5_points_for_mean,compact_performance,0.0,1048,211,0.08589977656558148,0.12447519703789364,0.375,1.0,0.16513744872029915,0.23204054747380493,False,False,False,,below_bounded_prescreen
diff__detailed__clean__oppfoulrate_median,detailed_efficiency,0.0,1048,1048,-0.05640525235590068,0.13743684384693325,0.375,1.0,0.17073095998112353,0.23154960216558118,False,False,False,,below_bounded_prescreen
absdiff__detailed__ewm_h20__oppefg,detailed_efficiency,0.0,1048,1048,-0.07084235543459584,0.1314443855819534,0.375,1.0,0.1968842330346206,0.2308032539535639,False,False,False,,below_bounded_prescreen
mean__prior__program_win_pct_smoothed,prior_program_history,0.0,1048,854,0.06973088161829097,0.12927109051104524,0.375,1.0,0.18787314595846602,0.22987599156298708,False,False,False,,below_bounded_prescreen
absdiff__compact__ewm_h5_margin,compact_performance,0.0,1048,1048,0.04524193095599556,0.09012802351388183,0.5,1.0,0.09142542800605472,0.2295576589767401,False,False,False,,below_bounded_prescreen
diff__detailed__all__ftmade_rate_ros,detailed_efficiency,0.0,1048,1048,-0.05574787659988025,0.1334153364828008,0.375,1.0,0.17459694183315408,0.22932001669039187,False,False,False,,below_bounded_prescreen
diff__detailed__all__ftmaderate_median,detailed_efficiency,0.0,1048,1038,-0.0491228622644438,0.13788917146394802,0.375,1.0,0.19250319974860353,0.22929370401092852,False,False,False,,below_bounded_prescreen
mean__compact__margin_iqr,compact_performance,0.0,1048,120,-0.034756509903084536,0.09410095617314279,0.5,1.0,0.09130845301456544,0.22916255302120453,False,False,False,,below_bounded_prescreen
absdiff__rating__pagerank_binary_percentile,global_strength_ratings,0.0,1048,595,-0.054664209150774024,0.13313668514205965,0.375,1.0,0.18452561561477737,0.22855071025676782,False,False,False,,below_bounded_prescreen
mean__detailed__all__offrtg_std,detailed_efficiency,0.0,1048,1048,-0.06727952465218554,0.0820052012052837,0.5,1.0,0.14311542252627116,0.22843937510096618,False,False,False,,below_bounded_prescreen
diff__detailed__clean__oppfg3attemptrate_median,detailed_efficiency,0.0,1048,1036,-0.04838459138914125,0.08561965031891233,0.5,1.0,0.09395196164193888,0.22798396379301145,False,False,False,,below_bounded_prescreen
diff__detailed__clean__ftmaderate_median,detailed_efficiency,0.0,1048,1039,-0.047373419314017826,0.13558368793916054,0.375,1.0,0.193470531556287,0.2277635011976295,False,False,False,,below_bounded_prescreen
absdiff__detailed__last10__pace_mean,detailed_efficiency,0.0,1048,975,-0.0510070678445769,0.0861539338556711,0.5,1.0,0.12276872745684136,0.2276646940782554,False,False,False,,below_bounded_prescreen
diff__detailed__all__oppfg3attemptrate_median,detailed_efficiency,0.0,1048,1037,-0.04702281251917227,0.08499962221339802,0.5,1.0,0.09603082481541504,0.22730360442403236,False,False,False,,below_bounded_prescreen
mean__detailed__clean__offrtg_std,detailed_efficiency,0.0,1048,1048,-0.06587645822603054,0.08009227487561305,0.5,1.0,0.1413714990918139,0.22728225278634845,False,False,False,,below_bounded_prescreen
diff__detailed__clean__netrtg_std,detailed_efficiency,0.0,1048,1048,0.055666861146488715,0.08360836274677078,0.5,1.0,0.14609084476148326,0.22653508978021816,False,False,False,,below_bounded_prescreen
mean__prior__program_years_since_appearance,prior_program_history,0.05820610687022901,987,31,-0.05081637866070493,0.09709478741806855,0.5,1.0,0.1658888208632976,0.2264930598818778,False,False,False,,below_bounded_prescreen
diff__detailed__all__netrtg_std,detailed_efficiency,0.0,1048,1048,0.056888607979779404,0.08360836274677078,0.5,1.0,0.15532779946057232,0.22643439589557857,False,False,False,,below_bounded_prescreen
diff__conference__tourney_wins,conference_context,0.01812977099236641,1029,9,-0.08679450235039884,0.07189034991345347,0.5,1.0,0.15099784704146568,0.22611186291449747,False,True,False,,correlation_pruned_or_cap
absdiff__conference__strength_std,conference_context,0.0,1048,814,0.052442218691109536,0.08122746447714597,0.5,1.0,0.1111916204932941,0.2260788062413424,False,False,False,,below_bounded_prescreen
absdiff__schedule__top_decile_games,schedule_and_accomplishment,0.0,1048,15,-0.027905085296000935,0.14017889222388272,0.375,1.0,0.1916435800901706,0.22575924382897708,False,True,False,,correlation_pruned_or_cap
absdiff__detailed__clean__tovpct_std,detailed_efficiency,0.0,1048,1048,-0.04122037728667044,0.13035448836828112,0.375,1.0,0.14965128243836148,0.22565258612230799,False,False,False,,below_bounded_prescreen
absdiff__detailed__all__tovpct_std,detailed_efficiency,0.0,1048,1048,-0.04098216147457414,0.12990190682613592,0.375,1.0,0.15295064302229408,0.2252509650800598,False,False,False,,below_bounded_prescreen
absdiff__massey__system_rpi,massey_consensus,0.0,1048,598,-0.03828483176395459,0.18551692120323826,0.25,1.0,0.35341579162830733,0.2233341535004921,False,False,False,,below_bounded_prescreen
absdiff__detailed__all__defrtg_std,detailed_efficiency,0.0,1048,1048,-0.057243607507371716,0.07420179428468084,0.5,1.0,0.1367369671515278,0.22274097622220745,False,False,False,,below_bounded_prescreen
absdiff__norm__schedule__rpi__pct,within_season_normalization,0.0,1048,528,-0.029971311695186922,0.18703839119261417,0.25,1.0,0.34461475495866156,0.22258752614704946,False,False,False,,below_bounded_prescreen
diff__detailed__ewm_h5__efg,detailed_efficiency,0.0,1048,1048,0.08521878593273723,0.1044070605710137,0.375,1.0,0.17850440457002587,0.22172334579648773,False,False,False,,below_bounded_prescreen
absdiff__rating__pagerank_binary_z,global_strength_ratings,0.0,1048,1048,-0.030078840648442837,0.08108191323935346,0.5,1.0,0.11352865629268726,0.2209955170458396,False,False,False,,below_bounded_prescreen
absdiff__massey__strength_max,massey_consensus,0.0,1048,508,-0.03413626413519562,0.17720192159512085,0.25,1.0,0.30076096258825835,0.2205364619718707,False,False,False,,below_bounded_prescreen
diff__detailed__last20__def_rtg_mean,detailed_efficiency,0.0,1048,1048,-0.06993839648246547,0.06197497515437356,0.5,1.0,0.12100204751158014,0.22029435339977851,False,False,False,,below_bounded_prescreen
absdiff__rating__pagerank_binary,global_strength_ratings,0.0,1048,1048,-0.026806327174483925,0.08108191870713041,0.5,1.0,0.11352865403912957,0.2202755667962439,False,False,False,,below_bounded_prescreen
absdiff__massey__system_dol,massey_consensus,0.0,1048,545,-0.04171454827909998,0.1718643474645351,0.25,1.0,0.29994544493688935,0.21967426960690328,False,False,False,,below_bounded_prescreen
absdiff__compact__half_marginmean_second,compact_performance,0.0,1048,876,0.06400048480811557,0.15213693352497637,0.25,1.0,0.18894379397647162,0.2195480829907152,False,False,False,,below_bounded_prescreen
absdiff__schedule__opponent_strength_median,schedule_and_accomplishment,0.0,1048,1036,-0.040375262010367674,0.12239452493327516,0.375,1.0,0.20827006674163961,0.2193011269405874,False,True,False,,correlation_pruned_or_cap
mean__coach__prior_tournament_win_pct_smoothed,prior_coach_history,0.0,1048,575,0.05129803058992012,0.11174991945485273,0.375,1.0,0.14612367551416122,0.21908058104754527,False,False,False,,below_bounded_prescreen
diff__compact__last10_points_against_mean,compact_performance,0.0,1048,322,-0.04099912671708423,0.11832416202821386,0.375,1.0,0.1750497881151117,0.21881341412669672,False,False,False,,below_bounded_prescreen
diff__detailed__all__oppfoulrate_mean,detailed_efficiency,0.0,1048,1048,-0.04296808171542741,0.11692542533387973,0.375,1.0,0.1731146687571663,0.21865259538736964,False,False,False,,below_bounded_prescreen
diff__detailed__last10__pace_mean,detailed_efficiency,0.0,1048,1013,-0.04024995157833739,0.12457172581668347,0.375,1.0,0.26053107297230194,0.2182281748203502,False,False,False,,below_bounded_prescreen
absdiff__massey__system_col,massey_consensus,0.0,1048,578,-0.03983297438406935,0.17169673562074605,0.25,1.0,0.33075097275016785,0.21794764855244667,False,False,False,,below_bounded_prescreen
diff__detailed__clean__oppfoulrate_mean,detailed_efficiency,0.0,1048,1048,-0.04240815613831514,0.11537626893257652,0.375,1.0,0.17271797550397794,0.21780168441790693,False,False,False,,below_bounded_prescreen
absdiff__detailed__clean__def_rtg_ros,detailed_efficiency,0.0,1048,1048,-0.024127968238488826,0.12215988911208964,0.375,1.0,0.1598882650035405,0.21754936918612897,False,False,False,,below_bounded_prescreen
diff__detailed__clean__assistperfgm_mean,detailed_efficiency,0.0,1048,1048,0.06911219106546083,0.10032204931607892,0.375,1.0,0.1549531253137351,0.21716114069356987,False,False,False,,below_bounded_prescreen
mean__prior__program_appearances,prior_program_history,0.0,1048,59,0.05508736909764218,0.1068226525166835,0.375,1.0,0.1623192359407288,0.2169013249718602,False,False,False,,below_bounded_prescreen
diff__compact__day90plus_win_pct,compact_performance,0.0,1048,409,0.08588089273383365,0.09209915768905905,0.375,1.0,0.16491826070439908,0.2165046616640158,False,False,False,,below_bounded_prescreen
absdiff__detailed__all__def_rtg_ros,detailed_efficiency,0.0,1048,1048,-0.02160103765047339,0.12230933653929371,0.375,1.0,0.17423307668965443,0.21649138675437896,False,False,False,,below_bounded_prescreen
diff__detailed__all__assistperfgm_mean,detailed_efficiency,0.0,1048,1048,0.07002767726568818,0.09779029546184692,0.375,1.0,0.15546004769498784,0.2161270289123384,False,False,False,,below_bounded_prescreen
diff__compact__margin_mad,compact_performance,0.0,1048,36,0.046404185587518854,0.11441901051899095,0.375,1.0,0.2280217085959897,0.2160091775345302,False,False,False,,below_bounded_prescreen
seedprior__effective_games_pc2p0,prequential_seed_priors,0.0,1048,298,0.034029670490556954,0.06786843858309592,0.5,1.0,0.10825377230090773,0.21573322713577225,False,True,False,,correlation_pruned_or_cap
seedprior__effective_games_pc8p0,prequential_seed_priors,0.0,1048,298,0.034029670490556954,0.06786843858309592,0.5,1.0,0.10825377230090773,0.21573322713577225,False,True,False,,correlation_pruned_or_cap
diff__detailed__all__orbpct_std,detailed_efficiency,0.0,1048,1048,0.08073747966652427,0.09233766094569765,0.375,1.0,0.16491216993533592,0.2154878359831568,False,False,False,,below_bounded_prescreen
diff__compact__last10_points_for_mean,compact_performance,0.0,1048,315,0.08908690133630719,0.13197322474444817,0.25,1.0,0.19005725276543228,0.2153439760607054,False,False,False,,below_bounded_prescreen
diff__detailed__clean__oppassistperfgm_median,detailed_efficiency,0.0,1048,855,-0.04398312369055921,0.11023848727550467,0.375,1.0,0.18295719171994063,0.21527247343536762,False,False,False,,below_bounded_prescreen
diff__detailed__clean__orbpct_std,detailed_efficiency,0.0,1048,1048,0.0807126444916971,0.09145159523451185,0.375,1.0,0.16268125656029106,0.21514629723832743,False,False,False,,below_bounded_prescreen
absdiff__detailed__poss0p475__def_rtg_mean,detailed_efficiency,0.0,1048,1048,-0.0182676647112304,0.12014304059019476,0.375,1.0,0.16744043929480162,0.2149899281479721,False,False,False,,below_bounded_prescreen
diff__detailed__all__oppassistperfgm_median,detailed_efficiency,0.0,1048,854,-0.04128147425089034,0.10974383851625075,0.375,1.0,0.18372117572497854,0.2144101197939971,False,False,False,,below_bounded_prescreen
mean__coach__prior_tournament_wins,prior_coach_history,0.0,1048,104,0.05706055488464481,0.10393159555808554,0.375,1.0,0.2012665732206862,0.21438982501367548,False,False,False,,below_bounded_prescreen
mean__prior__program_tournament_games,prior_program_history,0.0,1048,162,0.06562766742742179,0.1001739014563601,0.375,1.0,0.20887491481093506,0.21416656294064823,False,False,False,,below_bounded_prescreen
absdiff__norm__massey__strength_mean__pct,within_season_normalization,0.0,1048,560,-0.03669156529296182,0.1636258887904845,0.25,1.0,0.31290388239836187,0.21409641568794968,False,False,False,,below_bounded_prescreen
diff__compact__close5_win_pct,compact_performance,0.003816793893129771,1044,352,0.05865951395593381,0.1497211374267583,0.25,1.0,0.2633484687327153,0.21393195677439042,False,False,False,,below_bounded_prescreen
mean__compact__margin_mad,compact_performance,0.0,1048,37,-0.034753319797570355,0.10799221490716525,0.375,1.0,0.14075700641922775,0.21385171325413568,False,False,False,,below_bounded_prescreen
absdiff__norm__rating__colley__pct,within_season_normalization,0.0,1048,527,-0.03824524599246279,0.16329367817486634,0.25,1.0,0.3254839078116203,0.21377556332981285,False,False,False,,below_bounded_prescreen
absdiff__rating__colley_percentile,global_strength_ratings,0.0,1048,527,-0.03824524599246279,0.16329367817486634,0.25,1.0,0.3254839078116203,0.21377556332981285,False,False,False,,below_bounded_prescreen
absdiff__massey__strength_trim05,massey_consensus,0.0,1048,1048,-0.03792789333800184,0.16166084500209532,0.25,1.0,0.3050689987902946,0.21373858218375436,False,False,False,,below_bounded_prescreen
absdiff__massey__ordinal_mean,massey_consensus,0.0,1048,1039,-0.039017034076345034,0.16023067153688025,0.25,1.0,0.3007210233221564,0.2134656289016122,False,False,False,,below_bounded_prescreen
diff__compact__last10_margin_std,compact_performance,0.0,1048,1048,0.07435997089503002,0.08706041489468229,0.375,1.0,0.1199551659783366,0.21334998610722064,False,False,False,,below_bounded_prescreen
absdiff__rating__elo_mov_log_percentile,dynamic_ratings,0.0,1048,513,-0.02306165719359845,0.16986646324221039,0.25,1.0,0.33652703160021324,0.21314838567484412,False,True,True,78.0,selected
absdiff__massey__ordinal_min,massey_consensus,0.0,1048,129,-0.03479876217886816,0.1611560552396726,0.25,1.0,0.2966617556812958,0.21314416396714203,False,False,False,,below_bounded_prescreen
absdiff__detailed__away__off_rtg_mean,detailed_efficiency,0.0,1048,1048,0.03896511671606739,0.10718665257703587,0.375,1.0,0.17327162236548171,0.21309105401989278,False,False,False,,below_bounded_prescreen
absdiff__detailed__poss0p44__def_rtg_mean,detailed_efficiency,0.0,1048,1048,-0.016679614329694704,0.1164626976851633,0.375,1.0,0.16299962999090095,0.2130516248417752,False,False,False,,below_bounded_prescreen
absdiff__norm__rating__elo_mov_538__pct,within_season_normalization,0.0,1048,499,-0.024792837487621563,0.16796251074437746,0.25,1.0,0.3306656289390647,0.21284980424701533,False,False,False,,below_bounded_prescreen
absdiff__rating__elo_mov_538_percentile,dynamic_ratings,0.0,1048,499,-0.024792837487621563,0.16796251074437746,0.25,1.0,0.3306656289390647,0.21284980424701533,False,True,False,,correlation_pruned_or_cap
absdiff__rating__elo_standard_percentile,dynamic_ratings,0.0,1048,524,-0.03594282768198394,0.16100218913723202,0.25,1.0,0.3100306450497905,0.21278724707391622,False,True,True,79.0,selected
absdiff__rating__elo_season_reset_mov_percentile,dynamic_ratings,0.0,1048,498,-0.019682672049988314,0.16901578621161395,0.25,1.0,0.33461349136333784,0.21207322557803862,False,True,True,80.0,selected
mean__prior__program_tournament_wins,prior_program_history,0.0,1048,124,0.06776340474398639,0.09472638739029894,0.375,1.0,0.2112560142253156,0.21192637442200787,False,False,False,,below_bounded_prescreen
diff__detailed__last5__efg_mean,detailed_efficiency,0.0,1048,1048,0.05411455259629571,0.0984117286934423,0.375,1.0,0.18658319686170888,0.211679503469569,False,False,False,,below_bounded_prescreen
absdiff__massey__system_mor,massey_consensus,0.0,1048,575,-0.024698438720798258,0.16250547389217573,0.25,1.0,0.3001970387635689,0.21142840243627722,False,False,False,,below_bounded_prescreen
mean__compact__close3_games,compact_performance,0.0,1048,18,-0.015039634427350622,0.0644743605860455,0.5,1.0,0.07821884939921156,0.21112765867935052,False,False,False,,below_bounded_prescreen
absdiff__detailed__last20__net_rtg_mean,detailed_efficiency,0.0,1048,1048,0.047842152306562906,0.0961590726783258,0.375,1.0,0.1466825854005786,0.21081432497701708,False,False,False,,below_bounded_prescreen
mean__coach__prior_tournament_games,prior_coach_history,0.0,1048,135,0.05456563277897296,0.09563658232155575,0.375,1.0,0.1974911374533713,0.21001035322758596,False,False,False,,below_bounded_prescreen
absdiff__norm__schedule__quality_win_points_sum__pct,within_season_normalization,0.0,1048,545,-0.040501648794188876,0.14842808625795917,0.25,1.0,0.25789577062367525,0.20984001331359495,False,False,False,,below_bounded_prescreen
absdiff__compact__last20_margin_mean,compact_performance,0.0,1048,271,0.04918576102880487,0.09333687925101522,0.375,1.0,0.1521676459301062,0.20953586362962015,False,False,False,,below_bounded_prescreen
mean__compact__rest_days_std,compact_performance,0.0,1048,1048,0.015903748411322097,0.10801754820672722,0.375,1.0,0.16204919800253295,0.20886527986961861,False,False,False,,below_bounded_prescreen
diff__compact__last20_margin_std,compact_performance,0.0,1048,1048,0.051389160496400695,0.089585558508819,0.375,1.0,0.13685918134931346,0.20883231613946873,False,False,False,,below_bounded_prescreen
diff__compact__last20_points_against_mean,compact_performance,0.0,1048,496,-0.06800209441726181,0.08640029328795633,0.375,1.0,0.19977565775913045,0.20844157523965143,False,False,False,,below_bounded_prescreen
absdiff__detailed__last5__pace_mean,detailed_efficiency,0.0,1048,893,-0.03417379732249946,0.1486836986133669,0.25,1.0,0.2614676451182778,0.2084277049406349,False,False,False,,below_bounded_prescreen
absdiff__norm__rating__pagerank_margin__pct,within_season_normalization,0.0,1048,588,-0.05143031732969452,0.1353660361108353,0.25,1.0,0.20147945869731743,0.20823118879784105,False,False,False,,below_bounded_prescreen
absdiff__rating__pagerank_margin_percentile,global_strength_ratings,0.0,1048,588,-0.05143031732969452,0.1353660361108353,0.25,1.0,0.20147945869731743,0.20823118879784105,False,False,False,,below_bounded_prescreen
diff__detailed__last5__four_factor_edge_mean,detailed_efficiency,0.0,1048,1048,0.03895412018184689,0.09551976861827863,0.375,1.0,0.15602556706205817,0.20817837269429773,False,False,False,,below_bounded_prescreen
mean__massey__strength_std,massey_consensus,0.0,1048,1048,-0.023136727244933587,0.10510963727830935,0.375,1.0,0.1884496694042398,0.20800471911130428,False,False,False,,below_bounded_prescreen
diff__detailed__clean__defrtg_std,detailed_efficiency,0.0,1048,1048,0.0657464389406404,0.03917539778629781,0.5,1.0,0.13567794212279155,0.20784128981945219,False,False,False,,below_bounded_prescreen
absdiff__compact__away_margin_std,compact_performance,0.0,1048,1048,0.05585397821452148,0.08353301484201012,0.375,1.0,0.12921437875762976,0.2072151471810544,False,False,False,,below_bounded_prescreen
diff__detailed__last20__efg_mean,detailed_efficiency,0.0,1048,1048,0.07245767070263799,0.124743044762853,0.25,1.0,0.21586063754807366,0.20718292353882686,False,False,False,,below_bounded_prescreen
diff__detailed__last5__def_rtg_mean,detailed_efficiency,0.0,1048,1048,0.015879726025128483,0.10527638042824888,0.375,1.0,0.1746381152988848,0.20704067771913234,False,False,False,,below_bounded_prescreen
absdiff__massey__system_cng,massey_consensus,0.061068702290076333,984,564,-0.04871898450424319,0.11489547832901974,0.3333333333333333,1.0,0.20413552637346144,0.20615042228405175,False,False,False,,below_bounded_prescreen
diff__compact__margin_iqr,compact_performance,0.0,1048,123,0.04963522200324455,0.13256817130791443,0.25,1.0,0.2161474972931336,0.20590657117678737,False,False,False,,below_bounded_prescreen
diff__detailed__away__pace_mean,detailed_efficiency,0.0,1048,1046,-0.07407380306558688,0.08065605881553195,0.375,1.0,0.2316949689104848,0.20574334614946507,False,False,False,,below_bounded_prescreen
diff__detailed__all__defrtg_std,detailed_efficiency,0.0,1048,1048,0.06518530349186037,0.035088445624763556,0.5,1.0,0.1370343243659945,0.20570184769345604,False,False,False,,below_bounded_prescreen
diff__detailed__ewm_h20__ftrate,detailed_efficiency,0.0,1048,1048,-0.04379438646568511,0.09295394183913286,0.375,1.0,0.21703052323479283,0.20557143617584278,False,False,False,,below_bounded_prescreen
diff__compact__ewm_h5_points_against,compact_performance,0.0,1048,1048,-0.04644865764703728,0.1301900266034222,0.25,1.0,0.18020117616268583,0.20550187040548343,False,False,False,,below_bounded_prescreen
absdiff__massey__system_sag,massey_consensus,0.0,1048,541,-0.03937124126427446,0.14018890106030008,0.25,1.0,0.26353336496976076,0.205411010988294,False,False,False,,below_bounded_prescreen
absdiff__coach__prior_tournament_win_pct_smoothed,prior_coach_history,0.0,1048,534,0.04499643373330271,0.08577589237695982,0.375,1.0,0.1433138755587617,0.20533908873991685,False,False,False,,below_bounded_prescreen
matchup__equal_seed,matchup_context,0.0,1048,2,-0.030347468200463693,0.09128385991463178,0.375,1.0,0.13134806571421317,0.20523877313455674,False,True,True,32.0,selected
diff__compact__half_pointsagainstmean_second,compact_performance,0.0,1048,942,-0.05395566357604845,0.08818517958092303,0.375,1.0,0.2251901962531643,0.20519152433544716,False,False,False,,below_bounded_prescreen
absdiff__detailed__last20__efg_mean,detailed_efficiency,0.0,1048,1048,-0.01691755794539331,0.14979153400202624,0.25,1.0,0.28148014364810625,0.20436259332303486,False,False,False,,below_bounded_prescreen
absdiff__compact__last10_margin_std,compact_performance,0.0,1048,1048,0.05223416088730894,0.08257713398212332,0.375,1.0,0.17623725423694525,0.20407904953714934,False,False,False,,below_bounded_prescreen
diff__detailed__all__drb_pct_ros,detailed_efficiency,0.0,1048,1048,0.0633757057447056,0.075842820432236,0.375,1.0,0.17611006735519835,0.20330280637710058,False,False,False,,below_bounded_prescreen
absdiff__rating__bt_c0p25_percentile,global_strength_ratings,0.0,1048,511,-0.036353446158823306,0.18679856257035077,0.125,1.0,0.3614369272439101,0.2032035910989531,False,False,False,,below_bounded_prescreen
diff__detailed__clean__drb_pct_ros,detailed_efficiency,0.0,1048,1048,0.06285447797959506,0.0758670218143187,0.375,1.0,0.17635423861567132,0.20318998608175703,False,False,False,,below_bounded_prescreen
absdiff__massey__system_dok,massey_consensus,0.183206106870229,856,425,-0.06844592506392336,0.15835852860531588,0.23076923076923078,1.0,0.25508354193425953,0.20313344394070298,False,False,False,,below_bounded_prescreen
absdiff__schedule__bad_loss_penalty_sum,schedule_and_accomplishment,0.0,1048,1047,-0.03588839575192573,0.18085957414952258,0.125,1.0,0.29905720419387943,0.20274575448943932,False,False,False,,below_bounded_prescreen
mean__compact__away_games,compact_performance,0.0,1048,22,-0.04496548439520948,0.1230435889197812,0.25,1.0,0.15723443422689484,0.20266395187936528,False,False,False,,below_bounded_prescreen
mean__detailed__away__games,detailed_efficiency,0.0,1048,22,-0.04496548439520948,0.1230435889197812,0.25,1.0,0.15723443422689484,0.20266395187936528,False,False,False,,below_bounded_prescreen
diff__compact__last5_margin_median,compact_performance,0.0,1048,56,0.06535302818687383,0.06873560106725018,0.375,1.0,0.11778409038798196,0.20265939109787307,False,False,False,,below_bounded_prescreen
seedprior__generic_gender_games,prequential_seed_priors,0.0,1048,17,0.018079020799754195,0.09128385991463173,0.375,1.0,0.13134806571421315,0.20253971470640061,False,True,False,,correlation_pruned_or_cap
absdiff__norm__rating__colley__z,within_season_normalization,0.0,1048,1048,-0.015932553168052418,0.14036671417511867,0.25,1.0,0.2204746991291248,0.2020621965358635,False,False,False,,below_bounded_prescreen
absdiff__rating__colley_z,global_strength_ratings,0.0,1048,1048,-0.015932553168052418,0.14036671417511867,0.25,1.0,0.2204746991291248,0.2020621965358635,False,False,False,,below_bounded_prescreen
absdiff__rating__colley,global_strength_ratings,0.0,1048,1048,-0.01579023452744245,0.14036672399544847,0.25,1.0,0.22047470579924983,0.2020308908818826,False,False,False,,below_bounded_prescreen
absdiff__adj__def_rtg_a50p0,opponent_adjusted_efficiency,0.0,1048,1048,-0.01682330936469473,0.09075239066219254,0.375,1.0,0.13173547213785486,0.20199285669257105,False,True,True,40.0,selected
absdiff__schedule__owp,schedule_and_accomplishment,0.0,1048,1048,-0.030113050520368143,0.13709507234737636,0.25,1.0,0.2649029081623804,0.20183438951472646,False,False,False,,below_bounded_prescreen
absdiff__detailed__last5__ft_rate_mean,detailed_efficiency,0.0,1048,1048,0.03596884128760332,0.12732313832119396,0.25,1.0,0.19583601902859113,0.20119481071630219,False,False,False,,below_bounded_prescreen
mean__prior__program_final_appearances,prior_program_history,0.0,1048,14,0.07173199784118986,0.11502969549176656,0.25,1.0,0.24884892175861445,0.20104133649076514,False,False,False,,below_bounded_prescreen
absdiff__compact__margin_q25,compact_performance,0.0,1048,79,0.016391259712369387,0.09163454700795073,0.375,1.0,0.16470710454064902,0.20100237551891165,False,False,False,,below_bounded_prescreen
absdiff__compact__day120plus_margin_mean,compact_performance,0.0,1048,448,0.004514115293166682,0.09574671800635964,0.375,1.0,0.15881071045405243,0.20059910158938718,False,False,False,,below_bounded_prescreen
diff__detailed__clean__oppftpct_mean,detailed_efficiency,0.0,1048,1048,-0.062469404036136954,0.11327087890203856,0.25,1.0,0.1985549231121413,0.200171093836443,False,False,False,,below_bounded_prescreen
mean__compact__last10_margin_std,compact_performance,0.0,1048,1048,0.018056735623728365,0.0874290998110365,0.375,1.0,0.15754983132014214,0.19963645649371206,False,False,False,,below_bounded_prescreen
diff__detailed__last20__pace_mean,detailed_efficiency,0.0,1048,1025,-0.024573764161850482,0.13332885385763507,0.25,1.0,0.24558687007580177,0.19958060316423987,False,False,False,,below_bounded_prescreen
absdiff__compact__last5_win_pct,compact_performance,0.0,1048,5,0.015545249214898998,0.08649654262939394,0.375,1.0,0.13405136063603343,0.19957624086394554,False,False,False,,below_bounded_prescreen
absdiff__detailed__last20__orb_pct_mean,detailed_efficiency,0.0,1048,1048,0.04443154615157418,0.11899170729899194,0.25,1.0,0.20470968056980857,0.19870257243407013,False,False,False,,below_bounded_prescreen
absdiff__detailed__last10__ft_rate_mean,detailed_efficiency,0.0,1048,1048,0.023325110646151826,0.1264744638465719,0.25,1.0,0.17897776345025485,0.19868015645049775,False,False,False,,below_bounded_prescreen
diff__detailed__all__oppftpct_mean,detailed_efficiency,0.0,1048,1048,-0.0631132835286147,0.10946189389559541,0.25,1.0,0.19466729818659173,0.19863993951871736,False,False,False,,below_bounded_prescreen
absdiff__massey__system_wlk,massey_consensus,0.0,1048,559,-0.03670248174618302,0.17449761569859443,0.125,1.0,0.3366228160528807,0.19836848887737038,False,False,False,,below_bounded_prescreen
diff__compact__last5_margin_mean,compact_performance,0.0,1048,198,0.08204790439344854,0.09984962606713826,0.25,1.0,0.19229266425733976,0.19828665290849148,False,False,False,,below_bounded_prescreen
absdiff__massey__system_bih,massey_consensus,0.061068702290076333,984,508,-0.02628740423140637,0.16199043523624046,0.2,1.0,0.31041430612897836,0.1982365694159396,False,False,False,,below_bounded_prescreen
absdiff__schedule__oowp,schedule_and_accomplishment,0.0,1048,1048,-0.04526352392310841,0.11869005443733979,0.25,1.0,0.22178763832120588,0.19805769586015873,False,False,False,,below_bounded_prescreen
absdiff__norm__rating__bt_c1p0__pct,within_season_normalization,0.0,1048,517,-0.03939900177458667,0.1730237373361675,0.125,1.0,0.3433124628424194,0.19798667579807266,False,False,False,,below_bounded_prescreen
absdiff__rating__bt_c1p0_percentile,global_strength_ratings,0.0,1048,517,-0.03939900177458667,0.1730237373361675,0.125,1.0,0.3433124628424194,0.19798667579807266,False,False,False,,below_bounded_prescreen
diff__detailed__neutral__pace_mean,detailed_efficiency,0.042938931297709926,1003,991,0.08837749697978571,0.10745513474271848,0.25,1.0,0.24645961735183702,0.19772801481416746,False,False,False,,below_bounded_prescreen
diff__detailed__clean__oppassistperfgm_mean,detailed_efficiency,0.0,1048,1048,-0.054131496516858287,0.11067306463152128,0.25,1.0,0.1998140628716053,0.19703943774197483,False,False,False,,below_bounded_prescreen
absdiff__rating__margin_ridge_a5p0_percentile,global_strength_ratings,0.0,1048,556,-0.027727602995512184,0.1269763603424629,0.25,1.0,0.2532132112169916,0.1969201971747152,False,False,False,,below_bounded_prescreen
mean__detailed__all__efg_std,detailed_efficiency,0.0,1048,1048,-0.02482606345234414,0.07505511777246517,0.375,1.0,0.120768448909953,0.19665745253390085,False,False,False,,below_bounded_prescreen
diff__detailed__all__oppassistperfgm_mean,detailed_efficiency,0.0,1048,1048,-0.052777807007597516,0.11062510682682475,0.25,1.0,0.20195934951300187,0.19663279483802726,False,False,False,,below_bounded_prescreen
absdiff__detailed__last20__def_rtg_mean,detailed_efficiency,0.0,1048,1048,0.04866136879420095,0.11288635236436935,0.25,1.0,0.21182637323217657,0.19641789534033444,False,False,False,,below_bounded_prescreen
mean__detailed__clean__efg_std,detailed_efficiency,0.0,1048,1048,-0.024605397283125115,0.0735255039912526,0.375,1.0,0.11890533090897254,0.19594921608172985,False,False,False,,below_bounded_prescreen
absdiff__compact__ewm_h10_margin,compact_performance,0.0,1048,1048,0.058065483601693176,0.10496448991272929,0.25,1.0,0.18025673530134084,0.19594709213842892,False,False,False,,below_bounded_prescreen
diff__detailed__last5__opp_efg_mean,detailed_efficiency,0.0,1048,1048,-0.03140239523586329,0.06825204384347419,0.375,1.0,0.10821476506154253,0.19534091739429582,False,False,False,,below_bounded_prescreen
absdiff__schedule__quality_win_points_sum,schedule_and_accomplishment,0.0,1048,1047,-0.013465952980172691,0.1235567430704822,0.25,1.0,0.19044419046008249,0.19465197871106615,False,False,False,,below_bounded_prescreen
absdiff__norm__schedule__quality_win_points_sum__z,within_season_normalization,0.0,1048,1047,-0.013201847842233827,0.12355674042322241,0.25,1.0,0.19044418228920781,0.1945938746368699,False,False,False,,below_bounded_prescreen
diff__detailed__last5__net_rtg_mean,detailed_efficiency,0.0,1048,1048,0.08185165628398869,0.09224667661063687,0.25,1.0,0.19688849532590885,0.19441022934254687,False,False,False,,below_bounded_prescreen
absdiff__detailed__home__net_rtg_mean,detailed_efficiency,0.0,1048,1048,0.058984319829304147,0.09969047291046546,0.25,1.0,0.16703192586483293,0.19414670032487702,False,False,False,,below_bounded_prescreen
absdiff__norm__massey__strength_mean__z,within_season_normalization,0.0,1048,1048,-0.03382136759177121,0.1638574365784122,0.125,1.0,0.302052011605968,0.1940101899635888,False,False,False,,below_bounded_prescreen
absdiff__massey__strength_mean,massey_consensus,0.0,1048,1048,-0.03377477133284964,0.1638574341882354,0.125,1.0,0.3020520207719915,0.19399993727270026,False,False,False,,below_bounded_prescreen
absdiff__massey__system_dun,massey_consensus,0.12213740458015267,920,478,-0.04010262675263405,0.174637866520368,0.14285714285714285,1.0,0.2959928580436724,0.19389518998433986,False,False,False,,below_bounded_prescreen
absdiff__massey__systems,massey_consensus,0.0,1048,5,-0.029396446966158292,0.11377050136334366,0.25,1.0,0.1864470388583092,0.19361917743262744,False,False,False,,below_bounded_prescreen
absdiff__detailed__clean__opp_efg_ros,detailed_efficiency,0.0,1048,1048,-0.019885716146509656,0.11731793751826755,0.25,1.0,0.20691783752886753,0.19241075405984587,False,False,False,,below_bounded_prescreen
absdiff__norm__compact__win_pct__pct,within_season_normalization,0.0,1048,661,-0.04986240194004683,0.15383313478414237,0.125,1.0,0.32063470812992595,0.19198424479800164,False,False,False,,below_bounded_prescreen
absdiff__detailed__all__opp_efg_ros,detailed_efficiency,0.0,1048,1048,-0.018526214804471107,0.11678572524002587,0.25,1.0,0.2048022045074128,0.19194082719189956,False,False,False,,below_bounded_prescreen
absdiff__detailed__poss0p475__net_rtg_mean,detailed_efficiency,0.0,1048,1048,0.04548588031531892,0.10047895000731037,0.25,1.0,0.18356844810556167,0.19089405174865667,False,False,False,,below_bounded_prescreen
absdiff__detailed__poss0p44__net_rtg_mean,detailed_efficiency,0.0,1048,1048,0.04540067498571372,0.10016328298529709,0.25,1.0,0.18283875351038245,0.19075297418938433,False,False,False,,below_bounded_prescreen
absdiff__compact__neutral_win_pct,compact_performance,0.042938931297709926,1003,81,-0.04127746328344917,0.111780517967769,0.25,1.0,0.21427867900718497,0.19072942888278377,False,False,False,,below_bounded_prescreen
mean__detailed__clean__netrtg_std,detailed_efficiency,0.0,1048,1048,-0.017105508932524542,0.11431764966633695,0.25,1.0,0.20875077384113844,0.1902856528513516,False,False,False,,below_bounded_prescreen
diff__compact__last10_win_pct,compact_performance,0.0,1048,14,0.05962136030930932,0.09408035913620258,0.25,1.0,0.20035397945353425,0.19026111247528393,False,False,False,,below_bounded_prescreen
mean__detailed__all__netrtg_std,detailed_efficiency,0.0,1048,1048,-0.017466050644297973,0.11398732852398871,0.25,1.0,0.21107595279448838,0.1901134107214806,False,False,False,,below_bounded_prescreen
absdiff__detailed__last5__def_rtg_mean,detailed_efficiency,0.0,1048,1048,-0.0033161135425465696,0.12255122333162419,0.25,1.0,0.2454348000412815,0.18973674017688857,False,False,False,,below_bounded_prescreen
absdiff__compact__close3_win_pct,compact_performance,0.033396946564885496,1013,107,0.0013924144074646597,0.07820933482119947,0.375,1.0,0.13604706895828728,0.18973317340029563,False,False,False,,below_bounded_prescreen
absdiff__massey__system_wol,massey_consensus,0.0,1048,527,-0.03771685198015365,0.1538351549328778,0.125,1.0,0.3139415941299312,0.18958091803821792,False,False,False,,below_bounded_prescreen
mean__coach__prior_championships,prior_coach_history,0.0,1048,7,0.05898677040933723,0.08895285177082896,0.25,1.0,0.15833891348240114,0.18934090180075605,False,False,False,,below_bounded_prescreen
absdiff__rating__elo_mov_538,dynamic_ratings,0.0,1048,1048,0.0051505572217730175,0.11983348412446268,0.25,1.0,0.23305528239148177,0.18933098367287288,False,True,True,81.0,selected
absdiff__detailed__neutral__pace_mean,detailed_efficiency,0.042938931297709926,1003,979,0.020090027182640944,0.11683573450006765,0.25,1.0,0.1940407714037092,0.18930421318024834,False,False,False,,below_bounded_prescreen
absdiff__norm__rating__elo_mov_538__z,within_season_normalization,0.0,1048,1048,0.0049034282095599515,0.11983347994507533,0.25,1.0,0.23305528129656197,0.18927661332787687,False,False,False,,below_bounded_prescreen
absdiff__rating__elo_mov_538_z,dynamic_ratings,0.0,1048,1048,0.0049034282095599515,0.11983347994507533,0.25,1.0,0.23305528129656197,0.18927661332787687,False,False,False,,below_bounded_prescreen
absdiff__detailed__all__net_rtg_ros,detailed_efficiency,0.0,1048,1048,0.04228080142961775,0.09769808321565038,0.25,1.0,0.18371031993829234,0.18884844346049637,False,False,False,,below_bounded_prescreen
absdiff__massey__ordinal_median,massey_consensus,0.0,1048,279,-0.042039487952369586,0.14809741063285353,0.125,1.0,0.28975972795833366,0.18874505533495764,False,False,False,,below_bounded_prescreen
absdiff__norm__detailed__all__net_rtg_ros__z,within_season_normalization,0.0,1048,1048,0.04173658033628223,0.09769808239809999,0.25,1.0,0.18371034000606173,0.18872871362482763,False,False,False,,below_bounded_prescreen
mean__coach__seasons_with_program_through_current,prior_coach_history,0.0,1048,48,0.017377571138037177,0.0599848934615896,0.375,1.0,0.09950367190617335,0.18863566763568426,False,False,False,,below_bounded_prescreen
absdiff__rating__elo_mov_log,dynamic_ratings,0.0,1048,1048,0.004996689378336458,0.11868736080864804,0.25,1.0,0.2368781637981025,0.18859407829946098,False,False,False,,below_bounded_prescreen
absdiff__rating__elo_mov_log_z,dynamic_ratings,0.0,1048,1048,0.004726935112162061,0.11868736329888802,0.25,1.0,0.2368781774508576,0.1885347330101076,False,False,False,,below_bounded_prescreen
mean__massey__ordinal_std,massey_consensus,0.0,1048,1048,-0.05178288278013602,0.0912196757906488,0.25,1.0,0.1712129433065785,0.18832916085887821,False,False,False,,below_bounded_prescreen
absdiff__detailed__clean__net_rtg_ros,detailed_efficiency,0.0,1048,1048,0.04085580867506599,0.09853208859969151,0.25,1.0,0.2048344334386341,0.1880903030988211,False,False,False,,below_bounded_prescreen
absdiff__detailed__all__orb_pct_ros,detailed_efficiency,0.0,1048,1048,0.002249137585626663,0.11715809537323767,0.25,1.0,0.2172994006429927,0.18803872002227223,False,False,False,,below_bounded_prescreen
absdiff__norm__detailed__clean__net_rtg_ros__z,within_season_normalization,0.0,1048,1048,0.04033720749269752,0.09853208621803258,0.25,1.0,0.2048344502205483,0.18797620902422715,False,False,False,,below_bounded_prescreen
mean__prior__program_championships,prior_program_history,0.0,1048,8,0.05829506381231516,0.08543843844934294,0.25,1.0,0.14924017645881466,0.18786575743604136,False,False,False,,below_bounded_prescreen
absdiff__massey__strength_median,massey_consensus,0.0,1048,756,-0.040758903345188634,0.1465260702381583,0.125,1.0,0.29185553307632917,0.1876252511272043,False,False,False,,below_bounded_prescreen
absdiff__detailed__all__tov_pct_ros,detailed_efficiency,0.0,1048,1048,-0.0420573329915438,0.09421031021821791,0.25,1.0,0.17153972419824076,0.18761197319495462,False,False,False,,below_bounded_prescreen
absdiff__detailed__all__off_rtg_ros,detailed_efficiency,0.0,1048,1048,0.04264757230142659,0.09581184414479607,0.25,1.0,0.1987858500516441,0.1874207170937502,False,False,False,,below_bounded_prescreen
mean__detailed__clean__orbpct_std,detailed_efficiency,0.0,1048,1048,-0.04339960725367567,0.14002272932113846,0.125,1.0,0.23422028508923934,0.18739001226638555,False,False,False,,below_bounded_prescreen
absdiff__detailed__clean__orb_pct_ros,detailed_efficiency,0.0,1048,1048,0.0028626460368275314,0.114615645467429,0.25,1.0,0.21460941788055277,0.18706091523724588,False,False,False,,below_bounded_prescreen
absdiff__detailed__last5__off_rtg_mean,detailed_efficiency,0.0,1048,1048,-0.014936742264939643,0.10268319564971912,0.25,1.0,0.14011621727998094,0.18696936851895268,False,False,False,,below_bounded_prescreen
absdiff__massey__system_rth,massey_consensus,0.0,1048,568,-0.0360608976825162,0.1437480029499027,0.125,1.0,0.2527996607915668,0.1868204524744442,False,False,False,,below_bounded_prescreen
diff__detailed__ewm_h20__fg3attemptrate,detailed_efficiency,0.0,1048,1048,-0.020514448653352623,0.10453729687685498,0.25,1.0,0.19814454707054244,0.18676529932180627,False,False,False,,below_bounded_prescreen
absdiff__norm__detailed__all__efg_ros__pct,within_season_normalization,0.0,1048,713,-0.0007227564837338926,0.11512742969569467,0.25,1.0,0.21970757097569693,0.186631869841327,False,False,False,,below_bounded_prescreen
mean__detailed__all__orbpct_std,detailed_efficiency,0.0,1048,1048,-0.04397964197187562,0.1382511775754078,0.125,1.0,0.2397505420432697,0.1864460647882776,False,False,False,,below_bounded_prescreen
absdiff__detailed__clean__tov_pct_ros,detailed_efficiency,0.0,1048,1048,-0.0412350357028562,0.09245275215971274,0.25,1.0,0.17520912597490174,0.1864406638522944,False,False,False,,below_bounded_prescreen
mean__coach__prior_final_appearances,prior_coach_history,0.0,1048,13,0.058684994069198554,0.12869836745056373,0.125,1.0,0.20834420797390843,0.18635214675253797,False,False,False,,below_bounded_prescreen
absdiff__detailed__clean__off_rtg_ros,detailed_efficiency,0.0,1048,1048,0.042746154106838165,0.09265792509860143,0.25,1.0,0.1966065264896884,0.18601569689124556,False,False,False,,below_bounded_prescreen
mean__massey__rank_improvement_std,massey_consensus,0.0,1048,1048,-0.04857936891298341,0.08702311660393104,0.25,1.0,0.1692393462348208,0.18568898328135042,False,False,False,,below_bounded_prescreen
absdiff__detailed__clean__oppefg_mean,detailed_efficiency,0.0,1048,1048,-0.018471310171217177,0.1020668384791476,0.25,1.0,0.19289015041956928,0.18534016469087586,False,False,False,,below_bounded_prescreen
absdiff__massey__momentum_systems,massey_consensus,0.0,1048,6,-0.02526742552261228,0.09771738631771713,0.25,1.0,0.17998924727209598,0.1852636091565951,False,False,False,,below_bounded_prescreen
absdiff__detailed__last10__off_rtg_mean,detailed_efficiency,0.0,1048,1048,-0.017746497304690634,0.10137115436013253,0.25,1.0,0.18445817164621497,0.18518405663404694,False,False,False,,below_bounded_prescreen
absdiff__compact__last10_margin_mean,compact_performance,0.0,1048,170,0.044371038694346075,0.08545830761765319,0.25,1.0,0.14327410393409087,0.18505065201186605,False,False,False,,below_bounded_prescreen
absdiff__compact__last10_win_pct,compact_performance,0.0,1048,8,0.008284484397615893,0.05541745795772589,0.375,1.0,0.08639575948452163,0.18496713600780307,False,False,False,,below_bounded_prescreen
absdiff__detailed__poss0p44__off_rtg_mean,detailed_efficiency,0.0,1048,1048,0.04001100766001235,0.09208839036684366,0.25,1.0,0.21062011367099848,0.18458004451444773,False,False,False,,below_bounded_prescreen
absdiff__detailed__last20__ft_rate_mean,detailed_efficiency,0.0,1048,1048,-0.015397997705243178,0.15314951995557244,0.125,1.0,0.30821211750694677,0.18457084437355042,False,False,False,,below_bounded_prescreen
absdiff__schedule__bad_losses,schedule_and_accomplishment,0.0,1048,8,-0.01619424358604402,0.20277967229990962,0.0,1.0,0.4083997937757964,0.18456098454185443,False,False,False,,below_bounded_prescreen
mean__compact__neutral_margin_std,compact_performance,0.08396946564885496,960,958,-0.03451923377734776,0.05733872985442707,0.375,1.0,0.09767984240529198,0.18449207081302144,False,False,False,,below_bounded_prescreen
absdiff__detailed__all__oppefg_mean,detailed_efficiency,0.0,1048,1048,-0.016967276958682446,0.1005796384001924,0.25,1.0,0.1911806312084984,0.18436380211466255,False,False,False,,below_bounded_prescreen
absdiff__massey__system_pom,massey_consensus,0.0,1048,582,-0.028801146949720358,0.14378523316748054,0.125,1.0,0.2771126758146467,0.18426865721674326,False,False,False,,below_bounded_prescreen
absdiff__detailed__poss0p475__off_rtg_mean,detailed_efficiency,0.0,1048,1048,0.039736210927225984,0.09158697107329865,0.25,1.0,0.2115387574613855,0.18424216222071765,False,False,False,,below_bounded_prescreen
absdiff__compact__day120plus_win_pct,compact_performance,0.0,1048,30,0.021596951787891155,0.14466534794801725,0.125,1.0,0.2616505078759487,0.18372467609334636,False,False,False,,below_bounded_prescreen
mean__compact__day90plus_games,compact_performance,0.0,1048,11,-0.025198779210930392,0.09111610404077697,0.25,1.0,0.151640444668786,0.18321384357922618,False,False,False,,below_bounded_prescreen
absdiff__detailed__last10__def_rtg_mean,detailed_efficiency,0.0,1048,1048,0.005255962407943763,0.10343434504194018,0.25,1.0,0.20031757209868423,0.18279209446593156,False,False,False,,below_bounded_prescreen
mean__compact__last20_margin_std,compact_performance,0.0,1048,1048,0.003910159853328759,0.10441672420413778,0.25,1.0,0.20585020004199436,0.1827462547840387,False,False,False,,below_bounded_prescreen
absdiff__detailed__last10__net_rtg_mean,detailed_efficiency,0.0,1048,1048,0.04486858103405389,0.08294860878888755,0.25,1.0,0.1742984679888288,0.18271448132660473,False,False,False,,below_bounded_prescreen
absdiff__norm__schedule__rpi__z,within_season_normalization,0.0,1048,1048,-0.008247721079549016,0.14774390225231793,0.125,1.0,0.2586177945506407,0.18238685993658776,False,False,False,,below_bounded_prescreen
diff__detailed__clean__opptovpct_median,detailed_efficiency,0.0,1048,1048,0.01892351704755071,0.0960496298236405,0.25,1.0,0.19900488059401156,0.18230680084204814,False,False,False,,below_bounded_prescreen
diff__detailed__all__opptovpct_median,detailed_efficiency,0.0,1048,1048,0.019230989373525204,0.09564457462881507,0.25,1.0,0.19738875590817928,0.1822446632476796,False,False,False,,below_bounded_prescreen
absdiff__detailed__all__opp_tov_pct_ros,detailed_efficiency,0.0,1048,1048,-0.04471432795048132,0.07762452603464345,0.25,1.0,0.12205285080186981,0.18221481061365996,False,False,False,,below_bounded_prescreen
absdiff__schedule__rpi,schedule_and_accomplishment,0.0,1048,1048,-0.00653618883971844,0.14774390213519628,0.125,1.0,0.258617800897146,0.18201032253374644,False,False,False,,below_bounded_prescreen
absdiff__adj__net_rtg_a10p0_percentile,opponent_adjusted_efficiency,0.0,1048,528,-0.022476050797900382,0.14093941388557724,0.125,1.0,0.2720166054415846,0.1817149856229518,False,True,True,41.0,selected
absdiff__norm__adj__net_rtg_a10p0__pct,within_season_normalization,0.0,1048,528,-0.022476050797900382,0.14093941388557724,0.125,1.0,0.2720166054415846,0.1817149856229518,False,False,False,,below_bounded_prescreen
absdiff__detailed__neutral__off_rtg_mean,detailed_efficiency,0.042938931297709926,1003,1003,-0.029038073684961405,0.09747525549044837,0.25,1.0,0.20202346480946543,0.1816604457499113,False,False,False,,below_bounded_prescreen
absdiff__detailed__all__oppefg_median,detailed_efficiency,0.0,1048,1023,-0.02936205398558608,0.08941423717501684,0.25,1.0,0.2093135970081108,0.1810059418405126,False,False,False,,below_bounded_prescreen
absdiff__detailed__clean__opp_tov_pct_ros,detailed_efficiency,0.0,1048,1048,-0.04331642813505595,0.07578111385124078,0.25,1.0,0.12310015195765325,0.18098054276000178,False,False,False,,below_bounded_prescreen
diff__detailed__home__pace_mean,detailed_efficiency,0.0,1048,1047,0.06043939491599993,0.0744244975348124,0.25,1.0,0.206017801718766,0.1807797136294793,False,False,False,,below_bounded_prescreen
absdiff__rating__margin_ridge_a5p0_z,global_strength_ratings,0.0,1048,1048,-0.0014545107428829602,0.10031564012390513,0.25,1.0,0.19446177783512852,0.18069302850950358,False,False,False,,below_bounded_prescreen
absdiff__detailed__neutral__net_rtg_mean,detailed_efficiency,0.042938931297709926,1003,1003,-0.034198527843337136,0.0923112628565117,0.25,1.0,0.19282026139029265,0.1806851573372313,False,False,False,,below_bounded_prescreen
absdiff__rating__margin_ridge_a5p0,global_strength_ratings,0.0,1048,1048,-0.0011705213010954289,0.10031565928641638,0.25,1.0,0.19446180876875185,0.1806305587929708,False,False,False,,below_bounded_prescreen
diff__detailed__clean__offrtg_std,detailed_efficiency,0.0,1048,1048,-0.04777791207080965,0.12410238815899485,0.125,1.0,0.2365222398432097,0.18061939737816726,False,False,False,,below_bounded_prescreen
absdiff__norm__rating__margin_ridge_a25p0__pct,within_season_normalization,0.0,1048,526,-0.018663346607206782,0.1389119736687098,0.125,1.0,0.2627502097779716,0.18027367522344734,False,False,False,,below_bounded_prescreen
absdiff__rating__margin_ridge_a25p0_percentile,global_strength_ratings,0.0,1048,526,-0.018663346607206782,0.1389119736687098,0.125,1.0,0.2627502097779716,0.18027367522344734,False,False,False,,below_bounded_prescreen
absdiff__compact__home_margin_mean,compact_performance,0.0,1048,993,0.050733107931543696,0.0709472665975846,0.25,1.0,0.12542349063573924,0.18019903208635066,False,False,False,,below_bounded_prescreen
diff__detailed__all__offrtg_std,detailed_efficiency,0.0,1048,1048,-0.04575709111183097,0.1234738655633941,0.125,1.0,0.23165558276317738,0.1800677922045049,False,False,False,,below_bounded_prescreen
absdiff__compact__last5_margin_mean,compact_performance,0.0,1048,112,0.03266407375151,0.12607169807618224,0.125,1.0,0.21321216405090093,0.17917202473986366,False,False,False,,below_bounded_prescreen
absdiff__detailed__clean__oppefg_median,detailed_efficiency,0.0,1048,1025,-0.032310188762098596,0.0852056746588695,0.25,1.0,0.22184906565377419,0.17913300273776808,False,False,False,,below_bounded_prescreen
diff__detailed__clean__oppftpct_median,detailed_efficiency,0.0,1048,826,-0.031447420972216984,0.08264718536938748,0.25,1.0,0.18766426625730448,0.17908251094090155,False,False,False,,below_bounded_prescreen
absdiff__massey__rank_improvement_mean,massey_consensus,0.0,1048,1040,-0.016796298180938436,0.0848814267068902,0.25,1.0,0.15169102633666048,0.17837062936564735,False,False,False,,below_bounded_prescreen
absdiff__compact__margin_mad,compact_performance,0.0,1048,19,-0.008827106347633116,0.08874816203999433,0.25,1.0,0.15426801076449692,0.1783703607450967,False,False,False,,below_bounded_prescreen
absdiff__compact__half_delta_marginmean,compact_performance,0.0,1048,1008,0.03479275202707754,0.12354997338089038,0.125,1.0,0.2182909104315908,0.17822675625152082,False,False,False,,below_bounded_prescreen
absdiff__compact__last5_margin_std,compact_performance,0.0,1048,1047,0.00800015918903762,0.09135915338023262,0.25,1.0,0.18501381757849525,0.17821187594096013,False,False,False,,below_bounded_prescreen
absdiff__detailed__all__orbpct_std,detailed_efficiency,0.0,1048,1048,-0.038003984640527816,0.07542718019887269,0.25,1.0,0.1639682948286718,0.17800719132322815,False,False,False,,below_bounded_prescreen
absdiff__massey__system_wob,massey_consensus,0.061068702290076333,984,513,-0.032759210610426547,0.15736520802094572,0.06666666666666667,1.0,0.28046658026877536,0.17730483345705733,False,False,False,,below_bounded_prescreen
diff__detailed__all__ft_pct_ros,detailed_efficiency,0.0,1048,1048,0.04151931291500908,0.06986083119729578,0.25,1.0,0.14189865888310904,0.1769915014606796,False,False,False,,below_bounded_prescreen
absdiff__compact__margin_std,compact_performance,0.0,1048,1048,0.01746561628375798,0.0805408142861637,0.25,1.0,0.13918020760593847,0.17693481813554782,False,False,False,,below_bounded_prescreen
absdiff__detailed__clean__orbpct_std,detailed_efficiency,0.0,1048,1048,-0.03569844609222125,0.07545392530458533,0.25,1.0,0.1823001811527949,0.17677953504037786,False,False,False,,below_bounded_prescreen
diff__detailed__clean__ft_pct_ros,detailed_efficiency,0.0,1048,1048,0.0404472558557754,0.06986083119729578,0.25,1.0,0.14181335509977908,0.1767590610589814,False,False,False,,below_bounded_prescreen
absdiff__rating__elo_season_reset_mov,dynamic_ratings,0.0,1048,1048,0.012732452942747021,0.12955168563301925,0.125,1.0,0.23270523941429344,0.17567773917468182,False,False,False,,below_bounded_prescreen
absdiff__rating__elo_season_reset_mov_delta,dynamic_ratings,0.0,1048,1048,0.012732452942747021,0.12955168563301925,0.125,1.0,0.23270523941429344,0.17567773917468182,False,False,False,,below_bounded_prescreen
absdiff__rating__elo_season_reset_mov_z,dynamic_ratings,0.0,1048,1048,0.012713952773301696,0.12955167810174292,0.125,1.0,0.23270523854740188,0.1756736655570669,False,False,False,,below_bounded_prescreen
absdiff__massey__rank_improvement_std,massey_consensus,0.0,1048,1048,0.005495925876554675,0.1299682904269796,0.125,1.0,0.20344897487526714,0.17545592410278155,False,False,False,,below_bounded_prescreen
absdiff__compact__home_win_pct,compact_performance,0.0,1048,342,0.01276019739391018,0.1309277285294328,0.125,1.0,0.2592884001299327,0.1752810171155907,False,False,False,,below_bounded_prescreen
diff__detailed__last5__pace_mean,detailed_efficiency,0.0,1048,977,-0.0014985078847876694,0.13299240979786053,0.125,1.0,0.22297620509486996,0.17524698023383156,False,False,False,,below_bounded_prescreen
absdiff__detailed__last10__efg_mean,detailed_efficiency,0.0,1048,1048,-0.03143488318963785,0.11990297483912951,0.125,1.0,0.23756714667989892,0.17496641635730653,False,False,False,,below_bounded_prescreen
absdiff__compact__home_margin_std,compact_performance,0.0,1048,1048,-0.01547066184860421,0.1273516111373681,0.125,1.0,0.2509647000538192,0.17449373095047685,False,False,False,,below_bounded_prescreen
absdiff__compact__ewm_h20_margin,compact_performance,0.0,1048,1048,0.022442951906804662,0.12246366521485956,0.125,1.0,0.24112653596577488,0.1740749472839986,False,False,False,,below_bounded_prescreen
mean__prior__program_has_tournament_history,prior_program_history,0.0,1048,3,-0.014987760243370835,0.12439951364349237,0.125,1.0,0.22422112293622404,0.17404022888496898,False,False,False,,below_bounded_prescreen
absdiff__massey__ordinal_std,massey_consensus,0.0,1048,1048,0.006400144185839677,0.13017927557719058,0.125,1.0,0.2599669668032636,0.17349540532580568,False,False,False,,below_bounded_prescreen
absdiff__compact__last20_win_pct,compact_performance,0.0,1048,12,-0.02588039105029956,0.06733385231849157,0.25,1.0,0.1209591823860303,0.17317556784850066,False,False,False,,below_bounded_prescreen
diff__detailed__all__ftpct_median,detailed_efficiency,0.0,1048,908,0.045564657579839976,0.10327882514012796,0.125,1.0,0.1636132610265567,0.17305353029376394,False,False,False,,below_bounded_prescreen
diff__detailed__clean__ftpct_median,detailed_efficiency,0.0,1048,908,0.04525319693459481,0.10300638040164242,0.125,1.0,0.1625796178815312,0.17289558120313797,False,False,False,,below_bounded_prescreen
absdiff__compact__pythag_exp11p5,compact_performance,0.0,1048,1048,0.0016247922530194321,0.08059370253334686,0.25,1.0,0.16249290562695706,0.17254271528659249,False,False,False,,below_bounded_prescreen
interaction__clean_shooting_attack_defense_edge,matchup_interactions,0.0,1048,1048,-0.011794178367041818,0.12396285109146193,0.125,1.0,0.24083901462595353,0.1724633271796128,False,True,False,,correlation_pruned_or_cap
absdiff__adj__net_rtg_a50p0_percentile,opponent_adjusted_efficiency,0.0,1048,516,-0.012940273206220883,0.12136412453829007,0.125,1.0,0.2196118548620481,0.17231716568926592,False,True,True,42.0,selected
absdiff__norm__adj__net_rtg_a50p0__pct,within_season_normalization,0.0,1048,516,-0.012940273206220883,0.12136412453829007,0.125,1.0,0.2196118548620481,0.17231716568926592,False,False,False,,below_bounded_prescreen
interaction__shooting_attack_defense_edge,matchup_interactions,0.0,1048,1048,-0.0115976706175464,0.12339257963237127,0.125,1.0,0.23963086670232153,0.17219469109130559,False,True,False,,correlation_pruned_or_cap
absdiff__adj__def_rtg_a10p0,opponent_adjusted_efficiency,0.0,1048,1048,-0.019949860331405885,0.07206190234147473,0.25,1.0,0.1696650896420503,0.17219207881113516,False,True,True,43.0,selected
mean__compact__day120plus_games,compact_performance,0.0,1048,9,-0.021679496500427126,0.06530937820874469,0.25,1.0,0.1102754192028289,0.17170697400217827,False,False,False,,below_bounded_prescreen
absdiff__compact__away_margin_mean,compact_performance,0.0,1048,906,0.028493623102663453,0.11289103640763266,0.125,1.0,0.21880066307484877,0.17170426803525568,False,False,False,,below_bounded_prescreen
diff__detailed__all__drbpct_median,detailed_efficiency,0.0,1048,1003,0.05407078492381905,0.09836792491730677,0.125,1.0,0.19494169096772304,0.17131450900483852,False,False,False,,below_bounded_prescreen
absdiff__rating__bt_c0p25,global_strength_ratings,0.0,1048,1048,0.006973456201747693,0.12306712150610902,0.125,1.0,0.23881851728948444,0.17105363799573745,False,False,False,,below_bounded_prescreen
absdiff__rating__bt_c0p25_z,global_strength_ratings,0.0,1048,1048,0.006796545939206879,0.12306712069756887,0.125,1.0,0.23881852535484926,0.1710147170272646,False,False,False,,below_bounded_prescreen
absdiff__detailed__all__oppftmaderate_median,detailed_efficiency,0.0,1048,1034,-0.025977183360409776,0.11187307518554504,0.125,1.0,0.21055708782573643,0.17099177291532233,False,False,False,,below_bounded_prescreen
mean__compact__margin_std,compact_performance,0.0,1048,1048,-0.01928574836012252,0.11250235063509548,0.125,1.0,0.18495770803283634,0.17084568462275934,False,False,False,,below_bounded_prescreen
absdiff__detailed__last20__opp_efg_mean,detailed_efficiency,0.0,1048,1048,0.01735053118264033,0.11616635850709695,0.125,1.0,0.21879088372430663,0.17082533359461513,False,False,False,,below_bounded_prescreen
absdiff__detailed__clean__oppftmaderate_median,detailed_efficiency,0.0,1048,1034,-0.025920494495706978,0.11134599307821993,0.125,1.0,0.21205232987937397,0.17066649227142616,False,False,False,,below_bounded_prescreen
diff__detailed__clean__drbpct_median,detailed_efficiency,0.0,1048,1009,0.05379983572119256,0.09697629964019773,0.125,1.0,0.19399836642950233,0.1706246530287772,False,False,False,,below_bounded_prescreen
absdiff__compact__margin_q75,compact_performance,0.0,1048,83,0.023858211152401183,0.10892076834839472,0.125,1.0,0.17284537215720447,0.17061696037446955,False,False,False,,below_bounded_prescreen
absdiff__compact__margin_q90,compact_performance,0.0,1048,211,0.057630120417297676,0.05039036526704771,0.25,1.0,0.15650442157426908,0.17060582495701765,False,False,False,,below_bounded_prescreen
absdiff__massey__ordinal_max,massey_consensus,0.0,1048,226,-0.004369066659509979,0.172640095802155,0.0,1.0,0.33104410338960566,0.17058667651454237,False,False,False,,below_bounded_prescreen
absdiff__compact__rest_days_std,compact_performance,0.0,1048,1048,0.008301920397904727,0.06851078751347585,0.25,1.0,0.11526643792070929,0.17010094297717906,False,False,False,,below_bounded_prescreen
absdiff__detailed__ewm_h5__efg,detailed_efficiency,0.0,1048,1048,-0.030995883580320186,0.10834836706585721,0.125,1.0,0.22152145142602062,0.16996545252224107,False,False,False,,below_bounded_prescreen
absdiff__adj__off_rtg_a50p0,opponent_adjusted_efficiency,0.0,1048,1048,0.03876182809830533,0.10251487405165938,0.125,1.0,0.20428027361540602,0.16956353078180744,False,True,True,44.0,selected
diff__detailed__clean__pace_ros,detailed_efficiency,0.0,1048,1048,0.016942636818600917,0.11390073308989788,0.125,1.0,0.2263251351398926,0.1693467265776475,False,False,False,,below_bounded_prescreen
diff__detailed__all__pace_ros,detailed_efficiency,0.0,1048,1048,0.0163287056378791,0.113783825788149,0.125,1.0,0.225117674638263,0.1692038446331144,False,False,False,,below_bounded_prescreen
absdiff__conference__tourney_win_pct,conference_context,0.01812977099236641,1029,9,0.0012410135178498043,0.12318098418275389,0.125,1.0,0.22149579143400472,0.16908968204489933,False,False,False,,below_bounded_prescreen
absdiff__compact__last5_margin_median,compact_performance,0.0,1048,32,-0.008923373695137304,0.11600676683265873,0.125,1.0,0.21642770100115094,0.16898928225256035,False,False,False,,below_bounded_prescreen
absdiff__detailed__last20__tov_pct_mean,detailed_efficiency,0.0,1048,1048,-0.020439557786503363,0.10757111213968368,0.125,1.0,0.17979057625899836,0.16893921348971896,False,False,False,,below_bounded_prescreen
interaction__combined_margin_volatility,matchup_interactions,0.0,1048,1048,-0.01784698985552849,0.10714993997027424,0.125,1.0,0.1818809679086686,0.16808307023760116,False,True,False,,correlation_pruned_or_cap
absdiff__norm__rating__pagerank_margin__z,within_season_normalization,0.0,1048,1048,-0.02583299126755765,0.10222970233087132,0.125,1.0,0.17259449433732843,0.1678497354241878,False,False,False,,below_bounded_prescreen
absdiff__rating__pagerank_margin_z,global_strength_ratings,0.0,1048,1048,-0.02583299126755765,0.10222970233087132,0.125,1.0,0.17259449433732843,0.1678497354241878,False,False,False,,below_bounded_prescreen
absdiff__norm__rating__bt_c1p0__z,within_season_normalization,0.0,1048,1048,0.001151099137611525,0.11625920094627903,0.125,1.0,0.21200461753959754,0.1675774735629046,False,False,False,,below_bounded_prescreen
absdiff__rating__bt_c1p0_z,global_strength_ratings,0.0,1048,1048,0.001151099137611525,0.11625920094627903,0.125,1.0,0.21200461753959754,0.1675774735629046,False,False,False,,below_bounded_prescreen
absdiff__rating__bt_c1p0,global_strength_ratings,0.0,1048,1048,0.0011043463058465217,0.1162591966982294,0.125,1.0,0.21200460703743468,0.16756718632093898,False,False,False,,below_bounded_prescreen
absdiff__adj__net_rtg_a10p0,opponent_adjusted_efficiency,0.0,1048,1048,0.01568764769883318,0.1092846907002413,0.125,1.0,0.21431219515504685,0.16733544622365726,False,True,True,45.0,selected
mean__compact__games,compact_performance,0.0,1048,15,-0.018899691822875153,0.10821342586580279,0.125,1.0,0.21934569543231433,0.1673265487993253,False,False,False,,below_bounded_prescreen
mean__detailed__all__games,detailed_efficiency,0.0,1048,15,-0.018899691822875153,0.10821342586580279,0.125,1.0,0.21934569543231433,0.1673265487993253,False,False,False,,below_bounded_prescreen
absdiff__massey__strength_min,massey_consensus,0.0,1048,926,0.04823685220633518,0.1381221658587935,0.0,1.0,0.239845969286604,0.16731690832615045,False,False,False,,below_bounded_prescreen
absdiff__adj__net_rtg_a10p0_z,opponent_adjusted_efficiency,0.0,1048,1048,0.014990888508769508,0.10928469226944591,0.125,1.0,0.2143121921476867,0.16718216007535586,False,True,False,,correlation_pruned_or_cap
absdiff__norm__adj__net_rtg_a10p0__z,within_season_normalization,0.0,1048,1048,0.014990888508769508,0.10928469226944591,0.125,1.0,0.2143121921476867,0.16718216007535586,False,False,False,,below_bounded_prescreen
mean__detailed__clean__games,detailed_efficiency,0.0,1048,15,-0.02238566121730779,0.1059863711872583,0.125,1.0,0.2191728932803328,0.16703138790647842,False,False,False,,below_bounded_prescreen
absdiff__rating__pagerank_margin,global_strength_ratings,0.0,1048,1048,-0.021816221898540336,0.10222970348250594,0.125,1.0,0.1725944809345522,0.16696604725189965,False,False,False,,below_bounded_prescreen
diff__detailed__last10__efg_mean,detailed_efficiency,0.0,1048,1048,0.04726613501121167,0.0942365748843402,0.125,1.0,0.21735778553877047,0.16693779422539906,False,False,False,,below_bounded_prescreen
mean__compact__home_margin_std,compact_performance,0.0,1048,1048,0.01927808232654243,0.10544004016190835,0.125,1.0,0.2015375317942124,0.16679089611778683,False,False,False,,below_bounded_prescreen
absdiff__detailed__ewm_h10__oppefg,detailed_efficiency,0.0,1048,1048,-0.031166084034814065,0.09813761536067947,0.125,1.0,0.17939443302292302,0.16678681653986832,False,False,False,,below_bounded_prescreen
seedprior__favorite_prob_pc8p0,prequential_seed_priors,0.0,1048,430,0.0040409555357964885,0.11212055031476847,0.125,1.0,0.20904822321398916,0.1663449454404045,False,True,False,,correlation_pruned_or_cap
absdiff__compact__pythag_residual_exp8p0,compact_performance,0.0,1048,1048,-0.005750868241835735,0.06042411815269019,0.25,1.0,0.09977099440364207,0.16627792795034949,False,False,False,,below_bounded_prescreen
absdiff__compact__win_pct,compact_performance,0.0,1048,664,-0.0005139579138222085,0.11482973819616787,0.125,1.0,0.22421032460857654,0.1662629320908584,False,False,False,,below_bounded_prescreen
absdiff__schedule__wp,schedule_and_accomplishment,0.0,1048,664,-0.0005139579138222085,0.11482973819616787,0.125,1.0,0.22421032460857654,0.1662629320908584,False,False,False,,below_bounded_prescreen
absdiff__norm__compact__win_pct__z,within_season_normalization,0.0,1048,935,-0.00046231799975196395,0.11482973736604576,0.125,1.0,0.2242103231633348,0.16625157096911403,False,False,False,,below_bounded_prescreen
absdiff__detailed__ewm_h20__efg,detailed_efficiency,0.0,1048,1048,0.0381800858401673,0.0941457002956462,0.125,1.0,0.186082238749523,0.1661462654767661,False,False,False,,below_bounded_prescreen
mean__compact__last5_margin_std,compact_performance,0.0,1048,1047,0.04782948587386755,0.08709625168253957,0.125,1.0,0.15841189521842303,0.16599221189113295,False,False,False,,below_bounded_prescreen
mean__massey__strength_iqr,massey_consensus,0.0,1048,779,-0.041189881817543204,0.09241738802002361,0.125,1.0,0.18607056560990992,0.16597929762507446,False,False,False,,below_bounded_prescreen
mean__conference__strength_std,conference_context,0.0,1048,820,0.03431813680918627,0.0957199817718388,0.125,1.0,0.18833433525636753,0.16596220793824892,False,False,False,,below_bounded_prescreen
absdiff__compact__rest_days_mean,compact_performance,0.0,1048,625,-0.041525160288636564,0.09026038216174324,0.125,1.0,0.16610615991701724,0.16581627230445614,False,False,False,,below_bounded_prescreen
diff__compact__close3_win_pct,compact_performance,0.033396946564885496,1013,168,0.04128352018424384,0.09963132908217759,0.125,1.0,0.21102392151644675,0.16579269981413017,False,False,False,,below_bounded_prescreen
absdiff__norm__rating__margin_ridge_a25p0__z,within_season_normalization,0.0,1048,1048,0.01840759949014328,0.10248147160155435,0.125,1.0,0.1947045800212804,0.1654525950557264,False,False,False,,below_bounded_prescreen
absdiff__rating__margin_ridge_a25p0_z,global_strength_ratings,0.0,1048,1048,0.01840759949014328,0.10248147160155435,0.125,1.0,0.1947045800212804,0.1654525950557264,False,False,False,,below_bounded_prescreen
absdiff__rating__margin_ridge_a25p0,global_strength_ratings,0.0,1048,1048,0.018325505103729718,0.10248147792970769,0.125,1.0,0.1947045721235346,0.16543453764413885,False,False,False,,below_bounded_prescreen
absdiff__detailed__clean__ftrate_std,detailed_efficiency,0.0,1048,1048,0.031015770174697203,0.09360609163020203,0.125,1.0,0.15833999610583846,0.1654207935766968,False,False,False,,below_bounded_prescreen
absdiff__detailed__all__efg_ros,detailed_efficiency,0.0,1048,1048,0.019515332466970473,0.14957600536343912,0.0,1.0,0.2752179113985352,0.16508113926124288,False,False,False,,below_bounded_prescreen
absdiff__detailed__away__net_rtg_mean,detailed_efficiency,0.0,1048,1048,0.03034929584618581,0.09634432094821942,0.125,1.0,0.19804112382153638,0.16500047418844474,False,False,False,,below_bounded_prescreen
absdiff__norm__detailed__all__efg_ros__z,within_season_normalization,0.0,1048,1048,0.01872013359886002,0.1495760081166228,0.0,1.0,0.27521791353858466,0.16490619674618476,False,False,False,,below_bounded_prescreen
absdiff__schedule__quality_win_points_mean,schedule_and_accomplishment,0.0,1048,1048,-0.012859117514158894,0.10047487866778113,0.125,1.0,0.1563571581253253,0.16480266128863688,False,False,False,,below_bounded_prescreen
diff__detailed__clean__fg3_attempt_rate_ros,detailed_efficiency,0.0,1048,1048,-0.0347753540316607,0.09191586201034005,0.125,1.0,0.17429471676158842,0.16479840298146506,False,False,False,,below_bounded_prescreen
absdiff__detailed__last5__net_rtg_mean,detailed_efficiency,0.0,1048,1048,0.028292156776342028,0.1417614843863735,0.0,1.0,0.23923831994852124,0.1647002541983137,False,False,False,,below_bounded_prescreen
absdiff__detailed__all__opp_ftmade_rate_ros,detailed_efficiency,0.0,1048,1048,-0.033723593896897795,0.09571116471554367,0.125,1.0,0.21919891402107228,0.16459259315993557,False,False,False,,below_bounded_prescreen
seedprior__favorite_prob_pc2p0,prequential_seed_priors,0.0,1048,430,0.004772236741979751,0.10775353652888026,0.125,1.0,0.20799134654820867,0.16445193575516973,False,True,False,,correlation_pruned_or_cap
absdiff__detailed__clean__efg_ros,detailed_efficiency,0.0,1048,1048,0.019774843268023035,0.1481751490693995,0.0,1.0,0.27603759385713045,0.1644330333179916,False,False,False,,below_bounded_prescreen
diff__detailed__all__fg3_attempt_rate_ros,detailed_efficiency,0.0,1048,1048,-0.03418833546027008,0.09138691125966902,0.125,1.0,0.1807984195114361,0.16415521442544312,False,False,False,,below_bounded_prescreen
mean__schedule__opponent_strength_std,schedule_and_accomplishment,0.0,1048,1047,0.012551629481566203,0.10319186207632375,0.125,1.0,0.20470272150454794,0.16410534342239805,False,False,False,,below_bounded_prescreen
absdiff__detailed__clean__efg_median,detailed_efficiency,0.0,1048,1011,0.018781635139462714,0.14497055660985908,0.0,1.0,0.24494042924082238,0.16392020973378124,False,False,False,,below_bounded_prescreen
absdiff__massey__system_sel,massey_consensus,0.061068702290076333,984,535,-0.02939954703206284,0.12801761424942168,0.06666666666666667,1.0,0.2457979543385112,0.16386560749669635,False,False,False,,below_bounded_prescreen
diff__detailed__all__drbpct_mean,detailed_efficiency,0.0,1048,1048,0.05448709025045379,0.08055529292487451,0.125,1.0,0.17286787573811502,0.163738985429515,False,False,False,,below_bounded_prescreen
diff__detailed__all__ftpct_mean,detailed_efficiency,0.0,1048,1048,0.05378261720402762,0.07986972768442066,0.125,1.0,0.16508949854974728,0.16356606513141808,False,False,False,,below_bounded_prescreen
absdiff__detailed__all__oppftmaderate_mean,detailed_efficiency,0.0,1048,1048,-0.0342931835663137,0.09351147751361458,0.125,1.0,0.22356224514401518,0.16348751978536344,False,False,False,,below_bounded_prescreen
diff__detailed__clean__ftpct_mean,detailed_efficiency,0.0,1048,1048,0.05317319009544638,0.07986972768442066,0.125,1.0,0.1640427042861129,0.1634738629380756,False,False,False,,below_bounded_prescreen
seedprior__exact_pair_games,prequential_seed_priors,0.0,1048,91,-0.029903327893163398,0.09325760890211982,0.125,1.0,0.20552872813783213,0.1631212352840002,False,True,False,,correlation_pruned_or_cap
absdiff__compact__margin_winsor02,compact_performance,0.0,1048,1048,0.044249091774973305,0.0824103650362185,0.125,1.0,0.15885795054120389,0.16293745738623086,False,False,False,,below_bounded_prescreen
absdiff__detailed__all__efg_median,detailed_efficiency,0.0,1048,1012,0.018905957605322734,0.14277765528065411,0.0,1.0,0.24536379067773026,0.1628780335807758,False,False,False,,below_bounded_prescreen
absdiff__detailed__all__efg_mean,detailed_efficiency,0.0,1048,1048,0.01171839871386701,0.148816723637326,0.0,1.0,0.28279760771354434,0.16269817075442544,False,False,False,,below_bounded_prescreen
absdiff__detailed__all__efg_trim02,detailed_efficiency,0.0,1048,1048,0.01171839871386701,0.148816723637326,0.0,1.0,0.28279760771354434,0.16269817075442544,False,False,False,,below_bounded_prescreen
absdiff__detailed__clean__opp_ftmade_rate_ros,detailed_efficiency,0.0,1048,1048,-0.03350049509782585,0.09161375156856519,0.125,1.0,0.22264134835511232,0.1624390557402285,False,False,False,,below_bounded_prescreen
absdiff__norm__detailed__clean__net_rtg_ros__pct,within_season_normalization,0.0,1048,553,-0.014245877026979773,0.09839100824120983,0.125,1.0,0.19832002866824694,0.1624289757549864,False,False,False,,below_bounded_prescreen
absdiff__compact__day110plus_margin_mean,compact_performance,0.0,1048,719,0.014717442876614431,0.09518943940819152,0.125,1.0,0.16519853735981213,0.16232082685439464,False,False,False,,below_bounded_prescreen
absdiff__massey__rank_improvement_median,massey_consensus,0.0,1048,90,-0.014976104588271038,0.09181552035842491,0.125,1.0,0.13291469012512758,0.16204960517645847,False,False,False,,below_bounded_prescreen
absdiff__norm__compact__margin_mean__pct,within_season_normalization,0.0,1048,608,-0.01378223535910068,0.09670402166778158,0.125,1.0,0.1860118248428767,0.16200954918582225,False,False,False,,below_bounded_prescreen
absdiff__norm__compact__margin_trim02__pct,within_season_normalization,0.0,1048,608,-0.01378223535910068,0.09670402166778158,0.125,1.0,0.1860118248428767,0.16200954918582225,False,False,False,,below_bounded_prescreen
absdiff__seed__number,selection_committee_prior,0.0,1048,15,-0.007506901068295617,0.09888581025260179,0.125,1.0,0.1840472635482705,0.1617548166143431,False,True,False,,correlation_pruned_or_cap
matchup__seed_gap_abs,matchup_context,0.0,1048,15,-0.007506901068295617,0.09888581025260179,0.125,1.0,0.1840472635482705,0.1617548166143431,False,True,True,33.0,selected
absdiff__detailed__all__offrtg_std,detailed_efficiency,0.0,1048,1048,0.00799499248461141,0.04873471114132165,0.25,1.0,0.08787841464348356,0.16163642310870954,False,False,False,,below_bounded_prescreen
absdiff__detailed__clean__offrtg_std,detailed_efficiency,0.0,1048,1048,0.006777801155418587,0.05021431173276403,0.25,1.0,0.101556276187479,0.16153173483841968,False,False,False,,below_bounded_prescreen
absdiff__compact__margin_median,compact_performance,0.0,1048,39,0.05288069779948599,0.07640952045169833,0.125,1.0,0.17304673692993494,0.16138845385550474,False,False,False,,below_bounded_prescreen
absdiff__detailed__clean__efg_mean,detailed_efficiency,0.0,1048,1048,0.012260334720069224,0.14576146398158818,0.0,1.0,0.28501693912165516,0.16126209878471134,False,False,False,,below_bounded_prescreen
absdiff__detailed__clean__efg_trim02,detailed_efficiency,0.0,1048,1048,0.012260334720069224,0.14576146398158818,0.0,1.0,0.28501693912165516,0.16126209878471134,False,False,False,,below_bounded_prescreen
absdiff__detailed__clean__oppftmaderate_mean,detailed_efficiency,0.0,1048,1048,-0.034311105790748746,0.08910990093967269,0.125,1.0,0.2270824350304459,0.1612378983237898,False,False,False,,below_bounded_prescreen
mean__massey__systems,massey_consensus,0.0,1048,64,-0.006444829657885764,0.09624510537665074,0.125,1.0,0.16106460713213938,0.16117292882024165,False,False,False,,below_bounded_prescreen
mean__coach__has_prior_tournament_history,prior_coach_history,0.0,1048,3,0.02699471261013983,0.08712571712335207,0.125,1.0,0.17498022455855122,0.16075997201109773,False,False,False,,below_bounded_prescreen
absdiff__norm__compact__margin_mean__z,within_season_normalization,0.0,1048,1042,0.04675356319426079,0.07569305519102576,0.125,1.0,0.1507746357617806,0.1605874649639585,False,False,False,,below_bounded_prescreen
absdiff__norm__compact__margin_trim02__z,within_season_normalization,0.0,1048,1042,0.04675356319426079,0.07569305519102576,0.125,1.0,0.1507746357617806,0.1605874649639585,False,False,False,,below_bounded_prescreen
absdiff__norm__detailed__all__net_rtg_ros__pct,within_season_normalization,0.0,1048,549,-0.013358908463476076,0.0941472755033072,0.125,1.0,0.18987849385660216,0.1605345123492881,False,False,False,,below_bounded_prescreen
absdiff__adj__net_rtg_a50p0,opponent_adjusted_efficiency,0.0,1048,1048,0.03920817553088154,0.07970991412232206,0.125,1.0,0.15960712496051088,0.16050227239708809,False,True,True,46.0,selected
absdiff__schedule__opponent_strength_std,schedule_and_accomplishment,0.0,1048,1048,0.002040228032897981,0.09911754996052,0.125,1.0,0.18822986873485018,0.16049607939889315,False,False,False,,below_bounded_prescreen
absdiff__adj__net_rtg_a50p0_z,opponent_adjusted_efficiency,0.0,1048,1048,0.03916263681476775,0.07970991595655744,0.125,1.0,0.15960710967918695,0.160492255371229,False,False,False,,below_bounded_prescreen
absdiff__norm__adj__net_rtg_a50p0__z,within_season_normalization,0.0,1048,1048,0.03916263681476775,0.07970991595655744,0.125,1.0,0.15960710967918695,0.160492255371229,False,False,False,,below_bounded_prescreen
mean__schedule__top_quartile_games,schedule_and_accomplishment,0.0,1048,44,0.0008676864735028202,0.1008049054085618,0.125,1.0,0.202993526629904,0.16045750455508412,False,False,False,,below_bounded_prescreen
absdiff__compact__margin_mean,compact_performance,0.0,1048,1021,0.046159652136603946,0.07569304868029732,0.125,1.0,0.1507746262055431,0.16045680178837388,False,False,False,,below_bounded_prescreen
absdiff__compact__margin_trim02,compact_performance,0.0,1048,1021,0.046159652136603946,0.07569304868029732,0.125,1.0,0.1507746262055431,0.16045680178837388,False,False,False,,below_bounded_prescreen
absdiff__compact__half_marginmean_first,compact_performance,0.0,1048,877,0.029345515431036046,0.12939227165981676,0.0,1.0,0.20465762743312266,0.16037799869421507,False,False,False,,below_bounded_prescreen
absdiff__detailed__ewm_h5__oppefg,detailed_efficiency,0.0,1048,1048,0.014943112616366681,0.09280795984362947,0.125,1.0,0.1864703382374775,0.16037649197104373,False,False,False,,below_bounded_prescreen
absdiff__detailed__all__drb_pct_ros,detailed_efficiency,0.0,1048,1048,-0.0049254688903669006,0.09809930627813458,0.125,1.0,0.2026736018764444,0.16006432609432755,False,False,False,,below_bounded_prescreen
absdiff__detailed__away__def_rtg_mean,detailed_efficiency,0.0,1048,1048,0.048090515533699085,0.07186413326924752,0.125,1.0,0.12680793509685273,0.1600023799827785,False,False,False,,below_bounded_prescreen
absdiff__detailed__clean__drb_pct_ros,detailed_efficiency,0.0,1048,1048,-0.004218002470219056,0.0975329259657216,0.125,1.0,0.20269309456516366,0.15963604122438801,False,False,False,,below_bounded_prescreen
absdiff__detailed__ewm_h10__efg,detailed_efficiency,0.0,1048,1048,0.0005398963951905181,0.14743373231696716,0.0,1.0,0.28280269106121325,0.15957486107663763,False,False,False,,below_bounded_prescreen
mean__compact__neutral_games,compact_performance,0.042938931297709926,1003,15,0.006924045510291928,0.10135539710234759,0.125,1.0,0.18077475836737683,0.1595077757828792,False,False,False,,below_bounded_prescreen
mean__detailed__neutral__games,detailed_efficiency,0.042938931297709926,1003,15,0.006924045510291928,0.10135539710234759,0.125,1.0,0.18077475836737683,0.1595077757828792,False,False,False,,below_bounded_prescreen
diff__detailed__all__oppftpct_median,detailed_efficiency,0.0,1048,828,-0.03145710486387775,0.08237489620027696,0.125,1.0,0.18226951523788082,0.1591697326366708,False,False,False,,below_bounded_prescreen
absdiff__compact__away_win_pct,compact_performance,0.0,1048,401,-0.015873965157896984,0.08462840177304236,0.125,1.0,0.12384923648166837,0.15915993572653092,False,False,False,,below_bounded_prescreen
absdiff__detailed__last10__tov_pct_mean,detailed_efficiency,0.0,1048,1048,0.014651457485144273,0.08878695879285034,0.125,1.0,0.17300323300055614,0.15892093154727766,False,False,False,,below_bounded_prescreen
absdiff__compact__pythag_exp13p91,compact_performance,0.0,1048,1048,-0.00737583688640067,0.09166672817336272,0.125,1.0,0.17933837222623633,0.1584491787491728,False,False,False,,below_bounded_prescreen
absdiff__compact__margin_iqr,compact_performance,0.0,1048,67,-0.014285042356926021,0.0878999752819358,0.125,1.0,0.17443715855074926,0.15835721111182297,False,False,False,,below_bounded_prescreen
seedprior__pooled_pair_games,prequential_seed_priors,0.05057251908396947,995,123,-0.042353724211422625,0.08378732009869418,0.125,1.0,0.17904772337403754,0.15832802251220715,False,True,False,,correlation_pruned_or_cap
mean__detailed__clean__defrtg_std,detailed_efficiency,0.0,1048,1048,-0.021680733633414353,0.03574184526939881,0.25,1.0,0.09685292695316525,0.158051730050536,False,False,False,,below_bounded_prescreen
absdiff__detailed__all__ftrate_std,detailed_efficiency,0.0,1048,1048,0.02687792635836976,0.07770326414517528,0.125,1.0,0.13535607708707575,0.15779646750504245,False,False,False,,below_bounded_prescreen
mean__detailed__all__defrtg_std,detailed_efficiency,0.0,1048,1048,-0.021733194271902265,0.035214804888309796,0.25,1.0,0.0983567273671885,0.15775013999151966,False,False,False,,below_bounded_prescreen
diff__compact__last5_win_pct,compact_performance,0.0,1048,9,-0.021527044004006755,0.08207603969217178,0.125,1.0,0.1660973412712152,0.15748855508227533,False,False,False,,below_bounded_prescreen
absdiff__compact__neutral_margin_mean,compact_performance,0.042938931297709926,1003,580,-0.040261934562120814,0.08285642320769165,0.125,1.0,0.19333583214701067,0.1574601609536614,False,False,False,,below_bounded_prescreen
mean__detailed__neutral__pace_mean,detailed_efficiency,0.042938931297709926,1003,991,0.009921686603042724,0.04583799042045676,0.25,1.0,0.0846383715892626,0.15736435708710134,False,False,False,,below_bounded_prescreen
absdiff__detailed__home__def_rtg_mean,detailed_efficiency,0.0,1048,1048,-0.016177173054485097,0.0812257017668348,0.125,1.0,0.14090349078985548,0.1569111752884732,False,False,False,,below_bounded_prescreen
absdiff__rating__elo_standard_preseason,dynamic_ratings,0.0,1048,1048,-0.002002148767521241,0.09017741024822543,0.125,1.0,0.18703625214666436,0.15624417956213632,False,False,False,,below_bounded_prescreen
absdiff__adj__off_rtg_a10p0,opponent_adjusted_efficiency,0.0,1048,1048,0.025978902080046287,0.12207308621465646,0.0,1.0,0.22520433286426997,0.1553022665260745,False,False,False,,below_bounded_prescreen
mean__detailed__last20__pace_mean,detailed_efficiency,0.0,1048,1031,-0.02833873875650661,0.07056017383025348,0.125,1.0,0.12651015837905175,0.15504299962979107,False,False,False,,below_bounded_prescreen
absdiff__massey__strength_std,massey_consensus,0.0,1048,1048,0.049203180420081066,0.07181956535524847,0.125,1.0,0.2595124890884537,0.15491759149939896,False,False,False,,below_bounded_prescreen
absdiff__detailed__last5__efg_mean,detailed_efficiency,0.0,1048,1047,-0.025671664731714814,0.07016233887512556,0.125,1.0,0.12607203321940053,0.1542828075722615,False,False,False,,below_bounded_prescreen
diff__detailed__ewm_h5__defrtg,detailed_efficiency,0.0,1048,1048,-0.0432951353206129,0.05990930287793891,0.125,1.0,0.11800103960073238,0.1535613535679162,False,False,False,,below_bounded_prescreen
absdiff__compact__close5_win_pct,compact_performance,0.003816793893129771,1044,246,-0.007770768683979801,0.07928442629592256,0.125,1.0,0.15752663975045036,0.15315968463104995,False,False,False,,below_bounded_prescreen
mean__compact__days_since_last_game,compact_performance,0.0,1048,16,-0.027154865646178496,0.11601788743035947,0.0,1.0,0.21532661501649936,0.15304959180807184,False,False,False,,below_bounded_prescreen
absdiff__compact__pythag_exp10p0,compact_performance,0.0,1048,1048,0.007921805808935574,0.07745019277917006,0.125,1.0,0.15310508135280324,0.1527946865578553,False,False,False,,below_bounded_prescreen
mean__compact__rest_days_mean,compact_performance,0.0,1048,677,0.030691451366044644,0.11470493980481547,0.0,1.0,0.22684334170934944,0.1527367567384673,False,False,False,,below_bounded_prescreen
mean__detailed__last10__pace_mean,detailed_efficiency,0.0,1048,1020,-0.03471867202547193,0.06374766313544625,0.125,1.0,0.1380280401314643,0.15271586454535946,False,False,False,,below_bounded_prescreen
diff__compact__neutral_win_pct,compact_performance,0.042938931297709926,1003,139,0.03257050401688998,0.07478254595299258,0.125,1.0,0.17659938623742188,0.15256204298783857,False,False,False,,below_bounded_prescreen
diff__compact__day120plus_margin_mean,compact_performance,0.0,1048,616,0.0080692619916237,0.07341852934801155,0.125,1.0,0.13028825431247676,0.1518046015527037,False,False,False,,below_bounded_prescreen
absdiff__detailed__last10__opp_efg_mean,detailed_efficiency,0.0,1048,1048,0.009754993943779395,0.07575884383430578,0.125,1.0,0.17377696718357366,0.15155926502075528,False,False,False,,below_bounded_prescreen
interaction__pace_mean,matchup_interactions,0.0,1048,1047,-0.02580891570835645,0.06390062754300074,0.125,1.0,0.12143348229054521,0.15149292338485698,False,True,False,,correlation_pruned_or_cap
mean__detailed__all__pace_ros,detailed_efficiency,0.0,1048,1047,-0.02580891570835645,0.06390062754300074,0.125,1.0,0.12143348229054521,0.15149292338485698,False,False,False,,below_bounded_prescreen
mean__detailed__clean__pace_ros,detailed_efficiency,0.0,1048,1047,-0.025658158848143087,0.06388368366769841,0.125,1.0,0.12156333003232586,0.15144642990579368,False,False,False,,below_bounded_prescreen
mean__detailed__clean__ftrate_std,detailed_efficiency,0.0,1048,1047,0.004087026408378533,0.07306961520465594,0.125,1.0,0.1135474432446225,0.15143066337829325,False,False,False,,below_bounded_prescreen
absdiff__massey__system_mas,massey_consensus,0.24427480916030533,792,381,0.002988286167542376,0.10752945606945594,0.16666666666666666,1.0,0.20532462502428372,0.15118325880306907,False,False,False,,below_bounded_prescreen
absdiff__detailed__neutral__def_rtg_mean,detailed_efficiency,0.042938931297709926,1003,1003,-0.0035955684608213133,0.08230578634691992,0.125,1.0,0.14601911306019755,0.1510219234816776,False,False,False,,below_bounded_prescreen
absdiff__detailed__last10__orb_pct_mean,detailed_efficiency,0.0,1048,1048,0.02684564002964747,0.06217370284476725,0.125,1.0,0.130822519277879,0.15051651740089556,False,False,False,,below_bounded_prescreen
diff__detailed__all__opp_tov_pct_ros,detailed_efficiency,0.0,1048,1048,0.05939407813647099,0.04946194637525385,0.125,1.0,0.16181973025903088,0.15033564223978424,False,False,False,,below_bounded_prescreen
mean__detailed__all__ftrate_std,detailed_efficiency,0.0,1048,1047,0.0021093358339808587,0.07095093593855786,0.125,1.0,0.11001024394715427,0.1501200933760974,False,False,False,,below_bounded_prescreen
absdiff__compact__last20_margin_median,compact_performance,0.0,1048,43,0.02215545278927322,0.10748968163128056,0.0,1.0,0.1613610643075917,0.1500148042243511,False,False,False,,below_bounded_prescreen
absdiff__detailed__all__netrtg_std,detailed_efficiency,0.0,1048,1048,0.04050189681088209,0.05351705121949683,0.125,1.0,0.1184438097507736,0.1498608494937216,False,False,False,,below_bounded_prescreen
absdiff__schedule__elite_wins,schedule_and_accomplishment,0.0,1048,12,0.002111299022617395,0.0710357089399383,0.125,1.0,0.11979301913707704,0.14976990531066312,False,False,False,,below_bounded_prescreen
absdiff__massey__strength_iqr,massey_consensus,0.0,1048,707,0.004507764452276368,0.12036258901446945,0.0,1.0,0.22723723718000183,0.1496762614192461,False,False,False,,below_bounded_prescreen
absdiff__detailed__clean__netrtg_std,detailed_efficiency,0.0,1048,1048,0.03973411666678848,0.05261756760264648,0.125,1.0,0.11609754399019141,0.14935403635635613,False,False,False,,below_bounded_prescreen
absdiff__compact__margin_slope,compact_performance,0.0,1048,1047,0.03422165693669459,0.05662355617282557,0.125,1.0,0.17625743414344572,0.14765777412329126,False,False,False,,below_bounded_prescreen
mean__geography__games_with_city,geography_and_schedule_dispersion,0.0,1048,12,0.011828323846732706,0.06301132408171395,0.1111111111111111,1.0,0.07640723653253778,0.14756915512198016,False,False,False,,below_bounded_prescreen
diff__compact__day110plus_win_pct,compact_performance,0.0,1048,175,0.00698413219754368,0.11295678898413339,0.0,1.0,0.2062582512572504,0.14750543774555364,False,False,False,,below_bounded_prescreen
absdiff__compact__margin_q10,compact_performance,0.0,1048,185,0.03406423958478605,0.10274772844944349,0.0,1.0,0.23505040559853993,0.1474110261404442,False,False,False,,below_bounded_prescreen
absdiff__compact__day90plus_win_pct,compact_performance,0.0,1048,274,-0.0045058879388989795,0.11225601647130425,0.0,1.0,0.20387624209193272,0.1467191335691065,False,False,False,,below_bounded_prescreen
absdiff__detailed__all__ft_rate_ros,detailed_efficiency,0.0,1048,1048,0.001614602013498717,0.0649330118749773,0.125,1.0,0.12849076669841547,0.1463834274750222,False,False,False,,below_bounded_prescreen
mean__compact__home_games,compact_performance,0.0,1048,21,0.0050834686058421445,0.06316524569308107,0.125,1.0,0.12923414144289996,0.1462683153682482,False,False,False,,below_bounded_prescreen
mean__detailed__home__games,detailed_efficiency,0.0,1048,21,0.0050834686058421445,0.06316524569308107,0.125,1.0,0.12923414144289996,0.1462683153682482,False,False,False,,below_bounded_prescreen
mean__schedule__top_decile_games,schedule_and_accomplishment,0.0,1048,26,0.0028042124838116157,0.06231449932797793,0.125,1.0,0.11613050912914025,0.14588266605870237,False,False,False,,below_bounded_prescreen
diff__detailed__ewm_h5__fg3attemptrate,detailed_efficiency,0.0,1048,1048,-0.01843576944478327,0.1044414264133638,0.0,1.0,0.21025787628357914,0.14577743890492378,False,False,False,,below_bounded_prescreen
diff__detailed__clean__opp_tov_pct_ros,detailed_efficiency,0.0,1048,1048,0.05813305042797078,0.04039326272495971,0.125,1.0,0.16212552345830838,0.1456930162638019,False,False,False,,below_bounded_prescreen
diff__compact__neutral_margin_std,compact_performance,0.08396946564885496,960,958,0.02403327207560402,0.06837661977422571,0.125,1.0,0.15248628132931766,0.14529108884318012,False,False,False,,below_bounded_prescreen
absdiff__detailed__last5__orb_pct_mean,detailed_efficiency,0.0,1048,1048,0.03237408303374066,0.09279744451815894,0.0,1.0,0.1609534076502842,0.14522693533012787,False,False,False,,below_bounded_prescreen
absdiff__rating__elo_standard_delta,dynamic_ratings,0.0,1048,1048,0.002938547613960787,0.060209635939067974,0.125,1.0,0.11262078201795334,0.14504227444510587,False,False,False,,below_bounded_prescreen
mean__conference__tourney_games,conference_context,0.01812977099236641,1029,7,-0.02689943670925271,0.05512539487024386,0.125,1.0,0.16363791448632364,0.14438216735491038,False,False,False,,below_bounded_prescreen
absdiff__detailed__home__off_rtg_mean,detailed_efficiency,0.0,1048,1048,0.02127050250577373,0.09829235572301753,0.0,1.0,0.1912587406087275,0.14420949167396954,False,False,False,,below_bounded_prescreen
seedprior__pooled_gap_games,prequential_seed_priors,0.05057251908396947,995,143,-0.010573748241820884,0.06478877927244298,0.125,1.0,0.12965861480894836,0.14419269254489775,False,False,False,,below_bounded_prescreen
absdiff__detailed__last5__opp_efg_mean,detailed_efficiency,0.0,1048,1048,0.009968424442077687,0.09926089191251736,0.0,1.0,0.15044187998656927,0.14382060629580265,False,False,False,,below_bounded_prescreen
mean__detailed__last5__pace_mean,detailed_efficiency,0.0,1048,980,-0.0026165097090530467,0.05768692051315716,0.125,1.0,0.11233536662610387,0.14377193931726295,False,False,False,,below_bounded_prescreen
diff__detailed__clean__drbpct_mean,detailed_efficiency,0.0,1048,1048,0.05416052898011838,0.08058226348497559,0.0,1.0,0.17328597585424166,0.14366336381424466,False,False,False,,below_bounded_prescreen
diff__detailed__clean__fg3attemptrate_mean,detailed_efficiency,0.0,1048,1048,-0.03499961650217513,0.08963391493665762,0.0,1.0,0.18054126448367708,0.1435025442207271,False,False,False,,below_bounded_prescreen
absdiff__rating__elo_mov_log_preseason,dynamic_ratings,0.0,1048,1048,-0.001866328777755491,0.10400116791580005,0.0,1.0,0.17181206299008872,0.1434586704110867,False,False,False,,below_bounded_prescreen
diff__detailed__all__fg3attemptrate_mean,detailed_efficiency,0.0,1048,1048,-0.03446556805464322,0.08913423829615716,0.0,1.0,0.18645403510252911,0.1429086979500758,False,False,False,,below_bounded_prescreen
absdiff__detailed__clean__ftmade_rate_ros,detailed_efficiency,0.0,1048,1048,0.026991569134485124,0.09502795355375435,0.0,1.0,0.2162369886190731,0.1429020833706259,False,False,False,,below_bounded_prescreen
absdiff__detailed__all__ftmade_rate_ros,detailed_efficiency,0.0,1048,1048,0.026768258346760828,0.0943002907578277,0.0,1.0,0.21641857204740506,0.14249641351814848,False,False,False,,below_bounded_prescreen
absdiff__compact__pythag_residual_exp10p0,compact_performance,0.0,1048,1048,0.005711476599731003,0.052219853262319545,0.125,1.0,0.10052140516905678,0.14230119821109194,False,False,False,,below_bounded_prescreen
absdiff__detailed__clean__opp_ft_rate_ros,detailed_efficiency,0.0,1048,1048,-0.03254285423007804,0.08582749423205556,0.0,1.0,0.16226089563003504,0.14186618933680245,False,False,False,,below_bounded_prescreen
absdiff__rating__elo_mov_538_preseason,dynamic_ratings,0.0,1048,1048,-0.0011665182554076615,0.10072745782408087,0.0,1.0,0.17206229928234074,0.14172332180045488,False,False,False,,below_bounded_prescreen
diff__detailed__clean__fg3attemptrate_median,detailed_efficiency,0.0,1048,1042,-0.03275118014341877,0.08796249367332482,0.0,1.0,0.19454954272672903,0.14164527488567888,False,False,False,,below_bounded_prescreen
absdiff__detailed__all__opp_ft_rate_ros,detailed_efficiency,0.0,1048,1048,-0.03356785547293055,0.08490126214955629,0.0,1.0,0.16351494811804884,0.1415969361111098,False,False,False,,below_bounded_prescreen
absdiff__compact__day110plus_win_pct,compact_performance,0.0,1048,105,0.0016719659494954383,0.05109692231392753,0.125,1.0,0.09216486063781112,0.14120776079406178,False,False,False,,below_bounded_prescreen
diff__detailed__all__fg3attemptrate_median,detailed_efficiency,0.0,1048,1041,-0.032816004201562825,0.08688030975827053,0.0,1.0,0.1934629192868749,0.14118355283683867,False,False,False,,below_bounded_prescreen
absdiff__compact__pythag_residual_exp13p91,compact_performance,0.0,1048,1048,0.005380269012779711,0.04913814089006954,0.125,1.0,0.0910383881234327,0.1411284312851076,False,False,False,,below_bounded_prescreen
absdiff__massey__system_wil,massey_consensus,0.183206106870229,856,421,-0.05467475296821279,0.0839162898188584,0.07692307692307693,1.0,0.22553035735549332,0.1409382542299131,False,False,False,,below_bounded_prescreen
mean__detailed__all__ftmaderate_median,detailed_efficiency,0.0,1048,1033,-0.01677178421072003,0.09272974583325036,0.0,1.0,0.18453002091635912,0.14081886968966423,False,False,False,,below_bounded_prescreen
mean__detailed__clean__ftmaderate_median,detailed_efficiency,0.0,1048,1034,-0.015369132649728527,0.09307916456763657,0.0,1.0,0.1815981592934356,0.1407952818036684,False,False,False,,below_bounded_prescreen
mean__detailed__all__ftmade_rate_ros,detailed_efficiency,0.0,1048,1048,-0.006053476162686324,0.09555217299840318,0.0,1.0,0.16990382751690214,0.14040065469434845,False,False,False,,below_bounded_prescreen
mean__detailed__clean__ftmade_rate_ros,detailed_efficiency,0.0,1048,1048,-0.005894582035515162,0.09509584448862135,0.0,1.0,0.17097780035916882,0.14010370138798484,False,False,False,,below_bounded_prescreen
diff__detailed__ewm_h10__fg3attemptrate,detailed_efficiency,0.0,1048,1048,-0.024667505251744944,0.08974698754814556,0.0,1.0,0.213822995515969,0.13995248535785498,False,False,False,,below_bounded_prescreen
absdiff__compact__pythag_residual_exp11p5,compact_performance,0.0,1048,1048,0.007925200024235135,0.045008559820336046,0.125,1.0,0.08610042956109899,0.13990363553664908,False,False,False,,below_bounded_prescreen
diff__detailed__neutral__def_rtg_mean,detailed_efficiency,0.042938931297709926,1003,1003,-0.021847142388734583,0.04898118601618236,0.125,1.0,0.1375936173959138,0.13937848141363582,False,False,False,,below_bounded_prescreen
diff__compact__last5_points_against_mean,compact_performance,0.0,1048,216,0.008877626936568137,0.09377845063848542,0.0,1.0,0.19988433959672722,0.1389713606486489,False,False,False,,below_bounded_prescreen
mean__detailed__all__tovpct_std,detailed_efficiency,0.0,1048,1047,-0.026106565367688708,0.08165719460119877,0.0,1.0,0.1684970390373384,0.13819901622797337,False,False,False,,below_bounded_prescreen
mean__compact__away_margin_std,compact_performance,0.0,1048,1048,-0.011970638968384972,0.08820527985735518,0.0,1.0,0.18083525452098848,0.13773866472373567,False,False,False,,below_bounded_prescreen
mean__detailed__away__pace_mean,detailed_efficiency,0.0,1048,1047,-0.02891241186159177,0.07695425354240512,0.0,1.0,0.15523430005205113,0.1370894003078226,False,False,False,,below_bounded_prescreen
absdiff__detailed__last20__off_rtg_mean,detailed_efficiency,0.0,1048,1048,0.002196662785954989,0.0895220882507042,0.0,1.0,0.1646089961177348,0.13686950832853872,False,False,False,,below_bounded_prescreen
absdiff__detailed__clean__efg_std,detailed_efficiency,0.0,1048,1048,-0.0033059520852230886,0.08768521429652225,0.0,1.0,0.1630851992462025,0.13629280435123167,False,False,False,,below_bounded_prescreen
mean__detailed__clean__ftmaderate_mean,detailed_efficiency,0.0,1048,1048,-0.007624402319498519,0.08526254173393973,0.0,1.0,0.15858250978362387,0.1362600881512358,False,False,False,,below_bounded_prescreen
mean__detailed__all__ftmaderate_mean,detailed_efficiency,0.0,1048,1048,-0.00775366999439184,0.0851971771441949,0.0,1.0,0.15920305536557616,0.1362323302133567,False,False,False,,below_bounded_prescreen
absdiff__detailed__clean__ftmaderate_mean,detailed_efficiency,0.0,1048,1048,0.026624721110842738,0.07867844495785015,0.0,1.0,0.18697578620715785,0.13614406077586716,False,False,False,,below_bounded_prescreen
mean__detailed__clean__tovpct_std,detailed_efficiency,0.0,1048,1047,-0.0255451554160927,0.07735038984736953,0.0,1.0,0.16836058693043202,0.1360136978410605,False,False,False,,below_bounded_prescreen
absdiff__rating__elo_standard,dynamic_ratings,0.0,1048,1048,0.004625825768839029,0.08546320383303914,0.0,1.0,0.15082966243035723,0.1360068330117891,False,False,False,,below_bounded_prescreen
absdiff__detailed__all__efg_std,detailed_efficiency,0.0,1048,1048,-0.003661365401894565,0.08632392595288796,0.0,1.0,0.15834109018029144,0.13590734123859136,False,False,False,,below_bounded_prescreen
absdiff__detailed__all__ftmaderate_mean,detailed_efficiency,0.0,1048,1048,0.026201267910200204,0.07825297055362201,0.0,1.0,0.18652840318476316,0.1358645686785921,False,False,False,,below_bounded_prescreen
absdiff__rating__elo_standard_z,dynamic_ratings,0.0,1048,1048,0.003902516484899162,0.08546321515220863,0.0,1.0,0.15082968170009137,0.13584770963173431,False,False,False,,below_bounded_prescreen
mean__geography__neutral_games_with_city,geography_and_schedule_dispersion,0.0,1048,17,0.025374007167432988,0.030749189934922906,0.1111111111111111,1.0,0.12041551072692876,0.13330305009429888,False,False,False,,below_bounded_prescreen
absdiff__compact__pythag_exp8p0,compact_performance,0.0,1048,1048,0.01676339748316384,0.07422275552964298,0.0,1.0,0.16052717262207938,0.1328937831956415,False,False,False,,below_bounded_prescreen
absdiff__detailed__clean__ftmaderate_median,detailed_efficiency,0.0,1048,1029,0.026010001866855793,0.06801399895814389,0.0,1.0,0.14103038115314503,0.13272770466449155,False,False,False,,below_bounded_prescreen
mean__coach__years_since_tournament_appearance,prior_coach_history,0.2833969465648855,751,21,-0.037927118400682705,0.06423985598961435,0.125,1.0,0.1464987593067487,0.1306473908257043,False,False,False,,below_bounded_prescreen
mean__detailed__home__pace_mean,detailed_efficiency,0.0,1048,1047,-0.026924034406853994,0.060795310661063806,0.0,1.0,0.11529740872799946,0.13049314033769852,False,False,False,,below_bounded_prescreen
absdiff__compact__neutral_margin_std,compact_performance,0.08396946564885496,960,958,0.007825943664728658,0.0859597242043286,0.0,1.0,0.14909425308802612,0.1303010478488886,False,False,False,,below_bounded_prescreen
absdiff__prior__program_win_pct_smoothed,prior_program_history,0.0,1048,811,-0.015425906727369048,0.0678478992127688,0.0,1.0,0.14825054356909256,0.13003066935938654,False,False,False,,below_bounded_prescreen
absdiff__detailed__all__ftmaderate_median,detailed_efficiency,0.0,1048,1030,0.025785537199448698,0.060125193309558414,0.0,1.0,0.12975619536846972,0.12934266315772797,False,False,False,,below_bounded_prescreen
diff__conference__tourney_games,conference_context,0.01812977099236641,1029,7,-0.027705956208949466,0.06320446128034722,0.0,1.0,0.15800633001636039,0.12866281690049183,False,False,False,,below_bounded_prescreen
absdiff__detailed__clean__ft_rate_ros,detailed_efficiency,0.0,1048,1048,0.0029108700960702428,0.06789184700226138,0.0,1.0,0.1272379402428527,0.12813896037250683,False,False,False,,below_bounded_prescreen
absdiff__rating__elo_mov_log_delta,dynamic_ratings,0.0,1048,1048,-0.017927800749001625,0.05845953113344492,0.0,1.0,0.11336171126586148,0.12747022265819946,False,False,False,,below_bounded_prescreen
absdiff__rating__elo_mov_538_delta,dynamic_ratings,0.0,1048,1048,-0.0167282058782051,0.0566256780035957,0.0,1.0,0.10491733890168102,0.12666383717886381,False,False,False,,below_bounded_prescreen
diff__detailed__all__opptovpct_mean,detailed_efficiency,0.0,1048,1048,0.0537956712478698,0.042720888326211355,0.0,1.0,0.1584009820822166,0.12600503478782416,False,False,False,,below_bounded_prescreen
mean__compact__close5_games,compact_performance,0.0,1048,24,-0.01903725887034997,0.051415168528959665,0.0,1.0,0.11128625859480813,0.12441602750158531,False,False,False,,below_bounded_prescreen
mean__compact__day110plus_games,compact_performance,0.0,1048,11,-0.016529862443352573,0.048566824678672835,0.0,1.0,0.1388856653482184,0.12139321896937182,False,False,False,,below_bounded_prescreen
diff__detailed__clean__opptovpct_mean,detailed_efficiency,0.0,1048,1048,0.052469839454699276,0.03335206862865955,0.0,1.0,0.15788217290771156,0.12123707070548197,False,False,False,,below_bounded_prescreen
seedprior__gap_games,prequential_seed_priors,0.0,1048,134,0.006923659045260392,0.04924422599783522,0.0,1.0,0.1061111626966619,0.12091598696105173,False,False,False,,below_bounded_prescreen
diff__detailed__last10__def_rtg_mean,detailed_efficiency,0.0,1048,1048,-0.018354572960772145,0.035892102930234884,0.0,1.0,0.06800109097030316,0.11854617181907051,False,False,False,,below_bounded_prescreen
absdiff__compact__last20_margin_std,compact_performance,0.0,1048,1048,-0.012587135760797362,0.03698134863029747,0.0,1.0,0.06925924739509498,0.1177498473141144,False,False,False,,below_bounded_prescreen
context__season_centered_2000,matchup_context,0.0,1048,16,-0.018054604710767783,0.0,0.0,1.0,0.0,0.10397201303636892,False,True,True,34.0,selected
seedprior__history_games,prequential_seed_priors,0.0,1048,16,-0.01795668348956374,0.0,0.0,1.0,0.0,0.10395047036770402,False,False,False,,below_bounded_prescreen
mean__geography__city_coverage,geography_and_schedule_dispersion,0.0,1048,2,0.013373561159504764,0.0,0.0,1.0,0.0,0.10294218345509105,False,False,False,,below_bounded_prescreen
mean__geography__games_per_distinct_city,geography_and_schedule_dispersion,0.42748091603053434,600,281,-0.015334744810674745,0.01967332527176457,0.1111111111111111,1.0,0.02430537158648544,0.09542392962067106,False,False,False,,below_bounded_prescreen
