Feature,Block,MissingRate,NonMissingRows,UniqueValues,GlobalCorrelation,MedianAbsoluteSeasonCorrelation,SeasonSignConsistency,SeasonCoverage,SeasonCorrelationIQR,StabilityScore,Mandatory,InPrecorrelationPool,Selected,SelectionRank,ExclusionReason,OuterFoldID,InnerFoldID,Model,TargetColumn,SeedAware
matchup__seed_diff,matchup_context,0.0,914,29,-0.49316466936090414,0.48866559097884016,1.0,1.0,0.11266738106399632,0.5985490156866823,True,True,True,1.0,selected,rich_M_2021,rich_M_2021_inner_2017,lgb_classifier,Team1Win,True
diff__massey__strength_mean,massey_consensus,0.0,914,914,0.4717947605391017,0.47683329275628694,1.0,1.0,0.05781183517601296,0.5903623544345795,True,True,True,6.0,selected,rich_M_2021,rich_M_2021_inner_2017,lgb_classifier,Team1Win,True
diff__norm__rating__elo_mov_538__pct,within_season_normalization,0.0,914,631,0.45653888254362357,0.4591025061604823,1.0,1.0,0.05451319664270471,0.5786272292509205,True,True,True,2.0,selected,rich_M_2021,rich_M_2021_inner_2017,lgb_classifier,Team1Win,True
diff__adj__net_rtg_a50p0,opponent_adjusted_efficiency,0.0,914,914,0.45562607537245864,0.4476471956621365,1.0,1.0,0.08716605271826983,0.5716217483910355,True,True,True,5.0,selected,rich_M_2021,rich_M_2021_inner_2017,lgb_classifier,Team1Win,True
diff__compact__margin_trim02,compact_performance,0.0,914,903,0.43653420179408864,0.4233170073860592,1.0,1.0,0.11556483316220273,0.5546070946135199,True,True,True,3.0,selected,rich_M_2021,rich_M_2021_inner_2017,lgb_classifier,Team1Win,True
diff__norm__schedule__opponent_strength_mean__pct,within_season_normalization,0.0,914,769,0.41308638933699077,0.3943199579425236,1.0,1.0,0.09152737763621599,0.5364914903611007,True,True,True,4.0,selected,rich_M_2021,rich_M_2021_inner_2017,lgb_classifier,Team1Win,True
diff__rating__margin_ridge_a5p0_z,global_strength_ratings,0.0,914,914,0.5045984316446844,0.5061535542869825,1.0,1.0,0.08625514188824623,0.6105151553440523,False,True,True,68.0,selected,rich_M_2021,rich_M_2021_inner_2017,lgb_classifier,Team1Win,True
diff__norm__adj__net_rtg_a10p0__z,within_season_normalization,0.0,914,914,0.4964485321957573,0.4916150245195436,1.0,1.0,0.07658668082597048,0.6021304216194087,False,True,True,25.0,selected,rich_M_2021,rich_M_2021_inner_2017,lgb_classifier,Team1Win,True
diff__norm__schedule__quality_win_points_sum__z,within_season_normalization,0.0,914,914,0.48754865424424976,0.49029835430652835,1.0,1.0,0.07284232964844461,0.5996902208149307,False,True,True,26.0,selected,rich_M_2021,rich_M_2021_inner_2017,lgb_classifier,Team1Win,True
seedprior__team1_prob_pc2p0,prequential_seed_priors,0.0,914,530,0.4953461999863544,0.48988457097584254,1.0,1.0,0.11886832990933777,0.5993660248690288,False,True,True,89.0,selected,rich_M_2021,rich_M_2021_inner_2017,lgb_classifier,Team1Win,True
diff__norm__rating__elo_mov_538__z,within_season_normalization,0.0,914,914,0.4927117740244062,0.48635014145656186,1.0,1.0,0.08683311019843276,0.5983713337765817,False,True,True,27.0,selected,rich_M_2021,rich_M_2021_inner_2017,lgb_classifier,Team1Win,True
diff__norm__rating__colley__z,within_season_normalization,0.0,914,914,0.4865808359068854,0.4839476404487706,1.0,1.0,0.06239146524250694,0.5968469927052243,False,True,True,28.0,selected,rich_M_2021,rich_M_2021_inner_2017,lgb_classifier,Team1Win,True
diff__norm__schedule__rpi__z,within_season_normalization,0.0,914,914,0.47661081624698765,0.48181133473761883,1.0,1.0,0.08491914274879636,0.5927270545384424,False,True,True,29.0,selected,rich_M_2021,rich_M_2021_inner_2017,lgb_classifier,Team1Win,True
diff__massey__ordinal_max,massey_consensus,0.0,914,333,-0.46838017086602224,0.4810943228359495,1.0,1.0,0.08183517335532259,0.5906955056175678,False,True,True,13.0,selected,rich_M_2021,rich_M_2021_inner_2017,lgb_classifier,Team1Win,True
diff__massey__system_pom,massey_consensus,0.0,914,681,0.46333424259177836,0.4764644559842114,1.0,1.0,0.050607345465175535,0.5886121784240057,False,True,True,14.0,selected,rich_M_2021,rich_M_2021_inner_2017,lgb_classifier,Team1Win,True
diff__massey__system_mor,massey_consensus,0.0,914,678,0.4669259971346978,0.4745724224471496,1.0,1.0,0.0683316069995753,0.5877852178642823,False,True,True,15.0,selected,rich_M_2021,rich_M_2021_inner_2017,lgb_classifier,Team1Win,True
diff__norm__rating__bt_c1p0__z,within_season_normalization,0.0,914,914,0.47578227934794937,0.46899033036317206,1.0,1.0,0.10178431044499525,0.5857160876130717,False,True,True,30.0,selected,rich_M_2021,rich_M_2021_inner_2017,lgb_classifier,Team1Win,True
diff__rating__elo_standard_z,dynamic_ratings,0.0,914,914,0.46761229912758145,0.4709344699986029,1.0,1.0,0.11480563282947787,0.5843310260942182,False,True,True,96.0,selected,rich_M_2021,rich_M_2021_inner_2017,lgb_classifier,Team1Win,True
diff__massey__ordinal_std,massey_consensus,0.0,914,914,-0.46823805631453547,0.4682793594596122,1.0,1.0,0.09450304209328902,0.5840063432460801,False,True,True,16.0,selected,rich_M_2021,rich_M_2021_inner_2017,lgb_classifier,Team1Win,True
diff__massey__system_rpi,massey_consensus,0.0,914,703,0.4532583990938564,0.46978794986193495,1.0,1.0,0.07118840281008981,0.5823675276219735,False,True,True,17.0,selected,rich_M_2021,rich_M_2021_inner_2017,lgb_classifier,Team1Win,True
diff__norm__schedule__rpi__pct,within_season_normalization,0.0,914,634,0.4524663199281672,0.4665817119095633,1.0,1.0,0.07567173781969244,0.5804749425879994,False,True,True,31.0,selected,rich_M_2021,rich_M_2021_inner_2017,lgb_classifier,Team1Win,True
diff__schedule__quality_wins,schedule_and_accomplishment,0.0,914,36,0.464631120507012,0.46016781150566277,1.0,1.0,0.10594363744976032,0.5788616505362704,False,True,True,72.0,selected,rich_M_2021,rich_M_2021_inner_2017,lgb_classifier,Team1Win,True
diff__compact__half_marginmean_first,compact_performance,0.0,914,839,0.45848336086358155,0.45437273137566137,1.0,1.0,0.09409634026676561,0.5752013968396347,False,True,True,45.0,selected,rich_M_2021,rich_M_2021_inner_2017,lgb_classifier,Team1Win,True
diff__norm__adj__net_rtg_a10p0__pct,within_season_normalization,0.0,914,636,0.4530330702198929,0.4551934188301579,1.0,1.0,0.07691749114843682,0.5750834168409148,False,True,True,32.0,selected,rich_M_2021,rich_M_2021_inner_2017,lgb_classifier,Team1Win,True
diff__norm__rating__pagerank_margin__pct,within_season_normalization,0.0,914,699,0.4496172323469432,0.451842750774596,1.0,1.0,0.0785618849590829,0.5726578360897703,False,True,True,33.0,selected,rich_M_2021,rich_M_2021_inner_2017,lgb_classifier,Team1Win,True
diff__rating__pagerank_binary_z,global_strength_ratings,0.0,914,914,0.44606907491738457,0.45464689270084147,1.0,1.0,0.09736310833076034,0.572471180644998,False,True,True,69.0,selected,rich_M_2021,rich_M_2021_inner_2017,lgb_classifier,Team1Win,True
diff__massey__system_wol,massey_consensus,0.0,914,639,0.453200662225988,0.4494671720197376,1.0,1.0,0.08529606341702284,0.5720365457225105,False,True,True,18.0,selected,rich_M_2021,rich_M_2021_inner_2017,lgb_classifier,Team1Win,True
diff__seed__top4,selection_committee_prior,0.0,914,3,0.4412679309990714,0.45327114188917306,1.0,1.0,0.0768061054023284,0.5715768487105056,False,True,True,107.0,selected,rich_M_2021,rich_M_2021_inner_2017,lgb_classifier,Team1Win,True
diff__schedule__bad_loss_penalty_sum,schedule_and_accomplishment,0.0,914,913,-0.4299373004658331,0.4608753965036083,1.0,1.0,0.12481125291060419,0.5708139463077911,False,True,True,73.0,selected,rich_M_2021,rich_M_2021_inner_2017,lgb_classifier,Team1Win,True
diff__massey__system_cng,massey_consensus,0.0700218818380744,850,661,0.4444476022419587,0.4600218698847963,1.0,1.0,0.07352845819605491,0.570046081163045,False,True,True,19.0,selected,rich_M_2021,rich_M_2021_inner_2017,lgb_classifier,Team1Win,True
diff__massey__strength_iqr,massey_consensus,0.0,914,762,-0.4452144516515658,0.4458892452509242,1.0,1.0,0.06499890763979516,0.5693740607781962,False,True,True,20.0,selected,rich_M_2021,rich_M_2021_inner_2017,lgb_classifier,Team1Win,True
diff__massey__system_sel,massey_consensus,0.0700218818380744,850,610,0.4419413884209583,0.4584507864189812,1.0,1.0,0.07828412629844683,0.568550367334738,False,True,True,21.0,selected,rich_M_2021,rich_M_2021_inner_2017,lgb_classifier,Team1Win,True
diff__rating__pagerank_margin_z,global_strength_ratings,0.0,914,914,0.4483316848218553,0.44503190054684083,1.0,1.0,0.09586359464580751,0.5684137391374595,False,True,True,70.0,selected,rich_M_2021,rich_M_2021_inner_2017,lgb_classifier,Team1Win,True
diff__rating__elo_season_reset_mov,dynamic_ratings,0.0,914,914,0.45060371707056796,0.4399475272052641,1.0,1.0,0.12351865498610282,0.5653668846146076,False,True,True,97.0,selected,rich_M_2021,rich_M_2021_inner_2017,lgb_classifier,Team1Win,True
diff__rating__elo_standard_percentile,dynamic_ratings,0.0,914,641,0.43231052205578785,0.4383762006561421,1.0,1.0,0.04940551339506205,0.563552670631419,False,True,True,98.0,selected,rich_M_2021,rich_M_2021_inner_2017,lgb_classifier,Team1Win,True
diff__rating__bt_c0p25_z,global_strength_ratings,0.0,914,914,0.4480054087613075,0.43517874470789714,1.0,1.0,0.12667425922620779,0.5623800170182299,False,True,True,71.0,selected,rich_M_2021,rich_M_2021_inner_2017,lgb_classifier,Team1Win,True
diff__massey__ordinal_min,massey_consensus,0.0,914,180,-0.4237988567134033,0.44157979012722764,1.0,1.0,0.07532586380682688,0.5621810131857449,False,True,True,22.0,selected,rich_M_2021,rich_M_2021_inner_2017,lgb_classifier,Team1Win,True
diff__massey__system_wob,massey_consensus,0.0700218818380744,850,601,0.43171199800261856,0.4460260934915935,1.0,1.0,0.07021723775488686,0.5606587243792995,False,True,True,23.0,selected,rich_M_2021,rich_M_2021_inner_2017,lgb_classifier,Team1Win,True
matchup__team1_seed,matchup_context,0.0,914,16,-0.44056179194882616,0.43359504825990824,1.0,1.0,0.12031488480303659,0.5602366220013762,False,True,True,7.0,selected,rich_M_2021,rich_M_2021_inner_2017,lgb_classifier,Team1Win,True
diff__massey__rank_improvement_std,massey_consensus,0.0,914,914,-0.4284100236770808,0.43465903428536107,1.0,1.0,0.1062969491496657,0.5586346636999445,False,True,True,24.0,selected,rich_M_2021,rich_M_2021_inner_2017,lgb_classifier,Team1Win,True
diff__conference__strength_max,conference_context,0.0,914,793,0.422488862155381,0.43732275428783274,1.0,1.0,0.13260464887952716,0.5575582857771624,False,True,True,110.0,selected,rich_M_2021,rich_M_2021_inner_2017,lgb_classifier,Team1Win,True
diff__schedule__oowp,schedule_and_accomplishment,0.0,914,914,0.4226323644702077,0.43194812472308497,1.0,1.0,0.06990960856984085,0.5575178357077328,False,True,True,74.0,selected,rich_M_2021,rich_M_2021_inner_2017,lgb_classifier,Team1Win,True
diff__compact__pythag_exp8p0,compact_performance,0.0,914,914,0.42915191207564346,0.4192801118069235,1.0,1.0,0.09408632278249413,0.551904421412665,False,True,True,46.0,selected,rich_M_2021,rich_M_2021_inner_2017,lgb_classifier,Team1Win,True
diff__adj__off_rtg_a10p0,opponent_adjusted_efficiency,0.0,914,914,0.40113122835079934,0.42923819379048467,1.0,1.0,0.06908647499295961,0.5515197442568901,False,True,True,34.0,selected,rich_M_2021,rich_M_2021_inner_2017,lgb_classifier,Team1Win,True
diff__rating__elo_season_reset_mov_percentile,dynamic_ratings,0.0,914,626,0.4112788641123581,0.42591599636677,1.0,1.0,0.11646853578806388,0.5502622869292458,False,True,True,99.0,selected,rich_M_2021,rich_M_2021_inner_2017,lgb_classifier,Team1Win,True
diff__adj__net_rtg_a50p0_percentile,opponent_adjusted_efficiency,0.0,914,631,0.4144068806193238,0.4112420229648742,1.0,1.0,0.08807779610269068,0.5450425729152832,False,True,True,35.0,selected,rich_M_2021,rich_M_2021_inner_2017,lgb_classifier,Team1Win,True
matchup__team1_is_seed_favorite,matchup_context,0.0,914,2,0.4130262207276873,0.41520429746548193,1.0,1.0,0.14851057919977945,0.5442234081755314,False,True,True,8.0,selected,rich_M_2021,rich_M_2021_inner_2017,lgb_classifier,Team1Win,True
diff__compact__upside_tail_mean,compact_performance,0.0,914,902,0.4266727553478137,0.3977020414135387,1.0,1.0,0.16370576156679278,0.5382167555923458,False,True,True,47.0,selected,rich_M_2021,rich_M_2021_inner_2017,lgb_classifier,Team1Win,True
diff__schedule__opponent_strength_mean,schedule_and_accomplishment,0.0,914,914,0.39931083857328054,0.40020222381488885,1.0,1.0,0.06352748964314836,0.5374043523315424,False,True,True,75.0,selected,rich_M_2021,rich_M_2021_inner_2017,lgb_classifier,Team1Win,True
diff__schedule__top_quartile_games,schedule_and_accomplishment,0.0,914,41,0.40532112407198023,0.3946916075364089,1.0,1.0,0.03781748296272497,0.5371099195948029,False,True,True,76.0,selected,rich_M_2021,rich_M_2021_inner_2017,lgb_classifier,Team1Win,True
diff__compact__wins,compact_performance,0.0,914,32,0.3963594855261432,0.3997909151791513,1.0,1.0,0.09308142517278872,0.5353754690948326,False,True,True,48.0,selected,rich_M_2021,rich_M_2021_inner_2017,lgb_classifier,Team1Win,True
diff__rating__elo_mov_538_preseason,dynamic_ratings,0.0,914,914,0.3973174807575767,0.3965790741763786,1.0,1.0,0.060503453537082474,0.5353476632298453,False,True,True,100.0,selected,rich_M_2021,rich_M_2021_inner_2017,lgb_classifier,Team1Win,True
diff__seed__top8,selection_committee_prior,0.0,914,3,0.39871489396627546,0.3907183079492731,1.0,1.0,0.07392525685200385,0.5323050542141515,False,True,True,108.0,selected,rich_M_2021,rich_M_2021_inner_2017,lgb_classifier,Team1Win,True
diff__compact__blowout_win10_rate,compact_performance,0.0,914,710,0.3890369731019836,0.3968855115701604,1.0,1.0,0.1674391896081358,0.529395612051788,False,True,True,49.0,selected,rich_M_2021,rich_M_2021_inner_2017,lgb_classifier,Team1Win,True
diff__conference__strength_mean,conference_context,0.0,914,793,0.38723251480545173,0.3897915792661736,1.0,1.0,0.08627266078083456,0.5288402048737293,False,True,True,111.0,selected,rich_M_2021,rich_M_2021_inner_2017,lgb_classifier,Team1Win,True
diff__compact__home_margin_mean,compact_performance,0.0,914,887,0.4003088601875927,0.38524703280969064,1.0,1.0,0.14206891800880433,0.5273037682695698,False,True,True,50.0,selected,rich_M_2021,rich_M_2021_inner_2017,lgb_classifier,Team1Win,True
diff__conference__strength_percentile,conference_context,0.0,914,118,0.3988594758660482,0.37622855601646943,1.0,1.0,0.08274845497624622,0.525028853379386,False,True,True,112.0,selected,rich_M_2021,rich_M_2021_inner_2017,lgb_classifier,Team1Win,True
diff__schedule__elite_wins,schedule_and_accomplishment,0.0,914,22,0.37413340415552887,0.38237160508197265,1.0,1.0,0.04465019981787027,0.5240617113608484,False,True,True,77.0,selected,rich_M_2021,rich_M_2021_inner_2017,lgb_classifier,Team1Win,True
diff__compact__half_winpct_first,compact_performance,0.0,914,353,0.3842392214400419,0.3778653666352633,1.0,1.0,0.08051317215276116,0.5226874778156252,False,True,True,51.0,selected,rich_M_2021,rich_M_2021_inner_2017,lgb_classifier,Team1Win,True
diff__adj__off_rtg_a50p0,opponent_adjusted_efficiency,0.0,914,914,0.35883370627924255,0.389211689685125,1.0,1.0,0.08814651543176061,0.5222391658130229,False,True,True,36.0,selected,rich_M_2021,rich_M_2021_inner_2017,lgb_classifier,Team1Win,True
diff__compact__blowout_win20_rate,compact_performance,0.0,914,714,0.39815187988779205,0.37123917065572315,1.0,1.0,0.14477705417516906,0.5199971333230546,False,True,True,52.0,selected,rich_M_2021,rich_M_2021_inner_2017,lgb_classifier,Team1Win,True
diff__compact__margin_median,compact_performance,0.0,914,68,0.3647714181613595,0.3908803635474528,1.0,1.0,0.2018196112835056,0.5197995020469363,False,True,True,53.0,selected,rich_M_2021,rich_M_2021_inner_2017,lgb_classifier,Team1Win,True
diff__schedule__opponent_strength_median,schedule_and_accomplishment,0.0,914,907,0.3816086078382751,0.37123480338434733,1.0,1.0,0.09500106105177442,0.5183465569068363,False,True,True,78.0,selected,rich_M_2021,rich_M_2021_inner_2017,lgb_classifier,Team1Win,True
diff__schedule__owp,schedule_and_accomplishment,0.0,914,914,0.3785079959173401,0.3681802076559782,1.0,1.0,0.05680169660579926,0.5177261909124524,False,True,True,79.0,selected,rich_M_2021,rich_M_2021_inner_2017,lgb_classifier,Team1Win,True
diff__compact__margin_q75,compact_performance,0.0,914,137,0.39800694091807537,0.3647479850915186,1.0,1.0,0.1911973126745688,0.5149926673389228,False,True,True,54.0,selected,rich_M_2021,rich_M_2021_inner_2017,lgb_classifier,Team1Win,True
diff__adj__def_rtg_a10p0,opponent_adjusted_efficiency,0.0,914,914,-0.3646997259996918,0.3728058664901996,1.0,1.0,0.1424927508157407,0.5134810456025984,False,True,True,37.0,selected,rich_M_2021,rich_M_2021_inner_2017,lgb_classifier,Team1Win,True
diff__rating__elo_standard_preseason,dynamic_ratings,0.0,914,914,0.375725279411757,0.35772422398561915,1.0,1.0,0.08080855600443637,0.5111348467435063,False,True,True,101.0,selected,rich_M_2021,rich_M_2021_inner_2017,lgb_classifier,Team1Win,True
diff__compact__margin_q90,compact_performance,0.0,914,336,0.3877055924380038,0.35553787656339836,1.0,1.0,0.14776522310955215,0.5100428021624099,False,True,True,55.0,selected,rich_M_2021,rich_M_2021_inner_2017,lgb_classifier,Team1Win,True
diff__conference__strength_median,conference_context,0.0,914,793,0.3574967594730429,0.36604193962279996,1.0,1.0,0.11036910203022204,0.5099346540218045,False,True,True,113.0,selected,rich_M_2021,rich_M_2021_inner_2017,lgb_classifier,Team1Win,True
diff__compact__margin_q25,compact_performance,0.0,914,136,0.36581963799608014,0.3594512138683682,1.0,1.0,0.16216039937782017,0.5065304870408416,False,True,True,56.0,selected,rich_M_2021,rich_M_2021_inner_2017,lgb_classifier,Team1Win,True
diff__compact__downside_tail_mean,compact_performance,0.0,914,874,-0.3578760155748297,0.35331020598493196,1.0,1.0,0.11176401753526999,0.503851061597819,False,True,True,57.0,selected,rich_M_2021,rich_M_2021_inner_2017,lgb_classifier,Team1Win,True
diff__compact__win_pct,compact_performance,0.0,914,700,0.3553208024504307,0.3542508847142954,1.0,1.0,0.15145140857086198,0.502152944859122,False,True,True,58.0,selected,rich_M_2021,rich_M_2021_inner_2017,lgb_classifier,Team1Win,True
matchup__team2_seed,matchup_context,0.0,914,16,0.34306125489882766,0.3528728365207683,1.0,1.0,0.14771720169407576,0.4989437495399478,False,True,True,9.0,selected,rich_M_2021,rich_M_2021_inner_2017,lgb_classifier,Team1Win,True
diff__compact__ewm_h10_margin,compact_performance,0.0,914,914,0.355602335578311,0.3471189887279279,1.0,1.0,0.1896020013804809,0.4972655483614146,False,True,True,59.0,selected,rich_M_2021,rich_M_2021_inner_2017,lgb_classifier,Team1Win,True
diff__compact__half_delta_marginmean,compact_performance,0.0,914,897,-0.32517279252331915,0.3516872342478524,1.0,1.0,0.09048073332481871,0.4967286574611066,False,True,True,60.0,selected,rich_M_2021,rich_M_2021_inner_2017,lgb_classifier,Team1Win,True
diff__compact__margin_slope,compact_performance,0.0,914,914,-0.331493806422583,0.3498704666407745,1.0,1.0,0.11688881589362432,0.49619090876479505,False,True,True,61.0,selected,rich_M_2021,rich_M_2021_inner_2017,lgb_classifier,Team1Win,True
diff__compact__ewm_h20_margin,compact_performance,0.0,914,914,0.3499437494101769,0.33656097053134826,1.0,1.0,0.1253796788571524,0.49352170357099995,False,True,True,62.0,selected,rich_M_2021,rich_M_2021_inner_2017,lgb_classifier,Team1Win,True
diff__compact__margin_q10,compact_performance,0.0,914,298,0.33993135192770435,0.34272202233660076,1.0,1.0,0.14662931686257863,0.4934262954711601,False,True,True,63.0,selected,rich_M_2021,rich_M_2021_inner_2017,lgb_classifier,Team1Win,True
diff__compact__away_games,compact_performance,0.0,914,20,-0.3389828029185259,0.3308554619649443,1.0,1.0,0.120838274541759,0.4885533074035786,False,True,True,64.0,selected,rich_M_2021,rich_M_2021_inner_2017,lgb_classifier,Team1Win,True
diff__compact__ewm_h20_win,compact_performance,0.0,914,914,0.31796947197908376,0.33255863427624544,1.0,1.0,0.147260590300061,0.4836910046759938,False,True,True,65.0,selected,rich_M_2021,rich_M_2021_inner_2017,lgb_classifier,Team1Win,True
diff__compact__blowout_loss10_rate,compact_performance,0.0,914,548,-0.315855282335957,0.3210517987231378,1.0,1.0,0.12441658442965264,0.4786163621238306,False,True,True,66.0,selected,rich_M_2021,rich_M_2021_inner_2017,lgb_classifier,Team1Win,True
diff__schedule__bad_losses,schedule_and_accomplishment,0.0,914,14,-0.2907557852965063,0.3209813234863678,1.0,1.0,0.16523246445637443,0.47142800946043295,False,True,True,80.0,selected,rich_M_2021,rich_M_2021_inner_2017,lgb_classifier,Team1Win,True
diff__compact__away_margin_mean,compact_performance,0.0,914,852,0.30869582863475303,0.30954594861306084,1.0,1.0,0.14368670534984684,0.47074766941992097,False,True,True,67.0,selected,rich_M_2021,rich_M_2021_inner_2017,lgb_classifier,Team1Win,True
diff__adj__def_rtg_a50p0,opponent_adjusted_efficiency,0.0,914,914,-0.2922178704157134,0.31484259262542513,1.0,1.0,0.13217235691537366,0.47012548167504603,False,True,True,38.0,selected,rich_M_2021,rich_M_2021_inner_2017,lgb_classifier,Team1Win,True
diff__schedule__top_decile_games,schedule_and_accomplishment,0.0,914,29,0.30823974147404776,0.2891485376745422,1.0,1.0,0.13700829378756982,0.46112370945656794,False,True,True,81.0,selected,rich_M_2021,rich_M_2021_inner_2017,lgb_classifier,Team1Win,True
diff__conference__tourney_last_day,conference_context,0.020787746170678335,895,17,0.23849337481269248,0.23426862711981933,1.0,1.0,0.18947857810374985,0.4156753206585014,False,True,True,114.0,selected,rich_M_2021,rich_M_2021_inner_2017,lgb_classifier,Team1Win,True
diff__rating__elo_mov_538_delta,dynamic_ratings,0.0,914,914,0.17153593623566846,0.20586132244563055,0.8571428571428571,1.0,0.13051729277096472,0.3684735061777682,False,True,True,102.0,selected,rich_M_2021,rich_M_2021_inner_2017,lgb_classifier,Team1Win,True
diff__rating__elo_standard_delta,dynamic_ratings,0.0,914,914,0.1914524206464531,0.19955230635805207,0.8571428571428571,1.0,0.19281784916735722,0.36733478277024756,False,True,True,103.0,selected,rich_M_2021,rich_M_2021_inner_2017,lgb_classifier,Team1Win,True
diff__seed__playin,selection_committee_prior,0.0,914,3,-0.10660014685474703,0.13205670510433248,0.8571428571428571,1.0,0.03384458677221881,0.3226283244300924,False,True,True,109.0,selected,rich_M_2021,rich_M_2021_inner_2017,lgb_classifier,Team1Win,True
diff__schedule__opponent_strength_std,schedule_and_accomplishment,0.0,914,914,0.13003499415639533,0.1336285096842909,0.7142857142857143,1.0,0.10992800492005336,0.3026379774517788,False,True,True,82.0,selected,rich_M_2021,rich_M_2021_inner_2017,lgb_classifier,Team1Win,True
absdiff__schedule__opponent_strength_median,schedule_and_accomplishment,0.0,914,903,-0.06634725660073627,0.15096970653274627,0.7142857142857143,1.0,0.12027762872712504,0.29653646472450945,False,True,True,83.0,selected,rich_M_2021,rich_M_2021_inner_2017,lgb_classifier,Team1Win,True
seedprior__pooled_pair_games,prequential_seed_priors,0.047045951859956234,871,114,-0.08695102042609879,0.14012134137470966,0.5714285714285714,1.0,0.16357598957765712,0.26750932405027106,False,True,True,90.0,selected,rich_M_2021,rich_M_2021_inner_2017,lgb_classifier,Team1Win,True
absdiff__schedule__opponent_strength_mean,schedule_and_accomplishment,0.0,914,914,-0.06659913513891859,0.13979743415384913,0.5714285714285714,1.0,0.1425422893207636,0.2674814579801505,False,True,True,84.0,selected,rich_M_2021,rich_M_2021_inner_2017,lgb_classifier,Team1Win,True
absdiff__schedule__oowp,schedule_and_accomplishment,0.0,914,914,-0.07048884430529045,0.13546606527181682,0.5714285714285714,1.0,0.12933914220750814,0.266786262817907,False,True,True,85.0,selected,rich_M_2021,rich_M_2021_inner_2017,lgb_classifier,Team1Win,True
absdiff__schedule__quality_wins,schedule_and_accomplishment,0.0,914,20,-0.0686560082912805,0.10145316272559014,0.5714285714285714,1.0,0.06314035576157132,0.25270479713047356,False,True,True,86.0,selected,rich_M_2021,rich_M_2021_inner_2017,lgb_classifier,Team1Win,True
absdiff__schedule__top_quartile_games,schedule_and_accomplishment,0.0,914,22,-0.07624739332139134,0.1404872316923955,0.42857142857142855,1.0,0.14569229020403987,0.24695203470632293,False,True,True,87.0,selected,rich_M_2021,rich_M_2021_inner_2017,lgb_classifier,Team1Win,True
absdiff__schedule__opponent_strength_pct_mean,schedule_and_accomplishment,0.0,914,914,-0.06179473640490961,0.13351665949340202,0.42857142857142855,1.0,0.14993803391701604,0.240256745780661,False,True,True,88.0,selected,rich_M_2021,rich_M_2021_inner_2017,lgb_classifier,Team1Win,True
seedprior__exact_pair_games,prequential_seed_priors,0.0,914,83,-0.0751779798114675,0.12661761929371446,0.42857142857142855,1.0,0.19180691234974798,0.23821476489694446,False,True,True,91.0,selected,rich_M_2021,rich_M_2021_inner_2017,lgb_classifier,Team1Win,True
seedprior__favorite_seed_games,prequential_seed_priors,0.0,914,106,0.04754320199623741,0.07542872625020111,0.5714285714285714,1.0,0.09571078344559089,0.23426543313001658,False,True,True,92.0,selected,rich_M_2021,rich_M_2021_inner_2017,lgb_classifier,Team1Win,True
matchup__seed_gap_abs,matchup_context,0.0,914,15,-0.031580245835401914,0.07357068000609678,0.5714285714285714,1.0,0.08203970802879945,0.23040856359413434,False,True,True,10.0,selected,rich_M_2021,rich_M_2021_inner_2017,lgb_classifier,Team1Win,True
absdiff__rating__elo_mov_538_delta,dynamic_ratings,0.0,914,914,0.015170030870098045,0.08050937933916785,0.5714285714285714,1.0,0.07882215901096148,0.23025759394235512,False,True,True,104.0,selected,rich_M_2021,rich_M_2021_inner_2017,lgb_classifier,Team1Win,True
absdiff__rating__elo_mov_log_percentile,dynamic_ratings,0.0,914,490,-0.051017247360890035,0.09331698897175808,0.42857142857142855,1.0,0.13215441018055799,0.21930120129004596,False,True,True,105.0,selected,rich_M_2021,rich_M_2021_inner_2017,lgb_classifier,Team1Win,True
absdiff__rating__elo_standard_percentile,dynamic_ratings,0.0,914,505,-0.05159471164007197,0.08854080628813665,0.42857142857142855,1.0,0.1460676263173966,0.21657914709785414,False,True,True,106.0,selected,rich_M_2021,rich_M_2021_inner_2017,lgb_classifier,Team1Win,True
matchup__equal_seed,matchup_context,0.0,914,2,-0.020493896197448756,0.10435055920298221,0.2857142857142857,1.0,0.1802801493900983,0.19310000531955196,False,True,True,11.0,selected,rich_M_2021,rich_M_2021_inner_2017,lgb_classifier,Team1Win,True
seedprior__generic_gender_games,prequential_seed_priors,0.0,914,15,0.019919193791956533,0.10435055920298222,0.2857142857142857,1.0,0.18028014939009826,0.1929735707903437,False,True,True,93.0,selected,rich_M_2021,rich_M_2021_inner_2017,lgb_classifier,Team1Win,True
absdiff__adj__net_rtg_a10p0_percentile,opponent_adjusted_efficiency,0.0,914,505,-0.048063819936571064,0.09092084097371536,0.2857142857142857,1.0,0.17563675311698612,0.19290485964303528,False,True,True,39.0,selected,rich_M_2021,rich_M_2021_inner_2017,lgb_classifier,Team1Win,True
absdiff__adj__net_rtg_a50p0_percentile,opponent_adjusted_efficiency,0.0,914,494,-0.033424615429961904,0.0903706658024575,0.2857142857142857,1.0,0.13963751565744192,0.19086012006775926,False,True,True,40.0,selected,rich_M_2021,rich_M_2021_inner_2017,lgb_classifier,Team1Win,True
absdiff__adj__net_rtg_a10p0,opponent_adjusted_efficiency,0.0,914,914,-0.0020079196043427242,0.10172184415233929,0.2857142857142857,1.0,0.18510895550856693,0.18757815500002128,False,True,True,41.0,selected,rich_M_2021,rich_M_2021_inner_2017,lgb_classifier,Team1Win,True
seedprior__effective_games_pc2p0,prequential_seed_priors,0.0,914,263,0.021691406172131066,0.08103449685553119,0.2857142857142857,1.0,0.1116601643580272,0.18491654698848842,False,True,True,94.0,selected,rich_M_2021,rich_M_2021_inner_2017,lgb_classifier,Team1Win,True
absdiff__adj__off_rtg_a50p0,opponent_adjusted_efficiency,0.0,914,914,0.0069259398886322735,0.07157305982386607,0.14285714285714285,1.0,0.10772745662114316,0.15442682008325195,False,True,True,42.0,selected,rich_M_2021,rich_M_2021_inner_2017,lgb_classifier,Team1Win,True
seedprior__favorite_prob_pc8p0,prequential_seed_priors,0.0,914,376,-0.013588474688106665,0.06853141400151241,0.14285714285714285,1.0,0.1518541345556602,0.15266752062702588,False,True,True,95.0,selected,rich_M_2021,rich_M_2021_inner_2017,lgb_classifier,Team1Win,True
absdiff__adj__def_rtg_a10p0,opponent_adjusted_efficiency,0.0,914,914,-0.013482301873372557,0.09426653995351753,0.0,1.0,0.15718953656436885,0.14192646412725562,False,True,True,43.0,selected,rich_M_2021,rich_M_2021_inner_2017,lgb_classifier,Team1Win,True
absdiff__adj__net_rtg_a50p0_z,opponent_adjusted_efficiency,0.0,914,914,0.028828925827137485,0.0711072342654975,0.0,1.0,0.12836038109876682,0.1353394208854584,False,True,True,44.0,selected,rich_M_2021,rich_M_2021_inner_2017,lgb_classifier,Team1Win,True
context__season_centered_2000,matchup_context,0.0,914,14,0.004807488223100348,0.0,0.0,1.0,0.0,0.10105764740908209,False,True,True,12.0,selected,rich_M_2021,rich_M_2021_inner_2017,lgb_classifier,Team1Win,True
matchup__seed_diff,matchup_context,0.0,981,29,-0.4959704023464183,0.5220375117028367,1.0,1.0,0.11328017092208398,0.6151602872966904,True,True,True,1.0,selected,rich_M_2021,rich_M_2021_inner_2018,lgb_classifier,Team1Win,True
diff__massey__strength_mean,massey_consensus,0.0,981,981,0.47285405406787534,0.4770799010375618,1.0,1.0,0.05681589234768453,0.5907536086990549,True,True,True,6.0,selected,rich_M_2021,rich_M_2021_inner_2018,lgb_classifier,Team1Win,True
diff__norm__rating__elo_mov_538__pct,within_season_normalization,0.0,981,651,0.45624517339374393,0.4598317394630629,1.0,1.0,0.04882983320506418,0.5791399797606913,True,True,True,2.0,selected,rich_M_2021,rich_M_2021_inner_2018,lgb_classifier,Team1Win,True
diff__adj__net_rtg_a50p0,opponent_adjusted_efficiency,0.0,981,981,0.4542586503898042,0.4508789611111473,1.0,1.0,0.08594669594033294,0.5729209365814942,True,True,True,5.0,selected,rich_M_2021,rich_M_2021_inner_2018,lgb_classifier,Team1Win,True
diff__compact__margin_trim02,compact_performance,0.0,981,966,0.4342307092310318,0.4209789872602496,1.0,1.0,0.10978387648873011,0.5532093148561976,True,True,True,3.0,selected,rich_M_2021,rich_M_2021_inner_2018,lgb_classifier,Team1Win,True
diff__norm__schedule__opponent_strength_mean__pct,within_season_normalization,0.0,981,809,0.4164151971497411,0.39882872582764206,1.0,1.0,0.10088909667238671,0.5390135679033157,True,True,True,4.0,selected,rich_M_2021,rich_M_2021_inner_2018,lgb_classifier,Team1Win,True
seedprior__team1_prob_pc2p0,prequential_seed_priors,0.0,981,567,0.49783466159565964,0.5274217642751469,1.0,1.0,0.1217208282188792,0.6178172392743604,False,True,True,68.0,selected,rich_M_2021,rich_M_2021_inner_2018,lgb_classifier,Team1Win,True
diff__rating__margin_ridge_a5p0,global_strength_ratings,0.0,981,981,0.5084718082883687,0.506437545274714,1.0,1.0,0.09403384326801822,0.6111924658245831,False,True,True,78.0,selected,rich_M_2021,rich_M_2021_inner_2018,lgb_classifier,Team1Win,True
diff__norm__rating__margin_ridge_a25p0__z,within_season_normalization,0.0,981,981,0.4959965914213773,0.4993604492529357,1.0,1.0,0.0861070008483999,0.6053679857201761,False,True,True,25.0,selected,rich_M_2021,rich_M_2021_inner_2018,lgb_classifier,Team1Win,True
diff__norm__rating__colley__z,within_season_normalization,0.0,981,981,0.48847401026117043,0.5015468022338618,1.0,1.0,0.07348985438904632,0.6052671531541493,False,True,True,26.0,selected,rich_M_2021,rich_M_2021_inner_2018,lgb_classifier,Team1Win,True
diff__norm__schedule__quality_win_points_sum__z,within_season_normalization,0.0,981,981,0.4896365192231624,0.4940372623483211,1.0,1.0,0.09315698492874092,0.6011316407591402,False,True,True,27.0,selected,rich_M_2021,rich_M_2021_inner_2018,lgb_classifier,Team1Win,True
diff__norm__rating__elo_mov_538__z,within_season_normalization,0.0,981,981,0.49163135782628253,0.4912854503974089,1.0,1.0,0.08343687759028806,0.600638439808927,False,True,True,28.0,selected,rich_M_2021,rich_M_2021_inner_2018,lgb_classifier,Team1Win,True
diff__rating__elo_standard_z,dynamic_ratings,0.0,981,981,0.4695182922331694,0.49764633952226234,1.0,1.0,0.11253207604753152,0.5976629842200819,False,True,True,99.0,selected,rich_M_2021,rich_M_2021_inner_2018,lgb_classifier,Team1Win,True
diff__norm__schedule__rpi__z,within_season_normalization,0.0,981,981,0.4790356707727478,0.49149593362771976,1.0,1.0,0.09345991919783003,0.5975674989433968,False,True,True,29.0,selected,rich_M_2021,rich_M_2021_inner_2018,lgb_classifier,Team1Win,True
diff__massey__system_pom,massey_consensus,0.0,981,705,0.464899972267507,0.48851665929054255,1.0,1.0,0.050285173396776406,0.5947545834224408,False,True,True,13.0,selected,rich_M_2021,rich_M_2021_inner_2018,lgb_classifier,Team1Win,True
diff__massey__ordinal_max,massey_consensus,0.0,981,342,-0.4724802197636999,0.4811898598249749,1.0,1.0,0.10260592793841633,0.5908125439464653,False,True,True,14.0,selected,rich_M_2021,rich_M_2021_inner_2018,lgb_classifier,Team1Win,True
diff__massey__system_mor,massey_consensus,0.0,981,701,0.4700650500007895,0.4792158946890733,1.0,1.0,0.07825476179216434,0.5903077499792422,False,True,True,15.0,selected,rich_M_2021,rich_M_2021_inner_2018,lgb_classifier,Team1Win,True
diff__norm__rating__bt_c1p0__z,within_season_normalization,0.0,981,981,0.4767773709803235,0.46972539357822896,1.0,1.0,0.10138797243060782,0.5863036916359967,False,True,True,30.0,selected,rich_M_2021,rich_M_2021_inner_2018,lgb_classifier,Team1Win,True
diff__massey__ordinal_std,massey_consensus,0.0,981,981,-0.4724374537120076,0.47047386564002164,1.0,1.0,0.09664976671635572,0.5858977046551979,False,True,True,16.0,selected,rich_M_2021,rich_M_2021_inner_2018,lgb_classifier,Team1Win,True
diff__massey__system_rpi,massey_consensus,0.0,981,726,0.4558757111748315,0.4720683261175037,1.0,1.0,0.08122179611400426,0.5836365811503046,False,True,True,17.0,selected,rich_M_2021,rich_M_2021_inner_2018,lgb_classifier,Team1Win,True
diff__norm__schedule__rpi__pct,within_season_normalization,0.0,981,656,0.4553390978935902,0.47158503610289393,1.0,1.0,0.07287192897687922,0.5836205417069038,False,True,True,31.0,selected,rich_M_2021,rich_M_2021_inner_2018,lgb_classifier,Team1Win,True
diff__schedule__quality_wins,schedule_and_accomplishment,0.0,981,36,0.46580986597203,0.46578605802697826,1.0,1.0,0.09872877644404127,0.5821063273090346,False,True,True,82.0,selected,rich_M_2021,rich_M_2021_inner_2018,lgb_classifier,Team1Win,True
diff__norm__rating__margin_ridge_a25p0__pct,within_season_normalization,0.0,981,655,0.448686948662962,0.4625128004267821,1.0,1.0,0.06408968069316934,0.5781536856829803,False,True,True,32.0,selected,rich_M_2021,rich_M_2021_inner_2018,lgb_classifier,Team1Win,True
diff__rating__pagerank_binary_z,global_strength_ratings,0.0,981,981,0.4469914525520112,0.46334142391190414,1.0,1.0,0.09197721738942499,0.5770629143435795,False,True,True,79.0,selected,rich_M_2021,rich_M_2021_inner_2018,lgb_classifier,Team1Win,True
diff__norm__rating__pagerank_margin__pct,within_season_normalization,0.0,981,721,0.4529737550189419,0.46001003734036877,1.0,1.0,0.08917076530285217,0.5768922134154302,False,True,True,33.0,selected,rich_M_2021,rich_M_2021_inner_2018,lgb_classifier,Team1Win,True
diff__compact__half_marginmean_first,compact_performance,0.0,981,893,0.46280715917163345,0.4554948236162775,1.0,1.0,0.09965100983737885,0.5764690499600774,False,True,True,45.0,selected,rich_M_2021,rich_M_2021_inner_2018,lgb_classifier,Team1Win,True
diff__massey__system_cng,massey_consensus,0.0652395514780836,917,683,0.44940901160499563,0.4702668678328965,1.0,1.0,0.0758578967181393,0.5763445991259171,False,True,True,18.0,selected,rich_M_2021,rich_M_2021_inner_2018,lgb_classifier,Team1Win,True
diff__seed__top4,selection_committee_prior,0.0,981,3,0.4449242281388633,0.45993310550389993,1.0,1.0,0.08591207794352068,0.5752147377146811,False,True,True,75.0,selected,rich_M_2021,rich_M_2021_inner_2018,lgb_classifier,Team1Win,True
diff__rating__bt_c0p25_z,global_strength_ratings,0.0,981,981,0.4475133775377161,0.4609654714153358,1.0,1.0,0.12451441302692967,0.5747357928165815,False,True,True,80.0,selected,rich_M_2021,rich_M_2021_inner_2018,lgb_classifier,Team1Win,True
diff__massey__system_wol,massey_consensus,0.0,981,655,0.4537959632304738,0.45270538840591196,1.0,1.0,0.08245628893351742,0.5738354467882013,False,True,True,19.0,selected,rich_M_2021,rich_M_2021_inner_2018,lgb_classifier,Team1Win,True
diff__massey__strength_iqr,massey_consensus,0.0,981,790,-0.44858368602831716,0.4516472086834899,1.0,1.0,0.07126679063285424,0.5726283994689907,False,True,True,20.0,selected,rich_M_2021,rich_M_2021_inner_2018,lgb_classifier,Team1Win,True
diff__rating__pagerank_margin_z,global_strength_ratings,0.0,981,981,0.45065807426588256,0.4486285874554335,1.0,1.0,0.096200704861579,0.570638470122639,False,True,True,81.0,selected,rich_M_2021,rich_M_2021_inner_2018,lgb_classifier,Team1Win,True
diff__massey__system_sel,massey_consensus,0.0652395514780836,917,629,0.4461162848599834,0.4596554089328152,1.0,1.0,0.08704418628014016,0.5700792473874954,False,True,True,21.0,selected,rich_M_2021,rich_M_2021_inner_2018,lgb_classifier,Team1Win,True
diff__conference__strength_max,conference_context,0.0,981,851,0.42815874182416286,0.4585725011401675,1.0,1.0,0.1293082745778752,0.5691373927654813,False,True,True,111.0,selected,rich_M_2021,rich_M_2021_inner_2018,lgb_classifier,Team1Win,True
diff__schedule__bad_loss_penalty_sum,schedule_and_accomplishment,0.0,981,980,-0.4313482314787066,0.4560673862335413,1.0,1.0,0.11789156349574592,0.5690932937775854,False,True,True,83.0,selected,rich_M_2021,rich_M_2021_inner_2018,lgb_classifier,Team1Win,True
diff__rating__elo_standard_percentile,dynamic_ratings,0.0,981,662,0.43554638858064815,0.4460000749264405,1.0,1.0,0.06005983925826891,0.5674978478821032,False,True,True,100.0,selected,rich_M_2021,rich_M_2021_inner_2018,lgb_classifier,Team1Win,True
diff__massey__system_bih,massey_consensus,0.0652395514780836,917,625,0.436693930087534,0.4578997496100996,1.0,1.0,0.08102461260469063,0.5674043958096711,False,True,True,22.0,selected,rich_M_2021,rich_M_2021_inner_2018,lgb_classifier,Team1Win,True
diff__schedule__oowp,schedule_and_accomplishment,0.0,981,981,0.42778651188128564,0.4439543530600775,1.0,1.0,0.08399862302587546,0.5638511771616851,False,True,True,84.0,selected,rich_M_2021,rich_M_2021_inner_2018,lgb_classifier,Team1Win,True
diff__massey__ordinal_min,massey_consensus,0.0,981,181,-0.4264365518301269,0.44277353828784133,1.0,1.0,0.07884677977973326,0.5631934685896024,False,True,True,23.0,selected,rich_M_2021,rich_M_2021_inner_2018,lgb_classifier,Team1Win,True
diff__massey__rank_improvement_std,massey_consensus,0.0,981,981,-0.4293967906100476,0.4401313442612918,1.0,1.0,0.09719883460130296,0.5618423857955784,False,True,True,24.0,selected,rich_M_2021,rich_M_2021_inner_2018,lgb_classifier,Team1Win,True
matchup__team1_seed,matchup_context,0.0,981,16,-0.4368381674845026,0.4319679895537747,1.0,1.0,0.1114096753230785,0.5589926448194792,False,True,True,7.0,selected,rich_M_2021,rich_M_2021_inner_2018,lgb_classifier,Team1Win,True
diff__rating__elo_season_reset_mov_z,dynamic_ratings,0.0,981,981,0.44218490498429963,0.4290162076802205,1.0,1.0,0.12517220651578498,0.5582015705224203,False,True,True,101.0,selected,rich_M_2021,rich_M_2021_inner_2018,lgb_classifier,Team1Win,True
diff__compact__pythag_exp11p5,compact_performance,0.0,981,981,0.4196239521463188,0.41779157119685767,1.0,1.0,0.07993738506925874,0.5496597282439114,False,True,True,46.0,selected,rich_M_2021,rich_M_2021_inner_2018,lgb_classifier,Team1Win,True
diff__adj__off_rtg_a10p0,opponent_adjusted_efficiency,0.0,981,981,0.39809437057551217,0.424550689873839,1.0,1.0,0.07208680102959003,0.5484816206248718,False,True,True,34.0,selected,rich_M_2021,rich_M_2021_inner_2018,lgb_classifier,Team1Win,True
matchup__team1_is_seed_favorite,matchup_context,0.0,981,2,0.42049091659200005,0.4197552742803491,1.0,1.0,0.1664176477758395,0.5473338273937739,False,True,True,8.0,selected,rich_M_2021,rich_M_2021_inner_2018,lgb_classifier,Team1Win,True
diff__adj__net_rtg_a50p0_percentile,opponent_adjusted_efficiency,0.0,981,652,0.4137121547720361,0.41152175435137156,1.0,1.0,0.08416462803241953,0.5451805310172095,False,True,True,35.0,selected,rich_M_2021,rich_M_2021_inner_2018,lgb_classifier,Team1Win,True
diff__rating__elo_season_reset_mov_percentile,dynamic_ratings,0.0,981,645,0.39998892546860665,0.42123032317653286,1.0,1.0,0.13701262059854935,0.5447076139038872,False,True,True,102.0,selected,rich_M_2021,rich_M_2021_inner_2018,lgb_classifier,Team1Win,True
diff__schedule__opponent_strength_mean,schedule_and_accomplishment,0.0,981,981,0.4017918227740761,0.40689245608829355,1.0,1.0,0.07012165780396479,0.5408977136205191,False,True,True,85.0,selected,rich_M_2021,rich_M_2021_inner_2018,lgb_classifier,Team1Win,True
diff__compact__upside_tail_mean,compact_performance,0.0,981,969,0.425186875183879,0.401477391091249,1.0,1.0,0.15653421159034098,0.5399888918006391,False,True,True,47.0,selected,rich_M_2021,rich_M_2021_inner_2018,lgb_classifier,Team1Win,True
diff__schedule__top_quartile_games,schedule_and_accomplishment,0.0,981,42,0.4070635691831338,0.3996001855013119,1.0,1.0,0.04865806631824576,0.5394157516081892,False,True,True,86.0,selected,rich_M_2021,rich_M_2021_inner_2018,lgb_classifier,Team1Win,True
diff__rating__elo_mov_538_preseason,dynamic_ratings,0.0,981,981,0.40813108658418107,0.4007968886672312,1.0,1.0,0.08055874777798716,0.5389489956976713,False,True,True,103.0,selected,rich_M_2021,rich_M_2021_inner_2018,lgb_classifier,Team1Win,True
diff__seed__top8,selection_committee_prior,0.0,981,3,0.4035782189959902,0.3953993239946186,1.0,1.0,0.11439362918694712,0.5340031385290569,False,True,True,76.0,selected,rich_M_2021,rich_M_2021_inner_2018,lgb_classifier,Team1Win,True
diff__compact__home_margin_mean,compact_performance,0.0,981,949,0.40387730529750066,0.3937584071297062,1.0,1.0,0.13559868822881038,0.5324330950585567,False,True,True,48.0,selected,rich_M_2021,rich_M_2021_inner_2018,lgb_classifier,Team1Win,True
diff__conference__strength_mean,conference_context,0.0,981,851,0.3877166831602124,0.3952572953666327,1.0,1.0,0.07615834808514865,0.5319748381478245,False,True,True,112.0,selected,rich_M_2021,rich_M_2021_inner_2018,lgb_classifier,Team1Win,True
diff__compact__wins,compact_performance,0.0,981,32,0.3934133431494068,0.38332066510452223,1.0,1.0,0.08848223201454797,0.5270055654624582,False,True,True,49.0,selected,rich_M_2021,rich_M_2021_inner_2018,lgb_classifier,Team1Win,True
diff__compact__blowout_win20_rate,compact_performance,0.0,981,748,0.39957200068645193,0.3812739770066258,1.0,1.0,0.12694540755520978,0.5258395328119915,False,True,True,50.0,selected,rich_M_2021,rich_M_2021_inner_2018,lgb_classifier,Team1Win,True
diff__conference__strength_percentile,conference_context,0.0,981,118,0.4013071447302538,0.37624090851418446,1.0,1.0,0.08128594626477798,0.5256317700768732,False,True,True,113.0,selected,rich_M_2021,rich_M_2021_inner_2018,lgb_classifier,Team1Win,True
diff__compact__half_winpct_first,compact_performance,0.0,981,364,0.3886262105353341,0.3819449981380126,1.0,1.0,0.09588259461509607,0.5249960616394157,False,True,True,51.0,selected,rich_M_2021,rich_M_2021_inner_2018,lgb_classifier,Team1Win,True
diff__schedule__elite_wins,schedule_and_accomplishment,0.0,981,22,0.3760471221437202,0.3827549729800212,1.0,1.0,0.04666867033902933,0.5245860070884675,False,True,True,87.0,selected,rich_M_2021,rich_M_2021_inner_2018,lgb_classifier,Team1Win,True
diff__schedule__opponent_strength_median,schedule_and_accomplishment,0.0,981,974,0.3813092039308647,0.381765773873047,1.0,1.0,0.07940659903687264,0.5239593323623779,False,True,True,88.0,selected,rich_M_2021,rich_M_2021_inner_2018,lgb_classifier,Team1Win,True
diff__compact__blowout_win10_rate,compact_performance,0.0,981,752,0.3807236244509573,0.3878282236663791,1.0,1.0,0.1712278256626057,0.5230676317125683,False,True,True,52.0,selected,rich_M_2021,rich_M_2021_inner_2018,lgb_classifier,Team1Win,True
diff__compact__margin_q75,compact_performance,0.0,981,141,0.39973664154503924,0.3755884705141304,1.0,1.0,0.17522509077249898,0.5212155233557912,False,True,True,53.0,selected,rich_M_2021,rich_M_2021_inner_2018,lgb_classifier,Team1Win,True
diff__schedule__owp,schedule_and_accomplishment,0.0,981,981,0.38256650589270985,0.3750411040342829,1.0,1.0,0.07729176020071155,0.5210926908248235,False,True,True,89.0,selected,rich_M_2021,rich_M_2021_inner_2018,lgb_classifier,Team1Win,True
diff__compact__margin_median,compact_performance,0.0,981,71,0.3635865181136568,0.3858774011521421,1.0,1.0,0.1808733971891387,0.5179752506504671,False,True,True,54.0,selected,rich_M_2021,rich_M_2021_inner_2018,lgb_classifier,Team1Win,True
diff__adj__off_rtg_a50p0,opponent_adjusted_efficiency,0.0,981,981,0.35366911713459315,0.38019455187594775,1.0,1.0,0.10631174462947701,0.5160481208848863,False,True,True,36.0,selected,rich_M_2021,rich_M_2021_inner_2018,lgb_classifier,Team1Win,True
diff__adj__def_rtg_a10p0,opponent_adjusted_efficiency,0.0,981,981,-0.37260465567284895,0.3741178218249764,1.0,1.0,0.14825057963371124,0.515619555538667,False,True,True,37.0,selected,rich_M_2021,rich_M_2021_inner_2018,lgb_classifier,Team1Win,True
diff__compact__margin_q90,compact_performance,0.0,981,346,0.39390808291388807,0.3638416097160531,1.0,1.0,0.14821904257989987,0.5153749892015649,False,True,True,55.0,selected,rich_M_2021,rich_M_2021_inner_2018,lgb_classifier,Team1Win,True
diff__rating__elo_standard_preseason,dynamic_ratings,0.0,981,981,0.38568343859679055,0.36321459154312125,1.0,1.0,0.10864563045446979,0.5148475352138132,False,True,True,104.0,selected,rich_M_2021,rich_M_2021_inner_2018,lgb_classifier,Team1Win,True
diff__conference__strength_median,conference_context,0.0,981,851,0.3574470317209286,0.36193209514279434,1.0,1.0,0.10584254460043857,0.5081320508631281,False,True,True,114.0,selected,rich_M_2021,rich_M_2021_inner_2018,lgb_classifier,Team1Win,True
matchup__team2_seed,matchup_context,0.0,981,16,0.3513163991641824,0.36428699634757844,1.0,1.0,0.1532432828591887,0.5060176347485902,False,True,True,9.0,selected,rich_M_2021,rich_M_2021_inner_2018,lgb_classifier,Team1Win,True
diff__compact__downside_tail_mean,compact_performance,0.0,981,931,-0.3561103583655523,0.3516831065519783,1.0,1.0,0.09391151656506141,0.5033957093227686,False,True,True,56.0,selected,rich_M_2021,rich_M_2021_inner_2018,lgb_classifier,Team1Win,True
diff__compact__margin_slope,compact_performance,0.0,981,981,-0.3335748829125472,0.3600429100184219,1.0,1.0,0.11384231996957273,0.50165337825082,False,True,True,57.0,selected,rich_M_2021,rich_M_2021_inner_2018,lgb_classifier,Team1Win,True
diff__compact__win_pct,compact_performance,0.0,981,743,0.35187726570203876,0.349256236760219,1.0,1.0,0.14746571150435472,0.4991573636391794,False,True,True,58.0,selected,rich_M_2021,rich_M_2021_inner_2018,lgb_classifier,Team1Win,True
diff__compact__margin_q25,compact_performance,0.0,981,139,0.35755511167789994,0.34735660116601375,1.0,1.0,0.1564586786221544,0.49913494598393837,False,True,True,59.0,selected,rich_M_2021,rich_M_2021_inner_2018,lgb_classifier,Team1Win,True
diff__compact__half_delta_marginmean,compact_performance,0.0,981,963,-0.32715255635300416,0.35368338935665483,1.0,1.0,0.08745432017774385,0.4982434164817455,False,True,True,60.0,selected,rich_M_2021,rich_M_2021_inner_2018,lgb_classifier,Team1Win,True
diff__compact__ewm_h20_win,compact_performance,0.0,981,981,0.3205263980391709,0.35815516265627184,1.0,1.0,0.1371089864935014,0.49694592618388794,False,True,True,61.0,selected,rich_M_2021,rich_M_2021_inner_2018,lgb_classifier,Team1Win,True
diff__compact__ewm_h20_margin,compact_performance,0.0,981,981,0.3489370263473812,0.34100958913901763,1.0,1.0,0.11471184430747772,0.4958622748108532,False,True,True,62.0,selected,rich_M_2021,rich_M_2021_inner_2018,lgb_classifier,Team1Win,True
diff__compact__margin_q10,compact_performance,0.0,981,305,0.33527942449311027,0.34061112990963693,1.0,1.0,0.12295605058114578,0.4923365737218642,False,True,True,63.0,selected,rich_M_2021,rich_M_2021_inner_2018,lgb_classifier,Team1Win,True
diff__compact__away_games,compact_performance,0.0,981,21,-0.34308622664366256,0.33362156646749536,1.0,1.0,0.11768680859147046,0.49090984942234467,False,True,True,64.0,selected,rich_M_2021,rich_M_2021_inner_2018,lgb_classifier,Team1Win,True
diff__compact__ewm_h10_margin,compact_performance,0.0,981,981,0.3479143652507044,0.3189435404765263,1.0,1.0,0.18278502327925972,0.48232265885271713,False,True,True,65.0,selected,rich_M_2021,rich_M_2021_inner_2018,lgb_classifier,Team1Win,True
diff__schedule__bad_losses,schedule_and_accomplishment,0.0,981,14,-0.2972563489532234,0.333649438983632,1.0,1.0,0.14702097930320385,0.4796672883097243,False,True,True,90.0,selected,rich_M_2021,rich_M_2021_inner_2018,lgb_classifier,Team1Win,True
diff__compact__half_pointsformean_first,compact_performance,0.0,981,877,0.30140719333128047,0.3160049730424933,1.0,1.0,0.09766142830353147,0.4740855124611372,False,True,True,66.0,selected,rich_M_2021,rich_M_2021_inner_2018,lgb_classifier,Team1Win,True
diff__adj__def_rtg_a50p0,opponent_adjusted_efficiency,0.0,981,981,-0.29892382048271443,0.320065767724593,1.0,1.0,0.1516533484950663,0.4733286750741991,False,True,True,38.0,selected,rich_M_2021,rich_M_2021_inner_2018,lgb_classifier,Team1Win,True
diff__schedule__top_decile_games,schedule_and_accomplishment,0.0,981,29,0.31180038668317833,0.31114922644024595,1.0,1.0,0.13074680050462323,0.47271784174143233,False,True,True,91.0,selected,rich_M_2021,rich_M_2021_inner_2018,lgb_classifier,Team1Win,True
diff__compact__away_margin_mean,compact_performance,0.0,981,913,0.29590241867925393,0.3034081767092306,1.0,1.0,0.15424948119204873,0.46456447768218456,False,True,True,67.0,selected,rich_M_2021,rich_M_2021_inner_2018,lgb_classifier,Team1Win,True
diff__conference__team_count,conference_context,0.0,981,17,0.2090796458640614,0.20522979852192477,1.0,1.0,0.08455150205863154,0.4011257652982721,False,True,True,115.0,selected,rich_M_2021,rich_M_2021_inner_2018,lgb_classifier,Team1Win,True
diff__conference__tourney_last_day,conference_context,0.019367991845056064,962,17,0.23057654450328124,0.19887762761201555,1.0,1.0,0.19772861819799825,0.3967295169689649,False,True,True,116.0,selected,rich_M_2021,rich_M_2021_inner_2018,lgb_classifier,Team1Win,True
diff__rating__elo_standard_delta,dynamic_ratings,0.0,981,981,0.1790917008309793,0.18912963117175985,0.8666666666666667,1.0,0.19719135511237473,0.36096140960743184,False,True,True,105.0,selected,rich_M_2021,rich_M_2021_inner_2018,lgb_classifier,Team1Win,True
diff__conference__strength_std,conference_context,0.0,981,851,0.18274409207740114,0.2058074388504225,0.7333333333333333,1.0,0.16377285965431224,0.3497736898523919,False,True,True,117.0,selected,rich_M_2021,rich_M_2021_inner_2018,lgb_classifier,Team1Win,True
diff__rating__elo_mov_538_delta,dynamic_ratings,0.0,981,981,0.1535306019904219,0.18672486075348407,0.7333333333333333,1.0,0.13115612802749818,0.3354917538117985,False,True,True,106.0,selected,rich_M_2021,rich_M_2021_inner_2018,lgb_classifier,Team1Win,True
diff__seed__playin,selection_committee_prior,0.0,981,3,-0.11157110603394121,0.1341246360271594,0.8666666666666667,1.0,0.03587582877988302,0.32615710213597493,False,True,True,77.0,selected,rich_M_2021,rich_M_2021_inner_2018,lgb_classifier,Team1Win,True
diff__schedule__opponent_strength_std,schedule_and_accomplishment,0.0,981,981,0.13706859507238184,0.14082382249988634,0.7333333333333333,1.0,0.12128837047506817,0.31023232423020003,False,True,True,92.0,selected,rich_M_2021,rich_M_2021_inner_2018,lgb_classifier,Team1Win,True
absdiff__schedule__opponent_strength_median,schedule_and_accomplishment,0.0,981,969,-0.042900924030905244,0.1520110218643265,0.6,1.0,0.1324700880062402,0.27310469026142625,False,True,True,93.0,selected,rich_M_2021,rich_M_2021_inner_2018,lgb_classifier,Team1Win,True
diff__conference__tourney_champion,conference_context,0.019367991845056064,962,3,-0.1334831598603435,0.14779939172464399,0.4666666666666667,1.0,0.2045621277009553,0.26524474540812865,False,True,True,118.0,selected,rich_M_2021,rich_M_2021_inner_2018,lgb_classifier,Team1Win,True
seedprior__pooled_pair_games,prequential_seed_priors,0.04892966360856269,933,119,-0.07990155646224496,0.1283411394582117,0.6,1.0,0.15452384650998593,0.265086762412551,False,True,True,69.0,selected,rich_M_2021,rich_M_2021_inner_2018,lgb_classifier,Team1Win,True
diff__conference__tourney_win_pct,conference_context,0.019367991845056064,962,17,-0.08548159588064143,0.08812768291715514,0.6,1.0,0.08366298008640569,0.25221128034291485,False,True,True,119.0,selected,rich_M_2021,rich_M_2021_inner_2018,lgb_classifier,Team1Win,True
diff__conference__tourney_wins,conference_context,0.019367991845056064,962,9,-0.07425663753832637,0.09336907226825136,0.6,1.0,0.10423202147266462,0.25143489474068137,False,True,True,120.0,selected,rich_M_2021,rich_M_2021_inner_2018,lgb_classifier,Team1Win,True
absdiff__schedule__oowp,schedule_and_accomplishment,0.0,981,981,-0.0531996262105827,0.13779939763404284,0.4666666666666667,1.0,0.19303927378853475,0.24479272434579405,False,True,True,94.0,selected,rich_M_2021,rich_M_2021_inner_2018,lgb_classifier,Team1Win,True
absdiff__schedule__opponent_strength_mean,schedule_and_accomplishment,0.0,981,981,-0.04195663509918453,0.1405470033599375,0.4666666666666667,1.0,0.20369708457584063,0.24321180461822367,False,True,True,95.0,selected,rich_M_2021,rich_M_2021_inner_2018,lgb_classifier,Team1Win,True
seedprior__favorite_seed_games,prequential_seed_priors,0.0,981,109,0.05640152804984157,0.08089868881250913,0.6,1.0,0.10950887987145558,0.24285935160611133,False,True,True,70.0,selected,rich_M_2021,rich_M_2021_inner_2018,lgb_classifier,Team1Win,True
absdiff__schedule__quality_wins,schedule_and_accomplishment,0.0,981,20,-0.05053235520573892,0.10231932335794783,0.4666666666666667,1.0,0.10368492948075692,0.23074966284451393,False,True,True,96.0,selected,rich_M_2021,rich_M_2021_inner_2018,lgb_classifier,Team1Win,True
absdiff__schedule__top_quartile_games,schedule_and_accomplishment,0.0,981,22,-0.055275633426787346,0.14132524929026846,0.3333333333333333,1.0,0.17676435152849113,0.22625951828541577,False,True,True,97.0,selected,rich_M_2021,rich_M_2021_inner_2018,lgb_classifier,Team1Win,True
seedprior__exact_pair_games,prequential_seed_priors,0.0,981,87,-0.06752711374439987,0.12597018626257953,0.3333333333333333,1.0,0.18273970422358013,0.2213453995941963,False,True,True,71.0,selected,rich_M_2021,rich_M_2021_inner_2018,lgb_classifier,Team1Win,True
absdiff__schedule__opponent_strength_pct_mean,schedule_and_accomplishment,0.0,981,981,-0.03786381968799907,0.13756882323377836,0.3333333333333333,1.0,0.19157996099201569,0.22003321037722612,False,True,True,98.0,selected,rich_M_2021,rich_M_2021_inner_2018,lgb_classifier,Team1Win,True
matchup__seed_gap_abs,matchup_context,0.0,981,15,-0.017873666683565683,0.08217425973231346,0.4666666666666667,1.0,0.09976913101742779,0.21405175276786448,False,True,True,10.0,selected,rich_M_2021,rich_M_2021_inner_2018,lgb_classifier,Team1Win,True
absdiff__rating__elo_mov_538_delta,dynamic_ratings,0.0,981,981,0.010007470515251573,0.07263644651769806,0.4666666666666667,1.0,0.11065229707721386,0.20730771262542852,False,True,True,107.0,selected,rich_M_2021,rich_M_2021_inner_2018,lgb_classifier,Team1Win,True
absdiff__rating__elo_standard_delta,dynamic_ratings,0.0,981,981,0.03629614434694114,0.0567829229597737,0.4666666666666667,1.0,0.1118767023050804,0.2054325533514819,False,True,True,108.0,selected,rich_M_2021,rich_M_2021_inner_2018,lgb_classifier,Team1Win,True
absdiff__rating__elo_mov_log_percentile,dynamic_ratings,0.0,981,502,-0.042132108000171524,0.09194571131616856,0.3333333333333333,1.0,0.16383773951992586,0.20018282894433495,False,True,True,109.0,selected,rich_M_2021,rich_M_2021_inner_2018,lgb_classifier,Team1Win,True
matchup__equal_seed,matchup_context,0.0,981,2,-0.02304085125580058,0.09759000729485331,0.3333333333333333,1.0,0.15646587545624502,0.19898688909288925,False,True,True,11.0,selected,rich_M_2021,rich_M_2021_inner_2018,lgb_classifier,Team1Win,True
seedprior__generic_gender_games,prequential_seed_priors,0.0,981,16,0.02260406400272649,0.09759000729485333,0.3333333333333333,1.0,0.15646587545624502,0.19889079589721295,False,True,True,72.0,selected,rich_M_2021,rich_M_2021_inner_2018,lgb_classifier,Team1Win,True
seedprior__effective_games_pc2p0,prequential_seed_priors,0.0,981,277,0.02746649338044352,0.08972698612491732,0.3333333333333333,1.0,0.10612673691554995,0.1981998457403692,False,True,True,73.0,selected,rich_M_2021,rich_M_2021_inner_2018,lgb_classifier,Team1Win,True
absdiff__rating__elo_standard_percentile,dynamic_ratings,0.0,981,514,-0.041977504927312635,0.08220324940544131,0.3333333333333333,1.0,0.1736524784392641,0.19507984499438338,False,True,True,110.0,selected,rich_M_2021,rich_M_2021_inner_2018,lgb_classifier,Team1Win,True
absdiff__adj__net_rtg_a50p0_percentile,opponent_adjusted_efficiency,0.0,981,505,-0.03131142536003937,0.0774619836597061,0.3333333333333333,1.0,0.13342206330921674,0.19206671653683224,False,True,True,39.0,selected,rich_M_2021,rich_M_2021_inner_2018,lgb_classifier,Team1Win,True
absdiff__adj__net_rtg_a10p0_percentile,opponent_adjusted_efficiency,0.0,981,515,-0.04086430984703077,0.08725803518969369,0.2,1.0,0.1679105086915998,0.17615758470973578,False,True,True,40.0,selected,rich_M_2021,rich_M_2021_inner_2018,lgb_classifier,Team1Win,True
absdiff__adj__net_rtg_a10p0_z,opponent_adjusted_efficiency,0.0,981,981,0.005480838097910508,0.10149823689870689,0.2,1.0,0.19444626859891376,0.1741470873489631,False,True,True,41.0,selected,rich_M_2021,rich_M_2021_inner_2018,lgb_classifier,Team1Win,True
absdiff__adj__def_rtg_a10p0,opponent_adjusted_efficiency,0.0,981,981,-0.019768659181658578,0.09503163973391297,0.06666666666666667,1.0,0.15455742605977707,0.1544486617165187,False,True,True,42.0,selected,rich_M_2021,rich_M_2021_inner_2018,lgb_classifier,Team1Win,True
absdiff__adj__net_rtg_a50p0_z,opponent_adjusted_efficiency,0.0,981,981,0.031278133290237445,0.06657331501232397,0.06666666666666667,1.0,0.12500949190307922,0.14450266752031127,False,True,True,43.0,selected,rich_M_2021,rich_M_2021_inner_2018,lgb_classifier,Team1Win,True
seedprior__favorite_prob_pc2p0,prequential_seed_priors,0.0,981,402,0.0013073174571958755,0.08288199470444453,0.06666666666666667,1.0,0.1582188103560237,0.1444088815511422,False,True,True,74.0,selected,rich_M_2021,rich_M_2021_inner_2018,lgb_classifier,Team1Win,True
absdiff__adj__def_rtg_a50p0,opponent_adjusted_efficiency,0.0,981,981,-0.014318241582090815,0.07172828359267878,0.06666666666666667,1.0,0.17030447479075583,0.14143407694758225,False,True,True,44.0,selected,rich_M_2021,rich_M_2021_inner_2018,lgb_classifier,Team1Win,True
context__season_centered_2000,matchup_context,0.0,981,15,0.0051818993889161955,0.0,0.0,1.0,0.0,0.10114001786556157,False,True,True,12.0,selected,rich_M_2021,rich_M_2021_inner_2018,lgb_classifier,Team1Win,True
matchup__seed_diff,matchup_context,0.0,1048,29,-0.4906648581018423,0.48866559097884016,1.0,1.0,0.1234951247517388,0.5975659474621791,True,True,True,1.0,selected,rich_M_2021,rich_M_2021_inner_2019,lgb_classifier,Team1Win,True
diff__massey__strength_mean,massey_consensus,0.0,1048,1048,0.4700408257515563,0.47683329275628694,1.0,1.0,0.06627617448729378,0.5896379152088684,True,True,True,6.0,selected,rich_M_2021,rich_M_2021_inner_2019,lgb_classifier,Team1Win,True
diff__norm__rating__elo_mov_538__pct,within_season_normalization,0.0,1048,669,0.4542287463974994,0.4591025061604823,1.0,1.0,0.05967801064531442,0.5779124067386687,True,True,True,2.0,selected,rich_M_2021,rich_M_2021_inner_2019,lgb_classifier,Team1Win,True
diff__adj__net_rtg_a50p0,opponent_adjusted_efficiency,0.0,1048,1048,0.44765743538561115,0.44439449035766987,1.0,1.0,0.09575592127035443,0.5679637543057018,True,True,True,5.0,selected,rich_M_2021,rich_M_2021_inner_2019,lgb_classifier,Team1Win,True
diff__compact__margin_trim02,compact_performance,0.0,1048,1032,0.42651338651312776,0.42066478581039196,1.0,1.0,0.11014887940527884,0.5513460870456651,True,True,True,3.0,selected,rich_M_2021,rich_M_2021_inner_2019,lgb_classifier,Team1Win,True
diff__norm__schedule__opponent_strength_mean__pct,within_season_normalization,0.0,1048,844,0.41546662782625904,0.3991665842819586,1.0,1.0,0.09547029352786363,0.5391838068360025,True,True,True,4.0,selected,rich_M_2021,rich_M_2021_inner_2019,lgb_classifier,Team1Win,True
diff__rating__margin_ridge_a5p0_z,global_strength_ratings,0.0,1048,1048,0.5033881808366942,0.5061535542869825,1.0,1.0,0.09670685661738443,0.6098308315771289,False,True,True,69.0,selected,rich_M_2021,rich_M_2021_inner_2019,lgb_classifier,Team1Win,True
diff__norm__adj__net_rtg_a10p0__z,within_season_normalization,0.0,1048,1048,0.4921145104570567,0.4916150245195436,1.0,1.0,0.08275761709775054,0.6009300993860234,False,True,True,25.0,selected,rich_M_2021,rich_M_2021_inner_2019,lgb_classifier,Team1Win,True
diff__norm__schedule__quality_win_points_sum__z,within_season_normalization,0.0,1048,1048,0.4872314204662862,0.49029835430652835,1.0,1.0,0.08283208500871553,0.5992208391693679,False,True,True,26.0,selected,rich_M_2021,rich_M_2021_inner_2019,lgb_classifier,Team1Win,True
seedprior__team1_prob_pc2p0,prequential_seed_priors,0.0,1048,605,0.4918192683793307,0.48988457097584254,1.0,1.0,0.13080765323109161,0.5981125269826135,False,True,True,90.0,selected,rich_M_2021,rich_M_2021_inner_2019,lgb_classifier,Team1Win,True
diff__norm__rating__elo_mov_538__z,within_season_normalization,0.0,1048,1048,0.487240212685055,0.48635014145656186,1.0,1.0,0.08530017672572954,0.5972289076208326,False,True,True,27.0,selected,rich_M_2021,rich_M_2021_inner_2019,lgb_classifier,Team1Win,True
diff__norm__rating__colley__z,within_season_normalization,0.0,1048,1048,0.4850734230214389,0.4839476404487706,1.0,1.0,0.07507673679154409,0.5960079510084647,False,True,True,28.0,selected,rich_M_2021,rich_M_2021_inner_2019,lgb_classifier,Team1Win,True
diff__norm__schedule__rpi__z,within_season_normalization,0.0,1048,1048,0.47456448732594736,0.48181133473761883,1.0,1.0,0.09827184616205353,0.5917427540392832,False,True,True,29.0,selected,rich_M_2021,rich_M_2021_inner_2019,lgb_classifier,Team1Win,True
diff__massey__ordinal_max,massey_consensus,0.0,1048,348,-0.4687380309374541,0.4810943228359495,1.0,1.0,0.09725443020215124,0.5901574645594097,False,True,True,13.0,selected,rich_M_2021,rich_M_2021_inner_2019,lgb_classifier,Team1Win,True
diff__massey__system_pom,massey_consensus,0.0,1048,727,0.46213129800711517,0.4764644559842114,1.0,1.0,0.058049055098848445,0.5880498622300329,False,True,True,14.0,selected,rich_M_2021,rich_M_2021_inner_2019,lgb_classifier,Team1Win,True
diff__massey__system_mor,massey_consensus,0.0,1048,723,0.46731991159633984,0.4745724224471496,1.0,1.0,0.07672367830014659,0.5875361961938207,False,True,True,15.0,selected,rich_M_2021,rich_M_2021_inner_2019,lgb_classifier,Team1Win,True
diff__norm__rating__bt_c1p0__z,within_season_normalization,0.0,1048,1048,0.473550136405037,0.46899033036317206,1.0,1.0,0.09949223564520471,0.5853166991576225,False,True,True,30.0,selected,rich_M_2021,rich_M_2021_inner_2019,lgb_classifier,Team1Win,True
diff__rating__elo_standard_z,dynamic_ratings,0.0,1048,1048,0.4639563041568507,0.4709344699986029,1.0,1.0,0.11429796639649925,0.5835470138579766,False,True,True,98.0,selected,rich_M_2021,rich_M_2021_inner_2019,lgb_classifier,Team1Win,True
diff__massey__system_rpi,massey_consensus,0.0,1048,749,0.4555416931124444,0.46978794986193495,1.0,1.0,0.07295840740085063,0.5827990521224325,False,True,True,16.0,selected,rich_M_2021,rich_M_2021_inner_2019,lgb_classifier,Team1Win,True
diff__massey__ordinal_std,massey_consensus,0.0,1048,1048,-0.4660623535494395,0.4682793594596122,1.0,1.0,0.1131510823789249,0.5827817670263334,False,True,True,17.0,selected,rich_M_2021,rich_M_2021_inner_2019,lgb_classifier,Team1Win,True
diff__norm__schedule__rpi__pct,within_season_normalization,0.0,1048,676,0.45226232716108605,0.4665817119095633,1.0,1.0,0.08941496890088407,0.579880334935994,False,True,True,31.0,selected,rich_M_2021,rich_M_2021_inner_2019,lgb_classifier,Team1Win,True
diff__schedule__quality_wins,schedule_and_accomplishment,0.0,1048,37,0.4583648061487708,0.46016781150566277,1.0,1.0,0.09940502544783258,0.5777446058575344,False,True,True,73.0,selected,rich_M_2021,rich_M_2021_inner_2019,lgb_classifier,Team1Win,True
diff__compact__half_marginmean_first,compact_performance,0.0,1048,947,0.4550585827713106,0.45437273137566137,1.0,1.0,0.11462456110404745,0.5736268168258438,False,True,True,46.0,selected,rich_M_2021,rich_M_2021_inner_2019,lgb_classifier,Team1Win,True
diff__norm__rating__margin_ridge_a25p0__pct,within_season_normalization,0.0,1048,678,0.4441672161944646,0.45384207596218384,1.0,1.0,0.06412150751638296,0.5729961237239751,False,True,True,32.0,selected,rich_M_2021,rich_M_2021_inner_2019,lgb_classifier,Team1Win,True
diff__massey__system_wol,massey_consensus,0.0,1048,677,0.4524530377293567,0.4494671720197376,1.0,1.0,0.079616514450012,0.572099250291932,False,True,True,18.0,selected,rich_M_2021,rich_M_2021_inner_2019,lgb_classifier,Team1Win,True
diff__rating__pagerank_binary_z,global_strength_ratings,0.0,1048,1048,0.44339891152007194,0.45464689270084147,1.0,1.0,0.09438980379503903,0.5720026768790182,False,True,True,70.0,selected,rich_M_2021,rich_M_2021_inner_2019,lgb_classifier,Team1Win,True
diff__norm__rating__pagerank_margin__pct,within_season_normalization,0.0,1048,746,0.4484514286828929,0.451842750774596,1.0,1.0,0.09622093859060121,0.5716949971384184,False,True,True,33.0,selected,rich_M_2021,rich_M_2021_inner_2019,lgb_classifier,Team1Win,True
diff__massey__system_cng,massey_consensus,0.061068702290076333,984,708,0.4464563015667595,0.4600218698847963,1.0,1.0,0.08638877990959282,0.5706898365097994,False,True,True,19.0,selected,rich_M_2021,rich_M_2021_inner_2019,lgb_classifier,Team1Win,True
diff__seed__top4,selection_committee_prior,0.0,1048,3,0.43749947148376933,0.45327114188917306,1.0,1.0,0.08857652804807126,0.5702769707113094,False,True,True,110.0,selected,rich_M_2021,rich_M_2021_inner_2019,lgb_classifier,Team1Win,True
diff__massey__system_sel,massey_consensus,0.061068702290076333,984,655,0.4445160241171956,0.4584507864189812,1.0,1.0,0.08100523546735028,0.5697241971849939,False,True,True,20.0,selected,rich_M_2021,rich_M_2021_inner_2019,lgb_classifier,Team1Win,True
diff__norm__schedule__quality_win_points_sum__pct,within_season_normalization,0.0,1048,691,0.44975181611630777,0.4419017606860576,1.0,1.0,0.050170256011239756,0.5690514344344457,False,True,True,34.0,selected,rich_M_2021,rich_M_2021_inner_2019,lgb_classifier,Team1Win,True
diff__massey__strength_iqr,massey_consensus,0.0,1048,804,-0.44382814508144747,0.4458892452509242,1.0,1.0,0.07669333508444598,0.5686012962349842,False,True,True,21.0,selected,rich_M_2021,rich_M_2021_inner_2019,lgb_classifier,Team1Win,True
diff__rating__pagerank_margin_z,global_strength_ratings,0.0,1048,1048,0.44881920442468776,0.44503190054684083,1.0,1.0,0.0964207650190404,0.5684987066351533,False,True,True,71.0,selected,rich_M_2021,rich_M_2021_inner_2019,lgb_classifier,Team1Win,True
diff__schedule__bad_loss_penalty_sum,schedule_and_accomplishment,0.0,1048,1047,-0.43068494757349335,0.448305108275454,1.0,1.0,0.11097187408088771,0.5654982654751509,False,True,True,74.0,selected,rich_M_2021,rich_M_2021_inner_2019,lgb_classifier,Team1Win,True
diff__rating__elo_standard_percentile,dynamic_ratings,0.0,1048,680,0.4332649356849721,0.4383762006561421,1.0,1.0,0.06564277852034339,0.5631131510248283,False,True,True,99.0,selected,rich_M_2021,rich_M_2021_inner_2019,lgb_classifier,Team1Win,True
diff__massey__ordinal_min,massey_consensus,0.0,1048,190,-0.42362063350694973,0.44157979012722764,1.0,1.0,0.07947635435554179,0.5619757844583765,False,True,True,22.0,selected,rich_M_2021,rich_M_2021_inner_2019,lgb_classifier,Team1Win,True
diff__massey__system_wob,massey_consensus,0.061068702290076333,984,645,0.43432537281217265,0.4460260934915935,1.0,1.0,0.0750088901774999,0.5617582551043367,False,True,True,23.0,selected,rich_M_2021,rich_M_2021_inner_2019,lgb_classifier,Team1Win,True
diff__rating__bt_c0p25_z,global_strength_ratings,0.0,1048,1048,0.44405566678239367,0.43517874470789714,1.0,1.0,0.12538508452485836,0.5615626407709228,False,True,True,72.0,selected,rich_M_2021,rich_M_2021_inner_2019,lgb_classifier,Team1Win,True
diff__massey__rank_improvement_std,massey_consensus,0.0,1048,1048,-0.425102885357449,0.43465903428536107,1.0,1.0,0.09863868535531894,0.5582134238213994,False,True,True,24.0,selected,rich_M_2021,rich_M_2021_inner_2019,lgb_classifier,Team1Win,True
diff__conference__strength_max,conference_context,0.0,1048,907,0.42450799170861786,0.43732275428783274,1.0,1.0,0.1295482885024412,0.558124748693958,False,True,True,113.0,selected,rich_M_2021,rich_M_2021_inner_2019,lgb_classifier,Team1Win,True
diff__schedule__oowp,schedule_and_accomplishment,0.0,1048,1048,0.4202561450197101,0.43194812472308497,1.0,1.0,0.0837870898590935,0.5564399681770532,False,True,True,75.0,selected,rich_M_2021,rich_M_2021_inner_2019,lgb_classifier,Team1Win,True
diff__rating__elo_season_reset_mov_z,dynamic_ratings,0.0,1048,1048,0.43710988650065213,0.42216198034137126,1.0,1.0,0.12480876147392705,0.5538095751350446,False,True,True,100.0,selected,rich_M_2021,rich_M_2021_inner_2019,lgb_classifier,Team1Win,True
matchup__team1_seed,matchup_context,0.0,1048,16,-0.42602524817293375,0.4237695021219005,1.0,1.0,0.1280533309900509,0.5520127823769555,False,True,True,7.0,selected,rich_M_2021,rich_M_2021_inner_2019,lgb_classifier,Team1Win,True
diff__compact__pythag_exp10p0,compact_performance,0.0,1048,1048,0.41696781829423635,0.4127731894093382,1.0,1.0,0.09985272058791861,0.5458699421176976,False,True,True,47.0,selected,rich_M_2021,rich_M_2021_inner_2019,lgb_classifier,Team1Win,True
matchup__team1_is_seed_favorite,matchup_context,0.0,1048,2,0.4172653081891568,0.41520429746548193,1.0,1.0,0.15949581495392906,0.5447165979868887,False,True,True,8.0,selected,rich_M_2021,rich_M_2021_inner_2019,lgb_classifier,Team1Win,True
diff__adj__off_rtg_a10p0,opponent_adjusted_efficiency,0.0,1048,1048,0.39067489699869523,0.4199001015172318,1.0,1.0,0.07696442636031225,0.5444219490135717,False,True,True,35.0,selected,rich_M_2021,rich_M_2021_inner_2019,lgb_classifier,Team1Win,True
diff__adj__net_rtg_a50p0_percentile,opponent_adjusted_efficiency,0.0,1048,677,0.40855613793464285,0.4112420229648742,1.0,1.0,0.08348640842238442,0.5439390650318656,False,True,True,36.0,selected,rich_M_2021,rich_M_2021_inner_2019,lgb_classifier,Team1Win,True
diff__rating__elo_season_reset_mov_percentile,dynamic_ratings,0.0,1048,658,0.3949647777596406,0.4139651265738183,1.0,1.0,0.14518299328305811,0.5397881921312314,False,True,True,101.0,selected,rich_M_2021,rich_M_2021_inner_2019,lgb_classifier,Team1Win,True
diff__conference__strength_percentile,conference_context,0.0,1048,118,0.4032162076414178,0.40196490318757105,1.0,1.0,0.07647066707830652,0.5385918925280138,False,True,True,114.0,selected,rich_M_2021,rich_M_2021_inner_2019,lgb_classifier,Team1Win,True
diff__schedule__opponent_strength_mean,schedule_and_accomplishment,0.0,1048,1048,0.4005171814970824,0.40020222381488885,1.0,1.0,0.05746143355301242,0.5379123900183842,False,True,True,76.0,selected,rich_M_2021,rich_M_2021_inner_2019,lgb_classifier,Team1Win,True
diff__compact__upside_tail_mean,compact_performance,0.0,1048,1035,0.4185179770061718,0.3977020414135387,1.0,1.0,0.16057054035661966,0.5365481132055916,False,True,True,48.0,selected,rich_M_2021,rich_M_2021_inner_2019,lgb_classifier,Team1Win,True
diff__rating__elo_mov_538_preseason,dynamic_ratings,0.0,1048,1048,0.40467795159841663,0.3965790741763786,1.0,1.0,0.08139384986133741,0.5361313509618598,False,True,True,102.0,selected,rich_M_2021,rich_M_2021_inner_2019,lgb_classifier,Team1Win,True
diff__schedule__top_quartile_games,schedule_and_accomplishment,0.0,1048,43,0.39900541708807835,0.3946916075364089,1.0,1.0,0.046945767321758536,0.535355332683983,False,True,True,77.0,selected,rich_M_2021,rich_M_2021_inner_2019,lgb_classifier,Team1Win,True
diff__conference__strength_mean,conference_context,0.0,1048,907,0.3886840316676057,0.39747283866914074,1.0,1.0,0.06604403538946274,0.5336556881124823,False,True,True,115.0,selected,rich_M_2021,rich_M_2021_inner_2019,lgb_classifier,Team1Win,True
diff__seed__top8,selection_committee_prior,0.0,1048,3,0.3946798814918912,0.3907183079492731,1.0,1.0,0.10404978676519844,0.5302123702732592,False,True,True,111.0,selected,rich_M_2021,rich_M_2021_inner_2019,lgb_classifier,Team1Win,True
diff__compact__home_margin_mean,compact_performance,0.0,1048,1014,0.39438310198055787,0.38524703280969064,1.0,1.0,0.14747069467909196,0.5257840303972106,False,True,True,49.0,selected,rich_M_2021,rich_M_2021_inner_2019,lgb_classifier,Team1Win,True
diff__schedule__elite_wins,schedule_and_accomplishment,0.0,1048,22,0.3796833355335118,0.3838803530004586,1.0,1.0,0.05037368572840206,0.5257779558284567,False,True,True,78.0,selected,rich_M_2021,rich_M_2021_inner_2019,lgb_classifier,Team1Win,True
diff__compact__wins,compact_performance,0.0,1048,32,0.3914346563513811,0.37829238886456695,1.0,1.0,0.08388303885630727,0.5243406494980436,False,True,True,50.0,selected,rich_M_2021,rich_M_2021_inner_2019,lgb_classifier,Team1Win,True
diff__compact__half_winpct_first,compact_performance,0.0,1048,371,0.38609838371784083,0.3778653666352633,1.0,1.0,0.0910076835788432,0.5226767130596977,False,True,True,51.0,selected,rich_M_2021,rich_M_2021_inner_2019,lgb_classifier,Team1Win,True
diff__compact__blowout_win20_rate,compact_performance,0.0,1048,787,0.39140691581672976,0.37123917065572315,1.0,1.0,0.13361130582048492,0.5189598711616082,False,True,True,52.0,selected,rich_M_2021,rich_M_2021_inner_2019,lgb_classifier,Team1Win,True
diff__schedule__opponent_strength_median,schedule_and_accomplishment,0.0,1048,1041,0.37877092639616095,0.37123480338434733,1.0,1.0,0.0735080908135618,0.5185819857990996,False,True,True,79.0,selected,rich_M_2021,rich_M_2021_inner_2019,lgb_classifier,Team1Win,True
diff__schedule__owp,schedule_and_accomplishment,0.0,1048,1048,0.37983862947547714,0.3681802076559782,1.0,1.0,0.07321284145283774,0.5173624845013609,False,True,True,80.0,selected,rich_M_2021,rich_M_2021_inner_2019,lgb_classifier,Team1Win,True
diff__adj__def_rtg_a10p0,opponent_adjusted_efficiency,0.0,1048,1048,-0.37091996714533104,0.3728058664901996,1.0,1.0,0.1317252739215371,0.5152801977304071,False,True,True,37.0,selected,rich_M_2021,rich_M_2021_inner_2019,lgb_classifier,Team1Win,True
diff__compact__margin_q75,compact_performance,0.0,1048,145,0.388425551680417,0.3647479850915186,1.0,1.0,0.18942676655971935,0.5129555835512318,False,True,True,53.0,selected,rich_M_2021,rich_M_2021_inner_2019,lgb_classifier,Team1Win,True
matchup__team2_seed,matchup_context,0.0,1048,16,0.35357487420344136,0.3746487771908607,1.0,1.0,0.14148152009561688,0.5119586245725455,False,True,True,9.0,selected,rich_M_2021,rich_M_2021_inner_2019,lgb_classifier,Team1Win,True
diff__rating__elo_standard_preseason,dynamic_ratings,0.0,1048,1048,0.3808441884669857,0.35772422398561915,1.0,1.0,0.09854956035512541,0.5115513665616289,False,True,True,103.0,selected,rich_M_2021,rich_M_2021_inner_2019,lgb_classifier,Team1Win,True
diff__compact__blowout_win10_rate,compact_performance,0.0,1048,792,0.37552633021302645,0.3638053798687399,1.0,1.0,0.16683542237756926,0.5105689580887581,False,True,True,54.0,selected,rich_M_2021,rich_M_2021_inner_2019,lgb_classifier,Team1Win,True
diff__compact__margin_median,compact_performance,0.0,1048,71,0.36009368597074265,0.3698735361535278,1.0,1.0,0.15992718309477183,0.5103628209434659,False,True,True,55.0,selected,rich_M_2021,rich_M_2021_inner_2019,lgb_classifier,Team1Win,True
diff__conference__strength_median,conference_context,0.0,1048,907,0.35790813269513083,0.3624873875657761,1.0,1.0,0.1013159871706551,0.5086810957376751,False,True,True,116.0,selected,rich_M_2021,rich_M_2021_inner_2019,lgb_classifier,Team1Win,True
diff__adj__off_rtg_a50p0,opponent_adjusted_efficiency,0.0,1048,1048,0.3459904441734008,0.3694058586108294,1.0,1.0,0.12257901213164962,0.5085295493660803,False,True,True,38.0,selected,rich_M_2021,rich_M_2021_inner_2019,lgb_classifier,Team1Win,True
diff__compact__margin_q90,compact_performance,0.0,1048,357,0.3825936184946337,0.35553787656339836,1.0,1.0,0.15891992925166282,0.5084719796491841,False,True,True,56.0,selected,rich_M_2021,rich_M_2021_inner_2019,lgb_classifier,Team1Win,True
diff__compact__downside_tail_mean,compact_performance,0.0,1048,994,-0.3497652110015186,0.35147850678043624,1.0,1.0,0.10474576080236664,0.5014681992428488,False,True,True,57.0,selected,rich_M_2021,rich_M_2021_inner_2019,lgb_classifier,Team1Win,True
diff__compact__margin_q25,compact_performance,0.0,1048,140,0.3549405774925796,0.34632891945933164,1.0,1.0,0.1441572605905922,0.49855851796522294,False,True,True,58.0,selected,rich_M_2021,rich_M_2021_inner_2019,lgb_classifier,Team1Win,True
diff__compact__margin_slope,compact_performance,0.0,1048,1048,-0.32988776591276414,0.3498704666407745,1.0,1.0,0.11486561396729689,0.49591850792968795,False,True,True,59.0,selected,rich_M_2021,rich_M_2021_inner_2019,lgb_classifier,Team1Win,True
diff__compact__half_delta_marginmean,compact_performance,0.0,1048,1028,-0.32197674351659133,0.3512158112750777,1.0,1.0,0.09850832812118548,0.49547813986084,False,True,True,60.0,selected,rich_M_2021,rich_M_2021_inner_2019,lgb_classifier,Team1Win,True
diff__compact__ewm_h20_win,compact_performance,0.0,1048,1048,0.32115131539359243,0.34699908300917687,1.0,1.0,0.12695738268694184,0.4921345539235175,False,True,True,61.0,selected,rich_M_2021,rich_M_2021_inner_2019,lgb_classifier,Team1Win,True
diff__compact__win_pct,compact_performance,0.0,1048,781,0.3469006627532072,0.33618985424572567,1.0,1.0,0.15158410414424023,0.4916259116778842,False,True,True,62.0,selected,rich_M_2021,rich_M_2021_inner_2019,lgb_classifier,Team1Win,True
diff__compact__ewm_h20_margin,compact_performance,0.0,1048,1048,0.34296416235747745,0.3344958677830731,1.0,1.0,0.1286304282965044,0.49086491512266,False,True,True,63.0,selected,rich_M_2021,rich_M_2021_inner_2019,lgb_classifier,Team1Win,True
diff__compact__away_games,compact_performance,0.0,1048,22,-0.33568638685871655,0.3308554619649443,1.0,1.0,0.13241892133600414,0.48736486999865075,False,True,True,64.0,selected,rich_M_2021,rich_M_2021_inner_2019,lgb_classifier,Team1Win,True
diff__compact__margin_q10,compact_performance,0.0,1048,307,0.32619833985627406,0.33148661090824766,1.0,1.0,0.12426770595132602,0.48590649976628614,False,True,True,65.0,selected,rich_M_2021,rich_M_2021_inner_2019,lgb_classifier,Team1Win,True
diff__compact__ewm_h10_margin,compact_performance,0.0,1048,1048,0.341076762423433,0.3189363770262938,1.0,1.0,0.20072871746292356,0.48009720000725936,False,True,True,66.0,selected,rich_M_2021,rich_M_2021_inner_2019,lgb_classifier,Team1Win,True
diff__schedule__top_decile_games,schedule_and_accomplishment,0.0,1048,29,0.314292639403556,0.32377582633596447,1.0,1.0,0.12448530722167667,0.47957736502117815,False,True,True,81.0,selected,rich_M_2021,rich_M_2021_inner_2019,lgb_classifier,Team1Win,True
diff__schedule__bad_losses,schedule_and_accomplishment,0.0,1048,14,-0.29828547060503746,0.3241889137204932,1.0,1.0,0.12456235179548997,0.4762509880471253,False,True,True,82.0,selected,rich_M_2021,rich_M_2021_inner_2019,lgb_classifier,Team1Win,True
diff__adj__def_rtg_a50p0,opponent_adjusted_efficiency,0.0,1048,1048,-0.2965729177354947,0.31484259262542513,1.0,1.0,0.13670133127099146,0.4709024331111732,False,True,True,39.0,selected,rich_M_2021,rich_M_2021_inner_2019,lgb_classifier,Team1Win,True
diff__compact__half_pointsformean_first,compact_performance,0.0,1048,936,0.29028348629010337,0.30590560585751286,1.0,1.0,0.11182911478987273,0.466223893203834,False,True,True,67.0,selected,rich_M_2021,rich_M_2021_inner_2019,lgb_classifier,Team1Win,True
diff__compact__blowout_loss10_rate,compact_performance,0.0,1048,615,-0.30558973777736287,0.2763257453597798,1.0,1.0,0.1327385816593301,0.45455655681734086,False,True,True,68.0,selected,rich_M_2021,rich_M_2021_inner_2019,lgb_classifier,Team1Win,True
diff__conference__team_count,conference_context,0.0,1048,17,0.20083841476417352,0.19381309577779698,1.0,1.0,0.0878234398446395,0.39370179962767515,False,True,True,117.0,selected,rich_M_2021,rich_M_2021_inner_2019,lgb_classifier,Team1Win,True
diff__conference__tourney_last_day,conference_context,0.01812977099236641,1029,17,0.21110872578921866,0.1774437488690618,0.875,1.0,0.20541631351580444,0.36194988491075625,False,True,True,118.0,selected,rich_M_2021,rich_M_2021_inner_2019,lgb_classifier,Team1Win,True
diff__rating__elo_standard_delta,dynamic_ratings,0.0,1048,1048,0.17250746674677436,0.1797541833246198,0.875,1.0,0.20632673713513136,0.35598058119470255,False,True,True,104.0,selected,rich_M_2021,rich_M_2021_inner_2019,lgb_classifier,Team1Win,True
diff__rating__elo_mov_538_delta,dynamic_ratings,0.0,1048,1048,0.14580074367192927,0.18096131231718915,0.75,1.0,0.14644037504764204,0.33307997851816956,False,True,True,105.0,selected,rich_M_2021,rich_M_2021_inner_2019,lgb_classifier,Team1Win,True
diff__seed__playin,selection_committee_prior,0.0,1048,3,-0.11029409111819628,0.13205670510433248,0.875,1.0,0.043746874380557965,0.32590204352086044,False,True,True,112.0,selected,rich_M_2021,rich_M_2021_inner_2019,lgb_classifier,Team1Win,True
diff__conference__strength_std,conference_context,0.0,1048,907,0.16289492057271093,0.17150346636762936,0.625,1.0,0.1859913257345429,0.31071889335307684,False,True,True,119.0,selected,rich_M_2021,rich_M_2021_inner_2019,lgb_classifier,Team1Win,True
diff__schedule__opponent_strength_std,schedule_and_accomplishment,0.0,1048,1048,0.12094535503740077,0.1336285096842909,0.625,1.0,0.13729261756492428,0.2852579580540908,False,True,True,83.0,selected,rich_M_2021,rich_M_2021_inner_2019,lgb_classifier,Team1Win,True
diff__conference__tourney_champion,conference_context,0.01812977099236641,1029,3,-0.12745210507078572,0.14367404160156816,0.5,1.0,0.20186075493009892,0.2674781912077323,False,True,True,120.0,selected,rich_M_2021,rich_M_2021_inner_2019,lgb_classifier,Team1Win,True
absdiff__schedule__opponent_strength_median,schedule_and_accomplishment,0.0,1048,1036,-0.032614414659553004,0.15096970653274627,0.5,1.0,0.17511391449355035,0.25263607378107783,False,True,True,84.0,selected,rich_M_2021,rich_M_2021_inner_2019,lgb_classifier,Team1Win,True
seedprior__pooled_pair_games,prequential_seed_priors,0.05057251908396947,995,123,-0.06547220821468325,0.11616357284435111,0.5,1.0,0.1758589695033063,0.23908224046566903,False,True,True,91.0,selected,rich_M_2021,rich_M_2021_inner_2019,lgb_classifier,Team1Win,True
absdiff__schedule__oowp,schedule_and_accomplishment,0.0,1048,1048,-0.042811471803544915,0.13546606527181682,0.375,1.0,0.25632716344333756,0.22418914858951847,False,True,True,85.0,selected,rich_M_2021,rich_M_2021_inner_2019,lgb_classifier,Team1Win,True
absdiff__schedule__opponent_strength_mean,schedule_and_accomplishment,0.0,1048,1048,-0.031749181354509985,0.13979743415384913,0.375,1.0,0.2498436504330524,0.22409384227451767,False,True,True,86.0,selected,rich_M_2021,rich_M_2021_inner_2019,lgb_classifier,Team1Win,True
seedprior__favorite_seed_games,prequential_seed_priors,0.0,1048,117,0.049535969671099155,0.07542872625020111,0.5,1.0,0.12265972067246132,0.2221973131008399,False,True,True,92.0,selected,rich_M_2021,rich_M_2021_inner_2019,lgb_classifier,Team1Win,True
absdiff__schedule__bad_loss_penalty_sum,schedule_and_accomplishment,0.0,1048,1047,-0.046707510636979505,0.1142724436525614,0.375,1.0,0.15153899357033657,0.2190648655505515,False,True,True,87.0,selected,rich_M_2021,rich_M_2021_inner_2019,lgb_classifier,Team1Win,True
absdiff__schedule__quality_wins,schedule_and_accomplishment,0.0,1048,20,-0.04502155335106127,0.10145316272559014,0.375,1.0,0.137308725605959,0.21310991082127836,False,True,True,88.0,selected,rich_M_2021,rich_M_2021_inner_2019,lgb_classifier,Team1Win,True
matchup__equal_seed,matchup_context,0.0,1048,2,-0.0330371185468682,0.10435055920298221,0.375,1.0,0.14651169102424288,0.21149596685677274,False,True,True,10.0,selected,rich_M_2021,rich_M_2021_inner_2019,lgb_classifier,Team1Win,True
absdiff__schedule__top_quartile_games,schedule_and_accomplishment,0.0,1048,23,-0.04777385914975713,0.1404872316923955,0.25,1.0,0.18271134698531738,0.2106356663458837,False,True,True,89.0,selected,rich_M_2021,rich_M_2021_inner_2019,lgb_classifier,Team1Win,True
seedprior__generic_gender_games,prequential_seed_priors,0.0,1048,17,0.02885904933127777,0.10435055920298222,0.375,1.0,0.14651169102424288,0.21057679162934284,False,True,True,93.0,selected,rich_M_2021,rich_M_2021_inner_2019,lgb_classifier,Team1Win,True
absdiff__rating__elo_standard_delta,dynamic_ratings,0.0,1048,1048,0.03421272921515395,0.05385132834340238,0.5,1.0,0.08706175340957324,0.2098929678957841,False,True,True,106.0,selected,rich_M_2021,rich_M_2021_inner_2019,lgb_classifier,Team1Win,True
absdiff__rating__elo_mov_log_percentile,dynamic_ratings,0.0,1048,513,-0.04157744376402405,0.08725110843595549,0.375,1.0,0.15322048040600167,0.20489875046110387,False,True,True,107.0,selected,rich_M_2021,rich_M_2021_inner_2019,lgb_classifier,Team1Win,True
seedprior__exact_pair_games,prequential_seed_priors,0.0,1048,91,-0.05012923413460443,0.12661761929371446,0.25,1.0,0.21701887141668452,0.20312413391392853,False,True,True,94.0,selected,rich_M_2021,rich_M_2021_inner_2019,lgb_classifier,Team1Win,True
absdiff__rating__elo_standard_percentile,dynamic_ratings,0.0,1048,524,-0.04068858728230902,0.08124117417400431,0.375,1.0,0.1425841953860969,0.2022438849901862,False,True,True,108.0,selected,rich_M_2021,rich_M_2021_inner_2019,lgb_classifier,Team1Win,True
seedprior__effective_games_pc2p0,prequential_seed_priors,0.0,1048,298,0.026687197389617775,0.08103449685553119,0.375,1.0,0.10018093660279327,0.20076050445225915,False,True,True,95.0,selected,rich_M_2021,rich_M_2021_inner_2019,lgb_classifier,Team1Win,True
matchup__seed_gap_abs,matchup_context,0.0,1048,15,-0.0067037600778190685,0.0841501798969048,0.375,1.0,0.12979524545362406,0.19667510374948954,False,True,True,11.0,selected,rich_M_2021,rich_M_2021_inner_2019,lgb_classifier,Team1Win,True
absdiff__adj__net_rtg_a50p0_percentile,opponent_adjusted_efficiency,0.0,1048,516,-0.029952626746720706,0.0616050874209489,0.375,1.0,0.1272066109609916,0.19107175540789437,False,True,True,40.0,selected,rich_M_2021,rich_M_2021_inner_2019,lgb_classifier,Team1Win,True
absdiff__rating__elo_mov_538_delta,dynamic_ratings,0.0,1048,1048,0.00517830788597302,0.06713292786254177,0.375,1.0,0.13428989811089306,0.18799143718449837,False,True,True,109.0,selected,rich_M_2021,rich_M_2021_inner_2019,lgb_classifier,Team1Win,True
absdiff__adj__def_rtg_a10p0,opponent_adjusted_efficiency,0.0,1048,1048,-0.02276161240747805,0.09426653995351753,0.125,1.0,0.13500784626132734,0.1648551800568805,False,True,True,41.0,selected,rich_M_2021,rich_M_2021_inner_2019,lgb_classifier,Team1Win,True
absdiff__adj__net_rtg_a10p0_percentile,opponent_adjusted_efficiency,0.0,1048,528,-0.03688826386580876,0.08615376816775834,0.125,1.0,0.14935521931851817,0.16349501799826122,False,True,True,42.0,selected,rich_M_2021,rich_M_2021_inner_2019,lgb_classifier,Team1Win,True
seedprior__favorite_prob_pc2p0,prequential_seed_priors,0.0,1048,430,0.011145029989720242,0.09691014516937863,0.125,1.0,0.16067534260932992,0.162541762574667,False,True,True,96.0,selected,rich_M_2021,rich_M_2021_inner_2019,lgb_classifier,Team1Win,True
absdiff__adj__net_rtg_a10p0_z,opponent_adjusted_efficiency,0.0,1048,1048,0.006683391560689559,0.09734489894315321,0.125,1.0,0.18503988288031953,0.16079430232085246,False,True,True,43.0,selected,rich_M_2021,rich_M_2021_inner_2019,lgb_classifier,Team1Win,True
absdiff__adj__net_rtg_a50p0_z,opponent_adjusted_efficiency,0.0,1048,1048,0.029881902449993746,0.06280307545612332,0.125,1.0,0.12165860270739161,0.15185315064964217,False,True,True,44.0,selected,rich_M_2021,rich_M_2021_inner_2019,lgb_classifier,Team1Win,True
absdiff__adj__def_rtg_a50p0,opponent_adjusted_efficiency,0.0,1048,1048,-0.01410409970654183,0.06639837087431809,0.125,1.0,0.16917342573335215,0.1482071829257778,False,True,True,45.0,selected,rich_M_2021,rich_M_2021_inner_2019,lgb_classifier,Team1Win,True
seedprior__pooled_gap_games,prequential_seed_priors,0.05057251908396947,995,143,-0.018437335966987316,0.06112169777310122,0.125,1.0,0.11037686421591303,0.14493375274847176,False,True,True,97.0,selected,rich_M_2021,rich_M_2021_inner_2019,lgb_classifier,Team1Win,True
context__season_centered_2000,matchup_context,0.0,1048,16,-0.0007114449362343011,0.0,0.0,1.0,0.0,0.10015651788597155,False,True,True,12.0,selected,rich_M_2021,rich_M_2021_inner_2019,lgb_classifier,Team1Win,True
matchup__seed_diff,matchup_context,0.0,1115,29,-0.4936146491296878,0.5220375117028367,1.0,1.0,0.11839548305851372,0.6144374091035524,True,True,True,1.0,selected,rich_M_2021,,lgb_classifier,Team1Win,True
diff__massey__strength_mean,massey_consensus,0.0,1115,1115,0.47351133696384257,0.4770799010375618,1.0,1.0,0.07199704768732174,0.5902909647225821,True,True,True,6.0,selected,rich_M_2021,,lgb_classifier,Team1Win,True
diff__norm__rating__elo_mov_538__pct,within_season_normalization,0.0,1115,727,0.4573316967692328,0.4598317394630629,1.0,1.0,0.060196560080345185,0.5789243458282876,True,True,True,2.0,selected,rich_M_2021,,lgb_classifier,Team1Win,True
diff__adj__net_rtg_a50p0,opponent_adjusted_efficiency,0.0,1115,1115,0.45050699647079284,0.4508789611111473,1.0,1.0,0.08531216792649671,0.5721209538398653,True,True,True,5.0,selected,rich_M_2021,,lgb_classifier,Team1Win,True
diff__compact__margin_trim02,compact_performance,0.0,1115,1097,0.42783598398296313,0.4209789872602496,1.0,1.0,0.10607837591639285,0.5519506953245159,True,True,True,3.0,selected,rich_M_2021,,lgb_classifier,Team1Win,True
diff__norm__schedule__opponent_strength_mean__pct,within_season_normalization,0.0,1115,906,0.41469892070132564,0.3995044427362751,1.0,1.0,0.0900514903833406,0.53939383545237,True,True,True,4.0,selected,rich_M_2021,,lgb_classifier,Team1Win,True
seedprior__team1_prob_pc2p0,prequential_seed_priors,0.0,1115,643,0.49492938294920175,0.5274217642751469,1.0,1.0,0.12520960679839555,0.617038526828959,False,True,True,69.0,selected,rich_M_2021,,lgb_classifier,Team1Win,True
diff__rating__margin_ridge_a5p0_z,global_strength_ratings,0.0,1115,1115,0.5081103253379017,0.5064375459749195,1.0,1.0,0.11096340179968028,0.6104357575703125,False,True,True,79.0,selected,rich_M_2021,,lgb_classifier,Team1Win,True
diff__norm__rating__colley__z,within_season_normalization,0.0,1115,1115,0.4886230966269171,0.5015468022338618,1.0,1.0,0.07889998932543335,0.605083546757158,False,True,True,25.0,selected,rich_M_2021,,lgb_classifier,Team1Win,True
diff__norm__rating__margin_ridge_a25p0__z,within_season_normalization,0.0,1115,1115,0.49326580908644346,0.4993604492529357,1.0,1.0,0.08840744927051586,0.604675195669606,False,True,True,26.0,selected,rich_M_2021,,lgb_classifier,Team1Win,True
diff__norm__schedule__quality_win_points_sum__z,within_season_normalization,0.0,1115,1115,0.4897480682621085,0.4940372623483211,1.0,1.0,0.0819853721507185,0.6016030460588292,False,True,True,27.0,selected,rich_M_2021,,lgb_classifier,Team1Win,True
diff__norm__rating__elo_mov_538__z,within_season_normalization,0.0,1115,1115,0.4928228264240166,0.4912854503974089,1.0,1.0,0.09022934280657757,0.6006288642917768,False,True,True,28.0,selected,rich_M_2021,,lgb_classifier,Team1Win,True
diff__rating__elo_standard_z,dynamic_ratings,0.0,1115,1115,0.4670081448451974,0.49764633952226234,1.0,1.0,0.11088070054816868,0.5971768068147025,False,True,True,100.0,selected,rich_M_2021,,lgb_classifier,Team1Win,True
diff__norm__schedule__rpi__z,within_season_normalization,0.0,1115,1115,0.47601370742949045,0.49011871283134123,1.0,1.0,0.09242908863525662,0.5962828342481213,False,True,True,29.0,selected,rich_M_2021,,lgb_classifier,Team1Win,True
diff__massey__system_pom,massey_consensus,0.0,1115,781,0.46624321367110577,0.48851665929054255,1.0,1.0,0.05092951753357472,0.5950243227657607,False,True,True,13.0,selected,rich_M_2021,,lgb_classifier,Team1Win,True
diff__massey__ordinal_max,massey_consensus,0.0,1115,354,-0.4719371190879415,0.4811898598249749,1.0,1.0,0.10150044456881196,0.5907372811325826,False,True,True,14.0,selected,rich_M_2021,,lgb_classifier,Team1Win,True
diff__massey__system_mor,massey_consensus,0.0,1115,780,0.47032592164724546,0.4792158946890733,1.0,1.0,0.08874867060649638,0.5899453853888893,False,True,True,15.0,selected,rich_M_2021,,lgb_classifier,Team1Win,True
diff__norm__rating__bt_c1p0__z,within_season_normalization,0.0,1115,1115,0.4776757560694412,0.46972539357822896,1.0,1.0,0.10776585465967359,0.58624622106644,False,True,True,30.0,selected,rich_M_2021,,lgb_classifier,Team1Win,True
diff__massey__ordinal_std,massey_consensus,0.0,1115,1115,-0.46904035317721804,0.47047386564002164,1.0,1.0,0.10993473135812531,0.5846189439518733,False,True,True,16.0,selected,rich_M_2021,,lgb_classifier,Team1Win,True
diff__schedule__quality_wins,schedule_and_accomplishment,0.0,1115,37,0.4627906100569691,0.46578605802697826,1.0,1.0,0.10044014114897765,0.5813736364195237,False,True,True,83.0,selected,rich_M_2021,,lgb_classifier,Team1Win,True
diff__norm__schedule__rpi__pct,within_season_normalization,0.0,1115,733,0.45294552693097606,0.46157838771623266,1.0,1.0,0.0860958027026178,0.5777618099205016,False,True,True,31.0,selected,rich_M_2021,,lgb_classifier,Team1Win,True
diff__norm__rating__margin_ridge_a25p0__pct,within_season_normalization,0.0,1115,733,0.4476397873683829,0.4625128004267821,1.0,1.0,0.07936617008208896,0.577312250622616,False,True,True,32.0,selected,rich_M_2021,,lgb_classifier,Team1Win,True
diff__rating__pagerank_binary_z,global_strength_ratings,0.0,1115,1115,0.4438176874919316,0.46334142391190414,1.0,1.0,0.08134992902749494,0.5767897775648392,False,True,True,80.0,selected,rich_M_2021,,lgb_classifier,Team1Win,True
diff__massey__system_cng,massey_consensus,0.05739910313901345,1051,763,0.45144770962298697,0.4702668678328965,1.0,1.0,0.0986630283262187,0.5765081432926776,False,True,True,17.0,selected,rich_M_2021,,lgb_classifier,Team1Win,True
diff__norm__rating__pagerank_margin__pct,within_season_normalization,0.0,1115,805,0.45054860454033524,0.46001003734036877,1.0,1.0,0.08968121124659817,0.5763382624723868,False,True,True,33.0,selected,rich_M_2021,,lgb_classifier,Team1Win,True
diff__compact__half_marginmean_first,compact_performance,0.0,1115,1000,0.4599452638172477,0.4554948236162775,1.0,1.0,0.11717583902502432,0.5751384398146068,False,True,True,46.0,selected,rich_M_2021,,lgb_classifier,Team1Win,True
diff__rating__bt_c0p25_z,global_strength_ratings,0.0,1115,1115,0.4466979443913422,0.4609654714153358,1.0,1.0,0.12423541089131585,0.5745675576098038,False,True,True,81.0,selected,rich_M_2021,,lgb_classifier,Team1Win,True
diff__seed__top4,selection_committee_prior,0.0,1115,3,0.44426890176854106,0.45993310550389993,1.0,1.0,0.10414629137308762,0.5743411973760274,False,True,True,76.0,selected,rich_M_2021,,lgb_classifier,Team1Win,True
diff__massey__system_wol,massey_consensus,0.0,1115,733,0.45460094521762656,0.45270538840591196,1.0,1.0,0.07677673996650658,0.5742397247840554,False,True,True,18.0,selected,rich_M_2021,,lgb_classifier,Team1Win,True
diff__massey__system_rpi,massey_consensus,0.060089686098654706,1048,749,0.4416073275307043,0.46750757360636613,1.0,1.0,0.07730015984616534,0.5736580661060716,False,True,True,19.0,selected,rich_M_2021,,lgb_classifier,Team1Win,True
diff__massey__strength_iqr,massey_consensus,0.0,1115,858,-0.4469829780250558,0.4516472086834899,1.0,1.0,0.08162974923655714,0.5718617253641252,False,True,True,20.0,selected,rich_M_2021,,lgb_classifier,Team1Win,True
diff__massey__system_sel,massey_consensus,0.05739910313901345,1051,707,0.44797908569754696,0.4596554089328152,1.0,1.0,0.08526025903975049,0.5711876565285005,False,True,True,21.0,selected,rich_M_2021,,lgb_classifier,Team1Win,True
diff__rating__pagerank_margin_z,global_strength_ratings,0.0,1115,1115,0.45045977029517537,0.4486285874554335,1.0,1.0,0.09030401109450165,0.5708307109997666,False,True,True,82.0,selected,rich_M_2021,,lgb_classifier,Team1Win,True
diff__massey__system_bih,massey_consensus,0.05739910313901345,1051,698,0.439895716689255,0.4578997496100996,1.0,1.0,0.08320777096991089,0.5686486983945663,False,True,True,22.0,selected,rich_M_2021,,lgb_classifier,Team1Win,True
diff__rating__elo_standard_percentile,dynamic_ratings,0.0,1115,737,0.4359143312626812,0.4460000749264405,1.0,1.0,0.06312348047756045,0.5674562496233788,False,True,True,101.0,selected,rich_M_2021,,lgb_classifier,Team1Win,True
diff__schedule__bad_loss_penalty_sum,schedule_and_accomplishment,0.0,1115,1114,-0.43215022662187585,0.44699398695036235,1.0,1.0,0.1040521846660295,0.5654680762063454,False,True,True,84.0,selected,rich_M_2021,,lgb_classifier,Team1Win,True
diff__massey__strength_max,massey_consensus,0.0,1115,663,0.42607084669813505,0.44291136845707346,1.0,1.0,0.0780378844296784,0.5632115277557977,False,True,True,23.0,selected,rich_M_2021,,lgb_classifier,Team1Win,True
diff__schedule__oowp,schedule_and_accomplishment,0.0,1115,1115,0.4240669871975936,0.4439543530600775,1.0,1.0,0.08909891895130118,0.5628288698942557,False,True,True,85.0,selected,rich_M_2021,,lgb_classifier,Team1Win,True
diff__massey__rank_improvement_std,massey_consensus,0.0,1115,1115,-0.427449591749923,0.4401313442612918,1.0,1.0,0.09024110628750592,0.5616923111789028,False,True,True,24.0,selected,rich_M_2021,,lgb_classifier,Team1Win,True
diff__conference__strength_max,conference_context,0.0,1115,961,0.4259298120161657,0.4398475137938777,1.0,1.0,0.1252765140631436,0.559820304702092,False,True,True,112.0,selected,rich_M_2021,,lgb_classifier,Team1Win,True
diff__rating__elo_season_reset_mov_z,dynamic_ratings,0.0,1115,1115,0.44249423003793076,0.4290162076802205,1.0,1.0,0.13483785248618546,0.5578829961954032,False,True,True,102.0,selected,rich_M_2021,,lgb_classifier,Team1Win,True
diff__compact__pythag_exp11p5,compact_performance,0.0,1115,1115,0.41627712092458785,0.41779157119685767,1.0,1.0,0.09588165668808013,0.5482856545103778,False,True,True,47.0,selected,rich_M_2021,,lgb_classifier,Team1Win,True
diff__adj__off_rtg_a10p0,opponent_adjusted_efficiency,0.0,1115,1115,0.39690764596890626,0.424550689873839,1.0,1.0,0.07317488677136413,0.5481770177817475,False,True,True,34.0,selected,rich_M_2021,,lgb_classifier,Team1Win,True
matchup__team1_seed,matchup_context,0.0,1115,16,-0.4171488137151947,0.41557101469002633,1.0,1.0,0.14962356794459664,0.5452618833507716,False,True,True,7.0,selected,rich_M_2021,,lgb_classifier,Team1Win,True
diff__adj__net_rtg_a50p0_percentile,opponent_adjusted_efficiency,0.0,1115,731,0.41101836276799136,0.41152175435137156,1.0,1.0,0.07970748948577877,0.5447661823181853,False,True,True,35.0,selected,rich_M_2021,,lgb_classifier,Team1Win,True
diff__conference__strength_percentile,conference_context,0.0,1115,118,0.4039456525227891,0.41401517983623515,1.0,1.0,0.07165538789183507,0.544729114360733,False,True,True,113.0,selected,rich_M_2021,,lgb_classifier,Team1Win,True
diff__rating__elo_season_reset_mov_percentile,dynamic_ratings,0.0,1115,710,0.3993318092222332,0.42123032317653286,1.0,1.0,0.1470694358678415,0.5441607757189134,False,True,True,103.0,selected,rich_M_2021,,lgb_classifier,Team1Win,True
diff__schedule__opponent_strength_mean,schedule_and_accomplishment,0.0,1115,1115,0.4019215740223796,0.40689245608829355,1.0,1.0,0.05509901667339945,0.5415271645403684,False,True,True,86.0,selected,rich_M_2021,,lgb_classifier,Team1Win,True
matchup__team1_is_seed_favorite,matchup_context,0.0,1115,2,0.40883498865612267,0.4106533206506148,1.0,1.0,0.15960228819468553,0.5406731998888546,False,True,True,8.0,selected,rich_M_2021,,lgb_classifier,Team1Win,True
diff__compact__upside_tail_mean,compact_performance,0.0,1115,1099,0.4199949365827833,0.401477391091249,1.0,1.0,0.15352586464858164,0.5389669991860685,False,True,True,48.0,selected,rich_M_2021,,lgb_classifier,Team1Win,True
diff__rating__elo_mov_538_preseason,dynamic_ratings,0.0,1115,1115,0.41072238067267386,0.4007968886672312,1.0,1.0,0.11309580750817988,0.538217598007932,False,True,True,104.0,selected,rich_M_2021,,lgb_classifier,Team1Win,True
diff__schedule__top_quartile_games,schedule_and_accomplishment,0.0,1115,43,0.4024466144970777,0.3996001855013119,1.0,1.0,0.05506473747706275,0.5381437547309043,False,True,True,87.0,selected,rich_M_2021,,lgb_classifier,Team1Win,True
diff__conference__strength_mean,conference_context,0.0,1115,961,0.393420331280515,0.39968838197164874,1.0,1.0,0.0637481820340795,0.5358529689467415,False,True,True,114.0,selected,rich_M_2021,,lgb_classifier,Team1Win,True
diff__compact__home_margin_mean,compact_performance,0.0,1115,1075,0.3993665320341992,0.3937584071297062,1.0,1.0,0.13505432820815444,0.5314624993414566,False,True,True,49.0,selected,rich_M_2021,,lgb_classifier,Team1Win,True
diff__seed__top8,selection_committee_prior,0.0,1115,3,0.392031711203691,0.38603729190392766,1.0,1.0,0.09210413203123236,0.527860711297448,False,True,True,77.0,selected,rich_M_2021,,lgb_classifier,Team1Win,True
diff__schedule__elite_wins,schedule_and_accomplishment,0.0,1115,22,0.38477514652608497,0.38500573302089597,1.0,1.0,0.049666551841024864,0.5274666220121278,False,True,True,88.0,selected,rich_M_2021,,lgb_classifier,Team1Win,True
diff__compact__blowout_win20_rate,compact_performance,0.0,1115,834,0.39519172533603913,0.3812739770066258,1.0,1.0,0.12158478485564833,0.525090297142883,False,True,True,50.0,selected,rich_M_2021,,lgb_classifier,Team1Win,True
diff__compact__half_winpct_first,compact_performance,0.0,1115,380,0.3866789424488385,0.3819449981380126,1.0,1.0,0.08356218231515478,0.5250604791523843,False,True,True,51.0,selected,rich_M_2021,,lgb_classifier,Team1Win,True
diff__schedule__opponent_strength_median,schedule_and_accomplishment,0.0,1115,1108,0.3827691250721255,0.381765773873047,1.0,1.0,0.0928637767267082,0.5237422279058618,False,True,True,89.0,selected,rich_M_2021,,lgb_classifier,Team1Win,True
diff__compact__blowout_win10_rate,compact_performance,0.0,1115,829,0.37767431373751714,0.3878282236663791,1.0,1.0,0.15872629269281546,0.5228968446744031,False,True,True,52.0,selected,rich_M_2021,,lgb_classifier,Team1Win,True
diff__compact__wins,compact_performance,0.0,1115,33,0.39103672910195914,0.374189201820022,1.0,1.0,0.07928384569806646,0.5224675434481189,False,True,True,53.0,selected,rich_M_2021,,lgb_classifier,Team1Win,True
diff__compact__margin_median,compact_performance,0.0,1115,72,0.3666602961718796,0.3858774011521421,1.0,1.0,0.15688128522517952,0.5196111663018345,False,True,True,54.0,selected,rich_M_2021,,lgb_classifier,Team1Win,True
matchup__team2_seed,matchup_context,0.0,1115,16,0.36556968802330747,0.38501055803414297,1.0,1.0,0.14164222471549015,0.5195647102328966,False,True,True,9.0,selected,rich_M_2021,,lgb_classifier,Team1Win,True
diff__compact__margin_q75,compact_performance,0.0,1115,149,0.3926255514433878,0.3755884705141304,1.0,1.0,0.18335066950668683,0.5193260603840604,False,True,True,55.0,selected,rich_M_2021,,lgb_classifier,Team1Win,True
diff__adj__def_rtg_a10p0,opponent_adjusted_efficiency,0.0,1115,1115,-0.37710568958423346,0.3741178218249764,1.0,1.0,0.14147572966454725,0.5168807769979381,False,True,True,36.0,selected,rich_M_2021,,lgb_classifier,Team1Win,True
diff__rating__elo_standard_preseason,dynamic_ratings,0.0,1115,1115,0.38522075161282343,0.36321459154312125,1.0,1.0,0.10499116328231967,0.5148919227642266,False,True,True,105.0,selected,rich_M_2021,,lgb_classifier,Team1Win,True
diff__adj__off_rtg_a50p0,opponent_adjusted_efficiency,0.0,1115,1115,0.34984747293702945,0.38019455187594775,1.0,1.0,0.12026483569612234,0.5146492355187565,False,True,True,37.0,selected,rich_M_2021,,lgb_classifier,Team1Win,True
diff__schedule__owp,schedule_and_accomplishment,0.0,1115,1115,0.37763137461997076,0.36131931127767347,1.0,1.0,0.06441225527183897,0.5139356816188032,False,True,True,90.0,selected,rich_M_2021,,lgb_classifier,Team1Win,True
diff__compact__margin_q90,compact_performance,0.0,1115,367,0.38477599460863493,0.3638416097160531,1.0,1.0,0.1522697650879007,0.5132039008740892,False,True,True,56.0,selected,rich_M_2021,,lgb_classifier,Team1Win,True
diff__conference__strength_median,conference_context,0.0,1115,961,0.3629596915940678,0.36304267998875783,1.0,1.0,0.10126676266348761,0.5100609480387591,False,True,True,115.0,selected,rich_M_2021,,lgb_classifier,Team1Win,True
diff__compact__downside_tail_mean,compact_performance,0.0,1115,1056,-0.35062326070537314,0.3516831065519783,1.0,1.0,0.08918358543707544,0.5023776650826487,False,True,True,57.0,selected,rich_M_2021,,lgb_classifier,Team1Win,True
diff__compact__margin_slope,compact_performance,0.0,1115,1115,-0.3321600087507107,0.3600429100184219,1.0,1.0,0.11021538111916585,0.5014871834892322,False,True,True,58.0,selected,rich_M_2021,,lgb_classifier,Team1Win,True
diff__compact__margin_q25,compact_performance,0.0,1115,143,0.35775519014815793,0.34735660116601375,1.0,1.0,0.13185584255903005,0.5001630766899201,False,True,True,59.0,selected,rich_M_2021,,lgb_classifier,Team1Win,True
diff__compact__win_pct,compact_performance,0.0,1115,825,0.34801460841545095,0.349256236760219,1.0,1.0,0.14580086628255584,0.4983741728450021,False,True,True,60.0,selected,rich_M_2021,,lgb_classifier,Team1Win,True
diff__compact__half_delta_marginmean,compact_performance,0.0,1115,1091,-0.324314927464869,0.35368338935665483,1.0,1.0,0.08650782627273557,0.497656997882556,False,True,True,61.0,selected,rich_M_2021,,lgb_classifier,Team1Win,True
diff__compact__away_games,compact_performance,0.0,1115,22,-0.3384895099740538,0.33362156646749536,1.0,1.0,0.12583493270285706,0.48957264679057527,False,True,True,62.0,selected,rich_M_2021,,lgb_classifier,Team1Win,True
diff__compact__ewm_h20_margin,compact_performance,0.0,1115,1115,0.34117344094034274,0.3279821464271286,1.0,1.0,0.11607169402424589,0.48784671953092723,False,True,True,63.0,selected,rich_M_2021,,lgb_classifier,Team1Win,True
diff__schedule__top_decile_games,schedule_and_accomplishment,0.0,1115,29,0.3226450771625524,0.3364024262316829,1.0,1.0,0.13510743768391537,0.4870507840596128,False,True,True,91.0,selected,rich_M_2021,,lgb_classifier,Team1Win,True
diff__compact__ewm_h20_win,compact_performance,0.0,1115,1115,0.3108635772237168,0.3358430033620819,1.0,1.0,0.1242554529921363,0.4846244104833315,False,True,True,64.0,selected,rich_M_2021,,lgb_classifier,Team1Win,True
diff__compact__margin_q10,compact_performance,0.0,1115,317,0.32415149707800284,0.3223620919068584,1.0,1.0,0.10444318256676804,0.4818694061697819,False,True,True,65.0,selected,rich_M_2021,,lgb_classifier,Team1Win,True
diff__schedule__bad_losses,schedule_and_accomplishment,0.0,1115,14,-0.3005146769961734,0.3329448209346071,1.0,1.0,0.10210372428777609,0.48184259401625845,False,True,True,92.0,selected,rich_M_2021,,lgb_classifier,Team1Win,True
diff__compact__ewm_h10_margin,compact_performance,0.0,1115,1115,0.34034183328898815,0.3189435404765263,1.0,1.0,0.1982250519366709,0.4800391006748431,False,True,True,66.0,selected,rich_M_2021,,lgb_classifier,Team1Win,True
diff__adj__def_rtg_a50p0,opponent_adjusted_efficiency,0.0,1115,1115,-0.30324602760923236,0.320065767724593,1.0,1.0,0.16567260729626435,0.47371879028998515,False,True,True,38.0,selected,rich_M_2021,,lgb_classifier,Team1Win,True
diff__compact__half_pointsformean_first,compact_performance,0.0,1115,991,0.29086041318926875,0.29696712967285016,1.0,1.0,0.10248584237064295,0.4624340794497815,False,True,True,67.0,selected,rich_M_2021,,lgb_classifier,Team1Win,True
diff__compact__home_games,compact_performance,0.0,1115,19,0.29011872929657734,0.2867281198857116,1.0,1.0,0.11134057448238188,0.4570019950110933,False,True,True,68.0,selected,rich_M_2021,,lgb_classifier,Team1Win,True
diff__conference__team_count,conference_context,0.0,1115,17,0.2077889035771717,0.20522979852192477,1.0,1.0,0.10810718622616192,0.39989957462845516,False,True,True,116.0,selected,rich_M_2021,,lgb_classifier,Team1Win,True
diff__rating__elo_standard_delta,dynamic_ratings,0.0,1115,1115,0.17501916209173016,0.18912963117175985,0.8823529411764706,1.0,0.1984069356394354,0.36252663178528327,False,True,True,106.0,selected,rich_M_2021,,lgb_classifier,Team1Win,True
diff__conference__tourney_last_day,conference_context,0.017040358744394617,1096,17,0.20565913944108702,0.15600987012610806,0.8823529411764706,1.0,0.20247315057943166,0.35184406420307746,False,True,True,117.0,selected,rich_M_2021,,lgb_classifier,Team1Win,True
diff__rating__elo_mov_538_delta,dynamic_ratings,0.0,1115,1115,0.14957836996898258,0.18672486075348407,0.7647058823529411,1.0,0.12662553211649918,0.33982309444665915,False,True,True,107.0,selected,rich_M_2021,,lgb_classifier,Team1Win,True
diff__seed__playin,selection_committee_prior,0.0,1115,3,-0.11885098238389065,0.1341246360271594,0.8823529411764706,1.0,0.04355484146432824,0.32996131834715464,False,True,True,78.0,selected,rich_M_2021,,lgb_classifier,Team1Win,True
diff__conference__strength_std,conference_context,0.0,1115,961,0.1606883253429283,0.13935819823274087,0.6470588235294118,1.0,0.1730219567636368,0.2988519002213202,False,True,True,118.0,selected,rich_M_2021,,lgb_classifier,Team1Win,True
diff__schedule__opponent_strength_std,schedule_and_accomplishment,0.0,1115,1115,0.13101730567094874,0.14082382249988634,0.6470588235294118,1.0,0.12915794941987085,0.2947823358354652,False,True,True,93.0,selected,rich_M_2021,,lgb_classifier,Team1Win,True
diff__conference__tourney_champion,conference_context,0.017040358744394617,1096,3,-0.13277957994729,0.14779939172464399,0.5294117647058824,1.0,0.17810332374013824,0.27637373632001705,False,True,True,119.0,selected,rich_M_2021,,lgb_classifier,Team1Win,True
diff__conference__tourney_win_pct,conference_context,0.017040358744394617,1096,17,-0.08470613197506528,0.08812768291715514,0.5294117647058824,1.0,0.09009742455465974,0.24067539350595205,False,True,True,120.0,selected,rich_M_2021,,lgb_classifier,Team1Win,True
seedprior__pooled_pair_games,prequential_seed_priors,0.051121076233183856,1058,128,-0.07359527654392359,0.10398600623049052,0.5294117647058824,1.0,0.1594566632383691,0.24034217355505036,False,True,True,70.0,selected,rich_M_2021,,lgb_classifier,Team1Win,True
absdiff__schedule__opponent_strength_median,schedule_and_accomplishment,0.0,1115,1102,-0.030362248533072015,0.14992839120116602,0.4117647058823529,1.0,0.1688843915417323,0.2377722997333427,False,True,True,94.0,selected,rich_M_2021,,lgb_classifier,Team1Win,True
absdiff__schedule__oowp,schedule_and_accomplishment,0.0,1115,1115,-0.042188591415875415,0.13313273290959082,0.4117647058823529,1.0,0.25150057505065876,0.22900753184724632,False,True,True,95.0,selected,rich_M_2021,,lgb_classifier,Team1Win,True
absdiff__schedule__bad_loss_penalty_sum,schedule_and_accomplishment,0.0,1115,1113,-0.056876198698924144,0.11870651293512169,0.4117647058823529,1.0,0.1660891115447042,0.22873067840201,False,True,True,96.0,selected,rich_M_2021,,lgb_classifier,Team1Win,True
absdiff__rating__elo_standard_delta,dynamic_ratings,0.0,1115,1115,0.035441358045624725,0.050919733727031055,0.5294117647058824,1.0,0.06181415464181149,0.21447188712628107,False,True,True,108.0,selected,rich_M_2021,,lgb_classifier,Team1Win,True
absdiff__rating__elo_mov_log_percentile,dynamic_ratings,0.0,1115,560,-0.04646432473108098,0.09194571131616856,0.4117647058823529,1.0,0.1562313147285841,0.21398919322463186,False,True,True,109.0,selected,rich_M_2021,,lgb_classifier,Team1Win,True
seedprior__exact_pair_games,prequential_seed_priors,0.0,1115,93,-0.06362668782623486,0.12726505232484941,0.29411764705882354,1.0,0.2331363154929797,0.21281846734739196,False,True,True,71.0,selected,rich_M_2021,,lgb_classifier,Team1Win,True
absdiff__schedule__opponent_strength_mean,schedule_and_accomplishment,0.0,1115,1115,-0.025870260878849992,0.13904786494776075,0.29411764705882354,1.0,0.2360196732274794,0.21005246916858478,False,True,True,97.0,selected,rich_M_2021,,lgb_classifier,Team1Win,True
absdiff__rating__elo_standard_percentile,dynamic_ratings,0.0,1115,568,-0.049344629619924384,0.08220324940544131,0.4117647058823529,1.0,0.1848226085305196,0.2088028268309509,False,True,True,110.0,selected,rich_M_2021,,lgb_classifier,Team1Win,True
absdiff__adj__net_rtg_a50p0_percentile,opponent_adjusted_efficiency,0.0,1115,560,-0.04129662002139761,0.0774619836597061,0.4117647058823529,1.0,0.12337652247080072,0.20721430060371085,False,True,True,39.0,selected,rich_M_2021,,lgb_classifier,Team1Win,True
matchup__seed_gap_abs,matchup_context,0.0,1115,15,-0.015358778838649669,0.08612610006149615,0.4117647058823529,1.0,0.12250706525936274,0.20570152970482306,False,True,True,10.0,selected,rich_M_2021,,lgb_classifier,Team1Win,True
seedprior__favorite_seed_games,prequential_seed_priors,0.0,1115,124,0.022539628270797626,0.08089868881250913,0.4117647058823529,1.0,0.15099750786113425,0.20363254147631096,False,True,True,72.0,selected,rich_M_2021,,lgb_classifier,Team1Win,True
absdiff__schedule__quality_wins,schedule_and_accomplishment,0.0,1115,20,-0.04105538888564387,0.10058700209323246,0.29411764705882354,1.0,0.136429233990289,0.19891560072939346,False,True,True,98.0,selected,rich_M_2021,,lgb_classifier,Team1Win,True
absdiff__schedule__bad_losses,schedule_and_accomplishment,0.0,1115,8,-0.02818356304907564,0.11160825503040418,0.29411764705882354,1.0,0.21201317635407146,0.19835064276063957,False,True,True,99.0,selected,rich_M_2021,,lgb_classifier,Team1Win,True
absdiff__rating__elo_season_reset_mov_percentile,dynamic_ratings,0.0,1115,542,-0.04260160361337842,0.09888667485189946,0.29411764705882354,1.0,0.17006358077686023,0.19709423702219236,False,True,True,111.0,selected,rich_M_2021,,lgb_classifier,Team1Win,True
matchup__equal_seed,matchup_context,0.0,1115,2,-0.012665218211157538,0.1111111111111111,0.29411764705882354,1.0,0.2040944233239516,0.1950147279362417,False,True,True,11.0,selected,rich_M_2021,,lgb_classifier,Team1Win,True
seedprior__generic_gender_games,prequential_seed_priors,0.0,1115,18,0.0011957287349725514,0.1111111111111111,0.29411764705882354,1.0,0.20409442332395153,0.19249144025148102,False,True,True,73.0,selected,rich_M_2021,,lgb_classifier,Team1Win,True
seedprior__effective_games_pc2p0,prequential_seed_priors,0.0,1115,313,-0.0006869957502153994,0.08972698612491732,0.29411764705882354,1.0,0.11261716406348686,0.18577422937188,False,True,True,74.0,selected,rich_M_2021,,lgb_classifier,Team1Win,True
absdiff__adj__def_rtg_a10p0,opponent_adjusted_efficiency,0.0,1115,1115,-0.03340574744062404,0.09503163973391297,0.17647058823529413,1.0,0.12058177221251908,0.17637647473836182,False,True,True,40.0,selected,rich_M_2021,,lgb_classifier,Team1Win,True
absdiff__adj__net_rtg_a10p0_z,opponent_adjusted_efficiency,0.0,1115,1115,-0.01654638796225548,0.10149823689870689,0.17647058823529413,1.0,0.19468979788630641,0.17280706126527032,False,True,True,41.0,selected,rich_M_2021,,lgb_classifier,Team1Win,True
absdiff__adj__net_rtg_a10p0_percentile,opponent_adjusted_efficiency,0.0,1115,572,-0.045843962996885146,0.08725803518969369,0.17647058823529413,1.0,0.19256873166297794,0.17250207360149564,False,True,True,42.0,selected,rich_M_2021,,lgb_classifier,Team1Win,True
absdiff__adj__def_rtg_a50p0,opponent_adjusted_efficiency,0.0,1115,1115,-0.024396882860542073,0.07172828359267878,0.17647058823529413,1.0,0.1707495282115324,0.16120220334299085,False,True,True,43.0,selected,rich_M_2021,,lgb_classifier,Team1Win,True
seedprior__favorite_prob_pc8p0,prequential_seed_priors,0.0,1115,453,-0.003152834091960895,0.1127128730567571,0.058823529411764705,1.0,0.19223570784132038,0.15651813895970434,False,True,True,75.0,selected,rich_M_2021,,lgb_classifier,Team1Win,True
absdiff__adj__off_rtg_a50p0,opponent_adjusted_efficiency,0.0,1115,1115,-0.0205749415172726,0.06841396854501132,0.058823529411764705,1.0,0.10777614758208917,0.1424659108380042,False,True,True,44.0,selected,rich_M_2021,,lgb_classifier,Team1Win,True
absdiff__adj__off_rtg_a10p0,opponent_adjusted_efficiency,0.0,1115,1115,-0.02885979148682032,0.0606147562142894,0.058823529411764705,1.0,0.1642096053798562,0.13828761760064748,False,True,True,45.0,selected,rich_M_2021,,lgb_classifier,Team1Win,True
context__season_centered_2000,matchup_context,0.0,1115,17,-0.011076156919549877,0.0,0.0,1.0,0.0,0.10243675452230099,False,True,True,12.0,selected,rich_M_2021,,lgb_classifier,Team1Win,True
