Feature,Block,MissingRate,NonMissingRows,UniqueValues,GlobalCorrelation,MedianAbsoluteSeasonCorrelation,SeasonSignConsistency,SeasonCoverage,SeasonCorrelationIQR,StabilityScore,Mandatory,InPrecorrelationPool,Selected,SelectionRank,ExclusionReason
diff__adj__net_rtg_a50p0,opponent_adjusted_efficiency,0.0,504,504,0.5424357048410477,0.552049119038711,1.0,1.0,0.02737092920879025,0.6432245950352602,True,True,True,4.0,selected
diff__norm__schedule__opponent_strength_mean__pct,within_season_normalization,0.0,504,407,0.5342892979777736,0.5387524320393915,1.0,1.0,0.04723387382414801,0.6342554579810522,True,True,True,3.0,selected
diff__norm__rating__elo_mov_538__pct,within_season_normalization,0.0,504,324,0.5285738801181797,0.5313944458297971,1.0,1.0,0.020145521844745384,0.6305497667505123,True,True,True,1.0,selected
diff__compact__margin_trim02,compact_performance,0.0,504,500,0.5036940125054519,0.5208263814103566,1.0,1.0,0.022826385007474803,0.6198962904278716,True,True,True,2.0,selected
diff__rating__margin_ridge_a5p0_z,global_strength_ratings,0.0,504,504,0.6450182052851522,0.6527583180400498,1.0,1.0,0.040326162315502345,0.7136149513293373,False,True,True,32.0,selected
diff__rating__margin_ridge_a5p0,global_strength_ratings,0.0,504,504,0.6448520136991325,0.6527583186505757,1.0,1.0,0.0403261600167949,0.7135783895654136,False,True,False,,correlation_pruned_or_cap
seedprior__team1_prob_pc2p0,prequential_seed_priors,0.0,504,282,0.6316282484103104,0.6319231530774303,1.0,1.0,0.05498834760926985,0.700081794223064,False,True,True,35.0,selected
seedprior__team1_prob_pc8p0,prequential_seed_priors,0.0,504,282,0.6316325322432517,0.6305909105448966,1.0,1.0,0.05505718725954867,0.6994405066646837,False,True,False,,correlation_pruned_or_cap
diff__seed__number,selection_committee_prior,0.0,504,25,-0.6220239967276388,0.6234150977203579,1.0,1.0,0.025139603725250148,0.6950789420368423,False,True,False,,correlation_pruned_or_cap
diff__seed__strength,selection_committee_prior,0.0,504,25,0.6220239967276388,0.6234150977203579,1.0,1.0,0.025139603725250148,0.6950789420368423,False,True,False,,correlation_pruned_or_cap
diff__rating__margin_ridge_a25p0,global_strength_ratings,0.0,504,504,0.6136533403585771,0.6201763985894566,1.0,1.0,0.03274948512100739,0.6913784267969858,False,True,False,,correlation_pruned_or_cap
diff__norm__rating__margin_ridge_a25p0__z,within_season_normalization,0.0,504,504,0.6135583628416575,0.6201763988552096,1.0,1.0,0.032749488481831235,0.691357531736392,False,True,False,,correlation_pruned_or_cap
diff__rating__margin_ridge_a25p0_z,global_strength_ratings,0.0,504,504,0.6135583628416575,0.6201763988552096,1.0,1.0,0.032749488481831235,0.691357531736392,False,True,False,,correlation_pruned_or_cap
diff__adj__net_rtg_a10p0_z,opponent_adjusted_efficiency,0.0,504,504,0.6109526038212935,0.6169172838354142,1.0,1.0,0.038817069906796675,0.6889771862854115,False,True,True,5.0,selected
diff__norm__adj__net_rtg_a10p0__z,within_season_normalization,0.0,504,504,0.6109526038212935,0.6169172838354142,1.0,1.0,0.038817069906796675,0.6889771862854115,False,True,False,,correlation_pruned_or_cap
diff__adj__net_rtg_a10p0,opponent_adjusted_efficiency,0.0,504,504,0.6109254289952398,0.6169172856800343,1.0,1.0,0.03881706656955075,0.6889712088425871,False,True,False,,correlation_pruned_or_cap
diff__norm__rating__colley__z,within_season_normalization,0.0,504,504,0.5989805167752982,0.6140901412023735,1.0,1.0,0.05662368385311911,0.6842740341135801,False,True,True,12.0,selected
diff__rating__colley_z,global_strength_ratings,0.0,504,504,0.5989805167752982,0.6140901412023735,1.0,1.0,0.05662368385311911,0.6842740341135801,False,True,False,,correlation_pruned_or_cap
diff__rating__colley,global_strength_ratings,0.0,504,504,0.5985665105848695,0.6140901384478807,1.0,1.0,0.05662368169343024,0.6841829515159169,False,True,False,,correlation_pruned_or_cap
diff__norm__schedule__quality_win_points_sum__z,within_season_normalization,0.0,504,504,0.6068344223355965,0.6093178074901946,1.0,1.0,0.06569962379387084,0.6833481355573697,False,True,True,13.0,selected
diff__norm__rating__bt_c1p0__z,within_season_normalization,0.0,504,504,0.5914929343075271,0.6151306741989508,1.0,1.0,0.05409515104565232,0.6832273631213263,False,True,False,,correlation_pruned_or_cap
diff__rating__bt_c1p0_z,global_strength_ratings,0.0,504,504,0.5914929343075271,0.6151306741989508,1.0,1.0,0.05409515104565232,0.6832273631213263,False,True,False,,correlation_pruned_or_cap
diff__schedule__quality_win_points_sum,schedule_and_accomplishment,0.0,504,504,0.6061970578656987,0.6093178060730357,1.0,1.0,0.06569962194394019,0.6832079147677532,False,True,False,,correlation_pruned_or_cap
diff__rating__bt_c1p0,global_strength_ratings,0.0,504,504,0.5909931574177446,0.6151306754744706,1.0,1.0,0.05409514803590609,0.6831174129382135,False,True,False,,correlation_pruned_or_cap
diff__schedule__quality_win_points_mean,schedule_and_accomplishment,0.0,504,504,0.6004664843544969,0.6121449976039091,1.0,1.0,0.07534852657270097,0.6829182843449576,False,True,False,,correlation_pruned_or_cap
diff__schedule__quality_wins,schedule_and_accomplishment,0.0,504,44,0.6079487877253604,0.6034133137791462,1.0,1.0,0.065606338431766,0.6807628703762988,False,True,False,,correlation_pruned_or_cap
diff__norm__rating__elo_mov_538__z,within_season_normalization,0.0,504,504,0.5924688210098709,0.6051977881359092,1.0,1.0,0.05268114929452894,0.6787308329556269,False,True,True,14.0,selected
diff__rating__elo_mov_538_z,dynamic_ratings,0.0,504,504,0.5924688210098709,0.6051977881359092,1.0,1.0,0.05268114929452894,0.6787308329556269,False,False,False,,below_bounded_prescreen
diff__rating__elo_mov_538,dynamic_ratings,0.0,504,504,0.5923810977440612,0.6051977893499788,1.0,1.0,0.05268114726613782,0.6787115345010378,False,False,False,,below_bounded_prescreen
diff__rating__elo_mov_log_z,dynamic_ratings,0.0,504,504,0.5926651908401561,0.6047718184421559,1.0,1.0,0.05385377140135539,0.6785226639810149,False,False,False,,below_bounded_prescreen
diff__rating__elo_mov_log,dynamic_ratings,0.0,504,504,0.5925706801882801,0.6047718178368664,1.0,1.0,0.053853768642023514,0.6785018714574366,False,False,False,,below_bounded_prescreen
diff__compact__half_marginmean_first,compact_performance,0.0,504,472,0.5899170865839821,0.5845597038279582,1.0,1.0,0.0458881989516029,0.668534888927832,False,True,True,18.0,selected
diff__schedule__oowp,schedule_and_accomplishment,0.0,504,504,0.5807968077422213,0.5825722237604415,1.0,1.0,0.02741494562432112,0.6663133672833278,False,False,False,,below_bounded_prescreen
diff__norm__schedule__rpi__z,within_season_normalization,0.0,504,504,0.5768170395484357,0.5857868658649679,1.0,1.0,0.05596554421582478,0.6658388225472074,False,True,True,15.0,selected
diff__schedule__rpi,schedule_and_accomplishment,0.0,504,504,0.5762744052967169,0.5857868662389548,1.0,1.0,0.055965537406838406,0.6657194434637025,False,False,False,,below_bounded_prescreen
diff__rating__elo_standard_z,dynamic_ratings,0.0,504,504,0.5656965584415065,0.5904934472655339,1.0,1.0,0.055091111054,0.6656864531024277,False,False,False,,below_bounded_prescreen
diff__rating__elo_standard,dynamic_ratings,0.0,504,504,0.565477597022399,0.5904934483947107,1.0,1.0,0.055091108396103095,0.6656382822385448,False,False,False,,below_bounded_prescreen
diff__rating__elo_mov_log_preseason,dynamic_ratings,0.0,504,504,0.5677181765739541,0.5743941840146929,1.0,1.0,0.046436927381394044,0.6587497300780667,False,False,False,,below_bounded_prescreen
diff__rating__elo_mov_538_preseason,dynamic_ratings,0.0,504,504,0.5669123296611728,0.5734759557328126,1.0,1.0,0.04370005717642278,0.6582411689901511,False,False,False,,below_bounded_prescreen
diff__adj__def_rtg_a10p0,opponent_adjusted_efficiency,0.0,504,504,-0.5530760426774698,0.5766790948262314,1.0,1.0,0.050087673888084217,0.6564791879501111,False,True,True,6.0,selected
diff__rating__bt_c0p25_z,global_strength_ratings,0.0,504,504,0.548390601301148,0.5772023196140625,1.0,1.0,0.05554583435867633,0.6554812123266556,False,True,True,33.0,selected
diff__rating__bt_c0p25,global_strength_ratings,0.0,504,504,0.5482417446976156,0.5772023215205384,1.0,1.0,0.055545832020174934,0.6554484648825267,False,True,False,,correlation_pruned_or_cap
diff__seed__top4,selection_committee_prior,0.0,504,3,0.5423879591043743,0.5819963070479157,1.0,1.0,0.09641847770272716,0.6548268392778528,False,True,False,,correlation_pruned_or_cap
diff__schedule__top_quartile_games,schedule_and_accomplishment,0.0,504,47,0.5484998998198798,0.5662159806285227,1.0,1.0,0.05058170955720731,0.6504303802797762,False,False,False,,below_bounded_prescreen
diff__adj__off_rtg_a10p0,opponent_adjusted_efficiency,0.0,504,504,0.5589591524386064,0.5597643121640623,1.0,1.0,0.08187759825480301,0.6483827794450512,False,True,True,7.0,selected
diff__norm__rating__pagerank_margin__pct,within_season_normalization,0.0,504,364,0.5519911204424954,0.5547357904933765,1.0,1.0,0.022206188296895024,0.646822978402294,False,True,True,16.0,selected
diff__rating__pagerank_margin_percentile,global_strength_ratings,0.0,504,364,0.5519911204424954,0.5547357904933765,1.0,1.0,0.022206188296895024,0.646822978402294,False,True,False,,correlation_pruned_or_cap
diff__rating__margin_ridge_a5p0_percentile,global_strength_ratings,0.0,504,337,0.5506602144497494,0.55342132026603,1.0,1.0,0.0224985188703708,0.6458875401518244,False,True,True,34.0,selected
diff__norm__schedule__opponent_strength_mean__z,within_season_normalization,0.0,504,504,0.5583320683685707,0.5507924664694268,1.0,1.0,0.04932054809483488,0.6452406170226169,False,True,True,17.0,selected
diff__schedule__opponent_strength_mean,schedule_and_accomplishment,0.0,504,504,0.5578412144003552,0.5507924664891919,1.0,1.0,0.04932054927860163,0.6451326291117462,False,False,False,,below_bounded_prescreen
diff__adj__net_rtg_a50p0_z,opponent_adjusted_efficiency,0.0,504,504,0.5425044553061066,0.5520491190913446,1.0,1.0,0.027370929796619925,0.6432397201393241,False,True,False,,correlation_pruned_or_cap
diff__norm__adj__net_rtg_a50p0__z,within_season_normalization,0.0,504,504,0.5425044553061066,0.5520491190913446,1.0,1.0,0.027370929796619925,0.6432397201393241,False,True,False,,correlation_pruned_or_cap
diff__rating__elo_standard_preseason,dynamic_ratings,0.0,504,504,0.5389190157514254,0.5534233772038641,1.0,1.0,0.03364961214708184,0.642859420037285,False,False,False,,below_bounded_prescreen
diff__rating__pagerank_binary_percentile,global_strength_ratings,0.0,504,361,0.5456140281229146,0.5452329203545486,1.0,1.0,0.018192475907063743,0.641019188920942,False,True,False,,correlation_pruned_or_cap
diff__compact__half_pointsformean_first,compact_performance,0.0,504,466,0.534249371357817,0.5539748552470478,1.0,1.0,0.07338127106710968,0.6405075413746183,False,True,True,19.0,selected
diff__norm__rating__pagerank_margin__z,within_season_normalization,0.0,504,504,0.5220148173044319,0.5591153089335111,1.0,1.0,0.08689249356896622,0.6397429083523017,False,False,False,,below_bounded_prescreen
diff__rating__pagerank_margin_z,global_strength_ratings,0.0,504,504,0.5220148173044319,0.5591153089335111,1.0,1.0,0.08689249356896622,0.6397429083523017,False,False,False,,below_bounded_prescreen
diff__rating__pagerank_binary_z,global_strength_ratings,0.0,504,504,0.5176655593465529,0.5502221304846219,1.0,1.0,0.07481428667819778,0.6350004742217321,False,False,False,,below_bounded_prescreen
diff__norm__rating__colley__pct,within_season_normalization,0.0,504,333,0.5318135498122429,0.5369029545504247,1.0,1.0,0.04600884487066503,0.6328720453480706,False,False,False,,below_bounded_prescreen
diff__rating__colley_percentile,global_strength_ratings,0.0,504,333,0.5318135498122429,0.5369029545504247,1.0,1.0,0.04600884487066503,0.6328720453480706,False,False,False,,below_bounded_prescreen
diff__schedule__opponent_strength_pct_mean,schedule_and_accomplishment,0.0,504,504,0.5439729104025034,0.5308548987582042,1.0,1.0,0.05594367970731584,0.6322466445041962,False,False,False,,below_bounded_prescreen
diff__norm__schedule__quality_win_points_sum__pct,within_season_normalization,0.0,504,324,0.5304602898763651,0.5332887882988826,1.0,1.0,0.04053250492980254,0.6310585819590718,False,False,False,,below_bounded_prescreen
diff__schedule__elite_wins,schedule_and_accomplishment,0.0,504,30,0.533900027252049,0.535680195144484,1.0,1.0,0.10084808611811269,0.6305505762200786,False,False,False,,below_bounded_prescreen
diff__rating__elo_mov_538_percentile,dynamic_ratings,0.0,504,324,0.5285738801181797,0.5313944458297971,1.0,1.0,0.020145521844745384,0.6305497667505123,False,False,False,,below_bounded_prescreen
diff__schedule__owp,schedule_and_accomplishment,0.0,504,504,0.5300027613811967,0.5372546915703933,1.0,1.0,0.10213013380833003,0.6303976541053188,False,False,False,,below_bounded_prescreen
diff__adj__net_rtg_a10p0_percentile,opponent_adjusted_efficiency,0.0,504,318,0.5292158171529956,0.5315308952595699,1.0,1.0,0.03306329606826608,0.6302397776555219,False,True,True,8.0,selected
diff__norm__adj__net_rtg_a10p0__pct,within_season_normalization,0.0,504,318,0.5292158171529956,0.5315308952595699,1.0,1.0,0.03306329606826608,0.6302397776555219,False,False,False,,below_bounded_prescreen
diff__norm__rating__margin_ridge_a25p0__pct,within_season_normalization,0.0,504,327,0.5292308379484413,0.5315409652440345,1.0,1.0,0.03364383659191472,0.630224694202117,False,False,False,,below_bounded_prescreen
diff__rating__margin_ridge_a25p0_percentile,global_strength_ratings,0.0,504,327,0.5292308379484413,0.5315409652440345,1.0,1.0,0.03364383659191472,0.630224694202117,False,False,False,,below_bounded_prescreen
diff__norm__rating__bt_c1p0__pct,within_season_normalization,0.0,504,324,0.525389634689597,0.5339347908485486,1.0,1.0,0.04796185729117808,0.6299559449473674,False,False,False,,below_bounded_prescreen
diff__rating__bt_c1p0_percentile,global_strength_ratings,0.0,504,324,0.525389634689597,0.5339347908485486,1.0,1.0,0.04796185729117808,0.6299559449473674,False,False,False,,below_bounded_prescreen
diff__rating__elo_mov_log_percentile,dynamic_ratings,0.0,504,333,0.5280783042046884,0.5291147762703154,1.0,1.0,0.02247461189530564,0.6292533350589706,False,False,False,,below_bounded_prescreen
diff__compact__margin_q90,compact_performance,0.0,504,323,0.5316160040308394,0.529186226419674,1.0,1.0,0.052127390771521176,0.6288798139373672,False,True,True,20.0,selected
diff__rating__pagerank_margin,global_strength_ratings,0.0,504,504,0.47139302542148537,0.5591153091839588,1.0,1.0,0.0868924928729905,0.6286061142861075,False,False,False,,below_bounded_prescreen
diff__schedule__opponent_strength_median,schedule_and_accomplishment,0.0,504,502,0.52942425167414,0.5284513000021644,1.0,1.0,0.049211629715514404,0.6281614941807291,False,False,False,,below_bounded_prescreen
diff__norm__schedule__rpi__pct,within_season_normalization,0.0,504,340,0.5196567672161894,0.5284422733275621,1.0,1.0,0.04156124311600695,0.6263143302601513,False,False,False,,below_bounded_prescreen
diff__conference__strength_percentile,conference_context,0.0,504,104,0.520517588364285,0.525358929116567,1.0,1.0,0.03423241420940215,0.6253168588477188,False,False,False,,below_bounded_prescreen
diff__norm__conference__strength_mean__pct,within_season_normalization,0.0,504,367,0.5210791193309089,0.5248287753786982,1.0,1.0,0.03267363706964854,0.6252482729517891,False,False,False,,below_bounded_prescreen
diff__rating__pagerank_binary,global_strength_ratings,0.0,504,504,0.46705442991357843,0.5502221294564787,1.0,1.0,0.07481428638574328,0.6238660252646673,False,False,False,,below_bounded_prescreen
diff__conference__strength_max,conference_context,0.0,504,420,0.5136275508353689,0.5228805332830115,1.0,1.0,0.043256636299212614,0.6222504517076581,False,False,False,,below_bounded_prescreen
diff__rating__elo_season_reset_mov,dynamic_ratings,0.0,504,504,0.506687006828969,0.5264308462238836,1.0,1.0,0.05756433427938812,0.6218553743186617,False,False,False,,below_bounded_prescreen
diff__rating__elo_season_reset_mov_delta,dynamic_ratings,0.0,504,504,0.506687006828969,0.5264308462238836,1.0,1.0,0.05756433427938812,0.6218553743186617,False,False,False,,below_bounded_prescreen
diff__rating__elo_season_reset_mov_z,dynamic_ratings,0.0,504,504,0.5065131094120812,0.5264308491625131,1.0,1.0,0.05756433417579032,0.6218171183016326,False,False,False,,below_bounded_prescreen
diff__compact__upside_tail_mean,compact_performance,0.0,504,496,0.511830807897081,0.5205005811910349,1.0,1.0,0.03265841027869165,0.6211367202979069,False,True,False,,correlation_pruned_or_cap
diff__norm__conference__strength_mean__z,within_season_normalization,0.0,504,420,0.5157924682525165,0.519400551819266,1.0,1.0,0.06772574443023388,0.6200775781115919,False,False,False,,below_bounded_prescreen
diff__conference__strength_mean,conference_context,0.0,504,420,0.5157331560853124,0.5194005510670878,1.0,1.0,0.0677257463929587,0.6200645289952526,False,False,False,,below_bounded_prescreen
diff__norm__compact__margin_mean__z,within_season_normalization,0.0,504,504,0.5037726056586664,0.5208263830177156,1.0,1.0,0.022826384084917217,0.6199135817300134,False,False,False,,below_bounded_prescreen
diff__norm__compact__margin_trim02__z,within_season_normalization,0.0,504,504,0.5037726056586664,0.5208263830177156,1.0,1.0,0.022826384084917217,0.6199135817300134,False,False,False,,below_bounded_prescreen
diff__compact__margin_mean,compact_performance,0.0,504,500,0.5036940125054519,0.5208263814103566,1.0,1.0,0.022826385007474803,0.6198962904278716,False,True,False,,correlation_pruned_or_cap
diff__seed__top8,selection_committee_prior,0.0,504,3,0.5143976322417663,0.5127845320829056,1.0,1.0,0.059757019359574115,0.6169137737186003,False,True,False,,correlation_pruned_or_cap
diff__compact__margin_winsor02,compact_performance,0.0,504,504,0.5001919479301429,0.515601065796494,1.0,1.0,0.023117463313007347,0.6166060415944282,False,True,False,,correlation_pruned_or_cap
diff__norm__detailed__all__net_rtg_ros__z,within_season_normalization,0.0,504,504,0.4930674122489193,0.5114509205373945,1.0,1.0,0.008217571696720993,0.6136425696848428,False,False,False,,below_bounded_prescreen
diff__detailed__all__net_rtg_ros,detailed_efficiency,0.0,504,504,0.49298062482418065,0.5114509210942595,1.0,1.0,0.008217577105195217,0.6136234765023564,False,False,False,,below_bounded_prescreen
diff__norm__detailed__clean__net_rtg_ros__z,within_season_normalization,0.0,504,504,0.4929491792310311,0.511403488979792,1.0,1.0,0.009267254986341844,0.6135518039416733,False,False,False,,below_bounded_prescreen
diff__detailed__clean__net_rtg_ros,detailed_efficiency,0.0,504,504,0.4928434209375916,0.5114034868765072,1.0,1.0,0.009267260633726071,0.6135285358816445,False,False,False,,below_bounded_prescreen
diff__detailed__all__fourfactoredge_mean,detailed_efficiency,0.0,504,504,0.49084711070950887,0.5139357789965595,1.0,1.0,0.028902172804790294,0.6135194513622488,False,False,False,,below_bounded_prescreen
diff__detailed__clean__fourfactoredge_mean,detailed_efficiency,0.0,504,504,0.49081476174562017,0.51280842243555,1.0,1.0,0.02760798314403584,0.613022971027339,False,False,False,,below_bounded_prescreen
diff__rating__elo_standard_percentile,dynamic_ratings,0.0,504,334,0.5015700402811537,0.5074174413246851,1.0,1.0,0.039170719456658065,0.6123389519194363,False,False,False,,below_bounded_prescreen
diff__compact__home_margin_mean,compact_performance,0.027777777777777776,490,484,0.5123947499555567,0.5061571060612828,1.0,1.0,0.1055843112604039,0.6092366612269998,False,True,True,21.0,selected
diff__detailed__clean__netrtg_mean,detailed_efficiency,0.0,504,504,0.4864909373696119,0.5040404047414502,1.0,1.0,0.010959086531434292,0.6085290370359533,False,False,False,,below_bounded_prescreen
diff__detailed__clean__netrtg_trim02,detailed_efficiency,0.0,504,504,0.4864909373696119,0.5040404047414502,1.0,1.0,0.010959086531434292,0.6085290370359533,False,False,False,,below_bounded_prescreen
diff__detailed__poss0p44__net_rtg_mean,detailed_efficiency,0.0,504,504,0.4867018792631955,0.5038481828661914,1.0,1.0,0.013624240156467182,0.6083765716074161,False,False,False,,below_bounded_prescreen
diff__detailed__all__netrtg_mean,detailed_efficiency,0.0,504,504,0.48660174064572814,0.5035507480970938,1.0,1.0,0.013250736568875765,0.6082267125659101,False,False,False,,below_bounded_prescreen
diff__detailed__all__netrtg_trim02,detailed_efficiency,0.0,504,504,0.48660174064572814,0.5035507480970938,1.0,1.0,0.013250736568875765,0.6082267125659101,False,False,False,,below_bounded_prescreen
diff__detailed__poss0p475__net_rtg_mean,detailed_efficiency,0.0,504,504,0.48660174064572814,0.5035507480970938,1.0,1.0,0.013250736568875765,0.6082267125659101,False,False,False,,below_bounded_prescreen
diff__schedule__bad_loss_penalty_sum,schedule_and_accomplishment,0.0,504,504,-0.5028080548400615,0.4987989822073819,1.0,1.0,0.05002591883588281,0.6080402467709215,False,False,False,,below_bounded_prescreen
diff__rating__bt_c0p25_percentile,global_strength_ratings,0.0,504,344,0.4922289836370576,0.5000767780200741,1.0,1.0,0.05528193034388584,0.6061159526360328,False,False,False,,below_bounded_prescreen
diff__adj__off_rtg_a50p0,opponent_adjusted_efficiency,0.0,504,504,0.4961265883005769,0.49850828846411677,1.0,1.0,0.08034419473815374,0.6052180600993767,False,True,False,,correlation_pruned_or_cap
diff__schedule__top_decile_games,schedule_and_accomplishment,0.0,504,31,0.5027605864882022,0.4909268661933602,1.0,1.0,0.08705854365713761,0.6027698830539319,False,False,False,,below_bounded_prescreen
diff__detailed__clean__fourfactorcomposite_mean,detailed_efficiency,0.0,504,504,0.4878465705948855,0.4956697623342413,1.0,1.0,0.07966547564690407,0.6020611124254345,False,False,False,,below_bounded_prescreen
diff__detailed__clean__fourfactorcomposite_median,detailed_efficiency,0.0,504,504,0.46828042705263984,0.5042954386388528,1.0,1.0,0.0772420781665365,0.6019938213715686,False,False,False,,below_bounded_prescreen
diff__compact__margin_q75,compact_performance,0.0,504,178,0.4898000099102043,0.4898025003957612,1.0,1.0,0.0220010127866333,0.6019811618587451,False,True,True,22.0,selected
diff__detailed__all__fourfactorcomposite_mean,detailed_efficiency,0.0,504,504,0.48726901766483227,0.4950625883647368,1.0,1.0,0.08056978955047267,0.6016064347193179,False,False,False,,below_bounded_prescreen
diff__detailed__all__fourfactorcomposite_median,detailed_efficiency,0.0,504,504,0.4682434186114057,0.5002550139366084,1.0,1.0,0.07489985859445308,0.6001399644403032,False,False,False,,below_bounded_prescreen
diff__detailed__clean__fg_pct_ros,detailed_efficiency,0.0,504,504,0.4579737734979178,0.5037035600273919,1.0,1.0,0.09022288883428525,0.5989230234293186,False,False,False,,below_bounded_prescreen
diff__compact__half_winpct_first,compact_performance,0.0,504,203,0.4835804320117033,0.49027815099907196,1.0,1.0,0.06998198604117589,0.5989219280804822,False,True,True,23.0,selected
diff__detailed__all__fg_pct_ros,detailed_efficiency,0.0,504,504,0.4575428895000748,0.503538990629073,1.0,1.0,0.09252839745882663,0.5986570152936184,False,False,False,,below_bounded_prescreen
diff__detailed__clean__fgpct_mean,detailed_efficiency,0.0,504,504,0.4580763307439861,0.5019544283971547,1.0,1.0,0.09824802173045544,0.597784997525093,False,False,False,,below_bounded_prescreen
diff__detailed__all__fgpct_mean,detailed_efficiency,0.0,504,504,0.45762618191293425,0.5017048754107103,1.0,1.0,0.1006278049799893,0.597470988018787,False,False,False,,below_bounded_prescreen
diff__compact__blowout_win20_rate,compact_performance,0.0,504,422,0.4806624538711654,0.4854779670066579,1.0,1.0,0.055198057922951294,0.5965672416979342,False,True,True,24.0,selected
diff__detailed__home__net_rtg_mean,detailed_efficiency,0.027777777777777776,490,490,0.4943452418004857,0.48654120076990803,1.0,1.0,0.09089032322627222,0.5964378944143895,False,False,False,,below_bounded_prescreen
diff__adj__def_rtg_a50p0,opponent_adjusted_efficiency,0.0,504,504,-0.4568088314268439,0.4819488267417037,1.0,1.0,0.0682878504185302,0.5891018657331822,False,True,True,9.0,selected
diff__adj__net_rtg_a50p0_percentile,opponent_adjusted_efficiency,0.0,504,328,0.4705607440687671,0.4707017816959227,1.0,1.0,0.04274216059343672,0.5877505324854342,False,True,True,10.0,selected
diff__norm__adj__net_rtg_a50p0__pct,within_season_normalization,0.0,504,328,0.4705607440687671,0.4707017816959227,1.0,1.0,0.04274216059343672,0.5877505324854342,False,False,False,,below_bounded_prescreen
diff__compact__pythag_exp8p0,compact_performance,0.0,504,504,0.46615468739111765,0.46846066590405727,1.0,1.0,0.03520734570445222,0.5860068570318152,False,True,True,25.0,selected
diff__conference__strength_median,conference_context,0.0,504,420,0.4692770153884171,0.4624142663068447,1.0,1.0,0.05346287031959607,0.5830612763999534,False,False,False,,below_bounded_prescreen
diff__compact__points_for_mean,compact_performance,0.0,504,498,0.4457754893861056,0.4761946678901223,1.0,1.0,0.09733881898109975,0.582750495492958,False,True,True,26.0,selected
diff__rating__elo_season_reset_mov_percentile,dynamic_ratings,0.0,504,335,0.4403684432359684,0.467538953775983,1.0,1.0,0.04409671161610762,0.5795358868597406,False,False,False,,below_bounded_prescreen
diff__detailed__clean__fgpct_median,detailed_efficiency,0.0,504,499,0.43982665477114846,0.4654059898016335,1.0,1.0,0.07138406722847729,0.5773013764652976,False,False,False,,below_bounded_prescreen
diff__detailed__all__fgpct_median,detailed_efficiency,0.0,504,499,0.439402203792488,0.46529196369460224,1.0,1.0,0.07248802590204895,0.5771091063716745,False,False,False,,below_bounded_prescreen
diff__detailed__all__off_rtg_ros,detailed_efficiency,0.0,504,504,0.4569984778809909,0.4563963642396595,1.0,1.0,0.06613900206129325,0.5769643598864028,False,False,False,,below_bounded_prescreen
diff__detailed__clean__off_rtg_ros,detailed_efficiency,0.0,504,504,0.4573636631988525,0.4560968283409481,1.0,1.0,0.06486016832630698,0.5769520767743503,False,False,False,,below_bounded_prescreen
diff__detailed__ewm_h20__fourfactoredge,detailed_efficiency,0.0,504,504,0.4556207697591018,0.4560304156394186,1.0,1.0,0.05536361853610833,0.576916624112479,False,False,False,,below_bounded_prescreen
diff__detailed__poss0p44__off_rtg_mean,detailed_efficiency,0.0,504,504,0.4530143689478629,0.45443223238135744,1.0,1.0,0.07314061600158267,0.5748650080715181,False,False,False,,below_bounded_prescreen
diff__detailed__clean__offrtg_mean,detailed_efficiency,0.0,504,504,0.45329712980781106,0.4536956002197158,1.0,1.0,0.07035984263507933,0.5746848629577789,False,False,False,,below_bounded_prescreen
diff__detailed__clean__offrtg_trim02,detailed_efficiency,0.0,504,504,0.45329712980781106,0.4536956002197158,1.0,1.0,0.07035984263507933,0.5746848629577789,False,False,False,,below_bounded_prescreen
diff__detailed__all__offrtg_mean,detailed_efficiency,0.0,504,504,0.45285973525766043,0.45396949635900474,1.0,1.0,0.0717007479067715,0.5746664700927366,False,False,False,,below_bounded_prescreen
diff__detailed__all__offrtg_trim02,detailed_efficiency,0.0,504,504,0.45285973525766043,0.45396949635900474,1.0,1.0,0.0717007479067715,0.5746664700927366,False,False,False,,below_bounded_prescreen
diff__detailed__poss0p475__off_rtg_mean,detailed_efficiency,0.0,504,504,0.45285973525766043,0.45396949635900474,1.0,1.0,0.0717007479067715,0.5746664700927366,False,False,False,,below_bounded_prescreen
diff__compact__ewm_h20_margin,compact_performance,0.0,504,504,0.45792358164073244,0.45017173255963594,1.0,1.0,0.07593128464258769,0.5737883682038828,False,True,True,27.0,selected
diff__detailed__clean__fourfactoredge_median,detailed_efficiency,0.0,504,504,0.43863457279593066,0.45860059761444694,1.0,1.0,0.07228116143370206,0.5737366464126912,False,False,False,,below_bounded_prescreen
diff__compact__pythag_exp10p0,compact_performance,0.0,504,504,0.4498092948152388,0.45065825015756333,1.0,1.0,0.04089364555115277,0.5736382591129369,False,True,False,,correlation_pruned_or_cap
diff__detailed__all__fourfactoredge_median,detailed_efficiency,0.0,504,504,0.43850878395548376,0.45748280640256955,1.0,1.0,0.07195722905878416,0.5731853903810884,False,False,False,,below_bounded_prescreen
diff__detailed__ewm_h20__netrtg,detailed_efficiency,0.0,504,504,0.4511909744045157,0.4492256569700964,1.0,1.0,0.06822686971130654,0.5721612549261874,False,False,False,,below_bounded_prescreen
diff__detailed__all__offrtg_median,detailed_efficiency,0.0,504,504,0.43432560767285106,0.4462375074476358,1.0,1.0,0.06419119436119475,0.5671779894884446,False,False,False,,below_bounded_prescreen
diff__detailed__clean__offrtg_median,detailed_efficiency,0.0,504,504,0.4343642906415323,0.4460456017494019,1.0,1.0,0.0641893761294442,0.5670944577356722,False,False,False,,below_bounded_prescreen
diff__compact__margin_median,compact_performance,0.0,504,100,0.43789122206886727,0.44349431089870334,1.0,1.0,0.05302075191451555,0.5670925080099478,False,True,True,28.0,selected
diff__compact__pythag_exp11p5,compact_performance,0.0,504,504,0.4371403264422566,0.43840371195839456,1.0,1.0,0.0456227569752255,0.5647797432783168,False,True,False,,correlation_pruned_or_cap
diff__compact__blowout_win10_rate,compact_performance,0.0,504,406,0.426201139622812,0.4447588773782126,1.0,1.0,0.08546192208675213,0.5638300349750907,False,True,True,29.0,selected
diff__detailed__clean__netrtg_median,detailed_efficiency,0.0,504,504,0.4290508402969389,0.4356837451277978,1.0,1.0,0.038886822872381877,0.5619639096117741,False,False,False,,below_bounded_prescreen
diff__detailed__all__netrtg_median,detailed_efficiency,0.0,504,504,0.42913784528302246,0.43295414375628793,1.0,1.0,0.041064725817415104,0.5605857259325865,False,False,False,,below_bounded_prescreen
diff__compact__ewm_h10_margin,compact_performance,0.0,504,504,0.4150508679686756,0.4415667987303495,1.0,1.0,0.06794592158319501,0.5605454174803485,False,True,True,30.0,selected
diff__compact__margin_q25,compact_performance,0.0,504,185,0.40730359586757847,0.44044617438971,1.0,1.0,0.04774888664985444,0.5591109993319339,False,True,True,31.0,selected
diff__compact__rest_days_mean,compact_performance,0.0,504,356,-0.42244406891751707,0.431486325015683,1.0,1.0,0.06113312326384962,0.5576058062388276,False,False,False,,below_bounded_prescreen
diff__norm__compact__margin_mean__pct,within_season_normalization,0.0,504,367,0.424411751023843,0.4246689888690246,1.0,1.0,0.03658158191865435,0.5557484366056311,False,False,False,,below_bounded_prescreen
diff__norm__compact__margin_trim02__pct,within_season_normalization,0.0,504,367,0.424411751023843,0.4246689888690246,1.0,1.0,0.03658158191865435,0.5557484366056311,False,False,False,,below_bounded_prescreen
diff__norm__detailed__clean__net_rtg_ros__pct,within_season_normalization,0.0,504,343,0.41648306085312814,0.4246149088115323,1.0,1.0,0.05239110155476523,0.553345785555033,False,False,False,,below_bounded_prescreen
diff__norm__detailed__all__net_rtg_ros__pct,within_season_normalization,0.0,504,331,0.4175570234518203,0.42183874866639437,1.0,1.0,0.04872931698872418,0.5523959718397208,False,False,False,,below_bounded_prescreen
diff__compact__wins,compact_performance,0.0,504,33,0.4070454303292173,0.4280104515055155,1.0,1.0,0.07104049527418005,0.552153391584108,False,False,False,,below_bounded_prescreen
diff__compact__pythag_exp13p91,compact_performance,0.0,504,504,0.41681591748161556,0.41971709568814386,1.0,1.0,0.0502743425946135,0.5511527340724799,False,False,False,,below_bounded_prescreen
diff__compact__ewm_h20_points_for,compact_performance,0.0,504,504,0.42050321103134575,0.41740551458327224,1.0,1.0,0.046479307344293785,0.551006181133095,False,False,False,,below_bounded_prescreen
diff__detailed__ewm_h20__offrtg,detailed_efficiency,0.0,504,504,0.4123670419860967,0.42054085146410153,1.0,1.0,0.05084486178715136,0.5505465634682238,False,False,False,,below_bounded_prescreen
diff__detailed__ewm_h10__fourfactoredge,detailed_efficiency,0.0,504,504,0.4091729026121604,0.41983336230736334,1.0,1.0,0.04461499154132387,0.5497534528205567,False,False,False,,below_bounded_prescreen
diff__detailed__all__fg2pct_mean,detailed_efficiency,0.0,504,504,0.42096192205870436,0.4143638102562387,1.0,1.0,0.04732470911465292,0.5496132634113234,False,False,False,,below_bounded_prescreen
diff__detailed__ewm_h10__netrtg,detailed_efficiency,0.0,504,504,0.39922778945544535,0.42547731965075974,1.0,1.0,0.06437078433971022,0.5494843957389742,False,False,False,,below_bounded_prescreen
diff__detailed__clean__fg2pct_mean,detailed_efficiency,0.0,504,504,0.4210320943568412,0.41389215164764964,1.0,1.0,0.04675963791857446,0.5494249080326339,False,False,False,,below_bounded_prescreen
diff__detailed__home__off_rtg_mean,detailed_efficiency,0.027777777777777776,490,490,0.43762413567354025,0.4123490038370522,1.0,1.0,0.07471530241781521,0.548993997371029,False,False,False,,below_bounded_prescreen
diff__detailed__clean__reboundshare_mean,detailed_efficiency,0.0,504,504,0.38472209076653885,0.42074440705167593,1.0,1.0,0.08514129896386602,0.5431905233948883,False,False,False,,below_bounded_prescreen
diff__detailed__away__off_rtg_mean,detailed_efficiency,0.0,504,504,0.385314695359448,0.41974776928763174,1.0,1.0,0.07910045113096298,0.5430841441919033,False,False,False,,below_bounded_prescreen
diff__detailed__all__reboundshare_mean,detailed_efficiency,0.0,504,504,0.3845144148016648,0.4207395030580679,1.0,1.0,0.08798059858609325,0.5430289087807951,False,False,False,,below_bounded_prescreen
diff__detailed__clean__rebound_share_ros,detailed_efficiency,0.0,504,504,0.3852475175674877,0.41774092313292643,1.0,1.0,0.07945289549690415,0.5420919811487758,False,False,False,,below_bounded_prescreen
diff__detailed__all__rebound_share_ros,detailed_efficiency,0.0,504,504,0.38509484610798356,0.41768079516290535,1.0,1.0,0.08212199444862056,0.5419227680440062,False,False,False,,below_bounded_prescreen
diff__detailed__clean__fg2pct_median,detailed_efficiency,0.0,504,496,0.40020411774239145,0.40452218431562614,1.0,1.0,0.0358319567374939,0.5407822761053268,False,False,False,,below_bounded_prescreen
diff__detailed__all__fg2pct_median,detailed_efficiency,0.0,504,495,0.39900505367734174,0.40485551047404394,1.0,1.0,0.038363938547593956,0.5405771992946524,False,False,False,,below_bounded_prescreen
diff__compact__away_margin_mean,compact_performance,0.0,504,494,0.382458098593469,0.4122180453502746,1.0,1.0,0.06191765724408638,0.5395287371689315,False,False,False,,below_bounded_prescreen
diff__detailed__away__net_rtg_mean,detailed_efficiency,0.0,504,504,0.3783158848872017,0.4089012101086481,1.0,1.0,0.0489269052473526,0.5375449993174413,False,False,False,,below_bounded_prescreen
diff__norm__compact__win_pct__z,within_season_normalization,0.0,504,472,0.37054250935354593,0.40767659443709053,1.0,1.0,0.038986221853059555,0.5356446685134612,False,False,False,,below_bounded_prescreen
diff__compact__win_pct,compact_performance,0.0,504,392,0.3702058207434102,0.40767659131331857,1.0,1.0,0.038986215674606306,0.535570595766959,False,False,False,,below_bounded_prescreen
diff__schedule__wp,schedule_and_accomplishment,0.0,504,392,0.3702058207434102,0.40767659131331857,1.0,1.0,0.038986215674606306,0.535570595766959,False,False,False,,below_bounded_prescreen
diff__compact__margin_q10,compact_performance,0.0,504,299,0.37922151513291974,0.402026001135301,1.0,1.0,0.030913680581149128,0.5351646666509409,False,False,False,,below_bounded_prescreen
diff__detailed__clean__def_rtg_ros,detailed_efficiency,0.0,504,504,-0.3769685706479206,0.3986250582944343,1.0,1.0,0.08737839069269365,0.5307779778961632,False,False,False,,below_bounded_prescreen
diff__detailed__all__def_rtg_ros,detailed_efficiency,0.0,504,504,-0.3775624968034273,0.39816226389499837,1.0,1.0,0.08590179186435148,0.5307455642917792,False,False,False,,below_bounded_prescreen
diff__detailed__ewm_h10__offrtg,detailed_efficiency,0.0,504,504,0.376755133522961,0.39556341217746777,1.0,1.0,0.05721390098963913,0.5304680111806503,False,False,False,,below_bounded_prescreen
diff__detailed__clean__oppfourfactorcomposite_mean,detailed_efficiency,0.0,504,504,-0.38375241055963777,0.39446513390117227,1.0,1.0,0.08408767056855387,0.5304052877729408,False,False,False,,below_bounded_prescreen
diff__detailed__all__oppfourfactorcomposite_mean,detailed_efficiency,0.0,504,504,-0.38452197920583214,0.39321028848299056,1.0,1.0,0.08535589719975473,0.5299215380091283,False,False,False,,below_bounded_prescreen
diff__compact__ewm_h10_points_for,compact_performance,0.0,504,504,0.38103990068740207,0.39043482612593206,1.0,1.0,0.0722426530002031,0.5283477885716676,False,False,False,,below_bounded_prescreen
diff__detailed__clean__efg_ros,detailed_efficiency,0.0,504,504,0.380779235956194,0.3870536830138285,1.0,1.0,0.05386530504726794,0.5274025875551096,False,False,False,,below_bounded_prescreen
diff__compact__losses,compact_performance,0.0,504,30,-0.35931576759267014,0.39581666168637675,1.0,1.0,0.04584231470842293,0.5272077738915114,False,False,False,,below_bounded_prescreen
diff__detailed__clean__efg_mean,detailed_efficiency,0.0,504,504,0.38053370130876696,0.3875151539013193,1.0,1.0,0.06361509791032699,0.5271800842441489,False,False,False,,below_bounded_prescreen
diff__detailed__clean__efg_trim02,detailed_efficiency,0.0,504,504,0.38053370130876696,0.3875151539013193,1.0,1.0,0.06361509791032699,0.5271800842441489,False,False,False,,below_bounded_prescreen
diff__norm__detailed__all__efg_ros__z,within_season_normalization,0.0,504,504,0.38076735782312016,0.3865739291474204,1.0,1.0,0.0545520621347656,0.5271422222264576,False,False,False,,below_bounded_prescreen
diff__detailed__all__efg_ros,detailed_efficiency,0.0,504,504,0.3802080928712609,0.38657393133836393,1.0,1.0,0.05455206704103527,0.5270191847924506,False,False,False,,below_bounded_prescreen
diff__detailed__all__efg_mean,detailed_efficiency,0.0,504,504,0.3799741956935541,0.38723423828471126,1.0,1.0,0.06469596920100962,0.526878918661203,False,False,False,,below_bounded_prescreen
diff__detailed__all__efg_trim02,detailed_efficiency,0.0,504,504,0.3799741956935541,0.38723423828471126,1.0,1.0,0.06469596920100962,0.526878918661203,False,False,False,,below_bounded_prescreen
diff__compact__downside_tail_mean,compact_performance,0.0,504,478,-0.36851546113605355,0.3925291825702351,1.0,1.0,0.0704870030713794,0.5266679289607895,False,False,False,,below_bounded_prescreen
diff__compact__margin_slope,compact_performance,0.0,504,504,-0.39561908665934364,0.37657574356680734,1.0,1.0,0.07516776619816057,0.5247858453291967,False,False,False,,below_bounded_prescreen
diff__detailed__poss0p44__def_rtg_mean,detailed_efficiency,0.0,504,504,-0.3716939682030428,0.38600565926975977,1.0,1.0,0.09342670942440318,0.5233183210771779,False,False,False,,below_bounded_prescreen
diff__detailed__clean__trueshootingpct_mean,detailed_efficiency,0.0,504,504,0.3758317224120134,0.3822624278330881,1.0,1.0,0.08079559874133868,0.5229371203408716,False,False,False,,below_bounded_prescreen
diff__detailed__clean__defrtg_mean,detailed_efficiency,0.0,504,504,-0.3700257432880156,0.38536426601586615,1.0,1.0,0.08968115671312371,0.5227932649424543,False,False,False,,below_bounded_prescreen
diff__detailed__clean__defrtg_trim02,detailed_efficiency,0.0,504,504,-0.3700257432880156,0.38536426601586615,1.0,1.0,0.08968115671312371,0.5227932649424543,False,False,False,,below_bounded_prescreen
diff__detailed__all__defrtg_mean,detailed_efficiency,0.0,504,504,-0.3706620777842267,0.3849421700709347,1.0,1.0,0.08944658938647959,0.5227400351711193,False,False,False,,below_bounded_prescreen
diff__detailed__all__defrtg_trim02,detailed_efficiency,0.0,504,504,-0.3706620777842267,0.3849421700709347,1.0,1.0,0.08944658938647959,0.5227400351711193,False,False,False,,below_bounded_prescreen
diff__detailed__poss0p475__def_rtg_mean,detailed_efficiency,0.0,504,504,-0.3706620777842267,0.3849421700709347,1.0,1.0,0.08944658938647959,0.5227400351711193,False,False,False,,below_bounded_prescreen
diff__detailed__all__trueshootingpct_mean,detailed_efficiency,0.0,504,504,0.37531870919702415,0.3818857727004925,1.0,1.0,0.08005755628404848,0.5226729846682198,False,False,False,,below_bounded_prescreen
diff__detailed__clean__true_shooting_ros,detailed_efficiency,0.0,504,504,0.3762774926675546,0.37784865587763716,1.0,1.0,0.07168098688528246,0.5212811637327165,False,False,False,,below_bounded_prescreen
diff__detailed__all__true_shooting_ros,detailed_efficiency,0.0,504,504,0.37573810251457745,0.3774474483665038,1.0,1.0,0.07321272680064272,0.5209086486971032,False,False,False,,below_bounded_prescreen
diff__detailed__clean__reboundshare_median,detailed_efficiency,0.0,504,503,0.35327274972512573,0.3852121085588268,1.0,1.0,0.07306451635371503,0.5196992363936159,False,False,False,,below_bounded_prescreen
diff__detailed__clean__efg_median,detailed_efficiency,0.0,504,500,0.37245605351337246,0.37585014860699867,1.0,1.0,0.07543156419555236,0.5193311405364792,False,False,False,,below_bounded_prescreen
diff__detailed__ewm_h20__efg,detailed_efficiency,0.0,504,504,0.3640076823007458,0.37768703940123916,1.0,1.0,0.060031431600705565,0.5189702117547307,False,False,False,,below_bounded_prescreen
diff__detailed__all__reboundshare_median,detailed_efficiency,0.0,504,503,0.35367653567843593,0.38185590574679384,1.0,1.0,0.0722929322994817,0.5182079553157377,False,False,False,,below_bounded_prescreen
diff__compact__half_delta_marginmean,compact_performance,0.0,504,502,-0.37449138082650646,0.3713013552808765,1.0,1.0,0.08313453780648172,0.5172873728043929,False,False,False,,below_bounded_prescreen
diff__detailed__all__efg_median,detailed_efficiency,0.0,504,499,0.370540815772603,0.37172596633898636,1.0,1.0,0.0729005937974892,0.5170314195607865,False,False,False,,below_bounded_prescreen
diff__detailed__all__blockpct_mean,detailed_efficiency,0.0,504,504,0.3522260642760062,0.3707598888559902,1.0,1.0,0.04441770910516846,0.5136777724273899,False,False,False,,below_bounded_prescreen
diff__detailed__clean__blockpct_mean,detailed_efficiency,0.0,504,504,0.3521979806130572,0.37022543493401505,1.0,1.0,0.04388040718714059,0.5134365482157142,False,False,False,,below_bounded_prescreen
diff__detailed__home__def_rtg_mean,detailed_efficiency,0.027777777777777776,490,490,-0.3494241624097856,0.3762482039246463,1.0,1.0,0.10150173936816048,0.5111901618170345,False,False,False,,below_bounded_prescreen
diff__detailed__clean__orbpct_mean,detailed_efficiency,0.0,504,504,0.35501263681149253,0.3659597606315159,1.0,1.0,0.07937992454347609,0.5105882682199169,False,False,False,,below_bounded_prescreen
diff__detailed__clean__orbpct_trim02,detailed_efficiency,0.0,504,504,0.35501263681149253,0.3659597606315159,1.0,1.0,0.07937992454347609,0.5105882682199169,False,False,False,,below_bounded_prescreen
diff__detailed__all__orbpct_mean,detailed_efficiency,0.0,504,504,0.35444991761708156,0.3638324399134142,1.0,1.0,0.07782867181493125,0.5095054061615996,False,False,False,,below_bounded_prescreen
diff__detailed__all__orbpct_trim02,detailed_efficiency,0.0,504,504,0.35444991761708156,0.3638324399134142,1.0,1.0,0.07782867181493125,0.5095054061615996,False,False,False,,below_bounded_prescreen
diff__norm__compact__win_pct__pct,within_season_normalization,0.0,504,399,0.3357897119570546,0.3635766490562598,1.0,1.0,0.051538218552312776,0.5063289994354642,False,False,False,,below_bounded_prescreen
diff__detailed__clean__assist_to_turnover_ros,detailed_efficiency,0.0,504,504,0.3337526332115745,0.36407158484417773,1.0,1.0,0.06658647221540137,0.5055164811431356,False,False,False,,below_bounded_prescreen
diff__detailed__all__assist_to_turnover_ros,detailed_efficiency,0.0,504,504,0.3336135822685842,0.36417253514176584,1.0,1.0,0.06758283717235691,0.5054944914802418,False,False,False,,below_bounded_prescreen
diff__detailed__clean__orb_pct_ros,detailed_efficiency,0.0,504,504,0.3513370930570861,0.35767195108448424,1.0,1.0,0.09010123627107319,0.5053726475422684,False,False,False,,below_bounded_prescreen
diff__detailed__all__orb_pct_ros,detailed_efficiency,0.0,504,504,0.3508788040908583,0.3579684281340847,1.0,1.0,0.09206458030939435,0.5053355991919737,False,False,False,,below_bounded_prescreen
diff__compact__ewm_h20_win,compact_performance,0.0,504,504,0.34638243974941507,0.35335205884678966,1.0,1.0,0.055008347891380316,0.5036127910756751,False,False,False,,below_bounded_prescreen
diff__compact__half_delta_pointsformean,compact_performance,0.0,504,495,-0.36676952542548585,0.3427950726487179,1.0,1.0,0.06925202874727049,0.5024608493151006,False,False,False,,below_bounded_prescreen
diff__detailed__clean__blockpct_median,detailed_efficiency,0.0,504,500,0.3208837437003297,0.3609872290916227,1.0,1.0,0.055223318922131226,0.5016593608211661,False,False,False,,below_bounded_prescreen
diff__detailed__all__orbpct_median,detailed_efficiency,0.0,504,495,0.33948353776821677,0.3538331064356889,1.0,1.0,0.07862197052511699,0.5013813905771337,False,False,False,,below_bounded_prescreen
diff__detailed__all__blockpct_median,detailed_efficiency,0.0,504,501,0.32049557710840687,0.35909937731286723,1.0,1.0,0.05407701208001675,0.500713647590825,False,False,False,,below_bounded_prescreen
diff__detailed__clean__orbpct_median,detailed_efficiency,0.0,504,496,0.34005900420754487,0.3518500818482755,1.0,1.0,0.07574932460201472,0.5006710472287514,False,False,False,,below_bounded_prescreen
diff__detailed__clean__defrtg_median,detailed_efficiency,0.0,504,504,-0.3228421876345269,0.35771443175048523,1.0,1.0,0.0974496240671332,0.49883022355714346,False,False,False,,below_bounded_prescreen
diff__detailed__clean__trueshootingpct_median,detailed_efficiency,0.0,504,504,0.35917602999709775,0.3416230187862957,1.0,1.0,0.10941205809659993,0.4986212932929194,False,False,False,,below_bounded_prescreen
diff__detailed__all__trueshootingpct_median,detailed_efficiency,0.0,504,504,0.3588887482727923,0.341146789062814,1.0,1.0,0.10845600286007007,0.4983677432557622,False,False,False,,below_bounded_prescreen
diff__detailed__all__defrtg_median,detailed_efficiency,0.0,504,504,-0.3227834526344096,0.3565329016380053,1.0,1.0,0.09584798168103881,0.49831423309857115,False,False,False,,below_bounded_prescreen
diff__detailed__ewm_h20__defrtg,detailed_efficiency,0.0,504,504,-0.33583300259133764,0.3463802160985763,1.0,1.0,0.04917745876374763,0.49817866594686094,False,False,False,,below_bounded_prescreen
diff__detailed__ewm_h20__orbpct,detailed_efficiency,0.0,504,504,0.3330259131469298,0.3526312828316214,1.0,1.0,0.11547893524589087,0.49790955924166713,False,False,False,,below_bounded_prescreen
diff__detailed__clean__opptrueshootingpct_mean,detailed_efficiency,0.0,504,504,-0.3400778755179841,0.3489698652600421,1.0,1.0,0.1407988351390274,0.49669071453321556,False,False,False,,below_bounded_prescreen
diff__detailed__all__opptrueshootingpct_mean,detailed_efficiency,0.0,504,504,-0.34063269801190854,0.3483280023018763,1.0,1.0,0.14390404569502419,0.4963804728397195,False,False,False,,below_bounded_prescreen
diff__detailed__ewm_h10__efg,detailed_efficiency,0.0,504,504,0.3277703319577997,0.3378708643206205,1.0,1.0,0.05751094395626433,0.4919870501463632,False,False,False,,below_bounded_prescreen
diff__detailed__last20__four_factor_edge_mean,detailed_efficiency,0.0,504,504,0.3105011628066752,0.3425357852044688,1.0,1.0,0.03066920882002644,0.49150066436281253,False,False,False,,below_bounded_prescreen
diff__compact__games,compact_performance,0.0,504,11,0.3144953836324419,0.3456979586988932,1.0,1.0,0.11871018125554253,0.49037559732438424,False,False,False,,below_bounded_prescreen
diff__quality__CompactGames,detailed_efficiency,0.0,504,11,0.3144953836324419,0.3456979586988932,1.0,1.0,0.11871018125554253,0.49037559732438424,False,False,False,,below_bounded_prescreen
diff__detailed__clean__oppfourfactorcomposite_median,detailed_efficiency,0.0,504,504,-0.32391187115821013,0.33814023615754685,1.0,1.0,0.10272416360138886,0.4894589584663731,False,False,False,,below_bounded_prescreen
diff__detailed__all__oppfourfactorcomposite_median,detailed_efficiency,0.0,504,504,-0.323789503621336,0.3354828896899368,1.0,1.0,0.10468031617356627,0.4880782652009209,False,False,False,,below_bounded_prescreen
diff__schedule__bad_losses,schedule_and_accomplishment,0.0,504,10,-0.31073550301482894,0.3374490441460011,1.0,1.0,0.06247134685968486,0.4878384979789554,False,False,False,,below_bounded_prescreen
diff__detailed__clean__assistturnoverratio_median,detailed_efficiency,0.0,504,463,0.32250603638731046,0.33289880575983866,1.0,1.0,0.09403926135586727,0.4869811843156961,False,False,False,,below_bounded_prescreen
diff__detailed__all__assistturnoverratio_median,detailed_efficiency,0.0,504,460,0.32285686050298545,0.33236025756126875,1.0,1.0,0.09651435978420603,0.4867008585486976,False,False,False,,below_bounded_prescreen
diff__detailed__clean__assistturnoverratio_mean,detailed_efficiency,0.0,504,504,0.3042943021764007,0.3399469560112143,1.0,1.0,0.0918689931178639,0.4864445256394765,False,False,False,,below_bounded_prescreen
diff__detailed__all__assistturnoverratio_mean,detailed_efficiency,0.0,504,504,0.30374109038161007,0.3399351729799718,1.0,1.0,0.0950038060862361,0.48619177067089125,False,False,False,,below_bounded_prescreen
diff__compact__neutral_margin_mean,compact_performance,0.0873015873015873,460,387,0.31637533257688105,0.34768545800720996,1.0,1.0,0.11592008462048725,0.48487066264142814,False,False,False,,below_bounded_prescreen
diff__detailed__ewm_h10__orbpct,detailed_efficiency,0.0,504,504,0.3185642311659565,0.3257770433527619,1.0,1.0,0.07068111232232721,0.4836298671729431,False,False,False,,below_bounded_prescreen
diff__schedule__opponent_strength_std,schedule_and_accomplishment,0.0,504,504,0.2780612574926915,0.34612762920278006,1.0,1.0,0.1539540722020611,0.48115657577764404,False,False,False,,below_bounded_prescreen
diff__compact__blowout_loss10_rate,compact_performance,0.0,504,297,-0.31712613271030227,0.3184887032622018,1.0,1.0,0.03772596664771627,0.48113328809621475,False,False,False,,below_bounded_prescreen
diff__compact__half_pointsagainstmean_first,compact_performance,0.0,504,462,-0.32245942836307206,0.3223714238383575,1.0,1.0,0.12179996593066056,0.480807359045061,False,False,False,,below_bounded_prescreen
diff__compact__win_slope,compact_performance,0.0,504,479,-0.33280335719626786,0.31301470965075784,1.0,1.0,0.08645249686689765,0.48000569934086684,False,False,False,,below_bounded_prescreen
diff__detailed__ewm_h10__defrtg,detailed_efficiency,0.0,504,504,-0.28201538118147595,0.33341718205116067,1.0,1.0,0.09499260913504118,0.47828392687908017,False,False,False,,below_bounded_prescreen
diff__compact__away_win_pct,compact_performance,0.0,504,347,0.2995506115996404,0.32475562185655954,1.0,1.0,0.11443603680518721,0.477206391570862,False,False,False,,below_bounded_prescreen
diff__detailed__last20__off_rtg_mean,detailed_efficiency,0.0,504,504,0.2984284309574822,0.32142170621806265,1.0,1.0,0.07986280662595058,0.4767421615302781,False,False,False,,below_bounded_prescreen
diff__compact__close5_games,compact_performance,0.0,504,20,-0.3159668528245888,0.3159047754475852,1.0,1.0,0.11665445066888153,0.47648082180949514,False,False,False,,below_bounded_prescreen
diff__detailed__clean__oppftmaderate_mean,detailed_efficiency,0.0,504,504,-0.28392771801641725,0.32934566942152077,1.0,1.0,0.10264755969169218,0.4764441168982741,False,False,False,,below_bounded_prescreen
diff__detailed__all__oppftmaderate_mean,detailed_efficiency,0.0,504,504,-0.2846891237702064,0.3279799047048113,1.0,1.0,0.10074338141792899,0.47603222623103764,False,False,False,,below_bounded_prescreen
diff__detailed__last20__net_rtg_mean,detailed_efficiency,0.0,504,504,0.28794221389858005,0.32285618011043027,1.0,1.0,0.05886834039715716,0.47596351989480784,False,False,False,,below_bounded_prescreen
diff__compact__last20_margin_mean,compact_performance,0.0,504,373,0.29485924509259426,0.3193865336315842,1.0,1.0,0.05836166490703826,0.47584010346724964,False,False,False,,below_bounded_prescreen
diff__norm__detailed__all__efg_ros__pct,within_season_normalization,0.0,504,396,0.31193913764139675,0.3129583193813972,1.0,1.0,0.09689444964415783,0.47497082559841164,False,False,False,,below_bounded_prescreen
diff__detailed__clean__opp_ftmade_rate_ros,detailed_efficiency,0.0,504,504,-0.27709091794083124,0.32914208138196815,1.0,1.0,0.10211011885457683,0.47486379625614444,False,False,False,,below_bounded_prescreen
diff__compact__away_games,compact_performance,0.0,504,14,-0.29606563694535204,0.3161151050012319,1.0,1.0,0.05324464424174857,0.4747399047588988,False,False,False,,below_bounded_prescreen
diff__compact__days_since_last_game,compact_performance,0.0,504,19,0.2774863733838722,0.34613300154338195,1.0,1.0,0.311319521660804,0.4747380620188431,False,False,False,,below_bounded_prescreen
diff__compact__last_game_day,compact_performance,0.0,504,19,-0.2774863733838722,0.34613300154338195,1.0,1.0,0.311319521660804,0.4747380620188431,False,False,False,,below_bounded_prescreen
diff__detailed__all__oppftmaderate_median,detailed_efficiency,0.0,504,501,-0.29169616646935526,0.31755278843417856,1.0,1.0,0.05031990888877952,0.47458569871611267,False,False,False,,below_bounded_prescreen
diff__detailed__all__opp_ftmade_rate_ros,detailed_efficiency,0.0,504,504,-0.27788876771478066,0.32749571356621443,1.0,1.0,0.10133864110470114,0.4742799257648467,False,False,False,,below_bounded_prescreen
diff__detailed__neutral__net_rtg_mean,detailed_efficiency,0.0873015873015873,460,460,0.3009465730453091,0.329299260715059,1.0,1.0,0.10898899753509694,0.4729282043276655,False,False,False,,below_bounded_prescreen
diff__detailed__clean__oppefg_mean,detailed_efficiency,0.0,504,504,-0.3034957182160476,0.3137064827564865,1.0,1.0,0.11659713102554983,0.47268428448962196,False,False,False,,below_bounded_prescreen
diff__detailed__all__oppefg_mean,detailed_efficiency,0.0,504,504,-0.304069658070851,0.31331628937829215,1.0,1.0,0.11889902570755309,0.4725311826488653,False,False,False,,below_bounded_prescreen
diff__detailed__clean__oppftrate_mean,detailed_efficiency,0.0,504,504,-0.281199394720067,0.32057640547273575,1.0,1.0,0.0876399799880892,0.47223494226580426,False,False,False,,below_bounded_prescreen
diff__detailed__all__oppftrate_mean,detailed_efficiency,0.0,504,504,-0.2823694327873821,0.3197809843599408,1.0,1.0,0.08557710554492515,0.4721930634841986,False,False,False,,below_bounded_prescreen
diff__compact__last20_margin_median,compact_performance,0.0,504,108,0.28628872069012257,0.3178499844886245,1.0,1.0,0.0870604394405789,0.4720690935287436,False,False,False,,below_bounded_prescreen
diff__detailed__clean__oppftmaderate_median,detailed_efficiency,0.0,504,501,-0.2893645522489507,0.3119861955304725,1.0,1.0,0.049862780163972664,0.4714190641428371,False,False,False,,below_bounded_prescreen
diff__detailed__away__games,detailed_efficiency,0.0,504,15,-0.2850801427458786,0.3140333801539972,1.0,1.0,0.06810682118394967,0.470729381030654,False,False,False,,below_bounded_prescreen
diff__detailed__clean__games,detailed_efficiency,0.0,504,13,0.2906390816508825,0.31308172869769524,1.0,1.0,0.10024357983875082,0.4702100845445379,False,False,False,,below_bounded_prescreen
diff__compact__last20_points_for_mean,compact_performance,0.0,504,349,0.29825982360774284,0.3077630071021741,1.0,1.0,0.07993847558773126,0.47014586557923765,False,False,False,,below_bounded_prescreen
diff__detailed__all__games,detailed_efficiency,0.0,504,12,0.2893406306360778,0.30979506067597395,1.0,1.0,0.0944104446789433,0.46858015007724685,False,False,False,,below_bounded_prescreen
diff__quality__DetailedGames,detailed_efficiency,0.0,504,12,0.2893406306360778,0.30979506067597395,1.0,1.0,0.0944104446789433,0.46858015007724685,False,False,False,,below_bounded_prescreen
diff__detailed__all__oppfgpct_mean,detailed_efficiency,0.0,504,504,-0.29642293026264693,0.30125504510933143,1.0,1.0,0.07073586643954505,0.4669860316526796,False,False,False,,below_bounded_prescreen
diff__detailed__clean__oppfgpct_mean,detailed_efficiency,0.0,504,504,-0.2961063641693568,0.3010019667564887,1.0,1.0,0.0693811616244554,0.4668490976953948,False,False,False,,below_bounded_prescreen
diff__conference__strength_std,conference_context,0.0,504,420,0.2688949745656713,0.3148614797319249,1.0,1.0,0.0876157398693678,0.46678577508099695,False,False,False,,below_bounded_prescreen
diff__detailed__all__opp_ft_rate_ros,detailed_efficiency,0.0,504,504,-0.2762418818240436,0.3098030432495055,1.0,1.0,0.09353195606878642,0.46573739651830076,False,False,False,,below_bounded_prescreen
diff__detailed__clean__opp_ft_rate_ros,detailed_efficiency,0.0,504,504,-0.2750844895642198,0.3096118244866226,1.0,1.0,0.0973127383824321,0.4652397539224099,False,False,False,,below_bounded_prescreen
diff__detailed__clean__opp_efg_ros,detailed_efficiency,0.0,504,504,-0.2963945914686872,0.3011638245348191,1.0,1.0,0.11471487989754844,0.46517685070392234,False,False,False,,below_bounded_prescreen
diff__detailed__all__opp_efg_ros,detailed_efficiency,0.0,504,504,-0.29702667734278887,0.3006567410825877,1.0,1.0,0.11693518737771016,0.4649836972399472,False,False,False,,below_bounded_prescreen
diff__compact__home_games,compact_performance,0.027777777777777776,490,23,0.29743255292154613,0.3044993587121585,1.0,1.0,0.1179417812266016,0.4646549603532899,False,False,False,,below_bounded_prescreen
diff__detailed__home__games,detailed_efficiency,0.027777777777777776,490,23,0.2859145555749626,0.3044993587121585,1.0,1.0,0.06844401778791614,0.464100911474589,False,False,False,,below_bounded_prescreen
diff__detailed__clean__oppfg2pct_mean,detailed_efficiency,0.0,504,504,-0.3059519173028648,0.28804280350712186,1.0,1.0,0.11118538649153636,0.4611225520303873,False,False,False,,below_bounded_prescreen
diff__detailed__all__oppftrate_median,detailed_efficiency,0.0,504,501,-0.2700666358180949,0.3024784600634574,1.0,1.0,0.10195917077620231,0.4605259538793923,False,False,False,,below_bounded_prescreen
diff__detailed__all__oppfg2pct_mean,detailed_efficiency,0.0,504,504,-0.3053482204062839,0.28721646910242765,1.0,1.0,0.11527796240216015,0.4604293951624613,False,False,False,,below_bounded_prescreen
diff__detailed__clean__oppftrate_median,detailed_efficiency,0.0,504,502,-0.26937476819212386,0.30181472966299394,1.0,1.0,0.10300580252153074,0.46001328713964307,False,False,False,,below_bounded_prescreen
diff__compact__home_win_pct,compact_performance,0.027777777777777776,490,277,0.3087085401337874,0.28387861314290713,1.0,1.0,0.0546065236019474,0.4597711299717285,False,False,False,,below_bounded_prescreen
diff__detailed__clean__foul_rate_ros,detailed_efficiency,0.0,504,504,-0.28388194622579715,0.29281296515647603,1.0,1.0,0.09661350744041744,0.4591397111471672,False,False,False,,below_bounded_prescreen
diff__detailed__all__foul_rate_ros,detailed_efficiency,0.0,504,504,-0.2845148474673709,0.292201112187943,1.0,1.0,0.098864722421828,0.45889521139616113,False,False,False,,below_bounded_prescreen
diff__detailed__clean__opptrueshootingpct_median,detailed_efficiency,0.0,504,504,-0.2894878224761754,0.28788057271387785,1.0,1.0,0.07708835201886832,0.4587864617666652,False,False,False,,below_bounded_prescreen
diff__detailed__all__opptrueshootingpct_median,detailed_efficiency,0.0,504,504,-0.28960317933273144,0.2874121957847665,1.0,1.0,0.0752177430737575,0.4586618437069385,False,False,False,,below_bounded_prescreen
diff__detailed__all__foulrate_mean,detailed_efficiency,0.0,504,504,-0.2844180849344031,0.28968439944831237,1.0,1.0,0.08964812802223096,0.45803456529986936,False,False,False,,below_bounded_prescreen
diff__detailed__clean__foulrate_mean,detailed_efficiency,0.0,504,504,-0.28371065301302817,0.28872906849195956,1.0,1.0,0.0894257588310507,0.4574292661857648,False,False,False,,below_bounded_prescreen
diff__compact__blowout_loss20_rate,compact_performance,0.0,504,118,-0.2904854974616678,0.281331162506258,1.0,1.0,0.08497839714667327,0.4555466315587038,False,False,False,,below_bounded_prescreen
diff__conference__team_count,conference_context,0.0,504,17,0.2845129787747586,0.2848356965354037,1.0,1.0,0.11351723582845075,0.4547733002343026,False,False,False,,below_bounded_prescreen
diff__detailed__all__oppefg_median,detailed_efficiency,0.0,504,503,-0.27246438745687296,0.2883891987955807,1.0,1.0,0.09273025301430479,0.45465977054181855,False,False,False,,below_bounded_prescreen
diff__detailed__clean__oppefg_median,detailed_efficiency,0.0,504,504,-0.2718282380650078,0.2883009691109312,1.0,1.0,0.090367684689134,0.45457197015998335,False,False,False,,below_bounded_prescreen
diff__detailed__neutral__off_rtg_mean,detailed_efficiency,0.0873015873015873,460,460,0.28914693940282277,0.29483639658347505,1.0,1.0,0.0916704603997544,0.45448285162857177,False,False,False,,below_bounded_prescreen
diff__detailed__away__def_rtg_mean,detailed_efficiency,0.0,504,504,-0.24235154570127931,0.2961384626821305,1.0,1.0,0.046876339281582746,0.4535887485704408,False,False,False,,below_bounded_prescreen
diff__detailed__ewm_h20__fg3attemptrate,detailed_efficiency,0.0,504,504,-0.26037771021369754,0.295804344738375,1.0,1.0,0.20035985399202735,0.4512547875617524,False,False,False,,below_bounded_prescreen
diff__detailed__all__foulrate_median,detailed_efficiency,0.0,504,504,-0.2717338163877984,0.28325644379144127,1.0,1.0,0.12991364188523627,0.450547986949798,False,False,False,,below_bounded_prescreen
diff__detailed__last20__efg_mean,detailed_efficiency,0.0,504,504,0.25896225674899365,0.2792747008117348,1.0,1.0,0.06955559186720692,0.44824132919972304,False,False,False,,below_bounded_prescreen
diff__detailed__clean__foulrate_median,detailed_efficiency,0.0,504,504,-0.2703178696148074,0.2783714463688898,1.0,1.0,0.13117252714158842,0.4478413244866612,False,False,False,,below_bounded_prescreen
diff__detailed__ewm_h5__fourfactoredge,detailed_efficiency,0.0,504,504,0.25049848613459325,0.27864766035319644,1.0,1.0,0.040039907933950736,0.44725894760178675,False,False,False,,below_bounded_prescreen
diff__compact__half_delta_winpct,compact_performance,0.0,504,345,-0.2861299402381468,0.26593235400776816,1.0,1.0,0.08434364842046052,0.44722237083930255,False,False,False,,below_bounded_prescreen
diff__compact__ewm_h5_points_for,compact_performance,0.0,504,504,0.2620561060985568,0.27440130947742336,1.0,1.0,0.05559323750528222,0.4471412423906344,False,False,False,,below_bounded_prescreen
diff__detailed__last20__orb_pct_mean,detailed_efficiency,0.0,504,504,0.2709383950829839,0.26693504395549095,1.0,1.0,0.10550769487605638,0.4435149602218499,False,False,False,,below_bounded_prescreen
diff__compact__home_margin_std,compact_performance,0.03571428571428571,486,485,0.26503277650492596,0.2802255820850825,1.0,1.0,0.175523952020162,0.442937389293974,False,False,False,,below_bounded_prescreen
diff__compact__ewm_h10_win,compact_performance,0.0,504,504,0.25260645853663793,0.2672564436610285,1.0,1.0,0.0365630364651357,0.44239399237674853,False,False,False,,below_bounded_prescreen
diff__detailed__clean__oppfg2pct_median,detailed_efficiency,0.0,504,497,-0.2687686770978207,0.2618822241467631,1.0,1.0,0.06558729166936586,0.4422090848851922,False,False,False,,below_bounded_prescreen
diff__detailed__all__oppfg2pct_median,detailed_efficiency,0.0,504,495,-0.26742759504907243,0.2615867707310593,1.0,1.0,0.06897363060916695,0.4416367756373377,False,False,False,,below_bounded_prescreen
diff__compact__ewm_h5_margin,compact_performance,0.0,504,504,0.24653640348111192,0.2733043862747345,1.0,1.0,0.09712572152040966,0.44153908531690084,False,False,False,,below_bounded_prescreen
diff__compact__half_pointsformean_second,compact_performance,0.0,504,470,0.24725449920281678,0.267980453781431,1.0,1.0,0.06618690440011452,0.440379131463702,False,False,False,,below_bounded_prescreen
diff__compact__half_marginmean_second,compact_performance,0.0,504,484,0.2368967676403472,0.26871772013140616,1.0,1.0,0.06786485557660374,0.43838720032088724,False,False,False,,below_bounded_prescreen
diff__detailed__ewm_h5__offrtg,detailed_efficiency,0.0,504,504,0.25043813949716986,0.2614488255194478,1.0,1.0,0.07057824938030663,0.43776869696350007,False,False,False,,below_bounded_prescreen
diff__detailed__ewm_h5__netrtg,detailed_efficiency,0.0,504,504,0.23659226380627538,0.26572154217980715,1.0,1.0,0.08108175262593878,0.43635336817865045,False,False,False,,below_bounded_prescreen
diff__compact__close5_wins,compact_performance,0.0,504,18,-0.2422192367379251,0.264055553086548,1.0,1.0,0.11046099035362258,0.4356164579497417,False,False,False,,below_bounded_prescreen
diff__detailed__clean__fg3attemptrate_median,detailed_efficiency,0.0,504,502,-0.23963362957940987,0.2648989041358157,1.0,1.0,0.13418327945994313,0.43450354131426394,False,False,False,,below_bounded_prescreen
diff__detailed__clean__oppblockpct_mean,detailed_efficiency,0.0,504,504,-0.2616130411416664,0.2556349599647261,1.0,1.0,0.16666238836389474,0.4335931542996794,False,False,False,,below_bounded_prescreen
diff__detailed__clean__fg3attemptrate_mean,detailed_efficiency,0.0,504,504,-0.2436455254460162,0.26100835687616536,1.0,1.0,0.13811155511374507,0.4333615646941331,False,False,False,,below_bounded_prescreen
diff__detailed__ewm_h5__efg,detailed_efficiency,0.0,504,504,0.22585353803156513,0.2637169137501342,1.0,1.0,0.07718005036625658,0.4331846949523585,False,False,False,,below_bounded_prescreen
diff__detailed__all__oppblockpct_mean,detailed_efficiency,0.0,504,504,-0.2612767963644356,0.25457957903552797,1.0,1.0,0.17128983681912596,0.43282749966446415,False,False,False,,below_bounded_prescreen
diff__detailed__clean__oppblockpct_median,detailed_efficiency,0.0,504,497,-0.25735715200445647,0.25562003248335396,1.0,1.0,0.16928269018312952,0.4325448814256651,False,False,False,,below_bounded_prescreen
diff__detailed__all__fg3attemptrate_mean,detailed_efficiency,0.0,504,504,-0.24331539715856154,0.2594423764410385,1.0,1.0,0.1380854100885509,0.43253831166304,False,False,False,,below_bounded_prescreen
diff__detailed__all__oppblockpct_median,detailed_efficiency,0.0,504,497,-0.25472642563793085,0.25421317607597393,1.0,1.0,0.17276649554242646,0.4311514783351152,False,False,False,,below_bounded_prescreen
diff__detailed__ewm_h10__fg3attemptrate,detailed_efficiency,0.0,504,504,-0.2442178006686209,0.2557254345212096,1.0,1.0,0.1474615846198589,0.43057766133248276,False,False,False,,below_bounded_prescreen
diff__detailed__all__oppfgpct_median,detailed_efficiency,0.0,504,497,-0.25767524712820566,0.2427069316415348,1.0,1.0,0.07204578809753304,0.43030605003224065,False,False,False,,below_bounded_prescreen
diff__detailed__clean__oppfgpct_median,detailed_efficiency,0.0,504,497,-0.2554709541158212,0.2423182196202742,1.0,1.0,0.0735334376005668,0.42957501781918966,False,False,False,,below_bounded_prescreen
diff__detailed__clean__fg3_attempt_rate_ros,detailed_efficiency,0.0,504,504,-0.241749819641836,0.2539095969282394,1.0,1.0,0.13914159374522794,0.4294959030969497,False,False,False,,below_bounded_prescreen
diff__detailed__ewm_h5__orbpct,detailed_efficiency,0.0,504,504,0.24466851943521642,0.2505339245534627,1.0,1.0,0.12126527098858805,0.4292327472218662,False,False,False,,below_bounded_prescreen
diff__detailed__all__fg3_attempt_rate_ros,detailed_efficiency,0.0,504,504,-0.2414449530972553,0.25236762084474224,1.0,1.0,0.1391145231416327,0.4286897667612071,False,False,False,,below_bounded_prescreen
diff__detailed__ewm_h10__oppefg,detailed_efficiency,0.0,504,504,-0.22443499068144518,0.2605598641744317,1.0,1.0,0.1531474365552175,0.4283185352914365,False,False,False,,below_bounded_prescreen
diff__detailed__clean__tov_pct_ros,detailed_efficiency,0.0,504,504,-0.23915715828974896,0.2474627468129464,1.0,1.0,0.10656889292996521,0.42713393757676044,False,False,False,,below_bounded_prescreen
diff__detailed__all__tov_pct_ros,detailed_efficiency,0.0,504,504,-0.23900786355184164,0.24634443593311456,1.0,1.0,0.1071164134382303,0.4265424026917709,False,False,False,,below_bounded_prescreen
diff__compact__margin_std,compact_performance,0.0,504,504,0.24234086693356355,0.25143285843648405,1.0,1.0,0.18678104057000047,0.42653152115209636,False,False,False,,below_bounded_prescreen
diff__conference__tourney_last_day,conference_context,0.017857142857142856,495,19,-0.2675985606602154,0.33019403974421047,0.75,1.0,0.29172513145362167,0.42426724573575214,False,False,False,,below_bounded_prescreen
diff__detailed__clean__tovpct_mean,detailed_efficiency,0.0,504,504,-0.2321558602804152,0.24150598840576232,1.0,1.0,0.1009363342316317,0.422959710327192,False,False,False,,below_bounded_prescreen
diff__detailed__clean__tovpct_trim02,detailed_efficiency,0.0,504,504,-0.2321558602804152,0.24150598840576232,1.0,1.0,0.1009363342316317,0.422959710327192,False,False,False,,below_bounded_prescreen
diff__compact__close3_games,compact_performance,0.0,504,16,-0.24207541799038737,0.23420528441396998,1.0,1.0,0.06907291106020796,0.4229122120341825,False,False,False,,below_bounded_prescreen
diff__detailed__all__tovpct_mean,detailed_efficiency,0.0,504,504,-0.2319117656825994,0.23995045427934786,1.0,1.0,0.1017082899598663,0.4221284749058642,False,False,False,,below_bounded_prescreen
diff__detailed__all__tovpct_trim02,detailed_efficiency,0.0,504,504,-0.2319117656825994,0.23995045427934786,1.0,1.0,0.1017082899598663,0.4221284749058642,False,False,False,,below_bounded_prescreen
diff__compact__ewm_h20_points_against,compact_performance,0.0,504,504,-0.22803480646964167,0.23878071863962713,1.0,1.0,0.0785328605868656,0.4216410879468675,False,False,False,,below_bounded_prescreen
diff__compact__points_against_mean,compact_performance,0.0,504,496,-0.2275669079743209,0.23670884710037238,1.0,1.0,0.058151770609255776,0.42135889553815903,False,False,False,,below_bounded_prescreen
diff__compact__half_delta_pointsagainstmean,compact_performance,0.0,504,495,0.23764016615862676,0.2374438145634311,1.0,1.0,0.13386579103581672,0.4208992359039121,False,False,False,,below_bounded_prescreen
diff__compact__rest_days_std,compact_performance,0.0,504,504,-0.24457005595516082,0.2252194988052888,1.0,1.0,0.041752644421967744,0.4202406659597953,False,False,False,,below_bounded_prescreen
diff__detailed__ewm_h5__fg3attemptrate,detailed_efficiency,0.0,504,504,-0.2222371918186582,0.24240428254719965,1.0,1.0,0.12630908164740995,0.4201938745568642,False,False,False,,below_bounded_prescreen
diff__compact__last10_points_for_mean,compact_performance,0.0,504,269,0.21906859579878488,0.23882832195037562,1.0,1.0,0.08384632671918649,0.41947883254314555,False,False,False,,below_bounded_prescreen
diff__compact__day90plus_margin_mean,compact_performance,0.0,504,490,0.21101471406512184,0.23441587781915807,1.0,1.0,0.06877652155252637,0.41619179758542163,False,False,False,,below_bounded_prescreen
diff__compact__overtime_rate,compact_performance,0.0,504,128,-0.2417197412211192,0.2184289459056288,1.0,1.0,0.12739615372591265,0.4129283909543115,False,False,False,,below_bounded_prescreen
diff__rating__elo_standard_delta,dynamic_ratings,0.0,504,504,0.22360461210328028,0.21985345798905367,1.0,1.0,0.059021841984451734,0.41236180081808926,False,False,False,,below_bounded_prescreen
diff__detailed__last10__orb_pct_mean,detailed_efficiency,0.0,504,504,0.21775106606797492,0.22247392329930576,1.0,1.0,0.08995640798867949,0.4110944613990741,False,False,False,,below_bounded_prescreen
diff__detailed__last10__efg_mean,detailed_efficiency,0.0,504,504,0.1981679240325271,0.22858392386095544,1.0,1.0,0.06926693973134537,0.4105465491511608,False,False,False,,below_bounded_prescreen
diff__detailed__last10__off_rtg_mean,detailed_efficiency,0.0,504,504,0.20577573733916,0.22314407341583758,1.0,1.0,0.0667231932030285,0.4097108897260961,False,False,False,,below_bounded_prescreen
diff__detailed__ewm_h20__oppefg,detailed_efficiency,0.0,504,504,-0.2597329776950531,0.2872678137292787,0.75,1.0,0.15399314922263324,0.4088700797140601,False,False,False,,below_bounded_prescreen
diff__rating__elo_mov_538_delta,dynamic_ratings,0.0,504,504,0.19816745528066879,0.20342302119272804,1.0,1.0,0.08142499127400221,0.39798289068329645,False,False,False,,below_bounded_prescreen
diff__compact__last10_margin_median,compact_performance,0.0,504,114,0.20388675145054558,0.19968416490146318,1.0,1.0,0.09413242751285619,0.3969381873713081,False,False,False,,below_bounded_prescreen
diff__rating__elo_mov_log_delta,dynamic_ratings,0.0,504,504,0.1984186938139618,0.20043168220142266,1.0,1.0,0.08506784546705887,0.3964566062770721,False,False,False,,below_bounded_prescreen
diff__detailed__clean__netrtg_std,detailed_efficiency,0.0,504,504,0.1970845104163237,0.2033873904373909,1.0,1.0,0.16133139898973653,0.39453128374194935,False,False,False,,below_bounded_prescreen
diff__detailed__all__fg3attemptrate_median,detailed_efficiency,0.0,504,502,-0.23967316307643852,0.26410889217065153,0.75,1.0,0.13356343244002586,0.3941578268211282,False,False,False,,below_bounded_prescreen
diff__detailed__all__netrtg_std,detailed_efficiency,0.0,504,504,0.1955613889908165,0.20012134365788686,1.0,1.0,0.15745703653303356,0.39278346907244394,False,False,False,,below_bounded_prescreen
diff__detailed__home__pace_mean,detailed_efficiency,0.027777777777777776,490,490,0.18490079946180632,0.19427219725958433,1.0,1.0,0.05849688512172457,0.3893667329391067,False,False,False,,below_bounded_prescreen
diff__detailed__clean__tovpct_median,detailed_efficiency,0.0,504,504,-0.18595160537001154,0.18694906059980512,1.0,1.0,0.09919571850008851,0.38667707352930547,False,False,False,,below_bounded_prescreen
diff__detailed__all__tovpct_median,detailed_efficiency,0.0,504,504,-0.18614937963893932,0.1863004848831601,1.0,1.0,0.09965010222385143,0.3863910921755294,False,False,False,,below_bounded_prescreen
diff__compact__margin_iqr,compact_performance,0.0,504,122,0.17107116402298309,0.19925724783126264,1.0,1.0,0.17516431016984413,0.38627256263726856,False,False,False,,below_bounded_prescreen
absdiff__conference__strength_std,conference_context,0.0,504,373,0.18439965271237854,0.18772465317997034,1.0,1.0,0.12030174664555043,0.385863687257287,False,False,False,,below_bounded_prescreen
diff__compact__last20_win_pct,compact_performance,0.0,504,23,0.16332985083978405,0.18212603020235552,1.0,1.0,0.06682349352435835,0.3806801219409088,False,False,False,,below_bounded_prescreen
diff__detailed__all__fg3pct_median,detailed_efficiency,0.0,504,381,0.1819004480239588,0.17415153226788455,1.0,1.0,0.10272958646158328,0.3795016505953922,False,False,False,,below_bounded_prescreen
diff__detailed__last10__four_factor_edge_mean,detailed_efficiency,0.0,504,504,0.2012087107057247,0.24338520621232534,0.75,1.0,0.05815655705809497,0.3787645530548518,False,False,False,,below_bounded_prescreen
diff__detailed__neutral__def_rtg_mean,detailed_efficiency,0.0873015873015873,460,460,-0.19162470079753224,0.18374041143361544,1.0,1.0,0.17162394486387392,0.3765037468849105,False,False,False,,below_bounded_prescreen
diff__detailed__clean__fg3pct_median,detailed_efficiency,0.0,504,381,0.1824038812647343,0.16577998504813182,1.0,1.0,0.10826153016762224,0.3753727854946399,False,False,False,,below_bounded_prescreen
diff__detailed__clean__oppstealpct_mean,detailed_efficiency,0.0,504,504,-0.1807810320413429,0.1652995455312365,1.0,1.0,0.09416827071495985,0.3753488780754905,False,False,False,,below_bounded_prescreen
diff__detailed__all__oppstealpct_mean,detailed_efficiency,0.0,504,504,-0.1804826085901018,0.16514576270063666,1.0,1.0,0.09167784805539485,0.3753090260639122,False,False,False,,below_bounded_prescreen
absdiff__detailed__ewm_h5__efg,detailed_efficiency,0.0,504,504,0.16232457696738786,0.17274839909753925,1.0,1.0,0.08939525263623999,0.3750548283941946,False,False,False,,below_bounded_prescreen
diff__detailed__clean__fg3_pct_ros,detailed_efficiency,0.0,504,503,0.20107100915089818,0.15136816529665903,1.0,1.0,0.2119883996248136,0.36841280537060134,False,False,False,,below_bounded_prescreen
diff__detailed__all__fg3_pct_ros,detailed_efficiency,0.0,504,503,0.20007781287644547,0.14978967760866108,1.0,1.0,0.20586204551984932,0.36768168226418135,False,False,False,,below_bounded_prescreen
diff__compact__neutral_win_pct,compact_performance,0.0873015873015873,460,85,0.15283280935196336,0.1781339685071377,1.0,1.0,0.11453663012996305,0.36756193075153254,False,False,False,,below_bounded_prescreen
diff__compact__overtime_periods_mean,compact_performance,0.0,504,163,-0.20355656541191394,0.22191048416815173,0.75,1.0,0.12066218390391256,0.3664729894351774,False,False,False,,below_bounded_prescreen
diff__compact__close3_wins,compact_performance,0.0,504,15,-0.19505422309458076,0.22172913919393578,0.75,1.0,0.07395766122556507,0.36638360944487436,False,False,False,,below_bounded_prescreen
absdiff__compact__margin_median,compact_performance,0.0,504,60,0.19222892866753827,0.21781118210807424,0.75,1.0,0.06651596269302118,0.3641790932110132,False,False,False,,below_bounded_prescreen
diff__compact__last10_margin_std,compact_performance,0.0,504,504,0.1790417808399228,0.23318642417359217,0.75,1.0,0.18505021948048533,0.36391666660888783,False,False,False,,below_bounded_prescreen
diff__compact__pythag_residual_exp8p0,compact_performance,0.0,504,504,-0.1715802318973305,0.14820011994863186,1.0,1.0,0.13042884946063768,0.3636665546143305,False,False,False,,below_bounded_prescreen
absdiff__detailed__clean__efg_mean,detailed_efficiency,0.0,504,504,0.1509620079581682,0.15075935036309235,1.0,1.0,0.05527667778491491,0.3633650628136848,False,False,False,,below_bounded_prescreen
absdiff__detailed__clean__efg_trim02,detailed_efficiency,0.0,504,504,0.1509620079581682,0.15075935036309235,1.0,1.0,0.05527667778491491,0.3633650628136848,False,False,False,,below_bounded_prescreen
diff__compact__last10_margin_mean,compact_performance,0.0,504,304,0.18846482263222716,0.21836344724927353,0.75,1.0,0.0905852689009829,0.362653304902702,False,False,False,,below_bounded_prescreen
absdiff__detailed__all__efg_mean,detailed_efficiency,0.0,504,504,0.14973139673082733,0.14961551023579156,1.0,1.0,0.0538845454325646,0.3626009703766594,False,False,False,,below_bounded_prescreen
absdiff__detailed__all__efg_trim02,detailed_efficiency,0.0,504,504,0.14973139673082733,0.14961551023579156,1.0,1.0,0.0538845454325646,0.3626009703766594,False,False,False,,below_bounded_prescreen
diff__conference__tourney_champion,conference_context,0.017857142857142856,495,3,-0.17017617184671816,0.14484631965829456,1.0,1.0,0.09881007494503591,0.3615840168158865,False,False,False,,below_bounded_prescreen
diff__detailed__clean__fg3pct_mean,detailed_efficiency,0.0,504,504,0.1861787688534951,0.14036658686810582,1.0,1.0,0.18100498301662277,0.3610950915237948,False,False,False,,below_bounded_prescreen
absdiff__detailed__clean__efg_ros,detailed_efficiency,0.0,504,504,0.1498653598623581,0.14468680280023577,1.0,1.0,0.053075066733675624,0.3602970418444849,False,False,False,,below_bounded_prescreen
absdiff__norm__detailed__all__efg_ros__z,within_season_normalization,0.0,504,504,0.14958538552132514,0.1432107051221515,1.0,1.0,0.05187345533109078,0.3595749850600806,False,False,False,,below_bounded_prescreen
absdiff__detailed__all__efg_ros,detailed_efficiency,0.0,504,504,0.1487042259336485,0.1432107075502781,1.0,1.0,0.051873462924352645,0.359381130812562,False,False,False,,below_bounded_prescreen
diff__detailed__all__fg3pct_mean,detailed_efficiency,0.0,504,504,0.18508970067599598,0.13655590930282757,1.0,1.0,0.17407076314126013,0.3593037400884259,False,False,False,,below_bounded_prescreen
diff__detailed__last20__def_rtg_mean,detailed_efficiency,0.0,504,504,-0.18368977923735777,0.21125117988904885,0.75,1.0,0.06794716396115819,0.3590944312205158,False,False,False,,below_bounded_prescreen
diff__compact__margin_mad,compact_performance,0.0,504,38,0.1710866904810827,0.1392316988729585,1.0,1.0,0.14482134290473642,0.35867743364866883,False,False,False,,below_bounded_prescreen
absdiff__detailed__last20__efg_mean,detailed_efficiency,0.0,504,504,0.14529366117889259,0.1450889439049765,1.0,1.0,0.10634599180078941,0.3573534588617135,False,False,False,,below_bounded_prescreen
diff__detailed__all__tovpct_std,detailed_efficiency,0.0,504,504,-0.19616712217149507,0.20590021809682993,0.75,1.0,0.11845911288075356,0.3572505070489771,False,False,False,,below_bounded_prescreen
diff__detailed__last20__opp_efg_mean,detailed_efficiency,0.0,504,504,-0.1833540711633628,0.2080689203281376,0.75,1.0,0.08112607611057102,0.356965934369023,False,False,False,,below_bounded_prescreen
diff__detailed__last10__net_rtg_mean,detailed_efficiency,0.0,504,504,0.1829254419764965,0.20768772137121758,0.75,1.0,0.07647506844169785,0.3568747007553458,False,False,False,,below_bounded_prescreen
absdiff__detailed__ewm_h10__efg,detailed_efficiency,0.0,504,504,0.1424217516022754,0.14823465217660514,1.0,1.0,0.14958859156818288,0.3565018747345438,False,False,False,,below_bounded_prescreen
diff__detailed__clean__tovpct_std,detailed_efficiency,0.0,504,504,-0.19554090969944454,0.20327354184014335,0.75,1.0,0.1176293331444262,0.35588512689136953,False,False,False,,below_bounded_prescreen
absdiff__compact__away_margin_mean,compact_performance,0.0,504,484,0.15760881027400103,0.1394956067877,1.0,1.0,0.15496779477607986,0.35543311772733305,False,False,False,,below_bounded_prescreen
absdiff__compact__margin_q75,compact_performance,0.0,504,115,0.1830186660757872,0.2030341269576868,0.75,1.0,0.07593940469811367,0.3546829112884383,False,False,False,,below_bounded_prescreen
diff__compact__last20_margin_std,compact_performance,0.0,504,504,0.15651732623516057,0.1358138731079308,1.0,1.0,0.14048107203771384,0.35400522798203354,False,False,False,,below_bounded_prescreen
absdiff__detailed__away__off_rtg_mean,detailed_efficiency,0.0,504,504,0.12287827439309736,0.14125101537034124,1.0,1.0,0.07769704663241722,0.35172582587894846,False,False,False,,below_bounded_prescreen
absdiff__detailed__last20__off_rtg_mean,detailed_efficiency,0.0,504,504,0.12352870820362225,0.13461808804315933,1.0,1.0,0.03574864578905197,0.35036305223395126,False,False,False,,below_bounded_prescreen
absdiff__compact__ewm_h10_margin,compact_performance,0.0,504,504,0.1662329631487396,0.19927123935356117,0.75,1.0,0.06755014208512292,0.34951944109902716,False,False,False,,below_bounded_prescreen
diff__detailed__all__oppassistturnoverratio_mean,detailed_efficiency,0.0,504,504,-0.15071391478041365,0.12846536223246735,1.0,1.0,0.13914102961684488,0.34925479393860154,False,False,False,,below_bounded_prescreen
diff__detailed__clean__oppassistturnoverratio_mean,detailed_efficiency,0.0,504,504,-0.1506214745645026,0.1281842266693861,1.0,1.0,0.1357977126796408,0.34923324469831024,False,False,False,,below_bounded_prescreen
diff__detailed__clean__oppstealpct_median,detailed_efficiency,0.0,504,504,-0.14482886447624765,0.12614231186650515,1.0,1.0,0.1075863408588169,0.3481072062463443,False,False,False,,below_bounded_prescreen
absdiff__detailed__poss0p475__net_rtg_mean,detailed_efficiency,0.0,504,504,0.1584633136370971,0.19806203017545781,0.75,1.0,0.05305620004319961,0.3478094554826531,False,False,False,,below_bounded_prescreen
absdiff__detailed__poss0p44__net_rtg_mean,detailed_efficiency,0.0,504,504,0.15806751215930873,0.19788677437939536,0.75,1.0,0.05282773289098716,0.3476473950615182,False,False,False,,below_bounded_prescreen
diff__detailed__all__oppstealpct_median,detailed_efficiency,0.0,504,504,-0.14493871859396135,0.12479195785714225,1.0,1.0,0.10556543843071053,0.3475640403248713,False,False,False,,below_bounded_prescreen
absdiff__adj__net_rtg_a50p0_z,opponent_adjusted_efficiency,0.0,504,504,0.1567921042500443,0.20102596407298412,0.75,1.0,0.0971510650582926,0.34710068308771036,False,True,True,11.0,selected
absdiff__norm__adj__net_rtg_a50p0__z,within_season_normalization,0.0,504,504,0.1567921042500443,0.20102596407298412,0.75,1.0,0.0971510650582926,0.34710068308771036,False,False,False,,below_bounded_prescreen
absdiff__adj__net_rtg_a50p0,opponent_adjusted_efficiency,0.0,504,504,0.15678419178278755,0.2010259643740887,0.75,1.0,0.09715106617221661,0.3470989424448871,False,True,False,,correlation_pruned_or_cap
diff__compact__pythag_residual_exp10p0,compact_performance,0.0,504,504,-0.14004780307712755,0.12507029099637215,1.0,1.0,0.11300718180712395,0.34632396908294166,False,False,False,,below_bounded_prescreen
absdiff__norm__detailed__all__net_rtg_ros__z,within_season_normalization,0.0,504,504,0.15727076437512424,0.19067747861080686,0.75,1.0,0.04879745860706505,0.344172859551432,False,False,False,,below_bounded_prescreen
absdiff__adj__def_rtg_a50p0,opponent_adjusted_efficiency,0.0,504,504,0.16079313210228804,0.19583808119499457,0.75,1.0,0.1328474914693633,0.3440628683773262,False,False,False,,below_bounded_prescreen
absdiff__detailed__all__net_rtg_ros,detailed_efficiency,0.0,504,504,0.15648272762929252,0.19067747544049907,0.75,1.0,0.048797469747305616,0.3439994894999917,False,False,False,,below_bounded_prescreen
absdiff__norm__detailed__clean__net_rtg_ros__z,within_season_normalization,0.0,504,504,0.15590831061942695,0.19015670836317028,0.75,1.0,0.057222731092405166,0.3432861391068995,False,False,False,,below_bounded_prescreen
absdiff__detailed__clean__net_rtg_ros,detailed_efficiency,0.0,504,504,0.15521119919033594,0.19015670640837945,0.75,1.0,0.0572227350590572,0.3431327734955337,False,False,False,,below_bounded_prescreen
absdiff__norm__compact__margin_mean__z,within_season_normalization,0.0,504,503,0.15816902110654163,0.18771794158104896,0.75,1.0,0.048586295881832886,0.3429583447670693,False,False,False,,below_bounded_prescreen
absdiff__norm__compact__margin_trim02__z,within_season_normalization,0.0,504,503,0.15816902110654163,0.18771794158104896,0.75,1.0,0.048586295881832886,0.3429583447670693,False,False,False,,below_bounded_prescreen
absdiff__compact__margin_mean,compact_performance,0.0,504,498,0.15642888680465877,0.18771793800659956,0.75,1.0,0.048586288931755095,0.3425755137829225,False,False,False,,below_bounded_prescreen
absdiff__compact__margin_trim02,compact_performance,0.0,504,498,0.15642888680465877,0.18771793800659956,0.75,1.0,0.048586288931755095,0.3425755137829225,False,False,False,,below_bounded_prescreen
absdiff__compact__margin_winsor02,compact_performance,0.0,504,504,0.1558493714426632,0.1838042190881584,0.75,1.0,0.05418503904677252,0.34034548531783104,False,False,False,,below_bounded_prescreen
diff__detailed__ewm_h20__tovpct,detailed_efficiency,0.0,504,504,-0.1812922214563698,0.1773635733596618,0.75,1.0,0.15440727463371334,0.33884251294769047,False,False,False,,below_bounded_prescreen
diff__detailed__clean__orbpct_std,detailed_efficiency,0.0,504,504,0.12449208590659643,0.20576414045340324,0.75,1.0,0.18388738107386907,0.33879955107413,False,False,False,,below_bounded_prescreen
absdiff__detailed__clean__efg_median,detailed_efficiency,0.0,504,496,0.12430693942214206,0.11150813252770399,1.0,1.0,0.06791375022633685,0.3381548802771157,False,False,False,,below_bounded_prescreen
absdiff__detailed__neutral__net_rtg_mean,detailed_efficiency,0.0873015873015873,460,460,0.10748458903516023,0.13247341542145946,1.0,1.0,0.0662514228067125,0.33759966509364037,False,False,False,,below_bounded_prescreen
diff__compact__ewm_h10_points_against,compact_performance,0.0,504,504,-0.16101318977765522,0.1765634944951033,0.75,1.0,0.08987476871199893,0.3365783883602537,False,False,False,,below_bounded_prescreen
absdiff__compact__neutral_margin_mean,compact_performance,0.0873015873015873,460,342,0.11001169088731917,0.12962854536695204,1.0,1.0,0.07260681814882357,0.3365358740612673,False,False,False,,below_bounded_prescreen
absdiff__detailed__all__efg_median,detailed_efficiency,0.0,504,495,0.1249159905148751,0.10794417247305692,1.0,1.0,0.07836354935486645,0.3361601787261452,False,False,False,,below_bounded_prescreen
diff__compact__day120plus_games,compact_performance,0.0,504,9,-0.1570356749807001,0.1818965125410127,0.75,1.0,0.1697192562802639,0.33506940426422954,False,False,False,,below_bounded_prescreen
absdiff__detailed__last10__efg_mean,detailed_efficiency,0.0,504,504,0.1355304094464397,0.10201529362866459,1.0,1.0,0.12116969409131272,0.3339372432563233,False,False,False,,below_bounded_prescreen
diff__detailed__all__orbpct_std,detailed_efficiency,0.0,504,504,0.12269485940640856,0.19464853755545453,0.75,1.0,0.18844129974329887,0.33288651510629613,False,False,False,,below_bounded_prescreen
absdiff__compact__ewm_h20_margin,compact_performance,0.0,504,504,0.15433917622480434,0.17833398980639234,0.75,1.0,0.1785239878681513,0.3324139743617992,False,False,False,,below_bounded_prescreen
absdiff__detailed__last10__off_rtg_mean,detailed_efficiency,0.0,504,504,0.11663376271434678,0.10111117658747695,1.0,1.0,0.051577719975826414,0.3321296837601122,False,False,False,,below_bounded_prescreen
diff__detailed__ewm_h5__defrtg,detailed_efficiency,0.0,504,504,-0.12598333218573496,0.18592124364799234,0.75,1.0,0.12635047066768523,0.3319045112051906,False,False,False,,below_bounded_prescreen
absdiff__compact__rest_days_std,compact_performance,0.0,504,503,-0.10058799099975267,0.10745993970613568,1.0,1.0,0.12945664768214185,0.3285318631716051,False,False,False,,below_bounded_prescreen
diff__compact__last5_points_for_mean,compact_performance,0.0,504,205,0.1554053524778505,0.1577869123346462,0.75,1.0,0.04890988989253059,0.32797049987005605,False,False,False,,below_bounded_prescreen
absdiff__detailed__poss0p475__off_rtg_mean,detailed_efficiency,0.0,504,504,0.13844306537358678,0.16421727139100922,0.75,1.0,0.05790311913747276,0.3269656398843746,False,False,False,,below_bounded_prescreen
absdiff__norm__rating__margin_ridge_a25p0__z,within_season_normalization,0.0,504,504,0.1264127182871535,0.17344726839269053,0.75,1.0,0.11643772736731474,0.32640797775697267,False,False,False,,below_bounded_prescreen
absdiff__rating__margin_ridge_a25p0_z,global_strength_ratings,0.0,504,504,0.1264127182871535,0.17344726839269053,0.75,1.0,0.11643772736731474,0.32640797775697267,False,False,False,,below_bounded_prescreen
absdiff__detailed__clean__off_rtg_ros,detailed_efficiency,0.0,504,504,0.13771526508868825,0.1628751739968157,0.75,1.0,0.05920739924269153,0.3261091458682753,False,False,False,,below_bounded_prescreen
absdiff__rating__margin_ridge_a25p0,global_strength_ratings,0.0,504,504,0.12469928571994672,0.17344726187059611,0.75,1.0,0.11643772571827404,0.32603101952754343,False,False,False,,below_bounded_prescreen
absdiff__detailed__all__off_rtg_ros,detailed_efficiency,0.0,504,504,0.1376853729966727,0.162605588623643,0.75,1.0,0.06066872904304202,0.32591471543689493,False,False,False,,below_bounded_prescreen
absdiff__adj__net_rtg_a10p0_z,opponent_adjusted_efficiency,0.0,504,504,0.1273366278804509,0.17333816857453413,0.75,1.0,0.1343406560464673,0.3258427528076169,False,False,False,,below_bounded_prescreen
absdiff__norm__adj__net_rtg_a10p0__z,within_season_normalization,0.0,504,504,0.1273366278804509,0.17333816857453413,0.75,1.0,0.1343406560464673,0.3258427528076169,False,False,False,,below_bounded_prescreen
absdiff__detailed__poss0p44__off_rtg_mean,detailed_efficiency,0.0,504,504,0.13603761285262914,0.16287703648993096,0.75,1.0,0.0600726185259213,0.3257063476017084,False,False,False,,below_bounded_prescreen
absdiff__adj__net_rtg_a10p0,opponent_adjusted_efficiency,0.0,504,504,0.12656427866868794,0.17333816362056376,0.75,1.0,0.13434065496962305,0.32567283364619704,False,False,False,,below_bounded_prescreen
absdiff__adj__def_rtg_a10p0,opponent_adjusted_efficiency,0.0,504,504,0.14988633314995997,0.15767341123982206,0.75,1.0,0.0948221525996601,0.32486534458411936,False,False,False,,below_bounded_prescreen
diff__compact__day110plus_margin_mean,compact_performance,0.0,504,452,0.13415920746155885,0.16535884337764364,0.75,1.0,0.1158461236935528,0.32425342551506975,False,False,False,,below_bounded_prescreen
diff__detailed__last5__off_rtg_mean,detailed_efficiency,0.0,504,504,0.12949073182120768,0.1680465053509927,0.75,1.0,0.12718778463549857,0.3240627721837222,False,False,False,,below_bounded_prescreen
diff__detailed__all__pace_ros,detailed_efficiency,0.0,504,504,0.14143181811398023,0.1603834051232944,0.75,1.0,0.10157687692197687,0.32403595936737783,False,False,False,,below_bounded_prescreen
diff__detailed__clean__pace_ros,detailed_efficiency,0.0,504,504,0.14096324701169455,0.15954126049452572,0.75,1.0,0.10181521130369023,0.3235191109277975,False,False,False,,below_bounded_prescreen
diff__detailed__last5__orb_pct_mean,detailed_efficiency,0.0,504,504,0.15874230235879105,0.15502320902176087,0.75,1.0,0.15055617208743494,0.32331219996588184,False,False,False,,below_bounded_prescreen
absdiff__detailed__last5__off_rtg_mean,detailed_efficiency,0.0,504,504,0.12774132196780233,0.16554592568187654,0.75,1.0,0.11311913596935304,0.3230403697214431,False,False,False,,below_bounded_prescreen
absdiff__detailed__clean__opp_ft_rate_ros,detailed_efficiency,0.0,504,504,0.15054089413945862,0.15135865769122547,0.75,1.0,0.11046635301615772,0.32135249828182283,False,False,False,,below_bounded_prescreen
diff__detailed__clean__drb_pct_ros,detailed_efficiency,0.0,504,504,0.1376488112384402,0.15317282532902352,0.75,1.0,0.0826864508291114,0.32049823659722365,False,False,False,,below_bounded_prescreen
absdiff__detailed__all__ftrate_std,detailed_efficiency,0.0,504,504,-0.11194838831872239,0.16842466974963016,0.75,1.0,0.13903160897202682,0.31991122255106036,False,False,False,,below_bounded_prescreen
diff__detailed__all__drb_pct_ros,detailed_efficiency,0.0,504,504,0.13800368829167697,0.15097760434935448,0.75,1.0,0.08257068237944382,0.31952723421668133,False,False,False,,below_bounded_prescreen
absdiff__detailed__all__opp_ft_rate_ros,detailed_efficiency,0.0,504,504,0.1493576838419762,0.14750254841176114,0.75,1.0,0.10369333136556608,0.31951218042825746,False,False,False,,below_bounded_prescreen
absdiff__detailed__clean__ftrate_std,detailed_efficiency,0.0,504,504,-0.11097425787421673,0.16763895356220032,0.75,1.0,0.13664912143207286,0.31941506958490096,False,False,False,,below_bounded_prescreen
absdiff__detailed__away__net_rtg_mean,detailed_efficiency,0.0,504,504,0.15929941597388006,0.1423368571694198,0.75,1.0,0.13673235111802676,0.31789826891085404,False,False,False,,below_bounded_prescreen
absdiff__adj__off_rtg_a50p0,opponent_adjusted_efficiency,0.0,504,504,0.13408966120784538,0.14790609807398875,0.75,1.0,0.08003739377646024,0.3172931567901821,False,False,False,,below_bounded_prescreen
diff__detailed__ewm_h10__tovpct,detailed_efficiency,0.0,504,504,-0.1516828734672592,0.14056272080703358,0.75,1.0,0.13024828493730095,0.31563040675268106,False,False,False,,below_bounded_prescreen
diff__detailed__clean__drbpct_mean,detailed_efficiency,0.0,504,504,0.1358931781166718,0.13993090132729788,0.75,1.0,0.07188567951049982,0.3141879046423508,False,False,False,,below_bounded_prescreen
diff__detailed__clean__defrtg_std,detailed_efficiency,0.0,504,504,0.13541909932934626,0.1472379402496972,0.75,1.0,0.160378933306229,0.31405125584006166,False,False,False,,below_bounded_prescreen
diff__detailed__all__defrtg_std,detailed_efficiency,0.0,504,504,0.13568791264900157,0.14727939010525046,0.75,1.0,0.16421656609361326,0.31397678538955603,False,False,False,,below_bounded_prescreen
diff__detailed__all__drbpct_mean,detailed_efficiency,0.0,504,504,0.13622560013681734,0.13768464838529965,0.75,1.0,0.07192087409201298,0.3131814282913631,False,False,False,,below_bounded_prescreen
absdiff__detailed__clean__oppftmaderate_mean,detailed_efficiency,0.0,504,504,0.13425675170533186,0.13864525220187102,0.75,1.0,0.08448841153113217,0.3127066699708258,False,False,False,,below_bounded_prescreen
absdiff__compact__margin_q25,compact_performance,0.0,504,114,0.11317690497679012,0.15100524726242048,0.75,1.0,0.12952359212861292,0.31220049409571116,False,False,False,,below_bounded_prescreen
absdiff__detailed__all__oppftmaderate_mean,detailed_efficiency,0.0,504,504,0.13386246288618942,0.13699916284053476,0.75,1.0,0.07874612525577437,0.3120594949881874,False,False,False,,below_bounded_prescreen
diff__detailed__last5__net_rtg_mean,detailed_efficiency,0.0,504,504,0.0911861244166325,0.15758232789307164,0.75,1.0,0.1110189248466506,0.3112597077664675,False,False,False,,below_bounded_prescreen
diff__compact__last5_margin_mean,compact_performance,0.0,504,229,0.09865103407816485,0.15514397449236922,0.75,1.0,0.12397460078786997,0.3112133512220187,False,False,False,,below_bounded_prescreen
diff__detailed__clean__drbpct_median,detailed_efficiency,0.0,504,488,0.12353180961444822,0.14067550548257624,0.75,1.0,0.09735714882706692,0.3108069547937325,False,False,False,,below_bounded_prescreen
absdiff__detailed__home__net_rtg_mean,detailed_efficiency,0.027777777777777776,490,490,0.11206987188610784,0.15071154388625996,0.75,1.0,0.10688140092379725,0.31049943462117435,False,False,False,,below_bounded_prescreen
diff__compact__last5_margin_median,compact_performance,0.0,504,76,0.11513644149757513,0.1446358990364749,0.75,1.0,0.1313111463364125,0.30950280281351794,False,False,False,,below_bounded_prescreen
diff__detailed__all__drbpct_median,detailed_efficiency,0.0,504,488,0.12294298342504777,0.1365217777788067,0.75,1.0,0.09400916867970803,0.3088175429401494,False,False,False,,below_bounded_prescreen
absdiff__detailed__clean__opp_ftmade_rate_ros,detailed_efficiency,0.0,504,504,0.12978213348885728,0.13327972238922176,0.75,1.0,0.09959276752831497,0.30854262541324246,False,False,False,,below_bounded_prescreen
absdiff__detailed__all__opp_ftmade_rate_ros,detailed_efficiency,0.0,504,504,0.12974904995383357,0.13187700792544826,0.75,1.0,0.09398443008978007,0.3080863775904673,False,False,False,,below_bounded_prescreen
absdiff__rating__pagerank_margin,global_strength_ratings,0.0,504,504,0.13903649932737627,0.12716912976458966,0.75,1.0,0.09075671985530114,0.3079989433448138,False,False,False,,below_bounded_prescreen
diff__compact__half_winpct_second,compact_performance,0.0,504,165,0.10808848311082955,0.13549058584650014,0.75,1.0,0.025504597151170358,0.3077947636046558,False,False,False,,below_bounded_prescreen
absdiff__norm__rating__pagerank_margin__z,within_season_normalization,0.0,504,504,0.1327691561082219,0.1271691238679574,0.75,1.0,0.09075670476205923,0.30662012560994606,False,False,False,,below_bounded_prescreen
absdiff__rating__pagerank_margin_z,global_strength_ratings,0.0,504,504,0.1327691561082219,0.1271691238679574,0.75,1.0,0.09075670476205923,0.30662012560994606,False,False,False,,below_bounded_prescreen
diff__detailed__all__ftpct_mean,detailed_efficiency,0.0,504,504,0.13718115477047274,0.12443076777850415,0.75,1.0,0.08967704861439174,0.30631954063861033,False,False,False,,below_bounded_prescreen
diff__detailed__clean__ftpct_mean,detailed_efficiency,0.0,504,504,0.13690996383163603,0.12245791101248553,0.75,1.0,0.08727890312463363,0.30540883320396767,False,False,False,,below_bounded_prescreen
diff__detailed__all__oppassistturnoverratio_median,detailed_efficiency,0.0,504,476,-0.13831707267522586,0.11964416563195221,0.75,1.0,0.09594668913202142,0.30402108792660587,False,False,False,,below_bounded_prescreen
diff__detailed__clean__oppassistturnoverratio_median,detailed_efficiency,0.0,504,475,-0.13759739625013465,0.11990680181938065,0.75,1.0,0.09608722125558936,0.3039832031981088,False,False,False,,below_bounded_prescreen
absdiff__rating__pagerank_binary,global_strength_ratings,0.0,504,504,0.1317934947927555,0.12306230948604918,0.75,1.0,0.12121108281395743,0.3032160340951515,False,False,False,,below_bounded_prescreen
absdiff__detailed__last5__efg_mean,detailed_efficiency,0.0,504,504,0.10371894838748749,0.13504972943461072,0.75,1.0,0.11905895208759576,0.3028796806903566,False,False,False,,below_bounded_prescreen
absdiff__rating__pagerank_binary_z,global_strength_ratings,0.0,504,504,0.12904635186149727,0.12306231087139466,0.75,1.0,0.12121107685429205,0.3026116635536272,False,False,False,,below_bounded_prescreen
absdiff__detailed__all__oppftmaderate_median,detailed_efficiency,0.0,504,500,0.10334756654477761,0.13250490918294822,0.75,1.0,0.1246024174270657,0.3013547243505836,False,False,False,,below_bounded_prescreen
diff__detailed__ewm_h5__oppefg,detailed_efficiency,0.0,504,504,-0.10674371038958519,0.12487138627454124,0.75,1.0,0.08528814720964595,0.3000103558091027,False,False,False,,below_bounded_prescreen
diff__compact__last20_points_against_mean,compact_performance,0.0,504,351,-0.09742058574911222,0.1296837351277604,0.75,1.0,0.10723176119996354,0.29939145127813116,False,False,False,,below_bounded_prescreen
diff__detailed__neutral__pace_mean,detailed_efficiency,0.0873015873015873,460,457,0.1274152723913137,0.1299897889342837,0.75,1.0,0.11358039612228239,0.2988991157855269,False,False,False,,below_bounded_prescreen
absdiff__compact__home_margin_mean,compact_performance,0.027777777777777776,490,478,0.10183535409939964,0.13373315610147982,0.75,1.0,0.13984138544398356,0.2987798151905966,False,False,False,,below_bounded_prescreen
diff__detailed__last5__four_factor_edge_mean,detailed_efficiency,0.0,504,504,0.10123584574519144,0.1240235230141116,0.75,1.0,0.08141820648009468,0.2985464488515119,False,False,False,,below_bounded_prescreen
absdiff__detailed__clean__oppftmaderate_median,detailed_efficiency,0.0,504,500,0.10046072544490466,0.12777791569291938,0.75,1.0,0.1401850503749858,0.2978273571154809,False,False,False,,below_bounded_prescreen
absdiff__detailed__ewm_h20__efg,detailed_efficiency,0.0,504,504,0.11289597273898559,0.12354624522014611,0.75,1.0,0.17107012240051703,0.29729650681222625,False,False,False,,below_bounded_prescreen
diff__detailed__clean__steal_pct_ros,detailed_efficiency,0.0,504,504,0.09897626559239772,0.1226578570608009,0.75,1.0,0.10704477372401586,0.29636875887055125,False,False,False,,below_bounded_prescreen
diff__detailed__all__ft_pct_ros,detailed_efficiency,0.0,504,504,0.12682370764856157,0.10787465405333987,0.75,1.0,0.08953130099493237,0.29609979758848937,False,False,False,,below_bounded_prescreen
diff__detailed__all__steal_pct_ros,detailed_efficiency,0.0,504,504,0.0980615320190165,0.1220965214188172,0.75,1.0,0.10860807400150291,0.29583554436515574,False,False,False,,below_bounded_prescreen
diff__detailed__last20__pace_mean,detailed_efficiency,0.0,504,500,0.104695224496541,0.11654433019921079,0.75,1.0,0.0812325994422734,0.29572492390716926,False,False,False,,below_bounded_prescreen
diff__detailed__clean__stealpct_mean,detailed_efficiency,0.0,504,504,0.09541246717953432,0.12242165375525071,0.75,1.0,0.11209936581452074,0.29526916194943703,False,False,False,,below_bounded_prescreen
diff__detailed__clean__ft_pct_ros,detailed_efficiency,0.0,504,504,0.1266396958381381,0.10551642574331949,0.75,1.0,0.08718721420490683,0.2950211288729875,False,False,False,,below_bounded_prescreen
absdiff__compact__last20_margin_median,compact_performance,0.0,504,66,0.12156522676012577,0.10906211721596606,0.75,1.0,0.11246904394123225,0.29459540439324206,False,False,False,,below_bounded_prescreen
diff__detailed__all__stealpct_mean,detailed_efficiency,0.0,504,504,0.0944982593124417,0.121243393129079,0.75,1.0,0.11360102292503886,0.29444240483369355,False,False,False,,below_bounded_prescreen
absdiff__compact__half_marginmean_first,compact_performance,0.0,504,451,0.09707334549731561,0.12125770387584417,0.75,1.0,0.12821766491866088,0.29443112727306825,False,False,False,,below_bounded_prescreen
absdiff__compact__last5_margin_median,compact_performance,0.0,504,46,0.10049142175446518,0.1200570330379361,0.75,1.0,0.13855667278264244,0.2941932217328859,False,False,False,,below_bounded_prescreen
absdiff__compact__half_marginmean_second,compact_performance,0.0,504,462,0.12897189187139022,0.10438630259148116,0.75,1.0,0.13559468378410505,0.29305545410425254,False,False,False,,below_bounded_prescreen
absdiff__detailed__all__def_rtg_ros,detailed_efficiency,0.0,504,504,0.14413954296877626,0.17781952449485144,0.5,1.0,0.12854246753292414,0.2919223725093425,False,False,False,,below_bounded_prescreen
mean__compact__margin_mad,compact_performance,0.0,504,42,0.09578334654988878,0.11569602995206175,0.75,1.0,0.12358567256155761,0.2916630037155029,False,False,False,,below_bounded_prescreen
absdiff__detailed__clean__def_rtg_ros,detailed_efficiency,0.0,504,504,0.1431240104006605,0.17737842074525634,0.5,1.0,0.14470881258247736,0.2908405717425693,False,False,False,,below_bounded_prescreen
absdiff__detailed__poss0p44__def_rtg_mean,detailed_efficiency,0.0,504,504,0.14642002216326908,0.17377826790523035,0.5,1.0,0.1392649188304336,0.2900553767172124,False,False,False,,below_bounded_prescreen
absdiff__adj__off_rtg_a10p0,opponent_adjusted_efficiency,0.0,504,504,0.10895882772669659,0.10454587995806734,0.75,1.0,0.10725522220282885,0.28986275559163244,False,False,False,,below_bounded_prescreen
absdiff__detailed__poss0p475__def_rtg_mean,detailed_efficiency,0.0,504,504,0.14515077918388336,0.17350349545283728,0.5,1.0,0.13519623035811593,0.28980700002349163,False,False,False,,below_bounded_prescreen
absdiff__detailed__neutral__off_rtg_mean,detailed_efficiency,0.0873015873015873,460,460,0.09400612355223321,0.12613316349795337,0.75,1.0,0.12361148097410266,0.2892966794374178,False,False,False,,below_bounded_prescreen
absdiff__detailed__last20__net_rtg_mean,detailed_efficiency,0.0,504,504,0.10704863932363835,0.10625968683830919,0.75,1.0,0.13592445976371648,0.28911837194304013,False,False,False,,below_bounded_prescreen
diff__detailed__last10__pace_mean,detailed_efficiency,0.0,504,499,0.10480012166390862,0.10112695863672755,0.75,1.0,0.06914081876824632,0.2888313341609593,False,False,False,,below_bounded_prescreen
diff__detailed__last20__tov_pct_mean,detailed_efficiency,0.0,504,504,-0.09907300970009603,0.10723061301686909,0.75,1.0,0.11992258155524213,0.28846985311990864,False,False,False,,below_bounded_prescreen
diff__detailed__clean__oppftpct_mean,detailed_efficiency,0.0,504,504,-0.09341994255959274,0.10919488927725071,0.75,1.0,0.13089367130929425,0.287730187363819,False,False,False,,below_bounded_prescreen
mean__detailed__home__games,detailed_efficiency,0.027777777777777776,490,22,0.1315025093251741,0.08932300313958334,0.75,1.0,0.09789035557457132,0.2856677571133332,False,False,False,,below_bounded_prescreen
diff__detailed__all__oppftpct_mean,detailed_efficiency,0.0,504,504,-0.09181811455318986,0.10479055229422234,0.75,1.0,0.13276244043111385,0.2851889526856839,False,False,False,,below_bounded_prescreen
mean__compact__home_games,compact_performance,0.027777777777777776,490,21,0.12638122732486068,0.08932300313958334,0.75,1.0,0.10324180250439784,0.28432701719607123,False,False,False,,below_bounded_prescreen
diff__compact__pythag_residual_exp11p5,compact_performance,0.0,504,504,-0.10085353549666946,0.09304502691851116,0.75,1.0,0.08733575233401347,0.2833559606367921,False,False,False,,below_bounded_prescreen
diff__detailed__away__pace_mean,detailed_efficiency,0.0,504,504,0.06413928215336791,0.10996033274846627,0.75,1.0,0.10904999748771557,0.28252960189349613,False,False,False,,below_bounded_prescreen
absdiff__compact__last20_margin_mean,compact_performance,0.0,504,297,0.10889390171221495,0.08891652532057098,0.75,1.0,0.12809988624960844,0.281512595080577,False,False,False,,below_bounded_prescreen
absdiff__compact__margin_q90,compact_performance,0.0,504,235,0.08460825448842396,0.09650815485747515,0.75,1.0,0.13165751468537285,0.27967142973162645,False,False,False,,below_bounded_prescreen
diff__compact__half_pointsagainstmean_second,compact_performance,0.0,504,469,-0.06709768789053355,0.10204305712315494,0.75,1.0,0.10509671478494219,0.279538290163634,False,False,False,,below_bounded_prescreen
diff__detailed__all__oppfg3pct_mean,detailed_efficiency,0.0,504,504,-0.1415273493045679,0.1558918992891759,0.5,1.0,0.1727290797617806,0.27905496531533813,False,False,False,,below_bounded_prescreen
diff__compact__ewm_h5_win,compact_performance,0.0,504,504,0.05625613927817408,0.10171207041148453,0.75,1.0,0.06355120963542196,0.27865609605329394,False,False,False,,below_bounded_prescreen
diff__detailed__clean__oppfg3pct_mean,detailed_efficiency,0.0,504,504,-0.1388080142011949,0.1553822650443982,0.5,1.0,0.16904203151107816,0.2783595690851309,False,False,False,,below_bounded_prescreen
diff__detailed__all__ftrate_std,detailed_efficiency,0.0,504,504,-0.10381207819132249,0.16547704829684787,0.5,1.0,0.16123158100758267,0.27581837714427465,False,False,False,,below_bounded_prescreen
diff__detailed__clean__ftrate_std,detailed_efficiency,0.0,504,504,-0.10148628589188845,0.1659778371902595,0.5,1.0,0.16114737068235097,0.27555044992024597,False,False,False,,below_bounded_prescreen
diff__compact__neutral_games,compact_performance,0.0873015873015873,460,29,0.0987286618590621,0.18178845935190485,0.5,1.0,0.16487632151777015,0.27539958625307015,False,False,False,,below_bounded_prescreen
absdiff__detailed__home__off_rtg_mean,detailed_efficiency,0.027777777777777776,490,490,0.0771122999862951,0.09572012375128977,0.75,1.0,0.1331213989872072,0.2753632872158935,False,False,False,,below_bounded_prescreen
diff__compact__day90plus_games,compact_performance,0.0,504,10,0.09425847624909436,0.09124752929873675,0.7142857142857143,1.0,0.09523449698567547,0.27501201324448166,False,False,False,,below_bounded_prescreen
seedprior__generic_gender_games,prequential_seed_priors,0.0,504,9,-0.11859680523299217,0.09630261444211727,0.6666666666666666,1.0,0.10552667506072115,0.27476215174771235,False,True,True,36.0,selected
diff__detailed__neutral__games,detailed_efficiency,0.0873015873015873,460,28,0.09619372332043973,0.18178845935190485,0.5,1.0,0.1686744250739754,0.2746899756323251,False,False,False,,below_bounded_prescreen
mean__compact__margin_iqr,compact_performance,0.0,504,125,0.0706384152046723,0.08848731236941919,0.75,1.0,0.0874277771728435,0.2745172501954354,False,False,False,,below_bounded_prescreen
diff__detailed__all__assistperfgm_median,detailed_efficiency,0.0,504,494,0.05985104670613355,0.09043662100000974,0.75,1.0,0.07436263777971404,0.2736023028441655,False,False,False,,below_bounded_prescreen
diff__detailed__clean__assistperfgm_median,detailed_efficiency,0.0,504,493,0.059887806598672905,0.09018068485529257,0.75,1.0,0.07336736851169437,0.2735273514417807,False,False,False,,below_bounded_prescreen
mean__detailed__all__oppftmaderate_median,detailed_efficiency,0.0,504,502,-0.07357501109083987,0.08055862002571698,0.75,1.0,0.048266357999346365,0.2729239857323551,False,False,False,,below_bounded_prescreen
mean__detailed__clean__oppftmaderate_median,detailed_efficiency,0.0,504,502,-0.07165848663545193,0.08038793201351575,0.75,1.0,0.038907087179567035,0.2727947909391043,False,False,False,,below_bounded_prescreen
mean__detailed__clean__opp_ftmade_rate_ros,detailed_efficiency,0.0,504,504,-0.07192595240458083,0.08045175147577933,0.75,1.0,0.04335834345861056,0.2727062164990375,False,False,False,,below_bounded_prescreen
mean__detailed__all__opp_ftmade_rate_ros,detailed_efficiency,0.0,504,504,-0.07234324503625131,0.08015097391430065,0.75,1.0,0.04264731209456528,0.272682088903057,False,False,False,,below_bounded_prescreen
mean__detailed__all__oppftmaderate_mean,detailed_efficiency,0.0,504,504,-0.07248827956378673,0.07984486043030853,0.75,1.0,0.04443307214346724,0.2724956316248425,False,False,False,,below_bounded_prescreen
mean__detailed__clean__oppftmaderate_mean,detailed_efficiency,0.0,504,504,-0.07195339434657458,0.07863024131864038,0.75,1.0,0.0427799510680041,0.2718610645464736,False,False,False,,below_bounded_prescreen
mean__detailed__clean__ftmaderate_median,detailed_efficiency,0.0,504,498,-0.05503258242936246,0.08671457969809884,0.75,1.0,0.0747704995857658,0.2707393464061165,False,False,False,,below_bounded_prescreen
mean__detailed__all__ftmaderate_median,detailed_efficiency,0.0,504,497,-0.055344287943200926,0.08541236406134155,0.75,1.0,0.07071298110727715,0.2703451588526571,False,False,False,,below_bounded_prescreen
absdiff__detailed__clean__ft_rate_ros,detailed_efficiency,0.0,504,504,0.0610435457779213,0.08116031708992513,0.75,1.0,0.06640133754168745,0.2697304787726393,False,False,False,,below_bounded_prescreen
absdiff__detailed__all__ft_rate_ros,detailed_efficiency,0.0,504,504,0.06094656788464851,0.08083447753717946,0.75,1.0,0.0639713830450151,0.2696499388306682,False,False,False,,below_bounded_prescreen
absdiff__rating__elo_season_reset_mov_z,dynamic_ratings,0.0,504,504,0.07122637847064006,0.07600004589898327,0.75,1.0,0.07573305670154382,0.2691205030269911,False,False,False,,below_bounded_prescreen
mean__compact__games,compact_performance,0.0,504,12,0.07391613301871414,0.0762145936284469,0.75,1.0,0.0991002906877343,0.2688805425782622,False,False,False,,below_bounded_prescreen
absdiff__rating__elo_season_reset_mov,dynamic_ratings,0.0,504,504,0.06947103600830434,0.07600004096863822,0.75,1.0,0.07573306300323462,0.2687343250666439,False,False,False,,below_bounded_prescreen
absdiff__rating__elo_season_reset_mov_delta,dynamic_ratings,0.0,504,504,0.06947103600830434,0.07600004096863822,0.75,1.0,0.07573306300323462,0.2687343250666439,False,False,False,,below_bounded_prescreen
absdiff__rating__elo_mov_log_preseason,dynamic_ratings,0.0,504,504,0.05074496371416589,0.08406948067173999,0.75,1.0,0.08325516147887844,0.26818703628039653,False,False,False,,below_bounded_prescreen
diff__detailed__last5__efg_mean,detailed_efficiency,0.0,504,504,0.13089739308295634,0.13439545984416268,0.5,1.0,0.13705972441439873,0.2678248582268725,False,False,False,,below_bounded_prescreen
absdiff__rating__elo_mov_538_preseason,dynamic_ratings,0.0,504,504,0.049113097467360756,0.08367292506443468,0.75,1.0,0.0851024132435435,0.2675637889440063,False,False,False,,below_bounded_prescreen
diff__quality__HasCompleteDetailedCoverage,detailed_efficiency,0.0,504,3,-0.037567819479484045,0.0,1.0,1.0,0.022774914762045233,0.2673539236950047,False,False,False,,below_bounded_prescreen
diff__detailed__last10__def_rtg_mean,detailed_efficiency,0.0,504,504,-0.07883819155579795,0.15679661077873447,0.5,1.0,0.14295927191035362,0.266888404439654,False,False,False,,below_bounded_prescreen
diff__detailed__all__assistperfgm_mean,detailed_efficiency,0.0,504,504,0.0519278221313686,0.07922023750213895,0.75,1.0,0.07592608413761046,0.2664127915044234,False,False,False,,below_bounded_prescreen
diff__detailed__clean__assistperfgm_mean,detailed_efficiency,0.0,504,504,0.051753727801845964,0.07844575293286965,0.75,1.0,0.07491970096765953,0.2660429934854771,False,False,False,,below_bounded_prescreen
diff__availability__rich_coverage,availability_and_context,0.0,504,3,0.02687429751660881,0.0,1.0,1.0,0.0,0.26591234545365394,False,False,False,,below_bounded_prescreen
diff__quality__RichFeatureCoverageEligible,detailed_efficiency,0.0,504,3,0.02687429751660881,0.0,1.0,1.0,0.0,0.26591234545365394,False,False,False,,below_bounded_prescreen
absdiff__availability__rich_coverage,availability_and_context,0.0,504,2,0.02243769441817733,0.0,1.0,1.0,0.0,0.26493629277199904,False,False,False,,below_bounded_prescreen
mean__availability__rich_coverage,availability_and_context,0.0,504,2,-0.02243769441817734,0.0,1.0,1.0,0.0,0.26493629277199904,False,False,False,,below_bounded_prescreen
diff__quality__MissingDetailedGames,detailed_efficiency,0.0,504,7,0.019787579060153014,0.0,1.0,1.0,0.0018614729570151577,0.26427880847495305,False,False,False,,below_bounded_prescreen
mean__conference__strength_std,conference_context,0.0,504,379,0.11293303431529973,0.13179322256347603,0.5,1.0,0.09939516913792437,0.2641302076143175,False,False,False,,below_bounded_prescreen
mean__compact__neutral_games,compact_performance,0.0873015873015873,460,22,-0.043550707320607056,0.09457687032859803,0.75,1.0,0.11683765626779605,0.26332042013342183,False,False,False,,below_bounded_prescreen
diff__compact__neutral_margin_std,compact_performance,0.21031746031746032,398,398,0.13065565996801812,0.15450386821030723,0.5,1.0,0.09607254390258899,0.262237803352411,False,False,False,,below_bounded_prescreen
absdiff__detailed__last10__tov_pct_mean,detailed_efficiency,0.0,504,504,0.10346858735546914,0.13441253116184437,0.5,1.0,0.13363260570541674,0.2619357999476718,False,False,False,,below_bounded_prescreen
mean__detailed__neutral__games,detailed_efficiency,0.0873015873015873,460,22,-0.04567228999784798,0.0916244608570547,0.75,1.0,0.13032566242944638,0.26183049152960797,False,False,False,,below_bounded_prescreen
diff__compact__day120plus_win_pct,compact_performance,0.0,504,30,-0.08575401302844142,0.05494867859177125,0.75,1.0,0.0938372239636869,0.2614877596317598,False,False,False,,below_bounded_prescreen
diff__detailed__last5__pace_mean,detailed_efficiency,0.0,504,490,0.09392065840170052,0.14478100263437324,0.5,1.0,0.2282648425918022,0.2610268324092012,False,False,False,,below_bounded_prescreen
absdiff__compact__pythag_exp8p0,compact_performance,0.0,504,504,0.030439118274514395,0.07553557453465895,0.75,1.0,0.06519397390334511,0.2603459228408957,False,False,False,,below_bounded_prescreen
diff__detailed__last10__opp_efg_mean,detailed_efficiency,0.0,504,504,-0.08596512594978534,0.1336201559944293,0.5,1.0,0.08359642363115981,0.25970614564103245,False,False,False,,below_bounded_prescreen
absdiff__detailed__last5__tov_pct_mean,detailed_efficiency,0.0,504,504,0.08457645938081922,0.14007999265554408,0.5,1.0,0.156870125717883,0.25957041250972607,False,False,False,,below_bounded_prescreen
diff__conference__tourney_win_pct,conference_context,0.017857142857142856,495,16,-0.08439231639339662,0.05264484034088314,0.75,1.0,0.10975597453746655,0.25801702256010106,False,False,False,,below_bounded_prescreen
diff__detailed__clean__ftpct_median,detailed_efficiency,0.0,504,444,0.12636361017184394,0.11051888568245918,0.5,1.0,0.10212242055859586,0.25676416254304224,False,False,False,,below_bounded_prescreen
absdiff__detailed__clean__offrtg_std,detailed_efficiency,0.0,504,504,0.052446674725080036,0.05862379785370512,0.75,1.0,0.07391927593258588,0.2567209203719927,False,False,False,,below_bounded_prescreen
seedprior__favorite_seed_games,prequential_seed_priors,0.0,504,52,0.0007567833325782517,0.08195028991072192,0.75,1.0,0.08195071013948196,0.25622460308473444,False,True,False,,correlation_pruned_or_cap
mean__compact__rest_days_std,compact_performance,0.0,504,503,-0.07037675502270598,0.1395135910850625,0.5,1.0,0.16047366117377898,0.25603046337887414,False,False,False,,below_bounded_prescreen
absdiff__detailed__ewm_h20__oppefg,detailed_efficiency,0.0,504,504,0.11139385010886343,0.11982746334476972,0.5,1.0,0.15869209647164836,0.25567614557057355,False,False,False,,below_bounded_prescreen
diff__detailed__all__ftpct_median,detailed_efficiency,0.0,504,445,0.1254692485563266,0.10816954443444246,0.5,1.0,0.10102798649872712,0.2554834965509752,False,False,False,,below_bounded_prescreen
absdiff__rating__margin_ridge_a5p0_z,global_strength_ratings,0.0,504,504,0.09158401280923395,0.11913891646351707,0.5,1.0,0.10046394456575942,0.2533166049378893,False,False,False,,below_bounded_prescreen
absdiff__rating__margin_ridge_a5p0,global_strength_ratings,0.0,504,504,0.08869828726448613,0.11913891494762505,0.5,1.0,0.10046395551087772,0.25268174415261185,False,False,False,,below_bounded_prescreen
mean__detailed__neutral__pace_mean,detailed_efficiency,0.0873015873015873,460,458,0.03842045547207621,0.15854215224809487,0.5,1.0,0.15893948204902425,0.2512110270168543,False,False,False,,below_bounded_prescreen
mean__compact__neutral_margin_std,compact_performance,0.21031746031746032,398,397,0.09827050955284078,0.15259594270183213,0.5,1.0,0.1780211914479661,0.2509193201151889,False,False,False,,below_bounded_prescreen
diff__detailed__clean__oppfg3pct_median,detailed_efficiency,0.0,504,408,-0.09341717773468498,0.11370267218875696,0.5,1.0,0.1361928879580463,0.2496813462339122,False,False,False,,below_bounded_prescreen
absdiff__rating__elo_mov_log_z,dynamic_ratings,0.0,504,504,0.06513751223226152,0.1228803351005022,0.5,1.0,0.10842276858156942,0.24897590279607576,False,False,False,,below_bounded_prescreen
absdiff__rating__elo_mov_log,dynamic_ratings,0.0,504,504,0.06432982120233702,0.12288034450146407,0.5,1.0,0.1084227687016654,0.24879821527715032,False,False,False,,below_bounded_prescreen
absdiff__norm__rating__elo_mov_538__z,within_season_normalization,0.0,504,504,0.06397822482044735,0.1213898826386314,0.5,1.0,0.11210600869784403,0.2478581127791277,False,False,False,,below_bounded_prescreen
absdiff__rating__elo_mov_538_z,dynamic_ratings,0.0,504,504,0.06397822482044735,0.1213898826386314,0.5,1.0,0.11210600869784403,0.2478581127791277,False,False,False,,below_bounded_prescreen
diff__detailed__all__oppfg3pct_median,detailed_efficiency,0.0,504,407,-0.0941990377877673,0.10949951247854024,0.5,1.0,0.13890675110889034,0.24772728425865248,False,False,False,,below_bounded_prescreen
absdiff__rating__elo_mov_538,dynamic_ratings,0.0,504,504,0.06318272747667582,0.12138987277569008,0.5,1.0,0.11210600007070615,0.24768309897437166,False,False,False,,below_bounded_prescreen
mean__detailed__last10__pace_mean,detailed_efficiency,0.0,504,494,0.031890649999988384,0.1388877113929497,0.5,1.0,0.16515510638907635,0.24707584021305026,False,False,False,,below_bounded_prescreen
absdiff__schedule__opponent_strength_mean,schedule_and_accomplishment,0.0,504,504,-0.048467595146142815,0.12851525420754759,0.5,1.0,0.14244716179513642,0.24665230647996883,False,False,False,,below_bounded_prescreen
seedprior__favorite_prob_pc8p0,prequential_seed_priors,0.0,504,179,-0.0569354078449346,0.12313622957291219,0.5,1.0,0.1344222608112002,0.24625428948843545,False,True,False,,correlation_pruned_or_cap
seedprior__favorite_prob_pc2p0,prequential_seed_priors,0.0,504,179,-0.053012293503805395,0.12493288438344571,0.5,1.0,0.13709028208450463,0.24614687779151098,False,True,False,,correlation_pruned_or_cap
mean__detailed__clean__tovpct_std,detailed_efficiency,0.0,504,504,-0.05336970762500494,0.13293150187655245,0.5,1.0,0.24104548408411716,0.24590663721488157,False,False,False,,below_bounded_prescreen
absdiff__norm__schedule__opponent_strength_mean__z,within_season_normalization,0.0,504,504,-0.043844668657392276,0.12851524557405508,0.5,1.0,0.14244716780623945,0.2456352582679232,False,False,False,,below_bounded_prescreen
absdiff__schedule__top_quartile_games,schedule_and_accomplishment,0.0,504,25,-0.04987026096744942,0.12393379547282568,0.5,1.0,0.1238648221216285,0.24550508635493004,False,False,False,,below_bounded_prescreen
absdiff__compact__day90plus_margin_mean,compact_performance,0.0,504,476,0.12413920033035732,0.09932010138002599,0.5,1.0,0.25169212360331417,0.24491658779095848,False,False,False,,below_bounded_prescreen
mean__detailed__all__tovpct_std,detailed_efficiency,0.0,504,504,-0.05346015848051438,0.12997023329475302,0.5,1.0,0.23317267153434512,0.24482003998582083,False,False,False,,below_bounded_prescreen
absdiff__detailed__clean__oppefg_median,detailed_efficiency,0.0,504,502,0.09216420180923858,0.10343618940066346,0.5,1.0,0.16976194911038933,0.24313501734593537,False,False,False,,below_bounded_prescreen
absdiff__detailed__all__oppefg_median,detailed_efficiency,0.0,504,501,0.09210767384740855,0.10322195194530281,0.5,1.0,0.1715643468737358,0.2429476513052258,False,False,False,,below_bounded_prescreen
diff__detailed__ewm_h5__ftrate,detailed_efficiency,0.0,504,504,-0.059332040806999754,0.11315536699248993,0.5,1.0,0.121819566105076,0.24249484248973208,False,False,False,,below_bounded_prescreen
absdiff__seed__number,selection_committee_prior,0.0,504,14,-0.04524477139260164,0.11956729108942063,0.5,1.0,0.1277076590606917,0.24223784306686658,False,True,False,,correlation_pruned_or_cap
mean__detailed__all__defrtg_std,detailed_efficiency,0.0,504,504,0.08454022193614813,0.10231536797066085,0.5,1.0,0.14541201539554122,0.24189374483604814,False,False,False,,below_bounded_prescreen
diff__detailed__last5__ft_rate_mean,detailed_efficiency,0.0,504,504,-0.07143190705434575,0.10543998638730184,0.5,1.0,0.1418940602781523,0.24065045060673487,False,False,False,,below_bounded_prescreen
diff__compact__day90plus_win_pct,compact_performance,0.0,504,219,0.0449466088892022,0.11316572910921907,0.5,1.0,0.11294845336739076,0.239689865793354,False,False,False,,below_bounded_prescreen
absdiff__detailed__home__def_rtg_mean,detailed_efficiency,0.027777777777777776,490,490,0.06080132632350776,0.10821693315396755,0.5,1.0,0.09883353133384792,0.23914485622950002,False,False,False,,below_bounded_prescreen
absdiff__compact__ewm_h5_margin,compact_performance,0.0,504,504,0.11296847233117761,0.0871523008944105,0.5,1.0,0.1998884663515445,0.23869062968811436,False,False,False,,below_bounded_prescreen
mean__schedule__opponent_strength_std,schedule_and_accomplishment,0.0,504,504,0.05657326599041334,0.11026912549120163,0.5,1.0,0.17728876898156493,0.23828374799440513,False,False,False,,below_bounded_prescreen
diff__compact__day120plus_margin_mean,compact_performance,0.0,504,317,0.06598975977703093,0.0992104433350185,0.5,1.0,0.11306964418737599,0.23761597418426064,False,False,False,,below_bounded_prescreen
diff__compact__ewm_h5_points_against,compact_performance,0.0,504,504,-0.04921173445160134,0.10645275109385799,0.5,1.0,0.13027136030827496,0.23671304769207316,False,False,False,,below_bounded_prescreen
mean__compact__rest_days_mean,compact_performance,0.0,504,333,-0.0402253883285743,0.10867120308908859,0.5,1.0,0.10984271564706588,0.2366180542891662,False,False,False,,below_bounded_prescreen
absdiff__schedule__opponent_strength_median,schedule_and_accomplishment,0.0,504,502,-0.036813196486232345,0.11131932761753291,0.5,1.0,0.13167153822360503,0.2362653189544427,False,False,False,,below_bounded_prescreen
mean__compact__last10_margin_std,compact_performance,0.0,504,504,0.0829530098731099,0.08519392909396442,0.5,1.0,0.13213702139959727,0.2338572672812032,False,False,False,,below_bounded_prescreen
diff__detailed__clean__stealpct_median,detailed_efficiency,0.0,504,504,0.05709542382303937,0.09718105306368896,0.5,1.0,0.15387275506662734,0.23305298850897427,False,False,False,,below_bounded_prescreen
diff__detailed__all__stealpct_median,detailed_efficiency,0.0,504,504,0.05588783091929879,0.09809694645151362,0.5,1.0,0.15866698541015345,0.23303517768256615,False,False,False,,below_bounded_prescreen
mean__detailed__last20__pace_mean,detailed_efficiency,0.0,504,500,0.026803549545321097,0.106718792858301,0.5,1.0,0.11578472535112233,0.23249041245791024,False,False,False,,below_bounded_prescreen
absdiff__norm__schedule__opponent_strength_mean__pct,within_season_normalization,0.0,504,358,-0.0369916829624137,0.10046296693604499,0.5,1.0,0.09948312907247273,0.23238106921813367,False,False,False,,below_bounded_prescreen
diff__detailed__clean__oppassistperfgm_mean,detailed_efficiency,0.0,504,504,-0.09994062295692374,0.1667992995773352,0.25,1.0,0.2484941990599522,0.23211083288524603,False,False,False,,below_bounded_prescreen
absdiff__detailed__last20__tov_pct_mean,detailed_efficiency,0.0,504,504,0.07338475058965017,0.08485019560868579,0.5,1.0,0.1305753587347857,0.2316497246725008,False,False,False,,below_bounded_prescreen
diff__detailed__clean__oppftpct_median,detailed_efficiency,0.0,504,399,-0.06769097245768212,0.08585878809807884,0.5,1.0,0.1118369241570207,0.23163075526148708,False,False,False,,below_bounded_prescreen
absdiff__detailed__ewm_h10__oppefg,detailed_efficiency,0.0,504,504,0.1036605752352259,0.16426165279187102,0.25,1.0,0.2538620242749726,0.2314964389208489,False,False,False,,below_bounded_prescreen
mean__compact__day110plus_games,compact_performance,0.0,504,10,0.021683907935072473,0.10745485880065239,0.5,1.0,0.12610656225254208,0.2313045294799274,False,False,False,,below_bounded_prescreen
diff__detailed__all__oppassistperfgm_mean,detailed_efficiency,0.0,504,504,-0.10010696195632898,0.1648720147325669,0.25,1.0,0.2547323330043826,0.2309728053818492,False,False,False,,below_bounded_prescreen
diff__detailed__all__oppftpct_median,detailed_efficiency,0.0,504,397,-0.06702554777377592,0.08417986287438564,0.5,1.0,0.11201126840793554,0.23067150395361838,False,False,False,,below_bounded_prescreen
absdiff__detailed__away__def_rtg_mean,detailed_efficiency,0.0,504,504,0.10927218738241612,0.06341313201297905,0.5,1.0,0.14145754493391263,0.22881988279300497,False,False,False,,below_bounded_prescreen
absdiff__compact__rest_days_mean,compact_performance,0.0,504,304,-0.05681607897995377,0.08159922972524844,0.5,1.0,0.09708656946150915,0.22778370486524874,False,False,False,,below_bounded_prescreen
diff__compact__last10_win_pct,compact_performance,0.0,504,14,0.020810615515983403,0.09832567946670476,0.5,1.0,0.12127563471423095,0.2269236361689654,False,False,False,,below_bounded_prescreen
absdiff__compact__day110plus_margin_mean,compact_performance,0.0,504,415,0.08207755379860408,0.07428577405022864,0.5,1.0,0.17071024524337122,0.2268858235700678,False,False,False,,below_bounded_prescreen
absdiff__detailed__last20__ft_rate_mean,detailed_efficiency,0.0,504,504,0.05041819113361951,0.07621350912043398,0.5,1.0,0.04512193926715359,0.22586960885651847,False,False,False,,below_bounded_prescreen
mean__schedule__top_decile_games,schedule_and_accomplishment,0.0,504,28,0.038275347136579055,0.08656965267821887,0.5,1.0,0.10516623131966489,0.22576736040280584,False,False,False,,below_bounded_prescreen
absdiff__compact__last10_margin_median,compact_performance,0.0,504,69,0.0906903610433958,0.06869819910903886,0.5,1.0,0.1911799200422226,0.22527981820019682,False,False,False,,below_bounded_prescreen
mean__detailed__all__games,detailed_efficiency,0.0,504,13,0.052113190712985674,0.07854934383426662,0.5,1.0,0.105963848925397,0.22493003304028894,False,False,False,,below_bounded_prescreen
diff__quality__FlaggedPossessionRate,detailed_efficiency,0.0,504,12,-0.05615055186914612,0.16945787724096395,0.25,1.0,0.22225680639616469,0.22480263023102826,False,False,False,,below_bounded_prescreen
absdiff__detailed__last5__def_rtg_mean,detailed_efficiency,0.0,504,504,-0.05182360920071134,0.07904797285320109,0.5,1.0,0.11579375146779106,0.2247124709349814,False,False,False,,below_bounded_prescreen
diff__quality__FlaggedPossessionGames,detailed_efficiency,0.0,504,4,-0.05294457688208071,0.17004273710412826,0.25,1.0,0.2226565027012757,0.2243620606159883,False,False,False,,below_bounded_prescreen
diff__detailed__clean__opptovpct_mean,detailed_efficiency,0.0,504,504,0.05616516168793653,0.07449951936917368,0.5,1.0,0.10326143600211739,0.22398564742846472,False,False,False,,below_bounded_prescreen
diff__detailed__all__opptovpct_mean,detailed_efficiency,0.0,504,504,0.05569979358603404,0.07369710783954594,0.5,1.0,0.10294468587904512,0.22351077891674775,False,False,False,,below_bounded_prescreen
diff__detailed__clean__opp_tov_pct_ros,detailed_efficiency,0.0,504,504,0.0557226411666861,0.07277346414077096,0.5,1.0,0.09983102402257366,0.22319700288333805,False,False,False,,below_bounded_prescreen
absdiff__detailed__last10__ft_rate_mean,detailed_efficiency,0.0,504,504,0.05770742264407875,0.0752500258079819,0.5,1.0,0.14435005228915668,0.2230416432779624,False,False,False,,below_bounded_prescreen
diff__detailed__all__opp_tov_pct_ros,detailed_efficiency,0.0,504,504,0.05529509374023756,0.07213873565058408,0.5,1.0,0.09832536540006467,0.22285849911913003,False,False,False,,below_bounded_prescreen
absdiff__compact__last5_margin_mean,compact_performance,0.0,504,142,0.07362704541327769,0.066220673120744,0.5,1.0,0.1596765014956524,0.22159681302905213,False,False,False,,below_bounded_prescreen
mean__detailed__clean__ftmade_rate_ros,detailed_efficiency,0.0,504,504,-0.047166959976547886,0.0741674174589724,0.5,1.0,0.11127460304075869,0.22152610745351695,False,False,False,,below_bounded_prescreen
absdiff__compact__neutral_margin_std,compact_performance,0.21031746031746032,398,398,0.08603221754358603,0.08807722887296324,0.5,1.0,0.07970497961514279,0.22119056170860874,False,False,False,,below_bounded_prescreen
absdiff__compact__day120plus_margin_mean,compact_performance,0.0,504,250,0.0650974661548918,0.06441584563140694,0.5,1.0,0.10797545234902589,0.2209220303631905,False,False,False,,below_bounded_prescreen
mean__detailed__all__ftmade_rate_ros,detailed_efficiency,0.0,504,504,-0.045800467946634026,0.07269148156089017,0.5,1.0,0.1104140280173276,0.22055145297679368,False,False,False,,below_bounded_prescreen
diff__compact__last5_margin_std,compact_performance,0.0,504,504,0.12355181642460274,0.1321320198197989,0.25,1.0,0.254614736879485,0.2204201796517367,False,False,False,,below_bounded_prescreen
absdiff__compact__day110plus_win_pct,compact_performance,0.0,504,76,-0.05325533914599902,0.07063312316163545,0.5,1.0,0.14165999885145958,0.21995367377564642,False,False,False,,below_bounded_prescreen
diff__compact__last5_win_pct,compact_performance,0.0,504,8,-0.0875468780450313,0.05263564539512822,0.5,1.0,0.1269667786437642,0.2194467518138179,False,False,False,,below_bounded_prescreen
absdiff__detailed__last5__net_rtg_mean,detailed_efficiency,0.0,504,504,0.08077426104030885,0.057074644425608216,0.5,1.0,0.1497850627696401,0.21917476424237428,False,False,False,,below_bounded_prescreen
mean__detailed__clean__games,detailed_efficiency,0.0,504,13,0.04406910289433897,0.0691313574601361,0.5,1.0,0.09340772497220191,0.21914194521873184,False,False,False,,below_bounded_prescreen
absdiff__compact__half_delta_marginmean,compact_performance,0.0,504,499,-0.02329945869572418,0.07937388153880831,0.5,1.0,0.10516140912353722,0.21901888768674582,False,False,False,,below_bounded_prescreen
mean__detailed__away__pace_mean,detailed_efficiency,0.0,504,504,0.03763115062950456,0.07041404027458956,0.5,1.0,0.08148024727193631,0.21881838257941658,False,False,False,,below_bounded_prescreen
mean__compact__last20_margin_std,compact_performance,0.0,504,504,0.0797028724192754,0.05341505846170294,0.5,1.0,0.1180065762513548,0.2184535969438038,False,False,False,,below_bounded_prescreen
absdiff__detailed__all__offrtg_std,detailed_efficiency,0.0,504,504,0.05399496528002406,0.060001320607977415,0.5,1.0,0.06547936581676843,0.2180603516207637,False,False,False,,below_bounded_prescreen
absdiff__schedule__quality_wins,schedule_and_accomplishment,0.0,504,24,-0.012505933866453524,0.16712040296775127,0.25,1.0,0.21753431241300775,0.21426772637862007,False,False,False,,below_bounded_prescreen
mean__detailed__clean__ftmaderate_mean,detailed_efficiency,0.0,504,504,-0.04519116586390052,0.058836992032029745,0.5,1.0,0.10160440035809483,0.2141196366511086,False,False,False,,below_bounded_prescreen
absdiff__detailed__all__opp_tov_pct_ros,detailed_efficiency,0.0,504,504,-0.005201658980313334,0.07436100551251043,0.5,1.0,0.08158777828229749,0.21357413649038207,False,False,False,,below_bounded_prescreen
mean__detailed__all__ftmaderate_mean,detailed_efficiency,0.0,504,504,-0.04390890668721362,0.057823394212543386,0.5,1.0,0.10082057721436931,0.21338236560463306,False,False,False,,below_bounded_prescreen
absdiff__compact__last20_win_pct,compact_performance,0.0,504,12,-0.03643491309591744,0.060242777930239064,0.5,1.0,0.08916380540230644,0.21336566207152435,False,False,False,,below_bounded_prescreen
diff__detailed__all__oppassistperfgm_median,detailed_efficiency,0.0,504,464,-0.1084538001810089,0.12367909568369476,0.25,1.0,0.25220782905401956,0.2131374888058347,False,False,False,,below_bounded_prescreen
absdiff__detailed__clean__opp_tov_pct_ros,detailed_efficiency,0.0,504,504,-0.005645712353053693,0.07151956189397232,0.5,1.0,0.07808195449743204,0.21244816824688126,False,False,False,,below_bounded_prescreen
diff__detailed__clean__oppassistperfgm_median,detailed_efficiency,0.0,504,461,-0.10742771067052645,0.12246599710016161,0.25,1.0,0.25188494703647785,0.21234237707413428,False,False,False,,below_bounded_prescreen
absdiff__schedule__elite_wins,schedule_and_accomplishment,0.0,504,16,0.060995724284132705,0.04551441417750576,0.5,1.0,0.08400475995610591,0.21190578774946775,False,False,False,,below_bounded_prescreen
diff__compact__pythag_residual_exp13p91,compact_performance,0.0,504,504,-0.032717293116515736,0.05165304606404286,0.5,1.0,0.05558421304945985,0.20976789807439566,False,False,False,,below_bounded_prescreen
absdiff__detailed__clean__defrtg_std,detailed_efficiency,0.0,504,504,-0.04027616146332123,0.14897210641813713,0.25,1.0,0.26723019486100485,0.20967815880819632,False,False,False,,below_bounded_prescreen
diff__detailed__clean__ftmade_rate_ros,detailed_efficiency,0.0,504,504,0.06606937131657203,0.13750183729728982,0.25,1.0,0.29242631514944395,0.20883909098636722,False,False,False,,below_bounded_prescreen
absdiff__detailed__clean__oppefg_mean,detailed_efficiency,0.0,504,504,0.09622436537159458,0.11743559090287098,0.25,1.0,0.223572577912371,0.20859554089863402,False,False,False,,below_bounded_prescreen
diff__detailed__all__ftmade_rate_ros,detailed_efficiency,0.0,504,504,0.06478801836613628,0.13801328925685363,0.25,1.0,0.29785112607231845,0.208585697840947,False,False,False,,below_bounded_prescreen
absdiff__rating__elo_standard_z,dynamic_ratings,0.0,504,504,0.060943257426218304,0.12875183160456155,0.25,1.0,0.1716520945361961,0.20834231202250972,False,False,False,,below_bounded_prescreen
absdiff__rating__elo_standard,dynamic_ratings,0.0,504,504,0.060046014779499286,0.12875183610542323,0.25,1.0,0.17165209212696053,0.20814492089701456,False,False,False,,below_bounded_prescreen
absdiff__detailed__all__defrtg_std,detailed_efficiency,0.0,504,504,-0.03927857560142619,0.14477180405170068,0.25,1.0,0.2691794978810458,0.20736457266188826,False,False,False,,below_bounded_prescreen
absdiff__compact__away_win_pct,compact_performance,0.0,504,281,0.06066875588421478,0.03380084798592985,0.5,1.0,0.056875071190389107,0.20729653048015803,False,False,False,,below_bounded_prescreen
absdiff__detailed__all__oppefg_mean,detailed_efficiency,0.0,504,504,0.09638117497435286,0.11489371138966133,0.25,1.0,0.22903012684825538,0.20719163488746484,False,False,False,,below_bounded_prescreen
absdiff__detailed__all__tov_pct_ros,detailed_efficiency,0.0,504,504,0.05066223278890403,0.038073704865617286,0.5,1.0,0.07122100487505391,0.20657222935405306,False,False,False,,below_bounded_prescreen
mean__compact__margin_std,compact_performance,0.0,504,504,0.08436891666600832,0.11728901016161214,0.25,1.0,0.2079520132030292,0.2065418060159745,False,False,False,,below_bounded_prescreen
mean__compact__home_margin_std,compact_performance,0.03571428571428571,486,485,0.06403708509336228,0.13189924469426006,0.25,1.0,0.21075285869481392,0.20611253896884912,False,False,False,,below_bounded_prescreen
absdiff__detailed__clean__tov_pct_ros,detailed_efficiency,0.0,504,504,0.050279059291707964,0.0366292523606923,0.5,1.0,0.06906976126585129,0.20588064372667403,False,False,False,,below_bounded_prescreen
diff__detailed__last5__opp_efg_mean,detailed_efficiency,0.0,504,504,0.010038422019798637,0.053371943322811415,0.5,1.0,0.060181754937032705,0.20541971544182389,False,False,False,,below_bounded_prescreen
mean__detailed__clean__defrtg_std,detailed_efficiency,0.0,504,504,0.08255462395506505,0.11111981170496224,0.25,1.0,0.15212280622253568,0.20541461463959476,False,False,False,,below_bounded_prescreen
diff__detailed__all__ftmaderate_mean,detailed_efficiency,0.0,504,504,0.06325195920077574,0.13140847733594613,0.25,1.0,0.3087520535199731,0.2046414180046259,False,False,False,,below_bounded_prescreen
diff__detailed__clean__ftmaderate_mean,detailed_efficiency,0.0,504,504,0.06444835809588861,0.12993964203745273,0.25,1.0,0.30433378325838456,0.20437631562873743,False,False,False,,below_bounded_prescreen
absdiff__compact__pythag_exp10p0,compact_performance,0.0,504,504,0.0015379862579512824,0.05574606251203175,0.5,1.0,0.0737970504261231,0.2041445849654796,False,False,False,,below_bounded_prescreen
absdiff__compact__close5_win_pct,compact_performance,0.07936507936507936,464,109,0.06809550036307276,0.03828202792801235,0.5,1.0,0.09734865784112888,0.20311323082247043,False,False,False,,below_bounded_prescreen
absdiff__norm__rating__pagerank_margin__pct,within_season_normalization,0.0,504,302,-0.01788862131449531,0.04574026762387722,0.5,1.0,0.07174331318662339,0.2030210926211851,False,False,False,,below_bounded_prescreen
absdiff__rating__pagerank_margin_percentile,global_strength_ratings,0.0,504,302,-0.01788862131449531,0.04574026762387722,0.5,1.0,0.07174331318662339,0.2030210926211851,False,False,False,,below_bounded_prescreen
diff__conference__tourney_wins,conference_context,0.017857142857142856,495,7,-0.06911024107279685,0.02775916268121146,0.5,1.0,0.11223781749298355,0.20261056699470606,False,False,False,,below_bounded_prescreen
diff__detailed__clean__ftmaderate_median,detailed_efficiency,0.0,504,501,0.07866431750352545,0.11322189341611458,0.25,1.0,0.23248585244428932,0.20235322459273905,False,False,False,,below_bounded_prescreen
absdiff__schedule__opponent_strength_pct_mean,schedule_and_accomplishment,0.0,504,504,-0.045374519838958814,0.12137237859923873,0.25,1.0,0.1534583642260612,0.2021028015231631,False,False,False,,below_bounded_prescreen
mean__compact__close3_games,compact_performance,0.0,504,15,-0.04828996867623866,0.1246527751197376,0.25,1.0,0.22337391121462907,0.2015221687176614,False,False,False,,below_bounded_prescreen
diff__detailed__all__ftmaderate_median,detailed_efficiency,0.0,504,500,0.07819408028701444,0.11198070066374019,0.25,1.0,0.23708915995631355,0.20146986758348592,False,False,False,,below_bounded_prescreen
mean__detailed__all__efg_std,detailed_efficiency,0.0,504,504,-0.03788756519223968,0.1244205611728055,0.25,1.0,0.1794098747332586,0.20088073871590903,False,False,False,,below_bounded_prescreen
absdiff__rating__elo_standard_preseason,dynamic_ratings,0.0,504,504,0.05137379108490653,0.1148481383017192,0.25,1.0,0.15252744947826974,0.20032824244437386,False,False,False,,below_bounded_prescreen
mean__detailed__clean__efg_std,detailed_efficiency,0.0,504,504,-0.037424841028477714,0.12352057106791992,0.25,1.0,0.18110514119076365,0.20027913349123613,False,False,False,,below_bounded_prescreen
mean__compact__close5_games,compact_performance,0.0,504,24,-0.05877015694545583,0.1116896946216987,0.25,1.0,0.16868940453402437,0.19979291176505468,False,False,False,,below_bounded_prescreen
absdiff__detailed__clean__ftmaderate_mean,detailed_efficiency,0.0,504,504,-0.016633472277460655,0.03683103850924882,0.5,1.0,0.04747421892985211,0.1994392936282867,False,False,False,,below_bounded_prescreen
mean__detailed__away__games,detailed_efficiency,0.0,504,15,-0.003229665271894212,0.14204503850840272,0.25,1.0,0.2399495935642725,0.19929416110127912,False,False,False,,below_bounded_prescreen
mean__compact__away_games,compact_performance,0.0,504,15,0.012610529835387579,0.13536653014127947,0.25,1.0,0.2298532225842581,0.1985561221282291,False,False,False,,below_bounded_prescreen
absdiff__detailed__all__ftmaderate_mean,detailed_efficiency,0.0,504,504,-0.015873645784932684,0.035073606776478056,0.5,1.0,0.04654189949988999,0.19846585734539907,False,False,False,,below_bounded_prescreen
absdiff__detailed__last10__pace_mean,detailed_efficiency,0.0,504,491,-0.018588714966667273,0.129825747289369,0.25,1.0,0.201480518617352,0.19834665524686984,False,False,False,,below_bounded_prescreen
absdiff__compact__margin_mad,compact_performance,0.0,504,21,0.03919854902285495,0.12172901522197502,0.25,1.0,0.21887115784202582,0.19829876177789507,False,False,False,,below_bounded_prescreen
diff__detailed__last10__tov_pct_mean,detailed_efficiency,0.0,504,504,-0.026544405589337183,0.12536832055408653,0.25,1.0,0.19361657210705932,0.19827190021133334,False,False,False,,below_bounded_prescreen
diff__detailed__clean__efg_std,detailed_efficiency,0.0,504,504,-0.024162077599606504,0.12818427872264204,0.25,1.0,0.23519854124745967,0.19743616920888324,False,False,False,,below_bounded_prescreen
mean__detailed__clean__pace_ros,detailed_efficiency,0.0,504,503,0.029923943185024962,0.1213261131652061,0.25,1.0,0.1858786607045163,0.19738465539182376,False,False,False,,below_bounded_prescreen
mean__detailed__all__pace_ros,detailed_efficiency,0.0,504,503,0.030290287788658936,0.12091891508726904,0.25,1.0,0.1830482180163039,0.19738301383474197,False,False,False,,below_bounded_prescreen
diff__detailed__ewm_h5__tovpct,detailed_efficiency,0.0,504,504,-0.06928534618803617,0.10359472268978828,0.25,1.0,0.19776715784754648,0.19705755673856448,False,False,False,,below_bounded_prescreen
absdiff__detailed__clean__opp_efg_ros,detailed_efficiency,0.0,504,504,0.08158537103364188,0.10099045506677298,0.25,1.0,0.23630879574101654,0.1969718482298116,False,False,False,,below_bounded_prescreen
diff__detailed__all__efg_std,detailed_efficiency,0.0,504,504,-0.02466065991064524,0.12616052856251464,0.25,1.0,0.2350500486215269,0.1965803969454879,False,False,False,,below_bounded_prescreen
diff__detailed__all__oppfoulrate_median,detailed_efficiency,0.0,504,504,-0.022755104241637097,0.12696567558924723,0.25,1.0,0.24527093548386159,0.1961388097966444,False,False,False,,below_bounded_prescreen
mean__detailed__clean__netrtg_std,detailed_efficiency,0.0,504,504,0.07254658600149237,0.09757540855770999,0.25,1.0,0.16830853562471285,0.1960641036030406,False,False,False,,below_bounded_prescreen
absdiff__norm__rating__bt_c1p0__z,within_season_normalization,0.0,504,504,0.043108791027174714,0.10941564535924583,0.25,1.0,0.15338367147499488,0.19586809693941665,False,False,False,,below_bounded_prescreen
absdiff__rating__bt_c1p0_z,global_strength_ratings,0.0,504,504,0.043108791027174714,0.10941564535924583,0.25,1.0,0.15338367147499488,0.19586809693941665,False,False,False,,below_bounded_prescreen
diff__detailed__clean__oppfoulrate_median,detailed_efficiency,0.0,504,504,-0.02125127681291714,0.12689690064726888,0.25,1.0,0.245491314854467,0.19576614061535216,False,False,False,,below_bounded_prescreen
absdiff__rating__bt_c1p0,global_strength_ratings,0.0,504,504,0.04166771819840238,0.10941564787782179,0.25,1.0,0.15338367809338177,0.19555106186126775,False,False,False,,below_bounded_prescreen
absdiff__detailed__all__opp_efg_ros,detailed_efficiency,0.0,504,504,0.08184916156017712,0.09770407691251419,0.25,1.0,0.24169228844862753,0.19523708092330067,False,False,False,,below_bounded_prescreen
absdiff__detailed__clean__ftmade_rate_ros,detailed_efficiency,0.0,504,504,-0.01469337858358096,0.02690581844949394,0.5,1.0,0.029840851507505935,0.1949537020838447,False,False,False,,below_bounded_prescreen
mean__detailed__all__netrtg_std,detailed_efficiency,0.0,504,504,0.07347177235923454,0.09260876125232537,0.25,1.0,0.1478957813910588,0.19470016406450544,False,False,False,,below_bounded_prescreen
diff__compact__day110plus_games,compact_performance,0.0,504,10,-0.07893121923883287,0.09276178582463462,0.25,1.0,0.18635845146190838,0.19443618736989152,False,False,False,,below_bounded_prescreen
absdiff__detailed__all__ftmade_rate_ros,detailed_efficiency,0.0,504,504,-0.014348298209183565,0.02314302411073834,0.5,1.0,0.028166446889124615,0.19313861930360982,False,False,False,,below_bounded_prescreen
absdiff__detailed__last10__net_rtg_mean,detailed_efficiency,0.0,504,504,0.08508747577596713,0.0914932334340937,0.25,1.0,0.25239110280717514,0.19254035260679075,False,False,False,,below_bounded_prescreen
absdiff__detailed__last20__opp_efg_mean,detailed_efficiency,0.0,504,504,0.05594599945349498,0.09654268384629362,0.25,1.0,0.18977057210934956,0.19105778524161585,False,False,False,,below_bounded_prescreen
diff__compact__first_game_day,compact_performance,0.0,504,14,0.04579422000821565,0.09575844534447775,0.25,1.0,0.12496305779202713,0.19104025985547568,False,False,False,,below_bounded_prescreen
diff__detailed__last10__ft_rate_mean,detailed_efficiency,0.0,504,504,-0.041698053517745894,0.09483514893739561,0.25,1.0,0.12360402893814793,0.18975028210632808,False,False,False,,below_bounded_prescreen
diff__detailed__clean__offrtg_std,detailed_efficiency,0.0,504,504,0.038331457168083886,0.10321711659304018,0.25,1.0,0.20843317389235602,0.18963980958594348,False,False,False,,below_bounded_prescreen
diff__compact__last10_points_against_mean,compact_performance,0.0,504,262,-0.012681838950316809,0.10978989619633464,0.25,1.0,0.171805561424143,0.1886169322863446,False,False,False,,below_bounded_prescreen
absdiff__norm__compact__win_pct__pct,within_season_normalization,0.0,504,341,0.021689770136567556,0.10516616659439096,0.25,1.0,0.17144691843067156,0.18839363265812564,False,False,False,,below_bounded_prescreen
diff__detailed__all__offrtg_std,detailed_efficiency,0.0,504,504,0.036590220317631046,0.09972896532400047,0.25,1.0,0.1960994203437943,0.1880757750116473,False,False,False,,below_bounded_prescreen
absdiff__compact__last5_win_pct,compact_performance,0.0,504,5,-0.038202744208516284,0.10081612207568214,0.25,1.0,0.21915328869998757,0.1880302107742015,False,False,False,,below_bounded_prescreen
absdiff__detailed__last10__orb_pct_mean,detailed_efficiency,0.0,504,504,0.033192174039770844,0.09650661388867965,0.25,1.0,0.14794878159127087,0.187707501691665,False,False,False,,below_bounded_prescreen
diff__detailed__ewm_h10__ftrate,detailed_efficiency,0.0,504,504,-0.0011724954887157115,0.1126144344621168,0.25,1.0,0.16613299596049674,0.18766755771091365,False,False,False,,below_bounded_prescreen
absdiff__compact__home_win_pct,compact_performance,0.027777777777777776,490,222,0.01777391379299172,0.1147945842830062,0.25,1.0,0.23623280129242774,0.18734012721638185,False,False,False,,below_bounded_prescreen
absdiff__detailed__last20__orb_pct_mean,detailed_efficiency,0.0,504,504,0.03821280353193467,0.09662696252421876,0.25,1.0,0.19004193797095184,0.18718608126981254,False,False,False,,below_bounded_prescreen
absdiff__detailed__last5__ft_rate_mean,detailed_efficiency,0.0,504,504,0.03015529693042882,0.09760684577495524,0.25,1.0,0.16655149226479055,0.18682339160608125,False,False,False,,below_bounded_prescreen
mean__detailed__home__pace_mean,detailed_efficiency,0.027777777777777776,490,490,-0.0033871402777480375,0.11817790242628631,0.25,1.0,0.21281186969299576,0.18673586701577996,False,False,False,,below_bounded_prescreen
absdiff__detailed__clean__orbpct_std,detailed_efficiency,0.0,504,504,0.04654111162422642,0.09439287843706384,0.25,1.0,0.2333165683275322,0.18621496347401917,False,False,False,,below_bounded_prescreen
absdiff__detailed__clean__efg_std,detailed_efficiency,0.0,504,504,0.07579531092607635,0.07436425253291212,0.25,1.0,0.18137708483351273,0.1851147262261941,False,False,False,,below_bounded_prescreen
mean__conference__tourney_games,conference_context,0.017857142857142856,495,6,-0.03845662392961191,0.09223396654666052,0.25,1.0,0.1638122648992232,0.18475169918237133,False,False,False,,below_bounded_prescreen
absdiff__detailed__all__efg_std,detailed_efficiency,0.0,504,504,0.07772395996094543,0.07236553995195527,0.25,1.0,0.18241527011032072,0.1845381195639337,False,False,False,,below_bounded_prescreen
seedprior__effective_games_pc2p0,prequential_seed_priors,0.0,504,132,-0.012991557729651371,0.09937416723775253,0.25,1.0,0.16508309329801255,0.18395441924272402,False,True,False,,correlation_pruned_or_cap
seedprior__effective_games_pc8p0,prequential_seed_priors,0.0,504,132,-0.012991557729651371,0.09937416723775253,0.25,1.0,0.16508309329801255,0.18395441924272402,False,False,False,,below_bounded_prescreen
absdiff__detailed__all__drb_pct_ros,detailed_efficiency,0.0,504,504,0.07474295681935797,0.07047253263191464,0.25,1.0,0.16674088968918135,0.18360063057601053,False,False,False,,below_bounded_prescreen
absdiff__detailed__clean__drb_pct_ros,detailed_efficiency,0.0,504,504,0.0741240258765728,0.0704025425751576,0.25,1.0,0.1677916501705304,0.18338884012210044,False,False,False,,below_bounded_prescreen
diff__detailed__clean__oppfg3attemptrate_median,detailed_efficiency,0.0,504,503,-0.020773396947520572,0.09165598188655986,0.25,1.0,0.1413309079827209,0.18291178231469443,False,False,False,,below_bounded_prescreen
diff__detailed__all__oppfg3attemptrate_median,detailed_efficiency,0.0,504,503,-0.020957138893495465,0.09102160917538192,0.25,1.0,0.13991355916936232,0.18270440059397786,False,False,False,,below_bounded_prescreen
diff__detailed__ewm_h20__ftrate,detailed_efficiency,0.0,504,504,0.04665461872028986,0.08017404284031407,0.25,1.0,0.16747543455253494,0.18204853929971312,False,False,False,,below_bounded_prescreen
absdiff__detailed__neutral__def_rtg_mean,detailed_efficiency,0.0873015873015873,460,460,0.03210441825720401,0.09794847958509335,0.25,1.0,0.12979801526066964,0.18190219462287593,False,False,False,,below_bounded_prescreen
absdiff__schedule__top_decile_games,schedule_and_accomplishment,0.0,504,17,-0.025226013912785325,0.08714790023824792,0.25,1.0,0.13716566767320415,0.1818940884682436,False,False,False,,below_bounded_prescreen
diff__compact__close3_win_pct,compact_performance,0.18055555555555555,413,60,-0.02178519458888988,0.12766002208702992,0.25,1.0,0.24358510984771087,0.18188170457297725,False,False,False,,below_bounded_prescreen
diff__detailed__last20__ft_rate_mean,detailed_efficiency,0.0,504,504,-0.016289993795722307,0.093917960510294,0.25,1.0,0.17788975372431015,0.18154882953102763,False,False,False,,below_bounded_prescreen
mean__compact__away_margin_std,compact_performance,0.0,504,504,0.049892944951934276,0.07580029702036,0.25,1.0,0.15594818560055565,0.1811226630351761,False,False,False,,below_bounded_prescreen
diff__detailed__last5__def_rtg_mean,detailed_efficiency,0.0,504,504,0.0008296545844749617,0.10131645811923037,0.25,1.0,0.19701411869616361,0.18093385915796853,False,False,False,,below_bounded_prescreen
mean__compact__day90plus_games,compact_performance,0.0,504,10,0.004031284583152057,0.09702040812827553,0.25,1.0,0.18018036960897205,0.18024946372550685,False,False,False,,below_bounded_prescreen
absdiff__detailed__all__orbpct_std,detailed_efficiency,0.0,504,504,0.044316018593321134,0.08089644175321561,0.25,1.0,0.22521802394818022,0.17957109517414693,False,False,False,,below_bounded_prescreen
absdiff__detailed__ewm_h5__oppefg,detailed_efficiency,0.0,504,504,0.022698724109201443,0.08357677137440152,0.25,1.0,0.1765680182679261,0.17804784883302002,False,False,False,,below_bounded_prescreen
absdiff__norm__detailed__all__efg_ros__pct,within_season_normalization,0.0,504,324,0.012959182521699092,0.08190727038283738,0.25,1.0,0.10645986377261232,0.17790811538763127,False,False,False,,below_bounded_prescreen
absdiff__detailed__all__netrtg_std,detailed_efficiency,0.0,504,504,0.004368097855092206,0.08835063148040112,0.25,1.0,0.14645944638322544,0.1775109067833838,False,False,False,,below_bounded_prescreen
absdiff__detailed__clean__netrtg_std,detailed_efficiency,0.0,504,504,0.006157968690807536,0.08674121455659345,0.25,1.0,0.14301689704654025,0.1772698602172809,False,False,False,,below_bounded_prescreen
diff__compact__away_margin_std,compact_performance,0.0,504,504,0.04323600951588206,0.06202028007562603,0.25,1.0,0.09188432332211251,0.17560628359691005,False,False,False,,below_bounded_prescreen
diff__detailed__all__oppfoulrate_mean,detailed_efficiency,0.0,504,504,-0.016362401481990432,0.07595210227932994,0.25,1.0,0.15043889695067333,0.17403918154208933,False,False,False,,below_bounded_prescreen
absdiff__compact__pythag_residual_exp8p0,compact_performance,0.0,504,504,-0.021826140564329778,0.07064884028020524,0.25,1.0,0.12163723931849739,0.17384770468591118,False,False,False,,below_bounded_prescreen
diff__detailed__all__oppfg3attemptrate_mean,detailed_efficiency,0.0,504,504,-0.010402756374805238,0.07819469791711656,0.25,1.0,0.1521364450335179,0.1737366036013324,False,False,False,,below_bounded_prescreen
diff__detailed__clean__oppfoulrate_mean,detailed_efficiency,0.0,504,504,-0.015645756247321257,0.07460454872187118,0.25,1.0,0.15048153822522917,0.17323298823189967,False,False,False,,below_bounded_prescreen
absdiff__detailed__last5__orb_pct_mean,detailed_efficiency,0.0,504,504,0.01222704838942662,0.07678749340927686,0.25,1.0,0.16072800612649277,0.17311882723706706,False,False,False,,below_bounded_prescreen
diff__detailed__clean__oppfg3attemptrate_mean,detailed_efficiency,0.0,504,504,-0.01085329541191079,0.07534115608750618,0.25,1.0,0.15029619019757706,0.17253963230472025,False,False,False,,below_bounded_prescreen
absdiff__schedule__oowp,schedule_and_accomplishment,0.0,504,504,-0.029414509266223923,0.06288872250181331,0.25,1.0,0.10666724622585524,0.17239108899040542,False,False,False,,below_bounded_prescreen
absdiff__compact__days_since_last_game,compact_performance,0.0,504,10,-0.010373230463865653,0.06863330651305041,0.25,1.0,0.09349148722187414,0.17148643833943966,False,False,False,,below_bounded_prescreen
absdiff__compact__margin_slope,compact_performance,0.0,504,503,0.010108586983068164,0.07137223128407086,0.25,1.0,0.14437671449139558,0.1707074915729732,False,False,False,,below_bounded_prescreen
absdiff__compact__last10_margin_std,compact_performance,0.0,504,504,0.029637038028985756,0.05302619580300269,0.25,1.0,0.080259326422815,0.16876234929490555,False,False,False,,below_bounded_prescreen
absdiff__detailed__last5__opp_efg_mean,detailed_efficiency,0.0,504,504,-0.04384976391076868,0.052197002345755646,0.25,1.0,0.14982618928608402,0.16870846161488845,False,False,False,,below_bounded_prescreen
absdiff__compact__margin_std,compact_performance,0.0,504,504,0.020398852910026608,0.058087355050953096,0.25,1.0,0.09648997819475896,0.168510078936873,False,False,False,,below_bounded_prescreen
absdiff__rating__elo_season_reset_mov_percentile,dynamic_ratings,0.0,504,265,0.02323686848623439,0.05748177986599497,0.25,1.0,0.11492486487941742,0.16810637080747245,False,False,False,,below_bounded_prescreen
absdiff__norm__compact__margin_mean__pct,within_season_normalization,0.0,504,297,-0.031263838650780085,0.05023137532674102,0.25,1.0,0.08387573523997405,0.16763407525040835,False,False,False,,below_bounded_prescreen
absdiff__norm__compact__margin_trim02__pct,within_season_normalization,0.0,504,297,-0.031263838650780085,0.05023137532674102,0.25,1.0,0.08387573523997405,0.16763407525040835,False,False,False,,below_bounded_prescreen
absdiff__compact__day90plus_win_pct,compact_performance,0.0,504,165,0.001229538448384381,0.0662832457521201,0.25,1.0,0.13199496410056794,0.1668066578556395,False,False,False,,below_bounded_prescreen
mean__compact__days_since_last_game,compact_performance,0.0,504,20,0.024244270524253132,0.052857339187236875,0.25,1.0,0.09871143810921332,0.16675680480084085,False,False,False,,below_bounded_prescreen
absdiff__rating__pagerank_binary_percentile,global_strength_ratings,0.0,504,294,-0.005713889284895772,0.060158311454850386,0.25,1.0,0.08490619478995534,0.16673679734940702,False,False,False,,below_bounded_prescreen
absdiff__schedule__opponent_strength_std,schedule_and_accomplishment,0.0,504,504,-0.006857522762724352,0.05777458020656735,0.25,1.0,0.1053877797612135,0.16502494231650314,False,False,False,,below_bounded_prescreen
absdiff__compact__pythag_exp11p5,compact_performance,0.0,504,504,-0.013643900974911485,0.04765142766221311,0.25,1.0,0.06893845524510987,0.1631168052825384,False,False,False,,below_bounded_prescreen
seedprior__exact_pair_games,prequential_seed_priors,0.0,504,56,-0.055880257558117874,0.02507148762471107,0.25,1.0,0.041077661086257586,0.16268486427919696,False,False,False,,below_bounded_prescreen
diff__detailed__clean__ft_rate_ros,detailed_efficiency,0.0,504,504,0.020097165046081337,0.13829825107105656,0.0,1.0,0.2203466544203153,0.16199067064743242,False,False,False,,below_bounded_prescreen
absdiff__norm__schedule__quality_win_points_sum__z,within_season_normalization,0.0,504,504,0.01035290284451512,0.14092249470857,0.0,1.0,0.19835161273548818,0.1619863715764874,False,False,False,,below_bounded_prescreen
absdiff__detailed__all__tovpct_std,detailed_efficiency,0.0,504,504,-0.01802628378088295,0.04341096574298853,0.25,1.0,0.07241987548396144,0.1619062509690703,False,False,False,,below_bounded_prescreen
absdiff__detailed__all__orb_pct_ros,detailed_efficiency,0.0,504,504,0.023511854583688516,0.13948833812215716,0.0,1.0,0.260434041855232,0.16170964863283763,False,False,False,,below_bounded_prescreen
absdiff__schedule__quality_win_points_sum,schedule_and_accomplishment,0.0,504,504,0.008992306484728332,0.14092249742869956,0.0,1.0,0.1983516195525026,0.16168704141031592,False,False,False,,below_bounded_prescreen
mean__schedule__top_quartile_games,schedule_and_accomplishment,0.0,504,35,0.039176595469621114,0.03724581402576761,0.25,1.0,0.12592984611316474,0.16145964789115852,False,False,False,,below_bounded_prescreen
diff__detailed__all__ft_rate_ros,detailed_efficiency,0.0,504,504,0.018608962892138137,0.137292701589718,0.0,1.0,0.22206050079618328,0.1611120485674877,False,False,False,,below_bounded_prescreen
absdiff__detailed__home__pace_mean,detailed_efficiency,0.027777777777777776,490,490,-0.04366442663179489,0.03250498559850366,0.25,1.0,0.05355609354253579,0.160844100982353,False,False,False,,below_bounded_prescreen
absdiff__detailed__clean__orb_pct_ros,detailed_efficiency,0.0,504,504,0.022981120345331927,0.13742671420099578,0.0,1.0,0.25739360517918475,0.16072492508528363,False,False,False,,below_bounded_prescreen
diff__detailed__all__opptovpct_median,detailed_efficiency,0.0,504,504,0.031758854033846075,0.036293114755941824,0.25,1.0,0.10536332006178971,0.16019311016782664,False,False,False,,below_bounded_prescreen
diff__detailed__clean__ftrate_mean,detailed_efficiency,0.0,504,504,0.015904914339751646,0.13606175639338905,0.0,1.0,0.2187490443503143,0.16005876244955952,False,False,False,,below_bounded_prescreen
diff__detailed__clean__ftrate_trim02,detailed_efficiency,0.0,504,504,0.015904914339751646,0.13606175639338905,0.0,1.0,0.2187490443503143,0.16005876244955952,False,False,False,,below_bounded_prescreen
diff__detailed__clean__opptovpct_median,detailed_efficiency,0.0,504,504,0.032763043596350676,0.03498869148997612,0.25,1.0,0.10490657441594504,0.1598061785297479,False,False,False,,below_bounded_prescreen
absdiff__conference__tourney_win_pct,conference_context,0.017857142857142856,495,9,-0.026775524639131226,0.1305281540422828,0.0,1.0,0.18426936946001726,0.1597447831539325,False,False,False,,below_bounded_prescreen
absdiff__compact__away_margin_std,compact_performance,0.0,504,504,-0.00868248711221276,0.04276342041241704,0.25,1.0,0.07489711150156327,0.1594407045025845,False,False,False,,below_bounded_prescreen
absdiff__detailed__clean__tovpct_std,detailed_efficiency,0.0,504,504,-0.01898129732184499,0.036768551384014525,0.25,1.0,0.061832591292738714,0.1593514864234233,False,False,False,,below_bounded_prescreen
diff__detailed__all__ftrate_mean,detailed_efficiency,0.0,504,504,0.014473556942266546,0.13491325704216348,0.0,1.0,0.2206611413247624,0.15911610025454662,False,False,False,,below_bounded_prescreen
diff__detailed__all__ftrate_trim02,detailed_efficiency,0.0,504,504,0.014473556942266546,0.13491325704216348,0.0,1.0,0.2206611413247624,0.15911610025454662,False,False,False,,below_bounded_prescreen
absdiff__schedule__quality_win_points_mean,schedule_and_accomplishment,0.0,504,504,0.0037337126087235873,0.13834157307387715,0.0,1.0,0.20606008374901252,0.15898296849941973,False,False,False,,below_bounded_prescreen
absdiff__detailed__last10__opp_efg_mean,detailed_efficiency,0.0,504,504,0.014660952750049007,0.03535610565047184,0.25,1.0,0.07362085188381147,0.15725150624188483,False,False,False,,below_bounded_prescreen
diff__quality__DetailedCoverageRate,detailed_efficiency,0.0,504,29,-0.015999762321316297,0.0,0.3333333333333333,1.0,0.001143508911270576,0.15680754068757208,False,False,False,,below_bounded_prescreen
seedprior__pooled_pair_games,prequential_seed_priors,0.01984126984126984,494,86,-0.02684920687200898,0.026418057730633403,0.25,1.0,0.03508876049812411,0.15559664121531946,False,False,False,,below_bounded_prescreen
absdiff__detailed__clean__ftmaderate_median,detailed_efficiency,0.0,504,498,0.010174861692849688,0.03154543750745606,0.25,1.0,0.05259431247315955,0.15527650707707946,False,False,False,,below_bounded_prescreen
absdiff__rating__bt_c0p25_z,global_strength_ratings,0.0,504,504,0.05343930192412043,0.10324034921362515,0.0,1.0,0.15949998321974446,0.1549320147170568,False,False,False,,below_bounded_prescreen
absdiff__norm__rating__colley__z,within_season_normalization,0.0,504,504,0.020915202986382563,0.12094943413846605,0.0,1.0,0.20077931741509328,0.15462590034686416,False,False,False,,below_bounded_prescreen
absdiff__rating__colley_z,global_strength_ratings,0.0,504,504,0.020915202986382563,0.12094943413846605,0.0,1.0,0.20077931741509328,0.15462590034686416,False,False,False,,below_bounded_prescreen
absdiff__rating__bt_c0p25,global_strength_ratings,0.0,504,504,0.05202510355440763,0.10324035210131913,0.0,1.0,0.1594999941510157,0.15462089202456225,False,False,False,,below_bounded_prescreen
absdiff__rating__colley,global_strength_ratings,0.0,504,504,0.019397358927995125,0.12094943193577351,0.0,1.0,0.20077931762126683,0.15429197358847954,False,False,False,,below_bounded_prescreen
absdiff__detailed__last20__def_rtg_mean,detailed_efficiency,0.0,504,504,0.04674103256802526,0.10927025567841701,0.0,1.0,0.22449907180787343,0.15375278701829076,False,False,False,,below_bounded_prescreen
absdiff__detailed__last5__pace_mean,detailed_efficiency,0.0,504,475,-0.0008188849419911146,0.13121917584497242,0.0,1.0,0.24307976302128198,0.15344216857197354,False,False,False,,below_bounded_prescreen
diff__detailed__clean__ftrate_median,detailed_efficiency,0.0,504,503,0.0320128350103436,0.11400640021983693,0.0,1.0,0.21452734396387507,0.1531848020492423,False,False,False,,below_bounded_prescreen
diff__detailed__last5__tov_pct_mean,detailed_efficiency,0.0,504,504,0.0021786464714554227,0.13067108647174797,0.0,1.0,0.25496215049533855,0.15300293771034568,False,False,False,,below_bounded_prescreen
absdiff__schedule__bad_losses,schedule_and_accomplishment,0.0,504,7,0.0345537460734178,0.05602387387695334,0.14285714285714285,1.0,0.11827532297417022,0.15261941353526556,False,False,False,,below_bounded_prescreen
diff__detailed__all__ftrate_median,detailed_efficiency,0.0,504,503,0.03075261418976133,0.1134721321951156,0.0,1.0,0.21611315112584156,0.1525876725303693,False,False,False,,below_bounded_prescreen
absdiff__compact__home_margin_std,compact_performance,0.03571428571428571,486,485,-0.028681963005372124,0.11931900537326451,0.0,1.0,0.20906290672272465,0.15236349531429697,False,False,False,,below_bounded_prescreen
absdiff__norm__schedule__quality_win_points_sum__pct,within_season_normalization,0.0,504,256,-0.009007635258139987,0.12038481519555543,0.0,1.0,0.19429269139424185,0.15199468339488773,False,False,False,,below_bounded_prescreen
seedprior__gap_games,prequential_seed_priors,0.0,504,64,-0.002625679705316894,0.1223950725603807,0.0,1.0,0.2020414145461782,0.15124562778230533,False,False,False,,below_bounded_prescreen
absdiff__rating__elo_standard_percentile,dynamic_ratings,0.0,504,260,0.02192061041564467,0.11134150022426166,0.0,1.0,0.18100659991715978,0.15102619040240103,False,False,False,,below_bounded_prescreen
mean__detailed__clean__ftrate_std,detailed_efficiency,0.0,504,504,-0.013676623639290269,0.1130716207254891,0.0,1.0,0.1595341088587389,0.15090187079452907,False,False,False,,below_bounded_prescreen
absdiff__compact__last10_margin_mean,compact_performance,0.0,504,208,0.08230583914148955,0.08696284408210123,0.0,1.0,0.2317163075468961,0.15058079746866043,False,False,False,,below_bounded_prescreen
absdiff__detailed__last20__pace_mean,detailed_efficiency,0.0,504,493,-0.02473200854254961,0.10885788247132763,0.0,1.0,0.17833052701428775,0.15055960438502666,False,False,False,,below_bounded_prescreen
absdiff__rating__elo_standard_delta,dynamic_ratings,0.0,504,504,0.035804445238882925,0.1038442830669243,0.0,1.0,0.18345159556655458,0.15038417000201573,False,False,False,,below_bounded_prescreen
mean__detailed__all__ftrate_std,detailed_efficiency,0.0,504,504,-0.012292412011690474,0.11183117507432216,0.0,1.0,0.15878857847430305,0.15003175153927442,False,False,False,,below_bounded_prescreen
absdiff__compact__neutral_win_pct,compact_performance,0.0873015873015873,460,59,0.03633973919579989,0.024413981293210242,0.25,1.0,0.07431550627733609,0.14975670640859648,False,False,False,,below_bounded_prescreen
mean__compact__last5_margin_std,compact_performance,0.0,504,504,0.006265479651096872,0.11426470390632146,0.0,1.0,0.1776895868107013,0.14911787992584757,False,False,False,,below_bounded_prescreen
absdiff__norm__compact__win_pct__z,within_season_normalization,0.0,504,458,0.04134674879350441,0.09337369000574791,0.0,1.0,0.16382505151668159,0.14736265387666272,False,False,False,,below_bounded_prescreen
absdiff__rating__bt_c0p25_percentile,global_strength_ratings,0.0,504,267,0.03399859403906214,0.09704541375995163,0.0,1.0,0.1767271100323436,0.1469924048920767,False,False,False,,below_bounded_prescreen
absdiff__compact__win_pct,compact_performance,0.0,504,350,0.0396445443601913,0.093373683954432,0.0,1.0,0.16382504428742495,0.14698816628587244,False,False,False,,below_bounded_prescreen
absdiff__schedule__wp,schedule_and_accomplishment,0.0,504,350,0.0396445443601913,0.093373683954432,0.0,1.0,0.16382504428742495,0.14698816628587244,False,False,False,,below_bounded_prescreen
diff__compact__last5_points_against_mean,compact_performance,0.0,504,187,0.04321198126441936,0.08863833466689842,0.0,1.0,0.1268499742244392,0.14697903754930594,False,False,False,,below_bounded_prescreen
seedprior__pooled_gap_games,prequential_seed_priors,0.01984126984126984,494,73,0.012981963891088116,0.10804968851572472,0.0,1.0,0.1669067302078087,0.14645631174797333,False,False,False,,below_bounded_prescreen
absdiff__detailed__last10__def_rtg_mean,detailed_efficiency,0.0,504,504,0.02880000334088411,0.09675940041385822,0.0,1.0,0.1802828056032222,0.14556920070951757,False,False,False,,below_bounded_prescreen
absdiff__compact__last10_win_pct,compact_performance,0.0,504,8,-0.026510417569278882,0.09887539725362621,0.0,1.0,0.1950261893991712,0.14549143497101508,False,False,False,,below_bounded_prescreen
absdiff__norm__schedule__rpi__z,within_season_normalization,0.0,504,504,0.019734282845550958,0.09465330942871347,0.0,1.0,0.1444101003100048,0.14399872673940348,False,False,False,,below_bounded_prescreen
absdiff__detailed__away__pace_mean,detailed_efficiency,0.0,504,504,-0.009448790756899042,0.10063648542409492,0.0,1.0,0.15974926758447172,0.14399427626670447,False,False,False,,below_bounded_prescreen
absdiff__norm__rating__colley__pct,within_season_normalization,0.0,504,266,0.0054798592595965544,0.10475247167952591,0.0,1.0,0.1891513214787295,0.1439207025841345,False,False,False,,below_bounded_prescreen
absdiff__rating__colley_percentile,global_strength_ratings,0.0,504,266,0.0054798592595965544,0.10475247167952591,0.0,1.0,0.1891513214787295,0.1439207025841345,False,False,False,,below_bounded_prescreen
absdiff__compact__pythag_residual_exp13p91,compact_performance,0.0,504,504,0.00887260535004166,0.10146276562772914,0.0,1.0,0.17055772161552948,0.14383179181369798,False,False,False,,below_bounded_prescreen
absdiff__schedule__rpi,schedule_and_accomplishment,0.0,504,504,0.018490381930363897,0.09465330481764464,0.0,1.0,0.14441009272300706,0.14372506662822923,False,False,False,,below_bounded_prescreen
absdiff__compact__day120plus_win_pct,compact_performance,0.0,504,17,-0.03261644298982792,0.08680078425381041,0.0,1.0,0.1452461984633447,0.14303014596105734,False,False,False,,below_bounded_prescreen
absdiff__adj__net_rtg_a10p0_percentile,opponent_adjusted_efficiency,0.0,504,246,-0.009229891824393453,0.10059523488736655,0.0,1.0,0.18972877372381114,0.14272713799835007,False,False,False,,below_bounded_prescreen
absdiff__norm__adj__net_rtg_a10p0__pct,within_season_normalization,0.0,504,246,-0.009229891824393453,0.10059523488736655,0.0,1.0,0.18972877372381114,0.14272713799835007,False,False,False,,below_bounded_prescreen
absdiff__norm__rating__margin_ridge_a25p0__pct,within_season_normalization,0.0,504,260,-0.01618098520932117,0.09601187510929232,0.0,1.0,0.1748352127495533,0.14265210828852887,False,False,False,,below_bounded_prescreen
absdiff__rating__margin_ridge_a25p0_percentile,global_strength_ratings,0.0,504,260,-0.01618098520932117,0.09601187510929232,0.0,1.0,0.1748352127495533,0.14265210828852887,False,False,False,,below_bounded_prescreen
absdiff__schedule__bad_loss_penalty_sum,schedule_and_accomplishment,0.0,504,504,0.03310190229882764,0.08880171303456225,0.0,1.0,0.19175129568371466,0.14223718893498338,False,False,False,,below_bounded_prescreen
absdiff__norm__rating__bt_c1p0__pct,within_season_normalization,0.0,504,254,0.012574915856329721,0.09548774032664467,0.0,1.0,0.1672956869276646,0.1419087693680754,False,False,False,,below_bounded_prescreen
absdiff__rating__bt_c1p0_percentile,global_strength_ratings,0.0,504,254,0.012574915856329721,0.09548774032664467,0.0,1.0,0.1672956869276646,0.1419087693680754,False,False,False,,below_bounded_prescreen
absdiff__compact__margin_q10,compact_performance,0.0,504,206,0.027017816486253805,0.08619382763478531,0.0,1.0,0.1370474415372275,0.1418350592301837,False,False,False,,below_bounded_prescreen
mean__detailed__clean__orbpct_std,detailed_efficiency,0.0,504,504,0.0015235481037896646,0.10352753893871844,0.0,1.0,0.20686740021523375,0.1417537032648092,False,False,False,,below_bounded_prescreen
mean__detailed__all__orbpct_std,detailed_efficiency,0.0,504,504,-0.0004638262535129356,0.10087696143896274,0.0,1.0,0.2038273691434413,0.1403698885007373,False,False,False,,below_bounded_prescreen
absdiff__adj__net_rtg_a50p0_percentile,opponent_adjusted_efficiency,0.0,504,243,-0.01117408109615379,0.09007652895572363,0.0,1.0,0.1479353802368599,0.13977761653042678,False,False,False,,below_bounded_prescreen
absdiff__norm__adj__net_rtg_a50p0__pct,within_season_normalization,0.0,504,243,-0.01117408109615379,0.09007652895572363,0.0,1.0,0.1479353802368599,0.13977761653042678,False,False,False,,below_bounded_prescreen
absdiff__rating__elo_mov_log_delta,dynamic_ratings,0.0,504,504,0.03112158838453153,0.07754581461019627,0.0,1.0,0.11155757738086208,0.13960643736225667,False,False,False,,below_bounded_prescreen
absdiff__rating__elo_mov_538_delta,dynamic_ratings,0.0,504,504,0.02695563862835483,0.07998784188065255,0.0,1.0,0.11844974817260726,0.139586414674047,False,False,False,,below_bounded_prescreen
absdiff__compact__close3_win_pct,compact_performance,0.18055555555555555,413,37,0.014249958403849492,0.023798349814607447,0.25,1.0,0.04246091669655429,0.13841531764755183,False,False,False,,below_bounded_prescreen
absdiff__rating__margin_ridge_a5p0_percentile,global_strength_ratings,0.0,504,272,-0.022577918096947952,0.08306160346143811,0.0,1.0,0.1659642648529148,0.13819814104870226,False,False,False,,below_bounded_prescreen
absdiff__schedule__owp,schedule_and_accomplishment,0.0,504,504,0.004132861456527765,0.08636570136482057,0.0,1.0,0.15965385025470108,0.13597861216536195,False,False,False,,below_bounded_prescreen
absdiff__detailed__clean__pace_ros,detailed_efficiency,0.0,504,504,-0.010785396792189582,0.08089456987793545,0.0,1.0,0.14176635475908747,0.13553152664532722,False,False,False,,below_bounded_prescreen
absdiff__compact__margin_iqr,compact_performance,0.0,504,69,0.01965486169829876,0.07688910069873435,0.0,1.0,0.15415179869154627,0.13506476596135636,False,False,False,,below_bounded_prescreen
mean__detailed__last5__pace_mean,detailed_efficiency,0.0,504,493,0.01774997855848161,0.07383809992055716,0.0,1.0,0.11927716224551284,0.13457619675491286,False,False,False,,below_bounded_prescreen
absdiff__compact__pythag_residual_exp11p5,compact_performance,0.0,504,504,-0.004882382702285264,0.08185514837380616,0.0,1.0,0.15264467316274086,0.13425880848742006,False,False,False,,below_bounded_prescreen
absdiff__detailed__all__pace_ros,detailed_efficiency,0.0,504,504,-0.012364738086053926,0.07711755739411263,0.0,1.0,0.1378790719553849,0.13422150704989053,False,False,False,,below_bounded_prescreen
absdiff__norm__schedule__rpi__pct,within_season_normalization,0.0,504,270,0.016663814550465974,0.07850370786633551,0.0,1.0,0.18002000608156404,0.134147018733681,False,False,False,,below_bounded_prescreen
absdiff__compact__last5_margin_std,compact_performance,0.0,504,504,-0.05857958927631712,0.05163153147308526,0.0,1.0,0.1824391531650938,0.13037307862126693,False,False,False,,below_bounded_prescreen
mean__detailed__clean__offrtg_std,detailed_efficiency,0.0,504,504,-0.027848169187226525,0.061418248513916224,0.0,1.0,0.15270016236518652,0.12949935001326215,False,False,False,,below_bounded_prescreen
diff__conference__tourney_games,conference_context,0.017857142857142856,495,6,0.02115204821580553,0.0600029446283223,0.0,1.0,0.08267862916685995,0.1287191474338261,False,False,False,,below_bounded_prescreen
absdiff__rating__elo_mov_log_percentile,dynamic_ratings,0.0,504,266,0.013436776823208485,0.06385080729628356,0.0,1.0,0.12897187091177614,0.12844560356685095,False,False,False,,below_bounded_prescreen
absdiff__norm__detailed__clean__net_rtg_ros__pct,within_season_normalization,0.0,504,264,-0.03194064429371268,0.05158190976690009,0.0,1.0,0.0884680472080912,0.12824753654440518,False,False,False,,below_bounded_prescreen
absdiff__norm__rating__elo_mov_538__pct,within_season_normalization,0.0,504,257,0.014489266194849467,0.06238914545524689,0.0,1.0,0.13525523973330675,0.12772421879205312,False,False,False,,below_bounded_prescreen
absdiff__rating__elo_mov_538_percentile,dynamic_ratings,0.0,504,257,0.014489266194849467,0.06238914545524689,0.0,1.0,0.13525523973330675,0.12772421879205312,False,False,False,,below_bounded_prescreen
absdiff__compact__pythag_residual_exp10p0,compact_performance,0.0,504,504,-0.016757394649922187,0.059534683868931855,0.0,1.0,0.11578374219675772,0.1276319253921999,False,False,False,,below_bounded_prescreen
absdiff__compact__last20_margin_std,compact_performance,0.0,504,504,0.02035791486200993,0.05420403701155466,0.0,1.0,0.11293509788616361,0.12597927511974186,False,False,False,,below_bounded_prescreen
mean__detailed__all__offrtg_std,detailed_efficiency,0.0,504,504,-0.027706483366159156,0.052469695286611495,0.0,1.0,0.14342241975603595,0.1255439832878871,False,False,False,,below_bounded_prescreen
mean__compact__day120plus_games,compact_performance,0.0,504,9,-0.04143662880159368,0.04001710307510135,0.0,1.0,0.0725077894419366,0.1254239562347218,False,False,False,,below_bounded_prescreen
absdiff__norm__detailed__all__net_rtg_ros__pct,within_season_normalization,0.0,504,259,-0.0333905514322376,0.04215898088309849,0.0,1.0,0.07842813677670143,0.1244451066679115,False,False,False,,below_bounded_prescreen
absdiff__detailed__neutral__pace_mean,detailed_efficiency,0.0873015873015873,460,455,-0.0007557387750996353,0.07181273839887034,0.0,1.0,0.10277257911516965,0.12354134681324593,False,False,False,,below_bounded_prescreen
absdiff__compact__pythag_exp13p91,compact_performance,0.0,504,504,-0.028730473509769334,0.034136651139744206,0.0,1.0,0.05978406062121545,0.12031493429437785,False,False,False,,below_bounded_prescreen
seedprior__history_games,prequential_seed_priors,0.0,504,8,-0.08572023739927977,0.0,0.0,1.0,0.0,0.11885845222784155,False,False,False,,below_bounded_prescreen
diff__compact__day110plus_win_pct,compact_performance,0.0,504,120,-0.03782526663890627,0.025717231658093018,0.0,1.0,0.0735084125213932,0.1177254933555883,False,False,False,,below_bounded_prescreen
diff__compact__close5_win_pct,compact_performance,0.07936507936507936,464,153,0.013095348223131074,0.0485075578562918,0.0,1.0,0.0975213683709115,0.11591454329606608,False,False,False,,below_bounded_prescreen
absdiff__detailed__all__ftmaderate_median,detailed_efficiency,0.0,504,497,0.01196256101938368,0.03157650208981096,0.0,1.0,0.05583863499668343,0.11555493902750634,False,False,False,,below_bounded_prescreen
