feature,family,source,transformation,cutoff_day,swap_parity,missing_policy,label_policy,evidence
diff_seed,core,current regular-season compact/detailed results and tournament seeds,team 1 minus team 2,132,-1,training-fold preprocessing; unavailable/zero columns audited,no current/future tournament outcomes,candidate; requires ablation
diff_strength,core,current regular-season compact/detailed results and tournament seeds,team 1 minus team 2,132,-1,training-fold preprocessing; unavailable/zero columns audited,no current/future tournament outcomes,candidate; requires ablation
diff_schedule_strength,core,current regular-season compact/detailed results and tournament seeds,team 1 minus team 2,132,-1,training-fold preprocessing; unavailable/zero columns audited,no current/future tournament outcomes,candidate; requires ablation
diff_win_rate,core,current regular-season compact/detailed results and tournament seeds,team 1 minus team 2,132,-1,training-fold preprocessing; unavailable/zero columns audited,no current/future tournament outcomes,candidate; requires ablation
diff_margin,core,current regular-season compact/detailed results and tournament seeds,team 1 minus team 2,132,-1,training-fold preprocessing; unavailable/zero columns audited,no current/future tournament outcomes,candidate; requires ablation
diff_margin_sd,core,current regular-season compact/detailed results and tournament seeds,team 1 minus team 2,132,-1,training-fold preprocessing; unavailable/zero columns audited,no current/future tournament outcomes,candidate; requires ablation
diff_efg,core,current regular-season compact/detailed results and tournament seeds,team 1 minus team 2,132,-1,training-fold preprocessing; unavailable/zero columns audited,no current/future tournament outcomes,candidate; requires ablation
diff_tov,core,current regular-season compact/detailed results and tournament seeds,team 1 minus team 2,132,-1,training-fold preprocessing; unavailable/zero columns audited,no current/future tournament outcomes,candidate; requires ablation
diff_orb,core,current regular-season compact/detailed results and tournament seeds,team 1 minus team 2,132,-1,training-fold preprocessing; unavailable/zero columns audited,no current/future tournament outcomes,candidate; requires ablation
diff_ftr,core,current regular-season compact/detailed results and tournament seeds,team 1 minus team 2,132,-1,training-fold preprocessing; unavailable/zero columns audited,no current/future tournament outcomes,candidate; requires ablation
diff_three_rate,core,current regular-season compact/detailed results and tournament seeds,team 1 minus team 2,132,-1,training-fold preprocessing; unavailable/zero columns audited,no current/future tournament outcomes,candidate; requires ablation
diff_opp_efg,core,current regular-season compact/detailed results and tournament seeds,team 1 minus team 2,132,-1,training-fold preprocessing; unavailable/zero columns audited,no current/future tournament outcomes,candidate; requires ablation
diff_opp_tov,core,current regular-season compact/detailed results and tournament seeds,team 1 minus team 2,132,-1,training-fold preprocessing; unavailable/zero columns audited,no current/future tournament outcomes,candidate; requires ablation
diff_opp_orb,core,current regular-season compact/detailed results and tournament seeds,team 1 minus team 2,132,-1,training-fold preprocessing; unavailable/zero columns audited,no current/future tournament outcomes,candidate; requires ablation
diff_opp_ftr,core,current regular-season compact/detailed results and tournament seeds,team 1 minus team 2,132,-1,training-fold preprocessing; unavailable/zero columns audited,no current/future tournament outcomes,candidate; requires ablation
diff_opp_three_rate,core,current regular-season compact/detailed results and tournament seeds,team 1 minus team 2,132,-1,training-fold preprocessing; unavailable/zero columns audited,no current/future tournament outcomes,candidate; requires ablation
diff_detailed_coverage,core,current regular-season compact/detailed results and tournament seeds,team 1 minus team 2,132,-1,training-fold preprocessing; unavailable/zero columns audited,no current/future tournament outcomes,candidate; requires ablation
diff_recent_strength,core,current regular-season compact/detailed results and tournament seeds,team 1 minus team 2,132,-1,training-fold preprocessing; unavailable/zero columns audited,no current/future tournament outcomes,candidate; requires ablation
diff_strength_change,core,current regular-season compact/detailed results and tournament seeds,team 1 minus team 2,132,-1,training-fold preprocessing; unavailable/zero columns audited,no current/future tournament outcomes,candidate; requires ablation
matchup_efg,core,current regular-season compact/detailed results and tournament seeds,antisymmetric interaction; see advanced_features.py,132,-1,training-fold preprocessing; unavailable/zero columns audited,no current/future tournament outcomes,candidate; requires ablation
matchup_tov,core,current regular-season compact/detailed results and tournament seeds,antisymmetric interaction; see advanced_features.py,132,-1,training-fold preprocessing; unavailable/zero columns audited,no current/future tournament outcomes,candidate; requires ablation
matchup_orb,core,current regular-season compact/detailed results and tournament seeds,antisymmetric interaction; see advanced_features.py,132,-1,training-fold preprocessing; unavailable/zero columns audited,no current/future tournament outcomes,candidate; requires ablation
matchup_ftr,core,current regular-season compact/detailed results and tournament seeds,antisymmetric interaction; see advanced_features.py,132,-1,training-fold preprocessing; unavailable/zero columns audited,no current/future tournament outcomes,candidate; requires ablation
matchup_three_rate,core,current regular-season compact/detailed results and tournament seeds,antisymmetric interaction; see advanced_features.py,132,-1,training-fold preprocessing; unavailable/zero columns audited,no current/future tournament outcomes,candidate; requires ablation
matchup_strength_volatility,core,current regular-season compact/detailed results and tournament seeds,antisymmetric interaction; see advanced_features.py,132,-1,training-fold preprocessing; unavailable/zero columns audited,no current/future tournament outcomes,candidate; requires ablation
diff_adj_offense,adjusted,current regular-season compact/detailed results and tournament seeds,team 1 minus team 2,132,-1,training-fold preprocessing; unavailable/zero columns audited,no current/future tournament outcomes,candidate; requires ablation
diff_adj_defense,adjusted,current regular-season compact/detailed results and tournament seeds,team 1 minus team 2,132,-1,training-fold preprocessing; unavailable/zero columns audited,no current/future tournament outcomes,candidate; requires ablation
diff_recent_offense,adjusted,current regular-season compact/detailed results and tournament seeds,team 1 minus team 2,132,-1,training-fold preprocessing; unavailable/zero columns audited,no current/future tournament outcomes,candidate; requires ablation
diff_recent_defense,adjusted,current regular-season compact/detailed results and tournament seeds,team 1 minus team 2,132,-1,training-fold preprocessing; unavailable/zero columns audited,no current/future tournament outcomes,candidate; requires ablation
diff_adjusted_efg_offense,four_factors,current regular-season compact/detailed results and tournament seeds,team 1 minus team 2,132,-1,training-fold preprocessing; unavailable/zero columns audited,no current/future tournament outcomes,candidate; requires ablation
diff_adjusted_efg_defense,four_factors,current regular-season compact/detailed results and tournament seeds,team 1 minus team 2,132,-1,training-fold preprocessing; unavailable/zero columns audited,no current/future tournament outcomes,candidate; requires ablation
diff_adjusted_tov_offense,four_factors,current regular-season compact/detailed results and tournament seeds,team 1 minus team 2,132,-1,training-fold preprocessing; unavailable/zero columns audited,no current/future tournament outcomes,candidate; requires ablation
diff_adjusted_tov_defense,four_factors,current regular-season compact/detailed results and tournament seeds,team 1 minus team 2,132,-1,training-fold preprocessing; unavailable/zero columns audited,no current/future tournament outcomes,candidate; requires ablation
diff_adjusted_orb_offense,four_factors,current regular-season compact/detailed results and tournament seeds,team 1 minus team 2,132,-1,training-fold preprocessing; unavailable/zero columns audited,no current/future tournament outcomes,candidate; requires ablation
diff_adjusted_orb_defense,four_factors,current regular-season compact/detailed results and tournament seeds,team 1 minus team 2,132,-1,training-fold preprocessing; unavailable/zero columns audited,no current/future tournament outcomes,candidate; requires ablation
diff_adjusted_ftr_offense,four_factors,current regular-season compact/detailed results and tournament seeds,team 1 minus team 2,132,-1,training-fold preprocessing; unavailable/zero columns audited,no current/future tournament outcomes,candidate; requires ablation
diff_adjusted_ftr_defense,four_factors,current regular-season compact/detailed results and tournament seeds,team 1 minus team 2,132,-1,training-fold preprocessing; unavailable/zero columns audited,no current/future tournament outcomes,candidate; requires ablation
diff_residual_sd,form,current regular-season compact/detailed results and tournament seeds,team 1 minus team 2,132,-1,training-fold preprocessing; unavailable/zero columns audited,no current/future tournament outcomes,candidate; requires ablation
diff_residual_downside,form,current regular-season compact/detailed results and tournament seeds,team 1 minus team 2,132,-1,training-fold preprocessing; unavailable/zero columns audited,no current/future tournament outcomes,candidate; requires ablation
diff_recent_residual,form,current regular-season compact/detailed results and tournament seeds,team 1 minus team 2,132,-1,training-fold preprocessing; unavailable/zero columns audited,no current/future tournament outcomes,candidate; requires ablation
diff_road_residual,form,current regular-season compact/detailed results and tournament seeds,team 1 minus team 2,132,-1,training-fold preprocessing; unavailable/zero columns audited,no current/future tournament outcomes,candidate; requires ablation
diff_schedule_sd,form,current regular-season compact/detailed results and tournament seeds,team 1 minus team 2,132,-1,training-fold preprocessing; unavailable/zero columns audited,no current/future tournament outcomes,candidate; requires ablation
diff_strong_opponent_margin,form,current regular-season compact/detailed results and tournament seeds,team 1 minus team 2,132,-1,training-fold preprocessing; unavailable/zero columns audited,no current/future tournament outcomes,candidate; requires ablation
diff_close_win_posterior,form,current regular-season compact/detailed results and tournament seeds,team 1 minus team 2,132,-1,training-fold preprocessing; unavailable/zero columns audited,no current/future tournament outcomes,candidate; requires ablation
diff_rest_days,form,current regular-season compact/detailed results and tournament seeds,team 1 minus team 2,132,-1,training-fold preprocessing; unavailable/zero columns audited,no current/future tournament outcomes,candidate; requires ablation
diff_two_posterior,shooting,current regular-season compact/detailed results and tournament seeds,team 1 minus team 2,132,-1,training-fold preprocessing; unavailable/zero columns audited,no current/future tournament outcomes,candidate; requires ablation
diff_two_uncertainty,shooting,current regular-season compact/detailed results and tournament seeds,team 1 minus team 2,132,-1,training-fold preprocessing; unavailable/zero columns audited,no current/future tournament outcomes,candidate; requires ablation
diff_three_posterior,shooting,current regular-season compact/detailed results and tournament seeds,team 1 minus team 2,132,-1,training-fold preprocessing; unavailable/zero columns audited,no current/future tournament outcomes,candidate; requires ablation
diff_three_uncertainty,shooting,current regular-season compact/detailed results and tournament seeds,team 1 minus team 2,132,-1,training-fold preprocessing; unavailable/zero columns audited,no current/future tournament outcomes,candidate; requires ablation
diff_free_posterior,shooting,current regular-season compact/detailed results and tournament seeds,team 1 minus team 2,132,-1,training-fold preprocessing; unavailable/zero columns audited,no current/future tournament outcomes,candidate; requires ablation
diff_free_uncertainty,shooting,current regular-season compact/detailed results and tournament seeds,team 1 minus team 2,132,-1,training-fold preprocessing; unavailable/zero columns audited,no current/future tournament outcomes,candidate; requires ablation
diff_opp_two_posterior,shooting,current regular-season compact/detailed results and tournament seeds,team 1 minus team 2,132,-1,training-fold preprocessing; unavailable/zero columns audited,no current/future tournament outcomes,candidate; requires ablation
diff_opp_two_uncertainty,shooting,current regular-season compact/detailed results and tournament seeds,team 1 minus team 2,132,-1,training-fold preprocessing; unavailable/zero columns audited,no current/future tournament outcomes,candidate; requires ablation
diff_opp_three_posterior,shooting,current regular-season compact/detailed results and tournament seeds,team 1 minus team 2,132,-1,training-fold preprocessing; unavailable/zero columns audited,no current/future tournament outcomes,candidate; requires ablation
diff_opp_three_uncertainty,shooting,current regular-season compact/detailed results and tournament seeds,team 1 minus team 2,132,-1,training-fold preprocessing; unavailable/zero columns audited,no current/future tournament outcomes,candidate; requires ablation
diff_opp_free_posterior,shooting,current regular-season compact/detailed results and tournament seeds,team 1 minus team 2,132,-1,training-fold preprocessing; unavailable/zero columns audited,no current/future tournament outcomes,candidate; requires ablation
diff_opp_free_uncertainty,shooting,current regular-season compact/detailed results and tournament seeds,team 1 minus team 2,132,-1,training-fold preprocessing; unavailable/zero columns audited,no current/future tournament outcomes,candidate; requires ablation
diff_tempo,tempo,current regular-season compact/detailed results and tournament seeds,team 1 minus team 2,132,-1,training-fold preprocessing; unavailable/zero columns audited,no current/future tournament outcomes,candidate; requires ablation
diff_tempo_sd,tempo,current regular-season compact/detailed results and tournament seeds,team 1 minus team 2,132,-1,training-fold preprocessing; unavailable/zero columns audited,no current/future tournament outcomes,candidate; requires ablation
diff_three_dependence,tempo,current regular-season compact/detailed results and tournament seeds,team 1 minus team 2,132,-1,training-fold preprocessing; unavailable/zero columns audited,no current/future tournament outcomes,candidate; requires ablation
diff_possession_gap,tempo,current regular-season compact/detailed results and tournament seeds,team 1 minus team 2,132,-1,training-fold preprocessing; unavailable/zero columns audited,no current/future tournament outcomes,candidate; requires ablation
diff_clean_coverage,tempo,current regular-season compact/detailed results and tournament seeds,team 1 minus team 2,132,-1,training-fold preprocessing; unavailable/zero columns audited,no current/future tournament outcomes,candidate; requires ablation
diff_elo,dynamic,regular-season compact history at or before DayNum 132,team 1 minus team 2,132,-1,training-fold preprocessing; unavailable/zero columns audited,no current/future tournament outcomes,candidate; requires ablation
diff_elo_mov,dynamic,regular-season compact history at or before DayNum 132,team 1 minus team 2,132,-1,training-fold preprocessing; unavailable/zero columns audited,no current/future tournament outcomes,candidate; requires ablation
diff_elo_change,dynamic,regular-season compact history at or before DayNum 132,team 1 minus team 2,132,-1,training-fold preprocessing; unavailable/zero columns audited,no current/future tournament outcomes,candidate; requires ablation
diff_elo_mov_change,dynamic,regular-season compact history at or before DayNum 132,team 1 minus team 2,132,-1,training-fold preprocessing; unavailable/zero columns audited,no current/future tournament outcomes,candidate; requires ablation
diff_prior_wins,history,prior-season NCAA results and seeds,team 1 minus team 2,132,-1,training-fold preprocessing; unavailable/zero columns audited,no current/future tournament outcomes,candidate; requires ablation
diff_prior_appearances,history,prior-season NCAA results and seeds,team 1 minus team 2,132,-1,training-fold preprocessing; unavailable/zero columns audited,no current/future tournament outcomes,candidate; requires ablation
diff_prior_seed,history,prior-season NCAA results and seeds,team 1 minus team 2,132,-1,training-fold preprocessing; unavailable/zero columns audited,no current/future tournament outcomes,candidate; requires ablation
diff_rank_consensus,rankings,Massey publication cohorts at or before DayNum 132,team 1 minus team 2,132,-1,training-fold preprocessing; unavailable/zero columns audited,no current/future tournament outcomes,candidate; requires ablation
diff_rank_mean,rankings,Massey publication cohorts at or before DayNum 132,team 1 minus team 2,132,-1,training-fold preprocessing; unavailable/zero columns audited,no current/future tournament outcomes,candidate; requires ablation
diff_rank_disagreement,rankings,Massey publication cohorts at or before DayNum 132,team 1 minus team 2,132,-1,training-fold preprocessing; unavailable/zero columns audited,no current/future tournament outcomes,candidate; requires ablation
diff_rank_iqr,rankings,Massey publication cohorts at or before DayNum 132,team 1 minus team 2,132,-1,training-fold preprocessing; unavailable/zero columns audited,no current/future tournament outcomes,candidate; requires ablation
diff_rank_lower,rankings,Massey publication cohorts at or before DayNum 132,team 1 minus team 2,132,-1,training-fold preprocessing; unavailable/zero columns audited,no current/future tournament outcomes,candidate; requires ablation
diff_rank_upper,rankings,Massey publication cohorts at or before DayNum 132,team 1 minus team 2,132,-1,training-fold preprocessing; unavailable/zero columns audited,no current/future tournament outcomes,candidate; requires ablation
diff_rank_top25,rankings,Massey publication cohorts at or before DayNum 132,team 1 minus team 2,132,-1,training-fold preprocessing; unavailable/zero columns audited,no current/future tournament outcomes,candidate; requires ablation
diff_rank_top50,rankings,Massey publication cohorts at or before DayNum 132,team 1 minus team 2,132,-1,training-fold preprocessing; unavailable/zero columns audited,no current/future tournament outcomes,candidate; requires ablation
diff_rank_systems,rankings,Massey publication cohorts at or before DayNum 132,team 1 minus team 2,132,-1,training-fold preprocessing; unavailable/zero columns audited,no current/future tournament outcomes,candidate; requires ablation
diff_rank_coverage,rankings,Massey publication cohorts at or before DayNum 132,team 1 minus team 2,132,-1,training-fold preprocessing; unavailable/zero columns audited,no current/future tournament outcomes,candidate; requires ablation
diff_rank_age,rankings,Massey publication cohorts at or before DayNum 132,team 1 minus team 2,132,-1,training-fold preprocessing; unavailable/zero columns audited,no current/future tournament outcomes,candidate; requires ablation
diff_rank_max_age,rankings,Massey publication cohorts at or before DayNum 132,team 1 minus team 2,132,-1,training-fold preprocessing; unavailable/zero columns audited,no current/future tournament outcomes,candidate; requires ablation
diff_rank_logit,rankings,Massey publication cohorts at or before DayNum 132,team 1 minus team 2,132,-1,training-fold preprocessing; unavailable/zero columns audited,no current/future tournament outcomes,candidate; requires ablation
diff_rank_momentum,rank_trends,matched Massey systems at historical as-of cutoffs,team 1 minus team 2,132,-1,training-fold preprocessing; unavailable/zero columns audited,no current/future tournament outcomes,candidate; requires ablation
diff_rank_short_momentum,rank_trends,matched Massey systems at historical as-of cutoffs,team 1 minus team 2,132,-1,training-fold preprocessing; unavailable/zero columns audited,no current/future tournament outcomes,candidate; requires ablation
diff_rank_long_momentum,rank_trends,matched Massey systems at historical as-of cutoffs,team 1 minus team 2,132,-1,training-fold preprocessing; unavailable/zero columns audited,no current/future tournament outcomes,candidate; requires ablation
diff_rank_acceleration,rank_trends,matched Massey systems at historical as-of cutoffs,team 1 minus team 2,132,-1,training-fold preprocessing; unavailable/zero columns audited,no current/future tournament outcomes,candidate; requires ablation
diff_rank_momentum_sd,rank_trends,matched Massey systems at historical as-of cutoffs,team 1 minus team 2,132,-1,training-fold preprocessing; unavailable/zero columns audited,no current/future tournament outcomes,candidate; requires ablation
diff_rank_matched_fraction,rank_trends,matched Massey systems at historical as-of cutoffs,team 1 minus team 2,132,-1,training-fold preprocessing; unavailable/zero columns audited,no current/future tournament outcomes,candidate; requires ablation
diff_rank_dispersion_change,rank_trends,matched Massey systems at historical as-of cutoffs,team 1 minus team 2,132,-1,training-fold preprocessing; unavailable/zero columns audited,no current/future tournament outcomes,candidate; requires ablation
diff_te_team_mean,target_team,NCAA team outcomes from strictly earlier training seasons,team 1 minus team 2,132,-1,training-fold preprocessing; unavailable/zero columns audited,strictly prior seasons; fixed prior and smoothing,candidate; requires ablation
diff_te_team_uncertainty,target_team,NCAA team outcomes from strictly earlier training seasons,team 1 minus team 2,132,-1,training-fold preprocessing; unavailable/zero columns audited,strictly prior seasons; fixed prior and smoothing,candidate; requires ablation
diff_te_team_support,target_team,NCAA team outcomes from strictly earlier training seasons,team 1 minus team 2,132,-1,training-fold preprocessing; unavailable/zero columns audited,strictly prior seasons; fixed prior and smoothing,candidate; requires ablation
diff_te_seed_mean,target_seed,NCAA outcomes grouped by historical season seed,team 1 minus team 2,132,-1,training-fold preprocessing; unavailable/zero columns audited,strictly prior seasons; fixed prior and smoothing,candidate; requires ablation
diff_te_seed_uncertainty,target_seed,NCAA outcomes grouped by historical season seed,team 1 minus team 2,132,-1,training-fold preprocessing; unavailable/zero columns audited,strictly prior seasons; fixed prior and smoothing,candidate; requires ablation
diff_te_seed_support,target_seed,NCAA outcomes grouped by historical season seed,team 1 minus team 2,132,-1,training-fold preprocessing; unavailable/zero columns audited,strictly prior seasons; fixed prior and smoothing,candidate; requires ablation
diff_te_rank_mean,target_rank,NCAA outcomes grouped by historical pre-cutoff Massey decile,team 1 minus team 2,132,-1,training-fold preprocessing; unavailable/zero columns audited,strictly prior seasons; fixed prior and smoothing,candidate; requires ablation
diff_te_rank_uncertainty,target_rank,NCAA outcomes grouped by historical pre-cutoff Massey decile,team 1 minus team 2,132,-1,training-fold preprocessing; unavailable/zero columns audited,strictly prior seasons; fixed prior and smoothing,candidate; requires ablation
diff_te_rank_support,target_rank,NCAA outcomes grouped by historical pre-cutoff Massey decile,team 1 minus team 2,132,-1,training-fold preprocessing; unavailable/zero columns audited,strictly prior seasons; fixed prior and smoothing,candidate; requires ablation
diff_assist_ratio,ball_control,current regular-season compact/detailed results and tournament seeds,team 1 minus team 2,132,-1,training-fold preprocessing; unavailable/zero columns audited,no current/future tournament outcomes,candidate; requires ablation
diff_assist_turnover,ball_control,current regular-season compact/detailed results and tournament seeds,team 1 minus team 2,132,-1,training-fold preprocessing; unavailable/zero columns audited,no current/future tournament outcomes,candidate; requires ablation
diff_steal_rate,ball_control,current regular-season compact/detailed results and tournament seeds,team 1 minus team 2,132,-1,training-fold preprocessing; unavailable/zero columns audited,no current/future tournament outcomes,candidate; requires ablation
diff_block_rate,ball_control,current regular-season compact/detailed results and tournament seeds,team 1 minus team 2,132,-1,training-fold preprocessing; unavailable/zero columns audited,no current/future tournament outcomes,candidate; requires ablation
diff_foul_rate,ball_control,current regular-season compact/detailed results and tournament seeds,team 1 minus team 2,132,-1,training-fold preprocessing; unavailable/zero columns audited,no current/future tournament outcomes,candidate; requires ablation
diff_opp_assist_ratio,ball_control,current regular-season compact/detailed results and tournament seeds,team 1 minus team 2,132,-1,training-fold preprocessing; unavailable/zero columns audited,no current/future tournament outcomes,candidate; requires ablation
diff_opp_assist_turnover,ball_control,current regular-season compact/detailed results and tournament seeds,team 1 minus team 2,132,-1,training-fold preprocessing; unavailable/zero columns audited,no current/future tournament outcomes,candidate; requires ablation
diff_opp_steal_rate,ball_control,current regular-season compact/detailed results and tournament seeds,team 1 minus team 2,132,-1,training-fold preprocessing; unavailable/zero columns audited,no current/future tournament outcomes,candidate; requires ablation
diff_opp_block_rate,ball_control,current regular-season compact/detailed results and tournament seeds,team 1 minus team 2,132,-1,training-fold preprocessing; unavailable/zero columns audited,no current/future tournament outcomes,candidate; requires ablation
diff_opp_foul_rate,ball_control,current regular-season compact/detailed results and tournament seeds,team 1 minus team 2,132,-1,training-fold preprocessing; unavailable/zero columns audited,no current/future tournament outcomes,candidate; requires ablation
diff_neutral_margin,schedule_context,current regular-season compact/detailed results and tournament seeds,team 1 minus team 2,132,-1,training-fold preprocessing; unavailable/zero columns audited,no current/future tournament outcomes,candidate; requires ablation
diff_road_margin,schedule_context,current regular-season compact/detailed results and tournament seeds,team 1 minus team 2,132,-1,training-fold preprocessing; unavailable/zero columns audited,no current/future tournament outcomes,candidate; requires ablation
diff_elite_win_posterior,schedule_context,current regular-season compact/detailed results and tournament seeds,team 1 minus team 2,132,-1,training-fold preprocessing; unavailable/zero columns audited,no current/future tournament outcomes,candidate; requires ablation
diff_elite_fraction,schedule_context,current regular-season compact/detailed results and tournament seeds,team 1 minus team 2,132,-1,training-fold preprocessing; unavailable/zero columns audited,no current/future tournament outcomes,candidate; requires ablation
diff_games_last_14,schedule_context,current regular-season compact/detailed results and tournament seeds,team 1 minus team 2,132,-1,training-fold preprocessing; unavailable/zero columns audited,no current/future tournament outcomes,candidate; requires ablation
diff_overtime_fraction,schedule_context,current regular-season compact/detailed results and tournament seeds,team 1 minus team 2,132,-1,training-fold preprocessing; unavailable/zero columns audited,no current/future tournament outcomes,candidate; requires ablation
diff_pythagorean_win,scoring_shape,current regular-season compact/detailed results and tournament seeds,team 1 minus team 2,132,-1,training-fold preprocessing; unavailable/zero columns audited,no current/future tournament outcomes,candidate; requires ablation
diff_rating_balance,scoring_shape,current regular-season compact/detailed results and tournament seeds,team 1 minus team 2,132,-1,training-fold preprocessing; unavailable/zero columns audited,no current/future tournament outcomes,candidate; requires ablation
diff_rating_imbalance,scoring_shape,current regular-season compact/detailed results and tournament seeds,team 1 minus team 2,132,-1,training-fold preprocessing; unavailable/zero columns audited,no current/future tournament outcomes,candidate; requires ablation
diff_margin_lower_tail,scoring_shape,current regular-season compact/detailed results and tournament seeds,team 1 minus team 2,132,-1,training-fold preprocessing; unavailable/zero columns audited,no current/future tournament outcomes,candidate; requires ablation
diff_research_distribution_season_margin_mean,distribution,pre-cutoff detailed game distributions across fixed windows,team 1 minus team 2,132,-1,training-fold preprocessing; unavailable/zero columns audited,no current/future tournament outcomes,candidate; requires ablation
diff_research_distribution_season_margin_median,distribution,pre-cutoff detailed game distributions across fixed windows,team 1 minus team 2,132,-1,training-fold preprocessing; unavailable/zero columns audited,no current/future tournament outcomes,candidate; requires ablation
diff_research_distribution_season_margin_std,distribution,pre-cutoff detailed game distributions across fixed windows,team 1 minus team 2,132,-1,training-fold preprocessing; unavailable/zero columns audited,no current/future tournament outcomes,candidate; requires ablation
diff_research_distribution_season_margin_min,distribution,pre-cutoff detailed game distributions across fixed windows,team 1 minus team 2,132,-1,training-fold preprocessing; unavailable/zero columns audited,no current/future tournament outcomes,candidate; requires ablation
diff_research_distribution_season_margin_max,distribution,pre-cutoff detailed game distributions across fixed windows,team 1 minus team 2,132,-1,training-fold preprocessing; unavailable/zero columns audited,no current/future tournament outcomes,candidate; requires ablation
diff_research_distribution_season_margin_count,distribution,pre-cutoff detailed game distributions across fixed windows,team 1 minus team 2,132,-1,training-fold preprocessing; unavailable/zero columns audited,no current/future tournament outcomes,candidate; requires ablation
diff_research_distribution_season_margin_q10,distribution,pre-cutoff detailed game distributions across fixed windows,team 1 minus team 2,132,-1,training-fold preprocessing; unavailable/zero columns audited,no current/future tournament outcomes,candidate; requires ablation
diff_research_distribution_season_margin_q25,distribution,pre-cutoff detailed game distributions across fixed windows,team 1 minus team 2,132,-1,training-fold preprocessing; unavailable/zero columns audited,no current/future tournament outcomes,candidate; requires ablation
diff_research_distribution_season_margin_q75,distribution,pre-cutoff detailed game distributions across fixed windows,team 1 minus team 2,132,-1,training-fold preprocessing; unavailable/zero columns audited,no current/future tournament outcomes,candidate; requires ablation
diff_research_distribution_season_margin_q90,distribution,pre-cutoff detailed game distributions across fixed windows,team 1 minus team 2,132,-1,training-fold preprocessing; unavailable/zero columns audited,no current/future tournament outcomes,candidate; requires ablation
diff_research_distribution_season_margin_iqr,distribution,pre-cutoff detailed game distributions across fixed windows,team 1 minus team 2,132,-1,training-fold preprocessing; unavailable/zero columns audited,no current/future tournament outcomes,candidate; requires ablation
diff_research_distribution_season_margin_skew,distribution,pre-cutoff detailed game distributions across fixed windows,team 1 minus team 2,132,-1,training-fold preprocessing; unavailable/zero columns audited,no current/future tournament outcomes,candidate; requires ablation
diff_research_distribution_season_points_mean,distribution,pre-cutoff detailed game distributions across fixed windows,team 1 minus team 2,132,-1,training-fold preprocessing; unavailable/zero columns audited,no current/future tournament outcomes,candidate; requires ablation
diff_research_distribution_season_points_median,distribution,pre-cutoff detailed game distributions across fixed windows,team 1 minus team 2,132,-1,training-fold preprocessing; unavailable/zero columns audited,no current/future tournament outcomes,candidate; requires ablation
diff_research_distribution_season_points_std,distribution,pre-cutoff detailed game distributions across fixed windows,team 1 minus team 2,132,-1,training-fold preprocessing; unavailable/zero columns audited,no current/future tournament outcomes,candidate; requires ablation
diff_research_distribution_season_points_min,distribution,pre-cutoff detailed game distributions across fixed windows,team 1 minus team 2,132,-1,training-fold preprocessing; unavailable/zero columns audited,no current/future tournament outcomes,candidate; requires ablation
diff_research_distribution_season_points_max,distribution,pre-cutoff detailed game distributions across fixed windows,team 1 minus team 2,132,-1,training-fold preprocessing; unavailable/zero columns audited,no current/future tournament outcomes,candidate; requires ablation
diff_research_distribution_season_points_count,distribution,pre-cutoff detailed game distributions across fixed windows,team 1 minus team 2,132,-1,training-fold preprocessing; unavailable/zero columns audited,no current/future tournament outcomes,candidate; requires ablation
diff_research_distribution_season_points_q10,distribution,pre-cutoff detailed game distributions across fixed windows,team 1 minus team 2,132,-1,training-fold preprocessing; unavailable/zero columns audited,no current/future tournament outcomes,candidate; requires ablation
diff_research_distribution_season_points_q25,distribution,pre-cutoff detailed game distributions across fixed windows,team 1 minus team 2,132,-1,training-fold preprocessing; unavailable/zero columns audited,no current/future tournament outcomes,candidate; requires ablation
diff_research_distribution_season_points_q75,distribution,pre-cutoff detailed game distributions across fixed windows,team 1 minus team 2,132,-1,training-fold preprocessing; unavailable/zero columns audited,no current/future tournament outcomes,candidate; requires ablation
diff_research_distribution_season_points_q90,distribution,pre-cutoff detailed game distributions across fixed windows,team 1 minus team 2,132,-1,training-fold preprocessing; unavailable/zero columns audited,no current/future tournament outcomes,candidate; requires ablation
diff_research_distribution_season_points_iqr,distribution,pre-cutoff detailed game distributions across fixed windows,team 1 minus team 2,132,-1,training-fold preprocessing; unavailable/zero columns audited,no current/future tournament outcomes,candidate; requires ablation
diff_research_distribution_season_points_skew,distribution,pre-cutoff detailed game distributions across fixed windows,team 1 minus team 2,132,-1,training-fold preprocessing; unavailable/zero columns audited,no current/future tournament outcomes,candidate; requires ablation
diff_research_distribution_season_allowed_mean,distribution,pre-cutoff detailed game distributions across fixed windows,team 1 minus team 2,132,-1,training-fold preprocessing; unavailable/zero columns audited,no current/future tournament outcomes,candidate; requires ablation
diff_research_distribution_season_allowed_median,distribution,pre-cutoff detailed game distributions across fixed windows,team 1 minus team 2,132,-1,training-fold preprocessing; unavailable/zero columns audited,no current/future tournament outcomes,candidate; requires ablation
diff_research_distribution_season_allowed_std,distribution,pre-cutoff detailed game distributions across fixed windows,team 1 minus team 2,132,-1,training-fold preprocessing; unavailable/zero columns audited,no current/future tournament outcomes,candidate; requires ablation
diff_research_distribution_season_allowed_min,distribution,pre-cutoff detailed game distributions across fixed windows,team 1 minus team 2,132,-1,training-fold preprocessing; unavailable/zero columns audited,no current/future tournament outcomes,candidate; requires ablation
diff_research_distribution_season_allowed_max,distribution,pre-cutoff detailed game distributions across fixed windows,team 1 minus team 2,132,-1,training-fold preprocessing; unavailable/zero columns audited,no current/future tournament outcomes,candidate; requires ablation
diff_research_distribution_season_allowed_count,distribution,pre-cutoff detailed game distributions across fixed windows,team 1 minus team 2,132,-1,training-fold preprocessing; unavailable/zero columns audited,no current/future tournament outcomes,candidate; requires ablation
diff_research_distribution_season_allowed_q10,distribution,pre-cutoff detailed game distributions across fixed windows,team 1 minus team 2,132,-1,training-fold preprocessing; unavailable/zero columns audited,no current/future tournament outcomes,candidate; requires ablation
diff_research_distribution_season_allowed_q25,distribution,pre-cutoff detailed game distributions across fixed windows,team 1 minus team 2,132,-1,training-fold preprocessing; unavailable/zero columns audited,no current/future tournament outcomes,candidate; requires ablation
diff_research_distribution_season_allowed_q75,distribution,pre-cutoff detailed game distributions across fixed windows,team 1 minus team 2,132,-1,training-fold preprocessing; unavailable/zero columns audited,no current/future tournament outcomes,candidate; requires ablation
diff_research_distribution_season_allowed_q90,distribution,pre-cutoff detailed game distributions across fixed windows,team 1 minus team 2,132,-1,training-fold preprocessing; unavailable/zero columns audited,no current/future tournament outcomes,candidate; requires ablation
diff_research_distribution_season_allowed_iqr,distribution,pre-cutoff detailed game distributions across fixed windows,team 1 minus team 2,132,-1,training-fold preprocessing; unavailable/zero columns audited,no current/future tournament outcomes,candidate; requires ablation
diff_research_distribution_season_allowed_skew,distribution,pre-cutoff detailed game distributions across fixed windows,team 1 minus team 2,132,-1,training-fold preprocessing; unavailable/zero columns audited,no current/future tournament outcomes,candidate; requires ablation
diff_research_distribution_season_efficiency_mean,distribution,pre-cutoff detailed game distributions across fixed windows,team 1 minus team 2,132,-1,training-fold preprocessing; unavailable/zero columns audited,no current/future tournament outcomes,candidate; requires ablation
diff_research_distribution_season_efficiency_median,distribution,pre-cutoff detailed game distributions across fixed windows,team 1 minus team 2,132,-1,training-fold preprocessing; unavailable/zero columns audited,no current/future tournament outcomes,candidate; requires ablation
diff_research_distribution_season_efficiency_std,distribution,pre-cutoff detailed game distributions across fixed windows,team 1 minus team 2,132,-1,training-fold preprocessing; unavailable/zero columns audited,no current/future tournament outcomes,candidate; requires ablation
diff_research_distribution_season_efficiency_min,distribution,pre-cutoff detailed game distributions across fixed windows,team 1 minus team 2,132,-1,training-fold preprocessing; unavailable/zero columns audited,no current/future tournament outcomes,candidate; requires ablation
diff_research_distribution_season_efficiency_max,distribution,pre-cutoff detailed game distributions across fixed windows,team 1 minus team 2,132,-1,training-fold preprocessing; unavailable/zero columns audited,no current/future tournament outcomes,candidate; requires ablation
diff_research_distribution_season_efficiency_count,distribution,pre-cutoff detailed game distributions across fixed windows,team 1 minus team 2,132,-1,training-fold preprocessing; unavailable/zero columns audited,no current/future tournament outcomes,candidate; requires ablation
diff_research_distribution_season_efficiency_q10,distribution,pre-cutoff detailed game distributions across fixed windows,team 1 minus team 2,132,-1,training-fold preprocessing; unavailable/zero columns audited,no current/future tournament outcomes,candidate; requires ablation
diff_research_distribution_season_efficiency_q25,distribution,pre-cutoff detailed game distributions across fixed windows,team 1 minus team 2,132,-1,training-fold preprocessing; unavailable/zero columns audited,no current/future tournament outcomes,candidate; requires ablation
diff_research_distribution_season_efficiency_q75,distribution,pre-cutoff detailed game distributions across fixed windows,team 1 minus team 2,132,-1,training-fold preprocessing; unavailable/zero columns audited,no current/future tournament outcomes,candidate; requires ablation
diff_research_distribution_season_efficiency_q90,distribution,pre-cutoff detailed game distributions across fixed windows,team 1 minus team 2,132,-1,training-fold preprocessing; unavailable/zero columns audited,no current/future tournament outcomes,candidate; requires ablation
diff_research_distribution_season_efficiency_iqr,distribution,pre-cutoff detailed game distributions across fixed windows,team 1 minus team 2,132,-1,training-fold preprocessing; unavailable/zero columns audited,no current/future tournament outcomes,candidate; requires ablation
diff_research_distribution_season_efficiency_skew,distribution,pre-cutoff detailed game distributions across fixed windows,team 1 minus team 2,132,-1,training-fold preprocessing; unavailable/zero columns audited,no current/future tournament outcomes,candidate; requires ablation
diff_research_distribution_season_allowed_efficiency_mean,distribution,pre-cutoff detailed game distributions across fixed windows,team 1 minus team 2,132,-1,training-fold preprocessing; unavailable/zero columns audited,no current/future tournament outcomes,candidate; requires ablation
diff_research_distribution_season_allowed_efficiency_median,distribution,pre-cutoff detailed game distributions across fixed windows,team 1 minus team 2,132,-1,training-fold preprocessing; unavailable/zero columns audited,no current/future tournament outcomes,candidate; requires ablation
diff_research_distribution_season_allowed_efficiency_std,distribution,pre-cutoff detailed game distributions across fixed windows,team 1 minus team 2,132,-1,training-fold preprocessing; unavailable/zero columns audited,no current/future tournament outcomes,candidate; requires ablation
diff_research_distribution_season_allowed_efficiency_min,distribution,pre-cutoff detailed game distributions across fixed windows,team 1 minus team 2,132,-1,training-fold preprocessing; unavailable/zero columns audited,no current/future tournament outcomes,candidate; requires ablation
diff_research_distribution_season_allowed_efficiency_max,distribution,pre-cutoff detailed game distributions across fixed windows,team 1 minus team 2,132,-1,training-fold preprocessing; unavailable/zero columns audited,no current/future tournament outcomes,candidate; requires ablation
diff_research_distribution_season_allowed_efficiency_count,distribution,pre-cutoff detailed game distributions across fixed windows,team 1 minus team 2,132,-1,training-fold preprocessing; unavailable/zero columns audited,no current/future tournament outcomes,candidate; requires ablation
diff_research_distribution_season_allowed_efficiency_q10,distribution,pre-cutoff detailed game distributions across fixed windows,team 1 minus team 2,132,-1,training-fold preprocessing; unavailable/zero columns audited,no current/future tournament outcomes,candidate; requires ablation
diff_research_distribution_season_allowed_efficiency_q25,distribution,pre-cutoff detailed game distributions across fixed windows,team 1 minus team 2,132,-1,training-fold preprocessing; unavailable/zero columns audited,no current/future tournament outcomes,candidate; requires ablation
diff_research_distribution_season_allowed_efficiency_q75,distribution,pre-cutoff detailed game distributions across fixed windows,team 1 minus team 2,132,-1,training-fold preprocessing; unavailable/zero columns audited,no current/future tournament outcomes,candidate; requires ablation
diff_research_distribution_season_allowed_efficiency_q90,distribution,pre-cutoff detailed game distributions across fixed windows,team 1 minus team 2,132,-1,training-fold preprocessing; unavailable/zero columns audited,no current/future tournament outcomes,candidate; requires ablation
diff_research_distribution_season_allowed_efficiency_iqr,distribution,pre-cutoff detailed game distributions across fixed windows,team 1 minus team 2,132,-1,training-fold preprocessing; unavailable/zero columns audited,no current/future tournament outcomes,candidate; requires ablation
diff_research_distribution_season_allowed_efficiency_skew,distribution,pre-cutoff detailed game distributions across fixed windows,team 1 minus team 2,132,-1,training-fold preprocessing; unavailable/zero columns audited,no current/future tournament outcomes,candidate; requires ablation
diff_research_distribution_season_tempo_mean,distribution,pre-cutoff detailed game distributions across fixed windows,team 1 minus team 2,132,-1,training-fold preprocessing; unavailable/zero columns audited,no current/future tournament outcomes,candidate; requires ablation
diff_research_distribution_season_tempo_median,distribution,pre-cutoff detailed game distributions across fixed windows,team 1 minus team 2,132,-1,training-fold preprocessing; unavailable/zero columns audited,no current/future tournament outcomes,candidate; requires ablation
diff_research_distribution_season_tempo_std,distribution,pre-cutoff detailed game distributions across fixed windows,team 1 minus team 2,132,-1,training-fold preprocessing; unavailable/zero columns audited,no current/future tournament outcomes,candidate; requires ablation
diff_research_distribution_season_tempo_min,distribution,pre-cutoff detailed game distributions across fixed windows,team 1 minus team 2,132,-1,training-fold preprocessing; unavailable/zero columns audited,no current/future tournament outcomes,candidate; requires ablation
diff_research_distribution_season_tempo_max,distribution,pre-cutoff detailed game distributions across fixed windows,team 1 minus team 2,132,-1,training-fold preprocessing; unavailable/zero columns audited,no current/future tournament outcomes,candidate; requires ablation
diff_research_distribution_season_tempo_count,distribution,pre-cutoff detailed game distributions across fixed windows,team 1 minus team 2,132,-1,training-fold preprocessing; unavailable/zero columns audited,no current/future tournament outcomes,candidate; requires ablation
diff_research_distribution_season_tempo_q10,distribution,pre-cutoff detailed game distributions across fixed windows,team 1 minus team 2,132,-1,training-fold preprocessing; unavailable/zero columns audited,no current/future tournament outcomes,candidate; requires ablation
diff_research_distribution_season_tempo_q25,distribution,pre-cutoff detailed game distributions across fixed windows,team 1 minus team 2,132,-1,training-fold preprocessing; unavailable/zero columns audited,no current/future tournament outcomes,candidate; requires ablation
diff_research_distribution_season_tempo_q75,distribution,pre-cutoff detailed game distributions across fixed windows,team 1 minus team 2,132,-1,training-fold preprocessing; unavailable/zero columns audited,no current/future tournament outcomes,candidate; requires ablation
diff_research_distribution_season_tempo_q90,distribution,pre-cutoff detailed game distributions across fixed windows,team 1 minus team 2,132,-1,training-fold preprocessing; unavailable/zero columns audited,no current/future tournament outcomes,candidate; requires ablation
diff_research_distribution_season_tempo_iqr,distribution,pre-cutoff detailed game distributions across fixed windows,team 1 minus team 2,132,-1,training-fold preprocessing; unavailable/zero columns audited,no current/future tournament outcomes,candidate; requires ablation
diff_research_distribution_season_tempo_skew,distribution,pre-cutoff detailed game distributions across fixed windows,team 1 minus team 2,132,-1,training-fold preprocessing; unavailable/zero columns audited,no current/future tournament outcomes,candidate; requires ablation
diff_research_distribution_season_efg_mean,distribution,pre-cutoff detailed game distributions across fixed windows,team 1 minus team 2,132,-1,training-fold preprocessing; unavailable/zero columns audited,no current/future tournament outcomes,candidate; requires ablation
diff_research_distribution_season_efg_median,distribution,pre-cutoff detailed game distributions across fixed windows,team 1 minus team 2,132,-1,training-fold preprocessing; unavailable/zero columns audited,no current/future tournament outcomes,candidate; requires ablation
diff_research_distribution_season_efg_std,distribution,pre-cutoff detailed game distributions across fixed windows,team 1 minus team 2,132,-1,training-fold preprocessing; unavailable/zero columns audited,no current/future tournament outcomes,candidate; requires ablation
diff_research_distribution_season_efg_min,distribution,pre-cutoff detailed game distributions across fixed windows,team 1 minus team 2,132,-1,training-fold preprocessing; unavailable/zero columns audited,no current/future tournament outcomes,candidate; requires ablation
diff_research_distribution_season_efg_max,distribution,pre-cutoff detailed game distributions across fixed windows,team 1 minus team 2,132,-1,training-fold preprocessing; unavailable/zero columns audited,no current/future tournament outcomes,candidate; requires ablation
diff_research_distribution_season_efg_count,distribution,pre-cutoff detailed game distributions across fixed windows,team 1 minus team 2,132,-1,training-fold preprocessing; unavailable/zero columns audited,no current/future tournament outcomes,candidate; requires ablation
diff_research_distribution_season_efg_q10,distribution,pre-cutoff detailed game distributions across fixed windows,team 1 minus team 2,132,-1,training-fold preprocessing; unavailable/zero columns audited,no current/future tournament outcomes,candidate; requires ablation
diff_research_distribution_season_efg_q25,distribution,pre-cutoff detailed game distributions across fixed windows,team 1 minus team 2,132,-1,training-fold preprocessing; unavailable/zero columns audited,no current/future tournament outcomes,candidate; requires ablation
diff_research_distribution_season_efg_q75,distribution,pre-cutoff detailed game distributions across fixed windows,team 1 minus team 2,132,-1,training-fold preprocessing; unavailable/zero columns audited,no current/future tournament outcomes,candidate; requires ablation
diff_research_distribution_season_efg_q90,distribution,pre-cutoff detailed game distributions across fixed windows,team 1 minus team 2,132,-1,training-fold preprocessing; unavailable/zero columns audited,no current/future tournament outcomes,candidate; requires ablation
diff_research_distribution_season_efg_iqr,distribution,pre-cutoff detailed game distributions across fixed windows,team 1 minus team 2,132,-1,training-fold preprocessing; unavailable/zero columns audited,no current/future tournament outcomes,candidate; requires ablation
diff_research_distribution_season_efg_skew,distribution,pre-cutoff detailed game distributions across fixed windows,team 1 minus team 2,132,-1,training-fold preprocessing; unavailable/zero columns audited,no current/future tournament outcomes,candidate; requires ablation
diff_research_distribution_season_opp_efg_mean,distribution,pre-cutoff detailed game distributions across fixed windows,team 1 minus team 2,132,-1,training-fold preprocessing; unavailable/zero columns audited,no current/future tournament outcomes,candidate; requires ablation
diff_research_distribution_season_opp_efg_median,distribution,pre-cutoff detailed game distributions across fixed windows,team 1 minus team 2,132,-1,training-fold preprocessing; unavailable/zero columns audited,no current/future tournament outcomes,candidate; requires ablation
diff_research_distribution_season_opp_efg_std,distribution,pre-cutoff detailed game distributions across fixed windows,team 1 minus team 2,132,-1,training-fold preprocessing; unavailable/zero columns audited,no current/future tournament outcomes,candidate; requires ablation
diff_research_distribution_season_opp_efg_min,distribution,pre-cutoff detailed game distributions across fixed windows,team 1 minus team 2,132,-1,training-fold preprocessing; unavailable/zero columns audited,no current/future tournament outcomes,candidate; requires ablation
diff_research_distribution_season_opp_efg_max,distribution,pre-cutoff detailed game distributions across fixed windows,team 1 minus team 2,132,-1,training-fold preprocessing; unavailable/zero columns audited,no current/future tournament outcomes,candidate; requires ablation
diff_research_distribution_season_opp_efg_count,distribution,pre-cutoff detailed game distributions across fixed windows,team 1 minus team 2,132,-1,training-fold preprocessing; unavailable/zero columns audited,no current/future tournament outcomes,candidate; requires ablation
diff_research_distribution_season_opp_efg_q10,distribution,pre-cutoff detailed game distributions across fixed windows,team 1 minus team 2,132,-1,training-fold preprocessing; unavailable/zero columns audited,no current/future tournament outcomes,candidate; requires ablation
diff_research_distribution_season_opp_efg_q25,distribution,pre-cutoff detailed game distributions across fixed windows,team 1 minus team 2,132,-1,training-fold preprocessing; unavailable/zero columns audited,no current/future tournament outcomes,candidate; requires ablation
diff_research_distribution_season_opp_efg_q75,distribution,pre-cutoff detailed game distributions across fixed windows,team 1 minus team 2,132,-1,training-fold preprocessing; unavailable/zero columns audited,no current/future tournament outcomes,candidate; requires ablation
diff_research_distribution_season_opp_efg_q90,distribution,pre-cutoff detailed game distributions across fixed windows,team 1 minus team 2,132,-1,training-fold preprocessing; unavailable/zero columns audited,no current/future tournament outcomes,candidate; requires ablation
diff_research_distribution_season_opp_efg_iqr,distribution,pre-cutoff detailed game distributions across fixed windows,team 1 minus team 2,132,-1,training-fold preprocessing; unavailable/zero columns audited,no current/future tournament outcomes,candidate; requires ablation
diff_research_distribution_season_opp_efg_skew,distribution,pre-cutoff detailed game distributions across fixed windows,team 1 minus team 2,132,-1,training-fold preprocessing; unavailable/zero columns audited,no current/future tournament outcomes,candidate; requires ablation
diff_research_distribution_season_tov_mean,distribution,pre-cutoff detailed game distributions across fixed windows,team 1 minus team 2,132,-1,training-fold preprocessing; unavailable/zero columns audited,no current/future tournament outcomes,candidate; requires ablation
diff_research_distribution_season_tov_median,distribution,pre-cutoff detailed game distributions across fixed windows,team 1 minus team 2,132,-1,training-fold preprocessing; unavailable/zero columns audited,no current/future tournament outcomes,candidate; requires ablation
diff_research_distribution_season_tov_std,distribution,pre-cutoff detailed game distributions across fixed windows,team 1 minus team 2,132,-1,training-fold preprocessing; unavailable/zero columns audited,no current/future tournament outcomes,candidate; requires ablation
diff_research_distribution_season_tov_min,distribution,pre-cutoff detailed game distributions across fixed windows,team 1 minus team 2,132,-1,training-fold preprocessing; unavailable/zero columns audited,no current/future tournament outcomes,candidate; requires ablation
diff_research_distribution_season_tov_max,distribution,pre-cutoff detailed game distributions across fixed windows,team 1 minus team 2,132,-1,training-fold preprocessing; unavailable/zero columns audited,no current/future tournament outcomes,candidate; requires ablation
diff_research_distribution_season_tov_count,distribution,pre-cutoff detailed game distributions across fixed windows,team 1 minus team 2,132,-1,training-fold preprocessing; unavailable/zero columns audited,no current/future tournament outcomes,candidate; requires ablation
diff_research_distribution_season_tov_q10,distribution,pre-cutoff detailed game distributions across fixed windows,team 1 minus team 2,132,-1,training-fold preprocessing; unavailable/zero columns audited,no current/future tournament outcomes,candidate; requires ablation
diff_research_distribution_season_tov_q25,distribution,pre-cutoff detailed game distributions across fixed windows,team 1 minus team 2,132,-1,training-fold preprocessing; unavailable/zero columns audited,no current/future tournament outcomes,candidate; requires ablation
diff_research_distribution_season_tov_q75,distribution,pre-cutoff detailed game distributions across fixed windows,team 1 minus team 2,132,-1,training-fold preprocessing; unavailable/zero columns audited,no current/future tournament outcomes,candidate; requires ablation
diff_research_distribution_season_tov_q90,distribution,pre-cutoff detailed game distributions across fixed windows,team 1 minus team 2,132,-1,training-fold preprocessing; unavailable/zero columns audited,no current/future tournament outcomes,candidate; requires ablation
diff_research_distribution_season_tov_iqr,distribution,pre-cutoff detailed game distributions across fixed windows,team 1 minus team 2,132,-1,training-fold preprocessing; unavailable/zero columns audited,no current/future tournament outcomes,candidate; requires ablation
diff_research_distribution_season_tov_skew,distribution,pre-cutoff detailed game distributions across fixed windows,team 1 minus team 2,132,-1,training-fold preprocessing; unavailable/zero columns audited,no current/future tournament outcomes,candidate; requires ablation
diff_research_distribution_season_opp_tov_mean,distribution,pre-cutoff detailed game distributions across fixed windows,team 1 minus team 2,132,-1,training-fold preprocessing; unavailable/zero columns audited,no current/future tournament outcomes,candidate; requires ablation
diff_research_distribution_season_opp_tov_median,distribution,pre-cutoff detailed game distributions across fixed windows,team 1 minus team 2,132,-1,training-fold preprocessing; unavailable/zero columns audited,no current/future tournament outcomes,candidate; requires ablation
diff_research_distribution_season_opp_tov_std,distribution,pre-cutoff detailed game distributions across fixed windows,team 1 minus team 2,132,-1,training-fold preprocessing; unavailable/zero columns audited,no current/future tournament outcomes,candidate; requires ablation
diff_research_distribution_season_opp_tov_min,distribution,pre-cutoff detailed game distributions across fixed windows,team 1 minus team 2,132,-1,training-fold preprocessing; unavailable/zero columns audited,no current/future tournament outcomes,candidate; requires ablation
diff_research_distribution_season_opp_tov_max,distribution,pre-cutoff detailed game distributions across fixed windows,team 1 minus team 2,132,-1,training-fold preprocessing; unavailable/zero columns audited,no current/future tournament outcomes,candidate; requires ablation
diff_research_distribution_season_opp_tov_count,distribution,pre-cutoff detailed game distributions across fixed windows,team 1 minus team 2,132,-1,training-fold preprocessing; unavailable/zero columns audited,no current/future tournament outcomes,candidate; requires ablation
diff_research_distribution_season_opp_tov_q10,distribution,pre-cutoff detailed game distributions across fixed windows,team 1 minus team 2,132,-1,training-fold preprocessing; unavailable/zero columns audited,no current/future tournament outcomes,candidate; requires ablation
diff_research_distribution_season_opp_tov_q25,distribution,pre-cutoff detailed game distributions across fixed windows,team 1 minus team 2,132,-1,training-fold preprocessing; unavailable/zero columns audited,no current/future tournament outcomes,candidate; requires ablation
diff_research_distribution_season_opp_tov_q75,distribution,pre-cutoff detailed game distributions across fixed windows,team 1 minus team 2,132,-1,training-fold preprocessing; unavailable/zero columns audited,no current/future tournament outcomes,candidate; requires ablation
diff_research_distribution_season_opp_tov_q90,distribution,pre-cutoff detailed game distributions across fixed windows,team 1 minus team 2,132,-1,training-fold preprocessing; unavailable/zero columns audited,no current/future tournament outcomes,candidate; requires ablation
diff_research_distribution_season_opp_tov_iqr,distribution,pre-cutoff detailed game distributions across fixed windows,team 1 minus team 2,132,-1,training-fold preprocessing; unavailable/zero columns audited,no current/future tournament outcomes,candidate; requires ablation
diff_research_distribution_season_opp_tov_skew,distribution,pre-cutoff detailed game distributions across fixed windows,team 1 minus team 2,132,-1,training-fold preprocessing; unavailable/zero columns audited,no current/future tournament outcomes,candidate; requires ablation
diff_research_distribution_season_orb_mean,distribution,pre-cutoff detailed game distributions across fixed windows,team 1 minus team 2,132,-1,training-fold preprocessing; unavailable/zero columns audited,no current/future tournament outcomes,candidate; requires ablation
diff_research_distribution_season_orb_median,distribution,pre-cutoff detailed game distributions across fixed windows,team 1 minus team 2,132,-1,training-fold preprocessing; unavailable/zero columns audited,no current/future tournament outcomes,candidate; requires ablation
diff_research_distribution_season_orb_std,distribution,pre-cutoff detailed game distributions across fixed windows,team 1 minus team 2,132,-1,training-fold preprocessing; unavailable/zero columns audited,no current/future tournament outcomes,candidate; requires ablation
diff_research_distribution_season_orb_min,distribution,pre-cutoff detailed game distributions across fixed windows,team 1 minus team 2,132,-1,training-fold preprocessing; unavailable/zero columns audited,no current/future tournament outcomes,candidate; requires ablation
diff_research_distribution_season_orb_max,distribution,pre-cutoff detailed game distributions across fixed windows,team 1 minus team 2,132,-1,training-fold preprocessing; unavailable/zero columns audited,no current/future tournament outcomes,candidate; requires ablation
diff_research_distribution_season_orb_count,distribution,pre-cutoff detailed game distributions across fixed windows,team 1 minus team 2,132,-1,training-fold preprocessing; unavailable/zero columns audited,no current/future tournament outcomes,candidate; requires ablation
diff_research_distribution_season_orb_q10,distribution,pre-cutoff detailed game distributions across fixed windows,team 1 minus team 2,132,-1,training-fold preprocessing; unavailable/zero columns audited,no current/future tournament outcomes,candidate; requires ablation
diff_research_distribution_season_orb_q25,distribution,pre-cutoff detailed game distributions across fixed windows,team 1 minus team 2,132,-1,training-fold preprocessing; unavailable/zero columns audited,no current/future tournament outcomes,candidate; requires ablation
diff_research_distribution_season_orb_q75,distribution,pre-cutoff detailed game distributions across fixed windows,team 1 minus team 2,132,-1,training-fold preprocessing; unavailable/zero columns audited,no current/future tournament outcomes,candidate; requires ablation
diff_research_distribution_season_orb_q90,distribution,pre-cutoff detailed game distributions across fixed windows,team 1 minus team 2,132,-1,training-fold preprocessing; unavailable/zero columns audited,no current/future tournament outcomes,candidate; requires ablation
diff_research_distribution_season_orb_iqr,distribution,pre-cutoff detailed game distributions across fixed windows,team 1 minus team 2,132,-1,training-fold preprocessing; unavailable/zero columns audited,no current/future tournament outcomes,candidate; requires ablation
diff_research_distribution_season_orb_skew,distribution,pre-cutoff detailed game distributions across fixed windows,team 1 minus team 2,132,-1,training-fold preprocessing; unavailable/zero columns audited,no current/future tournament outcomes,candidate; requires ablation
diff_research_distribution_season_opp_orb_mean,distribution,pre-cutoff detailed game distributions across fixed windows,team 1 minus team 2,132,-1,training-fold preprocessing; unavailable/zero columns audited,no current/future tournament outcomes,candidate; requires ablation
diff_research_distribution_season_opp_orb_median,distribution,pre-cutoff detailed game distributions across fixed windows,team 1 minus team 2,132,-1,training-fold preprocessing; unavailable/zero columns audited,no current/future tournament outcomes,candidate; requires ablation
diff_research_distribution_season_opp_orb_std,distribution,pre-cutoff detailed game distributions across fixed windows,team 1 minus team 2,132,-1,training-fold preprocessing; unavailable/zero columns audited,no current/future tournament outcomes,candidate; requires ablation
diff_research_distribution_season_opp_orb_min,distribution,pre-cutoff detailed game distributions across fixed windows,team 1 minus team 2,132,-1,training-fold preprocessing; unavailable/zero columns audited,no current/future tournament outcomes,candidate; requires ablation
diff_research_distribution_season_opp_orb_max,distribution,pre-cutoff detailed game distributions across fixed windows,team 1 minus team 2,132,-1,training-fold preprocessing; unavailable/zero columns audited,no current/future tournament outcomes,candidate; requires ablation
diff_research_distribution_season_opp_orb_count,distribution,pre-cutoff detailed game distributions across fixed windows,team 1 minus team 2,132,-1,training-fold preprocessing; unavailable/zero columns audited,no current/future tournament outcomes,candidate; requires ablation
diff_research_distribution_season_opp_orb_q10,distribution,pre-cutoff detailed game distributions across fixed windows,team 1 minus team 2,132,-1,training-fold preprocessing; unavailable/zero columns audited,no current/future tournament outcomes,candidate; requires ablation
diff_research_distribution_season_opp_orb_q25,distribution,pre-cutoff detailed game distributions across fixed windows,team 1 minus team 2,132,-1,training-fold preprocessing; unavailable/zero columns audited,no current/future tournament outcomes,candidate; requires ablation
diff_research_distribution_season_opp_orb_q75,distribution,pre-cutoff detailed game distributions across fixed windows,team 1 minus team 2,132,-1,training-fold preprocessing; unavailable/zero columns audited,no current/future tournament outcomes,candidate; requires ablation
diff_research_distribution_season_opp_orb_q90,distribution,pre-cutoff detailed game distributions across fixed windows,team 1 minus team 2,132,-1,training-fold preprocessing; unavailable/zero columns audited,no current/future tournament outcomes,candidate; requires ablation
diff_research_distribution_season_opp_orb_iqr,distribution,pre-cutoff detailed game distributions across fixed windows,team 1 minus team 2,132,-1,training-fold preprocessing; unavailable/zero columns audited,no current/future tournament outcomes,candidate; requires ablation
diff_research_distribution_season_opp_orb_skew,distribution,pre-cutoff detailed game distributions across fixed windows,team 1 minus team 2,132,-1,training-fold preprocessing; unavailable/zero columns audited,no current/future tournament outcomes,candidate; requires ablation
diff_research_distribution_season_ftr_mean,distribution,pre-cutoff detailed game distributions across fixed windows,team 1 minus team 2,132,-1,training-fold preprocessing; unavailable/zero columns audited,no current/future tournament outcomes,candidate; requires ablation
diff_research_distribution_season_ftr_median,distribution,pre-cutoff detailed game distributions across fixed windows,team 1 minus team 2,132,-1,training-fold preprocessing; unavailable/zero columns audited,no current/future tournament outcomes,candidate; requires ablation
diff_research_distribution_season_ftr_std,distribution,pre-cutoff detailed game distributions across fixed windows,team 1 minus team 2,132,-1,training-fold preprocessing; unavailable/zero columns audited,no current/future tournament outcomes,candidate; requires ablation
diff_research_distribution_season_ftr_min,distribution,pre-cutoff detailed game distributions across fixed windows,team 1 minus team 2,132,-1,training-fold preprocessing; unavailable/zero columns audited,no current/future tournament outcomes,candidate; requires ablation
diff_research_distribution_season_ftr_max,distribution,pre-cutoff detailed game distributions across fixed windows,team 1 minus team 2,132,-1,training-fold preprocessing; unavailable/zero columns audited,no current/future tournament outcomes,candidate; requires ablation
diff_research_distribution_season_ftr_count,distribution,pre-cutoff detailed game distributions across fixed windows,team 1 minus team 2,132,-1,training-fold preprocessing; unavailable/zero columns audited,no current/future tournament outcomes,candidate; requires ablation
diff_research_distribution_season_ftr_q10,distribution,pre-cutoff detailed game distributions across fixed windows,team 1 minus team 2,132,-1,training-fold preprocessing; unavailable/zero columns audited,no current/future tournament outcomes,candidate; requires ablation
diff_research_distribution_season_ftr_q25,distribution,pre-cutoff detailed game distributions across fixed windows,team 1 minus team 2,132,-1,training-fold preprocessing; unavailable/zero columns audited,no current/future tournament outcomes,candidate; requires ablation
diff_research_distribution_season_ftr_q75,distribution,pre-cutoff detailed game distributions across fixed windows,team 1 minus team 2,132,-1,training-fold preprocessing; unavailable/zero columns audited,no current/future tournament outcomes,candidate; requires ablation
diff_research_distribution_season_ftr_q90,distribution,pre-cutoff detailed game distributions across fixed windows,team 1 minus team 2,132,-1,training-fold preprocessing; unavailable/zero columns audited,no current/future tournament outcomes,candidate; requires ablation
diff_research_distribution_season_ftr_iqr,distribution,pre-cutoff detailed game distributions across fixed windows,team 1 minus team 2,132,-1,training-fold preprocessing; unavailable/zero columns audited,no current/future tournament outcomes,candidate; requires ablation
diff_research_distribution_season_ftr_skew,distribution,pre-cutoff detailed game distributions across fixed windows,team 1 minus team 2,132,-1,training-fold preprocessing; unavailable/zero columns audited,no current/future tournament outcomes,candidate; requires ablation
diff_research_distribution_season_opp_ftr_mean,distribution,pre-cutoff detailed game distributions across fixed windows,team 1 minus team 2,132,-1,training-fold preprocessing; unavailable/zero columns audited,no current/future tournament outcomes,candidate; requires ablation
diff_research_distribution_season_opp_ftr_median,distribution,pre-cutoff detailed game distributions across fixed windows,team 1 minus team 2,132,-1,training-fold preprocessing; unavailable/zero columns audited,no current/future tournament outcomes,candidate; requires ablation
diff_research_distribution_season_opp_ftr_std,distribution,pre-cutoff detailed game distributions across fixed windows,team 1 minus team 2,132,-1,training-fold preprocessing; unavailable/zero columns audited,no current/future tournament outcomes,candidate; requires ablation
diff_research_distribution_season_opp_ftr_min,distribution,pre-cutoff detailed game distributions across fixed windows,team 1 minus team 2,132,-1,training-fold preprocessing; unavailable/zero columns audited,no current/future tournament outcomes,candidate; requires ablation
diff_research_distribution_season_opp_ftr_max,distribution,pre-cutoff detailed game distributions across fixed windows,team 1 minus team 2,132,-1,training-fold preprocessing; unavailable/zero columns audited,no current/future tournament outcomes,candidate; requires ablation
diff_research_distribution_season_opp_ftr_count,distribution,pre-cutoff detailed game distributions across fixed windows,team 1 minus team 2,132,-1,training-fold preprocessing; unavailable/zero columns audited,no current/future tournament outcomes,candidate; requires ablation
diff_research_distribution_season_opp_ftr_q10,distribution,pre-cutoff detailed game distributions across fixed windows,team 1 minus team 2,132,-1,training-fold preprocessing; unavailable/zero columns audited,no current/future tournament outcomes,candidate; requires ablation
diff_research_distribution_season_opp_ftr_q25,distribution,pre-cutoff detailed game distributions across fixed windows,team 1 minus team 2,132,-1,training-fold preprocessing; unavailable/zero columns audited,no current/future tournament outcomes,candidate; requires ablation
diff_research_distribution_season_opp_ftr_q75,distribution,pre-cutoff detailed game distributions across fixed windows,team 1 minus team 2,132,-1,training-fold preprocessing; unavailable/zero columns audited,no current/future tournament outcomes,candidate; requires ablation
diff_research_distribution_season_opp_ftr_q90,distribution,pre-cutoff detailed game distributions across fixed windows,team 1 minus team 2,132,-1,training-fold preprocessing; unavailable/zero columns audited,no current/future tournament outcomes,candidate; requires ablation
diff_research_distribution_season_opp_ftr_iqr,distribution,pre-cutoff detailed game distributions across fixed windows,team 1 minus team 2,132,-1,training-fold preprocessing; unavailable/zero columns audited,no current/future tournament outcomes,candidate; requires ablation
diff_research_distribution_season_opp_ftr_skew,distribution,pre-cutoff detailed game distributions across fixed windows,team 1 minus team 2,132,-1,training-fold preprocessing; unavailable/zero columns audited,no current/future tournament outcomes,candidate; requires ablation
diff_research_distribution_season_three_share_mean,distribution,pre-cutoff detailed game distributions across fixed windows,team 1 minus team 2,132,-1,training-fold preprocessing; unavailable/zero columns audited,no current/future tournament outcomes,candidate; requires ablation
diff_research_distribution_season_three_share_median,distribution,pre-cutoff detailed game distributions across fixed windows,team 1 minus team 2,132,-1,training-fold preprocessing; unavailable/zero columns audited,no current/future tournament outcomes,candidate; requires ablation
diff_research_distribution_season_three_share_std,distribution,pre-cutoff detailed game distributions across fixed windows,team 1 minus team 2,132,-1,training-fold preprocessing; unavailable/zero columns audited,no current/future tournament outcomes,candidate; requires ablation
diff_research_distribution_season_three_share_min,distribution,pre-cutoff detailed game distributions across fixed windows,team 1 minus team 2,132,-1,training-fold preprocessing; unavailable/zero columns audited,no current/future tournament outcomes,candidate; requires ablation
diff_research_distribution_season_three_share_max,distribution,pre-cutoff detailed game distributions across fixed windows,team 1 minus team 2,132,-1,training-fold preprocessing; unavailable/zero columns audited,no current/future tournament outcomes,candidate; requires ablation
diff_research_distribution_season_three_share_count,distribution,pre-cutoff detailed game distributions across fixed windows,team 1 minus team 2,132,-1,training-fold preprocessing; unavailable/zero columns audited,no current/future tournament outcomes,candidate; requires ablation
diff_research_distribution_season_three_share_q10,distribution,pre-cutoff detailed game distributions across fixed windows,team 1 minus team 2,132,-1,training-fold preprocessing; unavailable/zero columns audited,no current/future tournament outcomes,candidate; requires ablation
diff_research_distribution_season_three_share_q25,distribution,pre-cutoff detailed game distributions across fixed windows,team 1 minus team 2,132,-1,training-fold preprocessing; unavailable/zero columns audited,no current/future tournament outcomes,candidate; requires ablation
diff_research_distribution_season_three_share_q75,distribution,pre-cutoff detailed game distributions across fixed windows,team 1 minus team 2,132,-1,training-fold preprocessing; unavailable/zero columns audited,no current/future tournament outcomes,candidate; requires ablation
diff_research_distribution_season_three_share_q90,distribution,pre-cutoff detailed game distributions across fixed windows,team 1 minus team 2,132,-1,training-fold preprocessing; unavailable/zero columns audited,no current/future tournament outcomes,candidate; requires ablation
diff_research_distribution_season_three_share_iqr,distribution,pre-cutoff detailed game distributions across fixed windows,team 1 minus team 2,132,-1,training-fold preprocessing; unavailable/zero columns audited,no current/future tournament outcomes,candidate; requires ablation
diff_research_distribution_season_three_share_skew,distribution,pre-cutoff detailed game distributions across fixed windows,team 1 minus team 2,132,-1,training-fold preprocessing; unavailable/zero columns audited,no current/future tournament outcomes,candidate; requires ablation
diff_research_distribution_season_opp_three_share_mean,distribution,pre-cutoff detailed game distributions across fixed windows,team 1 minus team 2,132,-1,training-fold preprocessing; unavailable/zero columns audited,no current/future tournament outcomes,candidate; requires ablation
diff_research_distribution_season_opp_three_share_median,distribution,pre-cutoff detailed game distributions across fixed windows,team 1 minus team 2,132,-1,training-fold preprocessing; unavailable/zero columns audited,no current/future tournament outcomes,candidate; requires ablation
diff_research_distribution_season_opp_three_share_std,distribution,pre-cutoff detailed game distributions across fixed windows,team 1 minus team 2,132,-1,training-fold preprocessing; unavailable/zero columns audited,no current/future tournament outcomes,candidate; requires ablation
diff_research_distribution_season_opp_three_share_min,distribution,pre-cutoff detailed game distributions across fixed windows,team 1 minus team 2,132,-1,training-fold preprocessing; unavailable/zero columns audited,no current/future tournament outcomes,candidate; requires ablation
diff_research_distribution_season_opp_three_share_max,distribution,pre-cutoff detailed game distributions across fixed windows,team 1 minus team 2,132,-1,training-fold preprocessing; unavailable/zero columns audited,no current/future tournament outcomes,candidate; requires ablation
diff_research_distribution_season_opp_three_share_count,distribution,pre-cutoff detailed game distributions across fixed windows,team 1 minus team 2,132,-1,training-fold preprocessing; unavailable/zero columns audited,no current/future tournament outcomes,candidate; requires ablation
diff_research_distribution_season_opp_three_share_q10,distribution,pre-cutoff detailed game distributions across fixed windows,team 1 minus team 2,132,-1,training-fold preprocessing; unavailable/zero columns audited,no current/future tournament outcomes,candidate; requires ablation
diff_research_distribution_season_opp_three_share_q25,distribution,pre-cutoff detailed game distributions across fixed windows,team 1 minus team 2,132,-1,training-fold preprocessing; unavailable/zero columns audited,no current/future tournament outcomes,candidate; requires ablation
diff_research_distribution_season_opp_three_share_q75,distribution,pre-cutoff detailed game distributions across fixed windows,team 1 minus team 2,132,-1,training-fold preprocessing; unavailable/zero columns audited,no current/future tournament outcomes,candidate; requires ablation
diff_research_distribution_season_opp_three_share_q90,distribution,pre-cutoff detailed game distributions across fixed windows,team 1 minus team 2,132,-1,training-fold preprocessing; unavailable/zero columns audited,no current/future tournament outcomes,candidate; requires ablation
diff_research_distribution_season_opp_three_share_iqr,distribution,pre-cutoff detailed game distributions across fixed windows,team 1 minus team 2,132,-1,training-fold preprocessing; unavailable/zero columns audited,no current/future tournament outcomes,candidate; requires ablation
diff_research_distribution_season_opp_three_share_skew,distribution,pre-cutoff detailed game distributions across fixed windows,team 1 minus team 2,132,-1,training-fold preprocessing; unavailable/zero columns audited,no current/future tournament outcomes,candidate; requires ablation
diff_research_distribution_season_three_accuracy_mean,distribution,pre-cutoff detailed game distributions across fixed windows,team 1 minus team 2,132,-1,training-fold preprocessing; unavailable/zero columns audited,no current/future tournament outcomes,candidate; requires ablation
diff_research_distribution_season_three_accuracy_median,distribution,pre-cutoff detailed game distributions across fixed windows,team 1 minus team 2,132,-1,training-fold preprocessing; unavailable/zero columns audited,no current/future tournament outcomes,candidate; requires ablation
diff_research_distribution_season_three_accuracy_std,distribution,pre-cutoff detailed game distributions across fixed windows,team 1 minus team 2,132,-1,training-fold preprocessing; unavailable/zero columns audited,no current/future tournament outcomes,candidate; requires ablation
diff_research_distribution_season_three_accuracy_min,distribution,pre-cutoff detailed game distributions across fixed windows,team 1 minus team 2,132,-1,training-fold preprocessing; unavailable/zero columns audited,no current/future tournament outcomes,candidate; requires ablation
diff_research_distribution_season_three_accuracy_max,distribution,pre-cutoff detailed game distributions across fixed windows,team 1 minus team 2,132,-1,training-fold preprocessing; unavailable/zero columns audited,no current/future tournament outcomes,candidate; requires ablation
diff_research_distribution_season_three_accuracy_count,distribution,pre-cutoff detailed game distributions across fixed windows,team 1 minus team 2,132,-1,training-fold preprocessing; unavailable/zero columns audited,no current/future tournament outcomes,candidate; requires ablation
diff_research_distribution_season_three_accuracy_q10,distribution,pre-cutoff detailed game distributions across fixed windows,team 1 minus team 2,132,-1,training-fold preprocessing; unavailable/zero columns audited,no current/future tournament outcomes,candidate; requires ablation
diff_research_distribution_season_three_accuracy_q25,distribution,pre-cutoff detailed game distributions across fixed windows,team 1 minus team 2,132,-1,training-fold preprocessing; unavailable/zero columns audited,no current/future tournament outcomes,candidate; requires ablation
diff_research_distribution_season_three_accuracy_q75,distribution,pre-cutoff detailed game distributions across fixed windows,team 1 minus team 2,132,-1,training-fold preprocessing; unavailable/zero columns audited,no current/future tournament outcomes,candidate; requires ablation
diff_research_distribution_season_three_accuracy_q90,distribution,pre-cutoff detailed game distributions across fixed windows,team 1 minus team 2,132,-1,training-fold preprocessing; unavailable/zero columns audited,no current/future tournament outcomes,candidate; requires ablation
diff_research_distribution_season_three_accuracy_iqr,distribution,pre-cutoff detailed game distributions across fixed windows,team 1 minus team 2,132,-1,training-fold preprocessing; unavailable/zero columns audited,no current/future tournament outcomes,candidate; requires ablation
diff_research_distribution_season_three_accuracy_skew,distribution,pre-cutoff detailed game distributions across fixed windows,team 1 minus team 2,132,-1,training-fold preprocessing; unavailable/zero columns audited,no current/future tournament outcomes,candidate; requires ablation
diff_research_distribution_season_opp_three_accuracy_mean,distribution,pre-cutoff detailed game distributions across fixed windows,team 1 minus team 2,132,-1,training-fold preprocessing; unavailable/zero columns audited,no current/future tournament outcomes,candidate; requires ablation
diff_research_distribution_season_opp_three_accuracy_median,distribution,pre-cutoff detailed game distributions across fixed windows,team 1 minus team 2,132,-1,training-fold preprocessing; unavailable/zero columns audited,no current/future tournament outcomes,candidate; requires ablation
diff_research_distribution_season_opp_three_accuracy_std,distribution,pre-cutoff detailed game distributions across fixed windows,team 1 minus team 2,132,-1,training-fold preprocessing; unavailable/zero columns audited,no current/future tournament outcomes,candidate; requires ablation
diff_research_distribution_season_opp_three_accuracy_min,distribution,pre-cutoff detailed game distributions across fixed windows,team 1 minus team 2,132,-1,training-fold preprocessing; unavailable/zero columns audited,no current/future tournament outcomes,candidate; requires ablation
diff_research_distribution_season_opp_three_accuracy_max,distribution,pre-cutoff detailed game distributions across fixed windows,team 1 minus team 2,132,-1,training-fold preprocessing; unavailable/zero columns audited,no current/future tournament outcomes,candidate; requires ablation
diff_research_distribution_season_opp_three_accuracy_count,distribution,pre-cutoff detailed game distributions across fixed windows,team 1 minus team 2,132,-1,training-fold preprocessing; unavailable/zero columns audited,no current/future tournament outcomes,candidate; requires ablation
diff_research_distribution_season_opp_three_accuracy_q10,distribution,pre-cutoff detailed game distributions across fixed windows,team 1 minus team 2,132,-1,training-fold preprocessing; unavailable/zero columns audited,no current/future tournament outcomes,candidate; requires ablation
diff_research_distribution_season_opp_three_accuracy_q25,distribution,pre-cutoff detailed game distributions across fixed windows,team 1 minus team 2,132,-1,training-fold preprocessing; unavailable/zero columns audited,no current/future tournament outcomes,candidate; requires ablation
diff_research_distribution_season_opp_three_accuracy_q75,distribution,pre-cutoff detailed game distributions across fixed windows,team 1 minus team 2,132,-1,training-fold preprocessing; unavailable/zero columns audited,no current/future tournament outcomes,candidate; requires ablation
diff_research_distribution_season_opp_three_accuracy_q90,distribution,pre-cutoff detailed game distributions across fixed windows,team 1 minus team 2,132,-1,training-fold preprocessing; unavailable/zero columns audited,no current/future tournament outcomes,candidate; requires ablation
diff_research_distribution_season_opp_three_accuracy_iqr,distribution,pre-cutoff detailed game distributions across fixed windows,team 1 minus team 2,132,-1,training-fold preprocessing; unavailable/zero columns audited,no current/future tournament outcomes,candidate; requires ablation
diff_research_distribution_season_opp_three_accuracy_skew,distribution,pre-cutoff detailed game distributions across fixed windows,team 1 minus team 2,132,-1,training-fold preprocessing; unavailable/zero columns audited,no current/future tournament outcomes,candidate; requires ablation
diff_research_distribution_season_two_accuracy_mean,distribution,pre-cutoff detailed game distributions across fixed windows,team 1 minus team 2,132,-1,training-fold preprocessing; unavailable/zero columns audited,no current/future tournament outcomes,candidate; requires ablation
diff_research_distribution_season_two_accuracy_median,distribution,pre-cutoff detailed game distributions across fixed windows,team 1 minus team 2,132,-1,training-fold preprocessing; unavailable/zero columns audited,no current/future tournament outcomes,candidate; requires ablation
diff_research_distribution_season_two_accuracy_std,distribution,pre-cutoff detailed game distributions across fixed windows,team 1 minus team 2,132,-1,training-fold preprocessing; unavailable/zero columns audited,no current/future tournament outcomes,candidate; requires ablation
diff_research_distribution_season_two_accuracy_min,distribution,pre-cutoff detailed game distributions across fixed windows,team 1 minus team 2,132,-1,training-fold preprocessing; unavailable/zero columns audited,no current/future tournament outcomes,candidate; requires ablation
diff_research_distribution_season_two_accuracy_max,distribution,pre-cutoff detailed game distributions across fixed windows,team 1 minus team 2,132,-1,training-fold preprocessing; unavailable/zero columns audited,no current/future tournament outcomes,candidate; requires ablation
diff_research_distribution_season_two_accuracy_count,distribution,pre-cutoff detailed game distributions across fixed windows,team 1 minus team 2,132,-1,training-fold preprocessing; unavailable/zero columns audited,no current/future tournament outcomes,candidate; requires ablation
diff_research_distribution_season_two_accuracy_q10,distribution,pre-cutoff detailed game distributions across fixed windows,team 1 minus team 2,132,-1,training-fold preprocessing; unavailable/zero columns audited,no current/future tournament outcomes,candidate; requires ablation
diff_research_distribution_season_two_accuracy_q25,distribution,pre-cutoff detailed game distributions across fixed windows,team 1 minus team 2,132,-1,training-fold preprocessing; unavailable/zero columns audited,no current/future tournament outcomes,candidate; requires ablation
diff_research_distribution_season_two_accuracy_q75,distribution,pre-cutoff detailed game distributions across fixed windows,team 1 minus team 2,132,-1,training-fold preprocessing; unavailable/zero columns audited,no current/future tournament outcomes,candidate; requires ablation
diff_research_distribution_season_two_accuracy_q90,distribution,pre-cutoff detailed game distributions across fixed windows,team 1 minus team 2,132,-1,training-fold preprocessing; unavailable/zero columns audited,no current/future tournament outcomes,candidate; requires ablation
diff_research_distribution_season_two_accuracy_iqr,distribution,pre-cutoff detailed game distributions across fixed windows,team 1 minus team 2,132,-1,training-fold preprocessing; unavailable/zero columns audited,no current/future tournament outcomes,candidate; requires ablation
diff_research_distribution_season_two_accuracy_skew,distribution,pre-cutoff detailed game distributions across fixed windows,team 1 minus team 2,132,-1,training-fold preprocessing; unavailable/zero columns audited,no current/future tournament outcomes,candidate; requires ablation
diff_research_distribution_season_opp_two_accuracy_mean,distribution,pre-cutoff detailed game distributions across fixed windows,team 1 minus team 2,132,-1,training-fold preprocessing; unavailable/zero columns audited,no current/future tournament outcomes,candidate; requires ablation
diff_research_distribution_season_opp_two_accuracy_median,distribution,pre-cutoff detailed game distributions across fixed windows,team 1 minus team 2,132,-1,training-fold preprocessing; unavailable/zero columns audited,no current/future tournament outcomes,candidate; requires ablation
diff_research_distribution_season_opp_two_accuracy_std,distribution,pre-cutoff detailed game distributions across fixed windows,team 1 minus team 2,132,-1,training-fold preprocessing; unavailable/zero columns audited,no current/future tournament outcomes,candidate; requires ablation
diff_research_distribution_season_opp_two_accuracy_min,distribution,pre-cutoff detailed game distributions across fixed windows,team 1 minus team 2,132,-1,training-fold preprocessing; unavailable/zero columns audited,no current/future tournament outcomes,candidate; requires ablation
diff_research_distribution_season_opp_two_accuracy_max,distribution,pre-cutoff detailed game distributions across fixed windows,team 1 minus team 2,132,-1,training-fold preprocessing; unavailable/zero columns audited,no current/future tournament outcomes,candidate; requires ablation
diff_research_distribution_season_opp_two_accuracy_count,distribution,pre-cutoff detailed game distributions across fixed windows,team 1 minus team 2,132,-1,training-fold preprocessing; unavailable/zero columns audited,no current/future tournament outcomes,candidate; requires ablation
diff_research_distribution_season_opp_two_accuracy_q10,distribution,pre-cutoff detailed game distributions across fixed windows,team 1 minus team 2,132,-1,training-fold preprocessing; unavailable/zero columns audited,no current/future tournament outcomes,candidate; requires ablation
diff_research_distribution_season_opp_two_accuracy_q25,distribution,pre-cutoff detailed game distributions across fixed windows,team 1 minus team 2,132,-1,training-fold preprocessing; unavailable/zero columns audited,no current/future tournament outcomes,candidate; requires ablation
diff_research_distribution_season_opp_two_accuracy_q75,distribution,pre-cutoff detailed game distributions across fixed windows,team 1 minus team 2,132,-1,training-fold preprocessing; unavailable/zero columns audited,no current/future tournament outcomes,candidate; requires ablation
diff_research_distribution_season_opp_two_accuracy_q90,distribution,pre-cutoff detailed game distributions across fixed windows,team 1 minus team 2,132,-1,training-fold preprocessing; unavailable/zero columns audited,no current/future tournament outcomes,candidate; requires ablation
diff_research_distribution_season_opp_two_accuracy_iqr,distribution,pre-cutoff detailed game distributions across fixed windows,team 1 minus team 2,132,-1,training-fold preprocessing; unavailable/zero columns audited,no current/future tournament outcomes,candidate; requires ablation
diff_research_distribution_season_opp_two_accuracy_skew,distribution,pre-cutoff detailed game distributions across fixed windows,team 1 minus team 2,132,-1,training-fold preprocessing; unavailable/zero columns audited,no current/future tournament outcomes,candidate; requires ablation
diff_research_distribution_season_free_accuracy_mean,distribution,pre-cutoff detailed game distributions across fixed windows,team 1 minus team 2,132,-1,training-fold preprocessing; unavailable/zero columns audited,no current/future tournament outcomes,candidate; requires ablation
diff_research_distribution_season_free_accuracy_median,distribution,pre-cutoff detailed game distributions across fixed windows,team 1 minus team 2,132,-1,training-fold preprocessing; unavailable/zero columns audited,no current/future tournament outcomes,candidate; requires ablation
diff_research_distribution_season_free_accuracy_std,distribution,pre-cutoff detailed game distributions across fixed windows,team 1 minus team 2,132,-1,training-fold preprocessing; unavailable/zero columns audited,no current/future tournament outcomes,candidate; requires ablation
diff_research_distribution_season_free_accuracy_min,distribution,pre-cutoff detailed game distributions across fixed windows,team 1 minus team 2,132,-1,training-fold preprocessing; unavailable/zero columns audited,no current/future tournament outcomes,candidate; requires ablation
diff_research_distribution_season_free_accuracy_max,distribution,pre-cutoff detailed game distributions across fixed windows,team 1 minus team 2,132,-1,training-fold preprocessing; unavailable/zero columns audited,no current/future tournament outcomes,candidate; requires ablation
diff_research_distribution_season_free_accuracy_count,distribution,pre-cutoff detailed game distributions across fixed windows,team 1 minus team 2,132,-1,training-fold preprocessing; unavailable/zero columns audited,no current/future tournament outcomes,candidate; requires ablation
diff_research_distribution_season_free_accuracy_q10,distribution,pre-cutoff detailed game distributions across fixed windows,team 1 minus team 2,132,-1,training-fold preprocessing; unavailable/zero columns audited,no current/future tournament outcomes,candidate; requires ablation
diff_research_distribution_season_free_accuracy_q25,distribution,pre-cutoff detailed game distributions across fixed windows,team 1 minus team 2,132,-1,training-fold preprocessing; unavailable/zero columns audited,no current/future tournament outcomes,candidate; requires ablation
diff_research_distribution_season_free_accuracy_q75,distribution,pre-cutoff detailed game distributions across fixed windows,team 1 minus team 2,132,-1,training-fold preprocessing; unavailable/zero columns audited,no current/future tournament outcomes,candidate; requires ablation
diff_research_distribution_season_free_accuracy_q90,distribution,pre-cutoff detailed game distributions across fixed windows,team 1 minus team 2,132,-1,training-fold preprocessing; unavailable/zero columns audited,no current/future tournament outcomes,candidate; requires ablation
diff_research_distribution_season_free_accuracy_iqr,distribution,pre-cutoff detailed game distributions across fixed windows,team 1 minus team 2,132,-1,training-fold preprocessing; unavailable/zero columns audited,no current/future tournament outcomes,candidate; requires ablation
diff_research_distribution_season_free_accuracy_skew,distribution,pre-cutoff detailed game distributions across fixed windows,team 1 minus team 2,132,-1,training-fold preprocessing; unavailable/zero columns audited,no current/future tournament outcomes,candidate; requires ablation
diff_research_distribution_season_opp_free_accuracy_mean,distribution,pre-cutoff detailed game distributions across fixed windows,team 1 minus team 2,132,-1,training-fold preprocessing; unavailable/zero columns audited,no current/future tournament outcomes,candidate; requires ablation
diff_research_distribution_season_opp_free_accuracy_median,distribution,pre-cutoff detailed game distributions across fixed windows,team 1 minus team 2,132,-1,training-fold preprocessing; unavailable/zero columns audited,no current/future tournament outcomes,candidate; requires ablation
diff_research_distribution_season_opp_free_accuracy_std,distribution,pre-cutoff detailed game distributions across fixed windows,team 1 minus team 2,132,-1,training-fold preprocessing; unavailable/zero columns audited,no current/future tournament outcomes,candidate; requires ablation
diff_research_distribution_season_opp_free_accuracy_min,distribution,pre-cutoff detailed game distributions across fixed windows,team 1 minus team 2,132,-1,training-fold preprocessing; unavailable/zero columns audited,no current/future tournament outcomes,candidate; requires ablation
diff_research_distribution_season_opp_free_accuracy_max,distribution,pre-cutoff detailed game distributions across fixed windows,team 1 minus team 2,132,-1,training-fold preprocessing; unavailable/zero columns audited,no current/future tournament outcomes,candidate; requires ablation
diff_research_distribution_season_opp_free_accuracy_count,distribution,pre-cutoff detailed game distributions across fixed windows,team 1 minus team 2,132,-1,training-fold preprocessing; unavailable/zero columns audited,no current/future tournament outcomes,candidate; requires ablation
diff_research_distribution_season_opp_free_accuracy_q10,distribution,pre-cutoff detailed game distributions across fixed windows,team 1 minus team 2,132,-1,training-fold preprocessing; unavailable/zero columns audited,no current/future tournament outcomes,candidate; requires ablation
diff_research_distribution_season_opp_free_accuracy_q25,distribution,pre-cutoff detailed game distributions across fixed windows,team 1 minus team 2,132,-1,training-fold preprocessing; unavailable/zero columns audited,no current/future tournament outcomes,candidate; requires ablation
diff_research_distribution_season_opp_free_accuracy_q75,distribution,pre-cutoff detailed game distributions across fixed windows,team 1 minus team 2,132,-1,training-fold preprocessing; unavailable/zero columns audited,no current/future tournament outcomes,candidate; requires ablation
diff_research_distribution_season_opp_free_accuracy_q90,distribution,pre-cutoff detailed game distributions across fixed windows,team 1 minus team 2,132,-1,training-fold preprocessing; unavailable/zero columns audited,no current/future tournament outcomes,candidate; requires ablation
diff_research_distribution_season_opp_free_accuracy_iqr,distribution,pre-cutoff detailed game distributions across fixed windows,team 1 minus team 2,132,-1,training-fold preprocessing; unavailable/zero columns audited,no current/future tournament outcomes,candidate; requires ablation
diff_research_distribution_season_opp_free_accuracy_skew,distribution,pre-cutoff detailed game distributions across fixed windows,team 1 minus team 2,132,-1,training-fold preprocessing; unavailable/zero columns audited,no current/future tournament outcomes,candidate; requires ablation
diff_research_distribution_season_rebound_share_mean,distribution,pre-cutoff detailed game distributions across fixed windows,team 1 minus team 2,132,-1,training-fold preprocessing; unavailable/zero columns audited,no current/future tournament outcomes,candidate; requires ablation
diff_research_distribution_season_rebound_share_median,distribution,pre-cutoff detailed game distributions across fixed windows,team 1 minus team 2,132,-1,training-fold preprocessing; unavailable/zero columns audited,no current/future tournament outcomes,candidate; requires ablation
diff_research_distribution_season_rebound_share_std,distribution,pre-cutoff detailed game distributions across fixed windows,team 1 minus team 2,132,-1,training-fold preprocessing; unavailable/zero columns audited,no current/future tournament outcomes,candidate; requires ablation
diff_research_distribution_season_rebound_share_min,distribution,pre-cutoff detailed game distributions across fixed windows,team 1 minus team 2,132,-1,training-fold preprocessing; unavailable/zero columns audited,no current/future tournament outcomes,candidate; requires ablation
diff_research_distribution_season_rebound_share_max,distribution,pre-cutoff detailed game distributions across fixed windows,team 1 minus team 2,132,-1,training-fold preprocessing; unavailable/zero columns audited,no current/future tournament outcomes,candidate; requires ablation
diff_research_distribution_season_rebound_share_count,distribution,pre-cutoff detailed game distributions across fixed windows,team 1 minus team 2,132,-1,training-fold preprocessing; unavailable/zero columns audited,no current/future tournament outcomes,candidate; requires ablation
diff_research_distribution_season_rebound_share_q10,distribution,pre-cutoff detailed game distributions across fixed windows,team 1 minus team 2,132,-1,training-fold preprocessing; unavailable/zero columns audited,no current/future tournament outcomes,candidate; requires ablation
diff_research_distribution_season_rebound_share_q25,distribution,pre-cutoff detailed game distributions across fixed windows,team 1 minus team 2,132,-1,training-fold preprocessing; unavailable/zero columns audited,no current/future tournament outcomes,candidate; requires ablation
diff_research_distribution_season_rebound_share_q75,distribution,pre-cutoff detailed game distributions across fixed windows,team 1 minus team 2,132,-1,training-fold preprocessing; unavailable/zero columns audited,no current/future tournament outcomes,candidate; requires ablation
diff_research_distribution_season_rebound_share_q90,distribution,pre-cutoff detailed game distributions across fixed windows,team 1 minus team 2,132,-1,training-fold preprocessing; unavailable/zero columns audited,no current/future tournament outcomes,candidate; requires ablation
diff_research_distribution_season_rebound_share_iqr,distribution,pre-cutoff detailed game distributions across fixed windows,team 1 minus team 2,132,-1,training-fold preprocessing; unavailable/zero columns audited,no current/future tournament outcomes,candidate; requires ablation
diff_research_distribution_season_rebound_share_skew,distribution,pre-cutoff detailed game distributions across fixed windows,team 1 minus team 2,132,-1,training-fold preprocessing; unavailable/zero columns audited,no current/future tournament outcomes,candidate; requires ablation
diff_research_distribution_season_opp_rebound_share_mean,distribution,pre-cutoff detailed game distributions across fixed windows,team 1 minus team 2,132,-1,training-fold preprocessing; unavailable/zero columns audited,no current/future tournament outcomes,candidate; requires ablation
diff_research_distribution_season_opp_rebound_share_median,distribution,pre-cutoff detailed game distributions across fixed windows,team 1 minus team 2,132,-1,training-fold preprocessing; unavailable/zero columns audited,no current/future tournament outcomes,candidate; requires ablation
diff_research_distribution_season_opp_rebound_share_std,distribution,pre-cutoff detailed game distributions across fixed windows,team 1 minus team 2,132,-1,training-fold preprocessing; unavailable/zero columns audited,no current/future tournament outcomes,candidate; requires ablation
diff_research_distribution_season_opp_rebound_share_min,distribution,pre-cutoff detailed game distributions across fixed windows,team 1 minus team 2,132,-1,training-fold preprocessing; unavailable/zero columns audited,no current/future tournament outcomes,candidate; requires ablation
diff_research_distribution_season_opp_rebound_share_max,distribution,pre-cutoff detailed game distributions across fixed windows,team 1 minus team 2,132,-1,training-fold preprocessing; unavailable/zero columns audited,no current/future tournament outcomes,candidate; requires ablation
diff_research_distribution_season_opp_rebound_share_count,distribution,pre-cutoff detailed game distributions across fixed windows,team 1 minus team 2,132,-1,training-fold preprocessing; unavailable/zero columns audited,no current/future tournament outcomes,candidate; requires ablation
diff_research_distribution_season_opp_rebound_share_q10,distribution,pre-cutoff detailed game distributions across fixed windows,team 1 minus team 2,132,-1,training-fold preprocessing; unavailable/zero columns audited,no current/future tournament outcomes,candidate; requires ablation
diff_research_distribution_season_opp_rebound_share_q25,distribution,pre-cutoff detailed game distributions across fixed windows,team 1 minus team 2,132,-1,training-fold preprocessing; unavailable/zero columns audited,no current/future tournament outcomes,candidate; requires ablation
diff_research_distribution_season_opp_rebound_share_q75,distribution,pre-cutoff detailed game distributions across fixed windows,team 1 minus team 2,132,-1,training-fold preprocessing; unavailable/zero columns audited,no current/future tournament outcomes,candidate; requires ablation
diff_research_distribution_season_opp_rebound_share_q90,distribution,pre-cutoff detailed game distributions across fixed windows,team 1 minus team 2,132,-1,training-fold preprocessing; unavailable/zero columns audited,no current/future tournament outcomes,candidate; requires ablation
diff_research_distribution_season_opp_rebound_share_iqr,distribution,pre-cutoff detailed game distributions across fixed windows,team 1 minus team 2,132,-1,training-fold preprocessing; unavailable/zero columns audited,no current/future tournament outcomes,candidate; requires ablation
diff_research_distribution_season_opp_rebound_share_skew,distribution,pre-cutoff detailed game distributions across fixed windows,team 1 minus team 2,132,-1,training-fold preprocessing; unavailable/zero columns audited,no current/future tournament outcomes,candidate; requires ablation
diff_research_distribution_season_shot_volume_mean,distribution,pre-cutoff detailed game distributions across fixed windows,team 1 minus team 2,132,-1,training-fold preprocessing; unavailable/zero columns audited,no current/future tournament outcomes,candidate; requires ablation
diff_research_distribution_season_shot_volume_median,distribution,pre-cutoff detailed game distributions across fixed windows,team 1 minus team 2,132,-1,training-fold preprocessing; unavailable/zero columns audited,no current/future tournament outcomes,candidate; requires ablation
diff_research_distribution_season_shot_volume_std,distribution,pre-cutoff detailed game distributions across fixed windows,team 1 minus team 2,132,-1,training-fold preprocessing; unavailable/zero columns audited,no current/future tournament outcomes,candidate; requires ablation
diff_research_distribution_season_shot_volume_min,distribution,pre-cutoff detailed game distributions across fixed windows,team 1 minus team 2,132,-1,training-fold preprocessing; unavailable/zero columns audited,no current/future tournament outcomes,candidate; requires ablation
diff_research_distribution_season_shot_volume_max,distribution,pre-cutoff detailed game distributions across fixed windows,team 1 minus team 2,132,-1,training-fold preprocessing; unavailable/zero columns audited,no current/future tournament outcomes,candidate; requires ablation
diff_research_distribution_season_shot_volume_count,distribution,pre-cutoff detailed game distributions across fixed windows,team 1 minus team 2,132,-1,training-fold preprocessing; unavailable/zero columns audited,no current/future tournament outcomes,candidate; requires ablation
diff_research_distribution_season_shot_volume_q10,distribution,pre-cutoff detailed game distributions across fixed windows,team 1 minus team 2,132,-1,training-fold preprocessing; unavailable/zero columns audited,no current/future tournament outcomes,candidate; requires ablation
diff_research_distribution_season_shot_volume_q25,distribution,pre-cutoff detailed game distributions across fixed windows,team 1 minus team 2,132,-1,training-fold preprocessing; unavailable/zero columns audited,no current/future tournament outcomes,candidate; requires ablation
diff_research_distribution_season_shot_volume_q75,distribution,pre-cutoff detailed game distributions across fixed windows,team 1 minus team 2,132,-1,training-fold preprocessing; unavailable/zero columns audited,no current/future tournament outcomes,candidate; requires ablation
diff_research_distribution_season_shot_volume_q90,distribution,pre-cutoff detailed game distributions across fixed windows,team 1 minus team 2,132,-1,training-fold preprocessing; unavailable/zero columns audited,no current/future tournament outcomes,candidate; requires ablation
diff_research_distribution_season_shot_volume_iqr,distribution,pre-cutoff detailed game distributions across fixed windows,team 1 minus team 2,132,-1,training-fold preprocessing; unavailable/zero columns audited,no current/future tournament outcomes,candidate; requires ablation
diff_research_distribution_season_shot_volume_skew,distribution,pre-cutoff detailed game distributions across fixed windows,team 1 minus team 2,132,-1,training-fold preprocessing; unavailable/zero columns audited,no current/future tournament outcomes,candidate; requires ablation
diff_research_distribution_season_opp_shot_volume_mean,distribution,pre-cutoff detailed game distributions across fixed windows,team 1 minus team 2,132,-1,training-fold preprocessing; unavailable/zero columns audited,no current/future tournament outcomes,candidate; requires ablation
diff_research_distribution_season_opp_shot_volume_median,distribution,pre-cutoff detailed game distributions across fixed windows,team 1 minus team 2,132,-1,training-fold preprocessing; unavailable/zero columns audited,no current/future tournament outcomes,candidate; requires ablation
diff_research_distribution_season_opp_shot_volume_std,distribution,pre-cutoff detailed game distributions across fixed windows,team 1 minus team 2,132,-1,training-fold preprocessing; unavailable/zero columns audited,no current/future tournament outcomes,candidate; requires ablation
diff_research_distribution_season_opp_shot_volume_min,distribution,pre-cutoff detailed game distributions across fixed windows,team 1 minus team 2,132,-1,training-fold preprocessing; unavailable/zero columns audited,no current/future tournament outcomes,candidate; requires ablation
diff_research_distribution_season_opp_shot_volume_max,distribution,pre-cutoff detailed game distributions across fixed windows,team 1 minus team 2,132,-1,training-fold preprocessing; unavailable/zero columns audited,no current/future tournament outcomes,candidate; requires ablation
diff_research_distribution_season_opp_shot_volume_count,distribution,pre-cutoff detailed game distributions across fixed windows,team 1 minus team 2,132,-1,training-fold preprocessing; unavailable/zero columns audited,no current/future tournament outcomes,candidate; requires ablation
diff_research_distribution_season_opp_shot_volume_q10,distribution,pre-cutoff detailed game distributions across fixed windows,team 1 minus team 2,132,-1,training-fold preprocessing; unavailable/zero columns audited,no current/future tournament outcomes,candidate; requires ablation
diff_research_distribution_season_opp_shot_volume_q25,distribution,pre-cutoff detailed game distributions across fixed windows,team 1 minus team 2,132,-1,training-fold preprocessing; unavailable/zero columns audited,no current/future tournament outcomes,candidate; requires ablation
diff_research_distribution_season_opp_shot_volume_q75,distribution,pre-cutoff detailed game distributions across fixed windows,team 1 minus team 2,132,-1,training-fold preprocessing; unavailable/zero columns audited,no current/future tournament outcomes,candidate; requires ablation
diff_research_distribution_season_opp_shot_volume_q90,distribution,pre-cutoff detailed game distributions across fixed windows,team 1 minus team 2,132,-1,training-fold preprocessing; unavailable/zero columns audited,no current/future tournament outcomes,candidate; requires ablation
diff_research_distribution_season_opp_shot_volume_iqr,distribution,pre-cutoff detailed game distributions across fixed windows,team 1 minus team 2,132,-1,training-fold preprocessing; unavailable/zero columns audited,no current/future tournament outcomes,candidate; requires ablation
diff_research_distribution_season_opp_shot_volume_skew,distribution,pre-cutoff detailed game distributions across fixed windows,team 1 minus team 2,132,-1,training-fold preprocessing; unavailable/zero columns audited,no current/future tournament outcomes,candidate; requires ablation
diff_research_distribution_season_free_points_share_mean,distribution,pre-cutoff detailed game distributions across fixed windows,team 1 minus team 2,132,-1,training-fold preprocessing; unavailable/zero columns audited,no current/future tournament outcomes,candidate; requires ablation
diff_research_distribution_season_free_points_share_median,distribution,pre-cutoff detailed game distributions across fixed windows,team 1 minus team 2,132,-1,training-fold preprocessing; unavailable/zero columns audited,no current/future tournament outcomes,candidate; requires ablation
diff_research_distribution_season_free_points_share_std,distribution,pre-cutoff detailed game distributions across fixed windows,team 1 minus team 2,132,-1,training-fold preprocessing; unavailable/zero columns audited,no current/future tournament outcomes,candidate; requires ablation
diff_research_distribution_season_free_points_share_min,distribution,pre-cutoff detailed game distributions across fixed windows,team 1 minus team 2,132,-1,training-fold preprocessing; unavailable/zero columns audited,no current/future tournament outcomes,candidate; requires ablation
diff_research_distribution_season_free_points_share_max,distribution,pre-cutoff detailed game distributions across fixed windows,team 1 minus team 2,132,-1,training-fold preprocessing; unavailable/zero columns audited,no current/future tournament outcomes,candidate; requires ablation
diff_research_distribution_season_free_points_share_count,distribution,pre-cutoff detailed game distributions across fixed windows,team 1 minus team 2,132,-1,training-fold preprocessing; unavailable/zero columns audited,no current/future tournament outcomes,candidate; requires ablation
diff_research_distribution_season_free_points_share_q10,distribution,pre-cutoff detailed game distributions across fixed windows,team 1 minus team 2,132,-1,training-fold preprocessing; unavailable/zero columns audited,no current/future tournament outcomes,candidate; requires ablation
diff_research_distribution_season_free_points_share_q25,distribution,pre-cutoff detailed game distributions across fixed windows,team 1 minus team 2,132,-1,training-fold preprocessing; unavailable/zero columns audited,no current/future tournament outcomes,candidate; requires ablation
diff_research_distribution_season_free_points_share_q75,distribution,pre-cutoff detailed game distributions across fixed windows,team 1 minus team 2,132,-1,training-fold preprocessing; unavailable/zero columns audited,no current/future tournament outcomes,candidate; requires ablation
diff_research_distribution_season_free_points_share_q90,distribution,pre-cutoff detailed game distributions across fixed windows,team 1 minus team 2,132,-1,training-fold preprocessing; unavailable/zero columns audited,no current/future tournament outcomes,candidate; requires ablation
diff_research_distribution_season_free_points_share_iqr,distribution,pre-cutoff detailed game distributions across fixed windows,team 1 minus team 2,132,-1,training-fold preprocessing; unavailable/zero columns audited,no current/future tournament outcomes,candidate; requires ablation
diff_research_distribution_season_free_points_share_skew,distribution,pre-cutoff detailed game distributions across fixed windows,team 1 minus team 2,132,-1,training-fold preprocessing; unavailable/zero columns audited,no current/future tournament outcomes,candidate; requires ablation
diff_research_distribution_season_opp_free_points_share_mean,distribution,pre-cutoff detailed game distributions across fixed windows,team 1 minus team 2,132,-1,training-fold preprocessing; unavailable/zero columns audited,no current/future tournament outcomes,candidate; requires ablation
diff_research_distribution_season_opp_free_points_share_median,distribution,pre-cutoff detailed game distributions across fixed windows,team 1 minus team 2,132,-1,training-fold preprocessing; unavailable/zero columns audited,no current/future tournament outcomes,candidate; requires ablation
diff_research_distribution_season_opp_free_points_share_std,distribution,pre-cutoff detailed game distributions across fixed windows,team 1 minus team 2,132,-1,training-fold preprocessing; unavailable/zero columns audited,no current/future tournament outcomes,candidate; requires ablation
diff_research_distribution_season_opp_free_points_share_min,distribution,pre-cutoff detailed game distributions across fixed windows,team 1 minus team 2,132,-1,training-fold preprocessing; unavailable/zero columns audited,no current/future tournament outcomes,candidate; requires ablation
diff_research_distribution_season_opp_free_points_share_max,distribution,pre-cutoff detailed game distributions across fixed windows,team 1 minus team 2,132,-1,training-fold preprocessing; unavailable/zero columns audited,no current/future tournament outcomes,candidate; requires ablation
diff_research_distribution_season_opp_free_points_share_count,distribution,pre-cutoff detailed game distributions across fixed windows,team 1 minus team 2,132,-1,training-fold preprocessing; unavailable/zero columns audited,no current/future tournament outcomes,candidate; requires ablation
diff_research_distribution_season_opp_free_points_share_q10,distribution,pre-cutoff detailed game distributions across fixed windows,team 1 minus team 2,132,-1,training-fold preprocessing; unavailable/zero columns audited,no current/future tournament outcomes,candidate; requires ablation
diff_research_distribution_season_opp_free_points_share_q25,distribution,pre-cutoff detailed game distributions across fixed windows,team 1 minus team 2,132,-1,training-fold preprocessing; unavailable/zero columns audited,no current/future tournament outcomes,candidate; requires ablation
diff_research_distribution_season_opp_free_points_share_q75,distribution,pre-cutoff detailed game distributions across fixed windows,team 1 minus team 2,132,-1,training-fold preprocessing; unavailable/zero columns audited,no current/future tournament outcomes,candidate; requires ablation
diff_research_distribution_season_opp_free_points_share_q90,distribution,pre-cutoff detailed game distributions across fixed windows,team 1 minus team 2,132,-1,training-fold preprocessing; unavailable/zero columns audited,no current/future tournament outcomes,candidate; requires ablation
diff_research_distribution_season_opp_free_points_share_iqr,distribution,pre-cutoff detailed game distributions across fixed windows,team 1 minus team 2,132,-1,training-fold preprocessing; unavailable/zero columns audited,no current/future tournament outcomes,candidate; requires ablation
diff_research_distribution_season_opp_free_points_share_skew,distribution,pre-cutoff detailed game distributions across fixed windows,team 1 minus team 2,132,-1,training-fold preprocessing; unavailable/zero columns audited,no current/future tournament outcomes,candidate; requires ablation
diff_research_distribution_season_three_points_share_mean,distribution,pre-cutoff detailed game distributions across fixed windows,team 1 minus team 2,132,-1,training-fold preprocessing; unavailable/zero columns audited,no current/future tournament outcomes,candidate; requires ablation
diff_research_distribution_season_three_points_share_median,distribution,pre-cutoff detailed game distributions across fixed windows,team 1 minus team 2,132,-1,training-fold preprocessing; unavailable/zero columns audited,no current/future tournament outcomes,candidate; requires ablation
diff_research_distribution_season_three_points_share_std,distribution,pre-cutoff detailed game distributions across fixed windows,team 1 minus team 2,132,-1,training-fold preprocessing; unavailable/zero columns audited,no current/future tournament outcomes,candidate; requires ablation
diff_research_distribution_season_three_points_share_min,distribution,pre-cutoff detailed game distributions across fixed windows,team 1 minus team 2,132,-1,training-fold preprocessing; unavailable/zero columns audited,no current/future tournament outcomes,candidate; requires ablation
diff_research_distribution_season_three_points_share_max,distribution,pre-cutoff detailed game distributions across fixed windows,team 1 minus team 2,132,-1,training-fold preprocessing; unavailable/zero columns audited,no current/future tournament outcomes,candidate; requires ablation
diff_research_distribution_season_three_points_share_count,distribution,pre-cutoff detailed game distributions across fixed windows,team 1 minus team 2,132,-1,training-fold preprocessing; unavailable/zero columns audited,no current/future tournament outcomes,candidate; requires ablation
diff_research_distribution_season_three_points_share_q10,distribution,pre-cutoff detailed game distributions across fixed windows,team 1 minus team 2,132,-1,training-fold preprocessing; unavailable/zero columns audited,no current/future tournament outcomes,candidate; requires ablation
diff_research_distribution_season_three_points_share_q25,distribution,pre-cutoff detailed game distributions across fixed windows,team 1 minus team 2,132,-1,training-fold preprocessing; unavailable/zero columns audited,no current/future tournament outcomes,candidate; requires ablation
diff_research_distribution_season_three_points_share_q75,distribution,pre-cutoff detailed game distributions across fixed windows,team 1 minus team 2,132,-1,training-fold preprocessing; unavailable/zero columns audited,no current/future tournament outcomes,candidate; requires ablation
diff_research_distribution_season_three_points_share_q90,distribution,pre-cutoff detailed game distributions across fixed windows,team 1 minus team 2,132,-1,training-fold preprocessing; unavailable/zero columns audited,no current/future tournament outcomes,candidate; requires ablation
diff_research_distribution_season_three_points_share_iqr,distribution,pre-cutoff detailed game distributions across fixed windows,team 1 minus team 2,132,-1,training-fold preprocessing; unavailable/zero columns audited,no current/future tournament outcomes,candidate; requires ablation
diff_research_distribution_season_three_points_share_skew,distribution,pre-cutoff detailed game distributions across fixed windows,team 1 minus team 2,132,-1,training-fold preprocessing; unavailable/zero columns audited,no current/future tournament outcomes,candidate; requires ablation
diff_research_distribution_season_opp_three_points_share_mean,distribution,pre-cutoff detailed game distributions across fixed windows,team 1 minus team 2,132,-1,training-fold preprocessing; unavailable/zero columns audited,no current/future tournament outcomes,candidate; requires ablation
diff_research_distribution_season_opp_three_points_share_median,distribution,pre-cutoff detailed game distributions across fixed windows,team 1 minus team 2,132,-1,training-fold preprocessing; unavailable/zero columns audited,no current/future tournament outcomes,candidate; requires ablation
diff_research_distribution_season_opp_three_points_share_std,distribution,pre-cutoff detailed game distributions across fixed windows,team 1 minus team 2,132,-1,training-fold preprocessing; unavailable/zero columns audited,no current/future tournament outcomes,candidate; requires ablation
diff_research_distribution_season_opp_three_points_share_min,distribution,pre-cutoff detailed game distributions across fixed windows,team 1 minus team 2,132,-1,training-fold preprocessing; unavailable/zero columns audited,no current/future tournament outcomes,candidate; requires ablation
diff_research_distribution_season_opp_three_points_share_max,distribution,pre-cutoff detailed game distributions across fixed windows,team 1 minus team 2,132,-1,training-fold preprocessing; unavailable/zero columns audited,no current/future tournament outcomes,candidate; requires ablation
diff_research_distribution_season_opp_three_points_share_count,distribution,pre-cutoff detailed game distributions across fixed windows,team 1 minus team 2,132,-1,training-fold preprocessing; unavailable/zero columns audited,no current/future tournament outcomes,candidate; requires ablation
diff_research_distribution_season_opp_three_points_share_q10,distribution,pre-cutoff detailed game distributions across fixed windows,team 1 minus team 2,132,-1,training-fold preprocessing; unavailable/zero columns audited,no current/future tournament outcomes,candidate; requires ablation
diff_research_distribution_season_opp_three_points_share_q25,distribution,pre-cutoff detailed game distributions across fixed windows,team 1 minus team 2,132,-1,training-fold preprocessing; unavailable/zero columns audited,no current/future tournament outcomes,candidate; requires ablation
diff_research_distribution_season_opp_three_points_share_q75,distribution,pre-cutoff detailed game distributions across fixed windows,team 1 minus team 2,132,-1,training-fold preprocessing; unavailable/zero columns audited,no current/future tournament outcomes,candidate; requires ablation
diff_research_distribution_season_opp_three_points_share_q90,distribution,pre-cutoff detailed game distributions across fixed windows,team 1 minus team 2,132,-1,training-fold preprocessing; unavailable/zero columns audited,no current/future tournament outcomes,candidate; requires ablation
diff_research_distribution_season_opp_three_points_share_iqr,distribution,pre-cutoff detailed game distributions across fixed windows,team 1 minus team 2,132,-1,training-fold preprocessing; unavailable/zero columns audited,no current/future tournament outcomes,candidate; requires ablation
diff_research_distribution_season_opp_three_points_share_skew,distribution,pre-cutoff detailed game distributions across fixed windows,team 1 minus team 2,132,-1,training-fold preprocessing; unavailable/zero columns audited,no current/future tournament outcomes,candidate; requires ablation
diff_research_distribution_season_possession_gap_mean,distribution,pre-cutoff detailed game distributions across fixed windows,team 1 minus team 2,132,-1,training-fold preprocessing; unavailable/zero columns audited,no current/future tournament outcomes,candidate; requires ablation
diff_research_distribution_season_possession_gap_median,distribution,pre-cutoff detailed game distributions across fixed windows,team 1 minus team 2,132,-1,training-fold preprocessing; unavailable/zero columns audited,no current/future tournament outcomes,candidate; requires ablation
diff_research_distribution_season_possession_gap_std,distribution,pre-cutoff detailed game distributions across fixed windows,team 1 minus team 2,132,-1,training-fold preprocessing; unavailable/zero columns audited,no current/future tournament outcomes,candidate; requires ablation
diff_research_distribution_season_possession_gap_min,distribution,pre-cutoff detailed game distributions across fixed windows,team 1 minus team 2,132,-1,training-fold preprocessing; unavailable/zero columns audited,no current/future tournament outcomes,candidate; requires ablation
diff_research_distribution_season_possession_gap_max,distribution,pre-cutoff detailed game distributions across fixed windows,team 1 minus team 2,132,-1,training-fold preprocessing; unavailable/zero columns audited,no current/future tournament outcomes,candidate; requires ablation
diff_research_distribution_season_possession_gap_count,distribution,pre-cutoff detailed game distributions across fixed windows,team 1 minus team 2,132,-1,training-fold preprocessing; unavailable/zero columns audited,no current/future tournament outcomes,candidate; requires ablation
diff_research_distribution_season_possession_gap_q10,distribution,pre-cutoff detailed game distributions across fixed windows,team 1 minus team 2,132,-1,training-fold preprocessing; unavailable/zero columns audited,no current/future tournament outcomes,candidate; requires ablation
diff_research_distribution_season_possession_gap_q25,distribution,pre-cutoff detailed game distributions across fixed windows,team 1 minus team 2,132,-1,training-fold preprocessing; unavailable/zero columns audited,no current/future tournament outcomes,candidate; requires ablation
diff_research_distribution_season_possession_gap_q75,distribution,pre-cutoff detailed game distributions across fixed windows,team 1 minus team 2,132,-1,training-fold preprocessing; unavailable/zero columns audited,no current/future tournament outcomes,candidate; requires ablation
diff_research_distribution_season_possession_gap_q90,distribution,pre-cutoff detailed game distributions across fixed windows,team 1 minus team 2,132,-1,training-fold preprocessing; unavailable/zero columns audited,no current/future tournament outcomes,candidate; requires ablation
diff_research_distribution_season_possession_gap_iqr,distribution,pre-cutoff detailed game distributions across fixed windows,team 1 minus team 2,132,-1,training-fold preprocessing; unavailable/zero columns audited,no current/future tournament outcomes,candidate; requires ablation
diff_research_distribution_season_possession_gap_skew,distribution,pre-cutoff detailed game distributions across fixed windows,team 1 minus team 2,132,-1,training-fold preprocessing; unavailable/zero columns audited,no current/future tournament outcomes,candidate; requires ablation
diff_research_distribution_season_win_mean,distribution,pre-cutoff detailed game distributions across fixed windows,team 1 minus team 2,132,-1,training-fold preprocessing; unavailable/zero columns audited,no current/future tournament outcomes,candidate; requires ablation
diff_research_distribution_season_win_median,distribution,pre-cutoff detailed game distributions across fixed windows,team 1 minus team 2,132,-1,training-fold preprocessing; unavailable/zero columns audited,no current/future tournament outcomes,candidate; requires ablation
diff_research_distribution_season_win_std,distribution,pre-cutoff detailed game distributions across fixed windows,team 1 minus team 2,132,-1,training-fold preprocessing; unavailable/zero columns audited,no current/future tournament outcomes,candidate; requires ablation
diff_research_distribution_season_win_min,distribution,pre-cutoff detailed game distributions across fixed windows,team 1 minus team 2,132,-1,training-fold preprocessing; unavailable/zero columns audited,no current/future tournament outcomes,candidate; requires ablation
diff_research_distribution_season_win_max,distribution,pre-cutoff detailed game distributions across fixed windows,team 1 minus team 2,132,-1,training-fold preprocessing; unavailable/zero columns audited,no current/future tournament outcomes,candidate; requires ablation
diff_research_distribution_season_win_count,distribution,pre-cutoff detailed game distributions across fixed windows,team 1 minus team 2,132,-1,training-fold preprocessing; unavailable/zero columns audited,no current/future tournament outcomes,candidate; requires ablation
diff_research_distribution_season_win_q10,distribution,pre-cutoff detailed game distributions across fixed windows,team 1 minus team 2,132,-1,training-fold preprocessing; unavailable/zero columns audited,no current/future tournament outcomes,candidate; requires ablation
diff_research_distribution_season_win_q25,distribution,pre-cutoff detailed game distributions across fixed windows,team 1 minus team 2,132,-1,training-fold preprocessing; unavailable/zero columns audited,no current/future tournament outcomes,candidate; requires ablation
diff_research_distribution_season_win_q75,distribution,pre-cutoff detailed game distributions across fixed windows,team 1 minus team 2,132,-1,training-fold preprocessing; unavailable/zero columns audited,no current/future tournament outcomes,candidate; requires ablation
diff_research_distribution_season_win_q90,distribution,pre-cutoff detailed game distributions across fixed windows,team 1 minus team 2,132,-1,training-fold preprocessing; unavailable/zero columns audited,no current/future tournament outcomes,candidate; requires ablation
diff_research_distribution_season_win_iqr,distribution,pre-cutoff detailed game distributions across fixed windows,team 1 minus team 2,132,-1,training-fold preprocessing; unavailable/zero columns audited,no current/future tournament outcomes,candidate; requires ablation
diff_research_distribution_season_win_skew,distribution,pre-cutoff detailed game distributions across fixed windows,team 1 minus team 2,132,-1,training-fold preprocessing; unavailable/zero columns audited,no current/future tournament outcomes,candidate; requires ablation
diff_research_distribution_last7games_margin_mean,distribution,pre-cutoff detailed game distributions across fixed windows,team 1 minus team 2,132,-1,training-fold preprocessing; unavailable/zero columns audited,no current/future tournament outcomes,candidate; requires ablation
diff_research_distribution_last7games_margin_median,distribution,pre-cutoff detailed game distributions across fixed windows,team 1 minus team 2,132,-1,training-fold preprocessing; unavailable/zero columns audited,no current/future tournament outcomes,candidate; requires ablation
diff_research_distribution_last7games_margin_std,distribution,pre-cutoff detailed game distributions across fixed windows,team 1 minus team 2,132,-1,training-fold preprocessing; unavailable/zero columns audited,no current/future tournament outcomes,candidate; requires ablation
diff_research_distribution_last7games_margin_min,distribution,pre-cutoff detailed game distributions across fixed windows,team 1 minus team 2,132,-1,training-fold preprocessing; unavailable/zero columns audited,no current/future tournament outcomes,candidate; requires ablation
diff_research_distribution_last7games_margin_max,distribution,pre-cutoff detailed game distributions across fixed windows,team 1 minus team 2,132,-1,training-fold preprocessing; unavailable/zero columns audited,no current/future tournament outcomes,candidate; requires ablation
diff_research_distribution_last7games_margin_count,distribution,pre-cutoff detailed game distributions across fixed windows,team 1 minus team 2,132,-1,training-fold preprocessing; unavailable/zero columns audited,no current/future tournament outcomes,candidate; requires ablation
diff_research_distribution_last7games_margin_q10,distribution,pre-cutoff detailed game distributions across fixed windows,team 1 minus team 2,132,-1,training-fold preprocessing; unavailable/zero columns audited,no current/future tournament outcomes,candidate; requires ablation
diff_research_distribution_last7games_margin_q25,distribution,pre-cutoff detailed game distributions across fixed windows,team 1 minus team 2,132,-1,training-fold preprocessing; unavailable/zero columns audited,no current/future tournament outcomes,candidate; requires ablation
diff_research_distribution_last7games_margin_q75,distribution,pre-cutoff detailed game distributions across fixed windows,team 1 minus team 2,132,-1,training-fold preprocessing; unavailable/zero columns audited,no current/future tournament outcomes,candidate; requires ablation
diff_research_distribution_last7games_margin_q90,distribution,pre-cutoff detailed game distributions across fixed windows,team 1 minus team 2,132,-1,training-fold preprocessing; unavailable/zero columns audited,no current/future tournament outcomes,candidate; requires ablation
diff_research_distribution_last7games_margin_iqr,distribution,pre-cutoff detailed game distributions across fixed windows,team 1 minus team 2,132,-1,training-fold preprocessing; unavailable/zero columns audited,no current/future tournament outcomes,candidate; requires ablation
diff_research_distribution_last7games_margin_skew,distribution,pre-cutoff detailed game distributions across fixed windows,team 1 minus team 2,132,-1,training-fold preprocessing; unavailable/zero columns audited,no current/future tournament outcomes,candidate; requires ablation
diff_research_distribution_last7games_points_mean,distribution,pre-cutoff detailed game distributions across fixed windows,team 1 minus team 2,132,-1,training-fold preprocessing; unavailable/zero columns audited,no current/future tournament outcomes,candidate; requires ablation
diff_research_distribution_last7games_points_median,distribution,pre-cutoff detailed game distributions across fixed windows,team 1 minus team 2,132,-1,training-fold preprocessing; unavailable/zero columns audited,no current/future tournament outcomes,candidate; requires ablation
diff_research_distribution_last7games_points_std,distribution,pre-cutoff detailed game distributions across fixed windows,team 1 minus team 2,132,-1,training-fold preprocessing; unavailable/zero columns audited,no current/future tournament outcomes,candidate; requires ablation
diff_research_distribution_last7games_points_min,distribution,pre-cutoff detailed game distributions across fixed windows,team 1 minus team 2,132,-1,training-fold preprocessing; unavailable/zero columns audited,no current/future tournament outcomes,candidate; requires ablation
diff_research_distribution_last7games_points_max,distribution,pre-cutoff detailed game distributions across fixed windows,team 1 minus team 2,132,-1,training-fold preprocessing; unavailable/zero columns audited,no current/future tournament outcomes,candidate; requires ablation
diff_research_distribution_last7games_points_count,distribution,pre-cutoff detailed game distributions across fixed windows,team 1 minus team 2,132,-1,training-fold preprocessing; unavailable/zero columns audited,no current/future tournament outcomes,candidate; requires ablation
diff_research_distribution_last7games_points_q10,distribution,pre-cutoff detailed game distributions across fixed windows,team 1 minus team 2,132,-1,training-fold preprocessing; unavailable/zero columns audited,no current/future tournament outcomes,candidate; requires ablation
diff_research_distribution_last7games_points_q25,distribution,pre-cutoff detailed game distributions across fixed windows,team 1 minus team 2,132,-1,training-fold preprocessing; unavailable/zero columns audited,no current/future tournament outcomes,candidate; requires ablation
diff_research_distribution_last7games_points_q75,distribution,pre-cutoff detailed game distributions across fixed windows,team 1 minus team 2,132,-1,training-fold preprocessing; unavailable/zero columns audited,no current/future tournament outcomes,candidate; requires ablation
diff_research_distribution_last7games_points_q90,distribution,pre-cutoff detailed game distributions across fixed windows,team 1 minus team 2,132,-1,training-fold preprocessing; unavailable/zero columns audited,no current/future tournament outcomes,candidate; requires ablation
diff_research_distribution_last7games_points_iqr,distribution,pre-cutoff detailed game distributions across fixed windows,team 1 minus team 2,132,-1,training-fold preprocessing; unavailable/zero columns audited,no current/future tournament outcomes,candidate; requires ablation
diff_research_distribution_last7games_points_skew,distribution,pre-cutoff detailed game distributions across fixed windows,team 1 minus team 2,132,-1,training-fold preprocessing; unavailable/zero columns audited,no current/future tournament outcomes,candidate; requires ablation
diff_research_distribution_last7games_allowed_mean,distribution,pre-cutoff detailed game distributions across fixed windows,team 1 minus team 2,132,-1,training-fold preprocessing; unavailable/zero columns audited,no current/future tournament outcomes,candidate; requires ablation
diff_research_distribution_last7games_allowed_median,distribution,pre-cutoff detailed game distributions across fixed windows,team 1 minus team 2,132,-1,training-fold preprocessing; unavailable/zero columns audited,no current/future tournament outcomes,candidate; requires ablation
diff_research_distribution_last7games_allowed_std,distribution,pre-cutoff detailed game distributions across fixed windows,team 1 minus team 2,132,-1,training-fold preprocessing; unavailable/zero columns audited,no current/future tournament outcomes,candidate; requires ablation
diff_research_distribution_last7games_allowed_min,distribution,pre-cutoff detailed game distributions across fixed windows,team 1 minus team 2,132,-1,training-fold preprocessing; unavailable/zero columns audited,no current/future tournament outcomes,candidate; requires ablation
diff_research_distribution_last7games_allowed_max,distribution,pre-cutoff detailed game distributions across fixed windows,team 1 minus team 2,132,-1,training-fold preprocessing; unavailable/zero columns audited,no current/future tournament outcomes,candidate; requires ablation
diff_research_distribution_last7games_allowed_count,distribution,pre-cutoff detailed game distributions across fixed windows,team 1 minus team 2,132,-1,training-fold preprocessing; unavailable/zero columns audited,no current/future tournament outcomes,candidate; requires ablation
diff_research_distribution_last7games_allowed_q10,distribution,pre-cutoff detailed game distributions across fixed windows,team 1 minus team 2,132,-1,training-fold preprocessing; unavailable/zero columns audited,no current/future tournament outcomes,candidate; requires ablation
diff_research_distribution_last7games_allowed_q25,distribution,pre-cutoff detailed game distributions across fixed windows,team 1 minus team 2,132,-1,training-fold preprocessing; unavailable/zero columns audited,no current/future tournament outcomes,candidate; requires ablation
diff_research_distribution_last7games_allowed_q75,distribution,pre-cutoff detailed game distributions across fixed windows,team 1 minus team 2,132,-1,training-fold preprocessing; unavailable/zero columns audited,no current/future tournament outcomes,candidate; requires ablation
diff_research_distribution_last7games_allowed_q90,distribution,pre-cutoff detailed game distributions across fixed windows,team 1 minus team 2,132,-1,training-fold preprocessing; unavailable/zero columns audited,no current/future tournament outcomes,candidate; requires ablation
diff_research_distribution_last7games_allowed_iqr,distribution,pre-cutoff detailed game distributions across fixed windows,team 1 minus team 2,132,-1,training-fold preprocessing; unavailable/zero columns audited,no current/future tournament outcomes,candidate; requires ablation
diff_research_distribution_last7games_allowed_skew,distribution,pre-cutoff detailed game distributions across fixed windows,team 1 minus team 2,132,-1,training-fold preprocessing; unavailable/zero columns audited,no current/future tournament outcomes,candidate; requires ablation
diff_research_distribution_last7games_efficiency_mean,distribution,pre-cutoff detailed game distributions across fixed windows,team 1 minus team 2,132,-1,training-fold preprocessing; unavailable/zero columns audited,no current/future tournament outcomes,candidate; requires ablation
diff_research_distribution_last7games_efficiency_median,distribution,pre-cutoff detailed game distributions across fixed windows,team 1 minus team 2,132,-1,training-fold preprocessing; unavailable/zero columns audited,no current/future tournament outcomes,candidate; requires ablation
diff_research_distribution_last7games_efficiency_std,distribution,pre-cutoff detailed game distributions across fixed windows,team 1 minus team 2,132,-1,training-fold preprocessing; unavailable/zero columns audited,no current/future tournament outcomes,candidate; requires ablation
diff_research_distribution_last7games_efficiency_min,distribution,pre-cutoff detailed game distributions across fixed windows,team 1 minus team 2,132,-1,training-fold preprocessing; unavailable/zero columns audited,no current/future tournament outcomes,candidate; requires ablation
diff_research_distribution_last7games_efficiency_max,distribution,pre-cutoff detailed game distributions across fixed windows,team 1 minus team 2,132,-1,training-fold preprocessing; unavailable/zero columns audited,no current/future tournament outcomes,candidate; requires ablation
diff_research_distribution_last7games_efficiency_count,distribution,pre-cutoff detailed game distributions across fixed windows,team 1 minus team 2,132,-1,training-fold preprocessing; unavailable/zero columns audited,no current/future tournament outcomes,candidate; requires ablation
diff_research_distribution_last7games_efficiency_q10,distribution,pre-cutoff detailed game distributions across fixed windows,team 1 minus team 2,132,-1,training-fold preprocessing; unavailable/zero columns audited,no current/future tournament outcomes,candidate; requires ablation
diff_research_distribution_last7games_efficiency_q25,distribution,pre-cutoff detailed game distributions across fixed windows,team 1 minus team 2,132,-1,training-fold preprocessing; unavailable/zero columns audited,no current/future tournament outcomes,candidate; requires ablation
diff_research_distribution_last7games_efficiency_q75,distribution,pre-cutoff detailed game distributions across fixed windows,team 1 minus team 2,132,-1,training-fold preprocessing; unavailable/zero columns audited,no current/future tournament outcomes,candidate; requires ablation
diff_research_distribution_last7games_efficiency_q90,distribution,pre-cutoff detailed game distributions across fixed windows,team 1 minus team 2,132,-1,training-fold preprocessing; unavailable/zero columns audited,no current/future tournament outcomes,candidate; requires ablation
diff_research_distribution_last7games_efficiency_iqr,distribution,pre-cutoff detailed game distributions across fixed windows,team 1 minus team 2,132,-1,training-fold preprocessing; unavailable/zero columns audited,no current/future tournament outcomes,candidate; requires ablation
diff_research_distribution_last7games_efficiency_skew,distribution,pre-cutoff detailed game distributions across fixed windows,team 1 minus team 2,132,-1,training-fold preprocessing; unavailable/zero columns audited,no current/future tournament outcomes,candidate; requires ablation
diff_research_distribution_last7games_allowed_efficiency_mean,distribution,pre-cutoff detailed game distributions across fixed windows,team 1 minus team 2,132,-1,training-fold preprocessing; unavailable/zero columns audited,no current/future tournament outcomes,candidate; requires ablation
diff_research_distribution_last7games_allowed_efficiency_median,distribution,pre-cutoff detailed game distributions across fixed windows,team 1 minus team 2,132,-1,training-fold preprocessing; unavailable/zero columns audited,no current/future tournament outcomes,candidate; requires ablation
diff_research_distribution_last7games_allowed_efficiency_std,distribution,pre-cutoff detailed game distributions across fixed windows,team 1 minus team 2,132,-1,training-fold preprocessing; unavailable/zero columns audited,no current/future tournament outcomes,candidate; requires ablation
diff_research_distribution_last7games_allowed_efficiency_min,distribution,pre-cutoff detailed game distributions across fixed windows,team 1 minus team 2,132,-1,training-fold preprocessing; unavailable/zero columns audited,no current/future tournament outcomes,candidate; requires ablation
diff_research_distribution_last7games_allowed_efficiency_max,distribution,pre-cutoff detailed game distributions across fixed windows,team 1 minus team 2,132,-1,training-fold preprocessing; unavailable/zero columns audited,no current/future tournament outcomes,candidate; requires ablation
diff_research_distribution_last7games_allowed_efficiency_count,distribution,pre-cutoff detailed game distributions across fixed windows,team 1 minus team 2,132,-1,training-fold preprocessing; unavailable/zero columns audited,no current/future tournament outcomes,candidate; requires ablation
diff_research_distribution_last7games_allowed_efficiency_q10,distribution,pre-cutoff detailed game distributions across fixed windows,team 1 minus team 2,132,-1,training-fold preprocessing; unavailable/zero columns audited,no current/future tournament outcomes,candidate; requires ablation
diff_research_distribution_last7games_allowed_efficiency_q25,distribution,pre-cutoff detailed game distributions across fixed windows,team 1 minus team 2,132,-1,training-fold preprocessing; unavailable/zero columns audited,no current/future tournament outcomes,candidate; requires ablation
diff_research_distribution_last7games_allowed_efficiency_q75,distribution,pre-cutoff detailed game distributions across fixed windows,team 1 minus team 2,132,-1,training-fold preprocessing; unavailable/zero columns audited,no current/future tournament outcomes,candidate; requires ablation
diff_research_distribution_last7games_allowed_efficiency_q90,distribution,pre-cutoff detailed game distributions across fixed windows,team 1 minus team 2,132,-1,training-fold preprocessing; unavailable/zero columns audited,no current/future tournament outcomes,candidate; requires ablation
diff_research_distribution_last7games_allowed_efficiency_iqr,distribution,pre-cutoff detailed game distributions across fixed windows,team 1 minus team 2,132,-1,training-fold preprocessing; unavailable/zero columns audited,no current/future tournament outcomes,candidate; requires ablation
diff_research_distribution_last7games_allowed_efficiency_skew,distribution,pre-cutoff detailed game distributions across fixed windows,team 1 minus team 2,132,-1,training-fold preprocessing; unavailable/zero columns audited,no current/future tournament outcomes,candidate; requires ablation
diff_research_distribution_last7games_tempo_mean,distribution,pre-cutoff detailed game distributions across fixed windows,team 1 minus team 2,132,-1,training-fold preprocessing; unavailable/zero columns audited,no current/future tournament outcomes,candidate; requires ablation
diff_research_distribution_last7games_tempo_median,distribution,pre-cutoff detailed game distributions across fixed windows,team 1 minus team 2,132,-1,training-fold preprocessing; unavailable/zero columns audited,no current/future tournament outcomes,candidate; requires ablation
diff_research_distribution_last7games_tempo_std,distribution,pre-cutoff detailed game distributions across fixed windows,team 1 minus team 2,132,-1,training-fold preprocessing; unavailable/zero columns audited,no current/future tournament outcomes,candidate; requires ablation
diff_research_distribution_last7games_tempo_min,distribution,pre-cutoff detailed game distributions across fixed windows,team 1 minus team 2,132,-1,training-fold preprocessing; unavailable/zero columns audited,no current/future tournament outcomes,candidate; requires ablation
diff_research_distribution_last7games_tempo_max,distribution,pre-cutoff detailed game distributions across fixed windows,team 1 minus team 2,132,-1,training-fold preprocessing; unavailable/zero columns audited,no current/future tournament outcomes,candidate; requires ablation
diff_research_distribution_last7games_tempo_count,distribution,pre-cutoff detailed game distributions across fixed windows,team 1 minus team 2,132,-1,training-fold preprocessing; unavailable/zero columns audited,no current/future tournament outcomes,candidate; requires ablation
diff_research_distribution_last7games_tempo_q10,distribution,pre-cutoff detailed game distributions across fixed windows,team 1 minus team 2,132,-1,training-fold preprocessing; unavailable/zero columns audited,no current/future tournament outcomes,candidate; requires ablation
diff_research_distribution_last7games_tempo_q25,distribution,pre-cutoff detailed game distributions across fixed windows,team 1 minus team 2,132,-1,training-fold preprocessing; unavailable/zero columns audited,no current/future tournament outcomes,candidate; requires ablation
diff_research_distribution_last7games_tempo_q75,distribution,pre-cutoff detailed game distributions across fixed windows,team 1 minus team 2,132,-1,training-fold preprocessing; unavailable/zero columns audited,no current/future tournament outcomes,candidate; requires ablation
diff_research_distribution_last7games_tempo_q90,distribution,pre-cutoff detailed game distributions across fixed windows,team 1 minus team 2,132,-1,training-fold preprocessing; unavailable/zero columns audited,no current/future tournament outcomes,candidate; requires ablation
diff_research_distribution_last7games_tempo_iqr,distribution,pre-cutoff detailed game distributions across fixed windows,team 1 minus team 2,132,-1,training-fold preprocessing; unavailable/zero columns audited,no current/future tournament outcomes,candidate; requires ablation
diff_research_distribution_last7games_tempo_skew,distribution,pre-cutoff detailed game distributions across fixed windows,team 1 minus team 2,132,-1,training-fold preprocessing; unavailable/zero columns audited,no current/future tournament outcomes,candidate; requires ablation
diff_research_distribution_last7games_efg_mean,distribution,pre-cutoff detailed game distributions across fixed windows,team 1 minus team 2,132,-1,training-fold preprocessing; unavailable/zero columns audited,no current/future tournament outcomes,candidate; requires ablation
diff_research_distribution_last7games_efg_median,distribution,pre-cutoff detailed game distributions across fixed windows,team 1 minus team 2,132,-1,training-fold preprocessing; unavailable/zero columns audited,no current/future tournament outcomes,candidate; requires ablation
diff_research_distribution_last7games_efg_std,distribution,pre-cutoff detailed game distributions across fixed windows,team 1 minus team 2,132,-1,training-fold preprocessing; unavailable/zero columns audited,no current/future tournament outcomes,candidate; requires ablation
diff_research_distribution_last7games_efg_min,distribution,pre-cutoff detailed game distributions across fixed windows,team 1 minus team 2,132,-1,training-fold preprocessing; unavailable/zero columns audited,no current/future tournament outcomes,candidate; requires ablation
diff_research_distribution_last7games_efg_max,distribution,pre-cutoff detailed game distributions across fixed windows,team 1 minus team 2,132,-1,training-fold preprocessing; unavailable/zero columns audited,no current/future tournament outcomes,candidate; requires ablation
diff_research_distribution_last7games_efg_count,distribution,pre-cutoff detailed game distributions across fixed windows,team 1 minus team 2,132,-1,training-fold preprocessing; unavailable/zero columns audited,no current/future tournament outcomes,candidate; requires ablation
diff_research_distribution_last7games_efg_q10,distribution,pre-cutoff detailed game distributions across fixed windows,team 1 minus team 2,132,-1,training-fold preprocessing; unavailable/zero columns audited,no current/future tournament outcomes,candidate; requires ablation
diff_research_distribution_last7games_efg_q25,distribution,pre-cutoff detailed game distributions across fixed windows,team 1 minus team 2,132,-1,training-fold preprocessing; unavailable/zero columns audited,no current/future tournament outcomes,candidate; requires ablation
diff_research_distribution_last7games_efg_q75,distribution,pre-cutoff detailed game distributions across fixed windows,team 1 minus team 2,132,-1,training-fold preprocessing; unavailable/zero columns audited,no current/future tournament outcomes,candidate; requires ablation
diff_research_distribution_last7games_efg_q90,distribution,pre-cutoff detailed game distributions across fixed windows,team 1 minus team 2,132,-1,training-fold preprocessing; unavailable/zero columns audited,no current/future tournament outcomes,candidate; requires ablation
diff_research_distribution_last7games_efg_iqr,distribution,pre-cutoff detailed game distributions across fixed windows,team 1 minus team 2,132,-1,training-fold preprocessing; unavailable/zero columns audited,no current/future tournament outcomes,candidate; requires ablation
diff_research_distribution_last7games_efg_skew,distribution,pre-cutoff detailed game distributions across fixed windows,team 1 minus team 2,132,-1,training-fold preprocessing; unavailable/zero columns audited,no current/future tournament outcomes,candidate; requires ablation
diff_research_distribution_last7games_opp_efg_mean,distribution,pre-cutoff detailed game distributions across fixed windows,team 1 minus team 2,132,-1,training-fold preprocessing; unavailable/zero columns audited,no current/future tournament outcomes,candidate; requires ablation
diff_research_distribution_last7games_opp_efg_median,distribution,pre-cutoff detailed game distributions across fixed windows,team 1 minus team 2,132,-1,training-fold preprocessing; unavailable/zero columns audited,no current/future tournament outcomes,candidate; requires ablation
diff_research_distribution_last7games_opp_efg_std,distribution,pre-cutoff detailed game distributions across fixed windows,team 1 minus team 2,132,-1,training-fold preprocessing; unavailable/zero columns audited,no current/future tournament outcomes,candidate; requires ablation
diff_research_distribution_last7games_opp_efg_min,distribution,pre-cutoff detailed game distributions across fixed windows,team 1 minus team 2,132,-1,training-fold preprocessing; unavailable/zero columns audited,no current/future tournament outcomes,candidate; requires ablation
diff_research_distribution_last7games_opp_efg_max,distribution,pre-cutoff detailed game distributions across fixed windows,team 1 minus team 2,132,-1,training-fold preprocessing; unavailable/zero columns audited,no current/future tournament outcomes,candidate; requires ablation
diff_research_distribution_last7games_opp_efg_count,distribution,pre-cutoff detailed game distributions across fixed windows,team 1 minus team 2,132,-1,training-fold preprocessing; unavailable/zero columns audited,no current/future tournament outcomes,candidate; requires ablation
diff_research_distribution_last7games_opp_efg_q10,distribution,pre-cutoff detailed game distributions across fixed windows,team 1 minus team 2,132,-1,training-fold preprocessing; unavailable/zero columns audited,no current/future tournament outcomes,candidate; requires ablation
diff_research_distribution_last7games_opp_efg_q25,distribution,pre-cutoff detailed game distributions across fixed windows,team 1 minus team 2,132,-1,training-fold preprocessing; unavailable/zero columns audited,no current/future tournament outcomes,candidate; requires ablation
diff_research_distribution_last7games_opp_efg_q75,distribution,pre-cutoff detailed game distributions across fixed windows,team 1 minus team 2,132,-1,training-fold preprocessing; unavailable/zero columns audited,no current/future tournament outcomes,candidate; requires ablation
diff_research_distribution_last7games_opp_efg_q90,distribution,pre-cutoff detailed game distributions across fixed windows,team 1 minus team 2,132,-1,training-fold preprocessing; unavailable/zero columns audited,no current/future tournament outcomes,candidate; requires ablation
diff_research_distribution_last7games_opp_efg_iqr,distribution,pre-cutoff detailed game distributions across fixed windows,team 1 minus team 2,132,-1,training-fold preprocessing; unavailable/zero columns audited,no current/future tournament outcomes,candidate; requires ablation
diff_research_distribution_last7games_opp_efg_skew,distribution,pre-cutoff detailed game distributions across fixed windows,team 1 minus team 2,132,-1,training-fold preprocessing; unavailable/zero columns audited,no current/future tournament outcomes,candidate; requires ablation
diff_research_distribution_last7games_tov_mean,distribution,pre-cutoff detailed game distributions across fixed windows,team 1 minus team 2,132,-1,training-fold preprocessing; unavailable/zero columns audited,no current/future tournament outcomes,candidate; requires ablation
diff_research_distribution_last7games_tov_median,distribution,pre-cutoff detailed game distributions across fixed windows,team 1 minus team 2,132,-1,training-fold preprocessing; unavailable/zero columns audited,no current/future tournament outcomes,candidate; requires ablation
diff_research_distribution_last7games_tov_std,distribution,pre-cutoff detailed game distributions across fixed windows,team 1 minus team 2,132,-1,training-fold preprocessing; unavailable/zero columns audited,no current/future tournament outcomes,candidate; requires ablation
diff_research_distribution_last7games_tov_min,distribution,pre-cutoff detailed game distributions across fixed windows,team 1 minus team 2,132,-1,training-fold preprocessing; unavailable/zero columns audited,no current/future tournament outcomes,candidate; requires ablation
diff_research_distribution_last7games_tov_max,distribution,pre-cutoff detailed game distributions across fixed windows,team 1 minus team 2,132,-1,training-fold preprocessing; unavailable/zero columns audited,no current/future tournament outcomes,candidate; requires ablation
diff_research_distribution_last7games_tov_count,distribution,pre-cutoff detailed game distributions across fixed windows,team 1 minus team 2,132,-1,training-fold preprocessing; unavailable/zero columns audited,no current/future tournament outcomes,candidate; requires ablation
diff_research_distribution_last7games_tov_q10,distribution,pre-cutoff detailed game distributions across fixed windows,team 1 minus team 2,132,-1,training-fold preprocessing; unavailable/zero columns audited,no current/future tournament outcomes,candidate; requires ablation
diff_research_distribution_last7games_tov_q25,distribution,pre-cutoff detailed game distributions across fixed windows,team 1 minus team 2,132,-1,training-fold preprocessing; unavailable/zero columns audited,no current/future tournament outcomes,candidate; requires ablation
diff_research_distribution_last7games_tov_q75,distribution,pre-cutoff detailed game distributions across fixed windows,team 1 minus team 2,132,-1,training-fold preprocessing; unavailable/zero columns audited,no current/future tournament outcomes,candidate; requires ablation
diff_research_distribution_last7games_tov_q90,distribution,pre-cutoff detailed game distributions across fixed windows,team 1 minus team 2,132,-1,training-fold preprocessing; unavailable/zero columns audited,no current/future tournament outcomes,candidate; requires ablation
diff_research_distribution_last7games_tov_iqr,distribution,pre-cutoff detailed game distributions across fixed windows,team 1 minus team 2,132,-1,training-fold preprocessing; unavailable/zero columns audited,no current/future tournament outcomes,candidate; requires ablation
diff_research_distribution_last7games_tov_skew,distribution,pre-cutoff detailed game distributions across fixed windows,team 1 minus team 2,132,-1,training-fold preprocessing; unavailable/zero columns audited,no current/future tournament outcomes,candidate; requires ablation
diff_research_distribution_last7games_opp_tov_mean,distribution,pre-cutoff detailed game distributions across fixed windows,team 1 minus team 2,132,-1,training-fold preprocessing; unavailable/zero columns audited,no current/future tournament outcomes,candidate; requires ablation
diff_research_distribution_last7games_opp_tov_median,distribution,pre-cutoff detailed game distributions across fixed windows,team 1 minus team 2,132,-1,training-fold preprocessing; unavailable/zero columns audited,no current/future tournament outcomes,candidate; requires ablation
diff_research_distribution_last7games_opp_tov_std,distribution,pre-cutoff detailed game distributions across fixed windows,team 1 minus team 2,132,-1,training-fold preprocessing; unavailable/zero columns audited,no current/future tournament outcomes,candidate; requires ablation
diff_research_distribution_last7games_opp_tov_min,distribution,pre-cutoff detailed game distributions across fixed windows,team 1 minus team 2,132,-1,training-fold preprocessing; unavailable/zero columns audited,no current/future tournament outcomes,candidate; requires ablation
diff_research_distribution_last7games_opp_tov_max,distribution,pre-cutoff detailed game distributions across fixed windows,team 1 minus team 2,132,-1,training-fold preprocessing; unavailable/zero columns audited,no current/future tournament outcomes,candidate; requires ablation
diff_research_distribution_last7games_opp_tov_count,distribution,pre-cutoff detailed game distributions across fixed windows,team 1 minus team 2,132,-1,training-fold preprocessing; unavailable/zero columns audited,no current/future tournament outcomes,candidate; requires ablation
diff_research_distribution_last7games_opp_tov_q10,distribution,pre-cutoff detailed game distributions across fixed windows,team 1 minus team 2,132,-1,training-fold preprocessing; unavailable/zero columns audited,no current/future tournament outcomes,candidate; requires ablation
diff_research_distribution_last7games_opp_tov_q25,distribution,pre-cutoff detailed game distributions across fixed windows,team 1 minus team 2,132,-1,training-fold preprocessing; unavailable/zero columns audited,no current/future tournament outcomes,candidate; requires ablation
diff_research_distribution_last7games_opp_tov_q75,distribution,pre-cutoff detailed game distributions across fixed windows,team 1 minus team 2,132,-1,training-fold preprocessing; unavailable/zero columns audited,no current/future tournament outcomes,candidate; requires ablation
diff_research_distribution_last7games_opp_tov_q90,distribution,pre-cutoff detailed game distributions across fixed windows,team 1 minus team 2,132,-1,training-fold preprocessing; unavailable/zero columns audited,no current/future tournament outcomes,candidate; requires ablation
diff_research_distribution_last7games_opp_tov_iqr,distribution,pre-cutoff detailed game distributions across fixed windows,team 1 minus team 2,132,-1,training-fold preprocessing; unavailable/zero columns audited,no current/future tournament outcomes,candidate; requires ablation
diff_research_distribution_last7games_opp_tov_skew,distribution,pre-cutoff detailed game distributions across fixed windows,team 1 minus team 2,132,-1,training-fold preprocessing; unavailable/zero columns audited,no current/future tournament outcomes,candidate; requires ablation
diff_research_distribution_last7games_orb_mean,distribution,pre-cutoff detailed game distributions across fixed windows,team 1 minus team 2,132,-1,training-fold preprocessing; unavailable/zero columns audited,no current/future tournament outcomes,candidate; requires ablation
diff_research_distribution_last7games_orb_median,distribution,pre-cutoff detailed game distributions across fixed windows,team 1 minus team 2,132,-1,training-fold preprocessing; unavailable/zero columns audited,no current/future tournament outcomes,candidate; requires ablation
diff_research_distribution_last7games_orb_std,distribution,pre-cutoff detailed game distributions across fixed windows,team 1 minus team 2,132,-1,training-fold preprocessing; unavailable/zero columns audited,no current/future tournament outcomes,candidate; requires ablation
diff_research_distribution_last7games_orb_min,distribution,pre-cutoff detailed game distributions across fixed windows,team 1 minus team 2,132,-1,training-fold preprocessing; unavailable/zero columns audited,no current/future tournament outcomes,candidate; requires ablation
diff_research_distribution_last7games_orb_max,distribution,pre-cutoff detailed game distributions across fixed windows,team 1 minus team 2,132,-1,training-fold preprocessing; unavailable/zero columns audited,no current/future tournament outcomes,candidate; requires ablation
diff_research_distribution_last7games_orb_count,distribution,pre-cutoff detailed game distributions across fixed windows,team 1 minus team 2,132,-1,training-fold preprocessing; unavailable/zero columns audited,no current/future tournament outcomes,candidate; requires ablation
diff_research_distribution_last7games_orb_q10,distribution,pre-cutoff detailed game distributions across fixed windows,team 1 minus team 2,132,-1,training-fold preprocessing; unavailable/zero columns audited,no current/future tournament outcomes,candidate; requires ablation
diff_research_distribution_last7games_orb_q25,distribution,pre-cutoff detailed game distributions across fixed windows,team 1 minus team 2,132,-1,training-fold preprocessing; unavailable/zero columns audited,no current/future tournament outcomes,candidate; requires ablation
diff_research_distribution_last7games_orb_q75,distribution,pre-cutoff detailed game distributions across fixed windows,team 1 minus team 2,132,-1,training-fold preprocessing; unavailable/zero columns audited,no current/future tournament outcomes,candidate; requires ablation
diff_research_distribution_last7games_orb_q90,distribution,pre-cutoff detailed game distributions across fixed windows,team 1 minus team 2,132,-1,training-fold preprocessing; unavailable/zero columns audited,no current/future tournament outcomes,candidate; requires ablation
diff_research_distribution_last7games_orb_iqr,distribution,pre-cutoff detailed game distributions across fixed windows,team 1 minus team 2,132,-1,training-fold preprocessing; unavailable/zero columns audited,no current/future tournament outcomes,candidate; requires ablation
diff_research_distribution_last7games_orb_skew,distribution,pre-cutoff detailed game distributions across fixed windows,team 1 minus team 2,132,-1,training-fold preprocessing; unavailable/zero columns audited,no current/future tournament outcomes,candidate; requires ablation
diff_research_distribution_last7games_opp_orb_mean,distribution,pre-cutoff detailed game distributions across fixed windows,team 1 minus team 2,132,-1,training-fold preprocessing; unavailable/zero columns audited,no current/future tournament outcomes,candidate; requires ablation
diff_research_distribution_last7games_opp_orb_median,distribution,pre-cutoff detailed game distributions across fixed windows,team 1 minus team 2,132,-1,training-fold preprocessing; unavailable/zero columns audited,no current/future tournament outcomes,candidate; requires ablation
diff_research_distribution_last7games_opp_orb_std,distribution,pre-cutoff detailed game distributions across fixed windows,team 1 minus team 2,132,-1,training-fold preprocessing; unavailable/zero columns audited,no current/future tournament outcomes,candidate; requires ablation
diff_research_distribution_last7games_opp_orb_min,distribution,pre-cutoff detailed game distributions across fixed windows,team 1 minus team 2,132,-1,training-fold preprocessing; unavailable/zero columns audited,no current/future tournament outcomes,candidate; requires ablation
diff_research_distribution_last7games_opp_orb_max,distribution,pre-cutoff detailed game distributions across fixed windows,team 1 minus team 2,132,-1,training-fold preprocessing; unavailable/zero columns audited,no current/future tournament outcomes,candidate; requires ablation
diff_research_distribution_last7games_opp_orb_count,distribution,pre-cutoff detailed game distributions across fixed windows,team 1 minus team 2,132,-1,training-fold preprocessing; unavailable/zero columns audited,no current/future tournament outcomes,candidate; requires ablation
diff_research_distribution_last7games_opp_orb_q10,distribution,pre-cutoff detailed game distributions across fixed windows,team 1 minus team 2,132,-1,training-fold preprocessing; unavailable/zero columns audited,no current/future tournament outcomes,candidate; requires ablation
diff_research_distribution_last7games_opp_orb_q25,distribution,pre-cutoff detailed game distributions across fixed windows,team 1 minus team 2,132,-1,training-fold preprocessing; unavailable/zero columns audited,no current/future tournament outcomes,candidate; requires ablation
diff_research_distribution_last7games_opp_orb_q75,distribution,pre-cutoff detailed game distributions across fixed windows,team 1 minus team 2,132,-1,training-fold preprocessing; unavailable/zero columns audited,no current/future tournament outcomes,candidate; requires ablation
diff_research_distribution_last7games_opp_orb_q90,distribution,pre-cutoff detailed game distributions across fixed windows,team 1 minus team 2,132,-1,training-fold preprocessing; unavailable/zero columns audited,no current/future tournament outcomes,candidate; requires ablation
diff_research_distribution_last7games_opp_orb_iqr,distribution,pre-cutoff detailed game distributions across fixed windows,team 1 minus team 2,132,-1,training-fold preprocessing; unavailable/zero columns audited,no current/future tournament outcomes,candidate; requires ablation
diff_research_distribution_last7games_opp_orb_skew,distribution,pre-cutoff detailed game distributions across fixed windows,team 1 minus team 2,132,-1,training-fold preprocessing; unavailable/zero columns audited,no current/future tournament outcomes,candidate; requires ablation
diff_research_distribution_last7games_ftr_mean,distribution,pre-cutoff detailed game distributions across fixed windows,team 1 minus team 2,132,-1,training-fold preprocessing; unavailable/zero columns audited,no current/future tournament outcomes,candidate; requires ablation
diff_research_distribution_last7games_ftr_median,distribution,pre-cutoff detailed game distributions across fixed windows,team 1 minus team 2,132,-1,training-fold preprocessing; unavailable/zero columns audited,no current/future tournament outcomes,candidate; requires ablation
diff_research_distribution_last7games_ftr_std,distribution,pre-cutoff detailed game distributions across fixed windows,team 1 minus team 2,132,-1,training-fold preprocessing; unavailable/zero columns audited,no current/future tournament outcomes,candidate; requires ablation
diff_research_distribution_last7games_ftr_min,distribution,pre-cutoff detailed game distributions across fixed windows,team 1 minus team 2,132,-1,training-fold preprocessing; unavailable/zero columns audited,no current/future tournament outcomes,candidate; requires ablation
diff_research_distribution_last7games_ftr_max,distribution,pre-cutoff detailed game distributions across fixed windows,team 1 minus team 2,132,-1,training-fold preprocessing; unavailable/zero columns audited,no current/future tournament outcomes,candidate; requires ablation
diff_research_distribution_last7games_ftr_count,distribution,pre-cutoff detailed game distributions across fixed windows,team 1 minus team 2,132,-1,training-fold preprocessing; unavailable/zero columns audited,no current/future tournament outcomes,candidate; requires ablation
diff_research_distribution_last7games_ftr_q10,distribution,pre-cutoff detailed game distributions across fixed windows,team 1 minus team 2,132,-1,training-fold preprocessing; unavailable/zero columns audited,no current/future tournament outcomes,candidate; requires ablation
diff_research_distribution_last7games_ftr_q25,distribution,pre-cutoff detailed game distributions across fixed windows,team 1 minus team 2,132,-1,training-fold preprocessing; unavailable/zero columns audited,no current/future tournament outcomes,candidate; requires ablation
diff_research_distribution_last7games_ftr_q75,distribution,pre-cutoff detailed game distributions across fixed windows,team 1 minus team 2,132,-1,training-fold preprocessing; unavailable/zero columns audited,no current/future tournament outcomes,candidate; requires ablation
diff_research_distribution_last7games_ftr_q90,distribution,pre-cutoff detailed game distributions across fixed windows,team 1 minus team 2,132,-1,training-fold preprocessing; unavailable/zero columns audited,no current/future tournament outcomes,candidate; requires ablation
diff_research_distribution_last7games_ftr_iqr,distribution,pre-cutoff detailed game distributions across fixed windows,team 1 minus team 2,132,-1,training-fold preprocessing; unavailable/zero columns audited,no current/future tournament outcomes,candidate; requires ablation
diff_research_distribution_last7games_ftr_skew,distribution,pre-cutoff detailed game distributions across fixed windows,team 1 minus team 2,132,-1,training-fold preprocessing; unavailable/zero columns audited,no current/future tournament outcomes,candidate; requires ablation
diff_research_distribution_last7games_opp_ftr_mean,distribution,pre-cutoff detailed game distributions across fixed windows,team 1 minus team 2,132,-1,training-fold preprocessing; unavailable/zero columns audited,no current/future tournament outcomes,candidate; requires ablation
diff_research_distribution_last7games_opp_ftr_median,distribution,pre-cutoff detailed game distributions across fixed windows,team 1 minus team 2,132,-1,training-fold preprocessing; unavailable/zero columns audited,no current/future tournament outcomes,candidate; requires ablation
diff_research_distribution_last7games_opp_ftr_std,distribution,pre-cutoff detailed game distributions across fixed windows,team 1 minus team 2,132,-1,training-fold preprocessing; unavailable/zero columns audited,no current/future tournament outcomes,candidate; requires ablation
diff_research_distribution_last7games_opp_ftr_min,distribution,pre-cutoff detailed game distributions across fixed windows,team 1 minus team 2,132,-1,training-fold preprocessing; unavailable/zero columns audited,no current/future tournament outcomes,candidate; requires ablation
diff_research_distribution_last7games_opp_ftr_max,distribution,pre-cutoff detailed game distributions across fixed windows,team 1 minus team 2,132,-1,training-fold preprocessing; unavailable/zero columns audited,no current/future tournament outcomes,candidate; requires ablation
diff_research_distribution_last7games_opp_ftr_count,distribution,pre-cutoff detailed game distributions across fixed windows,team 1 minus team 2,132,-1,training-fold preprocessing; unavailable/zero columns audited,no current/future tournament outcomes,candidate; requires ablation
diff_research_distribution_last7games_opp_ftr_q10,distribution,pre-cutoff detailed game distributions across fixed windows,team 1 minus team 2,132,-1,training-fold preprocessing; unavailable/zero columns audited,no current/future tournament outcomes,candidate; requires ablation
diff_research_distribution_last7games_opp_ftr_q25,distribution,pre-cutoff detailed game distributions across fixed windows,team 1 minus team 2,132,-1,training-fold preprocessing; unavailable/zero columns audited,no current/future tournament outcomes,candidate; requires ablation
diff_research_distribution_last7games_opp_ftr_q75,distribution,pre-cutoff detailed game distributions across fixed windows,team 1 minus team 2,132,-1,training-fold preprocessing; unavailable/zero columns audited,no current/future tournament outcomes,candidate; requires ablation
diff_research_distribution_last7games_opp_ftr_q90,distribution,pre-cutoff detailed game distributions across fixed windows,team 1 minus team 2,132,-1,training-fold preprocessing; unavailable/zero columns audited,no current/future tournament outcomes,candidate; requires ablation
diff_research_distribution_last7games_opp_ftr_iqr,distribution,pre-cutoff detailed game distributions across fixed windows,team 1 minus team 2,132,-1,training-fold preprocessing; unavailable/zero columns audited,no current/future tournament outcomes,candidate; requires ablation
diff_research_distribution_last7games_opp_ftr_skew,distribution,pre-cutoff detailed game distributions across fixed windows,team 1 minus team 2,132,-1,training-fold preprocessing; unavailable/zero columns audited,no current/future tournament outcomes,candidate; requires ablation
diff_research_distribution_last7games_three_share_mean,distribution,pre-cutoff detailed game distributions across fixed windows,team 1 minus team 2,132,-1,training-fold preprocessing; unavailable/zero columns audited,no current/future tournament outcomes,candidate; requires ablation
diff_research_distribution_last7games_three_share_median,distribution,pre-cutoff detailed game distributions across fixed windows,team 1 minus team 2,132,-1,training-fold preprocessing; unavailable/zero columns audited,no current/future tournament outcomes,candidate; requires ablation
diff_research_distribution_last7games_three_share_std,distribution,pre-cutoff detailed game distributions across fixed windows,team 1 minus team 2,132,-1,training-fold preprocessing; unavailable/zero columns audited,no current/future tournament outcomes,candidate; requires ablation
diff_research_distribution_last7games_three_share_min,distribution,pre-cutoff detailed game distributions across fixed windows,team 1 minus team 2,132,-1,training-fold preprocessing; unavailable/zero columns audited,no current/future tournament outcomes,candidate; requires ablation
diff_research_distribution_last7games_three_share_max,distribution,pre-cutoff detailed game distributions across fixed windows,team 1 minus team 2,132,-1,training-fold preprocessing; unavailable/zero columns audited,no current/future tournament outcomes,candidate; requires ablation
diff_research_distribution_last7games_three_share_count,distribution,pre-cutoff detailed game distributions across fixed windows,team 1 minus team 2,132,-1,training-fold preprocessing; unavailable/zero columns audited,no current/future tournament outcomes,candidate; requires ablation
diff_research_distribution_last7games_three_share_q10,distribution,pre-cutoff detailed game distributions across fixed windows,team 1 minus team 2,132,-1,training-fold preprocessing; unavailable/zero columns audited,no current/future tournament outcomes,candidate; requires ablation
diff_research_distribution_last7games_three_share_q25,distribution,pre-cutoff detailed game distributions across fixed windows,team 1 minus team 2,132,-1,training-fold preprocessing; unavailable/zero columns audited,no current/future tournament outcomes,candidate; requires ablation
diff_research_distribution_last7games_three_share_q75,distribution,pre-cutoff detailed game distributions across fixed windows,team 1 minus team 2,132,-1,training-fold preprocessing; unavailable/zero columns audited,no current/future tournament outcomes,candidate; requires ablation
diff_research_distribution_last7games_three_share_q90,distribution,pre-cutoff detailed game distributions across fixed windows,team 1 minus team 2,132,-1,training-fold preprocessing; unavailable/zero columns audited,no current/future tournament outcomes,candidate; requires ablation
diff_research_distribution_last7games_three_share_iqr,distribution,pre-cutoff detailed game distributions across fixed windows,team 1 minus team 2,132,-1,training-fold preprocessing; unavailable/zero columns audited,no current/future tournament outcomes,candidate; requires ablation
diff_research_distribution_last7games_three_share_skew,distribution,pre-cutoff detailed game distributions across fixed windows,team 1 minus team 2,132,-1,training-fold preprocessing; unavailable/zero columns audited,no current/future tournament outcomes,candidate; requires ablation
diff_research_distribution_last7games_opp_three_share_mean,distribution,pre-cutoff detailed game distributions across fixed windows,team 1 minus team 2,132,-1,training-fold preprocessing; unavailable/zero columns audited,no current/future tournament outcomes,candidate; requires ablation
diff_research_distribution_last7games_opp_three_share_median,distribution,pre-cutoff detailed game distributions across fixed windows,team 1 minus team 2,132,-1,training-fold preprocessing; unavailable/zero columns audited,no current/future tournament outcomes,candidate; requires ablation
diff_research_distribution_last7games_opp_three_share_std,distribution,pre-cutoff detailed game distributions across fixed windows,team 1 minus team 2,132,-1,training-fold preprocessing; unavailable/zero columns audited,no current/future tournament outcomes,candidate; requires ablation
diff_research_distribution_last7games_opp_three_share_min,distribution,pre-cutoff detailed game distributions across fixed windows,team 1 minus team 2,132,-1,training-fold preprocessing; unavailable/zero columns audited,no current/future tournament outcomes,candidate; requires ablation
diff_research_distribution_last7games_opp_three_share_max,distribution,pre-cutoff detailed game distributions across fixed windows,team 1 minus team 2,132,-1,training-fold preprocessing; unavailable/zero columns audited,no current/future tournament outcomes,candidate; requires ablation
diff_research_distribution_last7games_opp_three_share_count,distribution,pre-cutoff detailed game distributions across fixed windows,team 1 minus team 2,132,-1,training-fold preprocessing; unavailable/zero columns audited,no current/future tournament outcomes,candidate; requires ablation
diff_research_distribution_last7games_opp_three_share_q10,distribution,pre-cutoff detailed game distributions across fixed windows,team 1 minus team 2,132,-1,training-fold preprocessing; unavailable/zero columns audited,no current/future tournament outcomes,candidate; requires ablation
diff_research_distribution_last7games_opp_three_share_q25,distribution,pre-cutoff detailed game distributions across fixed windows,team 1 minus team 2,132,-1,training-fold preprocessing; unavailable/zero columns audited,no current/future tournament outcomes,candidate; requires ablation
diff_research_distribution_last7games_opp_three_share_q75,distribution,pre-cutoff detailed game distributions across fixed windows,team 1 minus team 2,132,-1,training-fold preprocessing; unavailable/zero columns audited,no current/future tournament outcomes,candidate; requires ablation
diff_research_distribution_last7games_opp_three_share_q90,distribution,pre-cutoff detailed game distributions across fixed windows,team 1 minus team 2,132,-1,training-fold preprocessing; unavailable/zero columns audited,no current/future tournament outcomes,candidate; requires ablation
diff_research_distribution_last7games_opp_three_share_iqr,distribution,pre-cutoff detailed game distributions across fixed windows,team 1 minus team 2,132,-1,training-fold preprocessing; unavailable/zero columns audited,no current/future tournament outcomes,candidate; requires ablation
diff_research_distribution_last7games_opp_three_share_skew,distribution,pre-cutoff detailed game distributions across fixed windows,team 1 minus team 2,132,-1,training-fold preprocessing; unavailable/zero columns audited,no current/future tournament outcomes,candidate; requires ablation
diff_research_distribution_last7games_three_accuracy_mean,distribution,pre-cutoff detailed game distributions across fixed windows,team 1 minus team 2,132,-1,training-fold preprocessing; unavailable/zero columns audited,no current/future tournament outcomes,candidate; requires ablation
diff_research_distribution_last7games_three_accuracy_median,distribution,pre-cutoff detailed game distributions across fixed windows,team 1 minus team 2,132,-1,training-fold preprocessing; unavailable/zero columns audited,no current/future tournament outcomes,candidate; requires ablation
diff_research_distribution_last7games_three_accuracy_std,distribution,pre-cutoff detailed game distributions across fixed windows,team 1 minus team 2,132,-1,training-fold preprocessing; unavailable/zero columns audited,no current/future tournament outcomes,candidate; requires ablation
diff_research_distribution_last7games_three_accuracy_min,distribution,pre-cutoff detailed game distributions across fixed windows,team 1 minus team 2,132,-1,training-fold preprocessing; unavailable/zero columns audited,no current/future tournament outcomes,candidate; requires ablation
diff_research_distribution_last7games_three_accuracy_max,distribution,pre-cutoff detailed game distributions across fixed windows,team 1 minus team 2,132,-1,training-fold preprocessing; unavailable/zero columns audited,no current/future tournament outcomes,candidate; requires ablation
diff_research_distribution_last7games_three_accuracy_count,distribution,pre-cutoff detailed game distributions across fixed windows,team 1 minus team 2,132,-1,training-fold preprocessing; unavailable/zero columns audited,no current/future tournament outcomes,candidate; requires ablation
diff_research_distribution_last7games_three_accuracy_q10,distribution,pre-cutoff detailed game distributions across fixed windows,team 1 minus team 2,132,-1,training-fold preprocessing; unavailable/zero columns audited,no current/future tournament outcomes,candidate; requires ablation
diff_research_distribution_last7games_three_accuracy_q25,distribution,pre-cutoff detailed game distributions across fixed windows,team 1 minus team 2,132,-1,training-fold preprocessing; unavailable/zero columns audited,no current/future tournament outcomes,candidate; requires ablation
diff_research_distribution_last7games_three_accuracy_q75,distribution,pre-cutoff detailed game distributions across fixed windows,team 1 minus team 2,132,-1,training-fold preprocessing; unavailable/zero columns audited,no current/future tournament outcomes,candidate; requires ablation
diff_research_distribution_last7games_three_accuracy_q90,distribution,pre-cutoff detailed game distributions across fixed windows,team 1 minus team 2,132,-1,training-fold preprocessing; unavailable/zero columns audited,no current/future tournament outcomes,candidate; requires ablation
diff_research_distribution_last7games_three_accuracy_iqr,distribution,pre-cutoff detailed game distributions across fixed windows,team 1 minus team 2,132,-1,training-fold preprocessing; unavailable/zero columns audited,no current/future tournament outcomes,candidate; requires ablation
diff_research_distribution_last7games_three_accuracy_skew,distribution,pre-cutoff detailed game distributions across fixed windows,team 1 minus team 2,132,-1,training-fold preprocessing; unavailable/zero columns audited,no current/future tournament outcomes,candidate; requires ablation
diff_research_distribution_last7games_opp_three_accuracy_mean,distribution,pre-cutoff detailed game distributions across fixed windows,team 1 minus team 2,132,-1,training-fold preprocessing; unavailable/zero columns audited,no current/future tournament outcomes,candidate; requires ablation
diff_research_distribution_last7games_opp_three_accuracy_median,distribution,pre-cutoff detailed game distributions across fixed windows,team 1 minus team 2,132,-1,training-fold preprocessing; unavailable/zero columns audited,no current/future tournament outcomes,candidate; requires ablation
diff_research_distribution_last7games_opp_three_accuracy_std,distribution,pre-cutoff detailed game distributions across fixed windows,team 1 minus team 2,132,-1,training-fold preprocessing; unavailable/zero columns audited,no current/future tournament outcomes,candidate; requires ablation
diff_research_distribution_last7games_opp_three_accuracy_min,distribution,pre-cutoff detailed game distributions across fixed windows,team 1 minus team 2,132,-1,training-fold preprocessing; unavailable/zero columns audited,no current/future tournament outcomes,candidate; requires ablation
diff_research_distribution_last7games_opp_three_accuracy_max,distribution,pre-cutoff detailed game distributions across fixed windows,team 1 minus team 2,132,-1,training-fold preprocessing; unavailable/zero columns audited,no current/future tournament outcomes,candidate; requires ablation
diff_research_distribution_last7games_opp_three_accuracy_count,distribution,pre-cutoff detailed game distributions across fixed windows,team 1 minus team 2,132,-1,training-fold preprocessing; unavailable/zero columns audited,no current/future tournament outcomes,candidate; requires ablation
diff_research_distribution_last7games_opp_three_accuracy_q10,distribution,pre-cutoff detailed game distributions across fixed windows,team 1 minus team 2,132,-1,training-fold preprocessing; unavailable/zero columns audited,no current/future tournament outcomes,candidate; requires ablation
diff_research_distribution_last7games_opp_three_accuracy_q25,distribution,pre-cutoff detailed game distributions across fixed windows,team 1 minus team 2,132,-1,training-fold preprocessing; unavailable/zero columns audited,no current/future tournament outcomes,candidate; requires ablation
diff_research_distribution_last7games_opp_three_accuracy_q75,distribution,pre-cutoff detailed game distributions across fixed windows,team 1 minus team 2,132,-1,training-fold preprocessing; unavailable/zero columns audited,no current/future tournament outcomes,candidate; requires ablation
diff_research_distribution_last7games_opp_three_accuracy_q90,distribution,pre-cutoff detailed game distributions across fixed windows,team 1 minus team 2,132,-1,training-fold preprocessing; unavailable/zero columns audited,no current/future tournament outcomes,candidate; requires ablation
diff_research_distribution_last7games_opp_three_accuracy_iqr,distribution,pre-cutoff detailed game distributions across fixed windows,team 1 minus team 2,132,-1,training-fold preprocessing; unavailable/zero columns audited,no current/future tournament outcomes,candidate; requires ablation
diff_research_distribution_last7games_opp_three_accuracy_skew,distribution,pre-cutoff detailed game distributions across fixed windows,team 1 minus team 2,132,-1,training-fold preprocessing; unavailable/zero columns audited,no current/future tournament outcomes,candidate; requires ablation
diff_research_distribution_last7games_two_accuracy_mean,distribution,pre-cutoff detailed game distributions across fixed windows,team 1 minus team 2,132,-1,training-fold preprocessing; unavailable/zero columns audited,no current/future tournament outcomes,candidate; requires ablation
diff_research_distribution_last7games_two_accuracy_median,distribution,pre-cutoff detailed game distributions across fixed windows,team 1 minus team 2,132,-1,training-fold preprocessing; unavailable/zero columns audited,no current/future tournament outcomes,candidate; requires ablation
diff_research_distribution_last7games_two_accuracy_std,distribution,pre-cutoff detailed game distributions across fixed windows,team 1 minus team 2,132,-1,training-fold preprocessing; unavailable/zero columns audited,no current/future tournament outcomes,candidate; requires ablation
diff_research_distribution_last7games_two_accuracy_min,distribution,pre-cutoff detailed game distributions across fixed windows,team 1 minus team 2,132,-1,training-fold preprocessing; unavailable/zero columns audited,no current/future tournament outcomes,candidate; requires ablation
diff_research_distribution_last7games_two_accuracy_max,distribution,pre-cutoff detailed game distributions across fixed windows,team 1 minus team 2,132,-1,training-fold preprocessing; unavailable/zero columns audited,no current/future tournament outcomes,candidate; requires ablation
diff_research_distribution_last7games_two_accuracy_count,distribution,pre-cutoff detailed game distributions across fixed windows,team 1 minus team 2,132,-1,training-fold preprocessing; unavailable/zero columns audited,no current/future tournament outcomes,candidate; requires ablation
diff_research_distribution_last7games_two_accuracy_q10,distribution,pre-cutoff detailed game distributions across fixed windows,team 1 minus team 2,132,-1,training-fold preprocessing; unavailable/zero columns audited,no current/future tournament outcomes,candidate; requires ablation
diff_research_distribution_last7games_two_accuracy_q25,distribution,pre-cutoff detailed game distributions across fixed windows,team 1 minus team 2,132,-1,training-fold preprocessing; unavailable/zero columns audited,no current/future tournament outcomes,candidate; requires ablation
diff_research_distribution_last7games_two_accuracy_q75,distribution,pre-cutoff detailed game distributions across fixed windows,team 1 minus team 2,132,-1,training-fold preprocessing; unavailable/zero columns audited,no current/future tournament outcomes,candidate; requires ablation
diff_research_distribution_last7games_two_accuracy_q90,distribution,pre-cutoff detailed game distributions across fixed windows,team 1 minus team 2,132,-1,training-fold preprocessing; unavailable/zero columns audited,no current/future tournament outcomes,candidate; requires ablation
diff_research_distribution_last7games_two_accuracy_iqr,distribution,pre-cutoff detailed game distributions across fixed windows,team 1 minus team 2,132,-1,training-fold preprocessing; unavailable/zero columns audited,no current/future tournament outcomes,candidate; requires ablation
diff_research_distribution_last7games_two_accuracy_skew,distribution,pre-cutoff detailed game distributions across fixed windows,team 1 minus team 2,132,-1,training-fold preprocessing; unavailable/zero columns audited,no current/future tournament outcomes,candidate; requires ablation
diff_research_distribution_last7games_opp_two_accuracy_mean,distribution,pre-cutoff detailed game distributions across fixed windows,team 1 minus team 2,132,-1,training-fold preprocessing; unavailable/zero columns audited,no current/future tournament outcomes,candidate; requires ablation
diff_research_distribution_last7games_opp_two_accuracy_median,distribution,pre-cutoff detailed game distributions across fixed windows,team 1 minus team 2,132,-1,training-fold preprocessing; unavailable/zero columns audited,no current/future tournament outcomes,candidate; requires ablation
diff_research_distribution_last7games_opp_two_accuracy_std,distribution,pre-cutoff detailed game distributions across fixed windows,team 1 minus team 2,132,-1,training-fold preprocessing; unavailable/zero columns audited,no current/future tournament outcomes,candidate; requires ablation
diff_research_distribution_last7games_opp_two_accuracy_min,distribution,pre-cutoff detailed game distributions across fixed windows,team 1 minus team 2,132,-1,training-fold preprocessing; unavailable/zero columns audited,no current/future tournament outcomes,candidate; requires ablation
diff_research_distribution_last7games_opp_two_accuracy_max,distribution,pre-cutoff detailed game distributions across fixed windows,team 1 minus team 2,132,-1,training-fold preprocessing; unavailable/zero columns audited,no current/future tournament outcomes,candidate; requires ablation
diff_research_distribution_last7games_opp_two_accuracy_count,distribution,pre-cutoff detailed game distributions across fixed windows,team 1 minus team 2,132,-1,training-fold preprocessing; unavailable/zero columns audited,no current/future tournament outcomes,candidate; requires ablation
diff_research_distribution_last7games_opp_two_accuracy_q10,distribution,pre-cutoff detailed game distributions across fixed windows,team 1 minus team 2,132,-1,training-fold preprocessing; unavailable/zero columns audited,no current/future tournament outcomes,candidate; requires ablation
diff_research_distribution_last7games_opp_two_accuracy_q25,distribution,pre-cutoff detailed game distributions across fixed windows,team 1 minus team 2,132,-1,training-fold preprocessing; unavailable/zero columns audited,no current/future tournament outcomes,candidate; requires ablation
diff_research_distribution_last7games_opp_two_accuracy_q75,distribution,pre-cutoff detailed game distributions across fixed windows,team 1 minus team 2,132,-1,training-fold preprocessing; unavailable/zero columns audited,no current/future tournament outcomes,candidate; requires ablation
diff_research_distribution_last7games_opp_two_accuracy_q90,distribution,pre-cutoff detailed game distributions across fixed windows,team 1 minus team 2,132,-1,training-fold preprocessing; unavailable/zero columns audited,no current/future tournament outcomes,candidate; requires ablation
diff_research_distribution_last7games_opp_two_accuracy_iqr,distribution,pre-cutoff detailed game distributions across fixed windows,team 1 minus team 2,132,-1,training-fold preprocessing; unavailable/zero columns audited,no current/future tournament outcomes,candidate; requires ablation
diff_research_distribution_last7games_opp_two_accuracy_skew,distribution,pre-cutoff detailed game distributions across fixed windows,team 1 minus team 2,132,-1,training-fold preprocessing; unavailable/zero columns audited,no current/future tournament outcomes,candidate; requires ablation
diff_research_distribution_last7games_free_accuracy_mean,distribution,pre-cutoff detailed game distributions across fixed windows,team 1 minus team 2,132,-1,training-fold preprocessing; unavailable/zero columns audited,no current/future tournament outcomes,candidate; requires ablation
diff_research_distribution_last7games_free_accuracy_median,distribution,pre-cutoff detailed game distributions across fixed windows,team 1 minus team 2,132,-1,training-fold preprocessing; unavailable/zero columns audited,no current/future tournament outcomes,candidate; requires ablation
diff_research_distribution_last7games_free_accuracy_std,distribution,pre-cutoff detailed game distributions across fixed windows,team 1 minus team 2,132,-1,training-fold preprocessing; unavailable/zero columns audited,no current/future tournament outcomes,candidate; requires ablation
diff_research_distribution_last7games_free_accuracy_min,distribution,pre-cutoff detailed game distributions across fixed windows,team 1 minus team 2,132,-1,training-fold preprocessing; unavailable/zero columns audited,no current/future tournament outcomes,candidate; requires ablation
diff_research_distribution_last7games_free_accuracy_max,distribution,pre-cutoff detailed game distributions across fixed windows,team 1 minus team 2,132,-1,training-fold preprocessing; unavailable/zero columns audited,no current/future tournament outcomes,candidate; requires ablation
diff_research_distribution_last7games_free_accuracy_count,distribution,pre-cutoff detailed game distributions across fixed windows,team 1 minus team 2,132,-1,training-fold preprocessing; unavailable/zero columns audited,no current/future tournament outcomes,candidate; requires ablation
diff_research_distribution_last7games_free_accuracy_q10,distribution,pre-cutoff detailed game distributions across fixed windows,team 1 minus team 2,132,-1,training-fold preprocessing; unavailable/zero columns audited,no current/future tournament outcomes,candidate; requires ablation
diff_research_distribution_last7games_free_accuracy_q25,distribution,pre-cutoff detailed game distributions across fixed windows,team 1 minus team 2,132,-1,training-fold preprocessing; unavailable/zero columns audited,no current/future tournament outcomes,candidate; requires ablation
diff_research_distribution_last7games_free_accuracy_q75,distribution,pre-cutoff detailed game distributions across fixed windows,team 1 minus team 2,132,-1,training-fold preprocessing; unavailable/zero columns audited,no current/future tournament outcomes,candidate; requires ablation
diff_research_distribution_last7games_free_accuracy_q90,distribution,pre-cutoff detailed game distributions across fixed windows,team 1 minus team 2,132,-1,training-fold preprocessing; unavailable/zero columns audited,no current/future tournament outcomes,candidate; requires ablation
diff_research_distribution_last7games_free_accuracy_iqr,distribution,pre-cutoff detailed game distributions across fixed windows,team 1 minus team 2,132,-1,training-fold preprocessing; unavailable/zero columns audited,no current/future tournament outcomes,candidate; requires ablation
diff_research_distribution_last7games_free_accuracy_skew,distribution,pre-cutoff detailed game distributions across fixed windows,team 1 minus team 2,132,-1,training-fold preprocessing; unavailable/zero columns audited,no current/future tournament outcomes,candidate; requires ablation
diff_research_distribution_last7games_opp_free_accuracy_mean,distribution,pre-cutoff detailed game distributions across fixed windows,team 1 minus team 2,132,-1,training-fold preprocessing; unavailable/zero columns audited,no current/future tournament outcomes,candidate; requires ablation
diff_research_distribution_last7games_opp_free_accuracy_median,distribution,pre-cutoff detailed game distributions across fixed windows,team 1 minus team 2,132,-1,training-fold preprocessing; unavailable/zero columns audited,no current/future tournament outcomes,candidate; requires ablation
diff_research_distribution_last7games_opp_free_accuracy_std,distribution,pre-cutoff detailed game distributions across fixed windows,team 1 minus team 2,132,-1,training-fold preprocessing; unavailable/zero columns audited,no current/future tournament outcomes,candidate; requires ablation
diff_research_distribution_last7games_opp_free_accuracy_min,distribution,pre-cutoff detailed game distributions across fixed windows,team 1 minus team 2,132,-1,training-fold preprocessing; unavailable/zero columns audited,no current/future tournament outcomes,candidate; requires ablation
diff_research_distribution_last7games_opp_free_accuracy_max,distribution,pre-cutoff detailed game distributions across fixed windows,team 1 minus team 2,132,-1,training-fold preprocessing; unavailable/zero columns audited,no current/future tournament outcomes,candidate; requires ablation
diff_research_distribution_last7games_opp_free_accuracy_count,distribution,pre-cutoff detailed game distributions across fixed windows,team 1 minus team 2,132,-1,training-fold preprocessing; unavailable/zero columns audited,no current/future tournament outcomes,candidate; requires ablation
diff_research_distribution_last7games_opp_free_accuracy_q10,distribution,pre-cutoff detailed game distributions across fixed windows,team 1 minus team 2,132,-1,training-fold preprocessing; unavailable/zero columns audited,no current/future tournament outcomes,candidate; requires ablation
diff_research_distribution_last7games_opp_free_accuracy_q25,distribution,pre-cutoff detailed game distributions across fixed windows,team 1 minus team 2,132,-1,training-fold preprocessing; unavailable/zero columns audited,no current/future tournament outcomes,candidate; requires ablation
diff_research_distribution_last7games_opp_free_accuracy_q75,distribution,pre-cutoff detailed game distributions across fixed windows,team 1 minus team 2,132,-1,training-fold preprocessing; unavailable/zero columns audited,no current/future tournament outcomes,candidate; requires ablation
diff_research_distribution_last7games_opp_free_accuracy_q90,distribution,pre-cutoff detailed game distributions across fixed windows,team 1 minus team 2,132,-1,training-fold preprocessing; unavailable/zero columns audited,no current/future tournament outcomes,candidate; requires ablation
diff_research_distribution_last7games_opp_free_accuracy_iqr,distribution,pre-cutoff detailed game distributions across fixed windows,team 1 minus team 2,132,-1,training-fold preprocessing; unavailable/zero columns audited,no current/future tournament outcomes,candidate; requires ablation
diff_research_distribution_last7games_opp_free_accuracy_skew,distribution,pre-cutoff detailed game distributions across fixed windows,team 1 minus team 2,132,-1,training-fold preprocessing; unavailable/zero columns audited,no current/future tournament outcomes,candidate; requires ablation
diff_research_distribution_last7games_rebound_share_mean,distribution,pre-cutoff detailed game distributions across fixed windows,team 1 minus team 2,132,-1,training-fold preprocessing; unavailable/zero columns audited,no current/future tournament outcomes,candidate; requires ablation
diff_research_distribution_last7games_rebound_share_median,distribution,pre-cutoff detailed game distributions across fixed windows,team 1 minus team 2,132,-1,training-fold preprocessing; unavailable/zero columns audited,no current/future tournament outcomes,candidate; requires ablation
diff_research_distribution_last7games_rebound_share_std,distribution,pre-cutoff detailed game distributions across fixed windows,team 1 minus team 2,132,-1,training-fold preprocessing; unavailable/zero columns audited,no current/future tournament outcomes,candidate; requires ablation
diff_research_distribution_last7games_rebound_share_min,distribution,pre-cutoff detailed game distributions across fixed windows,team 1 minus team 2,132,-1,training-fold preprocessing; unavailable/zero columns audited,no current/future tournament outcomes,candidate; requires ablation
diff_research_distribution_last7games_rebound_share_max,distribution,pre-cutoff detailed game distributions across fixed windows,team 1 minus team 2,132,-1,training-fold preprocessing; unavailable/zero columns audited,no current/future tournament outcomes,candidate; requires ablation
diff_research_distribution_last7games_rebound_share_count,distribution,pre-cutoff detailed game distributions across fixed windows,team 1 minus team 2,132,-1,training-fold preprocessing; unavailable/zero columns audited,no current/future tournament outcomes,candidate; requires ablation
diff_research_distribution_last7games_rebound_share_q10,distribution,pre-cutoff detailed game distributions across fixed windows,team 1 minus team 2,132,-1,training-fold preprocessing; unavailable/zero columns audited,no current/future tournament outcomes,candidate; requires ablation
diff_research_distribution_last7games_rebound_share_q25,distribution,pre-cutoff detailed game distributions across fixed windows,team 1 minus team 2,132,-1,training-fold preprocessing; unavailable/zero columns audited,no current/future tournament outcomes,candidate; requires ablation
diff_research_distribution_last7games_rebound_share_q75,distribution,pre-cutoff detailed game distributions across fixed windows,team 1 minus team 2,132,-1,training-fold preprocessing; unavailable/zero columns audited,no current/future tournament outcomes,candidate; requires ablation
diff_research_distribution_last7games_rebound_share_q90,distribution,pre-cutoff detailed game distributions across fixed windows,team 1 minus team 2,132,-1,training-fold preprocessing; unavailable/zero columns audited,no current/future tournament outcomes,candidate; requires ablation
diff_research_distribution_last7games_rebound_share_iqr,distribution,pre-cutoff detailed game distributions across fixed windows,team 1 minus team 2,132,-1,training-fold preprocessing; unavailable/zero columns audited,no current/future tournament outcomes,candidate; requires ablation
diff_research_distribution_last7games_rebound_share_skew,distribution,pre-cutoff detailed game distributions across fixed windows,team 1 minus team 2,132,-1,training-fold preprocessing; unavailable/zero columns audited,no current/future tournament outcomes,candidate; requires ablation
diff_research_distribution_last7games_opp_rebound_share_mean,distribution,pre-cutoff detailed game distributions across fixed windows,team 1 minus team 2,132,-1,training-fold preprocessing; unavailable/zero columns audited,no current/future tournament outcomes,candidate; requires ablation
diff_research_distribution_last7games_opp_rebound_share_median,distribution,pre-cutoff detailed game distributions across fixed windows,team 1 minus team 2,132,-1,training-fold preprocessing; unavailable/zero columns audited,no current/future tournament outcomes,candidate; requires ablation
diff_research_distribution_last7games_opp_rebound_share_std,distribution,pre-cutoff detailed game distributions across fixed windows,team 1 minus team 2,132,-1,training-fold preprocessing; unavailable/zero columns audited,no current/future tournament outcomes,candidate; requires ablation
diff_research_distribution_last7games_opp_rebound_share_min,distribution,pre-cutoff detailed game distributions across fixed windows,team 1 minus team 2,132,-1,training-fold preprocessing; unavailable/zero columns audited,no current/future tournament outcomes,candidate; requires ablation
diff_research_distribution_last7games_opp_rebound_share_max,distribution,pre-cutoff detailed game distributions across fixed windows,team 1 minus team 2,132,-1,training-fold preprocessing; unavailable/zero columns audited,no current/future tournament outcomes,candidate; requires ablation
diff_research_distribution_last7games_opp_rebound_share_count,distribution,pre-cutoff detailed game distributions across fixed windows,team 1 minus team 2,132,-1,training-fold preprocessing; unavailable/zero columns audited,no current/future tournament outcomes,candidate; requires ablation
diff_research_distribution_last7games_opp_rebound_share_q10,distribution,pre-cutoff detailed game distributions across fixed windows,team 1 minus team 2,132,-1,training-fold preprocessing; unavailable/zero columns audited,no current/future tournament outcomes,candidate; requires ablation
diff_research_distribution_last7games_opp_rebound_share_q25,distribution,pre-cutoff detailed game distributions across fixed windows,team 1 minus team 2,132,-1,training-fold preprocessing; unavailable/zero columns audited,no current/future tournament outcomes,candidate; requires ablation
diff_research_distribution_last7games_opp_rebound_share_q75,distribution,pre-cutoff detailed game distributions across fixed windows,team 1 minus team 2,132,-1,training-fold preprocessing; unavailable/zero columns audited,no current/future tournament outcomes,candidate; requires ablation
diff_research_distribution_last7games_opp_rebound_share_q90,distribution,pre-cutoff detailed game distributions across fixed windows,team 1 minus team 2,132,-1,training-fold preprocessing; unavailable/zero columns audited,no current/future tournament outcomes,candidate; requires ablation
diff_research_distribution_last7games_opp_rebound_share_iqr,distribution,pre-cutoff detailed game distributions across fixed windows,team 1 minus team 2,132,-1,training-fold preprocessing; unavailable/zero columns audited,no current/future tournament outcomes,candidate; requires ablation
diff_research_distribution_last7games_opp_rebound_share_skew,distribution,pre-cutoff detailed game distributions across fixed windows,team 1 minus team 2,132,-1,training-fold preprocessing; unavailable/zero columns audited,no current/future tournament outcomes,candidate; requires ablation
diff_research_distribution_last7games_shot_volume_mean,distribution,pre-cutoff detailed game distributions across fixed windows,team 1 minus team 2,132,-1,training-fold preprocessing; unavailable/zero columns audited,no current/future tournament outcomes,candidate; requires ablation
diff_research_distribution_last7games_shot_volume_median,distribution,pre-cutoff detailed game distributions across fixed windows,team 1 minus team 2,132,-1,training-fold preprocessing; unavailable/zero columns audited,no current/future tournament outcomes,candidate; requires ablation
diff_research_distribution_last7games_shot_volume_std,distribution,pre-cutoff detailed game distributions across fixed windows,team 1 minus team 2,132,-1,training-fold preprocessing; unavailable/zero columns audited,no current/future tournament outcomes,candidate; requires ablation
diff_research_distribution_last7games_shot_volume_min,distribution,pre-cutoff detailed game distributions across fixed windows,team 1 minus team 2,132,-1,training-fold preprocessing; unavailable/zero columns audited,no current/future tournament outcomes,candidate; requires ablation
diff_research_distribution_last7games_shot_volume_max,distribution,pre-cutoff detailed game distributions across fixed windows,team 1 minus team 2,132,-1,training-fold preprocessing; unavailable/zero columns audited,no current/future tournament outcomes,candidate; requires ablation
diff_research_distribution_last7games_shot_volume_count,distribution,pre-cutoff detailed game distributions across fixed windows,team 1 minus team 2,132,-1,training-fold preprocessing; unavailable/zero columns audited,no current/future tournament outcomes,candidate; requires ablation
diff_research_distribution_last7games_shot_volume_q10,distribution,pre-cutoff detailed game distributions across fixed windows,team 1 minus team 2,132,-1,training-fold preprocessing; unavailable/zero columns audited,no current/future tournament outcomes,candidate; requires ablation
diff_research_distribution_last7games_shot_volume_q25,distribution,pre-cutoff detailed game distributions across fixed windows,team 1 minus team 2,132,-1,training-fold preprocessing; unavailable/zero columns audited,no current/future tournament outcomes,candidate; requires ablation
diff_research_distribution_last7games_shot_volume_q75,distribution,pre-cutoff detailed game distributions across fixed windows,team 1 minus team 2,132,-1,training-fold preprocessing; unavailable/zero columns audited,no current/future tournament outcomes,candidate; requires ablation
diff_research_distribution_last7games_shot_volume_q90,distribution,pre-cutoff detailed game distributions across fixed windows,team 1 minus team 2,132,-1,training-fold preprocessing; unavailable/zero columns audited,no current/future tournament outcomes,candidate; requires ablation
diff_research_distribution_last7games_shot_volume_iqr,distribution,pre-cutoff detailed game distributions across fixed windows,team 1 minus team 2,132,-1,training-fold preprocessing; unavailable/zero columns audited,no current/future tournament outcomes,candidate; requires ablation
diff_research_distribution_last7games_shot_volume_skew,distribution,pre-cutoff detailed game distributions across fixed windows,team 1 minus team 2,132,-1,training-fold preprocessing; unavailable/zero columns audited,no current/future tournament outcomes,candidate; requires ablation
diff_research_distribution_last7games_opp_shot_volume_mean,distribution,pre-cutoff detailed game distributions across fixed windows,team 1 minus team 2,132,-1,training-fold preprocessing; unavailable/zero columns audited,no current/future tournament outcomes,candidate; requires ablation
diff_research_distribution_last7games_opp_shot_volume_median,distribution,pre-cutoff detailed game distributions across fixed windows,team 1 minus team 2,132,-1,training-fold preprocessing; unavailable/zero columns audited,no current/future tournament outcomes,candidate; requires ablation
diff_research_distribution_last7games_opp_shot_volume_std,distribution,pre-cutoff detailed game distributions across fixed windows,team 1 minus team 2,132,-1,training-fold preprocessing; unavailable/zero columns audited,no current/future tournament outcomes,candidate; requires ablation
diff_research_distribution_last7games_opp_shot_volume_min,distribution,pre-cutoff detailed game distributions across fixed windows,team 1 minus team 2,132,-1,training-fold preprocessing; unavailable/zero columns audited,no current/future tournament outcomes,candidate; requires ablation
diff_research_distribution_last7games_opp_shot_volume_max,distribution,pre-cutoff detailed game distributions across fixed windows,team 1 minus team 2,132,-1,training-fold preprocessing; unavailable/zero columns audited,no current/future tournament outcomes,candidate; requires ablation
diff_research_distribution_last7games_opp_shot_volume_count,distribution,pre-cutoff detailed game distributions across fixed windows,team 1 minus team 2,132,-1,training-fold preprocessing; unavailable/zero columns audited,no current/future tournament outcomes,candidate; requires ablation
diff_research_distribution_last7games_opp_shot_volume_q10,distribution,pre-cutoff detailed game distributions across fixed windows,team 1 minus team 2,132,-1,training-fold preprocessing; unavailable/zero columns audited,no current/future tournament outcomes,candidate; requires ablation
diff_research_distribution_last7games_opp_shot_volume_q25,distribution,pre-cutoff detailed game distributions across fixed windows,team 1 minus team 2,132,-1,training-fold preprocessing; unavailable/zero columns audited,no current/future tournament outcomes,candidate; requires ablation
diff_research_distribution_last7games_opp_shot_volume_q75,distribution,pre-cutoff detailed game distributions across fixed windows,team 1 minus team 2,132,-1,training-fold preprocessing; unavailable/zero columns audited,no current/future tournament outcomes,candidate; requires ablation
diff_research_distribution_last7games_opp_shot_volume_q90,distribution,pre-cutoff detailed game distributions across fixed windows,team 1 minus team 2,132,-1,training-fold preprocessing; unavailable/zero columns audited,no current/future tournament outcomes,candidate; requires ablation
diff_research_distribution_last7games_opp_shot_volume_iqr,distribution,pre-cutoff detailed game distributions across fixed windows,team 1 minus team 2,132,-1,training-fold preprocessing; unavailable/zero columns audited,no current/future tournament outcomes,candidate; requires ablation
diff_research_distribution_last7games_opp_shot_volume_skew,distribution,pre-cutoff detailed game distributions across fixed windows,team 1 minus team 2,132,-1,training-fold preprocessing; unavailable/zero columns audited,no current/future tournament outcomes,candidate; requires ablation
diff_research_distribution_last7games_free_points_share_mean,distribution,pre-cutoff detailed game distributions across fixed windows,team 1 minus team 2,132,-1,training-fold preprocessing; unavailable/zero columns audited,no current/future tournament outcomes,candidate; requires ablation
diff_research_distribution_last7games_free_points_share_median,distribution,pre-cutoff detailed game distributions across fixed windows,team 1 minus team 2,132,-1,training-fold preprocessing; unavailable/zero columns audited,no current/future tournament outcomes,candidate; requires ablation
diff_research_distribution_last7games_free_points_share_std,distribution,pre-cutoff detailed game distributions across fixed windows,team 1 minus team 2,132,-1,training-fold preprocessing; unavailable/zero columns audited,no current/future tournament outcomes,candidate; requires ablation
diff_research_distribution_last7games_free_points_share_min,distribution,pre-cutoff detailed game distributions across fixed windows,team 1 minus team 2,132,-1,training-fold preprocessing; unavailable/zero columns audited,no current/future tournament outcomes,candidate; requires ablation
diff_research_distribution_last7games_free_points_share_max,distribution,pre-cutoff detailed game distributions across fixed windows,team 1 minus team 2,132,-1,training-fold preprocessing; unavailable/zero columns audited,no current/future tournament outcomes,candidate; requires ablation
diff_research_distribution_last7games_free_points_share_count,distribution,pre-cutoff detailed game distributions across fixed windows,team 1 minus team 2,132,-1,training-fold preprocessing; unavailable/zero columns audited,no current/future tournament outcomes,candidate; requires ablation
diff_research_distribution_last7games_free_points_share_q10,distribution,pre-cutoff detailed game distributions across fixed windows,team 1 minus team 2,132,-1,training-fold preprocessing; unavailable/zero columns audited,no current/future tournament outcomes,candidate; requires ablation
diff_research_distribution_last7games_free_points_share_q25,distribution,pre-cutoff detailed game distributions across fixed windows,team 1 minus team 2,132,-1,training-fold preprocessing; unavailable/zero columns audited,no current/future tournament outcomes,candidate; requires ablation
diff_research_distribution_last7games_free_points_share_q75,distribution,pre-cutoff detailed game distributions across fixed windows,team 1 minus team 2,132,-1,training-fold preprocessing; unavailable/zero columns audited,no current/future tournament outcomes,candidate; requires ablation
diff_research_distribution_last7games_free_points_share_q90,distribution,pre-cutoff detailed game distributions across fixed windows,team 1 minus team 2,132,-1,training-fold preprocessing; unavailable/zero columns audited,no current/future tournament outcomes,candidate; requires ablation
diff_research_distribution_last7games_free_points_share_iqr,distribution,pre-cutoff detailed game distributions across fixed windows,team 1 minus team 2,132,-1,training-fold preprocessing; unavailable/zero columns audited,no current/future tournament outcomes,candidate; requires ablation
diff_research_distribution_last7games_free_points_share_skew,distribution,pre-cutoff detailed game distributions across fixed windows,team 1 minus team 2,132,-1,training-fold preprocessing; unavailable/zero columns audited,no current/future tournament outcomes,candidate; requires ablation
diff_research_distribution_last7games_opp_free_points_share_mean,distribution,pre-cutoff detailed game distributions across fixed windows,team 1 minus team 2,132,-1,training-fold preprocessing; unavailable/zero columns audited,no current/future tournament outcomes,candidate; requires ablation
diff_research_distribution_last7games_opp_free_points_share_median,distribution,pre-cutoff detailed game distributions across fixed windows,team 1 minus team 2,132,-1,training-fold preprocessing; unavailable/zero columns audited,no current/future tournament outcomes,candidate; requires ablation
diff_research_distribution_last7games_opp_free_points_share_std,distribution,pre-cutoff detailed game distributions across fixed windows,team 1 minus team 2,132,-1,training-fold preprocessing; unavailable/zero columns audited,no current/future tournament outcomes,candidate; requires ablation
diff_research_distribution_last7games_opp_free_points_share_min,distribution,pre-cutoff detailed game distributions across fixed windows,team 1 minus team 2,132,-1,training-fold preprocessing; unavailable/zero columns audited,no current/future tournament outcomes,candidate; requires ablation
diff_research_distribution_last7games_opp_free_points_share_max,distribution,pre-cutoff detailed game distributions across fixed windows,team 1 minus team 2,132,-1,training-fold preprocessing; unavailable/zero columns audited,no current/future tournament outcomes,candidate; requires ablation
diff_research_distribution_last7games_opp_free_points_share_count,distribution,pre-cutoff detailed game distributions across fixed windows,team 1 minus team 2,132,-1,training-fold preprocessing; unavailable/zero columns audited,no current/future tournament outcomes,candidate; requires ablation
diff_research_distribution_last7games_opp_free_points_share_q10,distribution,pre-cutoff detailed game distributions across fixed windows,team 1 minus team 2,132,-1,training-fold preprocessing; unavailable/zero columns audited,no current/future tournament outcomes,candidate; requires ablation
diff_research_distribution_last7games_opp_free_points_share_q25,distribution,pre-cutoff detailed game distributions across fixed windows,team 1 minus team 2,132,-1,training-fold preprocessing; unavailable/zero columns audited,no current/future tournament outcomes,candidate; requires ablation
diff_research_distribution_last7games_opp_free_points_share_q75,distribution,pre-cutoff detailed game distributions across fixed windows,team 1 minus team 2,132,-1,training-fold preprocessing; unavailable/zero columns audited,no current/future tournament outcomes,candidate; requires ablation
diff_research_distribution_last7games_opp_free_points_share_q90,distribution,pre-cutoff detailed game distributions across fixed windows,team 1 minus team 2,132,-1,training-fold preprocessing; unavailable/zero columns audited,no current/future tournament outcomes,candidate; requires ablation
diff_research_distribution_last7games_opp_free_points_share_iqr,distribution,pre-cutoff detailed game distributions across fixed windows,team 1 minus team 2,132,-1,training-fold preprocessing; unavailable/zero columns audited,no current/future tournament outcomes,candidate; requires ablation
diff_research_distribution_last7games_opp_free_points_share_skew,distribution,pre-cutoff detailed game distributions across fixed windows,team 1 minus team 2,132,-1,training-fold preprocessing; unavailable/zero columns audited,no current/future tournament outcomes,candidate; requires ablation
diff_research_distribution_last7games_three_points_share_mean,distribution,pre-cutoff detailed game distributions across fixed windows,team 1 minus team 2,132,-1,training-fold preprocessing; unavailable/zero columns audited,no current/future tournament outcomes,candidate; requires ablation
diff_research_distribution_last7games_three_points_share_median,distribution,pre-cutoff detailed game distributions across fixed windows,team 1 minus team 2,132,-1,training-fold preprocessing; unavailable/zero columns audited,no current/future tournament outcomes,candidate; requires ablation
diff_research_distribution_last7games_three_points_share_std,distribution,pre-cutoff detailed game distributions across fixed windows,team 1 minus team 2,132,-1,training-fold preprocessing; unavailable/zero columns audited,no current/future tournament outcomes,candidate; requires ablation
diff_research_distribution_last7games_three_points_share_min,distribution,pre-cutoff detailed game distributions across fixed windows,team 1 minus team 2,132,-1,training-fold preprocessing; unavailable/zero columns audited,no current/future tournament outcomes,candidate; requires ablation
diff_research_distribution_last7games_three_points_share_max,distribution,pre-cutoff detailed game distributions across fixed windows,team 1 minus team 2,132,-1,training-fold preprocessing; unavailable/zero columns audited,no current/future tournament outcomes,candidate; requires ablation
diff_research_distribution_last7games_three_points_share_count,distribution,pre-cutoff detailed game distributions across fixed windows,team 1 minus team 2,132,-1,training-fold preprocessing; unavailable/zero columns audited,no current/future tournament outcomes,candidate; requires ablation
diff_research_distribution_last7games_three_points_share_q10,distribution,pre-cutoff detailed game distributions across fixed windows,team 1 minus team 2,132,-1,training-fold preprocessing; unavailable/zero columns audited,no current/future tournament outcomes,candidate; requires ablation
diff_research_distribution_last7games_three_points_share_q25,distribution,pre-cutoff detailed game distributions across fixed windows,team 1 minus team 2,132,-1,training-fold preprocessing; unavailable/zero columns audited,no current/future tournament outcomes,candidate; requires ablation
diff_research_distribution_last7games_three_points_share_q75,distribution,pre-cutoff detailed game distributions across fixed windows,team 1 minus team 2,132,-1,training-fold preprocessing; unavailable/zero columns audited,no current/future tournament outcomes,candidate; requires ablation
diff_research_distribution_last7games_three_points_share_q90,distribution,pre-cutoff detailed game distributions across fixed windows,team 1 minus team 2,132,-1,training-fold preprocessing; unavailable/zero columns audited,no current/future tournament outcomes,candidate; requires ablation
diff_research_distribution_last7games_three_points_share_iqr,distribution,pre-cutoff detailed game distributions across fixed windows,team 1 minus team 2,132,-1,training-fold preprocessing; unavailable/zero columns audited,no current/future tournament outcomes,candidate; requires ablation
diff_research_distribution_last7games_three_points_share_skew,distribution,pre-cutoff detailed game distributions across fixed windows,team 1 minus team 2,132,-1,training-fold preprocessing; unavailable/zero columns audited,no current/future tournament outcomes,candidate; requires ablation
diff_research_distribution_last7games_opp_three_points_share_mean,distribution,pre-cutoff detailed game distributions across fixed windows,team 1 minus team 2,132,-1,training-fold preprocessing; unavailable/zero columns audited,no current/future tournament outcomes,candidate; requires ablation
diff_research_distribution_last7games_opp_three_points_share_median,distribution,pre-cutoff detailed game distributions across fixed windows,team 1 minus team 2,132,-1,training-fold preprocessing; unavailable/zero columns audited,no current/future tournament outcomes,candidate; requires ablation
diff_research_distribution_last7games_opp_three_points_share_std,distribution,pre-cutoff detailed game distributions across fixed windows,team 1 minus team 2,132,-1,training-fold preprocessing; unavailable/zero columns audited,no current/future tournament outcomes,candidate; requires ablation
diff_research_distribution_last7games_opp_three_points_share_min,distribution,pre-cutoff detailed game distributions across fixed windows,team 1 minus team 2,132,-1,training-fold preprocessing; unavailable/zero columns audited,no current/future tournament outcomes,candidate; requires ablation
diff_research_distribution_last7games_opp_three_points_share_max,distribution,pre-cutoff detailed game distributions across fixed windows,team 1 minus team 2,132,-1,training-fold preprocessing; unavailable/zero columns audited,no current/future tournament outcomes,candidate; requires ablation
diff_research_distribution_last7games_opp_three_points_share_count,distribution,pre-cutoff detailed game distributions across fixed windows,team 1 minus team 2,132,-1,training-fold preprocessing; unavailable/zero columns audited,no current/future tournament outcomes,candidate; requires ablation
diff_research_distribution_last7games_opp_three_points_share_q10,distribution,pre-cutoff detailed game distributions across fixed windows,team 1 minus team 2,132,-1,training-fold preprocessing; unavailable/zero columns audited,no current/future tournament outcomes,candidate; requires ablation
diff_research_distribution_last7games_opp_three_points_share_q25,distribution,pre-cutoff detailed game distributions across fixed windows,team 1 minus team 2,132,-1,training-fold preprocessing; unavailable/zero columns audited,no current/future tournament outcomes,candidate; requires ablation
diff_research_distribution_last7games_opp_three_points_share_q75,distribution,pre-cutoff detailed game distributions across fixed windows,team 1 minus team 2,132,-1,training-fold preprocessing; unavailable/zero columns audited,no current/future tournament outcomes,candidate; requires ablation
diff_research_distribution_last7games_opp_three_points_share_q90,distribution,pre-cutoff detailed game distributions across fixed windows,team 1 minus team 2,132,-1,training-fold preprocessing; unavailable/zero columns audited,no current/future tournament outcomes,candidate; requires ablation
diff_research_distribution_last7games_opp_three_points_share_iqr,distribution,pre-cutoff detailed game distributions across fixed windows,team 1 minus team 2,132,-1,training-fold preprocessing; unavailable/zero columns audited,no current/future tournament outcomes,candidate; requires ablation
diff_research_distribution_last7games_opp_three_points_share_skew,distribution,pre-cutoff detailed game distributions across fixed windows,team 1 minus team 2,132,-1,training-fold preprocessing; unavailable/zero columns audited,no current/future tournament outcomes,candidate; requires ablation
diff_research_distribution_last7games_possession_gap_mean,distribution,pre-cutoff detailed game distributions across fixed windows,team 1 minus team 2,132,-1,training-fold preprocessing; unavailable/zero columns audited,no current/future tournament outcomes,candidate; requires ablation
diff_research_distribution_last7games_possession_gap_median,distribution,pre-cutoff detailed game distributions across fixed windows,team 1 minus team 2,132,-1,training-fold preprocessing; unavailable/zero columns audited,no current/future tournament outcomes,candidate; requires ablation
diff_research_distribution_last7games_possession_gap_std,distribution,pre-cutoff detailed game distributions across fixed windows,team 1 minus team 2,132,-1,training-fold preprocessing; unavailable/zero columns audited,no current/future tournament outcomes,candidate; requires ablation
diff_research_distribution_last7games_possession_gap_min,distribution,pre-cutoff detailed game distributions across fixed windows,team 1 minus team 2,132,-1,training-fold preprocessing; unavailable/zero columns audited,no current/future tournament outcomes,candidate; requires ablation
diff_research_distribution_last7games_possession_gap_max,distribution,pre-cutoff detailed game distributions across fixed windows,team 1 minus team 2,132,-1,training-fold preprocessing; unavailable/zero columns audited,no current/future tournament outcomes,candidate; requires ablation
diff_research_distribution_last7games_possession_gap_count,distribution,pre-cutoff detailed game distributions across fixed windows,team 1 minus team 2,132,-1,training-fold preprocessing; unavailable/zero columns audited,no current/future tournament outcomes,candidate; requires ablation
diff_research_distribution_last7games_possession_gap_q10,distribution,pre-cutoff detailed game distributions across fixed windows,team 1 minus team 2,132,-1,training-fold preprocessing; unavailable/zero columns audited,no current/future tournament outcomes,candidate; requires ablation
diff_research_distribution_last7games_possession_gap_q25,distribution,pre-cutoff detailed game distributions across fixed windows,team 1 minus team 2,132,-1,training-fold preprocessing; unavailable/zero columns audited,no current/future tournament outcomes,candidate; requires ablation
diff_research_distribution_last7games_possession_gap_q75,distribution,pre-cutoff detailed game distributions across fixed windows,team 1 minus team 2,132,-1,training-fold preprocessing; unavailable/zero columns audited,no current/future tournament outcomes,candidate; requires ablation
diff_research_distribution_last7games_possession_gap_q90,distribution,pre-cutoff detailed game distributions across fixed windows,team 1 minus team 2,132,-1,training-fold preprocessing; unavailable/zero columns audited,no current/future tournament outcomes,candidate; requires ablation
diff_research_distribution_last7games_possession_gap_iqr,distribution,pre-cutoff detailed game distributions across fixed windows,team 1 minus team 2,132,-1,training-fold preprocessing; unavailable/zero columns audited,no current/future tournament outcomes,candidate; requires ablation
diff_research_distribution_last7games_possession_gap_skew,distribution,pre-cutoff detailed game distributions across fixed windows,team 1 minus team 2,132,-1,training-fold preprocessing; unavailable/zero columns audited,no current/future tournament outcomes,candidate; requires ablation
diff_research_distribution_last7games_win_mean,distribution,pre-cutoff detailed game distributions across fixed windows,team 1 minus team 2,132,-1,training-fold preprocessing; unavailable/zero columns audited,no current/future tournament outcomes,candidate; requires ablation
diff_research_distribution_last7games_win_median,distribution,pre-cutoff detailed game distributions across fixed windows,team 1 minus team 2,132,-1,training-fold preprocessing; unavailable/zero columns audited,no current/future tournament outcomes,candidate; requires ablation
diff_research_distribution_last7games_win_std,distribution,pre-cutoff detailed game distributions across fixed windows,team 1 minus team 2,132,-1,training-fold preprocessing; unavailable/zero columns audited,no current/future tournament outcomes,candidate; requires ablation
diff_research_distribution_last7games_win_min,distribution,pre-cutoff detailed game distributions across fixed windows,team 1 minus team 2,132,-1,training-fold preprocessing; unavailable/zero columns audited,no current/future tournament outcomes,candidate; requires ablation
diff_research_distribution_last7games_win_max,distribution,pre-cutoff detailed game distributions across fixed windows,team 1 minus team 2,132,-1,training-fold preprocessing; unavailable/zero columns audited,no current/future tournament outcomes,candidate; requires ablation
diff_research_distribution_last7games_win_count,distribution,pre-cutoff detailed game distributions across fixed windows,team 1 minus team 2,132,-1,training-fold preprocessing; unavailable/zero columns audited,no current/future tournament outcomes,candidate; requires ablation
diff_research_distribution_last7games_win_q10,distribution,pre-cutoff detailed game distributions across fixed windows,team 1 minus team 2,132,-1,training-fold preprocessing; unavailable/zero columns audited,no current/future tournament outcomes,candidate; requires ablation
diff_research_distribution_last7games_win_q25,distribution,pre-cutoff detailed game distributions across fixed windows,team 1 minus team 2,132,-1,training-fold preprocessing; unavailable/zero columns audited,no current/future tournament outcomes,candidate; requires ablation
diff_research_distribution_last7games_win_q75,distribution,pre-cutoff detailed game distributions across fixed windows,team 1 minus team 2,132,-1,training-fold preprocessing; unavailable/zero columns audited,no current/future tournament outcomes,candidate; requires ablation
diff_research_distribution_last7games_win_q90,distribution,pre-cutoff detailed game distributions across fixed windows,team 1 minus team 2,132,-1,training-fold preprocessing; unavailable/zero columns audited,no current/future tournament outcomes,candidate; requires ablation
diff_research_distribution_last7games_win_iqr,distribution,pre-cutoff detailed game distributions across fixed windows,team 1 minus team 2,132,-1,training-fold preprocessing; unavailable/zero columns audited,no current/future tournament outcomes,candidate; requires ablation
diff_research_distribution_last7games_win_skew,distribution,pre-cutoff detailed game distributions across fixed windows,team 1 minus team 2,132,-1,training-fold preprocessing; unavailable/zero columns audited,no current/future tournament outcomes,candidate; requires ablation
diff_research_distribution_last30days_margin_mean,distribution,pre-cutoff detailed game distributions across fixed windows,team 1 minus team 2,132,-1,training-fold preprocessing; unavailable/zero columns audited,no current/future tournament outcomes,candidate; requires ablation
diff_research_distribution_last30days_margin_median,distribution,pre-cutoff detailed game distributions across fixed windows,team 1 minus team 2,132,-1,training-fold preprocessing; unavailable/zero columns audited,no current/future tournament outcomes,candidate; requires ablation
diff_research_distribution_last30days_margin_std,distribution,pre-cutoff detailed game distributions across fixed windows,team 1 minus team 2,132,-1,training-fold preprocessing; unavailable/zero columns audited,no current/future tournament outcomes,candidate; requires ablation
diff_research_distribution_last30days_margin_min,distribution,pre-cutoff detailed game distributions across fixed windows,team 1 minus team 2,132,-1,training-fold preprocessing; unavailable/zero columns audited,no current/future tournament outcomes,candidate; requires ablation
diff_research_distribution_last30days_margin_max,distribution,pre-cutoff detailed game distributions across fixed windows,team 1 minus team 2,132,-1,training-fold preprocessing; unavailable/zero columns audited,no current/future tournament outcomes,candidate; requires ablation
diff_research_distribution_last30days_margin_count,distribution,pre-cutoff detailed game distributions across fixed windows,team 1 minus team 2,132,-1,training-fold preprocessing; unavailable/zero columns audited,no current/future tournament outcomes,candidate; requires ablation
diff_research_distribution_last30days_margin_q10,distribution,pre-cutoff detailed game distributions across fixed windows,team 1 minus team 2,132,-1,training-fold preprocessing; unavailable/zero columns audited,no current/future tournament outcomes,candidate; requires ablation
diff_research_distribution_last30days_margin_q25,distribution,pre-cutoff detailed game distributions across fixed windows,team 1 minus team 2,132,-1,training-fold preprocessing; unavailable/zero columns audited,no current/future tournament outcomes,candidate; requires ablation
diff_research_distribution_last30days_margin_q75,distribution,pre-cutoff detailed game distributions across fixed windows,team 1 minus team 2,132,-1,training-fold preprocessing; unavailable/zero columns audited,no current/future tournament outcomes,candidate; requires ablation
diff_research_distribution_last30days_margin_q90,distribution,pre-cutoff detailed game distributions across fixed windows,team 1 minus team 2,132,-1,training-fold preprocessing; unavailable/zero columns audited,no current/future tournament outcomes,candidate; requires ablation
diff_research_distribution_last30days_margin_iqr,distribution,pre-cutoff detailed game distributions across fixed windows,team 1 minus team 2,132,-1,training-fold preprocessing; unavailable/zero columns audited,no current/future tournament outcomes,candidate; requires ablation
diff_research_distribution_last30days_margin_skew,distribution,pre-cutoff detailed game distributions across fixed windows,team 1 minus team 2,132,-1,training-fold preprocessing; unavailable/zero columns audited,no current/future tournament outcomes,candidate; requires ablation
diff_research_distribution_last30days_points_mean,distribution,pre-cutoff detailed game distributions across fixed windows,team 1 minus team 2,132,-1,training-fold preprocessing; unavailable/zero columns audited,no current/future tournament outcomes,candidate; requires ablation
diff_research_distribution_last30days_points_median,distribution,pre-cutoff detailed game distributions across fixed windows,team 1 minus team 2,132,-1,training-fold preprocessing; unavailable/zero columns audited,no current/future tournament outcomes,candidate; requires ablation
diff_research_distribution_last30days_points_std,distribution,pre-cutoff detailed game distributions across fixed windows,team 1 minus team 2,132,-1,training-fold preprocessing; unavailable/zero columns audited,no current/future tournament outcomes,candidate; requires ablation
diff_research_distribution_last30days_points_min,distribution,pre-cutoff detailed game distributions across fixed windows,team 1 minus team 2,132,-1,training-fold preprocessing; unavailable/zero columns audited,no current/future tournament outcomes,candidate; requires ablation
diff_research_distribution_last30days_points_max,distribution,pre-cutoff detailed game distributions across fixed windows,team 1 minus team 2,132,-1,training-fold preprocessing; unavailable/zero columns audited,no current/future tournament outcomes,candidate; requires ablation
diff_research_distribution_last30days_points_count,distribution,pre-cutoff detailed game distributions across fixed windows,team 1 minus team 2,132,-1,training-fold preprocessing; unavailable/zero columns audited,no current/future tournament outcomes,candidate; requires ablation
diff_research_distribution_last30days_points_q10,distribution,pre-cutoff detailed game distributions across fixed windows,team 1 minus team 2,132,-1,training-fold preprocessing; unavailable/zero columns audited,no current/future tournament outcomes,candidate; requires ablation
diff_research_distribution_last30days_points_q25,distribution,pre-cutoff detailed game distributions across fixed windows,team 1 minus team 2,132,-1,training-fold preprocessing; unavailable/zero columns audited,no current/future tournament outcomes,candidate; requires ablation
diff_research_distribution_last30days_points_q75,distribution,pre-cutoff detailed game distributions across fixed windows,team 1 minus team 2,132,-1,training-fold preprocessing; unavailable/zero columns audited,no current/future tournament outcomes,candidate; requires ablation
diff_research_distribution_last30days_points_q90,distribution,pre-cutoff detailed game distributions across fixed windows,team 1 minus team 2,132,-1,training-fold preprocessing; unavailable/zero columns audited,no current/future tournament outcomes,candidate; requires ablation
diff_research_distribution_last30days_points_iqr,distribution,pre-cutoff detailed game distributions across fixed windows,team 1 minus team 2,132,-1,training-fold preprocessing; unavailable/zero columns audited,no current/future tournament outcomes,candidate; requires ablation
diff_research_distribution_last30days_points_skew,distribution,pre-cutoff detailed game distributions across fixed windows,team 1 minus team 2,132,-1,training-fold preprocessing; unavailable/zero columns audited,no current/future tournament outcomes,candidate; requires ablation
diff_research_distribution_last30days_allowed_mean,distribution,pre-cutoff detailed game distributions across fixed windows,team 1 minus team 2,132,-1,training-fold preprocessing; unavailable/zero columns audited,no current/future tournament outcomes,candidate; requires ablation
diff_research_distribution_last30days_allowed_median,distribution,pre-cutoff detailed game distributions across fixed windows,team 1 minus team 2,132,-1,training-fold preprocessing; unavailable/zero columns audited,no current/future tournament outcomes,candidate; requires ablation
diff_research_distribution_last30days_allowed_std,distribution,pre-cutoff detailed game distributions across fixed windows,team 1 minus team 2,132,-1,training-fold preprocessing; unavailable/zero columns audited,no current/future tournament outcomes,candidate; requires ablation
diff_research_distribution_last30days_allowed_min,distribution,pre-cutoff detailed game distributions across fixed windows,team 1 minus team 2,132,-1,training-fold preprocessing; unavailable/zero columns audited,no current/future tournament outcomes,candidate; requires ablation
diff_research_distribution_last30days_allowed_max,distribution,pre-cutoff detailed game distributions across fixed windows,team 1 minus team 2,132,-1,training-fold preprocessing; unavailable/zero columns audited,no current/future tournament outcomes,candidate; requires ablation
diff_research_distribution_last30days_allowed_count,distribution,pre-cutoff detailed game distributions across fixed windows,team 1 minus team 2,132,-1,training-fold preprocessing; unavailable/zero columns audited,no current/future tournament outcomes,candidate; requires ablation
diff_research_distribution_last30days_allowed_q10,distribution,pre-cutoff detailed game distributions across fixed windows,team 1 minus team 2,132,-1,training-fold preprocessing; unavailable/zero columns audited,no current/future tournament outcomes,candidate; requires ablation
diff_research_distribution_last30days_allowed_q25,distribution,pre-cutoff detailed game distributions across fixed windows,team 1 minus team 2,132,-1,training-fold preprocessing; unavailable/zero columns audited,no current/future tournament outcomes,candidate; requires ablation
diff_research_distribution_last30days_allowed_q75,distribution,pre-cutoff detailed game distributions across fixed windows,team 1 minus team 2,132,-1,training-fold preprocessing; unavailable/zero columns audited,no current/future tournament outcomes,candidate; requires ablation
diff_research_distribution_last30days_allowed_q90,distribution,pre-cutoff detailed game distributions across fixed windows,team 1 minus team 2,132,-1,training-fold preprocessing; unavailable/zero columns audited,no current/future tournament outcomes,candidate; requires ablation
diff_research_distribution_last30days_allowed_iqr,distribution,pre-cutoff detailed game distributions across fixed windows,team 1 minus team 2,132,-1,training-fold preprocessing; unavailable/zero columns audited,no current/future tournament outcomes,candidate; requires ablation
diff_research_distribution_last30days_allowed_skew,distribution,pre-cutoff detailed game distributions across fixed windows,team 1 minus team 2,132,-1,training-fold preprocessing; unavailable/zero columns audited,no current/future tournament outcomes,candidate; requires ablation
diff_research_distribution_last30days_efficiency_mean,distribution,pre-cutoff detailed game distributions across fixed windows,team 1 minus team 2,132,-1,training-fold preprocessing; unavailable/zero columns audited,no current/future tournament outcomes,candidate; requires ablation
diff_research_distribution_last30days_efficiency_median,distribution,pre-cutoff detailed game distributions across fixed windows,team 1 minus team 2,132,-1,training-fold preprocessing; unavailable/zero columns audited,no current/future tournament outcomes,candidate; requires ablation
diff_research_distribution_last30days_efficiency_std,distribution,pre-cutoff detailed game distributions across fixed windows,team 1 minus team 2,132,-1,training-fold preprocessing; unavailable/zero columns audited,no current/future tournament outcomes,candidate; requires ablation
diff_research_distribution_last30days_efficiency_min,distribution,pre-cutoff detailed game distributions across fixed windows,team 1 minus team 2,132,-1,training-fold preprocessing; unavailable/zero columns audited,no current/future tournament outcomes,candidate; requires ablation
diff_research_distribution_last30days_efficiency_max,distribution,pre-cutoff detailed game distributions across fixed windows,team 1 minus team 2,132,-1,training-fold preprocessing; unavailable/zero columns audited,no current/future tournament outcomes,candidate; requires ablation
diff_research_distribution_last30days_efficiency_count,distribution,pre-cutoff detailed game distributions across fixed windows,team 1 minus team 2,132,-1,training-fold preprocessing; unavailable/zero columns audited,no current/future tournament outcomes,candidate; requires ablation
diff_research_distribution_last30days_efficiency_q10,distribution,pre-cutoff detailed game distributions across fixed windows,team 1 minus team 2,132,-1,training-fold preprocessing; unavailable/zero columns audited,no current/future tournament outcomes,candidate; requires ablation
diff_research_distribution_last30days_efficiency_q25,distribution,pre-cutoff detailed game distributions across fixed windows,team 1 minus team 2,132,-1,training-fold preprocessing; unavailable/zero columns audited,no current/future tournament outcomes,candidate; requires ablation
diff_research_distribution_last30days_efficiency_q75,distribution,pre-cutoff detailed game distributions across fixed windows,team 1 minus team 2,132,-1,training-fold preprocessing; unavailable/zero columns audited,no current/future tournament outcomes,candidate; requires ablation
diff_research_distribution_last30days_efficiency_q90,distribution,pre-cutoff detailed game distributions across fixed windows,team 1 minus team 2,132,-1,training-fold preprocessing; unavailable/zero columns audited,no current/future tournament outcomes,candidate; requires ablation
diff_research_distribution_last30days_efficiency_iqr,distribution,pre-cutoff detailed game distributions across fixed windows,team 1 minus team 2,132,-1,training-fold preprocessing; unavailable/zero columns audited,no current/future tournament outcomes,candidate; requires ablation
diff_research_distribution_last30days_efficiency_skew,distribution,pre-cutoff detailed game distributions across fixed windows,team 1 minus team 2,132,-1,training-fold preprocessing; unavailable/zero columns audited,no current/future tournament outcomes,candidate; requires ablation
diff_research_distribution_last30days_allowed_efficiency_mean,distribution,pre-cutoff detailed game distributions across fixed windows,team 1 minus team 2,132,-1,training-fold preprocessing; unavailable/zero columns audited,no current/future tournament outcomes,candidate; requires ablation
diff_research_distribution_last30days_allowed_efficiency_median,distribution,pre-cutoff detailed game distributions across fixed windows,team 1 minus team 2,132,-1,training-fold preprocessing; unavailable/zero columns audited,no current/future tournament outcomes,candidate; requires ablation
diff_research_distribution_last30days_allowed_efficiency_std,distribution,pre-cutoff detailed game distributions across fixed windows,team 1 minus team 2,132,-1,training-fold preprocessing; unavailable/zero columns audited,no current/future tournament outcomes,candidate; requires ablation
diff_research_distribution_last30days_allowed_efficiency_min,distribution,pre-cutoff detailed game distributions across fixed windows,team 1 minus team 2,132,-1,training-fold preprocessing; unavailable/zero columns audited,no current/future tournament outcomes,candidate; requires ablation
diff_research_distribution_last30days_allowed_efficiency_max,distribution,pre-cutoff detailed game distributions across fixed windows,team 1 minus team 2,132,-1,training-fold preprocessing; unavailable/zero columns audited,no current/future tournament outcomes,candidate; requires ablation
diff_research_distribution_last30days_allowed_efficiency_count,distribution,pre-cutoff detailed game distributions across fixed windows,team 1 minus team 2,132,-1,training-fold preprocessing; unavailable/zero columns audited,no current/future tournament outcomes,candidate; requires ablation
diff_research_distribution_last30days_allowed_efficiency_q10,distribution,pre-cutoff detailed game distributions across fixed windows,team 1 minus team 2,132,-1,training-fold preprocessing; unavailable/zero columns audited,no current/future tournament outcomes,candidate; requires ablation
diff_research_distribution_last30days_allowed_efficiency_q25,distribution,pre-cutoff detailed game distributions across fixed windows,team 1 minus team 2,132,-1,training-fold preprocessing; unavailable/zero columns audited,no current/future tournament outcomes,candidate; requires ablation
diff_research_distribution_last30days_allowed_efficiency_q75,distribution,pre-cutoff detailed game distributions across fixed windows,team 1 minus team 2,132,-1,training-fold preprocessing; unavailable/zero columns audited,no current/future tournament outcomes,candidate; requires ablation
diff_research_distribution_last30days_allowed_efficiency_q90,distribution,pre-cutoff detailed game distributions across fixed windows,team 1 minus team 2,132,-1,training-fold preprocessing; unavailable/zero columns audited,no current/future tournament outcomes,candidate; requires ablation
diff_research_distribution_last30days_allowed_efficiency_iqr,distribution,pre-cutoff detailed game distributions across fixed windows,team 1 minus team 2,132,-1,training-fold preprocessing; unavailable/zero columns audited,no current/future tournament outcomes,candidate; requires ablation
diff_research_distribution_last30days_allowed_efficiency_skew,distribution,pre-cutoff detailed game distributions across fixed windows,team 1 minus team 2,132,-1,training-fold preprocessing; unavailable/zero columns audited,no current/future tournament outcomes,candidate; requires ablation
diff_research_distribution_last30days_tempo_mean,distribution,pre-cutoff detailed game distributions across fixed windows,team 1 minus team 2,132,-1,training-fold preprocessing; unavailable/zero columns audited,no current/future tournament outcomes,candidate; requires ablation
diff_research_distribution_last30days_tempo_median,distribution,pre-cutoff detailed game distributions across fixed windows,team 1 minus team 2,132,-1,training-fold preprocessing; unavailable/zero columns audited,no current/future tournament outcomes,candidate; requires ablation
diff_research_distribution_last30days_tempo_std,distribution,pre-cutoff detailed game distributions across fixed windows,team 1 minus team 2,132,-1,training-fold preprocessing; unavailable/zero columns audited,no current/future tournament outcomes,candidate; requires ablation
diff_research_distribution_last30days_tempo_min,distribution,pre-cutoff detailed game distributions across fixed windows,team 1 minus team 2,132,-1,training-fold preprocessing; unavailable/zero columns audited,no current/future tournament outcomes,candidate; requires ablation
diff_research_distribution_last30days_tempo_max,distribution,pre-cutoff detailed game distributions across fixed windows,team 1 minus team 2,132,-1,training-fold preprocessing; unavailable/zero columns audited,no current/future tournament outcomes,candidate; requires ablation
diff_research_distribution_last30days_tempo_count,distribution,pre-cutoff detailed game distributions across fixed windows,team 1 minus team 2,132,-1,training-fold preprocessing; unavailable/zero columns audited,no current/future tournament outcomes,candidate; requires ablation
diff_research_distribution_last30days_tempo_q10,distribution,pre-cutoff detailed game distributions across fixed windows,team 1 minus team 2,132,-1,training-fold preprocessing; unavailable/zero columns audited,no current/future tournament outcomes,candidate; requires ablation
diff_research_distribution_last30days_tempo_q25,distribution,pre-cutoff detailed game distributions across fixed windows,team 1 minus team 2,132,-1,training-fold preprocessing; unavailable/zero columns audited,no current/future tournament outcomes,candidate; requires ablation
diff_research_distribution_last30days_tempo_q75,distribution,pre-cutoff detailed game distributions across fixed windows,team 1 minus team 2,132,-1,training-fold preprocessing; unavailable/zero columns audited,no current/future tournament outcomes,candidate; requires ablation
diff_research_distribution_last30days_tempo_q90,distribution,pre-cutoff detailed game distributions across fixed windows,team 1 minus team 2,132,-1,training-fold preprocessing; unavailable/zero columns audited,no current/future tournament outcomes,candidate; requires ablation
diff_research_distribution_last30days_tempo_iqr,distribution,pre-cutoff detailed game distributions across fixed windows,team 1 minus team 2,132,-1,training-fold preprocessing; unavailable/zero columns audited,no current/future tournament outcomes,candidate; requires ablation
diff_research_distribution_last30days_tempo_skew,distribution,pre-cutoff detailed game distributions across fixed windows,team 1 minus team 2,132,-1,training-fold preprocessing; unavailable/zero columns audited,no current/future tournament outcomes,candidate; requires ablation
diff_research_distribution_last30days_efg_mean,distribution,pre-cutoff detailed game distributions across fixed windows,team 1 minus team 2,132,-1,training-fold preprocessing; unavailable/zero columns audited,no current/future tournament outcomes,candidate; requires ablation
diff_research_distribution_last30days_efg_median,distribution,pre-cutoff detailed game distributions across fixed windows,team 1 minus team 2,132,-1,training-fold preprocessing; unavailable/zero columns audited,no current/future tournament outcomes,candidate; requires ablation
diff_research_distribution_last30days_efg_std,distribution,pre-cutoff detailed game distributions across fixed windows,team 1 minus team 2,132,-1,training-fold preprocessing; unavailable/zero columns audited,no current/future tournament outcomes,candidate; requires ablation
diff_research_distribution_last30days_efg_min,distribution,pre-cutoff detailed game distributions across fixed windows,team 1 minus team 2,132,-1,training-fold preprocessing; unavailable/zero columns audited,no current/future tournament outcomes,candidate; requires ablation
diff_research_distribution_last30days_efg_max,distribution,pre-cutoff detailed game distributions across fixed windows,team 1 minus team 2,132,-1,training-fold preprocessing; unavailable/zero columns audited,no current/future tournament outcomes,candidate; requires ablation
diff_research_distribution_last30days_efg_count,distribution,pre-cutoff detailed game distributions across fixed windows,team 1 minus team 2,132,-1,training-fold preprocessing; unavailable/zero columns audited,no current/future tournament outcomes,candidate; requires ablation
diff_research_distribution_last30days_efg_q10,distribution,pre-cutoff detailed game distributions across fixed windows,team 1 minus team 2,132,-1,training-fold preprocessing; unavailable/zero columns audited,no current/future tournament outcomes,candidate; requires ablation
diff_research_distribution_last30days_efg_q25,distribution,pre-cutoff detailed game distributions across fixed windows,team 1 minus team 2,132,-1,training-fold preprocessing; unavailable/zero columns audited,no current/future tournament outcomes,candidate; requires ablation
diff_research_distribution_last30days_efg_q75,distribution,pre-cutoff detailed game distributions across fixed windows,team 1 minus team 2,132,-1,training-fold preprocessing; unavailable/zero columns audited,no current/future tournament outcomes,candidate; requires ablation
diff_research_distribution_last30days_efg_q90,distribution,pre-cutoff detailed game distributions across fixed windows,team 1 minus team 2,132,-1,training-fold preprocessing; unavailable/zero columns audited,no current/future tournament outcomes,candidate; requires ablation
diff_research_distribution_last30days_efg_iqr,distribution,pre-cutoff detailed game distributions across fixed windows,team 1 minus team 2,132,-1,training-fold preprocessing; unavailable/zero columns audited,no current/future tournament outcomes,candidate; requires ablation
diff_research_distribution_last30days_efg_skew,distribution,pre-cutoff detailed game distributions across fixed windows,team 1 minus team 2,132,-1,training-fold preprocessing; unavailable/zero columns audited,no current/future tournament outcomes,candidate; requires ablation
diff_research_distribution_last30days_opp_efg_mean,distribution,pre-cutoff detailed game distributions across fixed windows,team 1 minus team 2,132,-1,training-fold preprocessing; unavailable/zero columns audited,no current/future tournament outcomes,candidate; requires ablation
diff_research_distribution_last30days_opp_efg_median,distribution,pre-cutoff detailed game distributions across fixed windows,team 1 minus team 2,132,-1,training-fold preprocessing; unavailable/zero columns audited,no current/future tournament outcomes,candidate; requires ablation
diff_research_distribution_last30days_opp_efg_std,distribution,pre-cutoff detailed game distributions across fixed windows,team 1 minus team 2,132,-1,training-fold preprocessing; unavailable/zero columns audited,no current/future tournament outcomes,candidate; requires ablation
diff_research_distribution_last30days_opp_efg_min,distribution,pre-cutoff detailed game distributions across fixed windows,team 1 minus team 2,132,-1,training-fold preprocessing; unavailable/zero columns audited,no current/future tournament outcomes,candidate; requires ablation
diff_research_distribution_last30days_opp_efg_max,distribution,pre-cutoff detailed game distributions across fixed windows,team 1 minus team 2,132,-1,training-fold preprocessing; unavailable/zero columns audited,no current/future tournament outcomes,candidate; requires ablation
diff_research_distribution_last30days_opp_efg_count,distribution,pre-cutoff detailed game distributions across fixed windows,team 1 minus team 2,132,-1,training-fold preprocessing; unavailable/zero columns audited,no current/future tournament outcomes,candidate; requires ablation
diff_research_distribution_last30days_opp_efg_q10,distribution,pre-cutoff detailed game distributions across fixed windows,team 1 minus team 2,132,-1,training-fold preprocessing; unavailable/zero columns audited,no current/future tournament outcomes,candidate; requires ablation
diff_research_distribution_last30days_opp_efg_q25,distribution,pre-cutoff detailed game distributions across fixed windows,team 1 minus team 2,132,-1,training-fold preprocessing; unavailable/zero columns audited,no current/future tournament outcomes,candidate; requires ablation
diff_research_distribution_last30days_opp_efg_q75,distribution,pre-cutoff detailed game distributions across fixed windows,team 1 minus team 2,132,-1,training-fold preprocessing; unavailable/zero columns audited,no current/future tournament outcomes,candidate; requires ablation
diff_research_distribution_last30days_opp_efg_q90,distribution,pre-cutoff detailed game distributions across fixed windows,team 1 minus team 2,132,-1,training-fold preprocessing; unavailable/zero columns audited,no current/future tournament outcomes,candidate; requires ablation
diff_research_distribution_last30days_opp_efg_iqr,distribution,pre-cutoff detailed game distributions across fixed windows,team 1 minus team 2,132,-1,training-fold preprocessing; unavailable/zero columns audited,no current/future tournament outcomes,candidate; requires ablation
diff_research_distribution_last30days_opp_efg_skew,distribution,pre-cutoff detailed game distributions across fixed windows,team 1 minus team 2,132,-1,training-fold preprocessing; unavailable/zero columns audited,no current/future tournament outcomes,candidate; requires ablation
diff_research_distribution_last30days_tov_mean,distribution,pre-cutoff detailed game distributions across fixed windows,team 1 minus team 2,132,-1,training-fold preprocessing; unavailable/zero columns audited,no current/future tournament outcomes,candidate; requires ablation
diff_research_distribution_last30days_tov_median,distribution,pre-cutoff detailed game distributions across fixed windows,team 1 minus team 2,132,-1,training-fold preprocessing; unavailable/zero columns audited,no current/future tournament outcomes,candidate; requires ablation
diff_research_distribution_last30days_tov_std,distribution,pre-cutoff detailed game distributions across fixed windows,team 1 minus team 2,132,-1,training-fold preprocessing; unavailable/zero columns audited,no current/future tournament outcomes,candidate; requires ablation
diff_research_distribution_last30days_tov_min,distribution,pre-cutoff detailed game distributions across fixed windows,team 1 minus team 2,132,-1,training-fold preprocessing; unavailable/zero columns audited,no current/future tournament outcomes,candidate; requires ablation
diff_research_distribution_last30days_tov_max,distribution,pre-cutoff detailed game distributions across fixed windows,team 1 minus team 2,132,-1,training-fold preprocessing; unavailable/zero columns audited,no current/future tournament outcomes,candidate; requires ablation
diff_research_distribution_last30days_tov_count,distribution,pre-cutoff detailed game distributions across fixed windows,team 1 minus team 2,132,-1,training-fold preprocessing; unavailable/zero columns audited,no current/future tournament outcomes,candidate; requires ablation
diff_research_distribution_last30days_tov_q10,distribution,pre-cutoff detailed game distributions across fixed windows,team 1 minus team 2,132,-1,training-fold preprocessing; unavailable/zero columns audited,no current/future tournament outcomes,candidate; requires ablation
diff_research_distribution_last30days_tov_q25,distribution,pre-cutoff detailed game distributions across fixed windows,team 1 minus team 2,132,-1,training-fold preprocessing; unavailable/zero columns audited,no current/future tournament outcomes,candidate; requires ablation
diff_research_distribution_last30days_tov_q75,distribution,pre-cutoff detailed game distributions across fixed windows,team 1 minus team 2,132,-1,training-fold preprocessing; unavailable/zero columns audited,no current/future tournament outcomes,candidate; requires ablation
diff_research_distribution_last30days_tov_q90,distribution,pre-cutoff detailed game distributions across fixed windows,team 1 minus team 2,132,-1,training-fold preprocessing; unavailable/zero columns audited,no current/future tournament outcomes,candidate; requires ablation
diff_research_distribution_last30days_tov_iqr,distribution,pre-cutoff detailed game distributions across fixed windows,team 1 minus team 2,132,-1,training-fold preprocessing; unavailable/zero columns audited,no current/future tournament outcomes,candidate; requires ablation
diff_research_distribution_last30days_tov_skew,distribution,pre-cutoff detailed game distributions across fixed windows,team 1 minus team 2,132,-1,training-fold preprocessing; unavailable/zero columns audited,no current/future tournament outcomes,candidate; requires ablation
diff_research_distribution_last30days_opp_tov_mean,distribution,pre-cutoff detailed game distributions across fixed windows,team 1 minus team 2,132,-1,training-fold preprocessing; unavailable/zero columns audited,no current/future tournament outcomes,candidate; requires ablation
diff_research_distribution_last30days_opp_tov_median,distribution,pre-cutoff detailed game distributions across fixed windows,team 1 minus team 2,132,-1,training-fold preprocessing; unavailable/zero columns audited,no current/future tournament outcomes,candidate; requires ablation
diff_research_distribution_last30days_opp_tov_std,distribution,pre-cutoff detailed game distributions across fixed windows,team 1 minus team 2,132,-1,training-fold preprocessing; unavailable/zero columns audited,no current/future tournament outcomes,candidate; requires ablation
diff_research_distribution_last30days_opp_tov_min,distribution,pre-cutoff detailed game distributions across fixed windows,team 1 minus team 2,132,-1,training-fold preprocessing; unavailable/zero columns audited,no current/future tournament outcomes,candidate; requires ablation
diff_research_distribution_last30days_opp_tov_max,distribution,pre-cutoff detailed game distributions across fixed windows,team 1 minus team 2,132,-1,training-fold preprocessing; unavailable/zero columns audited,no current/future tournament outcomes,candidate; requires ablation
diff_research_distribution_last30days_opp_tov_count,distribution,pre-cutoff detailed game distributions across fixed windows,team 1 minus team 2,132,-1,training-fold preprocessing; unavailable/zero columns audited,no current/future tournament outcomes,candidate; requires ablation
diff_research_distribution_last30days_opp_tov_q10,distribution,pre-cutoff detailed game distributions across fixed windows,team 1 minus team 2,132,-1,training-fold preprocessing; unavailable/zero columns audited,no current/future tournament outcomes,candidate; requires ablation
diff_research_distribution_last30days_opp_tov_q25,distribution,pre-cutoff detailed game distributions across fixed windows,team 1 minus team 2,132,-1,training-fold preprocessing; unavailable/zero columns audited,no current/future tournament outcomes,candidate; requires ablation
diff_research_distribution_last30days_opp_tov_q75,distribution,pre-cutoff detailed game distributions across fixed windows,team 1 minus team 2,132,-1,training-fold preprocessing; unavailable/zero columns audited,no current/future tournament outcomes,candidate; requires ablation
diff_research_distribution_last30days_opp_tov_q90,distribution,pre-cutoff detailed game distributions across fixed windows,team 1 minus team 2,132,-1,training-fold preprocessing; unavailable/zero columns audited,no current/future tournament outcomes,candidate; requires ablation
diff_research_distribution_last30days_opp_tov_iqr,distribution,pre-cutoff detailed game distributions across fixed windows,team 1 minus team 2,132,-1,training-fold preprocessing; unavailable/zero columns audited,no current/future tournament outcomes,candidate; requires ablation
diff_research_distribution_last30days_opp_tov_skew,distribution,pre-cutoff detailed game distributions across fixed windows,team 1 minus team 2,132,-1,training-fold preprocessing; unavailable/zero columns audited,no current/future tournament outcomes,candidate; requires ablation
diff_research_distribution_last30days_orb_mean,distribution,pre-cutoff detailed game distributions across fixed windows,team 1 minus team 2,132,-1,training-fold preprocessing; unavailable/zero columns audited,no current/future tournament outcomes,candidate; requires ablation
diff_research_distribution_last30days_orb_median,distribution,pre-cutoff detailed game distributions across fixed windows,team 1 minus team 2,132,-1,training-fold preprocessing; unavailable/zero columns audited,no current/future tournament outcomes,candidate; requires ablation
diff_research_distribution_last30days_orb_std,distribution,pre-cutoff detailed game distributions across fixed windows,team 1 minus team 2,132,-1,training-fold preprocessing; unavailable/zero columns audited,no current/future tournament outcomes,candidate; requires ablation
diff_research_distribution_last30days_orb_min,distribution,pre-cutoff detailed game distributions across fixed windows,team 1 minus team 2,132,-1,training-fold preprocessing; unavailable/zero columns audited,no current/future tournament outcomes,candidate; requires ablation
diff_research_distribution_last30days_orb_max,distribution,pre-cutoff detailed game distributions across fixed windows,team 1 minus team 2,132,-1,training-fold preprocessing; unavailable/zero columns audited,no current/future tournament outcomes,candidate; requires ablation
diff_research_distribution_last30days_orb_count,distribution,pre-cutoff detailed game distributions across fixed windows,team 1 minus team 2,132,-1,training-fold preprocessing; unavailable/zero columns audited,no current/future tournament outcomes,candidate; requires ablation
diff_research_distribution_last30days_orb_q10,distribution,pre-cutoff detailed game distributions across fixed windows,team 1 minus team 2,132,-1,training-fold preprocessing; unavailable/zero columns audited,no current/future tournament outcomes,candidate; requires ablation
diff_research_distribution_last30days_orb_q25,distribution,pre-cutoff detailed game distributions across fixed windows,team 1 minus team 2,132,-1,training-fold preprocessing; unavailable/zero columns audited,no current/future tournament outcomes,candidate; requires ablation
diff_research_distribution_last30days_orb_q75,distribution,pre-cutoff detailed game distributions across fixed windows,team 1 minus team 2,132,-1,training-fold preprocessing; unavailable/zero columns audited,no current/future tournament outcomes,candidate; requires ablation
diff_research_distribution_last30days_orb_q90,distribution,pre-cutoff detailed game distributions across fixed windows,team 1 minus team 2,132,-1,training-fold preprocessing; unavailable/zero columns audited,no current/future tournament outcomes,candidate; requires ablation
diff_research_distribution_last30days_orb_iqr,distribution,pre-cutoff detailed game distributions across fixed windows,team 1 minus team 2,132,-1,training-fold preprocessing; unavailable/zero columns audited,no current/future tournament outcomes,candidate; requires ablation
diff_research_distribution_last30days_orb_skew,distribution,pre-cutoff detailed game distributions across fixed windows,team 1 minus team 2,132,-1,training-fold preprocessing; unavailable/zero columns audited,no current/future tournament outcomes,candidate; requires ablation
diff_research_distribution_last30days_opp_orb_mean,distribution,pre-cutoff detailed game distributions across fixed windows,team 1 minus team 2,132,-1,training-fold preprocessing; unavailable/zero columns audited,no current/future tournament outcomes,candidate; requires ablation
diff_research_distribution_last30days_opp_orb_median,distribution,pre-cutoff detailed game distributions across fixed windows,team 1 minus team 2,132,-1,training-fold preprocessing; unavailable/zero columns audited,no current/future tournament outcomes,candidate; requires ablation
diff_research_distribution_last30days_opp_orb_std,distribution,pre-cutoff detailed game distributions across fixed windows,team 1 minus team 2,132,-1,training-fold preprocessing; unavailable/zero columns audited,no current/future tournament outcomes,candidate; requires ablation
diff_research_distribution_last30days_opp_orb_min,distribution,pre-cutoff detailed game distributions across fixed windows,team 1 minus team 2,132,-1,training-fold preprocessing; unavailable/zero columns audited,no current/future tournament outcomes,candidate; requires ablation
diff_research_distribution_last30days_opp_orb_max,distribution,pre-cutoff detailed game distributions across fixed windows,team 1 minus team 2,132,-1,training-fold preprocessing; unavailable/zero columns audited,no current/future tournament outcomes,candidate; requires ablation
diff_research_distribution_last30days_opp_orb_count,distribution,pre-cutoff detailed game distributions across fixed windows,team 1 minus team 2,132,-1,training-fold preprocessing; unavailable/zero columns audited,no current/future tournament outcomes,candidate; requires ablation
diff_research_distribution_last30days_opp_orb_q10,distribution,pre-cutoff detailed game distributions across fixed windows,team 1 minus team 2,132,-1,training-fold preprocessing; unavailable/zero columns audited,no current/future tournament outcomes,candidate; requires ablation
diff_research_distribution_last30days_opp_orb_q25,distribution,pre-cutoff detailed game distributions across fixed windows,team 1 minus team 2,132,-1,training-fold preprocessing; unavailable/zero columns audited,no current/future tournament outcomes,candidate; requires ablation
diff_research_distribution_last30days_opp_orb_q75,distribution,pre-cutoff detailed game distributions across fixed windows,team 1 minus team 2,132,-1,training-fold preprocessing; unavailable/zero columns audited,no current/future tournament outcomes,candidate; requires ablation
diff_research_distribution_last30days_opp_orb_q90,distribution,pre-cutoff detailed game distributions across fixed windows,team 1 minus team 2,132,-1,training-fold preprocessing; unavailable/zero columns audited,no current/future tournament outcomes,candidate; requires ablation
diff_research_distribution_last30days_opp_orb_iqr,distribution,pre-cutoff detailed game distributions across fixed windows,team 1 minus team 2,132,-1,training-fold preprocessing; unavailable/zero columns audited,no current/future tournament outcomes,candidate; requires ablation
diff_research_distribution_last30days_opp_orb_skew,distribution,pre-cutoff detailed game distributions across fixed windows,team 1 minus team 2,132,-1,training-fold preprocessing; unavailable/zero columns audited,no current/future tournament outcomes,candidate; requires ablation
diff_research_distribution_last30days_ftr_mean,distribution,pre-cutoff detailed game distributions across fixed windows,team 1 minus team 2,132,-1,training-fold preprocessing; unavailable/zero columns audited,no current/future tournament outcomes,candidate; requires ablation
diff_research_distribution_last30days_ftr_median,distribution,pre-cutoff detailed game distributions across fixed windows,team 1 minus team 2,132,-1,training-fold preprocessing; unavailable/zero columns audited,no current/future tournament outcomes,candidate; requires ablation
diff_research_distribution_last30days_ftr_std,distribution,pre-cutoff detailed game distributions across fixed windows,team 1 minus team 2,132,-1,training-fold preprocessing; unavailable/zero columns audited,no current/future tournament outcomes,candidate; requires ablation
diff_research_distribution_last30days_ftr_min,distribution,pre-cutoff detailed game distributions across fixed windows,team 1 minus team 2,132,-1,training-fold preprocessing; unavailable/zero columns audited,no current/future tournament outcomes,candidate; requires ablation
diff_research_distribution_last30days_ftr_max,distribution,pre-cutoff detailed game distributions across fixed windows,team 1 minus team 2,132,-1,training-fold preprocessing; unavailable/zero columns audited,no current/future tournament outcomes,candidate; requires ablation
diff_research_distribution_last30days_ftr_count,distribution,pre-cutoff detailed game distributions across fixed windows,team 1 minus team 2,132,-1,training-fold preprocessing; unavailable/zero columns audited,no current/future tournament outcomes,candidate; requires ablation
diff_research_distribution_last30days_ftr_q10,distribution,pre-cutoff detailed game distributions across fixed windows,team 1 minus team 2,132,-1,training-fold preprocessing; unavailable/zero columns audited,no current/future tournament outcomes,candidate; requires ablation
diff_research_distribution_last30days_ftr_q25,distribution,pre-cutoff detailed game distributions across fixed windows,team 1 minus team 2,132,-1,training-fold preprocessing; unavailable/zero columns audited,no current/future tournament outcomes,candidate; requires ablation
diff_research_distribution_last30days_ftr_q75,distribution,pre-cutoff detailed game distributions across fixed windows,team 1 minus team 2,132,-1,training-fold preprocessing; unavailable/zero columns audited,no current/future tournament outcomes,candidate; requires ablation
diff_research_distribution_last30days_ftr_q90,distribution,pre-cutoff detailed game distributions across fixed windows,team 1 minus team 2,132,-1,training-fold preprocessing; unavailable/zero columns audited,no current/future tournament outcomes,candidate; requires ablation
diff_research_distribution_last30days_ftr_iqr,distribution,pre-cutoff detailed game distributions across fixed windows,team 1 minus team 2,132,-1,training-fold preprocessing; unavailable/zero columns audited,no current/future tournament outcomes,candidate; requires ablation
diff_research_distribution_last30days_ftr_skew,distribution,pre-cutoff detailed game distributions across fixed windows,team 1 minus team 2,132,-1,training-fold preprocessing; unavailable/zero columns audited,no current/future tournament outcomes,candidate; requires ablation
diff_research_distribution_last30days_opp_ftr_mean,distribution,pre-cutoff detailed game distributions across fixed windows,team 1 minus team 2,132,-1,training-fold preprocessing; unavailable/zero columns audited,no current/future tournament outcomes,candidate; requires ablation
diff_research_distribution_last30days_opp_ftr_median,distribution,pre-cutoff detailed game distributions across fixed windows,team 1 minus team 2,132,-1,training-fold preprocessing; unavailable/zero columns audited,no current/future tournament outcomes,candidate; requires ablation
diff_research_distribution_last30days_opp_ftr_std,distribution,pre-cutoff detailed game distributions across fixed windows,team 1 minus team 2,132,-1,training-fold preprocessing; unavailable/zero columns audited,no current/future tournament outcomes,candidate; requires ablation
diff_research_distribution_last30days_opp_ftr_min,distribution,pre-cutoff detailed game distributions across fixed windows,team 1 minus team 2,132,-1,training-fold preprocessing; unavailable/zero columns audited,no current/future tournament outcomes,candidate; requires ablation
diff_research_distribution_last30days_opp_ftr_max,distribution,pre-cutoff detailed game distributions across fixed windows,team 1 minus team 2,132,-1,training-fold preprocessing; unavailable/zero columns audited,no current/future tournament outcomes,candidate; requires ablation
diff_research_distribution_last30days_opp_ftr_count,distribution,pre-cutoff detailed game distributions across fixed windows,team 1 minus team 2,132,-1,training-fold preprocessing; unavailable/zero columns audited,no current/future tournament outcomes,candidate; requires ablation
diff_research_distribution_last30days_opp_ftr_q10,distribution,pre-cutoff detailed game distributions across fixed windows,team 1 minus team 2,132,-1,training-fold preprocessing; unavailable/zero columns audited,no current/future tournament outcomes,candidate; requires ablation
diff_research_distribution_last30days_opp_ftr_q25,distribution,pre-cutoff detailed game distributions across fixed windows,team 1 minus team 2,132,-1,training-fold preprocessing; unavailable/zero columns audited,no current/future tournament outcomes,candidate; requires ablation
diff_research_distribution_last30days_opp_ftr_q75,distribution,pre-cutoff detailed game distributions across fixed windows,team 1 minus team 2,132,-1,training-fold preprocessing; unavailable/zero columns audited,no current/future tournament outcomes,candidate; requires ablation
diff_research_distribution_last30days_opp_ftr_q90,distribution,pre-cutoff detailed game distributions across fixed windows,team 1 minus team 2,132,-1,training-fold preprocessing; unavailable/zero columns audited,no current/future tournament outcomes,candidate; requires ablation
diff_research_distribution_last30days_opp_ftr_iqr,distribution,pre-cutoff detailed game distributions across fixed windows,team 1 minus team 2,132,-1,training-fold preprocessing; unavailable/zero columns audited,no current/future tournament outcomes,candidate; requires ablation
diff_research_distribution_last30days_opp_ftr_skew,distribution,pre-cutoff detailed game distributions across fixed windows,team 1 minus team 2,132,-1,training-fold preprocessing; unavailable/zero columns audited,no current/future tournament outcomes,candidate; requires ablation
diff_research_distribution_last30days_three_share_mean,distribution,pre-cutoff detailed game distributions across fixed windows,team 1 minus team 2,132,-1,training-fold preprocessing; unavailable/zero columns audited,no current/future tournament outcomes,candidate; requires ablation
diff_research_distribution_last30days_three_share_median,distribution,pre-cutoff detailed game distributions across fixed windows,team 1 minus team 2,132,-1,training-fold preprocessing; unavailable/zero columns audited,no current/future tournament outcomes,candidate; requires ablation
diff_research_distribution_last30days_three_share_std,distribution,pre-cutoff detailed game distributions across fixed windows,team 1 minus team 2,132,-1,training-fold preprocessing; unavailable/zero columns audited,no current/future tournament outcomes,candidate; requires ablation
diff_research_distribution_last30days_three_share_min,distribution,pre-cutoff detailed game distributions across fixed windows,team 1 minus team 2,132,-1,training-fold preprocessing; unavailable/zero columns audited,no current/future tournament outcomes,candidate; requires ablation
diff_research_distribution_last30days_three_share_max,distribution,pre-cutoff detailed game distributions across fixed windows,team 1 minus team 2,132,-1,training-fold preprocessing; unavailable/zero columns audited,no current/future tournament outcomes,candidate; requires ablation
diff_research_distribution_last30days_three_share_count,distribution,pre-cutoff detailed game distributions across fixed windows,team 1 minus team 2,132,-1,training-fold preprocessing; unavailable/zero columns audited,no current/future tournament outcomes,candidate; requires ablation
diff_research_distribution_last30days_three_share_q10,distribution,pre-cutoff detailed game distributions across fixed windows,team 1 minus team 2,132,-1,training-fold preprocessing; unavailable/zero columns audited,no current/future tournament outcomes,candidate; requires ablation
diff_research_distribution_last30days_three_share_q25,distribution,pre-cutoff detailed game distributions across fixed windows,team 1 minus team 2,132,-1,training-fold preprocessing; unavailable/zero columns audited,no current/future tournament outcomes,candidate; requires ablation
diff_research_distribution_last30days_three_share_q75,distribution,pre-cutoff detailed game distributions across fixed windows,team 1 minus team 2,132,-1,training-fold preprocessing; unavailable/zero columns audited,no current/future tournament outcomes,candidate; requires ablation
diff_research_distribution_last30days_three_share_q90,distribution,pre-cutoff detailed game distributions across fixed windows,team 1 minus team 2,132,-1,training-fold preprocessing; unavailable/zero columns audited,no current/future tournament outcomes,candidate; requires ablation
diff_research_distribution_last30days_three_share_iqr,distribution,pre-cutoff detailed game distributions across fixed windows,team 1 minus team 2,132,-1,training-fold preprocessing; unavailable/zero columns audited,no current/future tournament outcomes,candidate; requires ablation
diff_research_distribution_last30days_three_share_skew,distribution,pre-cutoff detailed game distributions across fixed windows,team 1 minus team 2,132,-1,training-fold preprocessing; unavailable/zero columns audited,no current/future tournament outcomes,candidate; requires ablation
diff_research_distribution_last30days_opp_three_share_mean,distribution,pre-cutoff detailed game distributions across fixed windows,team 1 minus team 2,132,-1,training-fold preprocessing; unavailable/zero columns audited,no current/future tournament outcomes,candidate; requires ablation
diff_research_distribution_last30days_opp_three_share_median,distribution,pre-cutoff detailed game distributions across fixed windows,team 1 minus team 2,132,-1,training-fold preprocessing; unavailable/zero columns audited,no current/future tournament outcomes,candidate; requires ablation
diff_research_distribution_last30days_opp_three_share_std,distribution,pre-cutoff detailed game distributions across fixed windows,team 1 minus team 2,132,-1,training-fold preprocessing; unavailable/zero columns audited,no current/future tournament outcomes,candidate; requires ablation
diff_research_distribution_last30days_opp_three_share_min,distribution,pre-cutoff detailed game distributions across fixed windows,team 1 minus team 2,132,-1,training-fold preprocessing; unavailable/zero columns audited,no current/future tournament outcomes,candidate; requires ablation
diff_research_distribution_last30days_opp_three_share_max,distribution,pre-cutoff detailed game distributions across fixed windows,team 1 minus team 2,132,-1,training-fold preprocessing; unavailable/zero columns audited,no current/future tournament outcomes,candidate; requires ablation
diff_research_distribution_last30days_opp_three_share_count,distribution,pre-cutoff detailed game distributions across fixed windows,team 1 minus team 2,132,-1,training-fold preprocessing; unavailable/zero columns audited,no current/future tournament outcomes,candidate; requires ablation
diff_research_distribution_last30days_opp_three_share_q10,distribution,pre-cutoff detailed game distributions across fixed windows,team 1 minus team 2,132,-1,training-fold preprocessing; unavailable/zero columns audited,no current/future tournament outcomes,candidate; requires ablation
diff_research_distribution_last30days_opp_three_share_q25,distribution,pre-cutoff detailed game distributions across fixed windows,team 1 minus team 2,132,-1,training-fold preprocessing; unavailable/zero columns audited,no current/future tournament outcomes,candidate; requires ablation
diff_research_distribution_last30days_opp_three_share_q75,distribution,pre-cutoff detailed game distributions across fixed windows,team 1 minus team 2,132,-1,training-fold preprocessing; unavailable/zero columns audited,no current/future tournament outcomes,candidate; requires ablation
diff_research_distribution_last30days_opp_three_share_q90,distribution,pre-cutoff detailed game distributions across fixed windows,team 1 minus team 2,132,-1,training-fold preprocessing; unavailable/zero columns audited,no current/future tournament outcomes,candidate; requires ablation
diff_research_distribution_last30days_opp_three_share_iqr,distribution,pre-cutoff detailed game distributions across fixed windows,team 1 minus team 2,132,-1,training-fold preprocessing; unavailable/zero columns audited,no current/future tournament outcomes,candidate; requires ablation
diff_research_distribution_last30days_opp_three_share_skew,distribution,pre-cutoff detailed game distributions across fixed windows,team 1 minus team 2,132,-1,training-fold preprocessing; unavailable/zero columns audited,no current/future tournament outcomes,candidate; requires ablation
diff_research_distribution_last30days_three_accuracy_mean,distribution,pre-cutoff detailed game distributions across fixed windows,team 1 minus team 2,132,-1,training-fold preprocessing; unavailable/zero columns audited,no current/future tournament outcomes,candidate; requires ablation
diff_research_distribution_last30days_three_accuracy_median,distribution,pre-cutoff detailed game distributions across fixed windows,team 1 minus team 2,132,-1,training-fold preprocessing; unavailable/zero columns audited,no current/future tournament outcomes,candidate; requires ablation
diff_research_distribution_last30days_three_accuracy_std,distribution,pre-cutoff detailed game distributions across fixed windows,team 1 minus team 2,132,-1,training-fold preprocessing; unavailable/zero columns audited,no current/future tournament outcomes,candidate; requires ablation
diff_research_distribution_last30days_three_accuracy_min,distribution,pre-cutoff detailed game distributions across fixed windows,team 1 minus team 2,132,-1,training-fold preprocessing; unavailable/zero columns audited,no current/future tournament outcomes,candidate; requires ablation
diff_research_distribution_last30days_three_accuracy_max,distribution,pre-cutoff detailed game distributions across fixed windows,team 1 minus team 2,132,-1,training-fold preprocessing; unavailable/zero columns audited,no current/future tournament outcomes,candidate; requires ablation
diff_research_distribution_last30days_three_accuracy_count,distribution,pre-cutoff detailed game distributions across fixed windows,team 1 minus team 2,132,-1,training-fold preprocessing; unavailable/zero columns audited,no current/future tournament outcomes,candidate; requires ablation
diff_research_distribution_last30days_three_accuracy_q10,distribution,pre-cutoff detailed game distributions across fixed windows,team 1 minus team 2,132,-1,training-fold preprocessing; unavailable/zero columns audited,no current/future tournament outcomes,candidate; requires ablation
diff_research_distribution_last30days_three_accuracy_q25,distribution,pre-cutoff detailed game distributions across fixed windows,team 1 minus team 2,132,-1,training-fold preprocessing; unavailable/zero columns audited,no current/future tournament outcomes,candidate; requires ablation
diff_research_distribution_last30days_three_accuracy_q75,distribution,pre-cutoff detailed game distributions across fixed windows,team 1 minus team 2,132,-1,training-fold preprocessing; unavailable/zero columns audited,no current/future tournament outcomes,candidate; requires ablation
diff_research_distribution_last30days_three_accuracy_q90,distribution,pre-cutoff detailed game distributions across fixed windows,team 1 minus team 2,132,-1,training-fold preprocessing; unavailable/zero columns audited,no current/future tournament outcomes,candidate; requires ablation
diff_research_distribution_last30days_three_accuracy_iqr,distribution,pre-cutoff detailed game distributions across fixed windows,team 1 minus team 2,132,-1,training-fold preprocessing; unavailable/zero columns audited,no current/future tournament outcomes,candidate; requires ablation
diff_research_distribution_last30days_three_accuracy_skew,distribution,pre-cutoff detailed game distributions across fixed windows,team 1 minus team 2,132,-1,training-fold preprocessing; unavailable/zero columns audited,no current/future tournament outcomes,candidate; requires ablation
diff_research_distribution_last30days_opp_three_accuracy_mean,distribution,pre-cutoff detailed game distributions across fixed windows,team 1 minus team 2,132,-1,training-fold preprocessing; unavailable/zero columns audited,no current/future tournament outcomes,candidate; requires ablation
diff_research_distribution_last30days_opp_three_accuracy_median,distribution,pre-cutoff detailed game distributions across fixed windows,team 1 minus team 2,132,-1,training-fold preprocessing; unavailable/zero columns audited,no current/future tournament outcomes,candidate; requires ablation
diff_research_distribution_last30days_opp_three_accuracy_std,distribution,pre-cutoff detailed game distributions across fixed windows,team 1 minus team 2,132,-1,training-fold preprocessing; unavailable/zero columns audited,no current/future tournament outcomes,candidate; requires ablation
diff_research_distribution_last30days_opp_three_accuracy_min,distribution,pre-cutoff detailed game distributions across fixed windows,team 1 minus team 2,132,-1,training-fold preprocessing; unavailable/zero columns audited,no current/future tournament outcomes,candidate; requires ablation
diff_research_distribution_last30days_opp_three_accuracy_max,distribution,pre-cutoff detailed game distributions across fixed windows,team 1 minus team 2,132,-1,training-fold preprocessing; unavailable/zero columns audited,no current/future tournament outcomes,candidate; requires ablation
diff_research_distribution_last30days_opp_three_accuracy_count,distribution,pre-cutoff detailed game distributions across fixed windows,team 1 minus team 2,132,-1,training-fold preprocessing; unavailable/zero columns audited,no current/future tournament outcomes,candidate; requires ablation
diff_research_distribution_last30days_opp_three_accuracy_q10,distribution,pre-cutoff detailed game distributions across fixed windows,team 1 minus team 2,132,-1,training-fold preprocessing; unavailable/zero columns audited,no current/future tournament outcomes,candidate; requires ablation
diff_research_distribution_last30days_opp_three_accuracy_q25,distribution,pre-cutoff detailed game distributions across fixed windows,team 1 minus team 2,132,-1,training-fold preprocessing; unavailable/zero columns audited,no current/future tournament outcomes,candidate; requires ablation
diff_research_distribution_last30days_opp_three_accuracy_q75,distribution,pre-cutoff detailed game distributions across fixed windows,team 1 minus team 2,132,-1,training-fold preprocessing; unavailable/zero columns audited,no current/future tournament outcomes,candidate; requires ablation
diff_research_distribution_last30days_opp_three_accuracy_q90,distribution,pre-cutoff detailed game distributions across fixed windows,team 1 minus team 2,132,-1,training-fold preprocessing; unavailable/zero columns audited,no current/future tournament outcomes,candidate; requires ablation
diff_research_distribution_last30days_opp_three_accuracy_iqr,distribution,pre-cutoff detailed game distributions across fixed windows,team 1 minus team 2,132,-1,training-fold preprocessing; unavailable/zero columns audited,no current/future tournament outcomes,candidate; requires ablation
diff_research_distribution_last30days_opp_three_accuracy_skew,distribution,pre-cutoff detailed game distributions across fixed windows,team 1 minus team 2,132,-1,training-fold preprocessing; unavailable/zero columns audited,no current/future tournament outcomes,candidate; requires ablation
diff_research_distribution_last30days_two_accuracy_mean,distribution,pre-cutoff detailed game distributions across fixed windows,team 1 minus team 2,132,-1,training-fold preprocessing; unavailable/zero columns audited,no current/future tournament outcomes,candidate; requires ablation
diff_research_distribution_last30days_two_accuracy_median,distribution,pre-cutoff detailed game distributions across fixed windows,team 1 minus team 2,132,-1,training-fold preprocessing; unavailable/zero columns audited,no current/future tournament outcomes,candidate; requires ablation
diff_research_distribution_last30days_two_accuracy_std,distribution,pre-cutoff detailed game distributions across fixed windows,team 1 minus team 2,132,-1,training-fold preprocessing; unavailable/zero columns audited,no current/future tournament outcomes,candidate; requires ablation
diff_research_distribution_last30days_two_accuracy_min,distribution,pre-cutoff detailed game distributions across fixed windows,team 1 minus team 2,132,-1,training-fold preprocessing; unavailable/zero columns audited,no current/future tournament outcomes,candidate; requires ablation
diff_research_distribution_last30days_two_accuracy_max,distribution,pre-cutoff detailed game distributions across fixed windows,team 1 minus team 2,132,-1,training-fold preprocessing; unavailable/zero columns audited,no current/future tournament outcomes,candidate; requires ablation
diff_research_distribution_last30days_two_accuracy_count,distribution,pre-cutoff detailed game distributions across fixed windows,team 1 minus team 2,132,-1,training-fold preprocessing; unavailable/zero columns audited,no current/future tournament outcomes,candidate; requires ablation
diff_research_distribution_last30days_two_accuracy_q10,distribution,pre-cutoff detailed game distributions across fixed windows,team 1 minus team 2,132,-1,training-fold preprocessing; unavailable/zero columns audited,no current/future tournament outcomes,candidate; requires ablation
diff_research_distribution_last30days_two_accuracy_q25,distribution,pre-cutoff detailed game distributions across fixed windows,team 1 minus team 2,132,-1,training-fold preprocessing; unavailable/zero columns audited,no current/future tournament outcomes,candidate; requires ablation
diff_research_distribution_last30days_two_accuracy_q75,distribution,pre-cutoff detailed game distributions across fixed windows,team 1 minus team 2,132,-1,training-fold preprocessing; unavailable/zero columns audited,no current/future tournament outcomes,candidate; requires ablation
diff_research_distribution_last30days_two_accuracy_q90,distribution,pre-cutoff detailed game distributions across fixed windows,team 1 minus team 2,132,-1,training-fold preprocessing; unavailable/zero columns audited,no current/future tournament outcomes,candidate; requires ablation
diff_research_distribution_last30days_two_accuracy_iqr,distribution,pre-cutoff detailed game distributions across fixed windows,team 1 minus team 2,132,-1,training-fold preprocessing; unavailable/zero columns audited,no current/future tournament outcomes,candidate; requires ablation
diff_research_distribution_last30days_two_accuracy_skew,distribution,pre-cutoff detailed game distributions across fixed windows,team 1 minus team 2,132,-1,training-fold preprocessing; unavailable/zero columns audited,no current/future tournament outcomes,candidate; requires ablation
diff_research_distribution_last30days_opp_two_accuracy_mean,distribution,pre-cutoff detailed game distributions across fixed windows,team 1 minus team 2,132,-1,training-fold preprocessing; unavailable/zero columns audited,no current/future tournament outcomes,candidate; requires ablation
diff_research_distribution_last30days_opp_two_accuracy_median,distribution,pre-cutoff detailed game distributions across fixed windows,team 1 minus team 2,132,-1,training-fold preprocessing; unavailable/zero columns audited,no current/future tournament outcomes,candidate; requires ablation
diff_research_distribution_last30days_opp_two_accuracy_std,distribution,pre-cutoff detailed game distributions across fixed windows,team 1 minus team 2,132,-1,training-fold preprocessing; unavailable/zero columns audited,no current/future tournament outcomes,candidate; requires ablation
diff_research_distribution_last30days_opp_two_accuracy_min,distribution,pre-cutoff detailed game distributions across fixed windows,team 1 minus team 2,132,-1,training-fold preprocessing; unavailable/zero columns audited,no current/future tournament outcomes,candidate; requires ablation
diff_research_distribution_last30days_opp_two_accuracy_max,distribution,pre-cutoff detailed game distributions across fixed windows,team 1 minus team 2,132,-1,training-fold preprocessing; unavailable/zero columns audited,no current/future tournament outcomes,candidate; requires ablation
diff_research_distribution_last30days_opp_two_accuracy_count,distribution,pre-cutoff detailed game distributions across fixed windows,team 1 minus team 2,132,-1,training-fold preprocessing; unavailable/zero columns audited,no current/future tournament outcomes,candidate; requires ablation
diff_research_distribution_last30days_opp_two_accuracy_q10,distribution,pre-cutoff detailed game distributions across fixed windows,team 1 minus team 2,132,-1,training-fold preprocessing; unavailable/zero columns audited,no current/future tournament outcomes,candidate; requires ablation
diff_research_distribution_last30days_opp_two_accuracy_q25,distribution,pre-cutoff detailed game distributions across fixed windows,team 1 minus team 2,132,-1,training-fold preprocessing; unavailable/zero columns audited,no current/future tournament outcomes,candidate; requires ablation
diff_research_distribution_last30days_opp_two_accuracy_q75,distribution,pre-cutoff detailed game distributions across fixed windows,team 1 minus team 2,132,-1,training-fold preprocessing; unavailable/zero columns audited,no current/future tournament outcomes,candidate; requires ablation
diff_research_distribution_last30days_opp_two_accuracy_q90,distribution,pre-cutoff detailed game distributions across fixed windows,team 1 minus team 2,132,-1,training-fold preprocessing; unavailable/zero columns audited,no current/future tournament outcomes,candidate; requires ablation
diff_research_distribution_last30days_opp_two_accuracy_iqr,distribution,pre-cutoff detailed game distributions across fixed windows,team 1 minus team 2,132,-1,training-fold preprocessing; unavailable/zero columns audited,no current/future tournament outcomes,candidate; requires ablation
diff_research_distribution_last30days_opp_two_accuracy_skew,distribution,pre-cutoff detailed game distributions across fixed windows,team 1 minus team 2,132,-1,training-fold preprocessing; unavailable/zero columns audited,no current/future tournament outcomes,candidate; requires ablation
diff_research_distribution_last30days_free_accuracy_mean,distribution,pre-cutoff detailed game distributions across fixed windows,team 1 minus team 2,132,-1,training-fold preprocessing; unavailable/zero columns audited,no current/future tournament outcomes,candidate; requires ablation
diff_research_distribution_last30days_free_accuracy_median,distribution,pre-cutoff detailed game distributions across fixed windows,team 1 minus team 2,132,-1,training-fold preprocessing; unavailable/zero columns audited,no current/future tournament outcomes,candidate; requires ablation
diff_research_distribution_last30days_free_accuracy_std,distribution,pre-cutoff detailed game distributions across fixed windows,team 1 minus team 2,132,-1,training-fold preprocessing; unavailable/zero columns audited,no current/future tournament outcomes,candidate; requires ablation
diff_research_distribution_last30days_free_accuracy_min,distribution,pre-cutoff detailed game distributions across fixed windows,team 1 minus team 2,132,-1,training-fold preprocessing; unavailable/zero columns audited,no current/future tournament outcomes,candidate; requires ablation
diff_research_distribution_last30days_free_accuracy_max,distribution,pre-cutoff detailed game distributions across fixed windows,team 1 minus team 2,132,-1,training-fold preprocessing; unavailable/zero columns audited,no current/future tournament outcomes,candidate; requires ablation
diff_research_distribution_last30days_free_accuracy_count,distribution,pre-cutoff detailed game distributions across fixed windows,team 1 minus team 2,132,-1,training-fold preprocessing; unavailable/zero columns audited,no current/future tournament outcomes,candidate; requires ablation
diff_research_distribution_last30days_free_accuracy_q10,distribution,pre-cutoff detailed game distributions across fixed windows,team 1 minus team 2,132,-1,training-fold preprocessing; unavailable/zero columns audited,no current/future tournament outcomes,candidate; requires ablation
diff_research_distribution_last30days_free_accuracy_q25,distribution,pre-cutoff detailed game distributions across fixed windows,team 1 minus team 2,132,-1,training-fold preprocessing; unavailable/zero columns audited,no current/future tournament outcomes,candidate; requires ablation
diff_research_distribution_last30days_free_accuracy_q75,distribution,pre-cutoff detailed game distributions across fixed windows,team 1 minus team 2,132,-1,training-fold preprocessing; unavailable/zero columns audited,no current/future tournament outcomes,candidate; requires ablation
diff_research_distribution_last30days_free_accuracy_q90,distribution,pre-cutoff detailed game distributions across fixed windows,team 1 minus team 2,132,-1,training-fold preprocessing; unavailable/zero columns audited,no current/future tournament outcomes,candidate; requires ablation
diff_research_distribution_last30days_free_accuracy_iqr,distribution,pre-cutoff detailed game distributions across fixed windows,team 1 minus team 2,132,-1,training-fold preprocessing; unavailable/zero columns audited,no current/future tournament outcomes,candidate; requires ablation
diff_research_distribution_last30days_free_accuracy_skew,distribution,pre-cutoff detailed game distributions across fixed windows,team 1 minus team 2,132,-1,training-fold preprocessing; unavailable/zero columns audited,no current/future tournament outcomes,candidate; requires ablation
diff_research_distribution_last30days_opp_free_accuracy_mean,distribution,pre-cutoff detailed game distributions across fixed windows,team 1 minus team 2,132,-1,training-fold preprocessing; unavailable/zero columns audited,no current/future tournament outcomes,candidate; requires ablation
diff_research_distribution_last30days_opp_free_accuracy_median,distribution,pre-cutoff detailed game distributions across fixed windows,team 1 minus team 2,132,-1,training-fold preprocessing; unavailable/zero columns audited,no current/future tournament outcomes,candidate; requires ablation
diff_research_distribution_last30days_opp_free_accuracy_std,distribution,pre-cutoff detailed game distributions across fixed windows,team 1 minus team 2,132,-1,training-fold preprocessing; unavailable/zero columns audited,no current/future tournament outcomes,candidate; requires ablation
diff_research_distribution_last30days_opp_free_accuracy_min,distribution,pre-cutoff detailed game distributions across fixed windows,team 1 minus team 2,132,-1,training-fold preprocessing; unavailable/zero columns audited,no current/future tournament outcomes,candidate; requires ablation
diff_research_distribution_last30days_opp_free_accuracy_max,distribution,pre-cutoff detailed game distributions across fixed windows,team 1 minus team 2,132,-1,training-fold preprocessing; unavailable/zero columns audited,no current/future tournament outcomes,candidate; requires ablation
diff_research_distribution_last30days_opp_free_accuracy_count,distribution,pre-cutoff detailed game distributions across fixed windows,team 1 minus team 2,132,-1,training-fold preprocessing; unavailable/zero columns audited,no current/future tournament outcomes,candidate; requires ablation
diff_research_distribution_last30days_opp_free_accuracy_q10,distribution,pre-cutoff detailed game distributions across fixed windows,team 1 minus team 2,132,-1,training-fold preprocessing; unavailable/zero columns audited,no current/future tournament outcomes,candidate; requires ablation
diff_research_distribution_last30days_opp_free_accuracy_q25,distribution,pre-cutoff detailed game distributions across fixed windows,team 1 minus team 2,132,-1,training-fold preprocessing; unavailable/zero columns audited,no current/future tournament outcomes,candidate; requires ablation
diff_research_distribution_last30days_opp_free_accuracy_q75,distribution,pre-cutoff detailed game distributions across fixed windows,team 1 minus team 2,132,-1,training-fold preprocessing; unavailable/zero columns audited,no current/future tournament outcomes,candidate; requires ablation
diff_research_distribution_last30days_opp_free_accuracy_q90,distribution,pre-cutoff detailed game distributions across fixed windows,team 1 minus team 2,132,-1,training-fold preprocessing; unavailable/zero columns audited,no current/future tournament outcomes,candidate; requires ablation
diff_research_distribution_last30days_opp_free_accuracy_iqr,distribution,pre-cutoff detailed game distributions across fixed windows,team 1 minus team 2,132,-1,training-fold preprocessing; unavailable/zero columns audited,no current/future tournament outcomes,candidate; requires ablation
diff_research_distribution_last30days_opp_free_accuracy_skew,distribution,pre-cutoff detailed game distributions across fixed windows,team 1 minus team 2,132,-1,training-fold preprocessing; unavailable/zero columns audited,no current/future tournament outcomes,candidate; requires ablation
diff_research_distribution_last30days_rebound_share_mean,distribution,pre-cutoff detailed game distributions across fixed windows,team 1 minus team 2,132,-1,training-fold preprocessing; unavailable/zero columns audited,no current/future tournament outcomes,candidate; requires ablation
diff_research_distribution_last30days_rebound_share_median,distribution,pre-cutoff detailed game distributions across fixed windows,team 1 minus team 2,132,-1,training-fold preprocessing; unavailable/zero columns audited,no current/future tournament outcomes,candidate; requires ablation
diff_research_distribution_last30days_rebound_share_std,distribution,pre-cutoff detailed game distributions across fixed windows,team 1 minus team 2,132,-1,training-fold preprocessing; unavailable/zero columns audited,no current/future tournament outcomes,candidate; requires ablation
diff_research_distribution_last30days_rebound_share_min,distribution,pre-cutoff detailed game distributions across fixed windows,team 1 minus team 2,132,-1,training-fold preprocessing; unavailable/zero columns audited,no current/future tournament outcomes,candidate; requires ablation
diff_research_distribution_last30days_rebound_share_max,distribution,pre-cutoff detailed game distributions across fixed windows,team 1 minus team 2,132,-1,training-fold preprocessing; unavailable/zero columns audited,no current/future tournament outcomes,candidate; requires ablation
diff_research_distribution_last30days_rebound_share_count,distribution,pre-cutoff detailed game distributions across fixed windows,team 1 minus team 2,132,-1,training-fold preprocessing; unavailable/zero columns audited,no current/future tournament outcomes,candidate; requires ablation
diff_research_distribution_last30days_rebound_share_q10,distribution,pre-cutoff detailed game distributions across fixed windows,team 1 minus team 2,132,-1,training-fold preprocessing; unavailable/zero columns audited,no current/future tournament outcomes,candidate; requires ablation
diff_research_distribution_last30days_rebound_share_q25,distribution,pre-cutoff detailed game distributions across fixed windows,team 1 minus team 2,132,-1,training-fold preprocessing; unavailable/zero columns audited,no current/future tournament outcomes,candidate; requires ablation
diff_research_distribution_last30days_rebound_share_q75,distribution,pre-cutoff detailed game distributions across fixed windows,team 1 minus team 2,132,-1,training-fold preprocessing; unavailable/zero columns audited,no current/future tournament outcomes,candidate; requires ablation
diff_research_distribution_last30days_rebound_share_q90,distribution,pre-cutoff detailed game distributions across fixed windows,team 1 minus team 2,132,-1,training-fold preprocessing; unavailable/zero columns audited,no current/future tournament outcomes,candidate; requires ablation
diff_research_distribution_last30days_rebound_share_iqr,distribution,pre-cutoff detailed game distributions across fixed windows,team 1 minus team 2,132,-1,training-fold preprocessing; unavailable/zero columns audited,no current/future tournament outcomes,candidate; requires ablation
diff_research_distribution_last30days_rebound_share_skew,distribution,pre-cutoff detailed game distributions across fixed windows,team 1 minus team 2,132,-1,training-fold preprocessing; unavailable/zero columns audited,no current/future tournament outcomes,candidate; requires ablation
diff_research_distribution_last30days_opp_rebound_share_mean,distribution,pre-cutoff detailed game distributions across fixed windows,team 1 minus team 2,132,-1,training-fold preprocessing; unavailable/zero columns audited,no current/future tournament outcomes,candidate; requires ablation
diff_research_distribution_last30days_opp_rebound_share_median,distribution,pre-cutoff detailed game distributions across fixed windows,team 1 minus team 2,132,-1,training-fold preprocessing; unavailable/zero columns audited,no current/future tournament outcomes,candidate; requires ablation
diff_research_distribution_last30days_opp_rebound_share_std,distribution,pre-cutoff detailed game distributions across fixed windows,team 1 minus team 2,132,-1,training-fold preprocessing; unavailable/zero columns audited,no current/future tournament outcomes,candidate; requires ablation
diff_research_distribution_last30days_opp_rebound_share_min,distribution,pre-cutoff detailed game distributions across fixed windows,team 1 minus team 2,132,-1,training-fold preprocessing; unavailable/zero columns audited,no current/future tournament outcomes,candidate; requires ablation
diff_research_distribution_last30days_opp_rebound_share_max,distribution,pre-cutoff detailed game distributions across fixed windows,team 1 minus team 2,132,-1,training-fold preprocessing; unavailable/zero columns audited,no current/future tournament outcomes,candidate; requires ablation
diff_research_distribution_last30days_opp_rebound_share_count,distribution,pre-cutoff detailed game distributions across fixed windows,team 1 minus team 2,132,-1,training-fold preprocessing; unavailable/zero columns audited,no current/future tournament outcomes,candidate; requires ablation
diff_research_distribution_last30days_opp_rebound_share_q10,distribution,pre-cutoff detailed game distributions across fixed windows,team 1 minus team 2,132,-1,training-fold preprocessing; unavailable/zero columns audited,no current/future tournament outcomes,candidate; requires ablation
diff_research_distribution_last30days_opp_rebound_share_q25,distribution,pre-cutoff detailed game distributions across fixed windows,team 1 minus team 2,132,-1,training-fold preprocessing; unavailable/zero columns audited,no current/future tournament outcomes,candidate; requires ablation
diff_research_distribution_last30days_opp_rebound_share_q75,distribution,pre-cutoff detailed game distributions across fixed windows,team 1 minus team 2,132,-1,training-fold preprocessing; unavailable/zero columns audited,no current/future tournament outcomes,candidate; requires ablation
diff_research_distribution_last30days_opp_rebound_share_q90,distribution,pre-cutoff detailed game distributions across fixed windows,team 1 minus team 2,132,-1,training-fold preprocessing; unavailable/zero columns audited,no current/future tournament outcomes,candidate; requires ablation
diff_research_distribution_last30days_opp_rebound_share_iqr,distribution,pre-cutoff detailed game distributions across fixed windows,team 1 minus team 2,132,-1,training-fold preprocessing; unavailable/zero columns audited,no current/future tournament outcomes,candidate; requires ablation
diff_research_distribution_last30days_opp_rebound_share_skew,distribution,pre-cutoff detailed game distributions across fixed windows,team 1 minus team 2,132,-1,training-fold preprocessing; unavailable/zero columns audited,no current/future tournament outcomes,candidate; requires ablation
diff_research_distribution_last30days_shot_volume_mean,distribution,pre-cutoff detailed game distributions across fixed windows,team 1 minus team 2,132,-1,training-fold preprocessing; unavailable/zero columns audited,no current/future tournament outcomes,candidate; requires ablation
diff_research_distribution_last30days_shot_volume_median,distribution,pre-cutoff detailed game distributions across fixed windows,team 1 minus team 2,132,-1,training-fold preprocessing; unavailable/zero columns audited,no current/future tournament outcomes,candidate; requires ablation
diff_research_distribution_last30days_shot_volume_std,distribution,pre-cutoff detailed game distributions across fixed windows,team 1 minus team 2,132,-1,training-fold preprocessing; unavailable/zero columns audited,no current/future tournament outcomes,candidate; requires ablation
diff_research_distribution_last30days_shot_volume_min,distribution,pre-cutoff detailed game distributions across fixed windows,team 1 minus team 2,132,-1,training-fold preprocessing; unavailable/zero columns audited,no current/future tournament outcomes,candidate; requires ablation
diff_research_distribution_last30days_shot_volume_max,distribution,pre-cutoff detailed game distributions across fixed windows,team 1 minus team 2,132,-1,training-fold preprocessing; unavailable/zero columns audited,no current/future tournament outcomes,candidate; requires ablation
diff_research_distribution_last30days_shot_volume_count,distribution,pre-cutoff detailed game distributions across fixed windows,team 1 minus team 2,132,-1,training-fold preprocessing; unavailable/zero columns audited,no current/future tournament outcomes,candidate; requires ablation
diff_research_distribution_last30days_shot_volume_q10,distribution,pre-cutoff detailed game distributions across fixed windows,team 1 minus team 2,132,-1,training-fold preprocessing; unavailable/zero columns audited,no current/future tournament outcomes,candidate; requires ablation
diff_research_distribution_last30days_shot_volume_q25,distribution,pre-cutoff detailed game distributions across fixed windows,team 1 minus team 2,132,-1,training-fold preprocessing; unavailable/zero columns audited,no current/future tournament outcomes,candidate; requires ablation
diff_research_distribution_last30days_shot_volume_q75,distribution,pre-cutoff detailed game distributions across fixed windows,team 1 minus team 2,132,-1,training-fold preprocessing; unavailable/zero columns audited,no current/future tournament outcomes,candidate; requires ablation
diff_research_distribution_last30days_shot_volume_q90,distribution,pre-cutoff detailed game distributions across fixed windows,team 1 minus team 2,132,-1,training-fold preprocessing; unavailable/zero columns audited,no current/future tournament outcomes,candidate; requires ablation
diff_research_distribution_last30days_shot_volume_iqr,distribution,pre-cutoff detailed game distributions across fixed windows,team 1 minus team 2,132,-1,training-fold preprocessing; unavailable/zero columns audited,no current/future tournament outcomes,candidate; requires ablation
diff_research_distribution_last30days_shot_volume_skew,distribution,pre-cutoff detailed game distributions across fixed windows,team 1 minus team 2,132,-1,training-fold preprocessing; unavailable/zero columns audited,no current/future tournament outcomes,candidate; requires ablation
diff_research_distribution_last30days_opp_shot_volume_mean,distribution,pre-cutoff detailed game distributions across fixed windows,team 1 minus team 2,132,-1,training-fold preprocessing; unavailable/zero columns audited,no current/future tournament outcomes,candidate; requires ablation
diff_research_distribution_last30days_opp_shot_volume_median,distribution,pre-cutoff detailed game distributions across fixed windows,team 1 minus team 2,132,-1,training-fold preprocessing; unavailable/zero columns audited,no current/future tournament outcomes,candidate; requires ablation
diff_research_distribution_last30days_opp_shot_volume_std,distribution,pre-cutoff detailed game distributions across fixed windows,team 1 minus team 2,132,-1,training-fold preprocessing; unavailable/zero columns audited,no current/future tournament outcomes,candidate; requires ablation
diff_research_distribution_last30days_opp_shot_volume_min,distribution,pre-cutoff detailed game distributions across fixed windows,team 1 minus team 2,132,-1,training-fold preprocessing; unavailable/zero columns audited,no current/future tournament outcomes,candidate; requires ablation
diff_research_distribution_last30days_opp_shot_volume_max,distribution,pre-cutoff detailed game distributions across fixed windows,team 1 minus team 2,132,-1,training-fold preprocessing; unavailable/zero columns audited,no current/future tournament outcomes,candidate; requires ablation
diff_research_distribution_last30days_opp_shot_volume_count,distribution,pre-cutoff detailed game distributions across fixed windows,team 1 minus team 2,132,-1,training-fold preprocessing; unavailable/zero columns audited,no current/future tournament outcomes,candidate; requires ablation
diff_research_distribution_last30days_opp_shot_volume_q10,distribution,pre-cutoff detailed game distributions across fixed windows,team 1 minus team 2,132,-1,training-fold preprocessing; unavailable/zero columns audited,no current/future tournament outcomes,candidate; requires ablation
diff_research_distribution_last30days_opp_shot_volume_q25,distribution,pre-cutoff detailed game distributions across fixed windows,team 1 minus team 2,132,-1,training-fold preprocessing; unavailable/zero columns audited,no current/future tournament outcomes,candidate; requires ablation
diff_research_distribution_last30days_opp_shot_volume_q75,distribution,pre-cutoff detailed game distributions across fixed windows,team 1 minus team 2,132,-1,training-fold preprocessing; unavailable/zero columns audited,no current/future tournament outcomes,candidate; requires ablation
diff_research_distribution_last30days_opp_shot_volume_q90,distribution,pre-cutoff detailed game distributions across fixed windows,team 1 minus team 2,132,-1,training-fold preprocessing; unavailable/zero columns audited,no current/future tournament outcomes,candidate; requires ablation
diff_research_distribution_last30days_opp_shot_volume_iqr,distribution,pre-cutoff detailed game distributions across fixed windows,team 1 minus team 2,132,-1,training-fold preprocessing; unavailable/zero columns audited,no current/future tournament outcomes,candidate; requires ablation
diff_research_distribution_last30days_opp_shot_volume_skew,distribution,pre-cutoff detailed game distributions across fixed windows,team 1 minus team 2,132,-1,training-fold preprocessing; unavailable/zero columns audited,no current/future tournament outcomes,candidate; requires ablation
diff_research_distribution_last30days_free_points_share_mean,distribution,pre-cutoff detailed game distributions across fixed windows,team 1 minus team 2,132,-1,training-fold preprocessing; unavailable/zero columns audited,no current/future tournament outcomes,candidate; requires ablation
diff_research_distribution_last30days_free_points_share_median,distribution,pre-cutoff detailed game distributions across fixed windows,team 1 minus team 2,132,-1,training-fold preprocessing; unavailable/zero columns audited,no current/future tournament outcomes,candidate; requires ablation
diff_research_distribution_last30days_free_points_share_std,distribution,pre-cutoff detailed game distributions across fixed windows,team 1 minus team 2,132,-1,training-fold preprocessing; unavailable/zero columns audited,no current/future tournament outcomes,candidate; requires ablation
diff_research_distribution_last30days_free_points_share_min,distribution,pre-cutoff detailed game distributions across fixed windows,team 1 minus team 2,132,-1,training-fold preprocessing; unavailable/zero columns audited,no current/future tournament outcomes,candidate; requires ablation
diff_research_distribution_last30days_free_points_share_max,distribution,pre-cutoff detailed game distributions across fixed windows,team 1 minus team 2,132,-1,training-fold preprocessing; unavailable/zero columns audited,no current/future tournament outcomes,candidate; requires ablation
diff_research_distribution_last30days_free_points_share_count,distribution,pre-cutoff detailed game distributions across fixed windows,team 1 minus team 2,132,-1,training-fold preprocessing; unavailable/zero columns audited,no current/future tournament outcomes,candidate; requires ablation
diff_research_distribution_last30days_free_points_share_q10,distribution,pre-cutoff detailed game distributions across fixed windows,team 1 minus team 2,132,-1,training-fold preprocessing; unavailable/zero columns audited,no current/future tournament outcomes,candidate; requires ablation
diff_research_distribution_last30days_free_points_share_q25,distribution,pre-cutoff detailed game distributions across fixed windows,team 1 minus team 2,132,-1,training-fold preprocessing; unavailable/zero columns audited,no current/future tournament outcomes,candidate; requires ablation
diff_research_distribution_last30days_free_points_share_q75,distribution,pre-cutoff detailed game distributions across fixed windows,team 1 minus team 2,132,-1,training-fold preprocessing; unavailable/zero columns audited,no current/future tournament outcomes,candidate; requires ablation
diff_research_distribution_last30days_free_points_share_q90,distribution,pre-cutoff detailed game distributions across fixed windows,team 1 minus team 2,132,-1,training-fold preprocessing; unavailable/zero columns audited,no current/future tournament outcomes,candidate; requires ablation
diff_research_distribution_last30days_free_points_share_iqr,distribution,pre-cutoff detailed game distributions across fixed windows,team 1 minus team 2,132,-1,training-fold preprocessing; unavailable/zero columns audited,no current/future tournament outcomes,candidate; requires ablation
diff_research_distribution_last30days_free_points_share_skew,distribution,pre-cutoff detailed game distributions across fixed windows,team 1 minus team 2,132,-1,training-fold preprocessing; unavailable/zero columns audited,no current/future tournament outcomes,candidate; requires ablation
diff_research_distribution_last30days_opp_free_points_share_mean,distribution,pre-cutoff detailed game distributions across fixed windows,team 1 minus team 2,132,-1,training-fold preprocessing; unavailable/zero columns audited,no current/future tournament outcomes,candidate; requires ablation
diff_research_distribution_last30days_opp_free_points_share_median,distribution,pre-cutoff detailed game distributions across fixed windows,team 1 minus team 2,132,-1,training-fold preprocessing; unavailable/zero columns audited,no current/future tournament outcomes,candidate; requires ablation
diff_research_distribution_last30days_opp_free_points_share_std,distribution,pre-cutoff detailed game distributions across fixed windows,team 1 minus team 2,132,-1,training-fold preprocessing; unavailable/zero columns audited,no current/future tournament outcomes,candidate; requires ablation
diff_research_distribution_last30days_opp_free_points_share_min,distribution,pre-cutoff detailed game distributions across fixed windows,team 1 minus team 2,132,-1,training-fold preprocessing; unavailable/zero columns audited,no current/future tournament outcomes,candidate; requires ablation
diff_research_distribution_last30days_opp_free_points_share_max,distribution,pre-cutoff detailed game distributions across fixed windows,team 1 minus team 2,132,-1,training-fold preprocessing; unavailable/zero columns audited,no current/future tournament outcomes,candidate; requires ablation
diff_research_distribution_last30days_opp_free_points_share_count,distribution,pre-cutoff detailed game distributions across fixed windows,team 1 minus team 2,132,-1,training-fold preprocessing; unavailable/zero columns audited,no current/future tournament outcomes,candidate; requires ablation
diff_research_distribution_last30days_opp_free_points_share_q10,distribution,pre-cutoff detailed game distributions across fixed windows,team 1 minus team 2,132,-1,training-fold preprocessing; unavailable/zero columns audited,no current/future tournament outcomes,candidate; requires ablation
diff_research_distribution_last30days_opp_free_points_share_q25,distribution,pre-cutoff detailed game distributions across fixed windows,team 1 minus team 2,132,-1,training-fold preprocessing; unavailable/zero columns audited,no current/future tournament outcomes,candidate; requires ablation
diff_research_distribution_last30days_opp_free_points_share_q75,distribution,pre-cutoff detailed game distributions across fixed windows,team 1 minus team 2,132,-1,training-fold preprocessing; unavailable/zero columns audited,no current/future tournament outcomes,candidate; requires ablation
diff_research_distribution_last30days_opp_free_points_share_q90,distribution,pre-cutoff detailed game distributions across fixed windows,team 1 minus team 2,132,-1,training-fold preprocessing; unavailable/zero columns audited,no current/future tournament outcomes,candidate; requires ablation
diff_research_distribution_last30days_opp_free_points_share_iqr,distribution,pre-cutoff detailed game distributions across fixed windows,team 1 minus team 2,132,-1,training-fold preprocessing; unavailable/zero columns audited,no current/future tournament outcomes,candidate; requires ablation
diff_research_distribution_last30days_opp_free_points_share_skew,distribution,pre-cutoff detailed game distributions across fixed windows,team 1 minus team 2,132,-1,training-fold preprocessing; unavailable/zero columns audited,no current/future tournament outcomes,candidate; requires ablation
diff_research_distribution_last30days_three_points_share_mean,distribution,pre-cutoff detailed game distributions across fixed windows,team 1 minus team 2,132,-1,training-fold preprocessing; unavailable/zero columns audited,no current/future tournament outcomes,candidate; requires ablation
diff_research_distribution_last30days_three_points_share_median,distribution,pre-cutoff detailed game distributions across fixed windows,team 1 minus team 2,132,-1,training-fold preprocessing; unavailable/zero columns audited,no current/future tournament outcomes,candidate; requires ablation
diff_research_distribution_last30days_three_points_share_std,distribution,pre-cutoff detailed game distributions across fixed windows,team 1 minus team 2,132,-1,training-fold preprocessing; unavailable/zero columns audited,no current/future tournament outcomes,candidate; requires ablation
diff_research_distribution_last30days_three_points_share_min,distribution,pre-cutoff detailed game distributions across fixed windows,team 1 minus team 2,132,-1,training-fold preprocessing; unavailable/zero columns audited,no current/future tournament outcomes,candidate; requires ablation
diff_research_distribution_last30days_three_points_share_max,distribution,pre-cutoff detailed game distributions across fixed windows,team 1 minus team 2,132,-1,training-fold preprocessing; unavailable/zero columns audited,no current/future tournament outcomes,candidate; requires ablation
diff_research_distribution_last30days_three_points_share_count,distribution,pre-cutoff detailed game distributions across fixed windows,team 1 minus team 2,132,-1,training-fold preprocessing; unavailable/zero columns audited,no current/future tournament outcomes,candidate; requires ablation
diff_research_distribution_last30days_three_points_share_q10,distribution,pre-cutoff detailed game distributions across fixed windows,team 1 minus team 2,132,-1,training-fold preprocessing; unavailable/zero columns audited,no current/future tournament outcomes,candidate; requires ablation
diff_research_distribution_last30days_three_points_share_q25,distribution,pre-cutoff detailed game distributions across fixed windows,team 1 minus team 2,132,-1,training-fold preprocessing; unavailable/zero columns audited,no current/future tournament outcomes,candidate; requires ablation
diff_research_distribution_last30days_three_points_share_q75,distribution,pre-cutoff detailed game distributions across fixed windows,team 1 minus team 2,132,-1,training-fold preprocessing; unavailable/zero columns audited,no current/future tournament outcomes,candidate; requires ablation
diff_research_distribution_last30days_three_points_share_q90,distribution,pre-cutoff detailed game distributions across fixed windows,team 1 minus team 2,132,-1,training-fold preprocessing; unavailable/zero columns audited,no current/future tournament outcomes,candidate; requires ablation
diff_research_distribution_last30days_three_points_share_iqr,distribution,pre-cutoff detailed game distributions across fixed windows,team 1 minus team 2,132,-1,training-fold preprocessing; unavailable/zero columns audited,no current/future tournament outcomes,candidate; requires ablation
diff_research_distribution_last30days_three_points_share_skew,distribution,pre-cutoff detailed game distributions across fixed windows,team 1 minus team 2,132,-1,training-fold preprocessing; unavailable/zero columns audited,no current/future tournament outcomes,candidate; requires ablation
diff_research_distribution_last30days_opp_three_points_share_mean,distribution,pre-cutoff detailed game distributions across fixed windows,team 1 minus team 2,132,-1,training-fold preprocessing; unavailable/zero columns audited,no current/future tournament outcomes,candidate; requires ablation
diff_research_distribution_last30days_opp_three_points_share_median,distribution,pre-cutoff detailed game distributions across fixed windows,team 1 minus team 2,132,-1,training-fold preprocessing; unavailable/zero columns audited,no current/future tournament outcomes,candidate; requires ablation
diff_research_distribution_last30days_opp_three_points_share_std,distribution,pre-cutoff detailed game distributions across fixed windows,team 1 minus team 2,132,-1,training-fold preprocessing; unavailable/zero columns audited,no current/future tournament outcomes,candidate; requires ablation
diff_research_distribution_last30days_opp_three_points_share_min,distribution,pre-cutoff detailed game distributions across fixed windows,team 1 minus team 2,132,-1,training-fold preprocessing; unavailable/zero columns audited,no current/future tournament outcomes,candidate; requires ablation
diff_research_distribution_last30days_opp_three_points_share_max,distribution,pre-cutoff detailed game distributions across fixed windows,team 1 minus team 2,132,-1,training-fold preprocessing; unavailable/zero columns audited,no current/future tournament outcomes,candidate; requires ablation
diff_research_distribution_last30days_opp_three_points_share_count,distribution,pre-cutoff detailed game distributions across fixed windows,team 1 minus team 2,132,-1,training-fold preprocessing; unavailable/zero columns audited,no current/future tournament outcomes,candidate; requires ablation
diff_research_distribution_last30days_opp_three_points_share_q10,distribution,pre-cutoff detailed game distributions across fixed windows,team 1 minus team 2,132,-1,training-fold preprocessing; unavailable/zero columns audited,no current/future tournament outcomes,candidate; requires ablation
diff_research_distribution_last30days_opp_three_points_share_q25,distribution,pre-cutoff detailed game distributions across fixed windows,team 1 minus team 2,132,-1,training-fold preprocessing; unavailable/zero columns audited,no current/future tournament outcomes,candidate; requires ablation
diff_research_distribution_last30days_opp_three_points_share_q75,distribution,pre-cutoff detailed game distributions across fixed windows,team 1 minus team 2,132,-1,training-fold preprocessing; unavailable/zero columns audited,no current/future tournament outcomes,candidate; requires ablation
diff_research_distribution_last30days_opp_three_points_share_q90,distribution,pre-cutoff detailed game distributions across fixed windows,team 1 minus team 2,132,-1,training-fold preprocessing; unavailable/zero columns audited,no current/future tournament outcomes,candidate; requires ablation
diff_research_distribution_last30days_opp_three_points_share_iqr,distribution,pre-cutoff detailed game distributions across fixed windows,team 1 minus team 2,132,-1,training-fold preprocessing; unavailable/zero columns audited,no current/future tournament outcomes,candidate; requires ablation
diff_research_distribution_last30days_opp_three_points_share_skew,distribution,pre-cutoff detailed game distributions across fixed windows,team 1 minus team 2,132,-1,training-fold preprocessing; unavailable/zero columns audited,no current/future tournament outcomes,candidate; requires ablation
diff_research_distribution_last30days_possession_gap_mean,distribution,pre-cutoff detailed game distributions across fixed windows,team 1 minus team 2,132,-1,training-fold preprocessing; unavailable/zero columns audited,no current/future tournament outcomes,candidate; requires ablation
diff_research_distribution_last30days_possession_gap_median,distribution,pre-cutoff detailed game distributions across fixed windows,team 1 minus team 2,132,-1,training-fold preprocessing; unavailable/zero columns audited,no current/future tournament outcomes,candidate; requires ablation
diff_research_distribution_last30days_possession_gap_std,distribution,pre-cutoff detailed game distributions across fixed windows,team 1 minus team 2,132,-1,training-fold preprocessing; unavailable/zero columns audited,no current/future tournament outcomes,candidate; requires ablation
diff_research_distribution_last30days_possession_gap_min,distribution,pre-cutoff detailed game distributions across fixed windows,team 1 minus team 2,132,-1,training-fold preprocessing; unavailable/zero columns audited,no current/future tournament outcomes,candidate; requires ablation
diff_research_distribution_last30days_possession_gap_max,distribution,pre-cutoff detailed game distributions across fixed windows,team 1 minus team 2,132,-1,training-fold preprocessing; unavailable/zero columns audited,no current/future tournament outcomes,candidate; requires ablation
diff_research_distribution_last30days_possession_gap_count,distribution,pre-cutoff detailed game distributions across fixed windows,team 1 minus team 2,132,-1,training-fold preprocessing; unavailable/zero columns audited,no current/future tournament outcomes,candidate; requires ablation
diff_research_distribution_last30days_possession_gap_q10,distribution,pre-cutoff detailed game distributions across fixed windows,team 1 minus team 2,132,-1,training-fold preprocessing; unavailable/zero columns audited,no current/future tournament outcomes,candidate; requires ablation
diff_research_distribution_last30days_possession_gap_q25,distribution,pre-cutoff detailed game distributions across fixed windows,team 1 minus team 2,132,-1,training-fold preprocessing; unavailable/zero columns audited,no current/future tournament outcomes,candidate; requires ablation
diff_research_distribution_last30days_possession_gap_q75,distribution,pre-cutoff detailed game distributions across fixed windows,team 1 minus team 2,132,-1,training-fold preprocessing; unavailable/zero columns audited,no current/future tournament outcomes,candidate; requires ablation
diff_research_distribution_last30days_possession_gap_q90,distribution,pre-cutoff detailed game distributions across fixed windows,team 1 minus team 2,132,-1,training-fold preprocessing; unavailable/zero columns audited,no current/future tournament outcomes,candidate; requires ablation
diff_research_distribution_last30days_possession_gap_iqr,distribution,pre-cutoff detailed game distributions across fixed windows,team 1 minus team 2,132,-1,training-fold preprocessing; unavailable/zero columns audited,no current/future tournament outcomes,candidate; requires ablation
diff_research_distribution_last30days_possession_gap_skew,distribution,pre-cutoff detailed game distributions across fixed windows,team 1 minus team 2,132,-1,training-fold preprocessing; unavailable/zero columns audited,no current/future tournament outcomes,candidate; requires ablation
diff_research_distribution_last30days_win_mean,distribution,pre-cutoff detailed game distributions across fixed windows,team 1 minus team 2,132,-1,training-fold preprocessing; unavailable/zero columns audited,no current/future tournament outcomes,candidate; requires ablation
diff_research_distribution_last30days_win_median,distribution,pre-cutoff detailed game distributions across fixed windows,team 1 minus team 2,132,-1,training-fold preprocessing; unavailable/zero columns audited,no current/future tournament outcomes,candidate; requires ablation
diff_research_distribution_last30days_win_std,distribution,pre-cutoff detailed game distributions across fixed windows,team 1 minus team 2,132,-1,training-fold preprocessing; unavailable/zero columns audited,no current/future tournament outcomes,candidate; requires ablation
diff_research_distribution_last30days_win_min,distribution,pre-cutoff detailed game distributions across fixed windows,team 1 minus team 2,132,-1,training-fold preprocessing; unavailable/zero columns audited,no current/future tournament outcomes,candidate; requires ablation
diff_research_distribution_last30days_win_max,distribution,pre-cutoff detailed game distributions across fixed windows,team 1 minus team 2,132,-1,training-fold preprocessing; unavailable/zero columns audited,no current/future tournament outcomes,candidate; requires ablation
diff_research_distribution_last30days_win_count,distribution,pre-cutoff detailed game distributions across fixed windows,team 1 minus team 2,132,-1,training-fold preprocessing; unavailable/zero columns audited,no current/future tournament outcomes,candidate; requires ablation
diff_research_distribution_last30days_win_q10,distribution,pre-cutoff detailed game distributions across fixed windows,team 1 minus team 2,132,-1,training-fold preprocessing; unavailable/zero columns audited,no current/future tournament outcomes,candidate; requires ablation
diff_research_distribution_last30days_win_q25,distribution,pre-cutoff detailed game distributions across fixed windows,team 1 minus team 2,132,-1,training-fold preprocessing; unavailable/zero columns audited,no current/future tournament outcomes,candidate; requires ablation
diff_research_distribution_last30days_win_q75,distribution,pre-cutoff detailed game distributions across fixed windows,team 1 minus team 2,132,-1,training-fold preprocessing; unavailable/zero columns audited,no current/future tournament outcomes,candidate; requires ablation
diff_research_distribution_last30days_win_q90,distribution,pre-cutoff detailed game distributions across fixed windows,team 1 minus team 2,132,-1,training-fold preprocessing; unavailable/zero columns audited,no current/future tournament outcomes,candidate; requires ablation
diff_research_distribution_last30days_win_iqr,distribution,pre-cutoff detailed game distributions across fixed windows,team 1 minus team 2,132,-1,training-fold preprocessing; unavailable/zero columns audited,no current/future tournament outcomes,candidate; requires ablation
diff_research_distribution_last30days_win_skew,distribution,pre-cutoff detailed game distributions across fixed windows,team 1 minus team 2,132,-1,training-fold preprocessing; unavailable/zero columns audited,no current/future tournament outcomes,candidate; requires ablation
diff_research_distribution_last60days_margin_mean,distribution,pre-cutoff detailed game distributions across fixed windows,team 1 minus team 2,132,-1,training-fold preprocessing; unavailable/zero columns audited,no current/future tournament outcomes,candidate; requires ablation
diff_research_distribution_last60days_margin_median,distribution,pre-cutoff detailed game distributions across fixed windows,team 1 minus team 2,132,-1,training-fold preprocessing; unavailable/zero columns audited,no current/future tournament outcomes,candidate; requires ablation
diff_research_distribution_last60days_margin_std,distribution,pre-cutoff detailed game distributions across fixed windows,team 1 minus team 2,132,-1,training-fold preprocessing; unavailable/zero columns audited,no current/future tournament outcomes,candidate; requires ablation
diff_research_distribution_last60days_margin_min,distribution,pre-cutoff detailed game distributions across fixed windows,team 1 minus team 2,132,-1,training-fold preprocessing; unavailable/zero columns audited,no current/future tournament outcomes,candidate; requires ablation
diff_research_distribution_last60days_margin_max,distribution,pre-cutoff detailed game distributions across fixed windows,team 1 minus team 2,132,-1,training-fold preprocessing; unavailable/zero columns audited,no current/future tournament outcomes,candidate; requires ablation
diff_research_distribution_last60days_margin_count,distribution,pre-cutoff detailed game distributions across fixed windows,team 1 minus team 2,132,-1,training-fold preprocessing; unavailable/zero columns audited,no current/future tournament outcomes,candidate; requires ablation
diff_research_distribution_last60days_margin_q10,distribution,pre-cutoff detailed game distributions across fixed windows,team 1 minus team 2,132,-1,training-fold preprocessing; unavailable/zero columns audited,no current/future tournament outcomes,candidate; requires ablation
diff_research_distribution_last60days_margin_q25,distribution,pre-cutoff detailed game distributions across fixed windows,team 1 minus team 2,132,-1,training-fold preprocessing; unavailable/zero columns audited,no current/future tournament outcomes,candidate; requires ablation
diff_research_distribution_last60days_margin_q75,distribution,pre-cutoff detailed game distributions across fixed windows,team 1 minus team 2,132,-1,training-fold preprocessing; unavailable/zero columns audited,no current/future tournament outcomes,candidate; requires ablation
diff_research_distribution_last60days_margin_q90,distribution,pre-cutoff detailed game distributions across fixed windows,team 1 minus team 2,132,-1,training-fold preprocessing; unavailable/zero columns audited,no current/future tournament outcomes,candidate; requires ablation
diff_research_distribution_last60days_margin_iqr,distribution,pre-cutoff detailed game distributions across fixed windows,team 1 minus team 2,132,-1,training-fold preprocessing; unavailable/zero columns audited,no current/future tournament outcomes,candidate; requires ablation
diff_research_distribution_last60days_margin_skew,distribution,pre-cutoff detailed game distributions across fixed windows,team 1 minus team 2,132,-1,training-fold preprocessing; unavailable/zero columns audited,no current/future tournament outcomes,candidate; requires ablation
diff_research_distribution_last60days_points_mean,distribution,pre-cutoff detailed game distributions across fixed windows,team 1 minus team 2,132,-1,training-fold preprocessing; unavailable/zero columns audited,no current/future tournament outcomes,candidate; requires ablation
diff_research_distribution_last60days_points_median,distribution,pre-cutoff detailed game distributions across fixed windows,team 1 minus team 2,132,-1,training-fold preprocessing; unavailable/zero columns audited,no current/future tournament outcomes,candidate; requires ablation
diff_research_distribution_last60days_points_std,distribution,pre-cutoff detailed game distributions across fixed windows,team 1 minus team 2,132,-1,training-fold preprocessing; unavailable/zero columns audited,no current/future tournament outcomes,candidate; requires ablation
diff_research_distribution_last60days_points_min,distribution,pre-cutoff detailed game distributions across fixed windows,team 1 minus team 2,132,-1,training-fold preprocessing; unavailable/zero columns audited,no current/future tournament outcomes,candidate; requires ablation
diff_research_distribution_last60days_points_max,distribution,pre-cutoff detailed game distributions across fixed windows,team 1 minus team 2,132,-1,training-fold preprocessing; unavailable/zero columns audited,no current/future tournament outcomes,candidate; requires ablation
diff_research_distribution_last60days_points_count,distribution,pre-cutoff detailed game distributions across fixed windows,team 1 minus team 2,132,-1,training-fold preprocessing; unavailable/zero columns audited,no current/future tournament outcomes,candidate; requires ablation
diff_research_distribution_last60days_points_q10,distribution,pre-cutoff detailed game distributions across fixed windows,team 1 minus team 2,132,-1,training-fold preprocessing; unavailable/zero columns audited,no current/future tournament outcomes,candidate; requires ablation
diff_research_distribution_last60days_points_q25,distribution,pre-cutoff detailed game distributions across fixed windows,team 1 minus team 2,132,-1,training-fold preprocessing; unavailable/zero columns audited,no current/future tournament outcomes,candidate; requires ablation
diff_research_distribution_last60days_points_q75,distribution,pre-cutoff detailed game distributions across fixed windows,team 1 minus team 2,132,-1,training-fold preprocessing; unavailable/zero columns audited,no current/future tournament outcomes,candidate; requires ablation
diff_research_distribution_last60days_points_q90,distribution,pre-cutoff detailed game distributions across fixed windows,team 1 minus team 2,132,-1,training-fold preprocessing; unavailable/zero columns audited,no current/future tournament outcomes,candidate; requires ablation
diff_research_distribution_last60days_points_iqr,distribution,pre-cutoff detailed game distributions across fixed windows,team 1 minus team 2,132,-1,training-fold preprocessing; unavailable/zero columns audited,no current/future tournament outcomes,candidate; requires ablation
diff_research_distribution_last60days_points_skew,distribution,pre-cutoff detailed game distributions across fixed windows,team 1 minus team 2,132,-1,training-fold preprocessing; unavailable/zero columns audited,no current/future tournament outcomes,candidate; requires ablation
diff_research_distribution_last60days_allowed_mean,distribution,pre-cutoff detailed game distributions across fixed windows,team 1 minus team 2,132,-1,training-fold preprocessing; unavailable/zero columns audited,no current/future tournament outcomes,candidate; requires ablation
diff_research_distribution_last60days_allowed_median,distribution,pre-cutoff detailed game distributions across fixed windows,team 1 minus team 2,132,-1,training-fold preprocessing; unavailable/zero columns audited,no current/future tournament outcomes,candidate; requires ablation
diff_research_distribution_last60days_allowed_std,distribution,pre-cutoff detailed game distributions across fixed windows,team 1 minus team 2,132,-1,training-fold preprocessing; unavailable/zero columns audited,no current/future tournament outcomes,candidate; requires ablation
diff_research_distribution_last60days_allowed_min,distribution,pre-cutoff detailed game distributions across fixed windows,team 1 minus team 2,132,-1,training-fold preprocessing; unavailable/zero columns audited,no current/future tournament outcomes,candidate; requires ablation
diff_research_distribution_last60days_allowed_max,distribution,pre-cutoff detailed game distributions across fixed windows,team 1 minus team 2,132,-1,training-fold preprocessing; unavailable/zero columns audited,no current/future tournament outcomes,candidate; requires ablation
diff_research_distribution_last60days_allowed_count,distribution,pre-cutoff detailed game distributions across fixed windows,team 1 minus team 2,132,-1,training-fold preprocessing; unavailable/zero columns audited,no current/future tournament outcomes,candidate; requires ablation
diff_research_distribution_last60days_allowed_q10,distribution,pre-cutoff detailed game distributions across fixed windows,team 1 minus team 2,132,-1,training-fold preprocessing; unavailable/zero columns audited,no current/future tournament outcomes,candidate; requires ablation
diff_research_distribution_last60days_allowed_q25,distribution,pre-cutoff detailed game distributions across fixed windows,team 1 minus team 2,132,-1,training-fold preprocessing; unavailable/zero columns audited,no current/future tournament outcomes,candidate; requires ablation
diff_research_distribution_last60days_allowed_q75,distribution,pre-cutoff detailed game distributions across fixed windows,team 1 minus team 2,132,-1,training-fold preprocessing; unavailable/zero columns audited,no current/future tournament outcomes,candidate; requires ablation
diff_research_distribution_last60days_allowed_q90,distribution,pre-cutoff detailed game distributions across fixed windows,team 1 minus team 2,132,-1,training-fold preprocessing; unavailable/zero columns audited,no current/future tournament outcomes,candidate; requires ablation
diff_research_distribution_last60days_allowed_iqr,distribution,pre-cutoff detailed game distributions across fixed windows,team 1 minus team 2,132,-1,training-fold preprocessing; unavailable/zero columns audited,no current/future tournament outcomes,candidate; requires ablation
diff_research_distribution_last60days_allowed_skew,distribution,pre-cutoff detailed game distributions across fixed windows,team 1 minus team 2,132,-1,training-fold preprocessing; unavailable/zero columns audited,no current/future tournament outcomes,candidate; requires ablation
diff_research_distribution_last60days_efficiency_mean,distribution,pre-cutoff detailed game distributions across fixed windows,team 1 minus team 2,132,-1,training-fold preprocessing; unavailable/zero columns audited,no current/future tournament outcomes,candidate; requires ablation
diff_research_distribution_last60days_efficiency_median,distribution,pre-cutoff detailed game distributions across fixed windows,team 1 minus team 2,132,-1,training-fold preprocessing; unavailable/zero columns audited,no current/future tournament outcomes,candidate; requires ablation
diff_research_distribution_last60days_efficiency_std,distribution,pre-cutoff detailed game distributions across fixed windows,team 1 minus team 2,132,-1,training-fold preprocessing; unavailable/zero columns audited,no current/future tournament outcomes,candidate; requires ablation
diff_research_distribution_last60days_efficiency_min,distribution,pre-cutoff detailed game distributions across fixed windows,team 1 minus team 2,132,-1,training-fold preprocessing; unavailable/zero columns audited,no current/future tournament outcomes,candidate; requires ablation
diff_research_distribution_last60days_efficiency_max,distribution,pre-cutoff detailed game distributions across fixed windows,team 1 minus team 2,132,-1,training-fold preprocessing; unavailable/zero columns audited,no current/future tournament outcomes,candidate; requires ablation
diff_research_distribution_last60days_efficiency_count,distribution,pre-cutoff detailed game distributions across fixed windows,team 1 minus team 2,132,-1,training-fold preprocessing; unavailable/zero columns audited,no current/future tournament outcomes,candidate; requires ablation
diff_research_distribution_last60days_efficiency_q10,distribution,pre-cutoff detailed game distributions across fixed windows,team 1 minus team 2,132,-1,training-fold preprocessing; unavailable/zero columns audited,no current/future tournament outcomes,candidate; requires ablation
diff_research_distribution_last60days_efficiency_q25,distribution,pre-cutoff detailed game distributions across fixed windows,team 1 minus team 2,132,-1,training-fold preprocessing; unavailable/zero columns audited,no current/future tournament outcomes,candidate; requires ablation
diff_research_distribution_last60days_efficiency_q75,distribution,pre-cutoff detailed game distributions across fixed windows,team 1 minus team 2,132,-1,training-fold preprocessing; unavailable/zero columns audited,no current/future tournament outcomes,candidate; requires ablation
diff_research_distribution_last60days_efficiency_q90,distribution,pre-cutoff detailed game distributions across fixed windows,team 1 minus team 2,132,-1,training-fold preprocessing; unavailable/zero columns audited,no current/future tournament outcomes,candidate; requires ablation
diff_research_distribution_last60days_efficiency_iqr,distribution,pre-cutoff detailed game distributions across fixed windows,team 1 minus team 2,132,-1,training-fold preprocessing; unavailable/zero columns audited,no current/future tournament outcomes,candidate; requires ablation
diff_research_distribution_last60days_efficiency_skew,distribution,pre-cutoff detailed game distributions across fixed windows,team 1 minus team 2,132,-1,training-fold preprocessing; unavailable/zero columns audited,no current/future tournament outcomes,candidate; requires ablation
diff_research_distribution_last60days_allowed_efficiency_mean,distribution,pre-cutoff detailed game distributions across fixed windows,team 1 minus team 2,132,-1,training-fold preprocessing; unavailable/zero columns audited,no current/future tournament outcomes,candidate; requires ablation
diff_research_distribution_last60days_allowed_efficiency_median,distribution,pre-cutoff detailed game distributions across fixed windows,team 1 minus team 2,132,-1,training-fold preprocessing; unavailable/zero columns audited,no current/future tournament outcomes,candidate; requires ablation
diff_research_distribution_last60days_allowed_efficiency_std,distribution,pre-cutoff detailed game distributions across fixed windows,team 1 minus team 2,132,-1,training-fold preprocessing; unavailable/zero columns audited,no current/future tournament outcomes,candidate; requires ablation
diff_research_distribution_last60days_allowed_efficiency_min,distribution,pre-cutoff detailed game distributions across fixed windows,team 1 minus team 2,132,-1,training-fold preprocessing; unavailable/zero columns audited,no current/future tournament outcomes,candidate; requires ablation
diff_research_distribution_last60days_allowed_efficiency_max,distribution,pre-cutoff detailed game distributions across fixed windows,team 1 minus team 2,132,-1,training-fold preprocessing; unavailable/zero columns audited,no current/future tournament outcomes,candidate; requires ablation
diff_research_distribution_last60days_allowed_efficiency_count,distribution,pre-cutoff detailed game distributions across fixed windows,team 1 minus team 2,132,-1,training-fold preprocessing; unavailable/zero columns audited,no current/future tournament outcomes,candidate; requires ablation
diff_research_distribution_last60days_allowed_efficiency_q10,distribution,pre-cutoff detailed game distributions across fixed windows,team 1 minus team 2,132,-1,training-fold preprocessing; unavailable/zero columns audited,no current/future tournament outcomes,candidate; requires ablation
diff_research_distribution_last60days_allowed_efficiency_q25,distribution,pre-cutoff detailed game distributions across fixed windows,team 1 minus team 2,132,-1,training-fold preprocessing; unavailable/zero columns audited,no current/future tournament outcomes,candidate; requires ablation
diff_research_distribution_last60days_allowed_efficiency_q75,distribution,pre-cutoff detailed game distributions across fixed windows,team 1 minus team 2,132,-1,training-fold preprocessing; unavailable/zero columns audited,no current/future tournament outcomes,candidate; requires ablation
diff_research_distribution_last60days_allowed_efficiency_q90,distribution,pre-cutoff detailed game distributions across fixed windows,team 1 minus team 2,132,-1,training-fold preprocessing; unavailable/zero columns audited,no current/future tournament outcomes,candidate; requires ablation
diff_research_distribution_last60days_allowed_efficiency_iqr,distribution,pre-cutoff detailed game distributions across fixed windows,team 1 minus team 2,132,-1,training-fold preprocessing; unavailable/zero columns audited,no current/future tournament outcomes,candidate; requires ablation
diff_research_distribution_last60days_allowed_efficiency_skew,distribution,pre-cutoff detailed game distributions across fixed windows,team 1 minus team 2,132,-1,training-fold preprocessing; unavailable/zero columns audited,no current/future tournament outcomes,candidate; requires ablation
diff_research_distribution_last60days_tempo_mean,distribution,pre-cutoff detailed game distributions across fixed windows,team 1 minus team 2,132,-1,training-fold preprocessing; unavailable/zero columns audited,no current/future tournament outcomes,candidate; requires ablation
diff_research_distribution_last60days_tempo_median,distribution,pre-cutoff detailed game distributions across fixed windows,team 1 minus team 2,132,-1,training-fold preprocessing; unavailable/zero columns audited,no current/future tournament outcomes,candidate; requires ablation
diff_research_distribution_last60days_tempo_std,distribution,pre-cutoff detailed game distributions across fixed windows,team 1 minus team 2,132,-1,training-fold preprocessing; unavailable/zero columns audited,no current/future tournament outcomes,candidate; requires ablation
diff_research_distribution_last60days_tempo_min,distribution,pre-cutoff detailed game distributions across fixed windows,team 1 minus team 2,132,-1,training-fold preprocessing; unavailable/zero columns audited,no current/future tournament outcomes,candidate; requires ablation
diff_research_distribution_last60days_tempo_max,distribution,pre-cutoff detailed game distributions across fixed windows,team 1 minus team 2,132,-1,training-fold preprocessing; unavailable/zero columns audited,no current/future tournament outcomes,candidate; requires ablation
diff_research_distribution_last60days_tempo_count,distribution,pre-cutoff detailed game distributions across fixed windows,team 1 minus team 2,132,-1,training-fold preprocessing; unavailable/zero columns audited,no current/future tournament outcomes,candidate; requires ablation
diff_research_distribution_last60days_tempo_q10,distribution,pre-cutoff detailed game distributions across fixed windows,team 1 minus team 2,132,-1,training-fold preprocessing; unavailable/zero columns audited,no current/future tournament outcomes,candidate; requires ablation
diff_research_distribution_last60days_tempo_q25,distribution,pre-cutoff detailed game distributions across fixed windows,team 1 minus team 2,132,-1,training-fold preprocessing; unavailable/zero columns audited,no current/future tournament outcomes,candidate; requires ablation
diff_research_distribution_last60days_tempo_q75,distribution,pre-cutoff detailed game distributions across fixed windows,team 1 minus team 2,132,-1,training-fold preprocessing; unavailable/zero columns audited,no current/future tournament outcomes,candidate; requires ablation
diff_research_distribution_last60days_tempo_q90,distribution,pre-cutoff detailed game distributions across fixed windows,team 1 minus team 2,132,-1,training-fold preprocessing; unavailable/zero columns audited,no current/future tournament outcomes,candidate; requires ablation
diff_research_distribution_last60days_tempo_iqr,distribution,pre-cutoff detailed game distributions across fixed windows,team 1 minus team 2,132,-1,training-fold preprocessing; unavailable/zero columns audited,no current/future tournament outcomes,candidate; requires ablation
diff_research_distribution_last60days_tempo_skew,distribution,pre-cutoff detailed game distributions across fixed windows,team 1 minus team 2,132,-1,training-fold preprocessing; unavailable/zero columns audited,no current/future tournament outcomes,candidate; requires ablation
diff_research_distribution_last60days_efg_mean,distribution,pre-cutoff detailed game distributions across fixed windows,team 1 minus team 2,132,-1,training-fold preprocessing; unavailable/zero columns audited,no current/future tournament outcomes,candidate; requires ablation
diff_research_distribution_last60days_efg_median,distribution,pre-cutoff detailed game distributions across fixed windows,team 1 minus team 2,132,-1,training-fold preprocessing; unavailable/zero columns audited,no current/future tournament outcomes,candidate; requires ablation
diff_research_distribution_last60days_efg_std,distribution,pre-cutoff detailed game distributions across fixed windows,team 1 minus team 2,132,-1,training-fold preprocessing; unavailable/zero columns audited,no current/future tournament outcomes,candidate; requires ablation
diff_research_distribution_last60days_efg_min,distribution,pre-cutoff detailed game distributions across fixed windows,team 1 minus team 2,132,-1,training-fold preprocessing; unavailable/zero columns audited,no current/future tournament outcomes,candidate; requires ablation
diff_research_distribution_last60days_efg_max,distribution,pre-cutoff detailed game distributions across fixed windows,team 1 minus team 2,132,-1,training-fold preprocessing; unavailable/zero columns audited,no current/future tournament outcomes,candidate; requires ablation
diff_research_distribution_last60days_efg_count,distribution,pre-cutoff detailed game distributions across fixed windows,team 1 minus team 2,132,-1,training-fold preprocessing; unavailable/zero columns audited,no current/future tournament outcomes,candidate; requires ablation
diff_research_distribution_last60days_efg_q10,distribution,pre-cutoff detailed game distributions across fixed windows,team 1 minus team 2,132,-1,training-fold preprocessing; unavailable/zero columns audited,no current/future tournament outcomes,candidate; requires ablation
diff_research_distribution_last60days_efg_q25,distribution,pre-cutoff detailed game distributions across fixed windows,team 1 minus team 2,132,-1,training-fold preprocessing; unavailable/zero columns audited,no current/future tournament outcomes,candidate; requires ablation
diff_research_distribution_last60days_efg_q75,distribution,pre-cutoff detailed game distributions across fixed windows,team 1 minus team 2,132,-1,training-fold preprocessing; unavailable/zero columns audited,no current/future tournament outcomes,candidate; requires ablation
diff_research_distribution_last60days_efg_q90,distribution,pre-cutoff detailed game distributions across fixed windows,team 1 minus team 2,132,-1,training-fold preprocessing; unavailable/zero columns audited,no current/future tournament outcomes,candidate; requires ablation
diff_research_distribution_last60days_efg_iqr,distribution,pre-cutoff detailed game distributions across fixed windows,team 1 minus team 2,132,-1,training-fold preprocessing; unavailable/zero columns audited,no current/future tournament outcomes,candidate; requires ablation
diff_research_distribution_last60days_efg_skew,distribution,pre-cutoff detailed game distributions across fixed windows,team 1 minus team 2,132,-1,training-fold preprocessing; unavailable/zero columns audited,no current/future tournament outcomes,candidate; requires ablation
diff_research_distribution_last60days_opp_efg_mean,distribution,pre-cutoff detailed game distributions across fixed windows,team 1 minus team 2,132,-1,training-fold preprocessing; unavailable/zero columns audited,no current/future tournament outcomes,candidate; requires ablation
diff_research_distribution_last60days_opp_efg_median,distribution,pre-cutoff detailed game distributions across fixed windows,team 1 minus team 2,132,-1,training-fold preprocessing; unavailable/zero columns audited,no current/future tournament outcomes,candidate; requires ablation
diff_research_distribution_last60days_opp_efg_std,distribution,pre-cutoff detailed game distributions across fixed windows,team 1 minus team 2,132,-1,training-fold preprocessing; unavailable/zero columns audited,no current/future tournament outcomes,candidate; requires ablation
diff_research_distribution_last60days_opp_efg_min,distribution,pre-cutoff detailed game distributions across fixed windows,team 1 minus team 2,132,-1,training-fold preprocessing; unavailable/zero columns audited,no current/future tournament outcomes,candidate; requires ablation
diff_research_distribution_last60days_opp_efg_max,distribution,pre-cutoff detailed game distributions across fixed windows,team 1 minus team 2,132,-1,training-fold preprocessing; unavailable/zero columns audited,no current/future tournament outcomes,candidate; requires ablation
diff_research_distribution_last60days_opp_efg_count,distribution,pre-cutoff detailed game distributions across fixed windows,team 1 minus team 2,132,-1,training-fold preprocessing; unavailable/zero columns audited,no current/future tournament outcomes,candidate; requires ablation
diff_research_distribution_last60days_opp_efg_q10,distribution,pre-cutoff detailed game distributions across fixed windows,team 1 minus team 2,132,-1,training-fold preprocessing; unavailable/zero columns audited,no current/future tournament outcomes,candidate; requires ablation
diff_research_distribution_last60days_opp_efg_q25,distribution,pre-cutoff detailed game distributions across fixed windows,team 1 minus team 2,132,-1,training-fold preprocessing; unavailable/zero columns audited,no current/future tournament outcomes,candidate; requires ablation
diff_research_distribution_last60days_opp_efg_q75,distribution,pre-cutoff detailed game distributions across fixed windows,team 1 minus team 2,132,-1,training-fold preprocessing; unavailable/zero columns audited,no current/future tournament outcomes,candidate; requires ablation
diff_research_distribution_last60days_opp_efg_q90,distribution,pre-cutoff detailed game distributions across fixed windows,team 1 minus team 2,132,-1,training-fold preprocessing; unavailable/zero columns audited,no current/future tournament outcomes,candidate; requires ablation
diff_research_distribution_last60days_opp_efg_iqr,distribution,pre-cutoff detailed game distributions across fixed windows,team 1 minus team 2,132,-1,training-fold preprocessing; unavailable/zero columns audited,no current/future tournament outcomes,candidate; requires ablation
diff_research_distribution_last60days_opp_efg_skew,distribution,pre-cutoff detailed game distributions across fixed windows,team 1 minus team 2,132,-1,training-fold preprocessing; unavailable/zero columns audited,no current/future tournament outcomes,candidate; requires ablation
diff_research_distribution_last60days_tov_mean,distribution,pre-cutoff detailed game distributions across fixed windows,team 1 minus team 2,132,-1,training-fold preprocessing; unavailable/zero columns audited,no current/future tournament outcomes,candidate; requires ablation
diff_research_distribution_last60days_tov_median,distribution,pre-cutoff detailed game distributions across fixed windows,team 1 minus team 2,132,-1,training-fold preprocessing; unavailable/zero columns audited,no current/future tournament outcomes,candidate; requires ablation
diff_research_distribution_last60days_tov_std,distribution,pre-cutoff detailed game distributions across fixed windows,team 1 minus team 2,132,-1,training-fold preprocessing; unavailable/zero columns audited,no current/future tournament outcomes,candidate; requires ablation
diff_research_distribution_last60days_tov_min,distribution,pre-cutoff detailed game distributions across fixed windows,team 1 minus team 2,132,-1,training-fold preprocessing; unavailable/zero columns audited,no current/future tournament outcomes,candidate; requires ablation
diff_research_distribution_last60days_tov_max,distribution,pre-cutoff detailed game distributions across fixed windows,team 1 minus team 2,132,-1,training-fold preprocessing; unavailable/zero columns audited,no current/future tournament outcomes,candidate; requires ablation
diff_research_distribution_last60days_tov_count,distribution,pre-cutoff detailed game distributions across fixed windows,team 1 minus team 2,132,-1,training-fold preprocessing; unavailable/zero columns audited,no current/future tournament outcomes,candidate; requires ablation
diff_research_distribution_last60days_tov_q10,distribution,pre-cutoff detailed game distributions across fixed windows,team 1 minus team 2,132,-1,training-fold preprocessing; unavailable/zero columns audited,no current/future tournament outcomes,candidate; requires ablation
diff_research_distribution_last60days_tov_q25,distribution,pre-cutoff detailed game distributions across fixed windows,team 1 minus team 2,132,-1,training-fold preprocessing; unavailable/zero columns audited,no current/future tournament outcomes,candidate; requires ablation
diff_research_distribution_last60days_tov_q75,distribution,pre-cutoff detailed game distributions across fixed windows,team 1 minus team 2,132,-1,training-fold preprocessing; unavailable/zero columns audited,no current/future tournament outcomes,candidate; requires ablation
diff_research_distribution_last60days_tov_q90,distribution,pre-cutoff detailed game distributions across fixed windows,team 1 minus team 2,132,-1,training-fold preprocessing; unavailable/zero columns audited,no current/future tournament outcomes,candidate; requires ablation
diff_research_distribution_last60days_tov_iqr,distribution,pre-cutoff detailed game distributions across fixed windows,team 1 minus team 2,132,-1,training-fold preprocessing; unavailable/zero columns audited,no current/future tournament outcomes,candidate; requires ablation
diff_research_distribution_last60days_tov_skew,distribution,pre-cutoff detailed game distributions across fixed windows,team 1 minus team 2,132,-1,training-fold preprocessing; unavailable/zero columns audited,no current/future tournament outcomes,candidate; requires ablation
diff_research_distribution_last60days_opp_tov_mean,distribution,pre-cutoff detailed game distributions across fixed windows,team 1 minus team 2,132,-1,training-fold preprocessing; unavailable/zero columns audited,no current/future tournament outcomes,candidate; requires ablation
diff_research_distribution_last60days_opp_tov_median,distribution,pre-cutoff detailed game distributions across fixed windows,team 1 minus team 2,132,-1,training-fold preprocessing; unavailable/zero columns audited,no current/future tournament outcomes,candidate; requires ablation
diff_research_distribution_last60days_opp_tov_std,distribution,pre-cutoff detailed game distributions across fixed windows,team 1 minus team 2,132,-1,training-fold preprocessing; unavailable/zero columns audited,no current/future tournament outcomes,candidate; requires ablation
diff_research_distribution_last60days_opp_tov_min,distribution,pre-cutoff detailed game distributions across fixed windows,team 1 minus team 2,132,-1,training-fold preprocessing; unavailable/zero columns audited,no current/future tournament outcomes,candidate; requires ablation
diff_research_distribution_last60days_opp_tov_max,distribution,pre-cutoff detailed game distributions across fixed windows,team 1 minus team 2,132,-1,training-fold preprocessing; unavailable/zero columns audited,no current/future tournament outcomes,candidate; requires ablation
diff_research_distribution_last60days_opp_tov_count,distribution,pre-cutoff detailed game distributions across fixed windows,team 1 minus team 2,132,-1,training-fold preprocessing; unavailable/zero columns audited,no current/future tournament outcomes,candidate; requires ablation
diff_research_distribution_last60days_opp_tov_q10,distribution,pre-cutoff detailed game distributions across fixed windows,team 1 minus team 2,132,-1,training-fold preprocessing; unavailable/zero columns audited,no current/future tournament outcomes,candidate; requires ablation
diff_research_distribution_last60days_opp_tov_q25,distribution,pre-cutoff detailed game distributions across fixed windows,team 1 minus team 2,132,-1,training-fold preprocessing; unavailable/zero columns audited,no current/future tournament outcomes,candidate; requires ablation
diff_research_distribution_last60days_opp_tov_q75,distribution,pre-cutoff detailed game distributions across fixed windows,team 1 minus team 2,132,-1,training-fold preprocessing; unavailable/zero columns audited,no current/future tournament outcomes,candidate; requires ablation
diff_research_distribution_last60days_opp_tov_q90,distribution,pre-cutoff detailed game distributions across fixed windows,team 1 minus team 2,132,-1,training-fold preprocessing; unavailable/zero columns audited,no current/future tournament outcomes,candidate; requires ablation
diff_research_distribution_last60days_opp_tov_iqr,distribution,pre-cutoff detailed game distributions across fixed windows,team 1 minus team 2,132,-1,training-fold preprocessing; unavailable/zero columns audited,no current/future tournament outcomes,candidate; requires ablation
diff_research_distribution_last60days_opp_tov_skew,distribution,pre-cutoff detailed game distributions across fixed windows,team 1 minus team 2,132,-1,training-fold preprocessing; unavailable/zero columns audited,no current/future tournament outcomes,candidate; requires ablation
diff_research_distribution_last60days_orb_mean,distribution,pre-cutoff detailed game distributions across fixed windows,team 1 minus team 2,132,-1,training-fold preprocessing; unavailable/zero columns audited,no current/future tournament outcomes,candidate; requires ablation
diff_research_distribution_last60days_orb_median,distribution,pre-cutoff detailed game distributions across fixed windows,team 1 minus team 2,132,-1,training-fold preprocessing; unavailable/zero columns audited,no current/future tournament outcomes,candidate; requires ablation
diff_research_distribution_last60days_orb_std,distribution,pre-cutoff detailed game distributions across fixed windows,team 1 minus team 2,132,-1,training-fold preprocessing; unavailable/zero columns audited,no current/future tournament outcomes,candidate; requires ablation
diff_research_distribution_last60days_orb_min,distribution,pre-cutoff detailed game distributions across fixed windows,team 1 minus team 2,132,-1,training-fold preprocessing; unavailable/zero columns audited,no current/future tournament outcomes,candidate; requires ablation
diff_research_distribution_last60days_orb_max,distribution,pre-cutoff detailed game distributions across fixed windows,team 1 minus team 2,132,-1,training-fold preprocessing; unavailable/zero columns audited,no current/future tournament outcomes,candidate; requires ablation
diff_research_distribution_last60days_orb_count,distribution,pre-cutoff detailed game distributions across fixed windows,team 1 minus team 2,132,-1,training-fold preprocessing; unavailable/zero columns audited,no current/future tournament outcomes,candidate; requires ablation
diff_research_distribution_last60days_orb_q10,distribution,pre-cutoff detailed game distributions across fixed windows,team 1 minus team 2,132,-1,training-fold preprocessing; unavailable/zero columns audited,no current/future tournament outcomes,candidate; requires ablation
diff_research_distribution_last60days_orb_q25,distribution,pre-cutoff detailed game distributions across fixed windows,team 1 minus team 2,132,-1,training-fold preprocessing; unavailable/zero columns audited,no current/future tournament outcomes,candidate; requires ablation
diff_research_distribution_last60days_orb_q75,distribution,pre-cutoff detailed game distributions across fixed windows,team 1 minus team 2,132,-1,training-fold preprocessing; unavailable/zero columns audited,no current/future tournament outcomes,candidate; requires ablation
diff_research_distribution_last60days_orb_q90,distribution,pre-cutoff detailed game distributions across fixed windows,team 1 minus team 2,132,-1,training-fold preprocessing; unavailable/zero columns audited,no current/future tournament outcomes,candidate; requires ablation
diff_research_distribution_last60days_orb_iqr,distribution,pre-cutoff detailed game distributions across fixed windows,team 1 minus team 2,132,-1,training-fold preprocessing; unavailable/zero columns audited,no current/future tournament outcomes,candidate; requires ablation
diff_research_distribution_last60days_orb_skew,distribution,pre-cutoff detailed game distributions across fixed windows,team 1 minus team 2,132,-1,training-fold preprocessing; unavailable/zero columns audited,no current/future tournament outcomes,candidate; requires ablation
diff_research_distribution_last60days_opp_orb_mean,distribution,pre-cutoff detailed game distributions across fixed windows,team 1 minus team 2,132,-1,training-fold preprocessing; unavailable/zero columns audited,no current/future tournament outcomes,candidate; requires ablation
diff_research_distribution_last60days_opp_orb_median,distribution,pre-cutoff detailed game distributions across fixed windows,team 1 minus team 2,132,-1,training-fold preprocessing; unavailable/zero columns audited,no current/future tournament outcomes,candidate; requires ablation
diff_research_distribution_last60days_opp_orb_std,distribution,pre-cutoff detailed game distributions across fixed windows,team 1 minus team 2,132,-1,training-fold preprocessing; unavailable/zero columns audited,no current/future tournament outcomes,candidate; requires ablation
diff_research_distribution_last60days_opp_orb_min,distribution,pre-cutoff detailed game distributions across fixed windows,team 1 minus team 2,132,-1,training-fold preprocessing; unavailable/zero columns audited,no current/future tournament outcomes,candidate; requires ablation
diff_research_distribution_last60days_opp_orb_max,distribution,pre-cutoff detailed game distributions across fixed windows,team 1 minus team 2,132,-1,training-fold preprocessing; unavailable/zero columns audited,no current/future tournament outcomes,candidate; requires ablation
diff_research_distribution_last60days_opp_orb_count,distribution,pre-cutoff detailed game distributions across fixed windows,team 1 minus team 2,132,-1,training-fold preprocessing; unavailable/zero columns audited,no current/future tournament outcomes,candidate; requires ablation
diff_research_distribution_last60days_opp_orb_q10,distribution,pre-cutoff detailed game distributions across fixed windows,team 1 minus team 2,132,-1,training-fold preprocessing; unavailable/zero columns audited,no current/future tournament outcomes,candidate; requires ablation
diff_research_distribution_last60days_opp_orb_q25,distribution,pre-cutoff detailed game distributions across fixed windows,team 1 minus team 2,132,-1,training-fold preprocessing; unavailable/zero columns audited,no current/future tournament outcomes,candidate; requires ablation
diff_research_distribution_last60days_opp_orb_q75,distribution,pre-cutoff detailed game distributions across fixed windows,team 1 minus team 2,132,-1,training-fold preprocessing; unavailable/zero columns audited,no current/future tournament outcomes,candidate; requires ablation
diff_research_distribution_last60days_opp_orb_q90,distribution,pre-cutoff detailed game distributions across fixed windows,team 1 minus team 2,132,-1,training-fold preprocessing; unavailable/zero columns audited,no current/future tournament outcomes,candidate; requires ablation
diff_research_distribution_last60days_opp_orb_iqr,distribution,pre-cutoff detailed game distributions across fixed windows,team 1 minus team 2,132,-1,training-fold preprocessing; unavailable/zero columns audited,no current/future tournament outcomes,candidate; requires ablation
diff_research_distribution_last60days_opp_orb_skew,distribution,pre-cutoff detailed game distributions across fixed windows,team 1 minus team 2,132,-1,training-fold preprocessing; unavailable/zero columns audited,no current/future tournament outcomes,candidate; requires ablation
diff_research_distribution_last60days_ftr_mean,distribution,pre-cutoff detailed game distributions across fixed windows,team 1 minus team 2,132,-1,training-fold preprocessing; unavailable/zero columns audited,no current/future tournament outcomes,candidate; requires ablation
diff_research_distribution_last60days_ftr_median,distribution,pre-cutoff detailed game distributions across fixed windows,team 1 minus team 2,132,-1,training-fold preprocessing; unavailable/zero columns audited,no current/future tournament outcomes,candidate; requires ablation
diff_research_distribution_last60days_ftr_std,distribution,pre-cutoff detailed game distributions across fixed windows,team 1 minus team 2,132,-1,training-fold preprocessing; unavailable/zero columns audited,no current/future tournament outcomes,candidate; requires ablation
diff_research_distribution_last60days_ftr_min,distribution,pre-cutoff detailed game distributions across fixed windows,team 1 minus team 2,132,-1,training-fold preprocessing; unavailable/zero columns audited,no current/future tournament outcomes,candidate; requires ablation
diff_research_distribution_last60days_ftr_max,distribution,pre-cutoff detailed game distributions across fixed windows,team 1 minus team 2,132,-1,training-fold preprocessing; unavailable/zero columns audited,no current/future tournament outcomes,candidate; requires ablation
diff_research_distribution_last60days_ftr_count,distribution,pre-cutoff detailed game distributions across fixed windows,team 1 minus team 2,132,-1,training-fold preprocessing; unavailable/zero columns audited,no current/future tournament outcomes,candidate; requires ablation
diff_research_distribution_last60days_ftr_q10,distribution,pre-cutoff detailed game distributions across fixed windows,team 1 minus team 2,132,-1,training-fold preprocessing; unavailable/zero columns audited,no current/future tournament outcomes,candidate; requires ablation
diff_research_distribution_last60days_ftr_q25,distribution,pre-cutoff detailed game distributions across fixed windows,team 1 minus team 2,132,-1,training-fold preprocessing; unavailable/zero columns audited,no current/future tournament outcomes,candidate; requires ablation
diff_research_distribution_last60days_ftr_q75,distribution,pre-cutoff detailed game distributions across fixed windows,team 1 minus team 2,132,-1,training-fold preprocessing; unavailable/zero columns audited,no current/future tournament outcomes,candidate; requires ablation
diff_research_distribution_last60days_ftr_q90,distribution,pre-cutoff detailed game distributions across fixed windows,team 1 minus team 2,132,-1,training-fold preprocessing; unavailable/zero columns audited,no current/future tournament outcomes,candidate; requires ablation
diff_research_distribution_last60days_ftr_iqr,distribution,pre-cutoff detailed game distributions across fixed windows,team 1 minus team 2,132,-1,training-fold preprocessing; unavailable/zero columns audited,no current/future tournament outcomes,candidate; requires ablation
diff_research_distribution_last60days_ftr_skew,distribution,pre-cutoff detailed game distributions across fixed windows,team 1 minus team 2,132,-1,training-fold preprocessing; unavailable/zero columns audited,no current/future tournament outcomes,candidate; requires ablation
diff_research_distribution_last60days_opp_ftr_mean,distribution,pre-cutoff detailed game distributions across fixed windows,team 1 minus team 2,132,-1,training-fold preprocessing; unavailable/zero columns audited,no current/future tournament outcomes,candidate; requires ablation
diff_research_distribution_last60days_opp_ftr_median,distribution,pre-cutoff detailed game distributions across fixed windows,team 1 minus team 2,132,-1,training-fold preprocessing; unavailable/zero columns audited,no current/future tournament outcomes,candidate; requires ablation
diff_research_distribution_last60days_opp_ftr_std,distribution,pre-cutoff detailed game distributions across fixed windows,team 1 minus team 2,132,-1,training-fold preprocessing; unavailable/zero columns audited,no current/future tournament outcomes,candidate; requires ablation
diff_research_distribution_last60days_opp_ftr_min,distribution,pre-cutoff detailed game distributions across fixed windows,team 1 minus team 2,132,-1,training-fold preprocessing; unavailable/zero columns audited,no current/future tournament outcomes,candidate; requires ablation
diff_research_distribution_last60days_opp_ftr_max,distribution,pre-cutoff detailed game distributions across fixed windows,team 1 minus team 2,132,-1,training-fold preprocessing; unavailable/zero columns audited,no current/future tournament outcomes,candidate; requires ablation
diff_research_distribution_last60days_opp_ftr_count,distribution,pre-cutoff detailed game distributions across fixed windows,team 1 minus team 2,132,-1,training-fold preprocessing; unavailable/zero columns audited,no current/future tournament outcomes,candidate; requires ablation
diff_research_distribution_last60days_opp_ftr_q10,distribution,pre-cutoff detailed game distributions across fixed windows,team 1 minus team 2,132,-1,training-fold preprocessing; unavailable/zero columns audited,no current/future tournament outcomes,candidate; requires ablation
diff_research_distribution_last60days_opp_ftr_q25,distribution,pre-cutoff detailed game distributions across fixed windows,team 1 minus team 2,132,-1,training-fold preprocessing; unavailable/zero columns audited,no current/future tournament outcomes,candidate; requires ablation
diff_research_distribution_last60days_opp_ftr_q75,distribution,pre-cutoff detailed game distributions across fixed windows,team 1 minus team 2,132,-1,training-fold preprocessing; unavailable/zero columns audited,no current/future tournament outcomes,candidate; requires ablation
diff_research_distribution_last60days_opp_ftr_q90,distribution,pre-cutoff detailed game distributions across fixed windows,team 1 minus team 2,132,-1,training-fold preprocessing; unavailable/zero columns audited,no current/future tournament outcomes,candidate; requires ablation
diff_research_distribution_last60days_opp_ftr_iqr,distribution,pre-cutoff detailed game distributions across fixed windows,team 1 minus team 2,132,-1,training-fold preprocessing; unavailable/zero columns audited,no current/future tournament outcomes,candidate; requires ablation
diff_research_distribution_last60days_opp_ftr_skew,distribution,pre-cutoff detailed game distributions across fixed windows,team 1 minus team 2,132,-1,training-fold preprocessing; unavailable/zero columns audited,no current/future tournament outcomes,candidate; requires ablation
diff_research_distribution_last60days_three_share_mean,distribution,pre-cutoff detailed game distributions across fixed windows,team 1 minus team 2,132,-1,training-fold preprocessing; unavailable/zero columns audited,no current/future tournament outcomes,candidate; requires ablation
diff_research_distribution_last60days_three_share_median,distribution,pre-cutoff detailed game distributions across fixed windows,team 1 minus team 2,132,-1,training-fold preprocessing; unavailable/zero columns audited,no current/future tournament outcomes,candidate; requires ablation
diff_research_distribution_last60days_three_share_std,distribution,pre-cutoff detailed game distributions across fixed windows,team 1 minus team 2,132,-1,training-fold preprocessing; unavailable/zero columns audited,no current/future tournament outcomes,candidate; requires ablation
diff_research_distribution_last60days_three_share_min,distribution,pre-cutoff detailed game distributions across fixed windows,team 1 minus team 2,132,-1,training-fold preprocessing; unavailable/zero columns audited,no current/future tournament outcomes,candidate; requires ablation
diff_research_distribution_last60days_three_share_max,distribution,pre-cutoff detailed game distributions across fixed windows,team 1 minus team 2,132,-1,training-fold preprocessing; unavailable/zero columns audited,no current/future tournament outcomes,candidate; requires ablation
diff_research_distribution_last60days_three_share_count,distribution,pre-cutoff detailed game distributions across fixed windows,team 1 minus team 2,132,-1,training-fold preprocessing; unavailable/zero columns audited,no current/future tournament outcomes,candidate; requires ablation
diff_research_distribution_last60days_three_share_q10,distribution,pre-cutoff detailed game distributions across fixed windows,team 1 minus team 2,132,-1,training-fold preprocessing; unavailable/zero columns audited,no current/future tournament outcomes,candidate; requires ablation
diff_research_distribution_last60days_three_share_q25,distribution,pre-cutoff detailed game distributions across fixed windows,team 1 minus team 2,132,-1,training-fold preprocessing; unavailable/zero columns audited,no current/future tournament outcomes,candidate; requires ablation
diff_research_distribution_last60days_three_share_q75,distribution,pre-cutoff detailed game distributions across fixed windows,team 1 minus team 2,132,-1,training-fold preprocessing; unavailable/zero columns audited,no current/future tournament outcomes,candidate; requires ablation
diff_research_distribution_last60days_three_share_q90,distribution,pre-cutoff detailed game distributions across fixed windows,team 1 minus team 2,132,-1,training-fold preprocessing; unavailable/zero columns audited,no current/future tournament outcomes,candidate; requires ablation
diff_research_distribution_last60days_three_share_iqr,distribution,pre-cutoff detailed game distributions across fixed windows,team 1 minus team 2,132,-1,training-fold preprocessing; unavailable/zero columns audited,no current/future tournament outcomes,candidate; requires ablation
diff_research_distribution_last60days_three_share_skew,distribution,pre-cutoff detailed game distributions across fixed windows,team 1 minus team 2,132,-1,training-fold preprocessing; unavailable/zero columns audited,no current/future tournament outcomes,candidate; requires ablation
diff_research_distribution_last60days_opp_three_share_mean,distribution,pre-cutoff detailed game distributions across fixed windows,team 1 minus team 2,132,-1,training-fold preprocessing; unavailable/zero columns audited,no current/future tournament outcomes,candidate; requires ablation
diff_research_distribution_last60days_opp_three_share_median,distribution,pre-cutoff detailed game distributions across fixed windows,team 1 minus team 2,132,-1,training-fold preprocessing; unavailable/zero columns audited,no current/future tournament outcomes,candidate; requires ablation
diff_research_distribution_last60days_opp_three_share_std,distribution,pre-cutoff detailed game distributions across fixed windows,team 1 minus team 2,132,-1,training-fold preprocessing; unavailable/zero columns audited,no current/future tournament outcomes,candidate; requires ablation
diff_research_distribution_last60days_opp_three_share_min,distribution,pre-cutoff detailed game distributions across fixed windows,team 1 minus team 2,132,-1,training-fold preprocessing; unavailable/zero columns audited,no current/future tournament outcomes,candidate; requires ablation
diff_research_distribution_last60days_opp_three_share_max,distribution,pre-cutoff detailed game distributions across fixed windows,team 1 minus team 2,132,-1,training-fold preprocessing; unavailable/zero columns audited,no current/future tournament outcomes,candidate; requires ablation
diff_research_distribution_last60days_opp_three_share_count,distribution,pre-cutoff detailed game distributions across fixed windows,team 1 minus team 2,132,-1,training-fold preprocessing; unavailable/zero columns audited,no current/future tournament outcomes,candidate; requires ablation
diff_research_distribution_last60days_opp_three_share_q10,distribution,pre-cutoff detailed game distributions across fixed windows,team 1 minus team 2,132,-1,training-fold preprocessing; unavailable/zero columns audited,no current/future tournament outcomes,candidate; requires ablation
diff_research_distribution_last60days_opp_three_share_q25,distribution,pre-cutoff detailed game distributions across fixed windows,team 1 minus team 2,132,-1,training-fold preprocessing; unavailable/zero columns audited,no current/future tournament outcomes,candidate; requires ablation
diff_research_distribution_last60days_opp_three_share_q75,distribution,pre-cutoff detailed game distributions across fixed windows,team 1 minus team 2,132,-1,training-fold preprocessing; unavailable/zero columns audited,no current/future tournament outcomes,candidate; requires ablation
diff_research_distribution_last60days_opp_three_share_q90,distribution,pre-cutoff detailed game distributions across fixed windows,team 1 minus team 2,132,-1,training-fold preprocessing; unavailable/zero columns audited,no current/future tournament outcomes,candidate; requires ablation
diff_research_distribution_last60days_opp_three_share_iqr,distribution,pre-cutoff detailed game distributions across fixed windows,team 1 minus team 2,132,-1,training-fold preprocessing; unavailable/zero columns audited,no current/future tournament outcomes,candidate; requires ablation
diff_research_distribution_last60days_opp_three_share_skew,distribution,pre-cutoff detailed game distributions across fixed windows,team 1 minus team 2,132,-1,training-fold preprocessing; unavailable/zero columns audited,no current/future tournament outcomes,candidate; requires ablation
diff_research_distribution_last60days_three_accuracy_mean,distribution,pre-cutoff detailed game distributions across fixed windows,team 1 minus team 2,132,-1,training-fold preprocessing; unavailable/zero columns audited,no current/future tournament outcomes,candidate; requires ablation
diff_research_distribution_last60days_three_accuracy_median,distribution,pre-cutoff detailed game distributions across fixed windows,team 1 minus team 2,132,-1,training-fold preprocessing; unavailable/zero columns audited,no current/future tournament outcomes,candidate; requires ablation
diff_research_distribution_last60days_three_accuracy_std,distribution,pre-cutoff detailed game distributions across fixed windows,team 1 minus team 2,132,-1,training-fold preprocessing; unavailable/zero columns audited,no current/future tournament outcomes,candidate; requires ablation
diff_research_distribution_last60days_three_accuracy_min,distribution,pre-cutoff detailed game distributions across fixed windows,team 1 minus team 2,132,-1,training-fold preprocessing; unavailable/zero columns audited,no current/future tournament outcomes,candidate; requires ablation
diff_research_distribution_last60days_three_accuracy_max,distribution,pre-cutoff detailed game distributions across fixed windows,team 1 minus team 2,132,-1,training-fold preprocessing; unavailable/zero columns audited,no current/future tournament outcomes,candidate; requires ablation
diff_research_distribution_last60days_three_accuracy_count,distribution,pre-cutoff detailed game distributions across fixed windows,team 1 minus team 2,132,-1,training-fold preprocessing; unavailable/zero columns audited,no current/future tournament outcomes,candidate; requires ablation
diff_research_distribution_last60days_three_accuracy_q10,distribution,pre-cutoff detailed game distributions across fixed windows,team 1 minus team 2,132,-1,training-fold preprocessing; unavailable/zero columns audited,no current/future tournament outcomes,candidate; requires ablation
diff_research_distribution_last60days_three_accuracy_q25,distribution,pre-cutoff detailed game distributions across fixed windows,team 1 minus team 2,132,-1,training-fold preprocessing; unavailable/zero columns audited,no current/future tournament outcomes,candidate; requires ablation
diff_research_distribution_last60days_three_accuracy_q75,distribution,pre-cutoff detailed game distributions across fixed windows,team 1 minus team 2,132,-1,training-fold preprocessing; unavailable/zero columns audited,no current/future tournament outcomes,candidate; requires ablation
diff_research_distribution_last60days_three_accuracy_q90,distribution,pre-cutoff detailed game distributions across fixed windows,team 1 minus team 2,132,-1,training-fold preprocessing; unavailable/zero columns audited,no current/future tournament outcomes,candidate; requires ablation
diff_research_distribution_last60days_three_accuracy_iqr,distribution,pre-cutoff detailed game distributions across fixed windows,team 1 minus team 2,132,-1,training-fold preprocessing; unavailable/zero columns audited,no current/future tournament outcomes,candidate; requires ablation
diff_research_distribution_last60days_three_accuracy_skew,distribution,pre-cutoff detailed game distributions across fixed windows,team 1 minus team 2,132,-1,training-fold preprocessing; unavailable/zero columns audited,no current/future tournament outcomes,candidate; requires ablation
diff_research_distribution_last60days_opp_three_accuracy_mean,distribution,pre-cutoff detailed game distributions across fixed windows,team 1 minus team 2,132,-1,training-fold preprocessing; unavailable/zero columns audited,no current/future tournament outcomes,candidate; requires ablation
diff_research_distribution_last60days_opp_three_accuracy_median,distribution,pre-cutoff detailed game distributions across fixed windows,team 1 minus team 2,132,-1,training-fold preprocessing; unavailable/zero columns audited,no current/future tournament outcomes,candidate; requires ablation
diff_research_distribution_last60days_opp_three_accuracy_std,distribution,pre-cutoff detailed game distributions across fixed windows,team 1 minus team 2,132,-1,training-fold preprocessing; unavailable/zero columns audited,no current/future tournament outcomes,candidate; requires ablation
diff_research_distribution_last60days_opp_three_accuracy_min,distribution,pre-cutoff detailed game distributions across fixed windows,team 1 minus team 2,132,-1,training-fold preprocessing; unavailable/zero columns audited,no current/future tournament outcomes,candidate; requires ablation
diff_research_distribution_last60days_opp_three_accuracy_max,distribution,pre-cutoff detailed game distributions across fixed windows,team 1 minus team 2,132,-1,training-fold preprocessing; unavailable/zero columns audited,no current/future tournament outcomes,candidate; requires ablation
diff_research_distribution_last60days_opp_three_accuracy_count,distribution,pre-cutoff detailed game distributions across fixed windows,team 1 minus team 2,132,-1,training-fold preprocessing; unavailable/zero columns audited,no current/future tournament outcomes,candidate; requires ablation
diff_research_distribution_last60days_opp_three_accuracy_q10,distribution,pre-cutoff detailed game distributions across fixed windows,team 1 minus team 2,132,-1,training-fold preprocessing; unavailable/zero columns audited,no current/future tournament outcomes,candidate; requires ablation
diff_research_distribution_last60days_opp_three_accuracy_q25,distribution,pre-cutoff detailed game distributions across fixed windows,team 1 minus team 2,132,-1,training-fold preprocessing; unavailable/zero columns audited,no current/future tournament outcomes,candidate; requires ablation
diff_research_distribution_last60days_opp_three_accuracy_q75,distribution,pre-cutoff detailed game distributions across fixed windows,team 1 minus team 2,132,-1,training-fold preprocessing; unavailable/zero columns audited,no current/future tournament outcomes,candidate; requires ablation
diff_research_distribution_last60days_opp_three_accuracy_q90,distribution,pre-cutoff detailed game distributions across fixed windows,team 1 minus team 2,132,-1,training-fold preprocessing; unavailable/zero columns audited,no current/future tournament outcomes,candidate; requires ablation
diff_research_distribution_last60days_opp_three_accuracy_iqr,distribution,pre-cutoff detailed game distributions across fixed windows,team 1 minus team 2,132,-1,training-fold preprocessing; unavailable/zero columns audited,no current/future tournament outcomes,candidate; requires ablation
diff_research_distribution_last60days_opp_three_accuracy_skew,distribution,pre-cutoff detailed game distributions across fixed windows,team 1 minus team 2,132,-1,training-fold preprocessing; unavailable/zero columns audited,no current/future tournament outcomes,candidate; requires ablation
diff_research_distribution_last60days_two_accuracy_mean,distribution,pre-cutoff detailed game distributions across fixed windows,team 1 minus team 2,132,-1,training-fold preprocessing; unavailable/zero columns audited,no current/future tournament outcomes,candidate; requires ablation
diff_research_distribution_last60days_two_accuracy_median,distribution,pre-cutoff detailed game distributions across fixed windows,team 1 minus team 2,132,-1,training-fold preprocessing; unavailable/zero columns audited,no current/future tournament outcomes,candidate; requires ablation
diff_research_distribution_last60days_two_accuracy_std,distribution,pre-cutoff detailed game distributions across fixed windows,team 1 minus team 2,132,-1,training-fold preprocessing; unavailable/zero columns audited,no current/future tournament outcomes,candidate; requires ablation
diff_research_distribution_last60days_two_accuracy_min,distribution,pre-cutoff detailed game distributions across fixed windows,team 1 minus team 2,132,-1,training-fold preprocessing; unavailable/zero columns audited,no current/future tournament outcomes,candidate; requires ablation
diff_research_distribution_last60days_two_accuracy_max,distribution,pre-cutoff detailed game distributions across fixed windows,team 1 minus team 2,132,-1,training-fold preprocessing; unavailable/zero columns audited,no current/future tournament outcomes,candidate; requires ablation
diff_research_distribution_last60days_two_accuracy_count,distribution,pre-cutoff detailed game distributions across fixed windows,team 1 minus team 2,132,-1,training-fold preprocessing; unavailable/zero columns audited,no current/future tournament outcomes,candidate; requires ablation
diff_research_distribution_last60days_two_accuracy_q10,distribution,pre-cutoff detailed game distributions across fixed windows,team 1 minus team 2,132,-1,training-fold preprocessing; unavailable/zero columns audited,no current/future tournament outcomes,candidate; requires ablation
diff_research_distribution_last60days_two_accuracy_q25,distribution,pre-cutoff detailed game distributions across fixed windows,team 1 minus team 2,132,-1,training-fold preprocessing; unavailable/zero columns audited,no current/future tournament outcomes,candidate; requires ablation
diff_research_distribution_last60days_two_accuracy_q75,distribution,pre-cutoff detailed game distributions across fixed windows,team 1 minus team 2,132,-1,training-fold preprocessing; unavailable/zero columns audited,no current/future tournament outcomes,candidate; requires ablation
diff_research_distribution_last60days_two_accuracy_q90,distribution,pre-cutoff detailed game distributions across fixed windows,team 1 minus team 2,132,-1,training-fold preprocessing; unavailable/zero columns audited,no current/future tournament outcomes,candidate; requires ablation
diff_research_distribution_last60days_two_accuracy_iqr,distribution,pre-cutoff detailed game distributions across fixed windows,team 1 minus team 2,132,-1,training-fold preprocessing; unavailable/zero columns audited,no current/future tournament outcomes,candidate; requires ablation
diff_research_distribution_last60days_two_accuracy_skew,distribution,pre-cutoff detailed game distributions across fixed windows,team 1 minus team 2,132,-1,training-fold preprocessing; unavailable/zero columns audited,no current/future tournament outcomes,candidate; requires ablation
diff_research_distribution_last60days_opp_two_accuracy_mean,distribution,pre-cutoff detailed game distributions across fixed windows,team 1 minus team 2,132,-1,training-fold preprocessing; unavailable/zero columns audited,no current/future tournament outcomes,candidate; requires ablation
diff_research_distribution_last60days_opp_two_accuracy_median,distribution,pre-cutoff detailed game distributions across fixed windows,team 1 minus team 2,132,-1,training-fold preprocessing; unavailable/zero columns audited,no current/future tournament outcomes,candidate; requires ablation
diff_research_distribution_last60days_opp_two_accuracy_std,distribution,pre-cutoff detailed game distributions across fixed windows,team 1 minus team 2,132,-1,training-fold preprocessing; unavailable/zero columns audited,no current/future tournament outcomes,candidate; requires ablation
diff_research_distribution_last60days_opp_two_accuracy_min,distribution,pre-cutoff detailed game distributions across fixed windows,team 1 minus team 2,132,-1,training-fold preprocessing; unavailable/zero columns audited,no current/future tournament outcomes,candidate; requires ablation
diff_research_distribution_last60days_opp_two_accuracy_max,distribution,pre-cutoff detailed game distributions across fixed windows,team 1 minus team 2,132,-1,training-fold preprocessing; unavailable/zero columns audited,no current/future tournament outcomes,candidate; requires ablation
diff_research_distribution_last60days_opp_two_accuracy_count,distribution,pre-cutoff detailed game distributions across fixed windows,team 1 minus team 2,132,-1,training-fold preprocessing; unavailable/zero columns audited,no current/future tournament outcomes,candidate; requires ablation
diff_research_distribution_last60days_opp_two_accuracy_q10,distribution,pre-cutoff detailed game distributions across fixed windows,team 1 minus team 2,132,-1,training-fold preprocessing; unavailable/zero columns audited,no current/future tournament outcomes,candidate; requires ablation
diff_research_distribution_last60days_opp_two_accuracy_q25,distribution,pre-cutoff detailed game distributions across fixed windows,team 1 minus team 2,132,-1,training-fold preprocessing; unavailable/zero columns audited,no current/future tournament outcomes,candidate; requires ablation
diff_research_distribution_last60days_opp_two_accuracy_q75,distribution,pre-cutoff detailed game distributions across fixed windows,team 1 minus team 2,132,-1,training-fold preprocessing; unavailable/zero columns audited,no current/future tournament outcomes,candidate; requires ablation
diff_research_distribution_last60days_opp_two_accuracy_q90,distribution,pre-cutoff detailed game distributions across fixed windows,team 1 minus team 2,132,-1,training-fold preprocessing; unavailable/zero columns audited,no current/future tournament outcomes,candidate; requires ablation
diff_research_distribution_last60days_opp_two_accuracy_iqr,distribution,pre-cutoff detailed game distributions across fixed windows,team 1 minus team 2,132,-1,training-fold preprocessing; unavailable/zero columns audited,no current/future tournament outcomes,candidate; requires ablation
diff_research_distribution_last60days_opp_two_accuracy_skew,distribution,pre-cutoff detailed game distributions across fixed windows,team 1 minus team 2,132,-1,training-fold preprocessing; unavailable/zero columns audited,no current/future tournament outcomes,candidate; requires ablation
diff_research_distribution_last60days_free_accuracy_mean,distribution,pre-cutoff detailed game distributions across fixed windows,team 1 minus team 2,132,-1,training-fold preprocessing; unavailable/zero columns audited,no current/future tournament outcomes,candidate; requires ablation
diff_research_distribution_last60days_free_accuracy_median,distribution,pre-cutoff detailed game distributions across fixed windows,team 1 minus team 2,132,-1,training-fold preprocessing; unavailable/zero columns audited,no current/future tournament outcomes,candidate; requires ablation
diff_research_distribution_last60days_free_accuracy_std,distribution,pre-cutoff detailed game distributions across fixed windows,team 1 minus team 2,132,-1,training-fold preprocessing; unavailable/zero columns audited,no current/future tournament outcomes,candidate; requires ablation
diff_research_distribution_last60days_free_accuracy_min,distribution,pre-cutoff detailed game distributions across fixed windows,team 1 minus team 2,132,-1,training-fold preprocessing; unavailable/zero columns audited,no current/future tournament outcomes,candidate; requires ablation
diff_research_distribution_last60days_free_accuracy_max,distribution,pre-cutoff detailed game distributions across fixed windows,team 1 minus team 2,132,-1,training-fold preprocessing; unavailable/zero columns audited,no current/future tournament outcomes,candidate; requires ablation
diff_research_distribution_last60days_free_accuracy_count,distribution,pre-cutoff detailed game distributions across fixed windows,team 1 minus team 2,132,-1,training-fold preprocessing; unavailable/zero columns audited,no current/future tournament outcomes,candidate; requires ablation
diff_research_distribution_last60days_free_accuracy_q10,distribution,pre-cutoff detailed game distributions across fixed windows,team 1 minus team 2,132,-1,training-fold preprocessing; unavailable/zero columns audited,no current/future tournament outcomes,candidate; requires ablation
diff_research_distribution_last60days_free_accuracy_q25,distribution,pre-cutoff detailed game distributions across fixed windows,team 1 minus team 2,132,-1,training-fold preprocessing; unavailable/zero columns audited,no current/future tournament outcomes,candidate; requires ablation
diff_research_distribution_last60days_free_accuracy_q75,distribution,pre-cutoff detailed game distributions across fixed windows,team 1 minus team 2,132,-1,training-fold preprocessing; unavailable/zero columns audited,no current/future tournament outcomes,candidate; requires ablation
diff_research_distribution_last60days_free_accuracy_q90,distribution,pre-cutoff detailed game distributions across fixed windows,team 1 minus team 2,132,-1,training-fold preprocessing; unavailable/zero columns audited,no current/future tournament outcomes,candidate; requires ablation
diff_research_distribution_last60days_free_accuracy_iqr,distribution,pre-cutoff detailed game distributions across fixed windows,team 1 minus team 2,132,-1,training-fold preprocessing; unavailable/zero columns audited,no current/future tournament outcomes,candidate; requires ablation
diff_research_distribution_last60days_free_accuracy_skew,distribution,pre-cutoff detailed game distributions across fixed windows,team 1 minus team 2,132,-1,training-fold preprocessing; unavailable/zero columns audited,no current/future tournament outcomes,candidate; requires ablation
diff_research_distribution_last60days_opp_free_accuracy_mean,distribution,pre-cutoff detailed game distributions across fixed windows,team 1 minus team 2,132,-1,training-fold preprocessing; unavailable/zero columns audited,no current/future tournament outcomes,candidate; requires ablation
diff_research_distribution_last60days_opp_free_accuracy_median,distribution,pre-cutoff detailed game distributions across fixed windows,team 1 minus team 2,132,-1,training-fold preprocessing; unavailable/zero columns audited,no current/future tournament outcomes,candidate; requires ablation
diff_research_distribution_last60days_opp_free_accuracy_std,distribution,pre-cutoff detailed game distributions across fixed windows,team 1 minus team 2,132,-1,training-fold preprocessing; unavailable/zero columns audited,no current/future tournament outcomes,candidate; requires ablation
diff_research_distribution_last60days_opp_free_accuracy_min,distribution,pre-cutoff detailed game distributions across fixed windows,team 1 minus team 2,132,-1,training-fold preprocessing; unavailable/zero columns audited,no current/future tournament outcomes,candidate; requires ablation
diff_research_distribution_last60days_opp_free_accuracy_max,distribution,pre-cutoff detailed game distributions across fixed windows,team 1 minus team 2,132,-1,training-fold preprocessing; unavailable/zero columns audited,no current/future tournament outcomes,candidate; requires ablation
diff_research_distribution_last60days_opp_free_accuracy_count,distribution,pre-cutoff detailed game distributions across fixed windows,team 1 minus team 2,132,-1,training-fold preprocessing; unavailable/zero columns audited,no current/future tournament outcomes,candidate; requires ablation
diff_research_distribution_last60days_opp_free_accuracy_q10,distribution,pre-cutoff detailed game distributions across fixed windows,team 1 minus team 2,132,-1,training-fold preprocessing; unavailable/zero columns audited,no current/future tournament outcomes,candidate; requires ablation
diff_research_distribution_last60days_opp_free_accuracy_q25,distribution,pre-cutoff detailed game distributions across fixed windows,team 1 minus team 2,132,-1,training-fold preprocessing; unavailable/zero columns audited,no current/future tournament outcomes,candidate; requires ablation
diff_research_distribution_last60days_opp_free_accuracy_q75,distribution,pre-cutoff detailed game distributions across fixed windows,team 1 minus team 2,132,-1,training-fold preprocessing; unavailable/zero columns audited,no current/future tournament outcomes,candidate; requires ablation
diff_research_distribution_last60days_opp_free_accuracy_q90,distribution,pre-cutoff detailed game distributions across fixed windows,team 1 minus team 2,132,-1,training-fold preprocessing; unavailable/zero columns audited,no current/future tournament outcomes,candidate; requires ablation
diff_research_distribution_last60days_opp_free_accuracy_iqr,distribution,pre-cutoff detailed game distributions across fixed windows,team 1 minus team 2,132,-1,training-fold preprocessing; unavailable/zero columns audited,no current/future tournament outcomes,candidate; requires ablation
diff_research_distribution_last60days_opp_free_accuracy_skew,distribution,pre-cutoff detailed game distributions across fixed windows,team 1 minus team 2,132,-1,training-fold preprocessing; unavailable/zero columns audited,no current/future tournament outcomes,candidate; requires ablation
diff_research_distribution_last60days_rebound_share_mean,distribution,pre-cutoff detailed game distributions across fixed windows,team 1 minus team 2,132,-1,training-fold preprocessing; unavailable/zero columns audited,no current/future tournament outcomes,candidate; requires ablation
diff_research_distribution_last60days_rebound_share_median,distribution,pre-cutoff detailed game distributions across fixed windows,team 1 minus team 2,132,-1,training-fold preprocessing; unavailable/zero columns audited,no current/future tournament outcomes,candidate; requires ablation
diff_research_distribution_last60days_rebound_share_std,distribution,pre-cutoff detailed game distributions across fixed windows,team 1 minus team 2,132,-1,training-fold preprocessing; unavailable/zero columns audited,no current/future tournament outcomes,candidate; requires ablation
diff_research_distribution_last60days_rebound_share_min,distribution,pre-cutoff detailed game distributions across fixed windows,team 1 minus team 2,132,-1,training-fold preprocessing; unavailable/zero columns audited,no current/future tournament outcomes,candidate; requires ablation
diff_research_distribution_last60days_rebound_share_max,distribution,pre-cutoff detailed game distributions across fixed windows,team 1 minus team 2,132,-1,training-fold preprocessing; unavailable/zero columns audited,no current/future tournament outcomes,candidate; requires ablation
diff_research_distribution_last60days_rebound_share_count,distribution,pre-cutoff detailed game distributions across fixed windows,team 1 minus team 2,132,-1,training-fold preprocessing; unavailable/zero columns audited,no current/future tournament outcomes,candidate; requires ablation
diff_research_distribution_last60days_rebound_share_q10,distribution,pre-cutoff detailed game distributions across fixed windows,team 1 minus team 2,132,-1,training-fold preprocessing; unavailable/zero columns audited,no current/future tournament outcomes,candidate; requires ablation
diff_research_distribution_last60days_rebound_share_q25,distribution,pre-cutoff detailed game distributions across fixed windows,team 1 minus team 2,132,-1,training-fold preprocessing; unavailable/zero columns audited,no current/future tournament outcomes,candidate; requires ablation
diff_research_distribution_last60days_rebound_share_q75,distribution,pre-cutoff detailed game distributions across fixed windows,team 1 minus team 2,132,-1,training-fold preprocessing; unavailable/zero columns audited,no current/future tournament outcomes,candidate; requires ablation
diff_research_distribution_last60days_rebound_share_q90,distribution,pre-cutoff detailed game distributions across fixed windows,team 1 minus team 2,132,-1,training-fold preprocessing; unavailable/zero columns audited,no current/future tournament outcomes,candidate; requires ablation
diff_research_distribution_last60days_rebound_share_iqr,distribution,pre-cutoff detailed game distributions across fixed windows,team 1 minus team 2,132,-1,training-fold preprocessing; unavailable/zero columns audited,no current/future tournament outcomes,candidate; requires ablation
diff_research_distribution_last60days_rebound_share_skew,distribution,pre-cutoff detailed game distributions across fixed windows,team 1 minus team 2,132,-1,training-fold preprocessing; unavailable/zero columns audited,no current/future tournament outcomes,candidate; requires ablation
diff_research_distribution_last60days_opp_rebound_share_mean,distribution,pre-cutoff detailed game distributions across fixed windows,team 1 minus team 2,132,-1,training-fold preprocessing; unavailable/zero columns audited,no current/future tournament outcomes,candidate; requires ablation
diff_research_distribution_last60days_opp_rebound_share_median,distribution,pre-cutoff detailed game distributions across fixed windows,team 1 minus team 2,132,-1,training-fold preprocessing; unavailable/zero columns audited,no current/future tournament outcomes,candidate; requires ablation
diff_research_distribution_last60days_opp_rebound_share_std,distribution,pre-cutoff detailed game distributions across fixed windows,team 1 minus team 2,132,-1,training-fold preprocessing; unavailable/zero columns audited,no current/future tournament outcomes,candidate; requires ablation
diff_research_distribution_last60days_opp_rebound_share_min,distribution,pre-cutoff detailed game distributions across fixed windows,team 1 minus team 2,132,-1,training-fold preprocessing; unavailable/zero columns audited,no current/future tournament outcomes,candidate; requires ablation
diff_research_distribution_last60days_opp_rebound_share_max,distribution,pre-cutoff detailed game distributions across fixed windows,team 1 minus team 2,132,-1,training-fold preprocessing; unavailable/zero columns audited,no current/future tournament outcomes,candidate; requires ablation
diff_research_distribution_last60days_opp_rebound_share_count,distribution,pre-cutoff detailed game distributions across fixed windows,team 1 minus team 2,132,-1,training-fold preprocessing; unavailable/zero columns audited,no current/future tournament outcomes,candidate; requires ablation
diff_research_distribution_last60days_opp_rebound_share_q10,distribution,pre-cutoff detailed game distributions across fixed windows,team 1 minus team 2,132,-1,training-fold preprocessing; unavailable/zero columns audited,no current/future tournament outcomes,candidate; requires ablation
diff_research_distribution_last60days_opp_rebound_share_q25,distribution,pre-cutoff detailed game distributions across fixed windows,team 1 minus team 2,132,-1,training-fold preprocessing; unavailable/zero columns audited,no current/future tournament outcomes,candidate; requires ablation
diff_research_distribution_last60days_opp_rebound_share_q75,distribution,pre-cutoff detailed game distributions across fixed windows,team 1 minus team 2,132,-1,training-fold preprocessing; unavailable/zero columns audited,no current/future tournament outcomes,candidate; requires ablation
diff_research_distribution_last60days_opp_rebound_share_q90,distribution,pre-cutoff detailed game distributions across fixed windows,team 1 minus team 2,132,-1,training-fold preprocessing; unavailable/zero columns audited,no current/future tournament outcomes,candidate; requires ablation
diff_research_distribution_last60days_opp_rebound_share_iqr,distribution,pre-cutoff detailed game distributions across fixed windows,team 1 minus team 2,132,-1,training-fold preprocessing; unavailable/zero columns audited,no current/future tournament outcomes,candidate; requires ablation
diff_research_distribution_last60days_opp_rebound_share_skew,distribution,pre-cutoff detailed game distributions across fixed windows,team 1 minus team 2,132,-1,training-fold preprocessing; unavailable/zero columns audited,no current/future tournament outcomes,candidate; requires ablation
diff_research_distribution_last60days_shot_volume_mean,distribution,pre-cutoff detailed game distributions across fixed windows,team 1 minus team 2,132,-1,training-fold preprocessing; unavailable/zero columns audited,no current/future tournament outcomes,candidate; requires ablation
diff_research_distribution_last60days_shot_volume_median,distribution,pre-cutoff detailed game distributions across fixed windows,team 1 minus team 2,132,-1,training-fold preprocessing; unavailable/zero columns audited,no current/future tournament outcomes,candidate; requires ablation
diff_research_distribution_last60days_shot_volume_std,distribution,pre-cutoff detailed game distributions across fixed windows,team 1 minus team 2,132,-1,training-fold preprocessing; unavailable/zero columns audited,no current/future tournament outcomes,candidate; requires ablation
diff_research_distribution_last60days_shot_volume_min,distribution,pre-cutoff detailed game distributions across fixed windows,team 1 minus team 2,132,-1,training-fold preprocessing; unavailable/zero columns audited,no current/future tournament outcomes,candidate; requires ablation
diff_research_distribution_last60days_shot_volume_max,distribution,pre-cutoff detailed game distributions across fixed windows,team 1 minus team 2,132,-1,training-fold preprocessing; unavailable/zero columns audited,no current/future tournament outcomes,candidate; requires ablation
diff_research_distribution_last60days_shot_volume_count,distribution,pre-cutoff detailed game distributions across fixed windows,team 1 minus team 2,132,-1,training-fold preprocessing; unavailable/zero columns audited,no current/future tournament outcomes,candidate; requires ablation
diff_research_distribution_last60days_shot_volume_q10,distribution,pre-cutoff detailed game distributions across fixed windows,team 1 minus team 2,132,-1,training-fold preprocessing; unavailable/zero columns audited,no current/future tournament outcomes,candidate; requires ablation
diff_research_distribution_last60days_shot_volume_q25,distribution,pre-cutoff detailed game distributions across fixed windows,team 1 minus team 2,132,-1,training-fold preprocessing; unavailable/zero columns audited,no current/future tournament outcomes,candidate; requires ablation
diff_research_distribution_last60days_shot_volume_q75,distribution,pre-cutoff detailed game distributions across fixed windows,team 1 minus team 2,132,-1,training-fold preprocessing; unavailable/zero columns audited,no current/future tournament outcomes,candidate; requires ablation
diff_research_distribution_last60days_shot_volume_q90,distribution,pre-cutoff detailed game distributions across fixed windows,team 1 minus team 2,132,-1,training-fold preprocessing; unavailable/zero columns audited,no current/future tournament outcomes,candidate; requires ablation
diff_research_distribution_last60days_shot_volume_iqr,distribution,pre-cutoff detailed game distributions across fixed windows,team 1 minus team 2,132,-1,training-fold preprocessing; unavailable/zero columns audited,no current/future tournament outcomes,candidate; requires ablation
diff_research_distribution_last60days_shot_volume_skew,distribution,pre-cutoff detailed game distributions across fixed windows,team 1 minus team 2,132,-1,training-fold preprocessing; unavailable/zero columns audited,no current/future tournament outcomes,candidate; requires ablation
diff_research_distribution_last60days_opp_shot_volume_mean,distribution,pre-cutoff detailed game distributions across fixed windows,team 1 minus team 2,132,-1,training-fold preprocessing; unavailable/zero columns audited,no current/future tournament outcomes,candidate; requires ablation
diff_research_distribution_last60days_opp_shot_volume_median,distribution,pre-cutoff detailed game distributions across fixed windows,team 1 minus team 2,132,-1,training-fold preprocessing; unavailable/zero columns audited,no current/future tournament outcomes,candidate; requires ablation
diff_research_distribution_last60days_opp_shot_volume_std,distribution,pre-cutoff detailed game distributions across fixed windows,team 1 minus team 2,132,-1,training-fold preprocessing; unavailable/zero columns audited,no current/future tournament outcomes,candidate; requires ablation
diff_research_distribution_last60days_opp_shot_volume_min,distribution,pre-cutoff detailed game distributions across fixed windows,team 1 minus team 2,132,-1,training-fold preprocessing; unavailable/zero columns audited,no current/future tournament outcomes,candidate; requires ablation
diff_research_distribution_last60days_opp_shot_volume_max,distribution,pre-cutoff detailed game distributions across fixed windows,team 1 minus team 2,132,-1,training-fold preprocessing; unavailable/zero columns audited,no current/future tournament outcomes,candidate; requires ablation
diff_research_distribution_last60days_opp_shot_volume_count,distribution,pre-cutoff detailed game distributions across fixed windows,team 1 minus team 2,132,-1,training-fold preprocessing; unavailable/zero columns audited,no current/future tournament outcomes,candidate; requires ablation
diff_research_distribution_last60days_opp_shot_volume_q10,distribution,pre-cutoff detailed game distributions across fixed windows,team 1 minus team 2,132,-1,training-fold preprocessing; unavailable/zero columns audited,no current/future tournament outcomes,candidate; requires ablation
diff_research_distribution_last60days_opp_shot_volume_q25,distribution,pre-cutoff detailed game distributions across fixed windows,team 1 minus team 2,132,-1,training-fold preprocessing; unavailable/zero columns audited,no current/future tournament outcomes,candidate; requires ablation
diff_research_distribution_last60days_opp_shot_volume_q75,distribution,pre-cutoff detailed game distributions across fixed windows,team 1 minus team 2,132,-1,training-fold preprocessing; unavailable/zero columns audited,no current/future tournament outcomes,candidate; requires ablation
diff_research_distribution_last60days_opp_shot_volume_q90,distribution,pre-cutoff detailed game distributions across fixed windows,team 1 minus team 2,132,-1,training-fold preprocessing; unavailable/zero columns audited,no current/future tournament outcomes,candidate; requires ablation
diff_research_distribution_last60days_opp_shot_volume_iqr,distribution,pre-cutoff detailed game distributions across fixed windows,team 1 minus team 2,132,-1,training-fold preprocessing; unavailable/zero columns audited,no current/future tournament outcomes,candidate; requires ablation
diff_research_distribution_last60days_opp_shot_volume_skew,distribution,pre-cutoff detailed game distributions across fixed windows,team 1 minus team 2,132,-1,training-fold preprocessing; unavailable/zero columns audited,no current/future tournament outcomes,candidate; requires ablation
diff_research_distribution_last60days_free_points_share_mean,distribution,pre-cutoff detailed game distributions across fixed windows,team 1 minus team 2,132,-1,training-fold preprocessing; unavailable/zero columns audited,no current/future tournament outcomes,candidate; requires ablation
diff_research_distribution_last60days_free_points_share_median,distribution,pre-cutoff detailed game distributions across fixed windows,team 1 minus team 2,132,-1,training-fold preprocessing; unavailable/zero columns audited,no current/future tournament outcomes,candidate; requires ablation
diff_research_distribution_last60days_free_points_share_std,distribution,pre-cutoff detailed game distributions across fixed windows,team 1 minus team 2,132,-1,training-fold preprocessing; unavailable/zero columns audited,no current/future tournament outcomes,candidate; requires ablation
diff_research_distribution_last60days_free_points_share_min,distribution,pre-cutoff detailed game distributions across fixed windows,team 1 minus team 2,132,-1,training-fold preprocessing; unavailable/zero columns audited,no current/future tournament outcomes,candidate; requires ablation
diff_research_distribution_last60days_free_points_share_max,distribution,pre-cutoff detailed game distributions across fixed windows,team 1 minus team 2,132,-1,training-fold preprocessing; unavailable/zero columns audited,no current/future tournament outcomes,candidate; requires ablation
diff_research_distribution_last60days_free_points_share_count,distribution,pre-cutoff detailed game distributions across fixed windows,team 1 minus team 2,132,-1,training-fold preprocessing; unavailable/zero columns audited,no current/future tournament outcomes,candidate; requires ablation
diff_research_distribution_last60days_free_points_share_q10,distribution,pre-cutoff detailed game distributions across fixed windows,team 1 minus team 2,132,-1,training-fold preprocessing; unavailable/zero columns audited,no current/future tournament outcomes,candidate; requires ablation
diff_research_distribution_last60days_free_points_share_q25,distribution,pre-cutoff detailed game distributions across fixed windows,team 1 minus team 2,132,-1,training-fold preprocessing; unavailable/zero columns audited,no current/future tournament outcomes,candidate; requires ablation
diff_research_distribution_last60days_free_points_share_q75,distribution,pre-cutoff detailed game distributions across fixed windows,team 1 minus team 2,132,-1,training-fold preprocessing; unavailable/zero columns audited,no current/future tournament outcomes,candidate; requires ablation
diff_research_distribution_last60days_free_points_share_q90,distribution,pre-cutoff detailed game distributions across fixed windows,team 1 minus team 2,132,-1,training-fold preprocessing; unavailable/zero columns audited,no current/future tournament outcomes,candidate; requires ablation
diff_research_distribution_last60days_free_points_share_iqr,distribution,pre-cutoff detailed game distributions across fixed windows,team 1 minus team 2,132,-1,training-fold preprocessing; unavailable/zero columns audited,no current/future tournament outcomes,candidate; requires ablation
diff_research_distribution_last60days_free_points_share_skew,distribution,pre-cutoff detailed game distributions across fixed windows,team 1 minus team 2,132,-1,training-fold preprocessing; unavailable/zero columns audited,no current/future tournament outcomes,candidate; requires ablation
diff_research_distribution_last60days_opp_free_points_share_mean,distribution,pre-cutoff detailed game distributions across fixed windows,team 1 minus team 2,132,-1,training-fold preprocessing; unavailable/zero columns audited,no current/future tournament outcomes,candidate; requires ablation
diff_research_distribution_last60days_opp_free_points_share_median,distribution,pre-cutoff detailed game distributions across fixed windows,team 1 minus team 2,132,-1,training-fold preprocessing; unavailable/zero columns audited,no current/future tournament outcomes,candidate; requires ablation
diff_research_distribution_last60days_opp_free_points_share_std,distribution,pre-cutoff detailed game distributions across fixed windows,team 1 minus team 2,132,-1,training-fold preprocessing; unavailable/zero columns audited,no current/future tournament outcomes,candidate; requires ablation
diff_research_distribution_last60days_opp_free_points_share_min,distribution,pre-cutoff detailed game distributions across fixed windows,team 1 minus team 2,132,-1,training-fold preprocessing; unavailable/zero columns audited,no current/future tournament outcomes,candidate; requires ablation
diff_research_distribution_last60days_opp_free_points_share_max,distribution,pre-cutoff detailed game distributions across fixed windows,team 1 minus team 2,132,-1,training-fold preprocessing; unavailable/zero columns audited,no current/future tournament outcomes,candidate; requires ablation
diff_research_distribution_last60days_opp_free_points_share_count,distribution,pre-cutoff detailed game distributions across fixed windows,team 1 minus team 2,132,-1,training-fold preprocessing; unavailable/zero columns audited,no current/future tournament outcomes,candidate; requires ablation
diff_research_distribution_last60days_opp_free_points_share_q10,distribution,pre-cutoff detailed game distributions across fixed windows,team 1 minus team 2,132,-1,training-fold preprocessing; unavailable/zero columns audited,no current/future tournament outcomes,candidate; requires ablation
diff_research_distribution_last60days_opp_free_points_share_q25,distribution,pre-cutoff detailed game distributions across fixed windows,team 1 minus team 2,132,-1,training-fold preprocessing; unavailable/zero columns audited,no current/future tournament outcomes,candidate; requires ablation
diff_research_distribution_last60days_opp_free_points_share_q75,distribution,pre-cutoff detailed game distributions across fixed windows,team 1 minus team 2,132,-1,training-fold preprocessing; unavailable/zero columns audited,no current/future tournament outcomes,candidate; requires ablation
diff_research_distribution_last60days_opp_free_points_share_q90,distribution,pre-cutoff detailed game distributions across fixed windows,team 1 minus team 2,132,-1,training-fold preprocessing; unavailable/zero columns audited,no current/future tournament outcomes,candidate; requires ablation
diff_research_distribution_last60days_opp_free_points_share_iqr,distribution,pre-cutoff detailed game distributions across fixed windows,team 1 minus team 2,132,-1,training-fold preprocessing; unavailable/zero columns audited,no current/future tournament outcomes,candidate; requires ablation
diff_research_distribution_last60days_opp_free_points_share_skew,distribution,pre-cutoff detailed game distributions across fixed windows,team 1 minus team 2,132,-1,training-fold preprocessing; unavailable/zero columns audited,no current/future tournament outcomes,candidate; requires ablation
diff_research_distribution_last60days_three_points_share_mean,distribution,pre-cutoff detailed game distributions across fixed windows,team 1 minus team 2,132,-1,training-fold preprocessing; unavailable/zero columns audited,no current/future tournament outcomes,candidate; requires ablation
diff_research_distribution_last60days_three_points_share_median,distribution,pre-cutoff detailed game distributions across fixed windows,team 1 minus team 2,132,-1,training-fold preprocessing; unavailable/zero columns audited,no current/future tournament outcomes,candidate; requires ablation
diff_research_distribution_last60days_three_points_share_std,distribution,pre-cutoff detailed game distributions across fixed windows,team 1 minus team 2,132,-1,training-fold preprocessing; unavailable/zero columns audited,no current/future tournament outcomes,candidate; requires ablation
diff_research_distribution_last60days_three_points_share_min,distribution,pre-cutoff detailed game distributions across fixed windows,team 1 minus team 2,132,-1,training-fold preprocessing; unavailable/zero columns audited,no current/future tournament outcomes,candidate; requires ablation
diff_research_distribution_last60days_three_points_share_max,distribution,pre-cutoff detailed game distributions across fixed windows,team 1 minus team 2,132,-1,training-fold preprocessing; unavailable/zero columns audited,no current/future tournament outcomes,candidate; requires ablation
diff_research_distribution_last60days_three_points_share_count,distribution,pre-cutoff detailed game distributions across fixed windows,team 1 minus team 2,132,-1,training-fold preprocessing; unavailable/zero columns audited,no current/future tournament outcomes,candidate; requires ablation
diff_research_distribution_last60days_three_points_share_q10,distribution,pre-cutoff detailed game distributions across fixed windows,team 1 minus team 2,132,-1,training-fold preprocessing; unavailable/zero columns audited,no current/future tournament outcomes,candidate; requires ablation
diff_research_distribution_last60days_three_points_share_q25,distribution,pre-cutoff detailed game distributions across fixed windows,team 1 minus team 2,132,-1,training-fold preprocessing; unavailable/zero columns audited,no current/future tournament outcomes,candidate; requires ablation
diff_research_distribution_last60days_three_points_share_q75,distribution,pre-cutoff detailed game distributions across fixed windows,team 1 minus team 2,132,-1,training-fold preprocessing; unavailable/zero columns audited,no current/future tournament outcomes,candidate; requires ablation
diff_research_distribution_last60days_three_points_share_q90,distribution,pre-cutoff detailed game distributions across fixed windows,team 1 minus team 2,132,-1,training-fold preprocessing; unavailable/zero columns audited,no current/future tournament outcomes,candidate; requires ablation
diff_research_distribution_last60days_three_points_share_iqr,distribution,pre-cutoff detailed game distributions across fixed windows,team 1 minus team 2,132,-1,training-fold preprocessing; unavailable/zero columns audited,no current/future tournament outcomes,candidate; requires ablation
diff_research_distribution_last60days_three_points_share_skew,distribution,pre-cutoff detailed game distributions across fixed windows,team 1 minus team 2,132,-1,training-fold preprocessing; unavailable/zero columns audited,no current/future tournament outcomes,candidate; requires ablation
diff_research_distribution_last60days_opp_three_points_share_mean,distribution,pre-cutoff detailed game distributions across fixed windows,team 1 minus team 2,132,-1,training-fold preprocessing; unavailable/zero columns audited,no current/future tournament outcomes,candidate; requires ablation
diff_research_distribution_last60days_opp_three_points_share_median,distribution,pre-cutoff detailed game distributions across fixed windows,team 1 minus team 2,132,-1,training-fold preprocessing; unavailable/zero columns audited,no current/future tournament outcomes,candidate; requires ablation
diff_research_distribution_last60days_opp_three_points_share_std,distribution,pre-cutoff detailed game distributions across fixed windows,team 1 minus team 2,132,-1,training-fold preprocessing; unavailable/zero columns audited,no current/future tournament outcomes,candidate; requires ablation
diff_research_distribution_last60days_opp_three_points_share_min,distribution,pre-cutoff detailed game distributions across fixed windows,team 1 minus team 2,132,-1,training-fold preprocessing; unavailable/zero columns audited,no current/future tournament outcomes,candidate; requires ablation
diff_research_distribution_last60days_opp_three_points_share_max,distribution,pre-cutoff detailed game distributions across fixed windows,team 1 minus team 2,132,-1,training-fold preprocessing; unavailable/zero columns audited,no current/future tournament outcomes,candidate; requires ablation
diff_research_distribution_last60days_opp_three_points_share_count,distribution,pre-cutoff detailed game distributions across fixed windows,team 1 minus team 2,132,-1,training-fold preprocessing; unavailable/zero columns audited,no current/future tournament outcomes,candidate; requires ablation
diff_research_distribution_last60days_opp_three_points_share_q10,distribution,pre-cutoff detailed game distributions across fixed windows,team 1 minus team 2,132,-1,training-fold preprocessing; unavailable/zero columns audited,no current/future tournament outcomes,candidate; requires ablation
diff_research_distribution_last60days_opp_three_points_share_q25,distribution,pre-cutoff detailed game distributions across fixed windows,team 1 minus team 2,132,-1,training-fold preprocessing; unavailable/zero columns audited,no current/future tournament outcomes,candidate; requires ablation
diff_research_distribution_last60days_opp_three_points_share_q75,distribution,pre-cutoff detailed game distributions across fixed windows,team 1 minus team 2,132,-1,training-fold preprocessing; unavailable/zero columns audited,no current/future tournament outcomes,candidate; requires ablation
diff_research_distribution_last60days_opp_three_points_share_q90,distribution,pre-cutoff detailed game distributions across fixed windows,team 1 minus team 2,132,-1,training-fold preprocessing; unavailable/zero columns audited,no current/future tournament outcomes,candidate; requires ablation
diff_research_distribution_last60days_opp_three_points_share_iqr,distribution,pre-cutoff detailed game distributions across fixed windows,team 1 minus team 2,132,-1,training-fold preprocessing; unavailable/zero columns audited,no current/future tournament outcomes,candidate; requires ablation
diff_research_distribution_last60days_opp_three_points_share_skew,distribution,pre-cutoff detailed game distributions across fixed windows,team 1 minus team 2,132,-1,training-fold preprocessing; unavailable/zero columns audited,no current/future tournament outcomes,candidate; requires ablation
diff_research_distribution_last60days_possession_gap_mean,distribution,pre-cutoff detailed game distributions across fixed windows,team 1 minus team 2,132,-1,training-fold preprocessing; unavailable/zero columns audited,no current/future tournament outcomes,candidate; requires ablation
diff_research_distribution_last60days_possession_gap_median,distribution,pre-cutoff detailed game distributions across fixed windows,team 1 minus team 2,132,-1,training-fold preprocessing; unavailable/zero columns audited,no current/future tournament outcomes,candidate; requires ablation
diff_research_distribution_last60days_possession_gap_std,distribution,pre-cutoff detailed game distributions across fixed windows,team 1 minus team 2,132,-1,training-fold preprocessing; unavailable/zero columns audited,no current/future tournament outcomes,candidate; requires ablation
diff_research_distribution_last60days_possession_gap_min,distribution,pre-cutoff detailed game distributions across fixed windows,team 1 minus team 2,132,-1,training-fold preprocessing; unavailable/zero columns audited,no current/future tournament outcomes,candidate; requires ablation
diff_research_distribution_last60days_possession_gap_max,distribution,pre-cutoff detailed game distributions across fixed windows,team 1 minus team 2,132,-1,training-fold preprocessing; unavailable/zero columns audited,no current/future tournament outcomes,candidate; requires ablation
diff_research_distribution_last60days_possession_gap_count,distribution,pre-cutoff detailed game distributions across fixed windows,team 1 minus team 2,132,-1,training-fold preprocessing; unavailable/zero columns audited,no current/future tournament outcomes,candidate; requires ablation
diff_research_distribution_last60days_possession_gap_q10,distribution,pre-cutoff detailed game distributions across fixed windows,team 1 minus team 2,132,-1,training-fold preprocessing; unavailable/zero columns audited,no current/future tournament outcomes,candidate; requires ablation
diff_research_distribution_last60days_possession_gap_q25,distribution,pre-cutoff detailed game distributions across fixed windows,team 1 minus team 2,132,-1,training-fold preprocessing; unavailable/zero columns audited,no current/future tournament outcomes,candidate; requires ablation
diff_research_distribution_last60days_possession_gap_q75,distribution,pre-cutoff detailed game distributions across fixed windows,team 1 minus team 2,132,-1,training-fold preprocessing; unavailable/zero columns audited,no current/future tournament outcomes,candidate; requires ablation
diff_research_distribution_last60days_possession_gap_q90,distribution,pre-cutoff detailed game distributions across fixed windows,team 1 minus team 2,132,-1,training-fold preprocessing; unavailable/zero columns audited,no current/future tournament outcomes,candidate; requires ablation
diff_research_distribution_last60days_possession_gap_iqr,distribution,pre-cutoff detailed game distributions across fixed windows,team 1 minus team 2,132,-1,training-fold preprocessing; unavailable/zero columns audited,no current/future tournament outcomes,candidate; requires ablation
diff_research_distribution_last60days_possession_gap_skew,distribution,pre-cutoff detailed game distributions across fixed windows,team 1 minus team 2,132,-1,training-fold preprocessing; unavailable/zero columns audited,no current/future tournament outcomes,candidate; requires ablation
diff_research_distribution_last60days_win_mean,distribution,pre-cutoff detailed game distributions across fixed windows,team 1 minus team 2,132,-1,training-fold preprocessing; unavailable/zero columns audited,no current/future tournament outcomes,candidate; requires ablation
diff_research_distribution_last60days_win_median,distribution,pre-cutoff detailed game distributions across fixed windows,team 1 minus team 2,132,-1,training-fold preprocessing; unavailable/zero columns audited,no current/future tournament outcomes,candidate; requires ablation
diff_research_distribution_last60days_win_std,distribution,pre-cutoff detailed game distributions across fixed windows,team 1 minus team 2,132,-1,training-fold preprocessing; unavailable/zero columns audited,no current/future tournament outcomes,candidate; requires ablation
diff_research_distribution_last60days_win_min,distribution,pre-cutoff detailed game distributions across fixed windows,team 1 minus team 2,132,-1,training-fold preprocessing; unavailable/zero columns audited,no current/future tournament outcomes,candidate; requires ablation
diff_research_distribution_last60days_win_max,distribution,pre-cutoff detailed game distributions across fixed windows,team 1 minus team 2,132,-1,training-fold preprocessing; unavailable/zero columns audited,no current/future tournament outcomes,candidate; requires ablation
diff_research_distribution_last60days_win_count,distribution,pre-cutoff detailed game distributions across fixed windows,team 1 minus team 2,132,-1,training-fold preprocessing; unavailable/zero columns audited,no current/future tournament outcomes,candidate; requires ablation
diff_research_distribution_last60days_win_q10,distribution,pre-cutoff detailed game distributions across fixed windows,team 1 minus team 2,132,-1,training-fold preprocessing; unavailable/zero columns audited,no current/future tournament outcomes,candidate; requires ablation
diff_research_distribution_last60days_win_q25,distribution,pre-cutoff detailed game distributions across fixed windows,team 1 minus team 2,132,-1,training-fold preprocessing; unavailable/zero columns audited,no current/future tournament outcomes,candidate; requires ablation
diff_research_distribution_last60days_win_q75,distribution,pre-cutoff detailed game distributions across fixed windows,team 1 minus team 2,132,-1,training-fold preprocessing; unavailable/zero columns audited,no current/future tournament outcomes,candidate; requires ablation
diff_research_distribution_last60days_win_q90,distribution,pre-cutoff detailed game distributions across fixed windows,team 1 minus team 2,132,-1,training-fold preprocessing; unavailable/zero columns audited,no current/future tournament outcomes,candidate; requires ablation
diff_research_distribution_last60days_win_iqr,distribution,pre-cutoff detailed game distributions across fixed windows,team 1 minus team 2,132,-1,training-fold preprocessing; unavailable/zero columns audited,no current/future tournament outcomes,candidate; requires ablation
diff_research_distribution_last60days_win_skew,distribution,pre-cutoff detailed game distributions across fixed windows,team 1 minus team 2,132,-1,training-fold preprocessing; unavailable/zero columns audited,no current/future tournament outcomes,candidate; requires ablation
diff_research_venue_home_margin_mean,venue_profile,"pre-cutoff home, away and neutral game cohorts",team 1 minus team 2,132,-1,training-fold preprocessing; unavailable/zero columns audited,no current/future tournament outcomes,candidate; requires ablation
diff_research_venue_home_margin_std,venue_profile,"pre-cutoff home, away and neutral game cohorts",team 1 minus team 2,132,-1,training-fold preprocessing; unavailable/zero columns audited,no current/future tournament outcomes,candidate; requires ablation
diff_research_venue_home_margin_count,venue_profile,"pre-cutoff home, away and neutral game cohorts",team 1 minus team 2,132,-1,training-fold preprocessing; unavailable/zero columns audited,no current/future tournament outcomes,candidate; requires ablation
diff_research_venue_home_margin_q25,venue_profile,"pre-cutoff home, away and neutral game cohorts",team 1 minus team 2,132,-1,training-fold preprocessing; unavailable/zero columns audited,no current/future tournament outcomes,candidate; requires ablation
diff_research_venue_home_margin_q75,venue_profile,"pre-cutoff home, away and neutral game cohorts",team 1 minus team 2,132,-1,training-fold preprocessing; unavailable/zero columns audited,no current/future tournament outcomes,candidate; requires ablation
diff_research_venue_home_points_mean,venue_profile,"pre-cutoff home, away and neutral game cohorts",team 1 minus team 2,132,-1,training-fold preprocessing; unavailable/zero columns audited,no current/future tournament outcomes,candidate; requires ablation
diff_research_venue_home_points_std,venue_profile,"pre-cutoff home, away and neutral game cohorts",team 1 minus team 2,132,-1,training-fold preprocessing; unavailable/zero columns audited,no current/future tournament outcomes,candidate; requires ablation
diff_research_venue_home_points_count,venue_profile,"pre-cutoff home, away and neutral game cohorts",team 1 minus team 2,132,-1,training-fold preprocessing; unavailable/zero columns audited,no current/future tournament outcomes,candidate; requires ablation
diff_research_venue_home_points_q25,venue_profile,"pre-cutoff home, away and neutral game cohorts",team 1 minus team 2,132,-1,training-fold preprocessing; unavailable/zero columns audited,no current/future tournament outcomes,candidate; requires ablation
diff_research_venue_home_points_q75,venue_profile,"pre-cutoff home, away and neutral game cohorts",team 1 minus team 2,132,-1,training-fold preprocessing; unavailable/zero columns audited,no current/future tournament outcomes,candidate; requires ablation
diff_research_venue_home_allowed_mean,venue_profile,"pre-cutoff home, away and neutral game cohorts",team 1 minus team 2,132,-1,training-fold preprocessing; unavailable/zero columns audited,no current/future tournament outcomes,candidate; requires ablation
diff_research_venue_home_allowed_std,venue_profile,"pre-cutoff home, away and neutral game cohorts",team 1 minus team 2,132,-1,training-fold preprocessing; unavailable/zero columns audited,no current/future tournament outcomes,candidate; requires ablation
diff_research_venue_home_allowed_count,venue_profile,"pre-cutoff home, away and neutral game cohorts",team 1 minus team 2,132,-1,training-fold preprocessing; unavailable/zero columns audited,no current/future tournament outcomes,candidate; requires ablation
diff_research_venue_home_allowed_q25,venue_profile,"pre-cutoff home, away and neutral game cohorts",team 1 minus team 2,132,-1,training-fold preprocessing; unavailable/zero columns audited,no current/future tournament outcomes,candidate; requires ablation
diff_research_venue_home_allowed_q75,venue_profile,"pre-cutoff home, away and neutral game cohorts",team 1 minus team 2,132,-1,training-fold preprocessing; unavailable/zero columns audited,no current/future tournament outcomes,candidate; requires ablation
diff_research_venue_home_efficiency_mean,venue_profile,"pre-cutoff home, away and neutral game cohorts",team 1 minus team 2,132,-1,training-fold preprocessing; unavailable/zero columns audited,no current/future tournament outcomes,candidate; requires ablation
diff_research_venue_home_efficiency_std,venue_profile,"pre-cutoff home, away and neutral game cohorts",team 1 minus team 2,132,-1,training-fold preprocessing; unavailable/zero columns audited,no current/future tournament outcomes,candidate; requires ablation
diff_research_venue_home_efficiency_count,venue_profile,"pre-cutoff home, away and neutral game cohorts",team 1 minus team 2,132,-1,training-fold preprocessing; unavailable/zero columns audited,no current/future tournament outcomes,candidate; requires ablation
diff_research_venue_home_efficiency_q25,venue_profile,"pre-cutoff home, away and neutral game cohorts",team 1 minus team 2,132,-1,training-fold preprocessing; unavailable/zero columns audited,no current/future tournament outcomes,candidate; requires ablation
diff_research_venue_home_efficiency_q75,venue_profile,"pre-cutoff home, away and neutral game cohorts",team 1 minus team 2,132,-1,training-fold preprocessing; unavailable/zero columns audited,no current/future tournament outcomes,candidate; requires ablation
diff_research_venue_home_allowed_efficiency_mean,venue_profile,"pre-cutoff home, away and neutral game cohorts",team 1 minus team 2,132,-1,training-fold preprocessing; unavailable/zero columns audited,no current/future tournament outcomes,candidate; requires ablation
diff_research_venue_home_allowed_efficiency_std,venue_profile,"pre-cutoff home, away and neutral game cohorts",team 1 minus team 2,132,-1,training-fold preprocessing; unavailable/zero columns audited,no current/future tournament outcomes,candidate; requires ablation
diff_research_venue_home_allowed_efficiency_count,venue_profile,"pre-cutoff home, away and neutral game cohorts",team 1 minus team 2,132,-1,training-fold preprocessing; unavailable/zero columns audited,no current/future tournament outcomes,candidate; requires ablation
diff_research_venue_home_allowed_efficiency_q25,venue_profile,"pre-cutoff home, away and neutral game cohorts",team 1 minus team 2,132,-1,training-fold preprocessing; unavailable/zero columns audited,no current/future tournament outcomes,candidate; requires ablation
diff_research_venue_home_allowed_efficiency_q75,venue_profile,"pre-cutoff home, away and neutral game cohorts",team 1 minus team 2,132,-1,training-fold preprocessing; unavailable/zero columns audited,no current/future tournament outcomes,candidate; requires ablation
diff_research_venue_home_tempo_mean,venue_profile,"pre-cutoff home, away and neutral game cohorts",team 1 minus team 2,132,-1,training-fold preprocessing; unavailable/zero columns audited,no current/future tournament outcomes,candidate; requires ablation
diff_research_venue_home_tempo_std,venue_profile,"pre-cutoff home, away and neutral game cohorts",team 1 minus team 2,132,-1,training-fold preprocessing; unavailable/zero columns audited,no current/future tournament outcomes,candidate; requires ablation
diff_research_venue_home_tempo_count,venue_profile,"pre-cutoff home, away and neutral game cohorts",team 1 minus team 2,132,-1,training-fold preprocessing; unavailable/zero columns audited,no current/future tournament outcomes,candidate; requires ablation
diff_research_venue_home_tempo_q25,venue_profile,"pre-cutoff home, away and neutral game cohorts",team 1 minus team 2,132,-1,training-fold preprocessing; unavailable/zero columns audited,no current/future tournament outcomes,candidate; requires ablation
diff_research_venue_home_tempo_q75,venue_profile,"pre-cutoff home, away and neutral game cohorts",team 1 minus team 2,132,-1,training-fold preprocessing; unavailable/zero columns audited,no current/future tournament outcomes,candidate; requires ablation
diff_research_venue_home_efg_mean,venue_profile,"pre-cutoff home, away and neutral game cohorts",team 1 minus team 2,132,-1,training-fold preprocessing; unavailable/zero columns audited,no current/future tournament outcomes,candidate; requires ablation
diff_research_venue_home_efg_std,venue_profile,"pre-cutoff home, away and neutral game cohorts",team 1 minus team 2,132,-1,training-fold preprocessing; unavailable/zero columns audited,no current/future tournament outcomes,candidate; requires ablation
diff_research_venue_home_efg_count,venue_profile,"pre-cutoff home, away and neutral game cohorts",team 1 minus team 2,132,-1,training-fold preprocessing; unavailable/zero columns audited,no current/future tournament outcomes,candidate; requires ablation
diff_research_venue_home_efg_q25,venue_profile,"pre-cutoff home, away and neutral game cohorts",team 1 minus team 2,132,-1,training-fold preprocessing; unavailable/zero columns audited,no current/future tournament outcomes,candidate; requires ablation
diff_research_venue_home_efg_q75,venue_profile,"pre-cutoff home, away and neutral game cohorts",team 1 minus team 2,132,-1,training-fold preprocessing; unavailable/zero columns audited,no current/future tournament outcomes,candidate; requires ablation
diff_research_venue_home_opp_efg_mean,venue_profile,"pre-cutoff home, away and neutral game cohorts",team 1 minus team 2,132,-1,training-fold preprocessing; unavailable/zero columns audited,no current/future tournament outcomes,candidate; requires ablation
diff_research_venue_home_opp_efg_std,venue_profile,"pre-cutoff home, away and neutral game cohorts",team 1 minus team 2,132,-1,training-fold preprocessing; unavailable/zero columns audited,no current/future tournament outcomes,candidate; requires ablation
diff_research_venue_home_opp_efg_count,venue_profile,"pre-cutoff home, away and neutral game cohorts",team 1 minus team 2,132,-1,training-fold preprocessing; unavailable/zero columns audited,no current/future tournament outcomes,candidate; requires ablation
diff_research_venue_home_opp_efg_q25,venue_profile,"pre-cutoff home, away and neutral game cohorts",team 1 minus team 2,132,-1,training-fold preprocessing; unavailable/zero columns audited,no current/future tournament outcomes,candidate; requires ablation
diff_research_venue_home_opp_efg_q75,venue_profile,"pre-cutoff home, away and neutral game cohorts",team 1 minus team 2,132,-1,training-fold preprocessing; unavailable/zero columns audited,no current/future tournament outcomes,candidate; requires ablation
diff_research_venue_home_tov_mean,venue_profile,"pre-cutoff home, away and neutral game cohorts",team 1 minus team 2,132,-1,training-fold preprocessing; unavailable/zero columns audited,no current/future tournament outcomes,candidate; requires ablation
diff_research_venue_home_tov_std,venue_profile,"pre-cutoff home, away and neutral game cohorts",team 1 minus team 2,132,-1,training-fold preprocessing; unavailable/zero columns audited,no current/future tournament outcomes,candidate; requires ablation
diff_research_venue_home_tov_count,venue_profile,"pre-cutoff home, away and neutral game cohorts",team 1 minus team 2,132,-1,training-fold preprocessing; unavailable/zero columns audited,no current/future tournament outcomes,candidate; requires ablation
diff_research_venue_home_tov_q25,venue_profile,"pre-cutoff home, away and neutral game cohorts",team 1 minus team 2,132,-1,training-fold preprocessing; unavailable/zero columns audited,no current/future tournament outcomes,candidate; requires ablation
diff_research_venue_home_tov_q75,venue_profile,"pre-cutoff home, away and neutral game cohorts",team 1 minus team 2,132,-1,training-fold preprocessing; unavailable/zero columns audited,no current/future tournament outcomes,candidate; requires ablation
diff_research_venue_home_opp_tov_mean,venue_profile,"pre-cutoff home, away and neutral game cohorts",team 1 minus team 2,132,-1,training-fold preprocessing; unavailable/zero columns audited,no current/future tournament outcomes,candidate; requires ablation
diff_research_venue_home_opp_tov_std,venue_profile,"pre-cutoff home, away and neutral game cohorts",team 1 minus team 2,132,-1,training-fold preprocessing; unavailable/zero columns audited,no current/future tournament outcomes,candidate; requires ablation
diff_research_venue_home_opp_tov_count,venue_profile,"pre-cutoff home, away and neutral game cohorts",team 1 minus team 2,132,-1,training-fold preprocessing; unavailable/zero columns audited,no current/future tournament outcomes,candidate; requires ablation
diff_research_venue_home_opp_tov_q25,venue_profile,"pre-cutoff home, away and neutral game cohorts",team 1 minus team 2,132,-1,training-fold preprocessing; unavailable/zero columns audited,no current/future tournament outcomes,candidate; requires ablation
diff_research_venue_home_opp_tov_q75,venue_profile,"pre-cutoff home, away and neutral game cohorts",team 1 minus team 2,132,-1,training-fold preprocessing; unavailable/zero columns audited,no current/future tournament outcomes,candidate; requires ablation
diff_research_venue_home_orb_mean,venue_profile,"pre-cutoff home, away and neutral game cohorts",team 1 minus team 2,132,-1,training-fold preprocessing; unavailable/zero columns audited,no current/future tournament outcomes,candidate; requires ablation
diff_research_venue_home_orb_std,venue_profile,"pre-cutoff home, away and neutral game cohorts",team 1 minus team 2,132,-1,training-fold preprocessing; unavailable/zero columns audited,no current/future tournament outcomes,candidate; requires ablation
diff_research_venue_home_orb_count,venue_profile,"pre-cutoff home, away and neutral game cohorts",team 1 minus team 2,132,-1,training-fold preprocessing; unavailable/zero columns audited,no current/future tournament outcomes,candidate; requires ablation
diff_research_venue_home_orb_q25,venue_profile,"pre-cutoff home, away and neutral game cohorts",team 1 minus team 2,132,-1,training-fold preprocessing; unavailable/zero columns audited,no current/future tournament outcomes,candidate; requires ablation
diff_research_venue_home_orb_q75,venue_profile,"pre-cutoff home, away and neutral game cohorts",team 1 minus team 2,132,-1,training-fold preprocessing; unavailable/zero columns audited,no current/future tournament outcomes,candidate; requires ablation
diff_research_venue_home_opp_orb_mean,venue_profile,"pre-cutoff home, away and neutral game cohorts",team 1 minus team 2,132,-1,training-fold preprocessing; unavailable/zero columns audited,no current/future tournament outcomes,candidate; requires ablation
diff_research_venue_home_opp_orb_std,venue_profile,"pre-cutoff home, away and neutral game cohorts",team 1 minus team 2,132,-1,training-fold preprocessing; unavailable/zero columns audited,no current/future tournament outcomes,candidate; requires ablation
diff_research_venue_home_opp_orb_count,venue_profile,"pre-cutoff home, away and neutral game cohorts",team 1 minus team 2,132,-1,training-fold preprocessing; unavailable/zero columns audited,no current/future tournament outcomes,candidate; requires ablation
diff_research_venue_home_opp_orb_q25,venue_profile,"pre-cutoff home, away and neutral game cohorts",team 1 minus team 2,132,-1,training-fold preprocessing; unavailable/zero columns audited,no current/future tournament outcomes,candidate; requires ablation
diff_research_venue_home_opp_orb_q75,venue_profile,"pre-cutoff home, away and neutral game cohorts",team 1 minus team 2,132,-1,training-fold preprocessing; unavailable/zero columns audited,no current/future tournament outcomes,candidate; requires ablation
diff_research_venue_home_ftr_mean,venue_profile,"pre-cutoff home, away and neutral game cohorts",team 1 minus team 2,132,-1,training-fold preprocessing; unavailable/zero columns audited,no current/future tournament outcomes,candidate; requires ablation
diff_research_venue_home_ftr_std,venue_profile,"pre-cutoff home, away and neutral game cohorts",team 1 minus team 2,132,-1,training-fold preprocessing; unavailable/zero columns audited,no current/future tournament outcomes,candidate; requires ablation
diff_research_venue_home_ftr_count,venue_profile,"pre-cutoff home, away and neutral game cohorts",team 1 minus team 2,132,-1,training-fold preprocessing; unavailable/zero columns audited,no current/future tournament outcomes,candidate; requires ablation
diff_research_venue_home_ftr_q25,venue_profile,"pre-cutoff home, away and neutral game cohorts",team 1 minus team 2,132,-1,training-fold preprocessing; unavailable/zero columns audited,no current/future tournament outcomes,candidate; requires ablation
diff_research_venue_home_ftr_q75,venue_profile,"pre-cutoff home, away and neutral game cohorts",team 1 minus team 2,132,-1,training-fold preprocessing; unavailable/zero columns audited,no current/future tournament outcomes,candidate; requires ablation
diff_research_venue_home_opp_ftr_mean,venue_profile,"pre-cutoff home, away and neutral game cohorts",team 1 minus team 2,132,-1,training-fold preprocessing; unavailable/zero columns audited,no current/future tournament outcomes,candidate; requires ablation
diff_research_venue_home_opp_ftr_std,venue_profile,"pre-cutoff home, away and neutral game cohorts",team 1 minus team 2,132,-1,training-fold preprocessing; unavailable/zero columns audited,no current/future tournament outcomes,candidate; requires ablation
diff_research_venue_home_opp_ftr_count,venue_profile,"pre-cutoff home, away and neutral game cohorts",team 1 minus team 2,132,-1,training-fold preprocessing; unavailable/zero columns audited,no current/future tournament outcomes,candidate; requires ablation
diff_research_venue_home_opp_ftr_q25,venue_profile,"pre-cutoff home, away and neutral game cohorts",team 1 minus team 2,132,-1,training-fold preprocessing; unavailable/zero columns audited,no current/future tournament outcomes,candidate; requires ablation
diff_research_venue_home_opp_ftr_q75,venue_profile,"pre-cutoff home, away and neutral game cohorts",team 1 minus team 2,132,-1,training-fold preprocessing; unavailable/zero columns audited,no current/future tournament outcomes,candidate; requires ablation
diff_research_venue_home_three_share_mean,venue_profile,"pre-cutoff home, away and neutral game cohorts",team 1 minus team 2,132,-1,training-fold preprocessing; unavailable/zero columns audited,no current/future tournament outcomes,candidate; requires ablation
diff_research_venue_home_three_share_std,venue_profile,"pre-cutoff home, away and neutral game cohorts",team 1 minus team 2,132,-1,training-fold preprocessing; unavailable/zero columns audited,no current/future tournament outcomes,candidate; requires ablation
diff_research_venue_home_three_share_count,venue_profile,"pre-cutoff home, away and neutral game cohorts",team 1 minus team 2,132,-1,training-fold preprocessing; unavailable/zero columns audited,no current/future tournament outcomes,candidate; requires ablation
diff_research_venue_home_three_share_q25,venue_profile,"pre-cutoff home, away and neutral game cohorts",team 1 minus team 2,132,-1,training-fold preprocessing; unavailable/zero columns audited,no current/future tournament outcomes,candidate; requires ablation
diff_research_venue_home_three_share_q75,venue_profile,"pre-cutoff home, away and neutral game cohorts",team 1 minus team 2,132,-1,training-fold preprocessing; unavailable/zero columns audited,no current/future tournament outcomes,candidate; requires ablation
diff_research_venue_home_opp_three_share_mean,venue_profile,"pre-cutoff home, away and neutral game cohorts",team 1 minus team 2,132,-1,training-fold preprocessing; unavailable/zero columns audited,no current/future tournament outcomes,candidate; requires ablation
diff_research_venue_home_opp_three_share_std,venue_profile,"pre-cutoff home, away and neutral game cohorts",team 1 minus team 2,132,-1,training-fold preprocessing; unavailable/zero columns audited,no current/future tournament outcomes,candidate; requires ablation
diff_research_venue_home_opp_three_share_count,venue_profile,"pre-cutoff home, away and neutral game cohorts",team 1 minus team 2,132,-1,training-fold preprocessing; unavailable/zero columns audited,no current/future tournament outcomes,candidate; requires ablation
diff_research_venue_home_opp_three_share_q25,venue_profile,"pre-cutoff home, away and neutral game cohorts",team 1 minus team 2,132,-1,training-fold preprocessing; unavailable/zero columns audited,no current/future tournament outcomes,candidate; requires ablation
diff_research_venue_home_opp_three_share_q75,venue_profile,"pre-cutoff home, away and neutral game cohorts",team 1 minus team 2,132,-1,training-fold preprocessing; unavailable/zero columns audited,no current/future tournament outcomes,candidate; requires ablation
diff_research_venue_home_three_accuracy_mean,venue_profile,"pre-cutoff home, away and neutral game cohorts",team 1 minus team 2,132,-1,training-fold preprocessing; unavailable/zero columns audited,no current/future tournament outcomes,candidate; requires ablation
diff_research_venue_home_three_accuracy_std,venue_profile,"pre-cutoff home, away and neutral game cohorts",team 1 minus team 2,132,-1,training-fold preprocessing; unavailable/zero columns audited,no current/future tournament outcomes,candidate; requires ablation
diff_research_venue_home_three_accuracy_count,venue_profile,"pre-cutoff home, away and neutral game cohorts",team 1 minus team 2,132,-1,training-fold preprocessing; unavailable/zero columns audited,no current/future tournament outcomes,candidate; requires ablation
diff_research_venue_home_three_accuracy_q25,venue_profile,"pre-cutoff home, away and neutral game cohorts",team 1 minus team 2,132,-1,training-fold preprocessing; unavailable/zero columns audited,no current/future tournament outcomes,candidate; requires ablation
diff_research_venue_home_three_accuracy_q75,venue_profile,"pre-cutoff home, away and neutral game cohorts",team 1 minus team 2,132,-1,training-fold preprocessing; unavailable/zero columns audited,no current/future tournament outcomes,candidate; requires ablation
diff_research_venue_home_opp_three_accuracy_mean,venue_profile,"pre-cutoff home, away and neutral game cohorts",team 1 minus team 2,132,-1,training-fold preprocessing; unavailable/zero columns audited,no current/future tournament outcomes,candidate; requires ablation
diff_research_venue_home_opp_three_accuracy_std,venue_profile,"pre-cutoff home, away and neutral game cohorts",team 1 minus team 2,132,-1,training-fold preprocessing; unavailable/zero columns audited,no current/future tournament outcomes,candidate; requires ablation
diff_research_venue_home_opp_three_accuracy_count,venue_profile,"pre-cutoff home, away and neutral game cohorts",team 1 minus team 2,132,-1,training-fold preprocessing; unavailable/zero columns audited,no current/future tournament outcomes,candidate; requires ablation
diff_research_venue_home_opp_three_accuracy_q25,venue_profile,"pre-cutoff home, away and neutral game cohorts",team 1 minus team 2,132,-1,training-fold preprocessing; unavailable/zero columns audited,no current/future tournament outcomes,candidate; requires ablation
diff_research_venue_home_opp_three_accuracy_q75,venue_profile,"pre-cutoff home, away and neutral game cohorts",team 1 minus team 2,132,-1,training-fold preprocessing; unavailable/zero columns audited,no current/future tournament outcomes,candidate; requires ablation
diff_research_venue_home_two_accuracy_mean,venue_profile,"pre-cutoff home, away and neutral game cohorts",team 1 minus team 2,132,-1,training-fold preprocessing; unavailable/zero columns audited,no current/future tournament outcomes,candidate; requires ablation
diff_research_venue_home_two_accuracy_std,venue_profile,"pre-cutoff home, away and neutral game cohorts",team 1 minus team 2,132,-1,training-fold preprocessing; unavailable/zero columns audited,no current/future tournament outcomes,candidate; requires ablation
diff_research_venue_home_two_accuracy_count,venue_profile,"pre-cutoff home, away and neutral game cohorts",team 1 minus team 2,132,-1,training-fold preprocessing; unavailable/zero columns audited,no current/future tournament outcomes,candidate; requires ablation
diff_research_venue_home_two_accuracy_q25,venue_profile,"pre-cutoff home, away and neutral game cohorts",team 1 minus team 2,132,-1,training-fold preprocessing; unavailable/zero columns audited,no current/future tournament outcomes,candidate; requires ablation
diff_research_venue_home_two_accuracy_q75,venue_profile,"pre-cutoff home, away and neutral game cohorts",team 1 minus team 2,132,-1,training-fold preprocessing; unavailable/zero columns audited,no current/future tournament outcomes,candidate; requires ablation
diff_research_venue_home_opp_two_accuracy_mean,venue_profile,"pre-cutoff home, away and neutral game cohorts",team 1 minus team 2,132,-1,training-fold preprocessing; unavailable/zero columns audited,no current/future tournament outcomes,candidate; requires ablation
diff_research_venue_home_opp_two_accuracy_std,venue_profile,"pre-cutoff home, away and neutral game cohorts",team 1 minus team 2,132,-1,training-fold preprocessing; unavailable/zero columns audited,no current/future tournament outcomes,candidate; requires ablation
diff_research_venue_home_opp_two_accuracy_count,venue_profile,"pre-cutoff home, away and neutral game cohorts",team 1 minus team 2,132,-1,training-fold preprocessing; unavailable/zero columns audited,no current/future tournament outcomes,candidate; requires ablation
diff_research_venue_home_opp_two_accuracy_q25,venue_profile,"pre-cutoff home, away and neutral game cohorts",team 1 minus team 2,132,-1,training-fold preprocessing; unavailable/zero columns audited,no current/future tournament outcomes,candidate; requires ablation
diff_research_venue_home_opp_two_accuracy_q75,venue_profile,"pre-cutoff home, away and neutral game cohorts",team 1 minus team 2,132,-1,training-fold preprocessing; unavailable/zero columns audited,no current/future tournament outcomes,candidate; requires ablation
diff_research_venue_home_free_accuracy_mean,venue_profile,"pre-cutoff home, away and neutral game cohorts",team 1 minus team 2,132,-1,training-fold preprocessing; unavailable/zero columns audited,no current/future tournament outcomes,candidate; requires ablation
diff_research_venue_home_free_accuracy_std,venue_profile,"pre-cutoff home, away and neutral game cohorts",team 1 minus team 2,132,-1,training-fold preprocessing; unavailable/zero columns audited,no current/future tournament outcomes,candidate; requires ablation
diff_research_venue_home_free_accuracy_count,venue_profile,"pre-cutoff home, away and neutral game cohorts",team 1 minus team 2,132,-1,training-fold preprocessing; unavailable/zero columns audited,no current/future tournament outcomes,candidate; requires ablation
diff_research_venue_home_free_accuracy_q25,venue_profile,"pre-cutoff home, away and neutral game cohorts",team 1 minus team 2,132,-1,training-fold preprocessing; unavailable/zero columns audited,no current/future tournament outcomes,candidate; requires ablation
diff_research_venue_home_free_accuracy_q75,venue_profile,"pre-cutoff home, away and neutral game cohorts",team 1 minus team 2,132,-1,training-fold preprocessing; unavailable/zero columns audited,no current/future tournament outcomes,candidate; requires ablation
diff_research_venue_home_opp_free_accuracy_mean,venue_profile,"pre-cutoff home, away and neutral game cohorts",team 1 minus team 2,132,-1,training-fold preprocessing; unavailable/zero columns audited,no current/future tournament outcomes,candidate; requires ablation
diff_research_venue_home_opp_free_accuracy_std,venue_profile,"pre-cutoff home, away and neutral game cohorts",team 1 minus team 2,132,-1,training-fold preprocessing; unavailable/zero columns audited,no current/future tournament outcomes,candidate; requires ablation
diff_research_venue_home_opp_free_accuracy_count,venue_profile,"pre-cutoff home, away and neutral game cohorts",team 1 minus team 2,132,-1,training-fold preprocessing; unavailable/zero columns audited,no current/future tournament outcomes,candidate; requires ablation
diff_research_venue_home_opp_free_accuracy_q25,venue_profile,"pre-cutoff home, away and neutral game cohorts",team 1 minus team 2,132,-1,training-fold preprocessing; unavailable/zero columns audited,no current/future tournament outcomes,candidate; requires ablation
diff_research_venue_home_opp_free_accuracy_q75,venue_profile,"pre-cutoff home, away and neutral game cohorts",team 1 minus team 2,132,-1,training-fold preprocessing; unavailable/zero columns audited,no current/future tournament outcomes,candidate; requires ablation
diff_research_venue_home_rebound_share_mean,venue_profile,"pre-cutoff home, away and neutral game cohorts",team 1 minus team 2,132,-1,training-fold preprocessing; unavailable/zero columns audited,no current/future tournament outcomes,candidate; requires ablation
diff_research_venue_home_rebound_share_std,venue_profile,"pre-cutoff home, away and neutral game cohorts",team 1 minus team 2,132,-1,training-fold preprocessing; unavailable/zero columns audited,no current/future tournament outcomes,candidate; requires ablation
diff_research_venue_home_rebound_share_count,venue_profile,"pre-cutoff home, away and neutral game cohorts",team 1 minus team 2,132,-1,training-fold preprocessing; unavailable/zero columns audited,no current/future tournament outcomes,candidate; requires ablation
diff_research_venue_home_rebound_share_q25,venue_profile,"pre-cutoff home, away and neutral game cohorts",team 1 minus team 2,132,-1,training-fold preprocessing; unavailable/zero columns audited,no current/future tournament outcomes,candidate; requires ablation
diff_research_venue_home_rebound_share_q75,venue_profile,"pre-cutoff home, away and neutral game cohorts",team 1 minus team 2,132,-1,training-fold preprocessing; unavailable/zero columns audited,no current/future tournament outcomes,candidate; requires ablation
diff_research_venue_home_opp_rebound_share_mean,venue_profile,"pre-cutoff home, away and neutral game cohorts",team 1 minus team 2,132,-1,training-fold preprocessing; unavailable/zero columns audited,no current/future tournament outcomes,candidate; requires ablation
diff_research_venue_home_opp_rebound_share_std,venue_profile,"pre-cutoff home, away and neutral game cohorts",team 1 minus team 2,132,-1,training-fold preprocessing; unavailable/zero columns audited,no current/future tournament outcomes,candidate; requires ablation
diff_research_venue_home_opp_rebound_share_count,venue_profile,"pre-cutoff home, away and neutral game cohorts",team 1 minus team 2,132,-1,training-fold preprocessing; unavailable/zero columns audited,no current/future tournament outcomes,candidate; requires ablation
diff_research_venue_home_opp_rebound_share_q25,venue_profile,"pre-cutoff home, away and neutral game cohorts",team 1 minus team 2,132,-1,training-fold preprocessing; unavailable/zero columns audited,no current/future tournament outcomes,candidate; requires ablation
diff_research_venue_home_opp_rebound_share_q75,venue_profile,"pre-cutoff home, away and neutral game cohorts",team 1 minus team 2,132,-1,training-fold preprocessing; unavailable/zero columns audited,no current/future tournament outcomes,candidate; requires ablation
diff_research_venue_home_shot_volume_mean,venue_profile,"pre-cutoff home, away and neutral game cohorts",team 1 minus team 2,132,-1,training-fold preprocessing; unavailable/zero columns audited,no current/future tournament outcomes,candidate; requires ablation
diff_research_venue_home_shot_volume_std,venue_profile,"pre-cutoff home, away and neutral game cohorts",team 1 minus team 2,132,-1,training-fold preprocessing; unavailable/zero columns audited,no current/future tournament outcomes,candidate; requires ablation
diff_research_venue_home_shot_volume_count,venue_profile,"pre-cutoff home, away and neutral game cohorts",team 1 minus team 2,132,-1,training-fold preprocessing; unavailable/zero columns audited,no current/future tournament outcomes,candidate; requires ablation
diff_research_venue_home_shot_volume_q25,venue_profile,"pre-cutoff home, away and neutral game cohorts",team 1 minus team 2,132,-1,training-fold preprocessing; unavailable/zero columns audited,no current/future tournament outcomes,candidate; requires ablation
diff_research_venue_home_shot_volume_q75,venue_profile,"pre-cutoff home, away and neutral game cohorts",team 1 minus team 2,132,-1,training-fold preprocessing; unavailable/zero columns audited,no current/future tournament outcomes,candidate; requires ablation
diff_research_venue_home_opp_shot_volume_mean,venue_profile,"pre-cutoff home, away and neutral game cohorts",team 1 minus team 2,132,-1,training-fold preprocessing; unavailable/zero columns audited,no current/future tournament outcomes,candidate; requires ablation
diff_research_venue_home_opp_shot_volume_std,venue_profile,"pre-cutoff home, away and neutral game cohorts",team 1 minus team 2,132,-1,training-fold preprocessing; unavailable/zero columns audited,no current/future tournament outcomes,candidate; requires ablation
diff_research_venue_home_opp_shot_volume_count,venue_profile,"pre-cutoff home, away and neutral game cohorts",team 1 minus team 2,132,-1,training-fold preprocessing; unavailable/zero columns audited,no current/future tournament outcomes,candidate; requires ablation
diff_research_venue_home_opp_shot_volume_q25,venue_profile,"pre-cutoff home, away and neutral game cohorts",team 1 minus team 2,132,-1,training-fold preprocessing; unavailable/zero columns audited,no current/future tournament outcomes,candidate; requires ablation
diff_research_venue_home_opp_shot_volume_q75,venue_profile,"pre-cutoff home, away and neutral game cohorts",team 1 minus team 2,132,-1,training-fold preprocessing; unavailable/zero columns audited,no current/future tournament outcomes,candidate; requires ablation
diff_research_venue_home_free_points_share_mean,venue_profile,"pre-cutoff home, away and neutral game cohorts",team 1 minus team 2,132,-1,training-fold preprocessing; unavailable/zero columns audited,no current/future tournament outcomes,candidate; requires ablation
diff_research_venue_home_free_points_share_std,venue_profile,"pre-cutoff home, away and neutral game cohorts",team 1 minus team 2,132,-1,training-fold preprocessing; unavailable/zero columns audited,no current/future tournament outcomes,candidate; requires ablation
diff_research_venue_home_free_points_share_count,venue_profile,"pre-cutoff home, away and neutral game cohorts",team 1 minus team 2,132,-1,training-fold preprocessing; unavailable/zero columns audited,no current/future tournament outcomes,candidate; requires ablation
diff_research_venue_home_free_points_share_q25,venue_profile,"pre-cutoff home, away and neutral game cohorts",team 1 minus team 2,132,-1,training-fold preprocessing; unavailable/zero columns audited,no current/future tournament outcomes,candidate; requires ablation
diff_research_venue_home_free_points_share_q75,venue_profile,"pre-cutoff home, away and neutral game cohorts",team 1 minus team 2,132,-1,training-fold preprocessing; unavailable/zero columns audited,no current/future tournament outcomes,candidate; requires ablation
diff_research_venue_home_opp_free_points_share_mean,venue_profile,"pre-cutoff home, away and neutral game cohorts",team 1 minus team 2,132,-1,training-fold preprocessing; unavailable/zero columns audited,no current/future tournament outcomes,candidate; requires ablation
diff_research_venue_home_opp_free_points_share_std,venue_profile,"pre-cutoff home, away and neutral game cohorts",team 1 minus team 2,132,-1,training-fold preprocessing; unavailable/zero columns audited,no current/future tournament outcomes,candidate; requires ablation
diff_research_venue_home_opp_free_points_share_count,venue_profile,"pre-cutoff home, away and neutral game cohorts",team 1 minus team 2,132,-1,training-fold preprocessing; unavailable/zero columns audited,no current/future tournament outcomes,candidate; requires ablation
diff_research_venue_home_opp_free_points_share_q25,venue_profile,"pre-cutoff home, away and neutral game cohorts",team 1 minus team 2,132,-1,training-fold preprocessing; unavailable/zero columns audited,no current/future tournament outcomes,candidate; requires ablation
diff_research_venue_home_opp_free_points_share_q75,venue_profile,"pre-cutoff home, away and neutral game cohorts",team 1 minus team 2,132,-1,training-fold preprocessing; unavailable/zero columns audited,no current/future tournament outcomes,candidate; requires ablation
diff_research_venue_home_three_points_share_mean,venue_profile,"pre-cutoff home, away and neutral game cohorts",team 1 minus team 2,132,-1,training-fold preprocessing; unavailable/zero columns audited,no current/future tournament outcomes,candidate; requires ablation
diff_research_venue_home_three_points_share_std,venue_profile,"pre-cutoff home, away and neutral game cohorts",team 1 minus team 2,132,-1,training-fold preprocessing; unavailable/zero columns audited,no current/future tournament outcomes,candidate; requires ablation
diff_research_venue_home_three_points_share_count,venue_profile,"pre-cutoff home, away and neutral game cohorts",team 1 minus team 2,132,-1,training-fold preprocessing; unavailable/zero columns audited,no current/future tournament outcomes,candidate; requires ablation
diff_research_venue_home_three_points_share_q25,venue_profile,"pre-cutoff home, away and neutral game cohorts",team 1 minus team 2,132,-1,training-fold preprocessing; unavailable/zero columns audited,no current/future tournament outcomes,candidate; requires ablation
diff_research_venue_home_three_points_share_q75,venue_profile,"pre-cutoff home, away and neutral game cohorts",team 1 minus team 2,132,-1,training-fold preprocessing; unavailable/zero columns audited,no current/future tournament outcomes,candidate; requires ablation
diff_research_venue_home_opp_three_points_share_mean,venue_profile,"pre-cutoff home, away and neutral game cohorts",team 1 minus team 2,132,-1,training-fold preprocessing; unavailable/zero columns audited,no current/future tournament outcomes,candidate; requires ablation
diff_research_venue_home_opp_three_points_share_std,venue_profile,"pre-cutoff home, away and neutral game cohorts",team 1 minus team 2,132,-1,training-fold preprocessing; unavailable/zero columns audited,no current/future tournament outcomes,candidate; requires ablation
diff_research_venue_home_opp_three_points_share_count,venue_profile,"pre-cutoff home, away and neutral game cohorts",team 1 minus team 2,132,-1,training-fold preprocessing; unavailable/zero columns audited,no current/future tournament outcomes,candidate; requires ablation
diff_research_venue_home_opp_three_points_share_q25,venue_profile,"pre-cutoff home, away and neutral game cohorts",team 1 minus team 2,132,-1,training-fold preprocessing; unavailable/zero columns audited,no current/future tournament outcomes,candidate; requires ablation
diff_research_venue_home_opp_three_points_share_q75,venue_profile,"pre-cutoff home, away and neutral game cohorts",team 1 minus team 2,132,-1,training-fold preprocessing; unavailable/zero columns audited,no current/future tournament outcomes,candidate; requires ablation
diff_research_venue_home_possession_gap_mean,venue_profile,"pre-cutoff home, away and neutral game cohorts",team 1 minus team 2,132,-1,training-fold preprocessing; unavailable/zero columns audited,no current/future tournament outcomes,candidate; requires ablation
diff_research_venue_home_possession_gap_std,venue_profile,"pre-cutoff home, away and neutral game cohorts",team 1 minus team 2,132,-1,training-fold preprocessing; unavailable/zero columns audited,no current/future tournament outcomes,candidate; requires ablation
diff_research_venue_home_possession_gap_count,venue_profile,"pre-cutoff home, away and neutral game cohorts",team 1 minus team 2,132,-1,training-fold preprocessing; unavailable/zero columns audited,no current/future tournament outcomes,candidate; requires ablation
diff_research_venue_home_possession_gap_q25,venue_profile,"pre-cutoff home, away and neutral game cohorts",team 1 minus team 2,132,-1,training-fold preprocessing; unavailable/zero columns audited,no current/future tournament outcomes,candidate; requires ablation
diff_research_venue_home_possession_gap_q75,venue_profile,"pre-cutoff home, away and neutral game cohorts",team 1 minus team 2,132,-1,training-fold preprocessing; unavailable/zero columns audited,no current/future tournament outcomes,candidate; requires ablation
diff_research_venue_home_win_mean,venue_profile,"pre-cutoff home, away and neutral game cohorts",team 1 minus team 2,132,-1,training-fold preprocessing; unavailable/zero columns audited,no current/future tournament outcomes,candidate; requires ablation
diff_research_venue_home_win_std,venue_profile,"pre-cutoff home, away and neutral game cohorts",team 1 minus team 2,132,-1,training-fold preprocessing; unavailable/zero columns audited,no current/future tournament outcomes,candidate; requires ablation
diff_research_venue_home_win_count,venue_profile,"pre-cutoff home, away and neutral game cohorts",team 1 minus team 2,132,-1,training-fold preprocessing; unavailable/zero columns audited,no current/future tournament outcomes,candidate; requires ablation
diff_research_venue_home_win_q25,venue_profile,"pre-cutoff home, away and neutral game cohorts",team 1 minus team 2,132,-1,training-fold preprocessing; unavailable/zero columns audited,no current/future tournament outcomes,candidate; requires ablation
diff_research_venue_home_win_q75,venue_profile,"pre-cutoff home, away and neutral game cohorts",team 1 minus team 2,132,-1,training-fold preprocessing; unavailable/zero columns audited,no current/future tournament outcomes,candidate; requires ablation
diff_research_venue_road_margin_mean,venue_profile,"pre-cutoff home, away and neutral game cohorts",team 1 minus team 2,132,-1,training-fold preprocessing; unavailable/zero columns audited,no current/future tournament outcomes,candidate; requires ablation
diff_research_venue_road_margin_std,venue_profile,"pre-cutoff home, away and neutral game cohorts",team 1 minus team 2,132,-1,training-fold preprocessing; unavailable/zero columns audited,no current/future tournament outcomes,candidate; requires ablation
diff_research_venue_road_margin_count,venue_profile,"pre-cutoff home, away and neutral game cohorts",team 1 minus team 2,132,-1,training-fold preprocessing; unavailable/zero columns audited,no current/future tournament outcomes,candidate; requires ablation
diff_research_venue_road_margin_q25,venue_profile,"pre-cutoff home, away and neutral game cohorts",team 1 minus team 2,132,-1,training-fold preprocessing; unavailable/zero columns audited,no current/future tournament outcomes,candidate; requires ablation
diff_research_venue_road_margin_q75,venue_profile,"pre-cutoff home, away and neutral game cohorts",team 1 minus team 2,132,-1,training-fold preprocessing; unavailable/zero columns audited,no current/future tournament outcomes,candidate; requires ablation
diff_research_venue_road_points_mean,venue_profile,"pre-cutoff home, away and neutral game cohorts",team 1 minus team 2,132,-1,training-fold preprocessing; unavailable/zero columns audited,no current/future tournament outcomes,candidate; requires ablation
diff_research_venue_road_points_std,venue_profile,"pre-cutoff home, away and neutral game cohorts",team 1 minus team 2,132,-1,training-fold preprocessing; unavailable/zero columns audited,no current/future tournament outcomes,candidate; requires ablation
diff_research_venue_road_points_count,venue_profile,"pre-cutoff home, away and neutral game cohorts",team 1 minus team 2,132,-1,training-fold preprocessing; unavailable/zero columns audited,no current/future tournament outcomes,candidate; requires ablation
diff_research_venue_road_points_q25,venue_profile,"pre-cutoff home, away and neutral game cohorts",team 1 minus team 2,132,-1,training-fold preprocessing; unavailable/zero columns audited,no current/future tournament outcomes,candidate; requires ablation
diff_research_venue_road_points_q75,venue_profile,"pre-cutoff home, away and neutral game cohorts",team 1 minus team 2,132,-1,training-fold preprocessing; unavailable/zero columns audited,no current/future tournament outcomes,candidate; requires ablation
diff_research_venue_road_allowed_mean,venue_profile,"pre-cutoff home, away and neutral game cohorts",team 1 minus team 2,132,-1,training-fold preprocessing; unavailable/zero columns audited,no current/future tournament outcomes,candidate; requires ablation
diff_research_venue_road_allowed_std,venue_profile,"pre-cutoff home, away and neutral game cohorts",team 1 minus team 2,132,-1,training-fold preprocessing; unavailable/zero columns audited,no current/future tournament outcomes,candidate; requires ablation
diff_research_venue_road_allowed_count,venue_profile,"pre-cutoff home, away and neutral game cohorts",team 1 minus team 2,132,-1,training-fold preprocessing; unavailable/zero columns audited,no current/future tournament outcomes,candidate; requires ablation
diff_research_venue_road_allowed_q25,venue_profile,"pre-cutoff home, away and neutral game cohorts",team 1 minus team 2,132,-1,training-fold preprocessing; unavailable/zero columns audited,no current/future tournament outcomes,candidate; requires ablation
diff_research_venue_road_allowed_q75,venue_profile,"pre-cutoff home, away and neutral game cohorts",team 1 minus team 2,132,-1,training-fold preprocessing; unavailable/zero columns audited,no current/future tournament outcomes,candidate; requires ablation
diff_research_venue_road_efficiency_mean,venue_profile,"pre-cutoff home, away and neutral game cohorts",team 1 minus team 2,132,-1,training-fold preprocessing; unavailable/zero columns audited,no current/future tournament outcomes,candidate; requires ablation
diff_research_venue_road_efficiency_std,venue_profile,"pre-cutoff home, away and neutral game cohorts",team 1 minus team 2,132,-1,training-fold preprocessing; unavailable/zero columns audited,no current/future tournament outcomes,candidate; requires ablation
diff_research_venue_road_efficiency_count,venue_profile,"pre-cutoff home, away and neutral game cohorts",team 1 minus team 2,132,-1,training-fold preprocessing; unavailable/zero columns audited,no current/future tournament outcomes,candidate; requires ablation
diff_research_venue_road_efficiency_q25,venue_profile,"pre-cutoff home, away and neutral game cohorts",team 1 minus team 2,132,-1,training-fold preprocessing; unavailable/zero columns audited,no current/future tournament outcomes,candidate; requires ablation
diff_research_venue_road_efficiency_q75,venue_profile,"pre-cutoff home, away and neutral game cohorts",team 1 minus team 2,132,-1,training-fold preprocessing; unavailable/zero columns audited,no current/future tournament outcomes,candidate; requires ablation
diff_research_venue_road_allowed_efficiency_mean,venue_profile,"pre-cutoff home, away and neutral game cohorts",team 1 minus team 2,132,-1,training-fold preprocessing; unavailable/zero columns audited,no current/future tournament outcomes,candidate; requires ablation
diff_research_venue_road_allowed_efficiency_std,venue_profile,"pre-cutoff home, away and neutral game cohorts",team 1 minus team 2,132,-1,training-fold preprocessing; unavailable/zero columns audited,no current/future tournament outcomes,candidate; requires ablation
diff_research_venue_road_allowed_efficiency_count,venue_profile,"pre-cutoff home, away and neutral game cohorts",team 1 minus team 2,132,-1,training-fold preprocessing; unavailable/zero columns audited,no current/future tournament outcomes,candidate; requires ablation
diff_research_venue_road_allowed_efficiency_q25,venue_profile,"pre-cutoff home, away and neutral game cohorts",team 1 minus team 2,132,-1,training-fold preprocessing; unavailable/zero columns audited,no current/future tournament outcomes,candidate; requires ablation
diff_research_venue_road_allowed_efficiency_q75,venue_profile,"pre-cutoff home, away and neutral game cohorts",team 1 minus team 2,132,-1,training-fold preprocessing; unavailable/zero columns audited,no current/future tournament outcomes,candidate; requires ablation
diff_research_venue_road_tempo_mean,venue_profile,"pre-cutoff home, away and neutral game cohorts",team 1 minus team 2,132,-1,training-fold preprocessing; unavailable/zero columns audited,no current/future tournament outcomes,candidate; requires ablation
diff_research_venue_road_tempo_std,venue_profile,"pre-cutoff home, away and neutral game cohorts",team 1 minus team 2,132,-1,training-fold preprocessing; unavailable/zero columns audited,no current/future tournament outcomes,candidate; requires ablation
diff_research_venue_road_tempo_count,venue_profile,"pre-cutoff home, away and neutral game cohorts",team 1 minus team 2,132,-1,training-fold preprocessing; unavailable/zero columns audited,no current/future tournament outcomes,candidate; requires ablation
diff_research_venue_road_tempo_q25,venue_profile,"pre-cutoff home, away and neutral game cohorts",team 1 minus team 2,132,-1,training-fold preprocessing; unavailable/zero columns audited,no current/future tournament outcomes,candidate; requires ablation
diff_research_venue_road_tempo_q75,venue_profile,"pre-cutoff home, away and neutral game cohorts",team 1 minus team 2,132,-1,training-fold preprocessing; unavailable/zero columns audited,no current/future tournament outcomes,candidate; requires ablation
diff_research_venue_road_efg_mean,venue_profile,"pre-cutoff home, away and neutral game cohorts",team 1 minus team 2,132,-1,training-fold preprocessing; unavailable/zero columns audited,no current/future tournament outcomes,candidate; requires ablation
diff_research_venue_road_efg_std,venue_profile,"pre-cutoff home, away and neutral game cohorts",team 1 minus team 2,132,-1,training-fold preprocessing; unavailable/zero columns audited,no current/future tournament outcomes,candidate; requires ablation
diff_research_venue_road_efg_count,venue_profile,"pre-cutoff home, away and neutral game cohorts",team 1 minus team 2,132,-1,training-fold preprocessing; unavailable/zero columns audited,no current/future tournament outcomes,candidate; requires ablation
diff_research_venue_road_efg_q25,venue_profile,"pre-cutoff home, away and neutral game cohorts",team 1 minus team 2,132,-1,training-fold preprocessing; unavailable/zero columns audited,no current/future tournament outcomes,candidate; requires ablation
diff_research_venue_road_efg_q75,venue_profile,"pre-cutoff home, away and neutral game cohorts",team 1 minus team 2,132,-1,training-fold preprocessing; unavailable/zero columns audited,no current/future tournament outcomes,candidate; requires ablation
diff_research_venue_road_opp_efg_mean,venue_profile,"pre-cutoff home, away and neutral game cohorts",team 1 minus team 2,132,-1,training-fold preprocessing; unavailable/zero columns audited,no current/future tournament outcomes,candidate; requires ablation
diff_research_venue_road_opp_efg_std,venue_profile,"pre-cutoff home, away and neutral game cohorts",team 1 minus team 2,132,-1,training-fold preprocessing; unavailable/zero columns audited,no current/future tournament outcomes,candidate; requires ablation
diff_research_venue_road_opp_efg_count,venue_profile,"pre-cutoff home, away and neutral game cohorts",team 1 minus team 2,132,-1,training-fold preprocessing; unavailable/zero columns audited,no current/future tournament outcomes,candidate; requires ablation
diff_research_venue_road_opp_efg_q25,venue_profile,"pre-cutoff home, away and neutral game cohorts",team 1 minus team 2,132,-1,training-fold preprocessing; unavailable/zero columns audited,no current/future tournament outcomes,candidate; requires ablation
diff_research_venue_road_opp_efg_q75,venue_profile,"pre-cutoff home, away and neutral game cohorts",team 1 minus team 2,132,-1,training-fold preprocessing; unavailable/zero columns audited,no current/future tournament outcomes,candidate; requires ablation
diff_research_venue_road_tov_mean,venue_profile,"pre-cutoff home, away and neutral game cohorts",team 1 minus team 2,132,-1,training-fold preprocessing; unavailable/zero columns audited,no current/future tournament outcomes,candidate; requires ablation
diff_research_venue_road_tov_std,venue_profile,"pre-cutoff home, away and neutral game cohorts",team 1 minus team 2,132,-1,training-fold preprocessing; unavailable/zero columns audited,no current/future tournament outcomes,candidate; requires ablation
diff_research_venue_road_tov_count,venue_profile,"pre-cutoff home, away and neutral game cohorts",team 1 minus team 2,132,-1,training-fold preprocessing; unavailable/zero columns audited,no current/future tournament outcomes,candidate; requires ablation
diff_research_venue_road_tov_q25,venue_profile,"pre-cutoff home, away and neutral game cohorts",team 1 minus team 2,132,-1,training-fold preprocessing; unavailable/zero columns audited,no current/future tournament outcomes,candidate; requires ablation
diff_research_venue_road_tov_q75,venue_profile,"pre-cutoff home, away and neutral game cohorts",team 1 minus team 2,132,-1,training-fold preprocessing; unavailable/zero columns audited,no current/future tournament outcomes,candidate; requires ablation
diff_research_venue_road_opp_tov_mean,venue_profile,"pre-cutoff home, away and neutral game cohorts",team 1 minus team 2,132,-1,training-fold preprocessing; unavailable/zero columns audited,no current/future tournament outcomes,candidate; requires ablation
diff_research_venue_road_opp_tov_std,venue_profile,"pre-cutoff home, away and neutral game cohorts",team 1 minus team 2,132,-1,training-fold preprocessing; unavailable/zero columns audited,no current/future tournament outcomes,candidate; requires ablation
diff_research_venue_road_opp_tov_count,venue_profile,"pre-cutoff home, away and neutral game cohorts",team 1 minus team 2,132,-1,training-fold preprocessing; unavailable/zero columns audited,no current/future tournament outcomes,candidate; requires ablation
diff_research_venue_road_opp_tov_q25,venue_profile,"pre-cutoff home, away and neutral game cohorts",team 1 minus team 2,132,-1,training-fold preprocessing; unavailable/zero columns audited,no current/future tournament outcomes,candidate; requires ablation
diff_research_venue_road_opp_tov_q75,venue_profile,"pre-cutoff home, away and neutral game cohorts",team 1 minus team 2,132,-1,training-fold preprocessing; unavailable/zero columns audited,no current/future tournament outcomes,candidate; requires ablation
diff_research_venue_road_orb_mean,venue_profile,"pre-cutoff home, away and neutral game cohorts",team 1 minus team 2,132,-1,training-fold preprocessing; unavailable/zero columns audited,no current/future tournament outcomes,candidate; requires ablation
diff_research_venue_road_orb_std,venue_profile,"pre-cutoff home, away and neutral game cohorts",team 1 minus team 2,132,-1,training-fold preprocessing; unavailable/zero columns audited,no current/future tournament outcomes,candidate; requires ablation
diff_research_venue_road_orb_count,venue_profile,"pre-cutoff home, away and neutral game cohorts",team 1 minus team 2,132,-1,training-fold preprocessing; unavailable/zero columns audited,no current/future tournament outcomes,candidate; requires ablation
diff_research_venue_road_orb_q25,venue_profile,"pre-cutoff home, away and neutral game cohorts",team 1 minus team 2,132,-1,training-fold preprocessing; unavailable/zero columns audited,no current/future tournament outcomes,candidate; requires ablation
diff_research_venue_road_orb_q75,venue_profile,"pre-cutoff home, away and neutral game cohorts",team 1 minus team 2,132,-1,training-fold preprocessing; unavailable/zero columns audited,no current/future tournament outcomes,candidate; requires ablation
diff_research_venue_road_opp_orb_mean,venue_profile,"pre-cutoff home, away and neutral game cohorts",team 1 minus team 2,132,-1,training-fold preprocessing; unavailable/zero columns audited,no current/future tournament outcomes,candidate; requires ablation
diff_research_venue_road_opp_orb_std,venue_profile,"pre-cutoff home, away and neutral game cohorts",team 1 minus team 2,132,-1,training-fold preprocessing; unavailable/zero columns audited,no current/future tournament outcomes,candidate; requires ablation
diff_research_venue_road_opp_orb_count,venue_profile,"pre-cutoff home, away and neutral game cohorts",team 1 minus team 2,132,-1,training-fold preprocessing; unavailable/zero columns audited,no current/future tournament outcomes,candidate; requires ablation
diff_research_venue_road_opp_orb_q25,venue_profile,"pre-cutoff home, away and neutral game cohorts",team 1 minus team 2,132,-1,training-fold preprocessing; unavailable/zero columns audited,no current/future tournament outcomes,candidate; requires ablation
diff_research_venue_road_opp_orb_q75,venue_profile,"pre-cutoff home, away and neutral game cohorts",team 1 minus team 2,132,-1,training-fold preprocessing; unavailable/zero columns audited,no current/future tournament outcomes,candidate; requires ablation
diff_research_venue_road_ftr_mean,venue_profile,"pre-cutoff home, away and neutral game cohorts",team 1 minus team 2,132,-1,training-fold preprocessing; unavailable/zero columns audited,no current/future tournament outcomes,candidate; requires ablation
diff_research_venue_road_ftr_std,venue_profile,"pre-cutoff home, away and neutral game cohorts",team 1 minus team 2,132,-1,training-fold preprocessing; unavailable/zero columns audited,no current/future tournament outcomes,candidate; requires ablation
diff_research_venue_road_ftr_count,venue_profile,"pre-cutoff home, away and neutral game cohorts",team 1 minus team 2,132,-1,training-fold preprocessing; unavailable/zero columns audited,no current/future tournament outcomes,candidate; requires ablation
diff_research_venue_road_ftr_q25,venue_profile,"pre-cutoff home, away and neutral game cohorts",team 1 minus team 2,132,-1,training-fold preprocessing; unavailable/zero columns audited,no current/future tournament outcomes,candidate; requires ablation
diff_research_venue_road_ftr_q75,venue_profile,"pre-cutoff home, away and neutral game cohorts",team 1 minus team 2,132,-1,training-fold preprocessing; unavailable/zero columns audited,no current/future tournament outcomes,candidate; requires ablation
diff_research_venue_road_opp_ftr_mean,venue_profile,"pre-cutoff home, away and neutral game cohorts",team 1 minus team 2,132,-1,training-fold preprocessing; unavailable/zero columns audited,no current/future tournament outcomes,candidate; requires ablation
diff_research_venue_road_opp_ftr_std,venue_profile,"pre-cutoff home, away and neutral game cohorts",team 1 minus team 2,132,-1,training-fold preprocessing; unavailable/zero columns audited,no current/future tournament outcomes,candidate; requires ablation
diff_research_venue_road_opp_ftr_count,venue_profile,"pre-cutoff home, away and neutral game cohorts",team 1 minus team 2,132,-1,training-fold preprocessing; unavailable/zero columns audited,no current/future tournament outcomes,candidate; requires ablation
diff_research_venue_road_opp_ftr_q25,venue_profile,"pre-cutoff home, away and neutral game cohorts",team 1 minus team 2,132,-1,training-fold preprocessing; unavailable/zero columns audited,no current/future tournament outcomes,candidate; requires ablation
diff_research_venue_road_opp_ftr_q75,venue_profile,"pre-cutoff home, away and neutral game cohorts",team 1 minus team 2,132,-1,training-fold preprocessing; unavailable/zero columns audited,no current/future tournament outcomes,candidate; requires ablation
diff_research_venue_road_three_share_mean,venue_profile,"pre-cutoff home, away and neutral game cohorts",team 1 minus team 2,132,-1,training-fold preprocessing; unavailable/zero columns audited,no current/future tournament outcomes,candidate; requires ablation
diff_research_venue_road_three_share_std,venue_profile,"pre-cutoff home, away and neutral game cohorts",team 1 minus team 2,132,-1,training-fold preprocessing; unavailable/zero columns audited,no current/future tournament outcomes,candidate; requires ablation
diff_research_venue_road_three_share_count,venue_profile,"pre-cutoff home, away and neutral game cohorts",team 1 minus team 2,132,-1,training-fold preprocessing; unavailable/zero columns audited,no current/future tournament outcomes,candidate; requires ablation
diff_research_venue_road_three_share_q25,venue_profile,"pre-cutoff home, away and neutral game cohorts",team 1 minus team 2,132,-1,training-fold preprocessing; unavailable/zero columns audited,no current/future tournament outcomes,candidate; requires ablation
diff_research_venue_road_three_share_q75,venue_profile,"pre-cutoff home, away and neutral game cohorts",team 1 minus team 2,132,-1,training-fold preprocessing; unavailable/zero columns audited,no current/future tournament outcomes,candidate; requires ablation
diff_research_venue_road_opp_three_share_mean,venue_profile,"pre-cutoff home, away and neutral game cohorts",team 1 minus team 2,132,-1,training-fold preprocessing; unavailable/zero columns audited,no current/future tournament outcomes,candidate; requires ablation
diff_research_venue_road_opp_three_share_std,venue_profile,"pre-cutoff home, away and neutral game cohorts",team 1 minus team 2,132,-1,training-fold preprocessing; unavailable/zero columns audited,no current/future tournament outcomes,candidate; requires ablation
diff_research_venue_road_opp_three_share_count,venue_profile,"pre-cutoff home, away and neutral game cohorts",team 1 minus team 2,132,-1,training-fold preprocessing; unavailable/zero columns audited,no current/future tournament outcomes,candidate; requires ablation
diff_research_venue_road_opp_three_share_q25,venue_profile,"pre-cutoff home, away and neutral game cohorts",team 1 minus team 2,132,-1,training-fold preprocessing; unavailable/zero columns audited,no current/future tournament outcomes,candidate; requires ablation
diff_research_venue_road_opp_three_share_q75,venue_profile,"pre-cutoff home, away and neutral game cohorts",team 1 minus team 2,132,-1,training-fold preprocessing; unavailable/zero columns audited,no current/future tournament outcomes,candidate; requires ablation
diff_research_venue_road_three_accuracy_mean,venue_profile,"pre-cutoff home, away and neutral game cohorts",team 1 minus team 2,132,-1,training-fold preprocessing; unavailable/zero columns audited,no current/future tournament outcomes,candidate; requires ablation
diff_research_venue_road_three_accuracy_std,venue_profile,"pre-cutoff home, away and neutral game cohorts",team 1 minus team 2,132,-1,training-fold preprocessing; unavailable/zero columns audited,no current/future tournament outcomes,candidate; requires ablation
diff_research_venue_road_three_accuracy_count,venue_profile,"pre-cutoff home, away and neutral game cohorts",team 1 minus team 2,132,-1,training-fold preprocessing; unavailable/zero columns audited,no current/future tournament outcomes,candidate; requires ablation
diff_research_venue_road_three_accuracy_q25,venue_profile,"pre-cutoff home, away and neutral game cohorts",team 1 minus team 2,132,-1,training-fold preprocessing; unavailable/zero columns audited,no current/future tournament outcomes,candidate; requires ablation
diff_research_venue_road_three_accuracy_q75,venue_profile,"pre-cutoff home, away and neutral game cohorts",team 1 minus team 2,132,-1,training-fold preprocessing; unavailable/zero columns audited,no current/future tournament outcomes,candidate; requires ablation
diff_research_venue_road_opp_three_accuracy_mean,venue_profile,"pre-cutoff home, away and neutral game cohorts",team 1 minus team 2,132,-1,training-fold preprocessing; unavailable/zero columns audited,no current/future tournament outcomes,candidate; requires ablation
diff_research_venue_road_opp_three_accuracy_std,venue_profile,"pre-cutoff home, away and neutral game cohorts",team 1 minus team 2,132,-1,training-fold preprocessing; unavailable/zero columns audited,no current/future tournament outcomes,candidate; requires ablation
diff_research_venue_road_opp_three_accuracy_count,venue_profile,"pre-cutoff home, away and neutral game cohorts",team 1 minus team 2,132,-1,training-fold preprocessing; unavailable/zero columns audited,no current/future tournament outcomes,candidate; requires ablation
diff_research_venue_road_opp_three_accuracy_q25,venue_profile,"pre-cutoff home, away and neutral game cohorts",team 1 minus team 2,132,-1,training-fold preprocessing; unavailable/zero columns audited,no current/future tournament outcomes,candidate; requires ablation
diff_research_venue_road_opp_three_accuracy_q75,venue_profile,"pre-cutoff home, away and neutral game cohorts",team 1 minus team 2,132,-1,training-fold preprocessing; unavailable/zero columns audited,no current/future tournament outcomes,candidate; requires ablation
diff_research_venue_road_two_accuracy_mean,venue_profile,"pre-cutoff home, away and neutral game cohorts",team 1 minus team 2,132,-1,training-fold preprocessing; unavailable/zero columns audited,no current/future tournament outcomes,candidate; requires ablation
diff_research_venue_road_two_accuracy_std,venue_profile,"pre-cutoff home, away and neutral game cohorts",team 1 minus team 2,132,-1,training-fold preprocessing; unavailable/zero columns audited,no current/future tournament outcomes,candidate; requires ablation
diff_research_venue_road_two_accuracy_count,venue_profile,"pre-cutoff home, away and neutral game cohorts",team 1 minus team 2,132,-1,training-fold preprocessing; unavailable/zero columns audited,no current/future tournament outcomes,candidate; requires ablation
diff_research_venue_road_two_accuracy_q25,venue_profile,"pre-cutoff home, away and neutral game cohorts",team 1 minus team 2,132,-1,training-fold preprocessing; unavailable/zero columns audited,no current/future tournament outcomes,candidate; requires ablation
diff_research_venue_road_two_accuracy_q75,venue_profile,"pre-cutoff home, away and neutral game cohorts",team 1 minus team 2,132,-1,training-fold preprocessing; unavailable/zero columns audited,no current/future tournament outcomes,candidate; requires ablation
diff_research_venue_road_opp_two_accuracy_mean,venue_profile,"pre-cutoff home, away and neutral game cohorts",team 1 minus team 2,132,-1,training-fold preprocessing; unavailable/zero columns audited,no current/future tournament outcomes,candidate; requires ablation
diff_research_venue_road_opp_two_accuracy_std,venue_profile,"pre-cutoff home, away and neutral game cohorts",team 1 minus team 2,132,-1,training-fold preprocessing; unavailable/zero columns audited,no current/future tournament outcomes,candidate; requires ablation
diff_research_venue_road_opp_two_accuracy_count,venue_profile,"pre-cutoff home, away and neutral game cohorts",team 1 minus team 2,132,-1,training-fold preprocessing; unavailable/zero columns audited,no current/future tournament outcomes,candidate; requires ablation
diff_research_venue_road_opp_two_accuracy_q25,venue_profile,"pre-cutoff home, away and neutral game cohorts",team 1 minus team 2,132,-1,training-fold preprocessing; unavailable/zero columns audited,no current/future tournament outcomes,candidate; requires ablation
diff_research_venue_road_opp_two_accuracy_q75,venue_profile,"pre-cutoff home, away and neutral game cohorts",team 1 minus team 2,132,-1,training-fold preprocessing; unavailable/zero columns audited,no current/future tournament outcomes,candidate; requires ablation
diff_research_venue_road_free_accuracy_mean,venue_profile,"pre-cutoff home, away and neutral game cohorts",team 1 minus team 2,132,-1,training-fold preprocessing; unavailable/zero columns audited,no current/future tournament outcomes,candidate; requires ablation
diff_research_venue_road_free_accuracy_std,venue_profile,"pre-cutoff home, away and neutral game cohorts",team 1 minus team 2,132,-1,training-fold preprocessing; unavailable/zero columns audited,no current/future tournament outcomes,candidate; requires ablation
diff_research_venue_road_free_accuracy_count,venue_profile,"pre-cutoff home, away and neutral game cohorts",team 1 minus team 2,132,-1,training-fold preprocessing; unavailable/zero columns audited,no current/future tournament outcomes,candidate; requires ablation
diff_research_venue_road_free_accuracy_q25,venue_profile,"pre-cutoff home, away and neutral game cohorts",team 1 minus team 2,132,-1,training-fold preprocessing; unavailable/zero columns audited,no current/future tournament outcomes,candidate; requires ablation
diff_research_venue_road_free_accuracy_q75,venue_profile,"pre-cutoff home, away and neutral game cohorts",team 1 minus team 2,132,-1,training-fold preprocessing; unavailable/zero columns audited,no current/future tournament outcomes,candidate; requires ablation
diff_research_venue_road_opp_free_accuracy_mean,venue_profile,"pre-cutoff home, away and neutral game cohorts",team 1 minus team 2,132,-1,training-fold preprocessing; unavailable/zero columns audited,no current/future tournament outcomes,candidate; requires ablation
diff_research_venue_road_opp_free_accuracy_std,venue_profile,"pre-cutoff home, away and neutral game cohorts",team 1 minus team 2,132,-1,training-fold preprocessing; unavailable/zero columns audited,no current/future tournament outcomes,candidate; requires ablation
diff_research_venue_road_opp_free_accuracy_count,venue_profile,"pre-cutoff home, away and neutral game cohorts",team 1 minus team 2,132,-1,training-fold preprocessing; unavailable/zero columns audited,no current/future tournament outcomes,candidate; requires ablation
diff_research_venue_road_opp_free_accuracy_q25,venue_profile,"pre-cutoff home, away and neutral game cohorts",team 1 minus team 2,132,-1,training-fold preprocessing; unavailable/zero columns audited,no current/future tournament outcomes,candidate; requires ablation
diff_research_venue_road_opp_free_accuracy_q75,venue_profile,"pre-cutoff home, away and neutral game cohorts",team 1 minus team 2,132,-1,training-fold preprocessing; unavailable/zero columns audited,no current/future tournament outcomes,candidate; requires ablation
diff_research_venue_road_rebound_share_mean,venue_profile,"pre-cutoff home, away and neutral game cohorts",team 1 minus team 2,132,-1,training-fold preprocessing; unavailable/zero columns audited,no current/future tournament outcomes,candidate; requires ablation
diff_research_venue_road_rebound_share_std,venue_profile,"pre-cutoff home, away and neutral game cohorts",team 1 minus team 2,132,-1,training-fold preprocessing; unavailable/zero columns audited,no current/future tournament outcomes,candidate; requires ablation
diff_research_venue_road_rebound_share_count,venue_profile,"pre-cutoff home, away and neutral game cohorts",team 1 minus team 2,132,-1,training-fold preprocessing; unavailable/zero columns audited,no current/future tournament outcomes,candidate; requires ablation
diff_research_venue_road_rebound_share_q25,venue_profile,"pre-cutoff home, away and neutral game cohorts",team 1 minus team 2,132,-1,training-fold preprocessing; unavailable/zero columns audited,no current/future tournament outcomes,candidate; requires ablation
diff_research_venue_road_rebound_share_q75,venue_profile,"pre-cutoff home, away and neutral game cohorts",team 1 minus team 2,132,-1,training-fold preprocessing; unavailable/zero columns audited,no current/future tournament outcomes,candidate; requires ablation
diff_research_venue_road_opp_rebound_share_mean,venue_profile,"pre-cutoff home, away and neutral game cohorts",team 1 minus team 2,132,-1,training-fold preprocessing; unavailable/zero columns audited,no current/future tournament outcomes,candidate; requires ablation
diff_research_venue_road_opp_rebound_share_std,venue_profile,"pre-cutoff home, away and neutral game cohorts",team 1 minus team 2,132,-1,training-fold preprocessing; unavailable/zero columns audited,no current/future tournament outcomes,candidate; requires ablation
diff_research_venue_road_opp_rebound_share_count,venue_profile,"pre-cutoff home, away and neutral game cohorts",team 1 minus team 2,132,-1,training-fold preprocessing; unavailable/zero columns audited,no current/future tournament outcomes,candidate; requires ablation
diff_research_venue_road_opp_rebound_share_q25,venue_profile,"pre-cutoff home, away and neutral game cohorts",team 1 minus team 2,132,-1,training-fold preprocessing; unavailable/zero columns audited,no current/future tournament outcomes,candidate; requires ablation
diff_research_venue_road_opp_rebound_share_q75,venue_profile,"pre-cutoff home, away and neutral game cohorts",team 1 minus team 2,132,-1,training-fold preprocessing; unavailable/zero columns audited,no current/future tournament outcomes,candidate; requires ablation
diff_research_venue_road_shot_volume_mean,venue_profile,"pre-cutoff home, away and neutral game cohorts",team 1 minus team 2,132,-1,training-fold preprocessing; unavailable/zero columns audited,no current/future tournament outcomes,candidate; requires ablation
diff_research_venue_road_shot_volume_std,venue_profile,"pre-cutoff home, away and neutral game cohorts",team 1 minus team 2,132,-1,training-fold preprocessing; unavailable/zero columns audited,no current/future tournament outcomes,candidate; requires ablation
diff_research_venue_road_shot_volume_count,venue_profile,"pre-cutoff home, away and neutral game cohorts",team 1 minus team 2,132,-1,training-fold preprocessing; unavailable/zero columns audited,no current/future tournament outcomes,candidate; requires ablation
diff_research_venue_road_shot_volume_q25,venue_profile,"pre-cutoff home, away and neutral game cohorts",team 1 minus team 2,132,-1,training-fold preprocessing; unavailable/zero columns audited,no current/future tournament outcomes,candidate; requires ablation
diff_research_venue_road_shot_volume_q75,venue_profile,"pre-cutoff home, away and neutral game cohorts",team 1 minus team 2,132,-1,training-fold preprocessing; unavailable/zero columns audited,no current/future tournament outcomes,candidate; requires ablation
diff_research_venue_road_opp_shot_volume_mean,venue_profile,"pre-cutoff home, away and neutral game cohorts",team 1 minus team 2,132,-1,training-fold preprocessing; unavailable/zero columns audited,no current/future tournament outcomes,candidate; requires ablation
diff_research_venue_road_opp_shot_volume_std,venue_profile,"pre-cutoff home, away and neutral game cohorts",team 1 minus team 2,132,-1,training-fold preprocessing; unavailable/zero columns audited,no current/future tournament outcomes,candidate; requires ablation
diff_research_venue_road_opp_shot_volume_count,venue_profile,"pre-cutoff home, away and neutral game cohorts",team 1 minus team 2,132,-1,training-fold preprocessing; unavailable/zero columns audited,no current/future tournament outcomes,candidate; requires ablation
diff_research_venue_road_opp_shot_volume_q25,venue_profile,"pre-cutoff home, away and neutral game cohorts",team 1 minus team 2,132,-1,training-fold preprocessing; unavailable/zero columns audited,no current/future tournament outcomes,candidate; requires ablation
diff_research_venue_road_opp_shot_volume_q75,venue_profile,"pre-cutoff home, away and neutral game cohorts",team 1 minus team 2,132,-1,training-fold preprocessing; unavailable/zero columns audited,no current/future tournament outcomes,candidate; requires ablation
diff_research_venue_road_free_points_share_mean,venue_profile,"pre-cutoff home, away and neutral game cohorts",team 1 minus team 2,132,-1,training-fold preprocessing; unavailable/zero columns audited,no current/future tournament outcomes,candidate; requires ablation
diff_research_venue_road_free_points_share_std,venue_profile,"pre-cutoff home, away and neutral game cohorts",team 1 minus team 2,132,-1,training-fold preprocessing; unavailable/zero columns audited,no current/future tournament outcomes,candidate; requires ablation
diff_research_venue_road_free_points_share_count,venue_profile,"pre-cutoff home, away and neutral game cohorts",team 1 minus team 2,132,-1,training-fold preprocessing; unavailable/zero columns audited,no current/future tournament outcomes,candidate; requires ablation
diff_research_venue_road_free_points_share_q25,venue_profile,"pre-cutoff home, away and neutral game cohorts",team 1 minus team 2,132,-1,training-fold preprocessing; unavailable/zero columns audited,no current/future tournament outcomes,candidate; requires ablation
diff_research_venue_road_free_points_share_q75,venue_profile,"pre-cutoff home, away and neutral game cohorts",team 1 minus team 2,132,-1,training-fold preprocessing; unavailable/zero columns audited,no current/future tournament outcomes,candidate; requires ablation
diff_research_venue_road_opp_free_points_share_mean,venue_profile,"pre-cutoff home, away and neutral game cohorts",team 1 minus team 2,132,-1,training-fold preprocessing; unavailable/zero columns audited,no current/future tournament outcomes,candidate; requires ablation
diff_research_venue_road_opp_free_points_share_std,venue_profile,"pre-cutoff home, away and neutral game cohorts",team 1 minus team 2,132,-1,training-fold preprocessing; unavailable/zero columns audited,no current/future tournament outcomes,candidate; requires ablation
diff_research_venue_road_opp_free_points_share_count,venue_profile,"pre-cutoff home, away and neutral game cohorts",team 1 minus team 2,132,-1,training-fold preprocessing; unavailable/zero columns audited,no current/future tournament outcomes,candidate; requires ablation
diff_research_venue_road_opp_free_points_share_q25,venue_profile,"pre-cutoff home, away and neutral game cohorts",team 1 minus team 2,132,-1,training-fold preprocessing; unavailable/zero columns audited,no current/future tournament outcomes,candidate; requires ablation
diff_research_venue_road_opp_free_points_share_q75,venue_profile,"pre-cutoff home, away and neutral game cohorts",team 1 minus team 2,132,-1,training-fold preprocessing; unavailable/zero columns audited,no current/future tournament outcomes,candidate; requires ablation
diff_research_venue_road_three_points_share_mean,venue_profile,"pre-cutoff home, away and neutral game cohorts",team 1 minus team 2,132,-1,training-fold preprocessing; unavailable/zero columns audited,no current/future tournament outcomes,candidate; requires ablation
diff_research_venue_road_three_points_share_std,venue_profile,"pre-cutoff home, away and neutral game cohorts",team 1 minus team 2,132,-1,training-fold preprocessing; unavailable/zero columns audited,no current/future tournament outcomes,candidate; requires ablation
diff_research_venue_road_three_points_share_count,venue_profile,"pre-cutoff home, away and neutral game cohorts",team 1 minus team 2,132,-1,training-fold preprocessing; unavailable/zero columns audited,no current/future tournament outcomes,candidate; requires ablation
diff_research_venue_road_three_points_share_q25,venue_profile,"pre-cutoff home, away and neutral game cohorts",team 1 minus team 2,132,-1,training-fold preprocessing; unavailable/zero columns audited,no current/future tournament outcomes,candidate; requires ablation
diff_research_venue_road_three_points_share_q75,venue_profile,"pre-cutoff home, away and neutral game cohorts",team 1 minus team 2,132,-1,training-fold preprocessing; unavailable/zero columns audited,no current/future tournament outcomes,candidate; requires ablation
diff_research_venue_road_opp_three_points_share_mean,venue_profile,"pre-cutoff home, away and neutral game cohorts",team 1 minus team 2,132,-1,training-fold preprocessing; unavailable/zero columns audited,no current/future tournament outcomes,candidate; requires ablation
diff_research_venue_road_opp_three_points_share_std,venue_profile,"pre-cutoff home, away and neutral game cohorts",team 1 minus team 2,132,-1,training-fold preprocessing; unavailable/zero columns audited,no current/future tournament outcomes,candidate; requires ablation
diff_research_venue_road_opp_three_points_share_count,venue_profile,"pre-cutoff home, away and neutral game cohorts",team 1 minus team 2,132,-1,training-fold preprocessing; unavailable/zero columns audited,no current/future tournament outcomes,candidate; requires ablation
diff_research_venue_road_opp_three_points_share_q25,venue_profile,"pre-cutoff home, away and neutral game cohorts",team 1 minus team 2,132,-1,training-fold preprocessing; unavailable/zero columns audited,no current/future tournament outcomes,candidate; requires ablation
diff_research_venue_road_opp_three_points_share_q75,venue_profile,"pre-cutoff home, away and neutral game cohorts",team 1 minus team 2,132,-1,training-fold preprocessing; unavailable/zero columns audited,no current/future tournament outcomes,candidate; requires ablation
diff_research_venue_road_possession_gap_mean,venue_profile,"pre-cutoff home, away and neutral game cohorts",team 1 minus team 2,132,-1,training-fold preprocessing; unavailable/zero columns audited,no current/future tournament outcomes,candidate; requires ablation
diff_research_venue_road_possession_gap_std,venue_profile,"pre-cutoff home, away and neutral game cohorts",team 1 minus team 2,132,-1,training-fold preprocessing; unavailable/zero columns audited,no current/future tournament outcomes,candidate; requires ablation
diff_research_venue_road_possession_gap_count,venue_profile,"pre-cutoff home, away and neutral game cohorts",team 1 minus team 2,132,-1,training-fold preprocessing; unavailable/zero columns audited,no current/future tournament outcomes,candidate; requires ablation
diff_research_venue_road_possession_gap_q25,venue_profile,"pre-cutoff home, away and neutral game cohorts",team 1 minus team 2,132,-1,training-fold preprocessing; unavailable/zero columns audited,no current/future tournament outcomes,candidate; requires ablation
diff_research_venue_road_possession_gap_q75,venue_profile,"pre-cutoff home, away and neutral game cohorts",team 1 minus team 2,132,-1,training-fold preprocessing; unavailable/zero columns audited,no current/future tournament outcomes,candidate; requires ablation
diff_research_venue_road_win_mean,venue_profile,"pre-cutoff home, away and neutral game cohorts",team 1 minus team 2,132,-1,training-fold preprocessing; unavailable/zero columns audited,no current/future tournament outcomes,candidate; requires ablation
diff_research_venue_road_win_std,venue_profile,"pre-cutoff home, away and neutral game cohorts",team 1 minus team 2,132,-1,training-fold preprocessing; unavailable/zero columns audited,no current/future tournament outcomes,candidate; requires ablation
diff_research_venue_road_win_count,venue_profile,"pre-cutoff home, away and neutral game cohorts",team 1 minus team 2,132,-1,training-fold preprocessing; unavailable/zero columns audited,no current/future tournament outcomes,candidate; requires ablation
diff_research_venue_road_win_q25,venue_profile,"pre-cutoff home, away and neutral game cohorts",team 1 minus team 2,132,-1,training-fold preprocessing; unavailable/zero columns audited,no current/future tournament outcomes,candidate; requires ablation
diff_research_venue_road_win_q75,venue_profile,"pre-cutoff home, away and neutral game cohorts",team 1 minus team 2,132,-1,training-fold preprocessing; unavailable/zero columns audited,no current/future tournament outcomes,candidate; requires ablation
diff_research_venue_neutral_margin_mean,venue_profile,"pre-cutoff home, away and neutral game cohorts",team 1 minus team 2,132,-1,training-fold preprocessing; unavailable/zero columns audited,no current/future tournament outcomes,candidate; requires ablation
diff_research_venue_neutral_margin_std,venue_profile,"pre-cutoff home, away and neutral game cohorts",team 1 minus team 2,132,-1,training-fold preprocessing; unavailable/zero columns audited,no current/future tournament outcomes,candidate; requires ablation
diff_research_venue_neutral_margin_count,venue_profile,"pre-cutoff home, away and neutral game cohorts",team 1 minus team 2,132,-1,training-fold preprocessing; unavailable/zero columns audited,no current/future tournament outcomes,candidate; requires ablation
diff_research_venue_neutral_margin_q25,venue_profile,"pre-cutoff home, away and neutral game cohorts",team 1 minus team 2,132,-1,training-fold preprocessing; unavailable/zero columns audited,no current/future tournament outcomes,candidate; requires ablation
diff_research_venue_neutral_margin_q75,venue_profile,"pre-cutoff home, away and neutral game cohorts",team 1 minus team 2,132,-1,training-fold preprocessing; unavailable/zero columns audited,no current/future tournament outcomes,candidate; requires ablation
diff_research_venue_neutral_points_mean,venue_profile,"pre-cutoff home, away and neutral game cohorts",team 1 minus team 2,132,-1,training-fold preprocessing; unavailable/zero columns audited,no current/future tournament outcomes,candidate; requires ablation
diff_research_venue_neutral_points_std,venue_profile,"pre-cutoff home, away and neutral game cohorts",team 1 minus team 2,132,-1,training-fold preprocessing; unavailable/zero columns audited,no current/future tournament outcomes,candidate; requires ablation
diff_research_venue_neutral_points_count,venue_profile,"pre-cutoff home, away and neutral game cohorts",team 1 minus team 2,132,-1,training-fold preprocessing; unavailable/zero columns audited,no current/future tournament outcomes,candidate; requires ablation
diff_research_venue_neutral_points_q25,venue_profile,"pre-cutoff home, away and neutral game cohorts",team 1 minus team 2,132,-1,training-fold preprocessing; unavailable/zero columns audited,no current/future tournament outcomes,candidate; requires ablation
diff_research_venue_neutral_points_q75,venue_profile,"pre-cutoff home, away and neutral game cohorts",team 1 minus team 2,132,-1,training-fold preprocessing; unavailable/zero columns audited,no current/future tournament outcomes,candidate; requires ablation
diff_research_venue_neutral_allowed_mean,venue_profile,"pre-cutoff home, away and neutral game cohorts",team 1 minus team 2,132,-1,training-fold preprocessing; unavailable/zero columns audited,no current/future tournament outcomes,candidate; requires ablation
diff_research_venue_neutral_allowed_std,venue_profile,"pre-cutoff home, away and neutral game cohorts",team 1 minus team 2,132,-1,training-fold preprocessing; unavailable/zero columns audited,no current/future tournament outcomes,candidate; requires ablation
diff_research_venue_neutral_allowed_count,venue_profile,"pre-cutoff home, away and neutral game cohorts",team 1 minus team 2,132,-1,training-fold preprocessing; unavailable/zero columns audited,no current/future tournament outcomes,candidate; requires ablation
diff_research_venue_neutral_allowed_q25,venue_profile,"pre-cutoff home, away and neutral game cohorts",team 1 minus team 2,132,-1,training-fold preprocessing; unavailable/zero columns audited,no current/future tournament outcomes,candidate; requires ablation
diff_research_venue_neutral_allowed_q75,venue_profile,"pre-cutoff home, away and neutral game cohorts",team 1 minus team 2,132,-1,training-fold preprocessing; unavailable/zero columns audited,no current/future tournament outcomes,candidate; requires ablation
diff_research_venue_neutral_efficiency_mean,venue_profile,"pre-cutoff home, away and neutral game cohorts",team 1 minus team 2,132,-1,training-fold preprocessing; unavailable/zero columns audited,no current/future tournament outcomes,candidate; requires ablation
diff_research_venue_neutral_efficiency_std,venue_profile,"pre-cutoff home, away and neutral game cohorts",team 1 minus team 2,132,-1,training-fold preprocessing; unavailable/zero columns audited,no current/future tournament outcomes,candidate; requires ablation
diff_research_venue_neutral_efficiency_count,venue_profile,"pre-cutoff home, away and neutral game cohorts",team 1 minus team 2,132,-1,training-fold preprocessing; unavailable/zero columns audited,no current/future tournament outcomes,candidate; requires ablation
diff_research_venue_neutral_efficiency_q25,venue_profile,"pre-cutoff home, away and neutral game cohorts",team 1 minus team 2,132,-1,training-fold preprocessing; unavailable/zero columns audited,no current/future tournament outcomes,candidate; requires ablation
diff_research_venue_neutral_efficiency_q75,venue_profile,"pre-cutoff home, away and neutral game cohorts",team 1 minus team 2,132,-1,training-fold preprocessing; unavailable/zero columns audited,no current/future tournament outcomes,candidate; requires ablation
diff_research_venue_neutral_allowed_efficiency_mean,venue_profile,"pre-cutoff home, away and neutral game cohorts",team 1 minus team 2,132,-1,training-fold preprocessing; unavailable/zero columns audited,no current/future tournament outcomes,candidate; requires ablation
diff_research_venue_neutral_allowed_efficiency_std,venue_profile,"pre-cutoff home, away and neutral game cohorts",team 1 minus team 2,132,-1,training-fold preprocessing; unavailable/zero columns audited,no current/future tournament outcomes,candidate; requires ablation
diff_research_venue_neutral_allowed_efficiency_count,venue_profile,"pre-cutoff home, away and neutral game cohorts",team 1 minus team 2,132,-1,training-fold preprocessing; unavailable/zero columns audited,no current/future tournament outcomes,candidate; requires ablation
diff_research_venue_neutral_allowed_efficiency_q25,venue_profile,"pre-cutoff home, away and neutral game cohorts",team 1 minus team 2,132,-1,training-fold preprocessing; unavailable/zero columns audited,no current/future tournament outcomes,candidate; requires ablation
diff_research_venue_neutral_allowed_efficiency_q75,venue_profile,"pre-cutoff home, away and neutral game cohorts",team 1 minus team 2,132,-1,training-fold preprocessing; unavailable/zero columns audited,no current/future tournament outcomes,candidate; requires ablation
diff_research_venue_neutral_tempo_mean,venue_profile,"pre-cutoff home, away and neutral game cohorts",team 1 minus team 2,132,-1,training-fold preprocessing; unavailable/zero columns audited,no current/future tournament outcomes,candidate; requires ablation
diff_research_venue_neutral_tempo_std,venue_profile,"pre-cutoff home, away and neutral game cohorts",team 1 minus team 2,132,-1,training-fold preprocessing; unavailable/zero columns audited,no current/future tournament outcomes,candidate; requires ablation
diff_research_venue_neutral_tempo_count,venue_profile,"pre-cutoff home, away and neutral game cohorts",team 1 minus team 2,132,-1,training-fold preprocessing; unavailable/zero columns audited,no current/future tournament outcomes,candidate; requires ablation
diff_research_venue_neutral_tempo_q25,venue_profile,"pre-cutoff home, away and neutral game cohorts",team 1 minus team 2,132,-1,training-fold preprocessing; unavailable/zero columns audited,no current/future tournament outcomes,candidate; requires ablation
diff_research_venue_neutral_tempo_q75,venue_profile,"pre-cutoff home, away and neutral game cohorts",team 1 minus team 2,132,-1,training-fold preprocessing; unavailable/zero columns audited,no current/future tournament outcomes,candidate; requires ablation
diff_research_venue_neutral_efg_mean,venue_profile,"pre-cutoff home, away and neutral game cohorts",team 1 minus team 2,132,-1,training-fold preprocessing; unavailable/zero columns audited,no current/future tournament outcomes,candidate; requires ablation
diff_research_venue_neutral_efg_std,venue_profile,"pre-cutoff home, away and neutral game cohorts",team 1 minus team 2,132,-1,training-fold preprocessing; unavailable/zero columns audited,no current/future tournament outcomes,candidate; requires ablation
diff_research_venue_neutral_efg_count,venue_profile,"pre-cutoff home, away and neutral game cohorts",team 1 minus team 2,132,-1,training-fold preprocessing; unavailable/zero columns audited,no current/future tournament outcomes,candidate; requires ablation
diff_research_venue_neutral_efg_q25,venue_profile,"pre-cutoff home, away and neutral game cohorts",team 1 minus team 2,132,-1,training-fold preprocessing; unavailable/zero columns audited,no current/future tournament outcomes,candidate; requires ablation
diff_research_venue_neutral_efg_q75,venue_profile,"pre-cutoff home, away and neutral game cohorts",team 1 minus team 2,132,-1,training-fold preprocessing; unavailable/zero columns audited,no current/future tournament outcomes,candidate; requires ablation
diff_research_venue_neutral_opp_efg_mean,venue_profile,"pre-cutoff home, away and neutral game cohorts",team 1 minus team 2,132,-1,training-fold preprocessing; unavailable/zero columns audited,no current/future tournament outcomes,candidate; requires ablation
diff_research_venue_neutral_opp_efg_std,venue_profile,"pre-cutoff home, away and neutral game cohorts",team 1 minus team 2,132,-1,training-fold preprocessing; unavailable/zero columns audited,no current/future tournament outcomes,candidate; requires ablation
diff_research_venue_neutral_opp_efg_count,venue_profile,"pre-cutoff home, away and neutral game cohorts",team 1 minus team 2,132,-1,training-fold preprocessing; unavailable/zero columns audited,no current/future tournament outcomes,candidate; requires ablation
diff_research_venue_neutral_opp_efg_q25,venue_profile,"pre-cutoff home, away and neutral game cohorts",team 1 minus team 2,132,-1,training-fold preprocessing; unavailable/zero columns audited,no current/future tournament outcomes,candidate; requires ablation
diff_research_venue_neutral_opp_efg_q75,venue_profile,"pre-cutoff home, away and neutral game cohorts",team 1 minus team 2,132,-1,training-fold preprocessing; unavailable/zero columns audited,no current/future tournament outcomes,candidate; requires ablation
diff_research_venue_neutral_tov_mean,venue_profile,"pre-cutoff home, away and neutral game cohorts",team 1 minus team 2,132,-1,training-fold preprocessing; unavailable/zero columns audited,no current/future tournament outcomes,candidate; requires ablation
diff_research_venue_neutral_tov_std,venue_profile,"pre-cutoff home, away and neutral game cohorts",team 1 minus team 2,132,-1,training-fold preprocessing; unavailable/zero columns audited,no current/future tournament outcomes,candidate; requires ablation
diff_research_venue_neutral_tov_count,venue_profile,"pre-cutoff home, away and neutral game cohorts",team 1 minus team 2,132,-1,training-fold preprocessing; unavailable/zero columns audited,no current/future tournament outcomes,candidate; requires ablation
diff_research_venue_neutral_tov_q25,venue_profile,"pre-cutoff home, away and neutral game cohorts",team 1 minus team 2,132,-1,training-fold preprocessing; unavailable/zero columns audited,no current/future tournament outcomes,candidate; requires ablation
diff_research_venue_neutral_tov_q75,venue_profile,"pre-cutoff home, away and neutral game cohorts",team 1 minus team 2,132,-1,training-fold preprocessing; unavailable/zero columns audited,no current/future tournament outcomes,candidate; requires ablation
diff_research_venue_neutral_opp_tov_mean,venue_profile,"pre-cutoff home, away and neutral game cohorts",team 1 minus team 2,132,-1,training-fold preprocessing; unavailable/zero columns audited,no current/future tournament outcomes,candidate; requires ablation
diff_research_venue_neutral_opp_tov_std,venue_profile,"pre-cutoff home, away and neutral game cohorts",team 1 minus team 2,132,-1,training-fold preprocessing; unavailable/zero columns audited,no current/future tournament outcomes,candidate; requires ablation
diff_research_venue_neutral_opp_tov_count,venue_profile,"pre-cutoff home, away and neutral game cohorts",team 1 minus team 2,132,-1,training-fold preprocessing; unavailable/zero columns audited,no current/future tournament outcomes,candidate; requires ablation
diff_research_venue_neutral_opp_tov_q25,venue_profile,"pre-cutoff home, away and neutral game cohorts",team 1 minus team 2,132,-1,training-fold preprocessing; unavailable/zero columns audited,no current/future tournament outcomes,candidate; requires ablation
diff_research_venue_neutral_opp_tov_q75,venue_profile,"pre-cutoff home, away and neutral game cohorts",team 1 minus team 2,132,-1,training-fold preprocessing; unavailable/zero columns audited,no current/future tournament outcomes,candidate; requires ablation
diff_research_venue_neutral_orb_mean,venue_profile,"pre-cutoff home, away and neutral game cohorts",team 1 minus team 2,132,-1,training-fold preprocessing; unavailable/zero columns audited,no current/future tournament outcomes,candidate; requires ablation
diff_research_venue_neutral_orb_std,venue_profile,"pre-cutoff home, away and neutral game cohorts",team 1 minus team 2,132,-1,training-fold preprocessing; unavailable/zero columns audited,no current/future tournament outcomes,candidate; requires ablation
diff_research_venue_neutral_orb_count,venue_profile,"pre-cutoff home, away and neutral game cohorts",team 1 minus team 2,132,-1,training-fold preprocessing; unavailable/zero columns audited,no current/future tournament outcomes,candidate; requires ablation
diff_research_venue_neutral_orb_q25,venue_profile,"pre-cutoff home, away and neutral game cohorts",team 1 minus team 2,132,-1,training-fold preprocessing; unavailable/zero columns audited,no current/future tournament outcomes,candidate; requires ablation
diff_research_venue_neutral_orb_q75,venue_profile,"pre-cutoff home, away and neutral game cohorts",team 1 minus team 2,132,-1,training-fold preprocessing; unavailable/zero columns audited,no current/future tournament outcomes,candidate; requires ablation
diff_research_venue_neutral_opp_orb_mean,venue_profile,"pre-cutoff home, away and neutral game cohorts",team 1 minus team 2,132,-1,training-fold preprocessing; unavailable/zero columns audited,no current/future tournament outcomes,candidate; requires ablation
diff_research_venue_neutral_opp_orb_std,venue_profile,"pre-cutoff home, away and neutral game cohorts",team 1 minus team 2,132,-1,training-fold preprocessing; unavailable/zero columns audited,no current/future tournament outcomes,candidate; requires ablation
diff_research_venue_neutral_opp_orb_count,venue_profile,"pre-cutoff home, away and neutral game cohorts",team 1 minus team 2,132,-1,training-fold preprocessing; unavailable/zero columns audited,no current/future tournament outcomes,candidate; requires ablation
diff_research_venue_neutral_opp_orb_q25,venue_profile,"pre-cutoff home, away and neutral game cohorts",team 1 minus team 2,132,-1,training-fold preprocessing; unavailable/zero columns audited,no current/future tournament outcomes,candidate; requires ablation
diff_research_venue_neutral_opp_orb_q75,venue_profile,"pre-cutoff home, away and neutral game cohorts",team 1 minus team 2,132,-1,training-fold preprocessing; unavailable/zero columns audited,no current/future tournament outcomes,candidate; requires ablation
diff_research_venue_neutral_ftr_mean,venue_profile,"pre-cutoff home, away and neutral game cohorts",team 1 minus team 2,132,-1,training-fold preprocessing; unavailable/zero columns audited,no current/future tournament outcomes,candidate; requires ablation
diff_research_venue_neutral_ftr_std,venue_profile,"pre-cutoff home, away and neutral game cohorts",team 1 minus team 2,132,-1,training-fold preprocessing; unavailable/zero columns audited,no current/future tournament outcomes,candidate; requires ablation
diff_research_venue_neutral_ftr_count,venue_profile,"pre-cutoff home, away and neutral game cohorts",team 1 minus team 2,132,-1,training-fold preprocessing; unavailable/zero columns audited,no current/future tournament outcomes,candidate; requires ablation
diff_research_venue_neutral_ftr_q25,venue_profile,"pre-cutoff home, away and neutral game cohorts",team 1 minus team 2,132,-1,training-fold preprocessing; unavailable/zero columns audited,no current/future tournament outcomes,candidate; requires ablation
diff_research_venue_neutral_ftr_q75,venue_profile,"pre-cutoff home, away and neutral game cohorts",team 1 minus team 2,132,-1,training-fold preprocessing; unavailable/zero columns audited,no current/future tournament outcomes,candidate; requires ablation
diff_research_venue_neutral_opp_ftr_mean,venue_profile,"pre-cutoff home, away and neutral game cohorts",team 1 minus team 2,132,-1,training-fold preprocessing; unavailable/zero columns audited,no current/future tournament outcomes,candidate; requires ablation
diff_research_venue_neutral_opp_ftr_std,venue_profile,"pre-cutoff home, away and neutral game cohorts",team 1 minus team 2,132,-1,training-fold preprocessing; unavailable/zero columns audited,no current/future tournament outcomes,candidate; requires ablation
diff_research_venue_neutral_opp_ftr_count,venue_profile,"pre-cutoff home, away and neutral game cohorts",team 1 minus team 2,132,-1,training-fold preprocessing; unavailable/zero columns audited,no current/future tournament outcomes,candidate; requires ablation
diff_research_venue_neutral_opp_ftr_q25,venue_profile,"pre-cutoff home, away and neutral game cohorts",team 1 minus team 2,132,-1,training-fold preprocessing; unavailable/zero columns audited,no current/future tournament outcomes,candidate; requires ablation
diff_research_venue_neutral_opp_ftr_q75,venue_profile,"pre-cutoff home, away and neutral game cohorts",team 1 minus team 2,132,-1,training-fold preprocessing; unavailable/zero columns audited,no current/future tournament outcomes,candidate; requires ablation
diff_research_venue_neutral_three_share_mean,venue_profile,"pre-cutoff home, away and neutral game cohorts",team 1 minus team 2,132,-1,training-fold preprocessing; unavailable/zero columns audited,no current/future tournament outcomes,candidate; requires ablation
diff_research_venue_neutral_three_share_std,venue_profile,"pre-cutoff home, away and neutral game cohorts",team 1 minus team 2,132,-1,training-fold preprocessing; unavailable/zero columns audited,no current/future tournament outcomes,candidate; requires ablation
diff_research_venue_neutral_three_share_count,venue_profile,"pre-cutoff home, away and neutral game cohorts",team 1 minus team 2,132,-1,training-fold preprocessing; unavailable/zero columns audited,no current/future tournament outcomes,candidate; requires ablation
diff_research_venue_neutral_three_share_q25,venue_profile,"pre-cutoff home, away and neutral game cohorts",team 1 minus team 2,132,-1,training-fold preprocessing; unavailable/zero columns audited,no current/future tournament outcomes,candidate; requires ablation
diff_research_venue_neutral_three_share_q75,venue_profile,"pre-cutoff home, away and neutral game cohorts",team 1 minus team 2,132,-1,training-fold preprocessing; unavailable/zero columns audited,no current/future tournament outcomes,candidate; requires ablation
diff_research_venue_neutral_opp_three_share_mean,venue_profile,"pre-cutoff home, away and neutral game cohorts",team 1 minus team 2,132,-1,training-fold preprocessing; unavailable/zero columns audited,no current/future tournament outcomes,candidate; requires ablation
diff_research_venue_neutral_opp_three_share_std,venue_profile,"pre-cutoff home, away and neutral game cohorts",team 1 minus team 2,132,-1,training-fold preprocessing; unavailable/zero columns audited,no current/future tournament outcomes,candidate; requires ablation
diff_research_venue_neutral_opp_three_share_count,venue_profile,"pre-cutoff home, away and neutral game cohorts",team 1 minus team 2,132,-1,training-fold preprocessing; unavailable/zero columns audited,no current/future tournament outcomes,candidate; requires ablation
diff_research_venue_neutral_opp_three_share_q25,venue_profile,"pre-cutoff home, away and neutral game cohorts",team 1 minus team 2,132,-1,training-fold preprocessing; unavailable/zero columns audited,no current/future tournament outcomes,candidate; requires ablation
diff_research_venue_neutral_opp_three_share_q75,venue_profile,"pre-cutoff home, away and neutral game cohorts",team 1 minus team 2,132,-1,training-fold preprocessing; unavailable/zero columns audited,no current/future tournament outcomes,candidate; requires ablation
diff_research_venue_neutral_three_accuracy_mean,venue_profile,"pre-cutoff home, away and neutral game cohorts",team 1 minus team 2,132,-1,training-fold preprocessing; unavailable/zero columns audited,no current/future tournament outcomes,candidate; requires ablation
diff_research_venue_neutral_three_accuracy_std,venue_profile,"pre-cutoff home, away and neutral game cohorts",team 1 minus team 2,132,-1,training-fold preprocessing; unavailable/zero columns audited,no current/future tournament outcomes,candidate; requires ablation
diff_research_venue_neutral_three_accuracy_count,venue_profile,"pre-cutoff home, away and neutral game cohorts",team 1 minus team 2,132,-1,training-fold preprocessing; unavailable/zero columns audited,no current/future tournament outcomes,candidate; requires ablation
diff_research_venue_neutral_three_accuracy_q25,venue_profile,"pre-cutoff home, away and neutral game cohorts",team 1 minus team 2,132,-1,training-fold preprocessing; unavailable/zero columns audited,no current/future tournament outcomes,candidate; requires ablation
diff_research_venue_neutral_three_accuracy_q75,venue_profile,"pre-cutoff home, away and neutral game cohorts",team 1 minus team 2,132,-1,training-fold preprocessing; unavailable/zero columns audited,no current/future tournament outcomes,candidate; requires ablation
diff_research_venue_neutral_opp_three_accuracy_mean,venue_profile,"pre-cutoff home, away and neutral game cohorts",team 1 minus team 2,132,-1,training-fold preprocessing; unavailable/zero columns audited,no current/future tournament outcomes,candidate; requires ablation
diff_research_venue_neutral_opp_three_accuracy_std,venue_profile,"pre-cutoff home, away and neutral game cohorts",team 1 minus team 2,132,-1,training-fold preprocessing; unavailable/zero columns audited,no current/future tournament outcomes,candidate; requires ablation
diff_research_venue_neutral_opp_three_accuracy_count,venue_profile,"pre-cutoff home, away and neutral game cohorts",team 1 minus team 2,132,-1,training-fold preprocessing; unavailable/zero columns audited,no current/future tournament outcomes,candidate; requires ablation
diff_research_venue_neutral_opp_three_accuracy_q25,venue_profile,"pre-cutoff home, away and neutral game cohorts",team 1 minus team 2,132,-1,training-fold preprocessing; unavailable/zero columns audited,no current/future tournament outcomes,candidate; requires ablation
diff_research_venue_neutral_opp_three_accuracy_q75,venue_profile,"pre-cutoff home, away and neutral game cohorts",team 1 minus team 2,132,-1,training-fold preprocessing; unavailable/zero columns audited,no current/future tournament outcomes,candidate; requires ablation
diff_research_venue_neutral_two_accuracy_mean,venue_profile,"pre-cutoff home, away and neutral game cohorts",team 1 minus team 2,132,-1,training-fold preprocessing; unavailable/zero columns audited,no current/future tournament outcomes,candidate; requires ablation
diff_research_venue_neutral_two_accuracy_std,venue_profile,"pre-cutoff home, away and neutral game cohorts",team 1 minus team 2,132,-1,training-fold preprocessing; unavailable/zero columns audited,no current/future tournament outcomes,candidate; requires ablation
diff_research_venue_neutral_two_accuracy_count,venue_profile,"pre-cutoff home, away and neutral game cohorts",team 1 minus team 2,132,-1,training-fold preprocessing; unavailable/zero columns audited,no current/future tournament outcomes,candidate; requires ablation
diff_research_venue_neutral_two_accuracy_q25,venue_profile,"pre-cutoff home, away and neutral game cohorts",team 1 minus team 2,132,-1,training-fold preprocessing; unavailable/zero columns audited,no current/future tournament outcomes,candidate; requires ablation
diff_research_venue_neutral_two_accuracy_q75,venue_profile,"pre-cutoff home, away and neutral game cohorts",team 1 minus team 2,132,-1,training-fold preprocessing; unavailable/zero columns audited,no current/future tournament outcomes,candidate; requires ablation
diff_research_venue_neutral_opp_two_accuracy_mean,venue_profile,"pre-cutoff home, away and neutral game cohorts",team 1 minus team 2,132,-1,training-fold preprocessing; unavailable/zero columns audited,no current/future tournament outcomes,candidate; requires ablation
diff_research_venue_neutral_opp_two_accuracy_std,venue_profile,"pre-cutoff home, away and neutral game cohorts",team 1 minus team 2,132,-1,training-fold preprocessing; unavailable/zero columns audited,no current/future tournament outcomes,candidate; requires ablation
diff_research_venue_neutral_opp_two_accuracy_count,venue_profile,"pre-cutoff home, away and neutral game cohorts",team 1 minus team 2,132,-1,training-fold preprocessing; unavailable/zero columns audited,no current/future tournament outcomes,candidate; requires ablation
diff_research_venue_neutral_opp_two_accuracy_q25,venue_profile,"pre-cutoff home, away and neutral game cohorts",team 1 minus team 2,132,-1,training-fold preprocessing; unavailable/zero columns audited,no current/future tournament outcomes,candidate; requires ablation
diff_research_venue_neutral_opp_two_accuracy_q75,venue_profile,"pre-cutoff home, away and neutral game cohorts",team 1 minus team 2,132,-1,training-fold preprocessing; unavailable/zero columns audited,no current/future tournament outcomes,candidate; requires ablation
diff_research_venue_neutral_free_accuracy_mean,venue_profile,"pre-cutoff home, away and neutral game cohorts",team 1 minus team 2,132,-1,training-fold preprocessing; unavailable/zero columns audited,no current/future tournament outcomes,candidate; requires ablation
diff_research_venue_neutral_free_accuracy_std,venue_profile,"pre-cutoff home, away and neutral game cohorts",team 1 minus team 2,132,-1,training-fold preprocessing; unavailable/zero columns audited,no current/future tournament outcomes,candidate; requires ablation
diff_research_venue_neutral_free_accuracy_count,venue_profile,"pre-cutoff home, away and neutral game cohorts",team 1 minus team 2,132,-1,training-fold preprocessing; unavailable/zero columns audited,no current/future tournament outcomes,candidate; requires ablation
diff_research_venue_neutral_free_accuracy_q25,venue_profile,"pre-cutoff home, away and neutral game cohorts",team 1 minus team 2,132,-1,training-fold preprocessing; unavailable/zero columns audited,no current/future tournament outcomes,candidate; requires ablation
diff_research_venue_neutral_free_accuracy_q75,venue_profile,"pre-cutoff home, away and neutral game cohorts",team 1 minus team 2,132,-1,training-fold preprocessing; unavailable/zero columns audited,no current/future tournament outcomes,candidate; requires ablation
diff_research_venue_neutral_opp_free_accuracy_mean,venue_profile,"pre-cutoff home, away and neutral game cohorts",team 1 minus team 2,132,-1,training-fold preprocessing; unavailable/zero columns audited,no current/future tournament outcomes,candidate; requires ablation
diff_research_venue_neutral_opp_free_accuracy_std,venue_profile,"pre-cutoff home, away and neutral game cohorts",team 1 minus team 2,132,-1,training-fold preprocessing; unavailable/zero columns audited,no current/future tournament outcomes,candidate; requires ablation
diff_research_venue_neutral_opp_free_accuracy_count,venue_profile,"pre-cutoff home, away and neutral game cohorts",team 1 minus team 2,132,-1,training-fold preprocessing; unavailable/zero columns audited,no current/future tournament outcomes,candidate; requires ablation
diff_research_venue_neutral_opp_free_accuracy_q25,venue_profile,"pre-cutoff home, away and neutral game cohorts",team 1 minus team 2,132,-1,training-fold preprocessing; unavailable/zero columns audited,no current/future tournament outcomes,candidate; requires ablation
diff_research_venue_neutral_opp_free_accuracy_q75,venue_profile,"pre-cutoff home, away and neutral game cohorts",team 1 minus team 2,132,-1,training-fold preprocessing; unavailable/zero columns audited,no current/future tournament outcomes,candidate; requires ablation
diff_research_venue_neutral_rebound_share_mean,venue_profile,"pre-cutoff home, away and neutral game cohorts",team 1 minus team 2,132,-1,training-fold preprocessing; unavailable/zero columns audited,no current/future tournament outcomes,candidate; requires ablation
diff_research_venue_neutral_rebound_share_std,venue_profile,"pre-cutoff home, away and neutral game cohorts",team 1 minus team 2,132,-1,training-fold preprocessing; unavailable/zero columns audited,no current/future tournament outcomes,candidate; requires ablation
diff_research_venue_neutral_rebound_share_count,venue_profile,"pre-cutoff home, away and neutral game cohorts",team 1 minus team 2,132,-1,training-fold preprocessing; unavailable/zero columns audited,no current/future tournament outcomes,candidate; requires ablation
diff_research_venue_neutral_rebound_share_q25,venue_profile,"pre-cutoff home, away and neutral game cohorts",team 1 minus team 2,132,-1,training-fold preprocessing; unavailable/zero columns audited,no current/future tournament outcomes,candidate; requires ablation
diff_research_venue_neutral_rebound_share_q75,venue_profile,"pre-cutoff home, away and neutral game cohorts",team 1 minus team 2,132,-1,training-fold preprocessing; unavailable/zero columns audited,no current/future tournament outcomes,candidate; requires ablation
diff_research_venue_neutral_opp_rebound_share_mean,venue_profile,"pre-cutoff home, away and neutral game cohorts",team 1 minus team 2,132,-1,training-fold preprocessing; unavailable/zero columns audited,no current/future tournament outcomes,candidate; requires ablation
diff_research_venue_neutral_opp_rebound_share_std,venue_profile,"pre-cutoff home, away and neutral game cohorts",team 1 minus team 2,132,-1,training-fold preprocessing; unavailable/zero columns audited,no current/future tournament outcomes,candidate; requires ablation
diff_research_venue_neutral_opp_rebound_share_count,venue_profile,"pre-cutoff home, away and neutral game cohorts",team 1 minus team 2,132,-1,training-fold preprocessing; unavailable/zero columns audited,no current/future tournament outcomes,candidate; requires ablation
diff_research_venue_neutral_opp_rebound_share_q25,venue_profile,"pre-cutoff home, away and neutral game cohorts",team 1 minus team 2,132,-1,training-fold preprocessing; unavailable/zero columns audited,no current/future tournament outcomes,candidate; requires ablation
diff_research_venue_neutral_opp_rebound_share_q75,venue_profile,"pre-cutoff home, away and neutral game cohorts",team 1 minus team 2,132,-1,training-fold preprocessing; unavailable/zero columns audited,no current/future tournament outcomes,candidate; requires ablation
diff_research_venue_neutral_shot_volume_mean,venue_profile,"pre-cutoff home, away and neutral game cohorts",team 1 minus team 2,132,-1,training-fold preprocessing; unavailable/zero columns audited,no current/future tournament outcomes,candidate; requires ablation
diff_research_venue_neutral_shot_volume_std,venue_profile,"pre-cutoff home, away and neutral game cohorts",team 1 minus team 2,132,-1,training-fold preprocessing; unavailable/zero columns audited,no current/future tournament outcomes,candidate; requires ablation
diff_research_venue_neutral_shot_volume_count,venue_profile,"pre-cutoff home, away and neutral game cohorts",team 1 minus team 2,132,-1,training-fold preprocessing; unavailable/zero columns audited,no current/future tournament outcomes,candidate; requires ablation
diff_research_venue_neutral_shot_volume_q25,venue_profile,"pre-cutoff home, away and neutral game cohorts",team 1 minus team 2,132,-1,training-fold preprocessing; unavailable/zero columns audited,no current/future tournament outcomes,candidate; requires ablation
diff_research_venue_neutral_shot_volume_q75,venue_profile,"pre-cutoff home, away and neutral game cohorts",team 1 minus team 2,132,-1,training-fold preprocessing; unavailable/zero columns audited,no current/future tournament outcomes,candidate; requires ablation
diff_research_venue_neutral_opp_shot_volume_mean,venue_profile,"pre-cutoff home, away and neutral game cohorts",team 1 minus team 2,132,-1,training-fold preprocessing; unavailable/zero columns audited,no current/future tournament outcomes,candidate; requires ablation
diff_research_venue_neutral_opp_shot_volume_std,venue_profile,"pre-cutoff home, away and neutral game cohorts",team 1 minus team 2,132,-1,training-fold preprocessing; unavailable/zero columns audited,no current/future tournament outcomes,candidate; requires ablation
diff_research_venue_neutral_opp_shot_volume_count,venue_profile,"pre-cutoff home, away and neutral game cohorts",team 1 minus team 2,132,-1,training-fold preprocessing; unavailable/zero columns audited,no current/future tournament outcomes,candidate; requires ablation
diff_research_venue_neutral_opp_shot_volume_q25,venue_profile,"pre-cutoff home, away and neutral game cohorts",team 1 minus team 2,132,-1,training-fold preprocessing; unavailable/zero columns audited,no current/future tournament outcomes,candidate; requires ablation
diff_research_venue_neutral_opp_shot_volume_q75,venue_profile,"pre-cutoff home, away and neutral game cohorts",team 1 minus team 2,132,-1,training-fold preprocessing; unavailable/zero columns audited,no current/future tournament outcomes,candidate; requires ablation
diff_research_venue_neutral_free_points_share_mean,venue_profile,"pre-cutoff home, away and neutral game cohorts",team 1 minus team 2,132,-1,training-fold preprocessing; unavailable/zero columns audited,no current/future tournament outcomes,candidate; requires ablation
diff_research_venue_neutral_free_points_share_std,venue_profile,"pre-cutoff home, away and neutral game cohorts",team 1 minus team 2,132,-1,training-fold preprocessing; unavailable/zero columns audited,no current/future tournament outcomes,candidate; requires ablation
diff_research_venue_neutral_free_points_share_count,venue_profile,"pre-cutoff home, away and neutral game cohorts",team 1 minus team 2,132,-1,training-fold preprocessing; unavailable/zero columns audited,no current/future tournament outcomes,candidate; requires ablation
diff_research_venue_neutral_free_points_share_q25,venue_profile,"pre-cutoff home, away and neutral game cohorts",team 1 minus team 2,132,-1,training-fold preprocessing; unavailable/zero columns audited,no current/future tournament outcomes,candidate; requires ablation
diff_research_venue_neutral_free_points_share_q75,venue_profile,"pre-cutoff home, away and neutral game cohorts",team 1 minus team 2,132,-1,training-fold preprocessing; unavailable/zero columns audited,no current/future tournament outcomes,candidate; requires ablation
diff_research_venue_neutral_opp_free_points_share_mean,venue_profile,"pre-cutoff home, away and neutral game cohorts",team 1 minus team 2,132,-1,training-fold preprocessing; unavailable/zero columns audited,no current/future tournament outcomes,candidate; requires ablation
diff_research_venue_neutral_opp_free_points_share_std,venue_profile,"pre-cutoff home, away and neutral game cohorts",team 1 minus team 2,132,-1,training-fold preprocessing; unavailable/zero columns audited,no current/future tournament outcomes,candidate; requires ablation
diff_research_venue_neutral_opp_free_points_share_count,venue_profile,"pre-cutoff home, away and neutral game cohorts",team 1 minus team 2,132,-1,training-fold preprocessing; unavailable/zero columns audited,no current/future tournament outcomes,candidate; requires ablation
diff_research_venue_neutral_opp_free_points_share_q25,venue_profile,"pre-cutoff home, away and neutral game cohorts",team 1 minus team 2,132,-1,training-fold preprocessing; unavailable/zero columns audited,no current/future tournament outcomes,candidate; requires ablation
diff_research_venue_neutral_opp_free_points_share_q75,venue_profile,"pre-cutoff home, away and neutral game cohorts",team 1 minus team 2,132,-1,training-fold preprocessing; unavailable/zero columns audited,no current/future tournament outcomes,candidate; requires ablation
diff_research_venue_neutral_three_points_share_mean,venue_profile,"pre-cutoff home, away and neutral game cohorts",team 1 minus team 2,132,-1,training-fold preprocessing; unavailable/zero columns audited,no current/future tournament outcomes,candidate; requires ablation
diff_research_venue_neutral_three_points_share_std,venue_profile,"pre-cutoff home, away and neutral game cohorts",team 1 minus team 2,132,-1,training-fold preprocessing; unavailable/zero columns audited,no current/future tournament outcomes,candidate; requires ablation
diff_research_venue_neutral_three_points_share_count,venue_profile,"pre-cutoff home, away and neutral game cohorts",team 1 minus team 2,132,-1,training-fold preprocessing; unavailable/zero columns audited,no current/future tournament outcomes,candidate; requires ablation
diff_research_venue_neutral_three_points_share_q25,venue_profile,"pre-cutoff home, away and neutral game cohorts",team 1 minus team 2,132,-1,training-fold preprocessing; unavailable/zero columns audited,no current/future tournament outcomes,candidate; requires ablation
diff_research_venue_neutral_three_points_share_q75,venue_profile,"pre-cutoff home, away and neutral game cohorts",team 1 minus team 2,132,-1,training-fold preprocessing; unavailable/zero columns audited,no current/future tournament outcomes,candidate; requires ablation
diff_research_venue_neutral_opp_three_points_share_mean,venue_profile,"pre-cutoff home, away and neutral game cohorts",team 1 minus team 2,132,-1,training-fold preprocessing; unavailable/zero columns audited,no current/future tournament outcomes,candidate; requires ablation
diff_research_venue_neutral_opp_three_points_share_std,venue_profile,"pre-cutoff home, away and neutral game cohorts",team 1 minus team 2,132,-1,training-fold preprocessing; unavailable/zero columns audited,no current/future tournament outcomes,candidate; requires ablation
diff_research_venue_neutral_opp_three_points_share_count,venue_profile,"pre-cutoff home, away and neutral game cohorts",team 1 minus team 2,132,-1,training-fold preprocessing; unavailable/zero columns audited,no current/future tournament outcomes,candidate; requires ablation
diff_research_venue_neutral_opp_three_points_share_q25,venue_profile,"pre-cutoff home, away and neutral game cohorts",team 1 minus team 2,132,-1,training-fold preprocessing; unavailable/zero columns audited,no current/future tournament outcomes,candidate; requires ablation
diff_research_venue_neutral_opp_three_points_share_q75,venue_profile,"pre-cutoff home, away and neutral game cohorts",team 1 minus team 2,132,-1,training-fold preprocessing; unavailable/zero columns audited,no current/future tournament outcomes,candidate; requires ablation
diff_research_venue_neutral_possession_gap_mean,venue_profile,"pre-cutoff home, away and neutral game cohorts",team 1 minus team 2,132,-1,training-fold preprocessing; unavailable/zero columns audited,no current/future tournament outcomes,candidate; requires ablation
diff_research_venue_neutral_possession_gap_std,venue_profile,"pre-cutoff home, away and neutral game cohorts",team 1 minus team 2,132,-1,training-fold preprocessing; unavailable/zero columns audited,no current/future tournament outcomes,candidate; requires ablation
diff_research_venue_neutral_possession_gap_count,venue_profile,"pre-cutoff home, away and neutral game cohorts",team 1 minus team 2,132,-1,training-fold preprocessing; unavailable/zero columns audited,no current/future tournament outcomes,candidate; requires ablation
diff_research_venue_neutral_possession_gap_q25,venue_profile,"pre-cutoff home, away and neutral game cohorts",team 1 minus team 2,132,-1,training-fold preprocessing; unavailable/zero columns audited,no current/future tournament outcomes,candidate; requires ablation
diff_research_venue_neutral_possession_gap_q75,venue_profile,"pre-cutoff home, away and neutral game cohorts",team 1 minus team 2,132,-1,training-fold preprocessing; unavailable/zero columns audited,no current/future tournament outcomes,candidate; requires ablation
diff_research_venue_neutral_win_mean,venue_profile,"pre-cutoff home, away and neutral game cohorts",team 1 minus team 2,132,-1,training-fold preprocessing; unavailable/zero columns audited,no current/future tournament outcomes,candidate; requires ablation
diff_research_venue_neutral_win_std,venue_profile,"pre-cutoff home, away and neutral game cohorts",team 1 minus team 2,132,-1,training-fold preprocessing; unavailable/zero columns audited,no current/future tournament outcomes,candidate; requires ablation
diff_research_venue_neutral_win_count,venue_profile,"pre-cutoff home, away and neutral game cohorts",team 1 minus team 2,132,-1,training-fold preprocessing; unavailable/zero columns audited,no current/future tournament outcomes,candidate; requires ablation
diff_research_venue_neutral_win_q25,venue_profile,"pre-cutoff home, away and neutral game cohorts",team 1 minus team 2,132,-1,training-fold preprocessing; unavailable/zero columns audited,no current/future tournament outcomes,candidate; requires ablation
diff_research_venue_neutral_win_q75,venue_profile,"pre-cutoff home, away and neutral game cohorts",team 1 minus team 2,132,-1,training-fold preprocessing; unavailable/zero columns audited,no current/future tournament outcomes,candidate; requires ablation
diff_research_venue_nonhome_margin_mean,venue_profile,"pre-cutoff home, away and neutral game cohorts",team 1 minus team 2,132,-1,training-fold preprocessing; unavailable/zero columns audited,no current/future tournament outcomes,candidate; requires ablation
diff_research_venue_nonhome_margin_std,venue_profile,"pre-cutoff home, away and neutral game cohorts",team 1 minus team 2,132,-1,training-fold preprocessing; unavailable/zero columns audited,no current/future tournament outcomes,candidate; requires ablation
diff_research_venue_nonhome_margin_count,venue_profile,"pre-cutoff home, away and neutral game cohorts",team 1 minus team 2,132,-1,training-fold preprocessing; unavailable/zero columns audited,no current/future tournament outcomes,candidate; requires ablation
diff_research_venue_nonhome_margin_q25,venue_profile,"pre-cutoff home, away and neutral game cohorts",team 1 minus team 2,132,-1,training-fold preprocessing; unavailable/zero columns audited,no current/future tournament outcomes,candidate; requires ablation
diff_research_venue_nonhome_margin_q75,venue_profile,"pre-cutoff home, away and neutral game cohorts",team 1 minus team 2,132,-1,training-fold preprocessing; unavailable/zero columns audited,no current/future tournament outcomes,candidate; requires ablation
diff_research_venue_nonhome_points_mean,venue_profile,"pre-cutoff home, away and neutral game cohorts",team 1 minus team 2,132,-1,training-fold preprocessing; unavailable/zero columns audited,no current/future tournament outcomes,candidate; requires ablation
diff_research_venue_nonhome_points_std,venue_profile,"pre-cutoff home, away and neutral game cohorts",team 1 minus team 2,132,-1,training-fold preprocessing; unavailable/zero columns audited,no current/future tournament outcomes,candidate; requires ablation
diff_research_venue_nonhome_points_count,venue_profile,"pre-cutoff home, away and neutral game cohorts",team 1 minus team 2,132,-1,training-fold preprocessing; unavailable/zero columns audited,no current/future tournament outcomes,candidate; requires ablation
diff_research_venue_nonhome_points_q25,venue_profile,"pre-cutoff home, away and neutral game cohorts",team 1 minus team 2,132,-1,training-fold preprocessing; unavailable/zero columns audited,no current/future tournament outcomes,candidate; requires ablation
diff_research_venue_nonhome_points_q75,venue_profile,"pre-cutoff home, away and neutral game cohorts",team 1 minus team 2,132,-1,training-fold preprocessing; unavailable/zero columns audited,no current/future tournament outcomes,candidate; requires ablation
diff_research_venue_nonhome_allowed_mean,venue_profile,"pre-cutoff home, away and neutral game cohorts",team 1 minus team 2,132,-1,training-fold preprocessing; unavailable/zero columns audited,no current/future tournament outcomes,candidate; requires ablation
diff_research_venue_nonhome_allowed_std,venue_profile,"pre-cutoff home, away and neutral game cohorts",team 1 minus team 2,132,-1,training-fold preprocessing; unavailable/zero columns audited,no current/future tournament outcomes,candidate; requires ablation
diff_research_venue_nonhome_allowed_count,venue_profile,"pre-cutoff home, away and neutral game cohorts",team 1 minus team 2,132,-1,training-fold preprocessing; unavailable/zero columns audited,no current/future tournament outcomes,candidate; requires ablation
diff_research_venue_nonhome_allowed_q25,venue_profile,"pre-cutoff home, away and neutral game cohorts",team 1 minus team 2,132,-1,training-fold preprocessing; unavailable/zero columns audited,no current/future tournament outcomes,candidate; requires ablation
diff_research_venue_nonhome_allowed_q75,venue_profile,"pre-cutoff home, away and neutral game cohorts",team 1 minus team 2,132,-1,training-fold preprocessing; unavailable/zero columns audited,no current/future tournament outcomes,candidate; requires ablation
diff_research_venue_nonhome_efficiency_mean,venue_profile,"pre-cutoff home, away and neutral game cohorts",team 1 minus team 2,132,-1,training-fold preprocessing; unavailable/zero columns audited,no current/future tournament outcomes,candidate; requires ablation
diff_research_venue_nonhome_efficiency_std,venue_profile,"pre-cutoff home, away and neutral game cohorts",team 1 minus team 2,132,-1,training-fold preprocessing; unavailable/zero columns audited,no current/future tournament outcomes,candidate; requires ablation
diff_research_venue_nonhome_efficiency_count,venue_profile,"pre-cutoff home, away and neutral game cohorts",team 1 minus team 2,132,-1,training-fold preprocessing; unavailable/zero columns audited,no current/future tournament outcomes,candidate; requires ablation
diff_research_venue_nonhome_efficiency_q25,venue_profile,"pre-cutoff home, away and neutral game cohorts",team 1 minus team 2,132,-1,training-fold preprocessing; unavailable/zero columns audited,no current/future tournament outcomes,candidate; requires ablation
diff_research_venue_nonhome_efficiency_q75,venue_profile,"pre-cutoff home, away and neutral game cohorts",team 1 minus team 2,132,-1,training-fold preprocessing; unavailable/zero columns audited,no current/future tournament outcomes,candidate; requires ablation
diff_research_venue_nonhome_allowed_efficiency_mean,venue_profile,"pre-cutoff home, away and neutral game cohorts",team 1 minus team 2,132,-1,training-fold preprocessing; unavailable/zero columns audited,no current/future tournament outcomes,candidate; requires ablation
diff_research_venue_nonhome_allowed_efficiency_std,venue_profile,"pre-cutoff home, away and neutral game cohorts",team 1 minus team 2,132,-1,training-fold preprocessing; unavailable/zero columns audited,no current/future tournament outcomes,candidate; requires ablation
diff_research_venue_nonhome_allowed_efficiency_count,venue_profile,"pre-cutoff home, away and neutral game cohorts",team 1 minus team 2,132,-1,training-fold preprocessing; unavailable/zero columns audited,no current/future tournament outcomes,candidate; requires ablation
diff_research_venue_nonhome_allowed_efficiency_q25,venue_profile,"pre-cutoff home, away and neutral game cohorts",team 1 minus team 2,132,-1,training-fold preprocessing; unavailable/zero columns audited,no current/future tournament outcomes,candidate; requires ablation
diff_research_venue_nonhome_allowed_efficiency_q75,venue_profile,"pre-cutoff home, away and neutral game cohorts",team 1 minus team 2,132,-1,training-fold preprocessing; unavailable/zero columns audited,no current/future tournament outcomes,candidate; requires ablation
diff_research_venue_nonhome_tempo_mean,venue_profile,"pre-cutoff home, away and neutral game cohorts",team 1 minus team 2,132,-1,training-fold preprocessing; unavailable/zero columns audited,no current/future tournament outcomes,candidate; requires ablation
diff_research_venue_nonhome_tempo_std,venue_profile,"pre-cutoff home, away and neutral game cohorts",team 1 minus team 2,132,-1,training-fold preprocessing; unavailable/zero columns audited,no current/future tournament outcomes,candidate; requires ablation
diff_research_venue_nonhome_tempo_count,venue_profile,"pre-cutoff home, away and neutral game cohorts",team 1 minus team 2,132,-1,training-fold preprocessing; unavailable/zero columns audited,no current/future tournament outcomes,candidate; requires ablation
diff_research_venue_nonhome_tempo_q25,venue_profile,"pre-cutoff home, away and neutral game cohorts",team 1 minus team 2,132,-1,training-fold preprocessing; unavailable/zero columns audited,no current/future tournament outcomes,candidate; requires ablation
diff_research_venue_nonhome_tempo_q75,venue_profile,"pre-cutoff home, away and neutral game cohorts",team 1 minus team 2,132,-1,training-fold preprocessing; unavailable/zero columns audited,no current/future tournament outcomes,candidate; requires ablation
diff_research_venue_nonhome_efg_mean,venue_profile,"pre-cutoff home, away and neutral game cohorts",team 1 minus team 2,132,-1,training-fold preprocessing; unavailable/zero columns audited,no current/future tournament outcomes,candidate; requires ablation
diff_research_venue_nonhome_efg_std,venue_profile,"pre-cutoff home, away and neutral game cohorts",team 1 minus team 2,132,-1,training-fold preprocessing; unavailable/zero columns audited,no current/future tournament outcomes,candidate; requires ablation
diff_research_venue_nonhome_efg_count,venue_profile,"pre-cutoff home, away and neutral game cohorts",team 1 minus team 2,132,-1,training-fold preprocessing; unavailable/zero columns audited,no current/future tournament outcomes,candidate; requires ablation
diff_research_venue_nonhome_efg_q25,venue_profile,"pre-cutoff home, away and neutral game cohorts",team 1 minus team 2,132,-1,training-fold preprocessing; unavailable/zero columns audited,no current/future tournament outcomes,candidate; requires ablation
diff_research_venue_nonhome_efg_q75,venue_profile,"pre-cutoff home, away and neutral game cohorts",team 1 minus team 2,132,-1,training-fold preprocessing; unavailable/zero columns audited,no current/future tournament outcomes,candidate; requires ablation
diff_research_venue_nonhome_opp_efg_mean,venue_profile,"pre-cutoff home, away and neutral game cohorts",team 1 minus team 2,132,-1,training-fold preprocessing; unavailable/zero columns audited,no current/future tournament outcomes,candidate; requires ablation
diff_research_venue_nonhome_opp_efg_std,venue_profile,"pre-cutoff home, away and neutral game cohorts",team 1 minus team 2,132,-1,training-fold preprocessing; unavailable/zero columns audited,no current/future tournament outcomes,candidate; requires ablation
diff_research_venue_nonhome_opp_efg_count,venue_profile,"pre-cutoff home, away and neutral game cohorts",team 1 minus team 2,132,-1,training-fold preprocessing; unavailable/zero columns audited,no current/future tournament outcomes,candidate; requires ablation
diff_research_venue_nonhome_opp_efg_q25,venue_profile,"pre-cutoff home, away and neutral game cohorts",team 1 minus team 2,132,-1,training-fold preprocessing; unavailable/zero columns audited,no current/future tournament outcomes,candidate; requires ablation
diff_research_venue_nonhome_opp_efg_q75,venue_profile,"pre-cutoff home, away and neutral game cohorts",team 1 minus team 2,132,-1,training-fold preprocessing; unavailable/zero columns audited,no current/future tournament outcomes,candidate; requires ablation
diff_research_venue_nonhome_tov_mean,venue_profile,"pre-cutoff home, away and neutral game cohorts",team 1 minus team 2,132,-1,training-fold preprocessing; unavailable/zero columns audited,no current/future tournament outcomes,candidate; requires ablation
diff_research_venue_nonhome_tov_std,venue_profile,"pre-cutoff home, away and neutral game cohorts",team 1 minus team 2,132,-1,training-fold preprocessing; unavailable/zero columns audited,no current/future tournament outcomes,candidate; requires ablation
diff_research_venue_nonhome_tov_count,venue_profile,"pre-cutoff home, away and neutral game cohorts",team 1 minus team 2,132,-1,training-fold preprocessing; unavailable/zero columns audited,no current/future tournament outcomes,candidate; requires ablation
diff_research_venue_nonhome_tov_q25,venue_profile,"pre-cutoff home, away and neutral game cohorts",team 1 minus team 2,132,-1,training-fold preprocessing; unavailable/zero columns audited,no current/future tournament outcomes,candidate; requires ablation
diff_research_venue_nonhome_tov_q75,venue_profile,"pre-cutoff home, away and neutral game cohorts",team 1 minus team 2,132,-1,training-fold preprocessing; unavailable/zero columns audited,no current/future tournament outcomes,candidate; requires ablation
diff_research_venue_nonhome_opp_tov_mean,venue_profile,"pre-cutoff home, away and neutral game cohorts",team 1 minus team 2,132,-1,training-fold preprocessing; unavailable/zero columns audited,no current/future tournament outcomes,candidate; requires ablation
diff_research_venue_nonhome_opp_tov_std,venue_profile,"pre-cutoff home, away and neutral game cohorts",team 1 minus team 2,132,-1,training-fold preprocessing; unavailable/zero columns audited,no current/future tournament outcomes,candidate; requires ablation
diff_research_venue_nonhome_opp_tov_count,venue_profile,"pre-cutoff home, away and neutral game cohorts",team 1 minus team 2,132,-1,training-fold preprocessing; unavailable/zero columns audited,no current/future tournament outcomes,candidate; requires ablation
diff_research_venue_nonhome_opp_tov_q25,venue_profile,"pre-cutoff home, away and neutral game cohorts",team 1 minus team 2,132,-1,training-fold preprocessing; unavailable/zero columns audited,no current/future tournament outcomes,candidate; requires ablation
diff_research_venue_nonhome_opp_tov_q75,venue_profile,"pre-cutoff home, away and neutral game cohorts",team 1 minus team 2,132,-1,training-fold preprocessing; unavailable/zero columns audited,no current/future tournament outcomes,candidate; requires ablation
diff_research_venue_nonhome_orb_mean,venue_profile,"pre-cutoff home, away and neutral game cohorts",team 1 minus team 2,132,-1,training-fold preprocessing; unavailable/zero columns audited,no current/future tournament outcomes,candidate; requires ablation
diff_research_venue_nonhome_orb_std,venue_profile,"pre-cutoff home, away and neutral game cohorts",team 1 minus team 2,132,-1,training-fold preprocessing; unavailable/zero columns audited,no current/future tournament outcomes,candidate; requires ablation
diff_research_venue_nonhome_orb_count,venue_profile,"pre-cutoff home, away and neutral game cohorts",team 1 minus team 2,132,-1,training-fold preprocessing; unavailable/zero columns audited,no current/future tournament outcomes,candidate; requires ablation
diff_research_venue_nonhome_orb_q25,venue_profile,"pre-cutoff home, away and neutral game cohorts",team 1 minus team 2,132,-1,training-fold preprocessing; unavailable/zero columns audited,no current/future tournament outcomes,candidate; requires ablation
diff_research_venue_nonhome_orb_q75,venue_profile,"pre-cutoff home, away and neutral game cohorts",team 1 minus team 2,132,-1,training-fold preprocessing; unavailable/zero columns audited,no current/future tournament outcomes,candidate; requires ablation
diff_research_venue_nonhome_opp_orb_mean,venue_profile,"pre-cutoff home, away and neutral game cohorts",team 1 minus team 2,132,-1,training-fold preprocessing; unavailable/zero columns audited,no current/future tournament outcomes,candidate; requires ablation
diff_research_venue_nonhome_opp_orb_std,venue_profile,"pre-cutoff home, away and neutral game cohorts",team 1 minus team 2,132,-1,training-fold preprocessing; unavailable/zero columns audited,no current/future tournament outcomes,candidate; requires ablation
diff_research_venue_nonhome_opp_orb_count,venue_profile,"pre-cutoff home, away and neutral game cohorts",team 1 minus team 2,132,-1,training-fold preprocessing; unavailable/zero columns audited,no current/future tournament outcomes,candidate; requires ablation
diff_research_venue_nonhome_opp_orb_q25,venue_profile,"pre-cutoff home, away and neutral game cohorts",team 1 minus team 2,132,-1,training-fold preprocessing; unavailable/zero columns audited,no current/future tournament outcomes,candidate; requires ablation
diff_research_venue_nonhome_opp_orb_q75,venue_profile,"pre-cutoff home, away and neutral game cohorts",team 1 minus team 2,132,-1,training-fold preprocessing; unavailable/zero columns audited,no current/future tournament outcomes,candidate; requires ablation
diff_research_venue_nonhome_ftr_mean,venue_profile,"pre-cutoff home, away and neutral game cohorts",team 1 minus team 2,132,-1,training-fold preprocessing; unavailable/zero columns audited,no current/future tournament outcomes,candidate; requires ablation
diff_research_venue_nonhome_ftr_std,venue_profile,"pre-cutoff home, away and neutral game cohorts",team 1 minus team 2,132,-1,training-fold preprocessing; unavailable/zero columns audited,no current/future tournament outcomes,candidate; requires ablation
diff_research_venue_nonhome_ftr_count,venue_profile,"pre-cutoff home, away and neutral game cohorts",team 1 minus team 2,132,-1,training-fold preprocessing; unavailable/zero columns audited,no current/future tournament outcomes,candidate; requires ablation
diff_research_venue_nonhome_ftr_q25,venue_profile,"pre-cutoff home, away and neutral game cohorts",team 1 minus team 2,132,-1,training-fold preprocessing; unavailable/zero columns audited,no current/future tournament outcomes,candidate; requires ablation
diff_research_venue_nonhome_ftr_q75,venue_profile,"pre-cutoff home, away and neutral game cohorts",team 1 minus team 2,132,-1,training-fold preprocessing; unavailable/zero columns audited,no current/future tournament outcomes,candidate; requires ablation
diff_research_venue_nonhome_opp_ftr_mean,venue_profile,"pre-cutoff home, away and neutral game cohorts",team 1 minus team 2,132,-1,training-fold preprocessing; unavailable/zero columns audited,no current/future tournament outcomes,candidate; requires ablation
diff_research_venue_nonhome_opp_ftr_std,venue_profile,"pre-cutoff home, away and neutral game cohorts",team 1 minus team 2,132,-1,training-fold preprocessing; unavailable/zero columns audited,no current/future tournament outcomes,candidate; requires ablation
diff_research_venue_nonhome_opp_ftr_count,venue_profile,"pre-cutoff home, away and neutral game cohorts",team 1 minus team 2,132,-1,training-fold preprocessing; unavailable/zero columns audited,no current/future tournament outcomes,candidate; requires ablation
diff_research_venue_nonhome_opp_ftr_q25,venue_profile,"pre-cutoff home, away and neutral game cohorts",team 1 minus team 2,132,-1,training-fold preprocessing; unavailable/zero columns audited,no current/future tournament outcomes,candidate; requires ablation
diff_research_venue_nonhome_opp_ftr_q75,venue_profile,"pre-cutoff home, away and neutral game cohorts",team 1 minus team 2,132,-1,training-fold preprocessing; unavailable/zero columns audited,no current/future tournament outcomes,candidate; requires ablation
diff_research_venue_nonhome_three_share_mean,venue_profile,"pre-cutoff home, away and neutral game cohorts",team 1 minus team 2,132,-1,training-fold preprocessing; unavailable/zero columns audited,no current/future tournament outcomes,candidate; requires ablation
diff_research_venue_nonhome_three_share_std,venue_profile,"pre-cutoff home, away and neutral game cohorts",team 1 minus team 2,132,-1,training-fold preprocessing; unavailable/zero columns audited,no current/future tournament outcomes,candidate; requires ablation
diff_research_venue_nonhome_three_share_count,venue_profile,"pre-cutoff home, away and neutral game cohorts",team 1 minus team 2,132,-1,training-fold preprocessing; unavailable/zero columns audited,no current/future tournament outcomes,candidate; requires ablation
diff_research_venue_nonhome_three_share_q25,venue_profile,"pre-cutoff home, away and neutral game cohorts",team 1 minus team 2,132,-1,training-fold preprocessing; unavailable/zero columns audited,no current/future tournament outcomes,candidate; requires ablation
diff_research_venue_nonhome_three_share_q75,venue_profile,"pre-cutoff home, away and neutral game cohorts",team 1 minus team 2,132,-1,training-fold preprocessing; unavailable/zero columns audited,no current/future tournament outcomes,candidate; requires ablation
diff_research_venue_nonhome_opp_three_share_mean,venue_profile,"pre-cutoff home, away and neutral game cohorts",team 1 minus team 2,132,-1,training-fold preprocessing; unavailable/zero columns audited,no current/future tournament outcomes,candidate; requires ablation
diff_research_venue_nonhome_opp_three_share_std,venue_profile,"pre-cutoff home, away and neutral game cohorts",team 1 minus team 2,132,-1,training-fold preprocessing; unavailable/zero columns audited,no current/future tournament outcomes,candidate; requires ablation
diff_research_venue_nonhome_opp_three_share_count,venue_profile,"pre-cutoff home, away and neutral game cohorts",team 1 minus team 2,132,-1,training-fold preprocessing; unavailable/zero columns audited,no current/future tournament outcomes,candidate; requires ablation
diff_research_venue_nonhome_opp_three_share_q25,venue_profile,"pre-cutoff home, away and neutral game cohorts",team 1 minus team 2,132,-1,training-fold preprocessing; unavailable/zero columns audited,no current/future tournament outcomes,candidate; requires ablation
diff_research_venue_nonhome_opp_three_share_q75,venue_profile,"pre-cutoff home, away and neutral game cohorts",team 1 minus team 2,132,-1,training-fold preprocessing; unavailable/zero columns audited,no current/future tournament outcomes,candidate; requires ablation
diff_research_venue_nonhome_three_accuracy_mean,venue_profile,"pre-cutoff home, away and neutral game cohorts",team 1 minus team 2,132,-1,training-fold preprocessing; unavailable/zero columns audited,no current/future tournament outcomes,candidate; requires ablation
diff_research_venue_nonhome_three_accuracy_std,venue_profile,"pre-cutoff home, away and neutral game cohorts",team 1 minus team 2,132,-1,training-fold preprocessing; unavailable/zero columns audited,no current/future tournament outcomes,candidate; requires ablation
diff_research_venue_nonhome_three_accuracy_count,venue_profile,"pre-cutoff home, away and neutral game cohorts",team 1 minus team 2,132,-1,training-fold preprocessing; unavailable/zero columns audited,no current/future tournament outcomes,candidate; requires ablation
diff_research_venue_nonhome_three_accuracy_q25,venue_profile,"pre-cutoff home, away and neutral game cohorts",team 1 minus team 2,132,-1,training-fold preprocessing; unavailable/zero columns audited,no current/future tournament outcomes,candidate; requires ablation
diff_research_venue_nonhome_three_accuracy_q75,venue_profile,"pre-cutoff home, away and neutral game cohorts",team 1 minus team 2,132,-1,training-fold preprocessing; unavailable/zero columns audited,no current/future tournament outcomes,candidate; requires ablation
diff_research_venue_nonhome_opp_three_accuracy_mean,venue_profile,"pre-cutoff home, away and neutral game cohorts",team 1 minus team 2,132,-1,training-fold preprocessing; unavailable/zero columns audited,no current/future tournament outcomes,candidate; requires ablation
diff_research_venue_nonhome_opp_three_accuracy_std,venue_profile,"pre-cutoff home, away and neutral game cohorts",team 1 minus team 2,132,-1,training-fold preprocessing; unavailable/zero columns audited,no current/future tournament outcomes,candidate; requires ablation
diff_research_venue_nonhome_opp_three_accuracy_count,venue_profile,"pre-cutoff home, away and neutral game cohorts",team 1 minus team 2,132,-1,training-fold preprocessing; unavailable/zero columns audited,no current/future tournament outcomes,candidate; requires ablation
diff_research_venue_nonhome_opp_three_accuracy_q25,venue_profile,"pre-cutoff home, away and neutral game cohorts",team 1 minus team 2,132,-1,training-fold preprocessing; unavailable/zero columns audited,no current/future tournament outcomes,candidate; requires ablation
diff_research_venue_nonhome_opp_three_accuracy_q75,venue_profile,"pre-cutoff home, away and neutral game cohorts",team 1 minus team 2,132,-1,training-fold preprocessing; unavailable/zero columns audited,no current/future tournament outcomes,candidate; requires ablation
diff_research_venue_nonhome_two_accuracy_mean,venue_profile,"pre-cutoff home, away and neutral game cohorts",team 1 minus team 2,132,-1,training-fold preprocessing; unavailable/zero columns audited,no current/future tournament outcomes,candidate; requires ablation
diff_research_venue_nonhome_two_accuracy_std,venue_profile,"pre-cutoff home, away and neutral game cohorts",team 1 minus team 2,132,-1,training-fold preprocessing; unavailable/zero columns audited,no current/future tournament outcomes,candidate; requires ablation
diff_research_venue_nonhome_two_accuracy_count,venue_profile,"pre-cutoff home, away and neutral game cohorts",team 1 minus team 2,132,-1,training-fold preprocessing; unavailable/zero columns audited,no current/future tournament outcomes,candidate; requires ablation
diff_research_venue_nonhome_two_accuracy_q25,venue_profile,"pre-cutoff home, away and neutral game cohorts",team 1 minus team 2,132,-1,training-fold preprocessing; unavailable/zero columns audited,no current/future tournament outcomes,candidate; requires ablation
diff_research_venue_nonhome_two_accuracy_q75,venue_profile,"pre-cutoff home, away and neutral game cohorts",team 1 minus team 2,132,-1,training-fold preprocessing; unavailable/zero columns audited,no current/future tournament outcomes,candidate; requires ablation
diff_research_venue_nonhome_opp_two_accuracy_mean,venue_profile,"pre-cutoff home, away and neutral game cohorts",team 1 minus team 2,132,-1,training-fold preprocessing; unavailable/zero columns audited,no current/future tournament outcomes,candidate; requires ablation
diff_research_venue_nonhome_opp_two_accuracy_std,venue_profile,"pre-cutoff home, away and neutral game cohorts",team 1 minus team 2,132,-1,training-fold preprocessing; unavailable/zero columns audited,no current/future tournament outcomes,candidate; requires ablation
diff_research_venue_nonhome_opp_two_accuracy_count,venue_profile,"pre-cutoff home, away and neutral game cohorts",team 1 minus team 2,132,-1,training-fold preprocessing; unavailable/zero columns audited,no current/future tournament outcomes,candidate; requires ablation
diff_research_venue_nonhome_opp_two_accuracy_q25,venue_profile,"pre-cutoff home, away and neutral game cohorts",team 1 minus team 2,132,-1,training-fold preprocessing; unavailable/zero columns audited,no current/future tournament outcomes,candidate; requires ablation
diff_research_venue_nonhome_opp_two_accuracy_q75,venue_profile,"pre-cutoff home, away and neutral game cohorts",team 1 minus team 2,132,-1,training-fold preprocessing; unavailable/zero columns audited,no current/future tournament outcomes,candidate; requires ablation
diff_research_venue_nonhome_free_accuracy_mean,venue_profile,"pre-cutoff home, away and neutral game cohorts",team 1 minus team 2,132,-1,training-fold preprocessing; unavailable/zero columns audited,no current/future tournament outcomes,candidate; requires ablation
diff_research_venue_nonhome_free_accuracy_std,venue_profile,"pre-cutoff home, away and neutral game cohorts",team 1 minus team 2,132,-1,training-fold preprocessing; unavailable/zero columns audited,no current/future tournament outcomes,candidate; requires ablation
diff_research_venue_nonhome_free_accuracy_count,venue_profile,"pre-cutoff home, away and neutral game cohorts",team 1 minus team 2,132,-1,training-fold preprocessing; unavailable/zero columns audited,no current/future tournament outcomes,candidate; requires ablation
diff_research_venue_nonhome_free_accuracy_q25,venue_profile,"pre-cutoff home, away and neutral game cohorts",team 1 minus team 2,132,-1,training-fold preprocessing; unavailable/zero columns audited,no current/future tournament outcomes,candidate; requires ablation
diff_research_venue_nonhome_free_accuracy_q75,venue_profile,"pre-cutoff home, away and neutral game cohorts",team 1 minus team 2,132,-1,training-fold preprocessing; unavailable/zero columns audited,no current/future tournament outcomes,candidate; requires ablation
diff_research_venue_nonhome_opp_free_accuracy_mean,venue_profile,"pre-cutoff home, away and neutral game cohorts",team 1 minus team 2,132,-1,training-fold preprocessing; unavailable/zero columns audited,no current/future tournament outcomes,candidate; requires ablation
diff_research_venue_nonhome_opp_free_accuracy_std,venue_profile,"pre-cutoff home, away and neutral game cohorts",team 1 minus team 2,132,-1,training-fold preprocessing; unavailable/zero columns audited,no current/future tournament outcomes,candidate; requires ablation
diff_research_venue_nonhome_opp_free_accuracy_count,venue_profile,"pre-cutoff home, away and neutral game cohorts",team 1 minus team 2,132,-1,training-fold preprocessing; unavailable/zero columns audited,no current/future tournament outcomes,candidate; requires ablation
diff_research_venue_nonhome_opp_free_accuracy_q25,venue_profile,"pre-cutoff home, away and neutral game cohorts",team 1 minus team 2,132,-1,training-fold preprocessing; unavailable/zero columns audited,no current/future tournament outcomes,candidate; requires ablation
diff_research_venue_nonhome_opp_free_accuracy_q75,venue_profile,"pre-cutoff home, away and neutral game cohorts",team 1 minus team 2,132,-1,training-fold preprocessing; unavailable/zero columns audited,no current/future tournament outcomes,candidate; requires ablation
diff_research_venue_nonhome_rebound_share_mean,venue_profile,"pre-cutoff home, away and neutral game cohorts",team 1 minus team 2,132,-1,training-fold preprocessing; unavailable/zero columns audited,no current/future tournament outcomes,candidate; requires ablation
diff_research_venue_nonhome_rebound_share_std,venue_profile,"pre-cutoff home, away and neutral game cohorts",team 1 minus team 2,132,-1,training-fold preprocessing; unavailable/zero columns audited,no current/future tournament outcomes,candidate; requires ablation
diff_research_venue_nonhome_rebound_share_count,venue_profile,"pre-cutoff home, away and neutral game cohorts",team 1 minus team 2,132,-1,training-fold preprocessing; unavailable/zero columns audited,no current/future tournament outcomes,candidate; requires ablation
diff_research_venue_nonhome_rebound_share_q25,venue_profile,"pre-cutoff home, away and neutral game cohorts",team 1 minus team 2,132,-1,training-fold preprocessing; unavailable/zero columns audited,no current/future tournament outcomes,candidate; requires ablation
diff_research_venue_nonhome_rebound_share_q75,venue_profile,"pre-cutoff home, away and neutral game cohorts",team 1 minus team 2,132,-1,training-fold preprocessing; unavailable/zero columns audited,no current/future tournament outcomes,candidate; requires ablation
diff_research_venue_nonhome_opp_rebound_share_mean,venue_profile,"pre-cutoff home, away and neutral game cohorts",team 1 minus team 2,132,-1,training-fold preprocessing; unavailable/zero columns audited,no current/future tournament outcomes,candidate; requires ablation
diff_research_venue_nonhome_opp_rebound_share_std,venue_profile,"pre-cutoff home, away and neutral game cohorts",team 1 minus team 2,132,-1,training-fold preprocessing; unavailable/zero columns audited,no current/future tournament outcomes,candidate; requires ablation
diff_research_venue_nonhome_opp_rebound_share_count,venue_profile,"pre-cutoff home, away and neutral game cohorts",team 1 minus team 2,132,-1,training-fold preprocessing; unavailable/zero columns audited,no current/future tournament outcomes,candidate; requires ablation
diff_research_venue_nonhome_opp_rebound_share_q25,venue_profile,"pre-cutoff home, away and neutral game cohorts",team 1 minus team 2,132,-1,training-fold preprocessing; unavailable/zero columns audited,no current/future tournament outcomes,candidate; requires ablation
diff_research_venue_nonhome_opp_rebound_share_q75,venue_profile,"pre-cutoff home, away and neutral game cohorts",team 1 minus team 2,132,-1,training-fold preprocessing; unavailable/zero columns audited,no current/future tournament outcomes,candidate; requires ablation
diff_research_venue_nonhome_shot_volume_mean,venue_profile,"pre-cutoff home, away and neutral game cohorts",team 1 minus team 2,132,-1,training-fold preprocessing; unavailable/zero columns audited,no current/future tournament outcomes,candidate; requires ablation
diff_research_venue_nonhome_shot_volume_std,venue_profile,"pre-cutoff home, away and neutral game cohorts",team 1 minus team 2,132,-1,training-fold preprocessing; unavailable/zero columns audited,no current/future tournament outcomes,candidate; requires ablation
diff_research_venue_nonhome_shot_volume_count,venue_profile,"pre-cutoff home, away and neutral game cohorts",team 1 minus team 2,132,-1,training-fold preprocessing; unavailable/zero columns audited,no current/future tournament outcomes,candidate; requires ablation
diff_research_venue_nonhome_shot_volume_q25,venue_profile,"pre-cutoff home, away and neutral game cohorts",team 1 minus team 2,132,-1,training-fold preprocessing; unavailable/zero columns audited,no current/future tournament outcomes,candidate; requires ablation
diff_research_venue_nonhome_shot_volume_q75,venue_profile,"pre-cutoff home, away and neutral game cohorts",team 1 minus team 2,132,-1,training-fold preprocessing; unavailable/zero columns audited,no current/future tournament outcomes,candidate; requires ablation
diff_research_venue_nonhome_opp_shot_volume_mean,venue_profile,"pre-cutoff home, away and neutral game cohorts",team 1 minus team 2,132,-1,training-fold preprocessing; unavailable/zero columns audited,no current/future tournament outcomes,candidate; requires ablation
diff_research_venue_nonhome_opp_shot_volume_std,venue_profile,"pre-cutoff home, away and neutral game cohorts",team 1 minus team 2,132,-1,training-fold preprocessing; unavailable/zero columns audited,no current/future tournament outcomes,candidate; requires ablation
diff_research_venue_nonhome_opp_shot_volume_count,venue_profile,"pre-cutoff home, away and neutral game cohorts",team 1 minus team 2,132,-1,training-fold preprocessing; unavailable/zero columns audited,no current/future tournament outcomes,candidate; requires ablation
diff_research_venue_nonhome_opp_shot_volume_q25,venue_profile,"pre-cutoff home, away and neutral game cohorts",team 1 minus team 2,132,-1,training-fold preprocessing; unavailable/zero columns audited,no current/future tournament outcomes,candidate; requires ablation
diff_research_venue_nonhome_opp_shot_volume_q75,venue_profile,"pre-cutoff home, away and neutral game cohorts",team 1 minus team 2,132,-1,training-fold preprocessing; unavailable/zero columns audited,no current/future tournament outcomes,candidate; requires ablation
diff_research_venue_nonhome_free_points_share_mean,venue_profile,"pre-cutoff home, away and neutral game cohorts",team 1 minus team 2,132,-1,training-fold preprocessing; unavailable/zero columns audited,no current/future tournament outcomes,candidate; requires ablation
diff_research_venue_nonhome_free_points_share_std,venue_profile,"pre-cutoff home, away and neutral game cohorts",team 1 minus team 2,132,-1,training-fold preprocessing; unavailable/zero columns audited,no current/future tournament outcomes,candidate; requires ablation
diff_research_venue_nonhome_free_points_share_count,venue_profile,"pre-cutoff home, away and neutral game cohorts",team 1 minus team 2,132,-1,training-fold preprocessing; unavailable/zero columns audited,no current/future tournament outcomes,candidate; requires ablation
diff_research_venue_nonhome_free_points_share_q25,venue_profile,"pre-cutoff home, away and neutral game cohorts",team 1 minus team 2,132,-1,training-fold preprocessing; unavailable/zero columns audited,no current/future tournament outcomes,candidate; requires ablation
diff_research_venue_nonhome_free_points_share_q75,venue_profile,"pre-cutoff home, away and neutral game cohorts",team 1 minus team 2,132,-1,training-fold preprocessing; unavailable/zero columns audited,no current/future tournament outcomes,candidate; requires ablation
diff_research_venue_nonhome_opp_free_points_share_mean,venue_profile,"pre-cutoff home, away and neutral game cohorts",team 1 minus team 2,132,-1,training-fold preprocessing; unavailable/zero columns audited,no current/future tournament outcomes,candidate; requires ablation
diff_research_venue_nonhome_opp_free_points_share_std,venue_profile,"pre-cutoff home, away and neutral game cohorts",team 1 minus team 2,132,-1,training-fold preprocessing; unavailable/zero columns audited,no current/future tournament outcomes,candidate; requires ablation
diff_research_venue_nonhome_opp_free_points_share_count,venue_profile,"pre-cutoff home, away and neutral game cohorts",team 1 minus team 2,132,-1,training-fold preprocessing; unavailable/zero columns audited,no current/future tournament outcomes,candidate; requires ablation
diff_research_venue_nonhome_opp_free_points_share_q25,venue_profile,"pre-cutoff home, away and neutral game cohorts",team 1 minus team 2,132,-1,training-fold preprocessing; unavailable/zero columns audited,no current/future tournament outcomes,candidate; requires ablation
diff_research_venue_nonhome_opp_free_points_share_q75,venue_profile,"pre-cutoff home, away and neutral game cohorts",team 1 minus team 2,132,-1,training-fold preprocessing; unavailable/zero columns audited,no current/future tournament outcomes,candidate; requires ablation
diff_research_venue_nonhome_three_points_share_mean,venue_profile,"pre-cutoff home, away and neutral game cohorts",team 1 minus team 2,132,-1,training-fold preprocessing; unavailable/zero columns audited,no current/future tournament outcomes,candidate; requires ablation
diff_research_venue_nonhome_three_points_share_std,venue_profile,"pre-cutoff home, away and neutral game cohorts",team 1 minus team 2,132,-1,training-fold preprocessing; unavailable/zero columns audited,no current/future tournament outcomes,candidate; requires ablation
diff_research_venue_nonhome_three_points_share_count,venue_profile,"pre-cutoff home, away and neutral game cohorts",team 1 minus team 2,132,-1,training-fold preprocessing; unavailable/zero columns audited,no current/future tournament outcomes,candidate; requires ablation
diff_research_venue_nonhome_three_points_share_q25,venue_profile,"pre-cutoff home, away and neutral game cohorts",team 1 minus team 2,132,-1,training-fold preprocessing; unavailable/zero columns audited,no current/future tournament outcomes,candidate; requires ablation
diff_research_venue_nonhome_three_points_share_q75,venue_profile,"pre-cutoff home, away and neutral game cohorts",team 1 minus team 2,132,-1,training-fold preprocessing; unavailable/zero columns audited,no current/future tournament outcomes,candidate; requires ablation
diff_research_venue_nonhome_opp_three_points_share_mean,venue_profile,"pre-cutoff home, away and neutral game cohorts",team 1 minus team 2,132,-1,training-fold preprocessing; unavailable/zero columns audited,no current/future tournament outcomes,candidate; requires ablation
diff_research_venue_nonhome_opp_three_points_share_std,venue_profile,"pre-cutoff home, away and neutral game cohorts",team 1 minus team 2,132,-1,training-fold preprocessing; unavailable/zero columns audited,no current/future tournament outcomes,candidate; requires ablation
diff_research_venue_nonhome_opp_three_points_share_count,venue_profile,"pre-cutoff home, away and neutral game cohorts",team 1 minus team 2,132,-1,training-fold preprocessing; unavailable/zero columns audited,no current/future tournament outcomes,candidate; requires ablation
diff_research_venue_nonhome_opp_three_points_share_q25,venue_profile,"pre-cutoff home, away and neutral game cohorts",team 1 minus team 2,132,-1,training-fold preprocessing; unavailable/zero columns audited,no current/future tournament outcomes,candidate; requires ablation
diff_research_venue_nonhome_opp_three_points_share_q75,venue_profile,"pre-cutoff home, away and neutral game cohorts",team 1 minus team 2,132,-1,training-fold preprocessing; unavailable/zero columns audited,no current/future tournament outcomes,candidate; requires ablation
diff_research_venue_nonhome_possession_gap_mean,venue_profile,"pre-cutoff home, away and neutral game cohorts",team 1 minus team 2,132,-1,training-fold preprocessing; unavailable/zero columns audited,no current/future tournament outcomes,candidate; requires ablation
diff_research_venue_nonhome_possession_gap_std,venue_profile,"pre-cutoff home, away and neutral game cohorts",team 1 minus team 2,132,-1,training-fold preprocessing; unavailable/zero columns audited,no current/future tournament outcomes,candidate; requires ablation
diff_research_venue_nonhome_possession_gap_count,venue_profile,"pre-cutoff home, away and neutral game cohorts",team 1 minus team 2,132,-1,training-fold preprocessing; unavailable/zero columns audited,no current/future tournament outcomes,candidate; requires ablation
diff_research_venue_nonhome_possession_gap_q25,venue_profile,"pre-cutoff home, away and neutral game cohorts",team 1 minus team 2,132,-1,training-fold preprocessing; unavailable/zero columns audited,no current/future tournament outcomes,candidate; requires ablation
diff_research_venue_nonhome_possession_gap_q75,venue_profile,"pre-cutoff home, away and neutral game cohorts",team 1 minus team 2,132,-1,training-fold preprocessing; unavailable/zero columns audited,no current/future tournament outcomes,candidate; requires ablation
diff_research_venue_nonhome_win_mean,venue_profile,"pre-cutoff home, away and neutral game cohorts",team 1 minus team 2,132,-1,training-fold preprocessing; unavailable/zero columns audited,no current/future tournament outcomes,candidate; requires ablation
diff_research_venue_nonhome_win_std,venue_profile,"pre-cutoff home, away and neutral game cohorts",team 1 minus team 2,132,-1,training-fold preprocessing; unavailable/zero columns audited,no current/future tournament outcomes,candidate; requires ablation
diff_research_venue_nonhome_win_count,venue_profile,"pre-cutoff home, away and neutral game cohorts",team 1 minus team 2,132,-1,training-fold preprocessing; unavailable/zero columns audited,no current/future tournament outcomes,candidate; requires ablation
diff_research_venue_nonhome_win_q25,venue_profile,"pre-cutoff home, away and neutral game cohorts",team 1 minus team 2,132,-1,training-fold preprocessing; unavailable/zero columns audited,no current/future tournament outcomes,candidate; requires ablation
diff_research_venue_nonhome_win_q75,venue_profile,"pre-cutoff home, away and neutral game cohorts",team 1 minus team 2,132,-1,training-fold preprocessing; unavailable/zero columns audited,no current/future tournament outcomes,candidate; requires ablation
diff_research_opponent_upper_quartile_margin_mean,opponent_profile,pre-cutoff opponents grouped by current legal strength,team 1 minus team 2,132,-1,training-fold preprocessing; unavailable/zero columns audited,no current/future tournament outcomes,candidate; requires ablation
diff_research_opponent_upper_quartile_margin_std,opponent_profile,pre-cutoff opponents grouped by current legal strength,team 1 minus team 2,132,-1,training-fold preprocessing; unavailable/zero columns audited,no current/future tournament outcomes,candidate; requires ablation
diff_research_opponent_upper_quartile_margin_count,opponent_profile,pre-cutoff opponents grouped by current legal strength,team 1 minus team 2,132,-1,training-fold preprocessing; unavailable/zero columns audited,no current/future tournament outcomes,candidate; requires ablation
diff_research_opponent_upper_quartile_margin_q25,opponent_profile,pre-cutoff opponents grouped by current legal strength,team 1 minus team 2,132,-1,training-fold preprocessing; unavailable/zero columns audited,no current/future tournament outcomes,candidate; requires ablation
diff_research_opponent_upper_quartile_margin_q75,opponent_profile,pre-cutoff opponents grouped by current legal strength,team 1 minus team 2,132,-1,training-fold preprocessing; unavailable/zero columns audited,no current/future tournament outcomes,candidate; requires ablation
diff_research_opponent_upper_quartile_points_mean,opponent_profile,pre-cutoff opponents grouped by current legal strength,team 1 minus team 2,132,-1,training-fold preprocessing; unavailable/zero columns audited,no current/future tournament outcomes,candidate; requires ablation
diff_research_opponent_upper_quartile_points_std,opponent_profile,pre-cutoff opponents grouped by current legal strength,team 1 minus team 2,132,-1,training-fold preprocessing; unavailable/zero columns audited,no current/future tournament outcomes,candidate; requires ablation
diff_research_opponent_upper_quartile_points_count,opponent_profile,pre-cutoff opponents grouped by current legal strength,team 1 minus team 2,132,-1,training-fold preprocessing; unavailable/zero columns audited,no current/future tournament outcomes,candidate; requires ablation
diff_research_opponent_upper_quartile_points_q25,opponent_profile,pre-cutoff opponents grouped by current legal strength,team 1 minus team 2,132,-1,training-fold preprocessing; unavailable/zero columns audited,no current/future tournament outcomes,candidate; requires ablation
diff_research_opponent_upper_quartile_points_q75,opponent_profile,pre-cutoff opponents grouped by current legal strength,team 1 minus team 2,132,-1,training-fold preprocessing; unavailable/zero columns audited,no current/future tournament outcomes,candidate; requires ablation
diff_research_opponent_upper_quartile_allowed_mean,opponent_profile,pre-cutoff opponents grouped by current legal strength,team 1 minus team 2,132,-1,training-fold preprocessing; unavailable/zero columns audited,no current/future tournament outcomes,candidate; requires ablation
diff_research_opponent_upper_quartile_allowed_std,opponent_profile,pre-cutoff opponents grouped by current legal strength,team 1 minus team 2,132,-1,training-fold preprocessing; unavailable/zero columns audited,no current/future tournament outcomes,candidate; requires ablation
diff_research_opponent_upper_quartile_allowed_count,opponent_profile,pre-cutoff opponents grouped by current legal strength,team 1 minus team 2,132,-1,training-fold preprocessing; unavailable/zero columns audited,no current/future tournament outcomes,candidate; requires ablation
diff_research_opponent_upper_quartile_allowed_q25,opponent_profile,pre-cutoff opponents grouped by current legal strength,team 1 minus team 2,132,-1,training-fold preprocessing; unavailable/zero columns audited,no current/future tournament outcomes,candidate; requires ablation
diff_research_opponent_upper_quartile_allowed_q75,opponent_profile,pre-cutoff opponents grouped by current legal strength,team 1 minus team 2,132,-1,training-fold preprocessing; unavailable/zero columns audited,no current/future tournament outcomes,candidate; requires ablation
diff_research_opponent_upper_quartile_efficiency_mean,opponent_profile,pre-cutoff opponents grouped by current legal strength,team 1 minus team 2,132,-1,training-fold preprocessing; unavailable/zero columns audited,no current/future tournament outcomes,candidate; requires ablation
diff_research_opponent_upper_quartile_efficiency_std,opponent_profile,pre-cutoff opponents grouped by current legal strength,team 1 minus team 2,132,-1,training-fold preprocessing; unavailable/zero columns audited,no current/future tournament outcomes,candidate; requires ablation
diff_research_opponent_upper_quartile_efficiency_count,opponent_profile,pre-cutoff opponents grouped by current legal strength,team 1 minus team 2,132,-1,training-fold preprocessing; unavailable/zero columns audited,no current/future tournament outcomes,candidate; requires ablation
diff_research_opponent_upper_quartile_efficiency_q25,opponent_profile,pre-cutoff opponents grouped by current legal strength,team 1 minus team 2,132,-1,training-fold preprocessing; unavailable/zero columns audited,no current/future tournament outcomes,candidate; requires ablation
diff_research_opponent_upper_quartile_efficiency_q75,opponent_profile,pre-cutoff opponents grouped by current legal strength,team 1 minus team 2,132,-1,training-fold preprocessing; unavailable/zero columns audited,no current/future tournament outcomes,candidate; requires ablation
diff_research_opponent_upper_quartile_allowed_efficiency_mean,opponent_profile,pre-cutoff opponents grouped by current legal strength,team 1 minus team 2,132,-1,training-fold preprocessing; unavailable/zero columns audited,no current/future tournament outcomes,candidate; requires ablation
diff_research_opponent_upper_quartile_allowed_efficiency_std,opponent_profile,pre-cutoff opponents grouped by current legal strength,team 1 minus team 2,132,-1,training-fold preprocessing; unavailable/zero columns audited,no current/future tournament outcomes,candidate; requires ablation
diff_research_opponent_upper_quartile_allowed_efficiency_count,opponent_profile,pre-cutoff opponents grouped by current legal strength,team 1 minus team 2,132,-1,training-fold preprocessing; unavailable/zero columns audited,no current/future tournament outcomes,candidate; requires ablation
diff_research_opponent_upper_quartile_allowed_efficiency_q25,opponent_profile,pre-cutoff opponents grouped by current legal strength,team 1 minus team 2,132,-1,training-fold preprocessing; unavailable/zero columns audited,no current/future tournament outcomes,candidate; requires ablation
diff_research_opponent_upper_quartile_allowed_efficiency_q75,opponent_profile,pre-cutoff opponents grouped by current legal strength,team 1 minus team 2,132,-1,training-fold preprocessing; unavailable/zero columns audited,no current/future tournament outcomes,candidate; requires ablation
diff_research_opponent_upper_quartile_tempo_mean,opponent_profile,pre-cutoff opponents grouped by current legal strength,team 1 minus team 2,132,-1,training-fold preprocessing; unavailable/zero columns audited,no current/future tournament outcomes,candidate; requires ablation
diff_research_opponent_upper_quartile_tempo_std,opponent_profile,pre-cutoff opponents grouped by current legal strength,team 1 minus team 2,132,-1,training-fold preprocessing; unavailable/zero columns audited,no current/future tournament outcomes,candidate; requires ablation
diff_research_opponent_upper_quartile_tempo_count,opponent_profile,pre-cutoff opponents grouped by current legal strength,team 1 minus team 2,132,-1,training-fold preprocessing; unavailable/zero columns audited,no current/future tournament outcomes,candidate; requires ablation
diff_research_opponent_upper_quartile_tempo_q25,opponent_profile,pre-cutoff opponents grouped by current legal strength,team 1 minus team 2,132,-1,training-fold preprocessing; unavailable/zero columns audited,no current/future tournament outcomes,candidate; requires ablation
diff_research_opponent_upper_quartile_tempo_q75,opponent_profile,pre-cutoff opponents grouped by current legal strength,team 1 minus team 2,132,-1,training-fold preprocessing; unavailable/zero columns audited,no current/future tournament outcomes,candidate; requires ablation
diff_research_opponent_upper_quartile_efg_mean,opponent_profile,pre-cutoff opponents grouped by current legal strength,team 1 minus team 2,132,-1,training-fold preprocessing; unavailable/zero columns audited,no current/future tournament outcomes,candidate; requires ablation
diff_research_opponent_upper_quartile_efg_std,opponent_profile,pre-cutoff opponents grouped by current legal strength,team 1 minus team 2,132,-1,training-fold preprocessing; unavailable/zero columns audited,no current/future tournament outcomes,candidate; requires ablation
diff_research_opponent_upper_quartile_efg_count,opponent_profile,pre-cutoff opponents grouped by current legal strength,team 1 minus team 2,132,-1,training-fold preprocessing; unavailable/zero columns audited,no current/future tournament outcomes,candidate; requires ablation
diff_research_opponent_upper_quartile_efg_q25,opponent_profile,pre-cutoff opponents grouped by current legal strength,team 1 minus team 2,132,-1,training-fold preprocessing; unavailable/zero columns audited,no current/future tournament outcomes,candidate; requires ablation
diff_research_opponent_upper_quartile_efg_q75,opponent_profile,pre-cutoff opponents grouped by current legal strength,team 1 minus team 2,132,-1,training-fold preprocessing; unavailable/zero columns audited,no current/future tournament outcomes,candidate; requires ablation
diff_research_opponent_upper_quartile_opp_efg_mean,opponent_profile,pre-cutoff opponents grouped by current legal strength,team 1 minus team 2,132,-1,training-fold preprocessing; unavailable/zero columns audited,no current/future tournament outcomes,candidate; requires ablation
diff_research_opponent_upper_quartile_opp_efg_std,opponent_profile,pre-cutoff opponents grouped by current legal strength,team 1 minus team 2,132,-1,training-fold preprocessing; unavailable/zero columns audited,no current/future tournament outcomes,candidate; requires ablation
diff_research_opponent_upper_quartile_opp_efg_count,opponent_profile,pre-cutoff opponents grouped by current legal strength,team 1 minus team 2,132,-1,training-fold preprocessing; unavailable/zero columns audited,no current/future tournament outcomes,candidate; requires ablation
diff_research_opponent_upper_quartile_opp_efg_q25,opponent_profile,pre-cutoff opponents grouped by current legal strength,team 1 minus team 2,132,-1,training-fold preprocessing; unavailable/zero columns audited,no current/future tournament outcomes,candidate; requires ablation
diff_research_opponent_upper_quartile_opp_efg_q75,opponent_profile,pre-cutoff opponents grouped by current legal strength,team 1 minus team 2,132,-1,training-fold preprocessing; unavailable/zero columns audited,no current/future tournament outcomes,candidate; requires ablation
diff_research_opponent_upper_quartile_tov_mean,opponent_profile,pre-cutoff opponents grouped by current legal strength,team 1 minus team 2,132,-1,training-fold preprocessing; unavailable/zero columns audited,no current/future tournament outcomes,candidate; requires ablation
diff_research_opponent_upper_quartile_tov_std,opponent_profile,pre-cutoff opponents grouped by current legal strength,team 1 minus team 2,132,-1,training-fold preprocessing; unavailable/zero columns audited,no current/future tournament outcomes,candidate; requires ablation
diff_research_opponent_upper_quartile_tov_count,opponent_profile,pre-cutoff opponents grouped by current legal strength,team 1 minus team 2,132,-1,training-fold preprocessing; unavailable/zero columns audited,no current/future tournament outcomes,candidate; requires ablation
diff_research_opponent_upper_quartile_tov_q25,opponent_profile,pre-cutoff opponents grouped by current legal strength,team 1 minus team 2,132,-1,training-fold preprocessing; unavailable/zero columns audited,no current/future tournament outcomes,candidate; requires ablation
diff_research_opponent_upper_quartile_tov_q75,opponent_profile,pre-cutoff opponents grouped by current legal strength,team 1 minus team 2,132,-1,training-fold preprocessing; unavailable/zero columns audited,no current/future tournament outcomes,candidate; requires ablation
diff_research_opponent_upper_quartile_opp_tov_mean,opponent_profile,pre-cutoff opponents grouped by current legal strength,team 1 minus team 2,132,-1,training-fold preprocessing; unavailable/zero columns audited,no current/future tournament outcomes,candidate; requires ablation
diff_research_opponent_upper_quartile_opp_tov_std,opponent_profile,pre-cutoff opponents grouped by current legal strength,team 1 minus team 2,132,-1,training-fold preprocessing; unavailable/zero columns audited,no current/future tournament outcomes,candidate; requires ablation
diff_research_opponent_upper_quartile_opp_tov_count,opponent_profile,pre-cutoff opponents grouped by current legal strength,team 1 minus team 2,132,-1,training-fold preprocessing; unavailable/zero columns audited,no current/future tournament outcomes,candidate; requires ablation
diff_research_opponent_upper_quartile_opp_tov_q25,opponent_profile,pre-cutoff opponents grouped by current legal strength,team 1 minus team 2,132,-1,training-fold preprocessing; unavailable/zero columns audited,no current/future tournament outcomes,candidate; requires ablation
diff_research_opponent_upper_quartile_opp_tov_q75,opponent_profile,pre-cutoff opponents grouped by current legal strength,team 1 minus team 2,132,-1,training-fold preprocessing; unavailable/zero columns audited,no current/future tournament outcomes,candidate; requires ablation
diff_research_opponent_upper_quartile_orb_mean,opponent_profile,pre-cutoff opponents grouped by current legal strength,team 1 minus team 2,132,-1,training-fold preprocessing; unavailable/zero columns audited,no current/future tournament outcomes,candidate; requires ablation
diff_research_opponent_upper_quartile_orb_std,opponent_profile,pre-cutoff opponents grouped by current legal strength,team 1 minus team 2,132,-1,training-fold preprocessing; unavailable/zero columns audited,no current/future tournament outcomes,candidate; requires ablation
diff_research_opponent_upper_quartile_orb_count,opponent_profile,pre-cutoff opponents grouped by current legal strength,team 1 minus team 2,132,-1,training-fold preprocessing; unavailable/zero columns audited,no current/future tournament outcomes,candidate; requires ablation
diff_research_opponent_upper_quartile_orb_q25,opponent_profile,pre-cutoff opponents grouped by current legal strength,team 1 minus team 2,132,-1,training-fold preprocessing; unavailable/zero columns audited,no current/future tournament outcomes,candidate; requires ablation
diff_research_opponent_upper_quartile_orb_q75,opponent_profile,pre-cutoff opponents grouped by current legal strength,team 1 minus team 2,132,-1,training-fold preprocessing; unavailable/zero columns audited,no current/future tournament outcomes,candidate; requires ablation
diff_research_opponent_upper_quartile_opp_orb_mean,opponent_profile,pre-cutoff opponents grouped by current legal strength,team 1 minus team 2,132,-1,training-fold preprocessing; unavailable/zero columns audited,no current/future tournament outcomes,candidate; requires ablation
diff_research_opponent_upper_quartile_opp_orb_std,opponent_profile,pre-cutoff opponents grouped by current legal strength,team 1 minus team 2,132,-1,training-fold preprocessing; unavailable/zero columns audited,no current/future tournament outcomes,candidate; requires ablation
diff_research_opponent_upper_quartile_opp_orb_count,opponent_profile,pre-cutoff opponents grouped by current legal strength,team 1 minus team 2,132,-1,training-fold preprocessing; unavailable/zero columns audited,no current/future tournament outcomes,candidate; requires ablation
diff_research_opponent_upper_quartile_opp_orb_q25,opponent_profile,pre-cutoff opponents grouped by current legal strength,team 1 minus team 2,132,-1,training-fold preprocessing; unavailable/zero columns audited,no current/future tournament outcomes,candidate; requires ablation
diff_research_opponent_upper_quartile_opp_orb_q75,opponent_profile,pre-cutoff opponents grouped by current legal strength,team 1 minus team 2,132,-1,training-fold preprocessing; unavailable/zero columns audited,no current/future tournament outcomes,candidate; requires ablation
diff_research_opponent_upper_quartile_ftr_mean,opponent_profile,pre-cutoff opponents grouped by current legal strength,team 1 minus team 2,132,-1,training-fold preprocessing; unavailable/zero columns audited,no current/future tournament outcomes,candidate; requires ablation
diff_research_opponent_upper_quartile_ftr_std,opponent_profile,pre-cutoff opponents grouped by current legal strength,team 1 minus team 2,132,-1,training-fold preprocessing; unavailable/zero columns audited,no current/future tournament outcomes,candidate; requires ablation
diff_research_opponent_upper_quartile_ftr_count,opponent_profile,pre-cutoff opponents grouped by current legal strength,team 1 minus team 2,132,-1,training-fold preprocessing; unavailable/zero columns audited,no current/future tournament outcomes,candidate; requires ablation
diff_research_opponent_upper_quartile_ftr_q25,opponent_profile,pre-cutoff opponents grouped by current legal strength,team 1 minus team 2,132,-1,training-fold preprocessing; unavailable/zero columns audited,no current/future tournament outcomes,candidate; requires ablation
diff_research_opponent_upper_quartile_ftr_q75,opponent_profile,pre-cutoff opponents grouped by current legal strength,team 1 minus team 2,132,-1,training-fold preprocessing; unavailable/zero columns audited,no current/future tournament outcomes,candidate; requires ablation
diff_research_opponent_upper_quartile_opp_ftr_mean,opponent_profile,pre-cutoff opponents grouped by current legal strength,team 1 minus team 2,132,-1,training-fold preprocessing; unavailable/zero columns audited,no current/future tournament outcomes,candidate; requires ablation
diff_research_opponent_upper_quartile_opp_ftr_std,opponent_profile,pre-cutoff opponents grouped by current legal strength,team 1 minus team 2,132,-1,training-fold preprocessing; unavailable/zero columns audited,no current/future tournament outcomes,candidate; requires ablation
diff_research_opponent_upper_quartile_opp_ftr_count,opponent_profile,pre-cutoff opponents grouped by current legal strength,team 1 minus team 2,132,-1,training-fold preprocessing; unavailable/zero columns audited,no current/future tournament outcomes,candidate; requires ablation
diff_research_opponent_upper_quartile_opp_ftr_q25,opponent_profile,pre-cutoff opponents grouped by current legal strength,team 1 minus team 2,132,-1,training-fold preprocessing; unavailable/zero columns audited,no current/future tournament outcomes,candidate; requires ablation
diff_research_opponent_upper_quartile_opp_ftr_q75,opponent_profile,pre-cutoff opponents grouped by current legal strength,team 1 minus team 2,132,-1,training-fold preprocessing; unavailable/zero columns audited,no current/future tournament outcomes,candidate; requires ablation
diff_research_opponent_upper_quartile_three_share_mean,opponent_profile,pre-cutoff opponents grouped by current legal strength,team 1 minus team 2,132,-1,training-fold preprocessing; unavailable/zero columns audited,no current/future tournament outcomes,candidate; requires ablation
diff_research_opponent_upper_quartile_three_share_std,opponent_profile,pre-cutoff opponents grouped by current legal strength,team 1 minus team 2,132,-1,training-fold preprocessing; unavailable/zero columns audited,no current/future tournament outcomes,candidate; requires ablation
diff_research_opponent_upper_quartile_three_share_count,opponent_profile,pre-cutoff opponents grouped by current legal strength,team 1 minus team 2,132,-1,training-fold preprocessing; unavailable/zero columns audited,no current/future tournament outcomes,candidate; requires ablation
diff_research_opponent_upper_quartile_three_share_q25,opponent_profile,pre-cutoff opponents grouped by current legal strength,team 1 minus team 2,132,-1,training-fold preprocessing; unavailable/zero columns audited,no current/future tournament outcomes,candidate; requires ablation
diff_research_opponent_upper_quartile_three_share_q75,opponent_profile,pre-cutoff opponents grouped by current legal strength,team 1 minus team 2,132,-1,training-fold preprocessing; unavailable/zero columns audited,no current/future tournament outcomes,candidate; requires ablation
diff_research_opponent_upper_quartile_opp_three_share_mean,opponent_profile,pre-cutoff opponents grouped by current legal strength,team 1 minus team 2,132,-1,training-fold preprocessing; unavailable/zero columns audited,no current/future tournament outcomes,candidate; requires ablation
diff_research_opponent_upper_quartile_opp_three_share_std,opponent_profile,pre-cutoff opponents grouped by current legal strength,team 1 minus team 2,132,-1,training-fold preprocessing; unavailable/zero columns audited,no current/future tournament outcomes,candidate; requires ablation
diff_research_opponent_upper_quartile_opp_three_share_count,opponent_profile,pre-cutoff opponents grouped by current legal strength,team 1 minus team 2,132,-1,training-fold preprocessing; unavailable/zero columns audited,no current/future tournament outcomes,candidate; requires ablation
diff_research_opponent_upper_quartile_opp_three_share_q25,opponent_profile,pre-cutoff opponents grouped by current legal strength,team 1 minus team 2,132,-1,training-fold preprocessing; unavailable/zero columns audited,no current/future tournament outcomes,candidate; requires ablation
diff_research_opponent_upper_quartile_opp_three_share_q75,opponent_profile,pre-cutoff opponents grouped by current legal strength,team 1 minus team 2,132,-1,training-fold preprocessing; unavailable/zero columns audited,no current/future tournament outcomes,candidate; requires ablation
diff_research_opponent_upper_quartile_three_accuracy_mean,opponent_profile,pre-cutoff opponents grouped by current legal strength,team 1 minus team 2,132,-1,training-fold preprocessing; unavailable/zero columns audited,no current/future tournament outcomes,candidate; requires ablation
diff_research_opponent_upper_quartile_three_accuracy_std,opponent_profile,pre-cutoff opponents grouped by current legal strength,team 1 minus team 2,132,-1,training-fold preprocessing; unavailable/zero columns audited,no current/future tournament outcomes,candidate; requires ablation
diff_research_opponent_upper_quartile_three_accuracy_count,opponent_profile,pre-cutoff opponents grouped by current legal strength,team 1 minus team 2,132,-1,training-fold preprocessing; unavailable/zero columns audited,no current/future tournament outcomes,candidate; requires ablation
diff_research_opponent_upper_quartile_three_accuracy_q25,opponent_profile,pre-cutoff opponents grouped by current legal strength,team 1 minus team 2,132,-1,training-fold preprocessing; unavailable/zero columns audited,no current/future tournament outcomes,candidate; requires ablation
diff_research_opponent_upper_quartile_three_accuracy_q75,opponent_profile,pre-cutoff opponents grouped by current legal strength,team 1 minus team 2,132,-1,training-fold preprocessing; unavailable/zero columns audited,no current/future tournament outcomes,candidate; requires ablation
diff_research_opponent_upper_quartile_opp_three_accuracy_mean,opponent_profile,pre-cutoff opponents grouped by current legal strength,team 1 minus team 2,132,-1,training-fold preprocessing; unavailable/zero columns audited,no current/future tournament outcomes,candidate; requires ablation
diff_research_opponent_upper_quartile_opp_three_accuracy_std,opponent_profile,pre-cutoff opponents grouped by current legal strength,team 1 minus team 2,132,-1,training-fold preprocessing; unavailable/zero columns audited,no current/future tournament outcomes,candidate; requires ablation
diff_research_opponent_upper_quartile_opp_three_accuracy_count,opponent_profile,pre-cutoff opponents grouped by current legal strength,team 1 minus team 2,132,-1,training-fold preprocessing; unavailable/zero columns audited,no current/future tournament outcomes,candidate; requires ablation
diff_research_opponent_upper_quartile_opp_three_accuracy_q25,opponent_profile,pre-cutoff opponents grouped by current legal strength,team 1 minus team 2,132,-1,training-fold preprocessing; unavailable/zero columns audited,no current/future tournament outcomes,candidate; requires ablation
diff_research_opponent_upper_quartile_opp_three_accuracy_q75,opponent_profile,pre-cutoff opponents grouped by current legal strength,team 1 minus team 2,132,-1,training-fold preprocessing; unavailable/zero columns audited,no current/future tournament outcomes,candidate; requires ablation
diff_research_opponent_upper_quartile_two_accuracy_mean,opponent_profile,pre-cutoff opponents grouped by current legal strength,team 1 minus team 2,132,-1,training-fold preprocessing; unavailable/zero columns audited,no current/future tournament outcomes,candidate; requires ablation
diff_research_opponent_upper_quartile_two_accuracy_std,opponent_profile,pre-cutoff opponents grouped by current legal strength,team 1 minus team 2,132,-1,training-fold preprocessing; unavailable/zero columns audited,no current/future tournament outcomes,candidate; requires ablation
diff_research_opponent_upper_quartile_two_accuracy_count,opponent_profile,pre-cutoff opponents grouped by current legal strength,team 1 minus team 2,132,-1,training-fold preprocessing; unavailable/zero columns audited,no current/future tournament outcomes,candidate; requires ablation
diff_research_opponent_upper_quartile_two_accuracy_q25,opponent_profile,pre-cutoff opponents grouped by current legal strength,team 1 minus team 2,132,-1,training-fold preprocessing; unavailable/zero columns audited,no current/future tournament outcomes,candidate; requires ablation
diff_research_opponent_upper_quartile_two_accuracy_q75,opponent_profile,pre-cutoff opponents grouped by current legal strength,team 1 minus team 2,132,-1,training-fold preprocessing; unavailable/zero columns audited,no current/future tournament outcomes,candidate; requires ablation
diff_research_opponent_upper_quartile_opp_two_accuracy_mean,opponent_profile,pre-cutoff opponents grouped by current legal strength,team 1 minus team 2,132,-1,training-fold preprocessing; unavailable/zero columns audited,no current/future tournament outcomes,candidate; requires ablation
diff_research_opponent_upper_quartile_opp_two_accuracy_std,opponent_profile,pre-cutoff opponents grouped by current legal strength,team 1 minus team 2,132,-1,training-fold preprocessing; unavailable/zero columns audited,no current/future tournament outcomes,candidate; requires ablation
diff_research_opponent_upper_quartile_opp_two_accuracy_count,opponent_profile,pre-cutoff opponents grouped by current legal strength,team 1 minus team 2,132,-1,training-fold preprocessing; unavailable/zero columns audited,no current/future tournament outcomes,candidate; requires ablation
diff_research_opponent_upper_quartile_opp_two_accuracy_q25,opponent_profile,pre-cutoff opponents grouped by current legal strength,team 1 minus team 2,132,-1,training-fold preprocessing; unavailable/zero columns audited,no current/future tournament outcomes,candidate; requires ablation
diff_research_opponent_upper_quartile_opp_two_accuracy_q75,opponent_profile,pre-cutoff opponents grouped by current legal strength,team 1 minus team 2,132,-1,training-fold preprocessing; unavailable/zero columns audited,no current/future tournament outcomes,candidate; requires ablation
diff_research_opponent_upper_quartile_free_accuracy_mean,opponent_profile,pre-cutoff opponents grouped by current legal strength,team 1 minus team 2,132,-1,training-fold preprocessing; unavailable/zero columns audited,no current/future tournament outcomes,candidate; requires ablation
diff_research_opponent_upper_quartile_free_accuracy_std,opponent_profile,pre-cutoff opponents grouped by current legal strength,team 1 minus team 2,132,-1,training-fold preprocessing; unavailable/zero columns audited,no current/future tournament outcomes,candidate; requires ablation
diff_research_opponent_upper_quartile_free_accuracy_count,opponent_profile,pre-cutoff opponents grouped by current legal strength,team 1 minus team 2,132,-1,training-fold preprocessing; unavailable/zero columns audited,no current/future tournament outcomes,candidate; requires ablation
diff_research_opponent_upper_quartile_free_accuracy_q25,opponent_profile,pre-cutoff opponents grouped by current legal strength,team 1 minus team 2,132,-1,training-fold preprocessing; unavailable/zero columns audited,no current/future tournament outcomes,candidate; requires ablation
diff_research_opponent_upper_quartile_free_accuracy_q75,opponent_profile,pre-cutoff opponents grouped by current legal strength,team 1 minus team 2,132,-1,training-fold preprocessing; unavailable/zero columns audited,no current/future tournament outcomes,candidate; requires ablation
diff_research_opponent_upper_quartile_opp_free_accuracy_mean,opponent_profile,pre-cutoff opponents grouped by current legal strength,team 1 minus team 2,132,-1,training-fold preprocessing; unavailable/zero columns audited,no current/future tournament outcomes,candidate; requires ablation
diff_research_opponent_upper_quartile_opp_free_accuracy_std,opponent_profile,pre-cutoff opponents grouped by current legal strength,team 1 minus team 2,132,-1,training-fold preprocessing; unavailable/zero columns audited,no current/future tournament outcomes,candidate; requires ablation
diff_research_opponent_upper_quartile_opp_free_accuracy_count,opponent_profile,pre-cutoff opponents grouped by current legal strength,team 1 minus team 2,132,-1,training-fold preprocessing; unavailable/zero columns audited,no current/future tournament outcomes,candidate; requires ablation
diff_research_opponent_upper_quartile_opp_free_accuracy_q25,opponent_profile,pre-cutoff opponents grouped by current legal strength,team 1 minus team 2,132,-1,training-fold preprocessing; unavailable/zero columns audited,no current/future tournament outcomes,candidate; requires ablation
diff_research_opponent_upper_quartile_opp_free_accuracy_q75,opponent_profile,pre-cutoff opponents grouped by current legal strength,team 1 minus team 2,132,-1,training-fold preprocessing; unavailable/zero columns audited,no current/future tournament outcomes,candidate; requires ablation
diff_research_opponent_upper_quartile_rebound_share_mean,opponent_profile,pre-cutoff opponents grouped by current legal strength,team 1 minus team 2,132,-1,training-fold preprocessing; unavailable/zero columns audited,no current/future tournament outcomes,candidate; requires ablation
diff_research_opponent_upper_quartile_rebound_share_std,opponent_profile,pre-cutoff opponents grouped by current legal strength,team 1 minus team 2,132,-1,training-fold preprocessing; unavailable/zero columns audited,no current/future tournament outcomes,candidate; requires ablation
diff_research_opponent_upper_quartile_rebound_share_count,opponent_profile,pre-cutoff opponents grouped by current legal strength,team 1 minus team 2,132,-1,training-fold preprocessing; unavailable/zero columns audited,no current/future tournament outcomes,candidate; requires ablation
diff_research_opponent_upper_quartile_rebound_share_q25,opponent_profile,pre-cutoff opponents grouped by current legal strength,team 1 minus team 2,132,-1,training-fold preprocessing; unavailable/zero columns audited,no current/future tournament outcomes,candidate; requires ablation
diff_research_opponent_upper_quartile_rebound_share_q75,opponent_profile,pre-cutoff opponents grouped by current legal strength,team 1 minus team 2,132,-1,training-fold preprocessing; unavailable/zero columns audited,no current/future tournament outcomes,candidate; requires ablation
diff_research_opponent_upper_quartile_opp_rebound_share_mean,opponent_profile,pre-cutoff opponents grouped by current legal strength,team 1 minus team 2,132,-1,training-fold preprocessing; unavailable/zero columns audited,no current/future tournament outcomes,candidate; requires ablation
diff_research_opponent_upper_quartile_opp_rebound_share_std,opponent_profile,pre-cutoff opponents grouped by current legal strength,team 1 minus team 2,132,-1,training-fold preprocessing; unavailable/zero columns audited,no current/future tournament outcomes,candidate; requires ablation
diff_research_opponent_upper_quartile_opp_rebound_share_count,opponent_profile,pre-cutoff opponents grouped by current legal strength,team 1 minus team 2,132,-1,training-fold preprocessing; unavailable/zero columns audited,no current/future tournament outcomes,candidate; requires ablation
diff_research_opponent_upper_quartile_opp_rebound_share_q25,opponent_profile,pre-cutoff opponents grouped by current legal strength,team 1 minus team 2,132,-1,training-fold preprocessing; unavailable/zero columns audited,no current/future tournament outcomes,candidate; requires ablation
diff_research_opponent_upper_quartile_opp_rebound_share_q75,opponent_profile,pre-cutoff opponents grouped by current legal strength,team 1 minus team 2,132,-1,training-fold preprocessing; unavailable/zero columns audited,no current/future tournament outcomes,candidate; requires ablation
diff_research_opponent_upper_quartile_shot_volume_mean,opponent_profile,pre-cutoff opponents grouped by current legal strength,team 1 minus team 2,132,-1,training-fold preprocessing; unavailable/zero columns audited,no current/future tournament outcomes,candidate; requires ablation
diff_research_opponent_upper_quartile_shot_volume_std,opponent_profile,pre-cutoff opponents grouped by current legal strength,team 1 minus team 2,132,-1,training-fold preprocessing; unavailable/zero columns audited,no current/future tournament outcomes,candidate; requires ablation
diff_research_opponent_upper_quartile_shot_volume_count,opponent_profile,pre-cutoff opponents grouped by current legal strength,team 1 minus team 2,132,-1,training-fold preprocessing; unavailable/zero columns audited,no current/future tournament outcomes,candidate; requires ablation
diff_research_opponent_upper_quartile_shot_volume_q25,opponent_profile,pre-cutoff opponents grouped by current legal strength,team 1 minus team 2,132,-1,training-fold preprocessing; unavailable/zero columns audited,no current/future tournament outcomes,candidate; requires ablation
diff_research_opponent_upper_quartile_shot_volume_q75,opponent_profile,pre-cutoff opponents grouped by current legal strength,team 1 minus team 2,132,-1,training-fold preprocessing; unavailable/zero columns audited,no current/future tournament outcomes,candidate; requires ablation
diff_research_opponent_upper_quartile_opp_shot_volume_mean,opponent_profile,pre-cutoff opponents grouped by current legal strength,team 1 minus team 2,132,-1,training-fold preprocessing; unavailable/zero columns audited,no current/future tournament outcomes,candidate; requires ablation
diff_research_opponent_upper_quartile_opp_shot_volume_std,opponent_profile,pre-cutoff opponents grouped by current legal strength,team 1 minus team 2,132,-1,training-fold preprocessing; unavailable/zero columns audited,no current/future tournament outcomes,candidate; requires ablation
diff_research_opponent_upper_quartile_opp_shot_volume_count,opponent_profile,pre-cutoff opponents grouped by current legal strength,team 1 minus team 2,132,-1,training-fold preprocessing; unavailable/zero columns audited,no current/future tournament outcomes,candidate; requires ablation
diff_research_opponent_upper_quartile_opp_shot_volume_q25,opponent_profile,pre-cutoff opponents grouped by current legal strength,team 1 minus team 2,132,-1,training-fold preprocessing; unavailable/zero columns audited,no current/future tournament outcomes,candidate; requires ablation
diff_research_opponent_upper_quartile_opp_shot_volume_q75,opponent_profile,pre-cutoff opponents grouped by current legal strength,team 1 minus team 2,132,-1,training-fold preprocessing; unavailable/zero columns audited,no current/future tournament outcomes,candidate; requires ablation
diff_research_opponent_upper_quartile_free_points_share_mean,opponent_profile,pre-cutoff opponents grouped by current legal strength,team 1 minus team 2,132,-1,training-fold preprocessing; unavailable/zero columns audited,no current/future tournament outcomes,candidate; requires ablation
diff_research_opponent_upper_quartile_free_points_share_std,opponent_profile,pre-cutoff opponents grouped by current legal strength,team 1 minus team 2,132,-1,training-fold preprocessing; unavailable/zero columns audited,no current/future tournament outcomes,candidate; requires ablation
diff_research_opponent_upper_quartile_free_points_share_count,opponent_profile,pre-cutoff opponents grouped by current legal strength,team 1 minus team 2,132,-1,training-fold preprocessing; unavailable/zero columns audited,no current/future tournament outcomes,candidate; requires ablation
diff_research_opponent_upper_quartile_free_points_share_q25,opponent_profile,pre-cutoff opponents grouped by current legal strength,team 1 minus team 2,132,-1,training-fold preprocessing; unavailable/zero columns audited,no current/future tournament outcomes,candidate; requires ablation
diff_research_opponent_upper_quartile_free_points_share_q75,opponent_profile,pre-cutoff opponents grouped by current legal strength,team 1 minus team 2,132,-1,training-fold preprocessing; unavailable/zero columns audited,no current/future tournament outcomes,candidate; requires ablation
diff_research_opponent_upper_quartile_opp_free_points_share_mean,opponent_profile,pre-cutoff opponents grouped by current legal strength,team 1 minus team 2,132,-1,training-fold preprocessing; unavailable/zero columns audited,no current/future tournament outcomes,candidate; requires ablation
diff_research_opponent_upper_quartile_opp_free_points_share_std,opponent_profile,pre-cutoff opponents grouped by current legal strength,team 1 minus team 2,132,-1,training-fold preprocessing; unavailable/zero columns audited,no current/future tournament outcomes,candidate; requires ablation
diff_research_opponent_upper_quartile_opp_free_points_share_count,opponent_profile,pre-cutoff opponents grouped by current legal strength,team 1 minus team 2,132,-1,training-fold preprocessing; unavailable/zero columns audited,no current/future tournament outcomes,candidate; requires ablation
diff_research_opponent_upper_quartile_opp_free_points_share_q25,opponent_profile,pre-cutoff opponents grouped by current legal strength,team 1 minus team 2,132,-1,training-fold preprocessing; unavailable/zero columns audited,no current/future tournament outcomes,candidate; requires ablation
diff_research_opponent_upper_quartile_opp_free_points_share_q75,opponent_profile,pre-cutoff opponents grouped by current legal strength,team 1 minus team 2,132,-1,training-fold preprocessing; unavailable/zero columns audited,no current/future tournament outcomes,candidate; requires ablation
diff_research_opponent_upper_quartile_three_points_share_mean,opponent_profile,pre-cutoff opponents grouped by current legal strength,team 1 minus team 2,132,-1,training-fold preprocessing; unavailable/zero columns audited,no current/future tournament outcomes,candidate; requires ablation
diff_research_opponent_upper_quartile_three_points_share_std,opponent_profile,pre-cutoff opponents grouped by current legal strength,team 1 minus team 2,132,-1,training-fold preprocessing; unavailable/zero columns audited,no current/future tournament outcomes,candidate; requires ablation
diff_research_opponent_upper_quartile_three_points_share_count,opponent_profile,pre-cutoff opponents grouped by current legal strength,team 1 minus team 2,132,-1,training-fold preprocessing; unavailable/zero columns audited,no current/future tournament outcomes,candidate; requires ablation
diff_research_opponent_upper_quartile_three_points_share_q25,opponent_profile,pre-cutoff opponents grouped by current legal strength,team 1 minus team 2,132,-1,training-fold preprocessing; unavailable/zero columns audited,no current/future tournament outcomes,candidate; requires ablation
diff_research_opponent_upper_quartile_three_points_share_q75,opponent_profile,pre-cutoff opponents grouped by current legal strength,team 1 minus team 2,132,-1,training-fold preprocessing; unavailable/zero columns audited,no current/future tournament outcomes,candidate; requires ablation
diff_research_opponent_upper_quartile_opp_three_points_share_mean,opponent_profile,pre-cutoff opponents grouped by current legal strength,team 1 minus team 2,132,-1,training-fold preprocessing; unavailable/zero columns audited,no current/future tournament outcomes,candidate; requires ablation
diff_research_opponent_upper_quartile_opp_three_points_share_std,opponent_profile,pre-cutoff opponents grouped by current legal strength,team 1 minus team 2,132,-1,training-fold preprocessing; unavailable/zero columns audited,no current/future tournament outcomes,candidate; requires ablation
diff_research_opponent_upper_quartile_opp_three_points_share_count,opponent_profile,pre-cutoff opponents grouped by current legal strength,team 1 minus team 2,132,-1,training-fold preprocessing; unavailable/zero columns audited,no current/future tournament outcomes,candidate; requires ablation
diff_research_opponent_upper_quartile_opp_three_points_share_q25,opponent_profile,pre-cutoff opponents grouped by current legal strength,team 1 minus team 2,132,-1,training-fold preprocessing; unavailable/zero columns audited,no current/future tournament outcomes,candidate; requires ablation
diff_research_opponent_upper_quartile_opp_three_points_share_q75,opponent_profile,pre-cutoff opponents grouped by current legal strength,team 1 minus team 2,132,-1,training-fold preprocessing; unavailable/zero columns audited,no current/future tournament outcomes,candidate; requires ablation
diff_research_opponent_upper_quartile_possession_gap_mean,opponent_profile,pre-cutoff opponents grouped by current legal strength,team 1 minus team 2,132,-1,training-fold preprocessing; unavailable/zero columns audited,no current/future tournament outcomes,candidate; requires ablation
diff_research_opponent_upper_quartile_possession_gap_std,opponent_profile,pre-cutoff opponents grouped by current legal strength,team 1 minus team 2,132,-1,training-fold preprocessing; unavailable/zero columns audited,no current/future tournament outcomes,candidate; requires ablation
diff_research_opponent_upper_quartile_possession_gap_count,opponent_profile,pre-cutoff opponents grouped by current legal strength,team 1 minus team 2,132,-1,training-fold preprocessing; unavailable/zero columns audited,no current/future tournament outcomes,candidate; requires ablation
diff_research_opponent_upper_quartile_possession_gap_q25,opponent_profile,pre-cutoff opponents grouped by current legal strength,team 1 minus team 2,132,-1,training-fold preprocessing; unavailable/zero columns audited,no current/future tournament outcomes,candidate; requires ablation
diff_research_opponent_upper_quartile_possession_gap_q75,opponent_profile,pre-cutoff opponents grouped by current legal strength,team 1 minus team 2,132,-1,training-fold preprocessing; unavailable/zero columns audited,no current/future tournament outcomes,candidate; requires ablation
diff_research_opponent_upper_quartile_win_mean,opponent_profile,pre-cutoff opponents grouped by current legal strength,team 1 minus team 2,132,-1,training-fold preprocessing; unavailable/zero columns audited,no current/future tournament outcomes,candidate; requires ablation
diff_research_opponent_upper_quartile_win_std,opponent_profile,pre-cutoff opponents grouped by current legal strength,team 1 minus team 2,132,-1,training-fold preprocessing; unavailable/zero columns audited,no current/future tournament outcomes,candidate; requires ablation
diff_research_opponent_upper_quartile_win_count,opponent_profile,pre-cutoff opponents grouped by current legal strength,team 1 minus team 2,132,-1,training-fold preprocessing; unavailable/zero columns audited,no current/future tournament outcomes,candidate; requires ablation
diff_research_opponent_upper_quartile_win_q25,opponent_profile,pre-cutoff opponents grouped by current legal strength,team 1 minus team 2,132,-1,training-fold preprocessing; unavailable/zero columns audited,no current/future tournament outcomes,candidate; requires ablation
diff_research_opponent_upper_quartile_win_q75,opponent_profile,pre-cutoff opponents grouped by current legal strength,team 1 minus team 2,132,-1,training-fold preprocessing; unavailable/zero columns audited,no current/future tournament outcomes,candidate; requires ablation
diff_research_opponent_lower_quartile_margin_mean,opponent_profile,pre-cutoff opponents grouped by current legal strength,team 1 minus team 2,132,-1,training-fold preprocessing; unavailable/zero columns audited,no current/future tournament outcomes,candidate; requires ablation
diff_research_opponent_lower_quartile_margin_std,opponent_profile,pre-cutoff opponents grouped by current legal strength,team 1 minus team 2,132,-1,training-fold preprocessing; unavailable/zero columns audited,no current/future tournament outcomes,candidate; requires ablation
diff_research_opponent_lower_quartile_margin_count,opponent_profile,pre-cutoff opponents grouped by current legal strength,team 1 minus team 2,132,-1,training-fold preprocessing; unavailable/zero columns audited,no current/future tournament outcomes,candidate; requires ablation
diff_research_opponent_lower_quartile_margin_q25,opponent_profile,pre-cutoff opponents grouped by current legal strength,team 1 minus team 2,132,-1,training-fold preprocessing; unavailable/zero columns audited,no current/future tournament outcomes,candidate; requires ablation
diff_research_opponent_lower_quartile_margin_q75,opponent_profile,pre-cutoff opponents grouped by current legal strength,team 1 minus team 2,132,-1,training-fold preprocessing; unavailable/zero columns audited,no current/future tournament outcomes,candidate; requires ablation
diff_research_opponent_lower_quartile_points_mean,opponent_profile,pre-cutoff opponents grouped by current legal strength,team 1 minus team 2,132,-1,training-fold preprocessing; unavailable/zero columns audited,no current/future tournament outcomes,candidate; requires ablation
diff_research_opponent_lower_quartile_points_std,opponent_profile,pre-cutoff opponents grouped by current legal strength,team 1 minus team 2,132,-1,training-fold preprocessing; unavailable/zero columns audited,no current/future tournament outcomes,candidate; requires ablation
diff_research_opponent_lower_quartile_points_count,opponent_profile,pre-cutoff opponents grouped by current legal strength,team 1 minus team 2,132,-1,training-fold preprocessing; unavailable/zero columns audited,no current/future tournament outcomes,candidate; requires ablation
diff_research_opponent_lower_quartile_points_q25,opponent_profile,pre-cutoff opponents grouped by current legal strength,team 1 minus team 2,132,-1,training-fold preprocessing; unavailable/zero columns audited,no current/future tournament outcomes,candidate; requires ablation
diff_research_opponent_lower_quartile_points_q75,opponent_profile,pre-cutoff opponents grouped by current legal strength,team 1 minus team 2,132,-1,training-fold preprocessing; unavailable/zero columns audited,no current/future tournament outcomes,candidate; requires ablation
diff_research_opponent_lower_quartile_allowed_mean,opponent_profile,pre-cutoff opponents grouped by current legal strength,team 1 minus team 2,132,-1,training-fold preprocessing; unavailable/zero columns audited,no current/future tournament outcomes,candidate; requires ablation
diff_research_opponent_lower_quartile_allowed_std,opponent_profile,pre-cutoff opponents grouped by current legal strength,team 1 minus team 2,132,-1,training-fold preprocessing; unavailable/zero columns audited,no current/future tournament outcomes,candidate; requires ablation
diff_research_opponent_lower_quartile_allowed_count,opponent_profile,pre-cutoff opponents grouped by current legal strength,team 1 minus team 2,132,-1,training-fold preprocessing; unavailable/zero columns audited,no current/future tournament outcomes,candidate; requires ablation
diff_research_opponent_lower_quartile_allowed_q25,opponent_profile,pre-cutoff opponents grouped by current legal strength,team 1 minus team 2,132,-1,training-fold preprocessing; unavailable/zero columns audited,no current/future tournament outcomes,candidate; requires ablation
diff_research_opponent_lower_quartile_allowed_q75,opponent_profile,pre-cutoff opponents grouped by current legal strength,team 1 minus team 2,132,-1,training-fold preprocessing; unavailable/zero columns audited,no current/future tournament outcomes,candidate; requires ablation
diff_research_opponent_lower_quartile_efficiency_mean,opponent_profile,pre-cutoff opponents grouped by current legal strength,team 1 minus team 2,132,-1,training-fold preprocessing; unavailable/zero columns audited,no current/future tournament outcomes,candidate; requires ablation
diff_research_opponent_lower_quartile_efficiency_std,opponent_profile,pre-cutoff opponents grouped by current legal strength,team 1 minus team 2,132,-1,training-fold preprocessing; unavailable/zero columns audited,no current/future tournament outcomes,candidate; requires ablation
diff_research_opponent_lower_quartile_efficiency_count,opponent_profile,pre-cutoff opponents grouped by current legal strength,team 1 minus team 2,132,-1,training-fold preprocessing; unavailable/zero columns audited,no current/future tournament outcomes,candidate; requires ablation
diff_research_opponent_lower_quartile_efficiency_q25,opponent_profile,pre-cutoff opponents grouped by current legal strength,team 1 minus team 2,132,-1,training-fold preprocessing; unavailable/zero columns audited,no current/future tournament outcomes,candidate; requires ablation
diff_research_opponent_lower_quartile_efficiency_q75,opponent_profile,pre-cutoff opponents grouped by current legal strength,team 1 minus team 2,132,-1,training-fold preprocessing; unavailable/zero columns audited,no current/future tournament outcomes,candidate; requires ablation
diff_research_opponent_lower_quartile_allowed_efficiency_mean,opponent_profile,pre-cutoff opponents grouped by current legal strength,team 1 minus team 2,132,-1,training-fold preprocessing; unavailable/zero columns audited,no current/future tournament outcomes,candidate; requires ablation
diff_research_opponent_lower_quartile_allowed_efficiency_std,opponent_profile,pre-cutoff opponents grouped by current legal strength,team 1 minus team 2,132,-1,training-fold preprocessing; unavailable/zero columns audited,no current/future tournament outcomes,candidate; requires ablation
diff_research_opponent_lower_quartile_allowed_efficiency_count,opponent_profile,pre-cutoff opponents grouped by current legal strength,team 1 minus team 2,132,-1,training-fold preprocessing; unavailable/zero columns audited,no current/future tournament outcomes,candidate; requires ablation
diff_research_opponent_lower_quartile_allowed_efficiency_q25,opponent_profile,pre-cutoff opponents grouped by current legal strength,team 1 minus team 2,132,-1,training-fold preprocessing; unavailable/zero columns audited,no current/future tournament outcomes,candidate; requires ablation
diff_research_opponent_lower_quartile_allowed_efficiency_q75,opponent_profile,pre-cutoff opponents grouped by current legal strength,team 1 minus team 2,132,-1,training-fold preprocessing; unavailable/zero columns audited,no current/future tournament outcomes,candidate; requires ablation
diff_research_opponent_lower_quartile_tempo_mean,opponent_profile,pre-cutoff opponents grouped by current legal strength,team 1 minus team 2,132,-1,training-fold preprocessing; unavailable/zero columns audited,no current/future tournament outcomes,candidate; requires ablation
diff_research_opponent_lower_quartile_tempo_std,opponent_profile,pre-cutoff opponents grouped by current legal strength,team 1 minus team 2,132,-1,training-fold preprocessing; unavailable/zero columns audited,no current/future tournament outcomes,candidate; requires ablation
diff_research_opponent_lower_quartile_tempo_count,opponent_profile,pre-cutoff opponents grouped by current legal strength,team 1 minus team 2,132,-1,training-fold preprocessing; unavailable/zero columns audited,no current/future tournament outcomes,candidate; requires ablation
diff_research_opponent_lower_quartile_tempo_q25,opponent_profile,pre-cutoff opponents grouped by current legal strength,team 1 minus team 2,132,-1,training-fold preprocessing; unavailable/zero columns audited,no current/future tournament outcomes,candidate; requires ablation
diff_research_opponent_lower_quartile_tempo_q75,opponent_profile,pre-cutoff opponents grouped by current legal strength,team 1 minus team 2,132,-1,training-fold preprocessing; unavailable/zero columns audited,no current/future tournament outcomes,candidate; requires ablation
diff_research_opponent_lower_quartile_efg_mean,opponent_profile,pre-cutoff opponents grouped by current legal strength,team 1 minus team 2,132,-1,training-fold preprocessing; unavailable/zero columns audited,no current/future tournament outcomes,candidate; requires ablation
diff_research_opponent_lower_quartile_efg_std,opponent_profile,pre-cutoff opponents grouped by current legal strength,team 1 minus team 2,132,-1,training-fold preprocessing; unavailable/zero columns audited,no current/future tournament outcomes,candidate; requires ablation
diff_research_opponent_lower_quartile_efg_count,opponent_profile,pre-cutoff opponents grouped by current legal strength,team 1 minus team 2,132,-1,training-fold preprocessing; unavailable/zero columns audited,no current/future tournament outcomes,candidate; requires ablation
diff_research_opponent_lower_quartile_efg_q25,opponent_profile,pre-cutoff opponents grouped by current legal strength,team 1 minus team 2,132,-1,training-fold preprocessing; unavailable/zero columns audited,no current/future tournament outcomes,candidate; requires ablation
diff_research_opponent_lower_quartile_efg_q75,opponent_profile,pre-cutoff opponents grouped by current legal strength,team 1 minus team 2,132,-1,training-fold preprocessing; unavailable/zero columns audited,no current/future tournament outcomes,candidate; requires ablation
diff_research_opponent_lower_quartile_opp_efg_mean,opponent_profile,pre-cutoff opponents grouped by current legal strength,team 1 minus team 2,132,-1,training-fold preprocessing; unavailable/zero columns audited,no current/future tournament outcomes,candidate; requires ablation
diff_research_opponent_lower_quartile_opp_efg_std,opponent_profile,pre-cutoff opponents grouped by current legal strength,team 1 minus team 2,132,-1,training-fold preprocessing; unavailable/zero columns audited,no current/future tournament outcomes,candidate; requires ablation
diff_research_opponent_lower_quartile_opp_efg_count,opponent_profile,pre-cutoff opponents grouped by current legal strength,team 1 minus team 2,132,-1,training-fold preprocessing; unavailable/zero columns audited,no current/future tournament outcomes,candidate; requires ablation
diff_research_opponent_lower_quartile_opp_efg_q25,opponent_profile,pre-cutoff opponents grouped by current legal strength,team 1 minus team 2,132,-1,training-fold preprocessing; unavailable/zero columns audited,no current/future tournament outcomes,candidate; requires ablation
diff_research_opponent_lower_quartile_opp_efg_q75,opponent_profile,pre-cutoff opponents grouped by current legal strength,team 1 minus team 2,132,-1,training-fold preprocessing; unavailable/zero columns audited,no current/future tournament outcomes,candidate; requires ablation
diff_research_opponent_lower_quartile_tov_mean,opponent_profile,pre-cutoff opponents grouped by current legal strength,team 1 minus team 2,132,-1,training-fold preprocessing; unavailable/zero columns audited,no current/future tournament outcomes,candidate; requires ablation
diff_research_opponent_lower_quartile_tov_std,opponent_profile,pre-cutoff opponents grouped by current legal strength,team 1 minus team 2,132,-1,training-fold preprocessing; unavailable/zero columns audited,no current/future tournament outcomes,candidate; requires ablation
diff_research_opponent_lower_quartile_tov_count,opponent_profile,pre-cutoff opponents grouped by current legal strength,team 1 minus team 2,132,-1,training-fold preprocessing; unavailable/zero columns audited,no current/future tournament outcomes,candidate; requires ablation
diff_research_opponent_lower_quartile_tov_q25,opponent_profile,pre-cutoff opponents grouped by current legal strength,team 1 minus team 2,132,-1,training-fold preprocessing; unavailable/zero columns audited,no current/future tournament outcomes,candidate; requires ablation
diff_research_opponent_lower_quartile_tov_q75,opponent_profile,pre-cutoff opponents grouped by current legal strength,team 1 minus team 2,132,-1,training-fold preprocessing; unavailable/zero columns audited,no current/future tournament outcomes,candidate; requires ablation
diff_research_opponent_lower_quartile_opp_tov_mean,opponent_profile,pre-cutoff opponents grouped by current legal strength,team 1 minus team 2,132,-1,training-fold preprocessing; unavailable/zero columns audited,no current/future tournament outcomes,candidate; requires ablation
diff_research_opponent_lower_quartile_opp_tov_std,opponent_profile,pre-cutoff opponents grouped by current legal strength,team 1 minus team 2,132,-1,training-fold preprocessing; unavailable/zero columns audited,no current/future tournament outcomes,candidate; requires ablation
diff_research_opponent_lower_quartile_opp_tov_count,opponent_profile,pre-cutoff opponents grouped by current legal strength,team 1 minus team 2,132,-1,training-fold preprocessing; unavailable/zero columns audited,no current/future tournament outcomes,candidate; requires ablation
diff_research_opponent_lower_quartile_opp_tov_q25,opponent_profile,pre-cutoff opponents grouped by current legal strength,team 1 minus team 2,132,-1,training-fold preprocessing; unavailable/zero columns audited,no current/future tournament outcomes,candidate; requires ablation
diff_research_opponent_lower_quartile_opp_tov_q75,opponent_profile,pre-cutoff opponents grouped by current legal strength,team 1 minus team 2,132,-1,training-fold preprocessing; unavailable/zero columns audited,no current/future tournament outcomes,candidate; requires ablation
diff_research_opponent_lower_quartile_orb_mean,opponent_profile,pre-cutoff opponents grouped by current legal strength,team 1 minus team 2,132,-1,training-fold preprocessing; unavailable/zero columns audited,no current/future tournament outcomes,candidate; requires ablation
diff_research_opponent_lower_quartile_orb_std,opponent_profile,pre-cutoff opponents grouped by current legal strength,team 1 minus team 2,132,-1,training-fold preprocessing; unavailable/zero columns audited,no current/future tournament outcomes,candidate; requires ablation
diff_research_opponent_lower_quartile_orb_count,opponent_profile,pre-cutoff opponents grouped by current legal strength,team 1 minus team 2,132,-1,training-fold preprocessing; unavailable/zero columns audited,no current/future tournament outcomes,candidate; requires ablation
diff_research_opponent_lower_quartile_orb_q25,opponent_profile,pre-cutoff opponents grouped by current legal strength,team 1 minus team 2,132,-1,training-fold preprocessing; unavailable/zero columns audited,no current/future tournament outcomes,candidate; requires ablation
diff_research_opponent_lower_quartile_orb_q75,opponent_profile,pre-cutoff opponents grouped by current legal strength,team 1 minus team 2,132,-1,training-fold preprocessing; unavailable/zero columns audited,no current/future tournament outcomes,candidate; requires ablation
diff_research_opponent_lower_quartile_opp_orb_mean,opponent_profile,pre-cutoff opponents grouped by current legal strength,team 1 minus team 2,132,-1,training-fold preprocessing; unavailable/zero columns audited,no current/future tournament outcomes,candidate; requires ablation
diff_research_opponent_lower_quartile_opp_orb_std,opponent_profile,pre-cutoff opponents grouped by current legal strength,team 1 minus team 2,132,-1,training-fold preprocessing; unavailable/zero columns audited,no current/future tournament outcomes,candidate; requires ablation
diff_research_opponent_lower_quartile_opp_orb_count,opponent_profile,pre-cutoff opponents grouped by current legal strength,team 1 minus team 2,132,-1,training-fold preprocessing; unavailable/zero columns audited,no current/future tournament outcomes,candidate; requires ablation
diff_research_opponent_lower_quartile_opp_orb_q25,opponent_profile,pre-cutoff opponents grouped by current legal strength,team 1 minus team 2,132,-1,training-fold preprocessing; unavailable/zero columns audited,no current/future tournament outcomes,candidate; requires ablation
diff_research_opponent_lower_quartile_opp_orb_q75,opponent_profile,pre-cutoff opponents grouped by current legal strength,team 1 minus team 2,132,-1,training-fold preprocessing; unavailable/zero columns audited,no current/future tournament outcomes,candidate; requires ablation
diff_research_opponent_lower_quartile_ftr_mean,opponent_profile,pre-cutoff opponents grouped by current legal strength,team 1 minus team 2,132,-1,training-fold preprocessing; unavailable/zero columns audited,no current/future tournament outcomes,candidate; requires ablation
diff_research_opponent_lower_quartile_ftr_std,opponent_profile,pre-cutoff opponents grouped by current legal strength,team 1 minus team 2,132,-1,training-fold preprocessing; unavailable/zero columns audited,no current/future tournament outcomes,candidate; requires ablation
diff_research_opponent_lower_quartile_ftr_count,opponent_profile,pre-cutoff opponents grouped by current legal strength,team 1 minus team 2,132,-1,training-fold preprocessing; unavailable/zero columns audited,no current/future tournament outcomes,candidate; requires ablation
diff_research_opponent_lower_quartile_ftr_q25,opponent_profile,pre-cutoff opponents grouped by current legal strength,team 1 minus team 2,132,-1,training-fold preprocessing; unavailable/zero columns audited,no current/future tournament outcomes,candidate; requires ablation
diff_research_opponent_lower_quartile_ftr_q75,opponent_profile,pre-cutoff opponents grouped by current legal strength,team 1 minus team 2,132,-1,training-fold preprocessing; unavailable/zero columns audited,no current/future tournament outcomes,candidate; requires ablation
diff_research_opponent_lower_quartile_opp_ftr_mean,opponent_profile,pre-cutoff opponents grouped by current legal strength,team 1 minus team 2,132,-1,training-fold preprocessing; unavailable/zero columns audited,no current/future tournament outcomes,candidate; requires ablation
diff_research_opponent_lower_quartile_opp_ftr_std,opponent_profile,pre-cutoff opponents grouped by current legal strength,team 1 minus team 2,132,-1,training-fold preprocessing; unavailable/zero columns audited,no current/future tournament outcomes,candidate; requires ablation
diff_research_opponent_lower_quartile_opp_ftr_count,opponent_profile,pre-cutoff opponents grouped by current legal strength,team 1 minus team 2,132,-1,training-fold preprocessing; unavailable/zero columns audited,no current/future tournament outcomes,candidate; requires ablation
diff_research_opponent_lower_quartile_opp_ftr_q25,opponent_profile,pre-cutoff opponents grouped by current legal strength,team 1 minus team 2,132,-1,training-fold preprocessing; unavailable/zero columns audited,no current/future tournament outcomes,candidate; requires ablation
diff_research_opponent_lower_quartile_opp_ftr_q75,opponent_profile,pre-cutoff opponents grouped by current legal strength,team 1 minus team 2,132,-1,training-fold preprocessing; unavailable/zero columns audited,no current/future tournament outcomes,candidate; requires ablation
diff_research_opponent_lower_quartile_three_share_mean,opponent_profile,pre-cutoff opponents grouped by current legal strength,team 1 minus team 2,132,-1,training-fold preprocessing; unavailable/zero columns audited,no current/future tournament outcomes,candidate; requires ablation
diff_research_opponent_lower_quartile_three_share_std,opponent_profile,pre-cutoff opponents grouped by current legal strength,team 1 minus team 2,132,-1,training-fold preprocessing; unavailable/zero columns audited,no current/future tournament outcomes,candidate; requires ablation
diff_research_opponent_lower_quartile_three_share_count,opponent_profile,pre-cutoff opponents grouped by current legal strength,team 1 minus team 2,132,-1,training-fold preprocessing; unavailable/zero columns audited,no current/future tournament outcomes,candidate; requires ablation
diff_research_opponent_lower_quartile_three_share_q25,opponent_profile,pre-cutoff opponents grouped by current legal strength,team 1 minus team 2,132,-1,training-fold preprocessing; unavailable/zero columns audited,no current/future tournament outcomes,candidate; requires ablation
diff_research_opponent_lower_quartile_three_share_q75,opponent_profile,pre-cutoff opponents grouped by current legal strength,team 1 minus team 2,132,-1,training-fold preprocessing; unavailable/zero columns audited,no current/future tournament outcomes,candidate; requires ablation
diff_research_opponent_lower_quartile_opp_three_share_mean,opponent_profile,pre-cutoff opponents grouped by current legal strength,team 1 minus team 2,132,-1,training-fold preprocessing; unavailable/zero columns audited,no current/future tournament outcomes,candidate; requires ablation
diff_research_opponent_lower_quartile_opp_three_share_std,opponent_profile,pre-cutoff opponents grouped by current legal strength,team 1 minus team 2,132,-1,training-fold preprocessing; unavailable/zero columns audited,no current/future tournament outcomes,candidate; requires ablation
diff_research_opponent_lower_quartile_opp_three_share_count,opponent_profile,pre-cutoff opponents grouped by current legal strength,team 1 minus team 2,132,-1,training-fold preprocessing; unavailable/zero columns audited,no current/future tournament outcomes,candidate; requires ablation
diff_research_opponent_lower_quartile_opp_three_share_q25,opponent_profile,pre-cutoff opponents grouped by current legal strength,team 1 minus team 2,132,-1,training-fold preprocessing; unavailable/zero columns audited,no current/future tournament outcomes,candidate; requires ablation
diff_research_opponent_lower_quartile_opp_three_share_q75,opponent_profile,pre-cutoff opponents grouped by current legal strength,team 1 minus team 2,132,-1,training-fold preprocessing; unavailable/zero columns audited,no current/future tournament outcomes,candidate; requires ablation
diff_research_opponent_lower_quartile_three_accuracy_mean,opponent_profile,pre-cutoff opponents grouped by current legal strength,team 1 minus team 2,132,-1,training-fold preprocessing; unavailable/zero columns audited,no current/future tournament outcomes,candidate; requires ablation
diff_research_opponent_lower_quartile_three_accuracy_std,opponent_profile,pre-cutoff opponents grouped by current legal strength,team 1 minus team 2,132,-1,training-fold preprocessing; unavailable/zero columns audited,no current/future tournament outcomes,candidate; requires ablation
diff_research_opponent_lower_quartile_three_accuracy_count,opponent_profile,pre-cutoff opponents grouped by current legal strength,team 1 minus team 2,132,-1,training-fold preprocessing; unavailable/zero columns audited,no current/future tournament outcomes,candidate; requires ablation
diff_research_opponent_lower_quartile_three_accuracy_q25,opponent_profile,pre-cutoff opponents grouped by current legal strength,team 1 minus team 2,132,-1,training-fold preprocessing; unavailable/zero columns audited,no current/future tournament outcomes,candidate; requires ablation
diff_research_opponent_lower_quartile_three_accuracy_q75,opponent_profile,pre-cutoff opponents grouped by current legal strength,team 1 minus team 2,132,-1,training-fold preprocessing; unavailable/zero columns audited,no current/future tournament outcomes,candidate; requires ablation
diff_research_opponent_lower_quartile_opp_three_accuracy_mean,opponent_profile,pre-cutoff opponents grouped by current legal strength,team 1 minus team 2,132,-1,training-fold preprocessing; unavailable/zero columns audited,no current/future tournament outcomes,candidate; requires ablation
diff_research_opponent_lower_quartile_opp_three_accuracy_std,opponent_profile,pre-cutoff opponents grouped by current legal strength,team 1 minus team 2,132,-1,training-fold preprocessing; unavailable/zero columns audited,no current/future tournament outcomes,candidate; requires ablation
diff_research_opponent_lower_quartile_opp_three_accuracy_count,opponent_profile,pre-cutoff opponents grouped by current legal strength,team 1 minus team 2,132,-1,training-fold preprocessing; unavailable/zero columns audited,no current/future tournament outcomes,candidate; requires ablation
diff_research_opponent_lower_quartile_opp_three_accuracy_q25,opponent_profile,pre-cutoff opponents grouped by current legal strength,team 1 minus team 2,132,-1,training-fold preprocessing; unavailable/zero columns audited,no current/future tournament outcomes,candidate; requires ablation
diff_research_opponent_lower_quartile_opp_three_accuracy_q75,opponent_profile,pre-cutoff opponents grouped by current legal strength,team 1 minus team 2,132,-1,training-fold preprocessing; unavailable/zero columns audited,no current/future tournament outcomes,candidate; requires ablation
diff_research_opponent_lower_quartile_two_accuracy_mean,opponent_profile,pre-cutoff opponents grouped by current legal strength,team 1 minus team 2,132,-1,training-fold preprocessing; unavailable/zero columns audited,no current/future tournament outcomes,candidate; requires ablation
diff_research_opponent_lower_quartile_two_accuracy_std,opponent_profile,pre-cutoff opponents grouped by current legal strength,team 1 minus team 2,132,-1,training-fold preprocessing; unavailable/zero columns audited,no current/future tournament outcomes,candidate; requires ablation
diff_research_opponent_lower_quartile_two_accuracy_count,opponent_profile,pre-cutoff opponents grouped by current legal strength,team 1 minus team 2,132,-1,training-fold preprocessing; unavailable/zero columns audited,no current/future tournament outcomes,candidate; requires ablation
diff_research_opponent_lower_quartile_two_accuracy_q25,opponent_profile,pre-cutoff opponents grouped by current legal strength,team 1 minus team 2,132,-1,training-fold preprocessing; unavailable/zero columns audited,no current/future tournament outcomes,candidate; requires ablation
diff_research_opponent_lower_quartile_two_accuracy_q75,opponent_profile,pre-cutoff opponents grouped by current legal strength,team 1 minus team 2,132,-1,training-fold preprocessing; unavailable/zero columns audited,no current/future tournament outcomes,candidate; requires ablation
diff_research_opponent_lower_quartile_opp_two_accuracy_mean,opponent_profile,pre-cutoff opponents grouped by current legal strength,team 1 minus team 2,132,-1,training-fold preprocessing; unavailable/zero columns audited,no current/future tournament outcomes,candidate; requires ablation
diff_research_opponent_lower_quartile_opp_two_accuracy_std,opponent_profile,pre-cutoff opponents grouped by current legal strength,team 1 minus team 2,132,-1,training-fold preprocessing; unavailable/zero columns audited,no current/future tournament outcomes,candidate; requires ablation
diff_research_opponent_lower_quartile_opp_two_accuracy_count,opponent_profile,pre-cutoff opponents grouped by current legal strength,team 1 minus team 2,132,-1,training-fold preprocessing; unavailable/zero columns audited,no current/future tournament outcomes,candidate; requires ablation
diff_research_opponent_lower_quartile_opp_two_accuracy_q25,opponent_profile,pre-cutoff opponents grouped by current legal strength,team 1 minus team 2,132,-1,training-fold preprocessing; unavailable/zero columns audited,no current/future tournament outcomes,candidate; requires ablation
diff_research_opponent_lower_quartile_opp_two_accuracy_q75,opponent_profile,pre-cutoff opponents grouped by current legal strength,team 1 minus team 2,132,-1,training-fold preprocessing; unavailable/zero columns audited,no current/future tournament outcomes,candidate; requires ablation
diff_research_opponent_lower_quartile_free_accuracy_mean,opponent_profile,pre-cutoff opponents grouped by current legal strength,team 1 minus team 2,132,-1,training-fold preprocessing; unavailable/zero columns audited,no current/future tournament outcomes,candidate; requires ablation
diff_research_opponent_lower_quartile_free_accuracy_std,opponent_profile,pre-cutoff opponents grouped by current legal strength,team 1 minus team 2,132,-1,training-fold preprocessing; unavailable/zero columns audited,no current/future tournament outcomes,candidate; requires ablation
diff_research_opponent_lower_quartile_free_accuracy_count,opponent_profile,pre-cutoff opponents grouped by current legal strength,team 1 minus team 2,132,-1,training-fold preprocessing; unavailable/zero columns audited,no current/future tournament outcomes,candidate; requires ablation
diff_research_opponent_lower_quartile_free_accuracy_q25,opponent_profile,pre-cutoff opponents grouped by current legal strength,team 1 minus team 2,132,-1,training-fold preprocessing; unavailable/zero columns audited,no current/future tournament outcomes,candidate; requires ablation
diff_research_opponent_lower_quartile_free_accuracy_q75,opponent_profile,pre-cutoff opponents grouped by current legal strength,team 1 minus team 2,132,-1,training-fold preprocessing; unavailable/zero columns audited,no current/future tournament outcomes,candidate; requires ablation
diff_research_opponent_lower_quartile_opp_free_accuracy_mean,opponent_profile,pre-cutoff opponents grouped by current legal strength,team 1 minus team 2,132,-1,training-fold preprocessing; unavailable/zero columns audited,no current/future tournament outcomes,candidate; requires ablation
diff_research_opponent_lower_quartile_opp_free_accuracy_std,opponent_profile,pre-cutoff opponents grouped by current legal strength,team 1 minus team 2,132,-1,training-fold preprocessing; unavailable/zero columns audited,no current/future tournament outcomes,candidate; requires ablation
diff_research_opponent_lower_quartile_opp_free_accuracy_count,opponent_profile,pre-cutoff opponents grouped by current legal strength,team 1 minus team 2,132,-1,training-fold preprocessing; unavailable/zero columns audited,no current/future tournament outcomes,candidate; requires ablation
diff_research_opponent_lower_quartile_opp_free_accuracy_q25,opponent_profile,pre-cutoff opponents grouped by current legal strength,team 1 minus team 2,132,-1,training-fold preprocessing; unavailable/zero columns audited,no current/future tournament outcomes,candidate; requires ablation
diff_research_opponent_lower_quartile_opp_free_accuracy_q75,opponent_profile,pre-cutoff opponents grouped by current legal strength,team 1 minus team 2,132,-1,training-fold preprocessing; unavailable/zero columns audited,no current/future tournament outcomes,candidate; requires ablation
diff_research_opponent_lower_quartile_rebound_share_mean,opponent_profile,pre-cutoff opponents grouped by current legal strength,team 1 minus team 2,132,-1,training-fold preprocessing; unavailable/zero columns audited,no current/future tournament outcomes,candidate; requires ablation
diff_research_opponent_lower_quartile_rebound_share_std,opponent_profile,pre-cutoff opponents grouped by current legal strength,team 1 minus team 2,132,-1,training-fold preprocessing; unavailable/zero columns audited,no current/future tournament outcomes,candidate; requires ablation
diff_research_opponent_lower_quartile_rebound_share_count,opponent_profile,pre-cutoff opponents grouped by current legal strength,team 1 minus team 2,132,-1,training-fold preprocessing; unavailable/zero columns audited,no current/future tournament outcomes,candidate; requires ablation
diff_research_opponent_lower_quartile_rebound_share_q25,opponent_profile,pre-cutoff opponents grouped by current legal strength,team 1 minus team 2,132,-1,training-fold preprocessing; unavailable/zero columns audited,no current/future tournament outcomes,candidate; requires ablation
diff_research_opponent_lower_quartile_rebound_share_q75,opponent_profile,pre-cutoff opponents grouped by current legal strength,team 1 minus team 2,132,-1,training-fold preprocessing; unavailable/zero columns audited,no current/future tournament outcomes,candidate; requires ablation
diff_research_opponent_lower_quartile_opp_rebound_share_mean,opponent_profile,pre-cutoff opponents grouped by current legal strength,team 1 minus team 2,132,-1,training-fold preprocessing; unavailable/zero columns audited,no current/future tournament outcomes,candidate; requires ablation
diff_research_opponent_lower_quartile_opp_rebound_share_std,opponent_profile,pre-cutoff opponents grouped by current legal strength,team 1 minus team 2,132,-1,training-fold preprocessing; unavailable/zero columns audited,no current/future tournament outcomes,candidate; requires ablation
diff_research_opponent_lower_quartile_opp_rebound_share_count,opponent_profile,pre-cutoff opponents grouped by current legal strength,team 1 minus team 2,132,-1,training-fold preprocessing; unavailable/zero columns audited,no current/future tournament outcomes,candidate; requires ablation
diff_research_opponent_lower_quartile_opp_rebound_share_q25,opponent_profile,pre-cutoff opponents grouped by current legal strength,team 1 minus team 2,132,-1,training-fold preprocessing; unavailable/zero columns audited,no current/future tournament outcomes,candidate; requires ablation
diff_research_opponent_lower_quartile_opp_rebound_share_q75,opponent_profile,pre-cutoff opponents grouped by current legal strength,team 1 minus team 2,132,-1,training-fold preprocessing; unavailable/zero columns audited,no current/future tournament outcomes,candidate; requires ablation
diff_research_opponent_lower_quartile_shot_volume_mean,opponent_profile,pre-cutoff opponents grouped by current legal strength,team 1 minus team 2,132,-1,training-fold preprocessing; unavailable/zero columns audited,no current/future tournament outcomes,candidate; requires ablation
diff_research_opponent_lower_quartile_shot_volume_std,opponent_profile,pre-cutoff opponents grouped by current legal strength,team 1 minus team 2,132,-1,training-fold preprocessing; unavailable/zero columns audited,no current/future tournament outcomes,candidate; requires ablation
diff_research_opponent_lower_quartile_shot_volume_count,opponent_profile,pre-cutoff opponents grouped by current legal strength,team 1 minus team 2,132,-1,training-fold preprocessing; unavailable/zero columns audited,no current/future tournament outcomes,candidate; requires ablation
diff_research_opponent_lower_quartile_shot_volume_q25,opponent_profile,pre-cutoff opponents grouped by current legal strength,team 1 minus team 2,132,-1,training-fold preprocessing; unavailable/zero columns audited,no current/future tournament outcomes,candidate; requires ablation
diff_research_opponent_lower_quartile_shot_volume_q75,opponent_profile,pre-cutoff opponents grouped by current legal strength,team 1 minus team 2,132,-1,training-fold preprocessing; unavailable/zero columns audited,no current/future tournament outcomes,candidate; requires ablation
diff_research_opponent_lower_quartile_opp_shot_volume_mean,opponent_profile,pre-cutoff opponents grouped by current legal strength,team 1 minus team 2,132,-1,training-fold preprocessing; unavailable/zero columns audited,no current/future tournament outcomes,candidate; requires ablation
diff_research_opponent_lower_quartile_opp_shot_volume_std,opponent_profile,pre-cutoff opponents grouped by current legal strength,team 1 minus team 2,132,-1,training-fold preprocessing; unavailable/zero columns audited,no current/future tournament outcomes,candidate; requires ablation
diff_research_opponent_lower_quartile_opp_shot_volume_count,opponent_profile,pre-cutoff opponents grouped by current legal strength,team 1 minus team 2,132,-1,training-fold preprocessing; unavailable/zero columns audited,no current/future tournament outcomes,candidate; requires ablation
diff_research_opponent_lower_quartile_opp_shot_volume_q25,opponent_profile,pre-cutoff opponents grouped by current legal strength,team 1 minus team 2,132,-1,training-fold preprocessing; unavailable/zero columns audited,no current/future tournament outcomes,candidate; requires ablation
diff_research_opponent_lower_quartile_opp_shot_volume_q75,opponent_profile,pre-cutoff opponents grouped by current legal strength,team 1 minus team 2,132,-1,training-fold preprocessing; unavailable/zero columns audited,no current/future tournament outcomes,candidate; requires ablation
diff_research_opponent_lower_quartile_free_points_share_mean,opponent_profile,pre-cutoff opponents grouped by current legal strength,team 1 minus team 2,132,-1,training-fold preprocessing; unavailable/zero columns audited,no current/future tournament outcomes,candidate; requires ablation
diff_research_opponent_lower_quartile_free_points_share_std,opponent_profile,pre-cutoff opponents grouped by current legal strength,team 1 minus team 2,132,-1,training-fold preprocessing; unavailable/zero columns audited,no current/future tournament outcomes,candidate; requires ablation
diff_research_opponent_lower_quartile_free_points_share_count,opponent_profile,pre-cutoff opponents grouped by current legal strength,team 1 minus team 2,132,-1,training-fold preprocessing; unavailable/zero columns audited,no current/future tournament outcomes,candidate; requires ablation
diff_research_opponent_lower_quartile_free_points_share_q25,opponent_profile,pre-cutoff opponents grouped by current legal strength,team 1 minus team 2,132,-1,training-fold preprocessing; unavailable/zero columns audited,no current/future tournament outcomes,candidate; requires ablation
diff_research_opponent_lower_quartile_free_points_share_q75,opponent_profile,pre-cutoff opponents grouped by current legal strength,team 1 minus team 2,132,-1,training-fold preprocessing; unavailable/zero columns audited,no current/future tournament outcomes,candidate; requires ablation
diff_research_opponent_lower_quartile_opp_free_points_share_mean,opponent_profile,pre-cutoff opponents grouped by current legal strength,team 1 minus team 2,132,-1,training-fold preprocessing; unavailable/zero columns audited,no current/future tournament outcomes,candidate; requires ablation
diff_research_opponent_lower_quartile_opp_free_points_share_std,opponent_profile,pre-cutoff opponents grouped by current legal strength,team 1 minus team 2,132,-1,training-fold preprocessing; unavailable/zero columns audited,no current/future tournament outcomes,candidate; requires ablation
diff_research_opponent_lower_quartile_opp_free_points_share_count,opponent_profile,pre-cutoff opponents grouped by current legal strength,team 1 minus team 2,132,-1,training-fold preprocessing; unavailable/zero columns audited,no current/future tournament outcomes,candidate; requires ablation
diff_research_opponent_lower_quartile_opp_free_points_share_q25,opponent_profile,pre-cutoff opponents grouped by current legal strength,team 1 minus team 2,132,-1,training-fold preprocessing; unavailable/zero columns audited,no current/future tournament outcomes,candidate; requires ablation
diff_research_opponent_lower_quartile_opp_free_points_share_q75,opponent_profile,pre-cutoff opponents grouped by current legal strength,team 1 minus team 2,132,-1,training-fold preprocessing; unavailable/zero columns audited,no current/future tournament outcomes,candidate; requires ablation
diff_research_opponent_lower_quartile_three_points_share_mean,opponent_profile,pre-cutoff opponents grouped by current legal strength,team 1 minus team 2,132,-1,training-fold preprocessing; unavailable/zero columns audited,no current/future tournament outcomes,candidate; requires ablation
diff_research_opponent_lower_quartile_three_points_share_std,opponent_profile,pre-cutoff opponents grouped by current legal strength,team 1 minus team 2,132,-1,training-fold preprocessing; unavailable/zero columns audited,no current/future tournament outcomes,candidate; requires ablation
diff_research_opponent_lower_quartile_three_points_share_count,opponent_profile,pre-cutoff opponents grouped by current legal strength,team 1 minus team 2,132,-1,training-fold preprocessing; unavailable/zero columns audited,no current/future tournament outcomes,candidate; requires ablation
diff_research_opponent_lower_quartile_three_points_share_q25,opponent_profile,pre-cutoff opponents grouped by current legal strength,team 1 minus team 2,132,-1,training-fold preprocessing; unavailable/zero columns audited,no current/future tournament outcomes,candidate; requires ablation
diff_research_opponent_lower_quartile_three_points_share_q75,opponent_profile,pre-cutoff opponents grouped by current legal strength,team 1 minus team 2,132,-1,training-fold preprocessing; unavailable/zero columns audited,no current/future tournament outcomes,candidate; requires ablation
diff_research_opponent_lower_quartile_opp_three_points_share_mean,opponent_profile,pre-cutoff opponents grouped by current legal strength,team 1 minus team 2,132,-1,training-fold preprocessing; unavailable/zero columns audited,no current/future tournament outcomes,candidate; requires ablation
diff_research_opponent_lower_quartile_opp_three_points_share_std,opponent_profile,pre-cutoff opponents grouped by current legal strength,team 1 minus team 2,132,-1,training-fold preprocessing; unavailable/zero columns audited,no current/future tournament outcomes,candidate; requires ablation
diff_research_opponent_lower_quartile_opp_three_points_share_count,opponent_profile,pre-cutoff opponents grouped by current legal strength,team 1 minus team 2,132,-1,training-fold preprocessing; unavailable/zero columns audited,no current/future tournament outcomes,candidate; requires ablation
diff_research_opponent_lower_quartile_opp_three_points_share_q25,opponent_profile,pre-cutoff opponents grouped by current legal strength,team 1 minus team 2,132,-1,training-fold preprocessing; unavailable/zero columns audited,no current/future tournament outcomes,candidate; requires ablation
diff_research_opponent_lower_quartile_opp_three_points_share_q75,opponent_profile,pre-cutoff opponents grouped by current legal strength,team 1 minus team 2,132,-1,training-fold preprocessing; unavailable/zero columns audited,no current/future tournament outcomes,candidate; requires ablation
diff_research_opponent_lower_quartile_possession_gap_mean,opponent_profile,pre-cutoff opponents grouped by current legal strength,team 1 minus team 2,132,-1,training-fold preprocessing; unavailable/zero columns audited,no current/future tournament outcomes,candidate; requires ablation
diff_research_opponent_lower_quartile_possession_gap_std,opponent_profile,pre-cutoff opponents grouped by current legal strength,team 1 minus team 2,132,-1,training-fold preprocessing; unavailable/zero columns audited,no current/future tournament outcomes,candidate; requires ablation
diff_research_opponent_lower_quartile_possession_gap_count,opponent_profile,pre-cutoff opponents grouped by current legal strength,team 1 minus team 2,132,-1,training-fold preprocessing; unavailable/zero columns audited,no current/future tournament outcomes,candidate; requires ablation
diff_research_opponent_lower_quartile_possession_gap_q25,opponent_profile,pre-cutoff opponents grouped by current legal strength,team 1 minus team 2,132,-1,training-fold preprocessing; unavailable/zero columns audited,no current/future tournament outcomes,candidate; requires ablation
diff_research_opponent_lower_quartile_possession_gap_q75,opponent_profile,pre-cutoff opponents grouped by current legal strength,team 1 minus team 2,132,-1,training-fold preprocessing; unavailable/zero columns audited,no current/future tournament outcomes,candidate; requires ablation
diff_research_opponent_lower_quartile_win_mean,opponent_profile,pre-cutoff opponents grouped by current legal strength,team 1 minus team 2,132,-1,training-fold preprocessing; unavailable/zero columns audited,no current/future tournament outcomes,candidate; requires ablation
diff_research_opponent_lower_quartile_win_std,opponent_profile,pre-cutoff opponents grouped by current legal strength,team 1 minus team 2,132,-1,training-fold preprocessing; unavailable/zero columns audited,no current/future tournament outcomes,candidate; requires ablation
diff_research_opponent_lower_quartile_win_count,opponent_profile,pre-cutoff opponents grouped by current legal strength,team 1 minus team 2,132,-1,training-fold preprocessing; unavailable/zero columns audited,no current/future tournament outcomes,candidate; requires ablation
diff_research_opponent_lower_quartile_win_q25,opponent_profile,pre-cutoff opponents grouped by current legal strength,team 1 minus team 2,132,-1,training-fold preprocessing; unavailable/zero columns audited,no current/future tournament outcomes,candidate; requires ablation
diff_research_opponent_lower_quartile_win_q75,opponent_profile,pre-cutoff opponents grouped by current legal strength,team 1 minus team 2,132,-1,training-fold preprocessing; unavailable/zero columns audited,no current/future tournament outcomes,candidate; requires ablation
diff_research_opponent_above_median_margin_mean,opponent_profile,pre-cutoff opponents grouped by current legal strength,team 1 minus team 2,132,-1,training-fold preprocessing; unavailable/zero columns audited,no current/future tournament outcomes,candidate; requires ablation
diff_research_opponent_above_median_margin_std,opponent_profile,pre-cutoff opponents grouped by current legal strength,team 1 minus team 2,132,-1,training-fold preprocessing; unavailable/zero columns audited,no current/future tournament outcomes,candidate; requires ablation
diff_research_opponent_above_median_margin_count,opponent_profile,pre-cutoff opponents grouped by current legal strength,team 1 minus team 2,132,-1,training-fold preprocessing; unavailable/zero columns audited,no current/future tournament outcomes,candidate; requires ablation
diff_research_opponent_above_median_margin_q25,opponent_profile,pre-cutoff opponents grouped by current legal strength,team 1 minus team 2,132,-1,training-fold preprocessing; unavailable/zero columns audited,no current/future tournament outcomes,candidate; requires ablation
diff_research_opponent_above_median_margin_q75,opponent_profile,pre-cutoff opponents grouped by current legal strength,team 1 minus team 2,132,-1,training-fold preprocessing; unavailable/zero columns audited,no current/future tournament outcomes,candidate; requires ablation
diff_research_opponent_above_median_points_mean,opponent_profile,pre-cutoff opponents grouped by current legal strength,team 1 minus team 2,132,-1,training-fold preprocessing; unavailable/zero columns audited,no current/future tournament outcomes,candidate; requires ablation
diff_research_opponent_above_median_points_std,opponent_profile,pre-cutoff opponents grouped by current legal strength,team 1 minus team 2,132,-1,training-fold preprocessing; unavailable/zero columns audited,no current/future tournament outcomes,candidate; requires ablation
diff_research_opponent_above_median_points_count,opponent_profile,pre-cutoff opponents grouped by current legal strength,team 1 minus team 2,132,-1,training-fold preprocessing; unavailable/zero columns audited,no current/future tournament outcomes,candidate; requires ablation
diff_research_opponent_above_median_points_q25,opponent_profile,pre-cutoff opponents grouped by current legal strength,team 1 minus team 2,132,-1,training-fold preprocessing; unavailable/zero columns audited,no current/future tournament outcomes,candidate; requires ablation
diff_research_opponent_above_median_points_q75,opponent_profile,pre-cutoff opponents grouped by current legal strength,team 1 minus team 2,132,-1,training-fold preprocessing; unavailable/zero columns audited,no current/future tournament outcomes,candidate; requires ablation
diff_research_opponent_above_median_allowed_mean,opponent_profile,pre-cutoff opponents grouped by current legal strength,team 1 minus team 2,132,-1,training-fold preprocessing; unavailable/zero columns audited,no current/future tournament outcomes,candidate; requires ablation
diff_research_opponent_above_median_allowed_std,opponent_profile,pre-cutoff opponents grouped by current legal strength,team 1 minus team 2,132,-1,training-fold preprocessing; unavailable/zero columns audited,no current/future tournament outcomes,candidate; requires ablation
diff_research_opponent_above_median_allowed_count,opponent_profile,pre-cutoff opponents grouped by current legal strength,team 1 minus team 2,132,-1,training-fold preprocessing; unavailable/zero columns audited,no current/future tournament outcomes,candidate; requires ablation
diff_research_opponent_above_median_allowed_q25,opponent_profile,pre-cutoff opponents grouped by current legal strength,team 1 minus team 2,132,-1,training-fold preprocessing; unavailable/zero columns audited,no current/future tournament outcomes,candidate; requires ablation
diff_research_opponent_above_median_allowed_q75,opponent_profile,pre-cutoff opponents grouped by current legal strength,team 1 minus team 2,132,-1,training-fold preprocessing; unavailable/zero columns audited,no current/future tournament outcomes,candidate; requires ablation
diff_research_opponent_above_median_efficiency_mean,opponent_profile,pre-cutoff opponents grouped by current legal strength,team 1 minus team 2,132,-1,training-fold preprocessing; unavailable/zero columns audited,no current/future tournament outcomes,candidate; requires ablation
diff_research_opponent_above_median_efficiency_std,opponent_profile,pre-cutoff opponents grouped by current legal strength,team 1 minus team 2,132,-1,training-fold preprocessing; unavailable/zero columns audited,no current/future tournament outcomes,candidate; requires ablation
diff_research_opponent_above_median_efficiency_count,opponent_profile,pre-cutoff opponents grouped by current legal strength,team 1 minus team 2,132,-1,training-fold preprocessing; unavailable/zero columns audited,no current/future tournament outcomes,candidate; requires ablation
diff_research_opponent_above_median_efficiency_q25,opponent_profile,pre-cutoff opponents grouped by current legal strength,team 1 minus team 2,132,-1,training-fold preprocessing; unavailable/zero columns audited,no current/future tournament outcomes,candidate; requires ablation
diff_research_opponent_above_median_efficiency_q75,opponent_profile,pre-cutoff opponents grouped by current legal strength,team 1 minus team 2,132,-1,training-fold preprocessing; unavailable/zero columns audited,no current/future tournament outcomes,candidate; requires ablation
diff_research_opponent_above_median_allowed_efficiency_mean,opponent_profile,pre-cutoff opponents grouped by current legal strength,team 1 minus team 2,132,-1,training-fold preprocessing; unavailable/zero columns audited,no current/future tournament outcomes,candidate; requires ablation
diff_research_opponent_above_median_allowed_efficiency_std,opponent_profile,pre-cutoff opponents grouped by current legal strength,team 1 minus team 2,132,-1,training-fold preprocessing; unavailable/zero columns audited,no current/future tournament outcomes,candidate; requires ablation
diff_research_opponent_above_median_allowed_efficiency_count,opponent_profile,pre-cutoff opponents grouped by current legal strength,team 1 minus team 2,132,-1,training-fold preprocessing; unavailable/zero columns audited,no current/future tournament outcomes,candidate; requires ablation
diff_research_opponent_above_median_allowed_efficiency_q25,opponent_profile,pre-cutoff opponents grouped by current legal strength,team 1 minus team 2,132,-1,training-fold preprocessing; unavailable/zero columns audited,no current/future tournament outcomes,candidate; requires ablation
diff_research_opponent_above_median_allowed_efficiency_q75,opponent_profile,pre-cutoff opponents grouped by current legal strength,team 1 minus team 2,132,-1,training-fold preprocessing; unavailable/zero columns audited,no current/future tournament outcomes,candidate; requires ablation
diff_research_opponent_above_median_tempo_mean,opponent_profile,pre-cutoff opponents grouped by current legal strength,team 1 minus team 2,132,-1,training-fold preprocessing; unavailable/zero columns audited,no current/future tournament outcomes,candidate; requires ablation
diff_research_opponent_above_median_tempo_std,opponent_profile,pre-cutoff opponents grouped by current legal strength,team 1 minus team 2,132,-1,training-fold preprocessing; unavailable/zero columns audited,no current/future tournament outcomes,candidate; requires ablation
diff_research_opponent_above_median_tempo_count,opponent_profile,pre-cutoff opponents grouped by current legal strength,team 1 minus team 2,132,-1,training-fold preprocessing; unavailable/zero columns audited,no current/future tournament outcomes,candidate; requires ablation
diff_research_opponent_above_median_tempo_q25,opponent_profile,pre-cutoff opponents grouped by current legal strength,team 1 minus team 2,132,-1,training-fold preprocessing; unavailable/zero columns audited,no current/future tournament outcomes,candidate; requires ablation
diff_research_opponent_above_median_tempo_q75,opponent_profile,pre-cutoff opponents grouped by current legal strength,team 1 minus team 2,132,-1,training-fold preprocessing; unavailable/zero columns audited,no current/future tournament outcomes,candidate; requires ablation
diff_research_opponent_above_median_efg_mean,opponent_profile,pre-cutoff opponents grouped by current legal strength,team 1 minus team 2,132,-1,training-fold preprocessing; unavailable/zero columns audited,no current/future tournament outcomes,candidate; requires ablation
diff_research_opponent_above_median_efg_std,opponent_profile,pre-cutoff opponents grouped by current legal strength,team 1 minus team 2,132,-1,training-fold preprocessing; unavailable/zero columns audited,no current/future tournament outcomes,candidate; requires ablation
diff_research_opponent_above_median_efg_count,opponent_profile,pre-cutoff opponents grouped by current legal strength,team 1 minus team 2,132,-1,training-fold preprocessing; unavailable/zero columns audited,no current/future tournament outcomes,candidate; requires ablation
diff_research_opponent_above_median_efg_q25,opponent_profile,pre-cutoff opponents grouped by current legal strength,team 1 minus team 2,132,-1,training-fold preprocessing; unavailable/zero columns audited,no current/future tournament outcomes,candidate; requires ablation
diff_research_opponent_above_median_efg_q75,opponent_profile,pre-cutoff opponents grouped by current legal strength,team 1 minus team 2,132,-1,training-fold preprocessing; unavailable/zero columns audited,no current/future tournament outcomes,candidate; requires ablation
diff_research_opponent_above_median_opp_efg_mean,opponent_profile,pre-cutoff opponents grouped by current legal strength,team 1 minus team 2,132,-1,training-fold preprocessing; unavailable/zero columns audited,no current/future tournament outcomes,candidate; requires ablation
diff_research_opponent_above_median_opp_efg_std,opponent_profile,pre-cutoff opponents grouped by current legal strength,team 1 minus team 2,132,-1,training-fold preprocessing; unavailable/zero columns audited,no current/future tournament outcomes,candidate; requires ablation
diff_research_opponent_above_median_opp_efg_count,opponent_profile,pre-cutoff opponents grouped by current legal strength,team 1 minus team 2,132,-1,training-fold preprocessing; unavailable/zero columns audited,no current/future tournament outcomes,candidate; requires ablation
diff_research_opponent_above_median_opp_efg_q25,opponent_profile,pre-cutoff opponents grouped by current legal strength,team 1 minus team 2,132,-1,training-fold preprocessing; unavailable/zero columns audited,no current/future tournament outcomes,candidate; requires ablation
diff_research_opponent_above_median_opp_efg_q75,opponent_profile,pre-cutoff opponents grouped by current legal strength,team 1 minus team 2,132,-1,training-fold preprocessing; unavailable/zero columns audited,no current/future tournament outcomes,candidate; requires ablation
diff_research_opponent_above_median_tov_mean,opponent_profile,pre-cutoff opponents grouped by current legal strength,team 1 minus team 2,132,-1,training-fold preprocessing; unavailable/zero columns audited,no current/future tournament outcomes,candidate; requires ablation
diff_research_opponent_above_median_tov_std,opponent_profile,pre-cutoff opponents grouped by current legal strength,team 1 minus team 2,132,-1,training-fold preprocessing; unavailable/zero columns audited,no current/future tournament outcomes,candidate; requires ablation
diff_research_opponent_above_median_tov_count,opponent_profile,pre-cutoff opponents grouped by current legal strength,team 1 minus team 2,132,-1,training-fold preprocessing; unavailable/zero columns audited,no current/future tournament outcomes,candidate; requires ablation
diff_research_opponent_above_median_tov_q25,opponent_profile,pre-cutoff opponents grouped by current legal strength,team 1 minus team 2,132,-1,training-fold preprocessing; unavailable/zero columns audited,no current/future tournament outcomes,candidate; requires ablation
diff_research_opponent_above_median_tov_q75,opponent_profile,pre-cutoff opponents grouped by current legal strength,team 1 minus team 2,132,-1,training-fold preprocessing; unavailable/zero columns audited,no current/future tournament outcomes,candidate; requires ablation
diff_research_opponent_above_median_opp_tov_mean,opponent_profile,pre-cutoff opponents grouped by current legal strength,team 1 minus team 2,132,-1,training-fold preprocessing; unavailable/zero columns audited,no current/future tournament outcomes,candidate; requires ablation
diff_research_opponent_above_median_opp_tov_std,opponent_profile,pre-cutoff opponents grouped by current legal strength,team 1 minus team 2,132,-1,training-fold preprocessing; unavailable/zero columns audited,no current/future tournament outcomes,candidate; requires ablation
diff_research_opponent_above_median_opp_tov_count,opponent_profile,pre-cutoff opponents grouped by current legal strength,team 1 minus team 2,132,-1,training-fold preprocessing; unavailable/zero columns audited,no current/future tournament outcomes,candidate; requires ablation
diff_research_opponent_above_median_opp_tov_q25,opponent_profile,pre-cutoff opponents grouped by current legal strength,team 1 minus team 2,132,-1,training-fold preprocessing; unavailable/zero columns audited,no current/future tournament outcomes,candidate; requires ablation
diff_research_opponent_above_median_opp_tov_q75,opponent_profile,pre-cutoff opponents grouped by current legal strength,team 1 minus team 2,132,-1,training-fold preprocessing; unavailable/zero columns audited,no current/future tournament outcomes,candidate; requires ablation
diff_research_opponent_above_median_orb_mean,opponent_profile,pre-cutoff opponents grouped by current legal strength,team 1 minus team 2,132,-1,training-fold preprocessing; unavailable/zero columns audited,no current/future tournament outcomes,candidate; requires ablation
diff_research_opponent_above_median_orb_std,opponent_profile,pre-cutoff opponents grouped by current legal strength,team 1 minus team 2,132,-1,training-fold preprocessing; unavailable/zero columns audited,no current/future tournament outcomes,candidate; requires ablation
diff_research_opponent_above_median_orb_count,opponent_profile,pre-cutoff opponents grouped by current legal strength,team 1 minus team 2,132,-1,training-fold preprocessing; unavailable/zero columns audited,no current/future tournament outcomes,candidate; requires ablation
diff_research_opponent_above_median_orb_q25,opponent_profile,pre-cutoff opponents grouped by current legal strength,team 1 minus team 2,132,-1,training-fold preprocessing; unavailable/zero columns audited,no current/future tournament outcomes,candidate; requires ablation
diff_research_opponent_above_median_orb_q75,opponent_profile,pre-cutoff opponents grouped by current legal strength,team 1 minus team 2,132,-1,training-fold preprocessing; unavailable/zero columns audited,no current/future tournament outcomes,candidate; requires ablation
diff_research_opponent_above_median_opp_orb_mean,opponent_profile,pre-cutoff opponents grouped by current legal strength,team 1 minus team 2,132,-1,training-fold preprocessing; unavailable/zero columns audited,no current/future tournament outcomes,candidate; requires ablation
diff_research_opponent_above_median_opp_orb_std,opponent_profile,pre-cutoff opponents grouped by current legal strength,team 1 minus team 2,132,-1,training-fold preprocessing; unavailable/zero columns audited,no current/future tournament outcomes,candidate; requires ablation
diff_research_opponent_above_median_opp_orb_count,opponent_profile,pre-cutoff opponents grouped by current legal strength,team 1 minus team 2,132,-1,training-fold preprocessing; unavailable/zero columns audited,no current/future tournament outcomes,candidate; requires ablation
diff_research_opponent_above_median_opp_orb_q25,opponent_profile,pre-cutoff opponents grouped by current legal strength,team 1 minus team 2,132,-1,training-fold preprocessing; unavailable/zero columns audited,no current/future tournament outcomes,candidate; requires ablation
diff_research_opponent_above_median_opp_orb_q75,opponent_profile,pre-cutoff opponents grouped by current legal strength,team 1 minus team 2,132,-1,training-fold preprocessing; unavailable/zero columns audited,no current/future tournament outcomes,candidate; requires ablation
diff_research_opponent_above_median_ftr_mean,opponent_profile,pre-cutoff opponents grouped by current legal strength,team 1 minus team 2,132,-1,training-fold preprocessing; unavailable/zero columns audited,no current/future tournament outcomes,candidate; requires ablation
diff_research_opponent_above_median_ftr_std,opponent_profile,pre-cutoff opponents grouped by current legal strength,team 1 minus team 2,132,-1,training-fold preprocessing; unavailable/zero columns audited,no current/future tournament outcomes,candidate; requires ablation
diff_research_opponent_above_median_ftr_count,opponent_profile,pre-cutoff opponents grouped by current legal strength,team 1 minus team 2,132,-1,training-fold preprocessing; unavailable/zero columns audited,no current/future tournament outcomes,candidate; requires ablation
diff_research_opponent_above_median_ftr_q25,opponent_profile,pre-cutoff opponents grouped by current legal strength,team 1 minus team 2,132,-1,training-fold preprocessing; unavailable/zero columns audited,no current/future tournament outcomes,candidate; requires ablation
diff_research_opponent_above_median_ftr_q75,opponent_profile,pre-cutoff opponents grouped by current legal strength,team 1 minus team 2,132,-1,training-fold preprocessing; unavailable/zero columns audited,no current/future tournament outcomes,candidate; requires ablation
diff_research_opponent_above_median_opp_ftr_mean,opponent_profile,pre-cutoff opponents grouped by current legal strength,team 1 minus team 2,132,-1,training-fold preprocessing; unavailable/zero columns audited,no current/future tournament outcomes,candidate; requires ablation
diff_research_opponent_above_median_opp_ftr_std,opponent_profile,pre-cutoff opponents grouped by current legal strength,team 1 minus team 2,132,-1,training-fold preprocessing; unavailable/zero columns audited,no current/future tournament outcomes,candidate; requires ablation
diff_research_opponent_above_median_opp_ftr_count,opponent_profile,pre-cutoff opponents grouped by current legal strength,team 1 minus team 2,132,-1,training-fold preprocessing; unavailable/zero columns audited,no current/future tournament outcomes,candidate; requires ablation
diff_research_opponent_above_median_opp_ftr_q25,opponent_profile,pre-cutoff opponents grouped by current legal strength,team 1 minus team 2,132,-1,training-fold preprocessing; unavailable/zero columns audited,no current/future tournament outcomes,candidate; requires ablation
diff_research_opponent_above_median_opp_ftr_q75,opponent_profile,pre-cutoff opponents grouped by current legal strength,team 1 minus team 2,132,-1,training-fold preprocessing; unavailable/zero columns audited,no current/future tournament outcomes,candidate; requires ablation
diff_research_opponent_above_median_three_share_mean,opponent_profile,pre-cutoff opponents grouped by current legal strength,team 1 minus team 2,132,-1,training-fold preprocessing; unavailable/zero columns audited,no current/future tournament outcomes,candidate; requires ablation
diff_research_opponent_above_median_three_share_std,opponent_profile,pre-cutoff opponents grouped by current legal strength,team 1 minus team 2,132,-1,training-fold preprocessing; unavailable/zero columns audited,no current/future tournament outcomes,candidate; requires ablation
diff_research_opponent_above_median_three_share_count,opponent_profile,pre-cutoff opponents grouped by current legal strength,team 1 minus team 2,132,-1,training-fold preprocessing; unavailable/zero columns audited,no current/future tournament outcomes,candidate; requires ablation
diff_research_opponent_above_median_three_share_q25,opponent_profile,pre-cutoff opponents grouped by current legal strength,team 1 minus team 2,132,-1,training-fold preprocessing; unavailable/zero columns audited,no current/future tournament outcomes,candidate; requires ablation
diff_research_opponent_above_median_three_share_q75,opponent_profile,pre-cutoff opponents grouped by current legal strength,team 1 minus team 2,132,-1,training-fold preprocessing; unavailable/zero columns audited,no current/future tournament outcomes,candidate; requires ablation
diff_research_opponent_above_median_opp_three_share_mean,opponent_profile,pre-cutoff opponents grouped by current legal strength,team 1 minus team 2,132,-1,training-fold preprocessing; unavailable/zero columns audited,no current/future tournament outcomes,candidate; requires ablation
diff_research_opponent_above_median_opp_three_share_std,opponent_profile,pre-cutoff opponents grouped by current legal strength,team 1 minus team 2,132,-1,training-fold preprocessing; unavailable/zero columns audited,no current/future tournament outcomes,candidate; requires ablation
diff_research_opponent_above_median_opp_three_share_count,opponent_profile,pre-cutoff opponents grouped by current legal strength,team 1 minus team 2,132,-1,training-fold preprocessing; unavailable/zero columns audited,no current/future tournament outcomes,candidate; requires ablation
diff_research_opponent_above_median_opp_three_share_q25,opponent_profile,pre-cutoff opponents grouped by current legal strength,team 1 minus team 2,132,-1,training-fold preprocessing; unavailable/zero columns audited,no current/future tournament outcomes,candidate; requires ablation
diff_research_opponent_above_median_opp_three_share_q75,opponent_profile,pre-cutoff opponents grouped by current legal strength,team 1 minus team 2,132,-1,training-fold preprocessing; unavailable/zero columns audited,no current/future tournament outcomes,candidate; requires ablation
diff_research_opponent_above_median_three_accuracy_mean,opponent_profile,pre-cutoff opponents grouped by current legal strength,team 1 minus team 2,132,-1,training-fold preprocessing; unavailable/zero columns audited,no current/future tournament outcomes,candidate; requires ablation
diff_research_opponent_above_median_three_accuracy_std,opponent_profile,pre-cutoff opponents grouped by current legal strength,team 1 minus team 2,132,-1,training-fold preprocessing; unavailable/zero columns audited,no current/future tournament outcomes,candidate; requires ablation
diff_research_opponent_above_median_three_accuracy_count,opponent_profile,pre-cutoff opponents grouped by current legal strength,team 1 minus team 2,132,-1,training-fold preprocessing; unavailable/zero columns audited,no current/future tournament outcomes,candidate; requires ablation
diff_research_opponent_above_median_three_accuracy_q25,opponent_profile,pre-cutoff opponents grouped by current legal strength,team 1 minus team 2,132,-1,training-fold preprocessing; unavailable/zero columns audited,no current/future tournament outcomes,candidate; requires ablation
diff_research_opponent_above_median_three_accuracy_q75,opponent_profile,pre-cutoff opponents grouped by current legal strength,team 1 minus team 2,132,-1,training-fold preprocessing; unavailable/zero columns audited,no current/future tournament outcomes,candidate; requires ablation
diff_research_opponent_above_median_opp_three_accuracy_mean,opponent_profile,pre-cutoff opponents grouped by current legal strength,team 1 minus team 2,132,-1,training-fold preprocessing; unavailable/zero columns audited,no current/future tournament outcomes,candidate; requires ablation
diff_research_opponent_above_median_opp_three_accuracy_std,opponent_profile,pre-cutoff opponents grouped by current legal strength,team 1 minus team 2,132,-1,training-fold preprocessing; unavailable/zero columns audited,no current/future tournament outcomes,candidate; requires ablation
diff_research_opponent_above_median_opp_three_accuracy_count,opponent_profile,pre-cutoff opponents grouped by current legal strength,team 1 minus team 2,132,-1,training-fold preprocessing; unavailable/zero columns audited,no current/future tournament outcomes,candidate; requires ablation
diff_research_opponent_above_median_opp_three_accuracy_q25,opponent_profile,pre-cutoff opponents grouped by current legal strength,team 1 minus team 2,132,-1,training-fold preprocessing; unavailable/zero columns audited,no current/future tournament outcomes,candidate; requires ablation
diff_research_opponent_above_median_opp_three_accuracy_q75,opponent_profile,pre-cutoff opponents grouped by current legal strength,team 1 minus team 2,132,-1,training-fold preprocessing; unavailable/zero columns audited,no current/future tournament outcomes,candidate; requires ablation
diff_research_opponent_above_median_two_accuracy_mean,opponent_profile,pre-cutoff opponents grouped by current legal strength,team 1 minus team 2,132,-1,training-fold preprocessing; unavailable/zero columns audited,no current/future tournament outcomes,candidate; requires ablation
diff_research_opponent_above_median_two_accuracy_std,opponent_profile,pre-cutoff opponents grouped by current legal strength,team 1 minus team 2,132,-1,training-fold preprocessing; unavailable/zero columns audited,no current/future tournament outcomes,candidate; requires ablation
diff_research_opponent_above_median_two_accuracy_count,opponent_profile,pre-cutoff opponents grouped by current legal strength,team 1 minus team 2,132,-1,training-fold preprocessing; unavailable/zero columns audited,no current/future tournament outcomes,candidate; requires ablation
diff_research_opponent_above_median_two_accuracy_q25,opponent_profile,pre-cutoff opponents grouped by current legal strength,team 1 minus team 2,132,-1,training-fold preprocessing; unavailable/zero columns audited,no current/future tournament outcomes,candidate; requires ablation
diff_research_opponent_above_median_two_accuracy_q75,opponent_profile,pre-cutoff opponents grouped by current legal strength,team 1 minus team 2,132,-1,training-fold preprocessing; unavailable/zero columns audited,no current/future tournament outcomes,candidate; requires ablation
diff_research_opponent_above_median_opp_two_accuracy_mean,opponent_profile,pre-cutoff opponents grouped by current legal strength,team 1 minus team 2,132,-1,training-fold preprocessing; unavailable/zero columns audited,no current/future tournament outcomes,candidate; requires ablation
diff_research_opponent_above_median_opp_two_accuracy_std,opponent_profile,pre-cutoff opponents grouped by current legal strength,team 1 minus team 2,132,-1,training-fold preprocessing; unavailable/zero columns audited,no current/future tournament outcomes,candidate; requires ablation
diff_research_opponent_above_median_opp_two_accuracy_count,opponent_profile,pre-cutoff opponents grouped by current legal strength,team 1 minus team 2,132,-1,training-fold preprocessing; unavailable/zero columns audited,no current/future tournament outcomes,candidate; requires ablation
diff_research_opponent_above_median_opp_two_accuracy_q25,opponent_profile,pre-cutoff opponents grouped by current legal strength,team 1 minus team 2,132,-1,training-fold preprocessing; unavailable/zero columns audited,no current/future tournament outcomes,candidate; requires ablation
diff_research_opponent_above_median_opp_two_accuracy_q75,opponent_profile,pre-cutoff opponents grouped by current legal strength,team 1 minus team 2,132,-1,training-fold preprocessing; unavailable/zero columns audited,no current/future tournament outcomes,candidate; requires ablation
diff_research_opponent_above_median_free_accuracy_mean,opponent_profile,pre-cutoff opponents grouped by current legal strength,team 1 minus team 2,132,-1,training-fold preprocessing; unavailable/zero columns audited,no current/future tournament outcomes,candidate; requires ablation
diff_research_opponent_above_median_free_accuracy_std,opponent_profile,pre-cutoff opponents grouped by current legal strength,team 1 minus team 2,132,-1,training-fold preprocessing; unavailable/zero columns audited,no current/future tournament outcomes,candidate; requires ablation
diff_research_opponent_above_median_free_accuracy_count,opponent_profile,pre-cutoff opponents grouped by current legal strength,team 1 minus team 2,132,-1,training-fold preprocessing; unavailable/zero columns audited,no current/future tournament outcomes,candidate; requires ablation
diff_research_opponent_above_median_free_accuracy_q25,opponent_profile,pre-cutoff opponents grouped by current legal strength,team 1 minus team 2,132,-1,training-fold preprocessing; unavailable/zero columns audited,no current/future tournament outcomes,candidate; requires ablation
diff_research_opponent_above_median_free_accuracy_q75,opponent_profile,pre-cutoff opponents grouped by current legal strength,team 1 minus team 2,132,-1,training-fold preprocessing; unavailable/zero columns audited,no current/future tournament outcomes,candidate; requires ablation
diff_research_opponent_above_median_opp_free_accuracy_mean,opponent_profile,pre-cutoff opponents grouped by current legal strength,team 1 minus team 2,132,-1,training-fold preprocessing; unavailable/zero columns audited,no current/future tournament outcomes,candidate; requires ablation
diff_research_opponent_above_median_opp_free_accuracy_std,opponent_profile,pre-cutoff opponents grouped by current legal strength,team 1 minus team 2,132,-1,training-fold preprocessing; unavailable/zero columns audited,no current/future tournament outcomes,candidate; requires ablation
diff_research_opponent_above_median_opp_free_accuracy_count,opponent_profile,pre-cutoff opponents grouped by current legal strength,team 1 minus team 2,132,-1,training-fold preprocessing; unavailable/zero columns audited,no current/future tournament outcomes,candidate; requires ablation
diff_research_opponent_above_median_opp_free_accuracy_q25,opponent_profile,pre-cutoff opponents grouped by current legal strength,team 1 minus team 2,132,-1,training-fold preprocessing; unavailable/zero columns audited,no current/future tournament outcomes,candidate; requires ablation
diff_research_opponent_above_median_opp_free_accuracy_q75,opponent_profile,pre-cutoff opponents grouped by current legal strength,team 1 minus team 2,132,-1,training-fold preprocessing; unavailable/zero columns audited,no current/future tournament outcomes,candidate; requires ablation
diff_research_opponent_above_median_rebound_share_mean,opponent_profile,pre-cutoff opponents grouped by current legal strength,team 1 minus team 2,132,-1,training-fold preprocessing; unavailable/zero columns audited,no current/future tournament outcomes,candidate; requires ablation
diff_research_opponent_above_median_rebound_share_std,opponent_profile,pre-cutoff opponents grouped by current legal strength,team 1 minus team 2,132,-1,training-fold preprocessing; unavailable/zero columns audited,no current/future tournament outcomes,candidate; requires ablation
diff_research_opponent_above_median_rebound_share_count,opponent_profile,pre-cutoff opponents grouped by current legal strength,team 1 minus team 2,132,-1,training-fold preprocessing; unavailable/zero columns audited,no current/future tournament outcomes,candidate; requires ablation
diff_research_opponent_above_median_rebound_share_q25,opponent_profile,pre-cutoff opponents grouped by current legal strength,team 1 minus team 2,132,-1,training-fold preprocessing; unavailable/zero columns audited,no current/future tournament outcomes,candidate; requires ablation
diff_research_opponent_above_median_rebound_share_q75,opponent_profile,pre-cutoff opponents grouped by current legal strength,team 1 minus team 2,132,-1,training-fold preprocessing; unavailable/zero columns audited,no current/future tournament outcomes,candidate; requires ablation
diff_research_opponent_above_median_opp_rebound_share_mean,opponent_profile,pre-cutoff opponents grouped by current legal strength,team 1 minus team 2,132,-1,training-fold preprocessing; unavailable/zero columns audited,no current/future tournament outcomes,candidate; requires ablation
diff_research_opponent_above_median_opp_rebound_share_std,opponent_profile,pre-cutoff opponents grouped by current legal strength,team 1 minus team 2,132,-1,training-fold preprocessing; unavailable/zero columns audited,no current/future tournament outcomes,candidate; requires ablation
diff_research_opponent_above_median_opp_rebound_share_count,opponent_profile,pre-cutoff opponents grouped by current legal strength,team 1 minus team 2,132,-1,training-fold preprocessing; unavailable/zero columns audited,no current/future tournament outcomes,candidate; requires ablation
diff_research_opponent_above_median_opp_rebound_share_q25,opponent_profile,pre-cutoff opponents grouped by current legal strength,team 1 minus team 2,132,-1,training-fold preprocessing; unavailable/zero columns audited,no current/future tournament outcomes,candidate; requires ablation
diff_research_opponent_above_median_opp_rebound_share_q75,opponent_profile,pre-cutoff opponents grouped by current legal strength,team 1 minus team 2,132,-1,training-fold preprocessing; unavailable/zero columns audited,no current/future tournament outcomes,candidate; requires ablation
diff_research_opponent_above_median_shot_volume_mean,opponent_profile,pre-cutoff opponents grouped by current legal strength,team 1 minus team 2,132,-1,training-fold preprocessing; unavailable/zero columns audited,no current/future tournament outcomes,candidate; requires ablation
diff_research_opponent_above_median_shot_volume_std,opponent_profile,pre-cutoff opponents grouped by current legal strength,team 1 minus team 2,132,-1,training-fold preprocessing; unavailable/zero columns audited,no current/future tournament outcomes,candidate; requires ablation
diff_research_opponent_above_median_shot_volume_count,opponent_profile,pre-cutoff opponents grouped by current legal strength,team 1 minus team 2,132,-1,training-fold preprocessing; unavailable/zero columns audited,no current/future tournament outcomes,candidate; requires ablation
diff_research_opponent_above_median_shot_volume_q25,opponent_profile,pre-cutoff opponents grouped by current legal strength,team 1 minus team 2,132,-1,training-fold preprocessing; unavailable/zero columns audited,no current/future tournament outcomes,candidate; requires ablation
diff_research_opponent_above_median_shot_volume_q75,opponent_profile,pre-cutoff opponents grouped by current legal strength,team 1 minus team 2,132,-1,training-fold preprocessing; unavailable/zero columns audited,no current/future tournament outcomes,candidate; requires ablation
diff_research_opponent_above_median_opp_shot_volume_mean,opponent_profile,pre-cutoff opponents grouped by current legal strength,team 1 minus team 2,132,-1,training-fold preprocessing; unavailable/zero columns audited,no current/future tournament outcomes,candidate; requires ablation
diff_research_opponent_above_median_opp_shot_volume_std,opponent_profile,pre-cutoff opponents grouped by current legal strength,team 1 minus team 2,132,-1,training-fold preprocessing; unavailable/zero columns audited,no current/future tournament outcomes,candidate; requires ablation
diff_research_opponent_above_median_opp_shot_volume_count,opponent_profile,pre-cutoff opponents grouped by current legal strength,team 1 minus team 2,132,-1,training-fold preprocessing; unavailable/zero columns audited,no current/future tournament outcomes,candidate; requires ablation
diff_research_opponent_above_median_opp_shot_volume_q25,opponent_profile,pre-cutoff opponents grouped by current legal strength,team 1 minus team 2,132,-1,training-fold preprocessing; unavailable/zero columns audited,no current/future tournament outcomes,candidate; requires ablation
diff_research_opponent_above_median_opp_shot_volume_q75,opponent_profile,pre-cutoff opponents grouped by current legal strength,team 1 minus team 2,132,-1,training-fold preprocessing; unavailable/zero columns audited,no current/future tournament outcomes,candidate; requires ablation
diff_research_opponent_above_median_free_points_share_mean,opponent_profile,pre-cutoff opponents grouped by current legal strength,team 1 minus team 2,132,-1,training-fold preprocessing; unavailable/zero columns audited,no current/future tournament outcomes,candidate; requires ablation
diff_research_opponent_above_median_free_points_share_std,opponent_profile,pre-cutoff opponents grouped by current legal strength,team 1 minus team 2,132,-1,training-fold preprocessing; unavailable/zero columns audited,no current/future tournament outcomes,candidate; requires ablation
diff_research_opponent_above_median_free_points_share_count,opponent_profile,pre-cutoff opponents grouped by current legal strength,team 1 minus team 2,132,-1,training-fold preprocessing; unavailable/zero columns audited,no current/future tournament outcomes,candidate; requires ablation
diff_research_opponent_above_median_free_points_share_q25,opponent_profile,pre-cutoff opponents grouped by current legal strength,team 1 minus team 2,132,-1,training-fold preprocessing; unavailable/zero columns audited,no current/future tournament outcomes,candidate; requires ablation
diff_research_opponent_above_median_free_points_share_q75,opponent_profile,pre-cutoff opponents grouped by current legal strength,team 1 minus team 2,132,-1,training-fold preprocessing; unavailable/zero columns audited,no current/future tournament outcomes,candidate; requires ablation
diff_research_opponent_above_median_opp_free_points_share_mean,opponent_profile,pre-cutoff opponents grouped by current legal strength,team 1 minus team 2,132,-1,training-fold preprocessing; unavailable/zero columns audited,no current/future tournament outcomes,candidate; requires ablation
diff_research_opponent_above_median_opp_free_points_share_std,opponent_profile,pre-cutoff opponents grouped by current legal strength,team 1 minus team 2,132,-1,training-fold preprocessing; unavailable/zero columns audited,no current/future tournament outcomes,candidate; requires ablation
diff_research_opponent_above_median_opp_free_points_share_count,opponent_profile,pre-cutoff opponents grouped by current legal strength,team 1 minus team 2,132,-1,training-fold preprocessing; unavailable/zero columns audited,no current/future tournament outcomes,candidate; requires ablation
diff_research_opponent_above_median_opp_free_points_share_q25,opponent_profile,pre-cutoff opponents grouped by current legal strength,team 1 minus team 2,132,-1,training-fold preprocessing; unavailable/zero columns audited,no current/future tournament outcomes,candidate; requires ablation
diff_research_opponent_above_median_opp_free_points_share_q75,opponent_profile,pre-cutoff opponents grouped by current legal strength,team 1 minus team 2,132,-1,training-fold preprocessing; unavailable/zero columns audited,no current/future tournament outcomes,candidate; requires ablation
diff_research_opponent_above_median_three_points_share_mean,opponent_profile,pre-cutoff opponents grouped by current legal strength,team 1 minus team 2,132,-1,training-fold preprocessing; unavailable/zero columns audited,no current/future tournament outcomes,candidate; requires ablation
diff_research_opponent_above_median_three_points_share_std,opponent_profile,pre-cutoff opponents grouped by current legal strength,team 1 minus team 2,132,-1,training-fold preprocessing; unavailable/zero columns audited,no current/future tournament outcomes,candidate; requires ablation
diff_research_opponent_above_median_three_points_share_count,opponent_profile,pre-cutoff opponents grouped by current legal strength,team 1 minus team 2,132,-1,training-fold preprocessing; unavailable/zero columns audited,no current/future tournament outcomes,candidate; requires ablation
diff_research_opponent_above_median_three_points_share_q25,opponent_profile,pre-cutoff opponents grouped by current legal strength,team 1 minus team 2,132,-1,training-fold preprocessing; unavailable/zero columns audited,no current/future tournament outcomes,candidate; requires ablation
diff_research_opponent_above_median_three_points_share_q75,opponent_profile,pre-cutoff opponents grouped by current legal strength,team 1 minus team 2,132,-1,training-fold preprocessing; unavailable/zero columns audited,no current/future tournament outcomes,candidate; requires ablation
diff_research_opponent_above_median_opp_three_points_share_mean,opponent_profile,pre-cutoff opponents grouped by current legal strength,team 1 minus team 2,132,-1,training-fold preprocessing; unavailable/zero columns audited,no current/future tournament outcomes,candidate; requires ablation
diff_research_opponent_above_median_opp_three_points_share_std,opponent_profile,pre-cutoff opponents grouped by current legal strength,team 1 minus team 2,132,-1,training-fold preprocessing; unavailable/zero columns audited,no current/future tournament outcomes,candidate; requires ablation
diff_research_opponent_above_median_opp_three_points_share_count,opponent_profile,pre-cutoff opponents grouped by current legal strength,team 1 minus team 2,132,-1,training-fold preprocessing; unavailable/zero columns audited,no current/future tournament outcomes,candidate; requires ablation
diff_research_opponent_above_median_opp_three_points_share_q25,opponent_profile,pre-cutoff opponents grouped by current legal strength,team 1 minus team 2,132,-1,training-fold preprocessing; unavailable/zero columns audited,no current/future tournament outcomes,candidate; requires ablation
diff_research_opponent_above_median_opp_three_points_share_q75,opponent_profile,pre-cutoff opponents grouped by current legal strength,team 1 minus team 2,132,-1,training-fold preprocessing; unavailable/zero columns audited,no current/future tournament outcomes,candidate; requires ablation
diff_research_opponent_above_median_possession_gap_mean,opponent_profile,pre-cutoff opponents grouped by current legal strength,team 1 minus team 2,132,-1,training-fold preprocessing; unavailable/zero columns audited,no current/future tournament outcomes,candidate; requires ablation
diff_research_opponent_above_median_possession_gap_std,opponent_profile,pre-cutoff opponents grouped by current legal strength,team 1 minus team 2,132,-1,training-fold preprocessing; unavailable/zero columns audited,no current/future tournament outcomes,candidate; requires ablation
diff_research_opponent_above_median_possession_gap_count,opponent_profile,pre-cutoff opponents grouped by current legal strength,team 1 minus team 2,132,-1,training-fold preprocessing; unavailable/zero columns audited,no current/future tournament outcomes,candidate; requires ablation
diff_research_opponent_above_median_possession_gap_q25,opponent_profile,pre-cutoff opponents grouped by current legal strength,team 1 minus team 2,132,-1,training-fold preprocessing; unavailable/zero columns audited,no current/future tournament outcomes,candidate; requires ablation
diff_research_opponent_above_median_possession_gap_q75,opponent_profile,pre-cutoff opponents grouped by current legal strength,team 1 minus team 2,132,-1,training-fold preprocessing; unavailable/zero columns audited,no current/future tournament outcomes,candidate; requires ablation
diff_research_opponent_above_median_win_mean,opponent_profile,pre-cutoff opponents grouped by current legal strength,team 1 minus team 2,132,-1,training-fold preprocessing; unavailable/zero columns audited,no current/future tournament outcomes,candidate; requires ablation
diff_research_opponent_above_median_win_std,opponent_profile,pre-cutoff opponents grouped by current legal strength,team 1 minus team 2,132,-1,training-fold preprocessing; unavailable/zero columns audited,no current/future tournament outcomes,candidate; requires ablation
diff_research_opponent_above_median_win_count,opponent_profile,pre-cutoff opponents grouped by current legal strength,team 1 minus team 2,132,-1,training-fold preprocessing; unavailable/zero columns audited,no current/future tournament outcomes,candidate; requires ablation
diff_research_opponent_above_median_win_q25,opponent_profile,pre-cutoff opponents grouped by current legal strength,team 1 minus team 2,132,-1,training-fold preprocessing; unavailable/zero columns audited,no current/future tournament outcomes,candidate; requires ablation
diff_research_opponent_above_median_win_q75,opponent_profile,pre-cutoff opponents grouped by current legal strength,team 1 minus team 2,132,-1,training-fold preprocessing; unavailable/zero columns audited,no current/future tournament outcomes,candidate; requires ablation
diff_research_trajectory_season_margin_slope_day,trajectory,"pre-cutoff daily rates, slopes and momentum",team 1 minus team 2,132,-1,training-fold preprocessing; unavailable/zero columns audited,no current/future tournament outcomes,candidate; requires ablation
diff_research_trajectory_season_margin_recent_change,trajectory,"pre-cutoff daily rates, slopes and momentum",team 1 minus team 2,132,-1,training-fold preprocessing; unavailable/zero columns audited,no current/future tournament outcomes,candidate; requires ablation
diff_research_trajectory_season_margin_acceleration,trajectory,"pre-cutoff daily rates, slopes and momentum",team 1 minus team 2,132,-1,training-fold preprocessing; unavailable/zero columns audited,no current/future tournament outcomes,candidate; requires ablation
diff_research_trajectory_season_margin_mean_abs_change,trajectory,"pre-cutoff daily rates, slopes and momentum",team 1 minus team 2,132,-1,training-fold preprocessing; unavailable/zero columns audited,no current/future tournament outcomes,candidate; requires ablation
diff_research_trajectory_season_margin_late_volatility,trajectory,"pre-cutoff daily rates, slopes and momentum",team 1 minus team 2,132,-1,training-fold preprocessing; unavailable/zero columns audited,no current/future tournament outcomes,candidate; requires ablation
diff_research_trajectory_season_points_slope_day,trajectory,"pre-cutoff daily rates, slopes and momentum",team 1 minus team 2,132,-1,training-fold preprocessing; unavailable/zero columns audited,no current/future tournament outcomes,candidate; requires ablation
diff_research_trajectory_season_points_recent_change,trajectory,"pre-cutoff daily rates, slopes and momentum",team 1 minus team 2,132,-1,training-fold preprocessing; unavailable/zero columns audited,no current/future tournament outcomes,candidate; requires ablation
diff_research_trajectory_season_points_acceleration,trajectory,"pre-cutoff daily rates, slopes and momentum",team 1 minus team 2,132,-1,training-fold preprocessing; unavailable/zero columns audited,no current/future tournament outcomes,candidate; requires ablation
diff_research_trajectory_season_points_mean_abs_change,trajectory,"pre-cutoff daily rates, slopes and momentum",team 1 minus team 2,132,-1,training-fold preprocessing; unavailable/zero columns audited,no current/future tournament outcomes,candidate; requires ablation
diff_research_trajectory_season_points_late_volatility,trajectory,"pre-cutoff daily rates, slopes and momentum",team 1 minus team 2,132,-1,training-fold preprocessing; unavailable/zero columns audited,no current/future tournament outcomes,candidate; requires ablation
diff_research_trajectory_season_allowed_slope_day,trajectory,"pre-cutoff daily rates, slopes and momentum",team 1 minus team 2,132,-1,training-fold preprocessing; unavailable/zero columns audited,no current/future tournament outcomes,candidate; requires ablation
diff_research_trajectory_season_allowed_recent_change,trajectory,"pre-cutoff daily rates, slopes and momentum",team 1 minus team 2,132,-1,training-fold preprocessing; unavailable/zero columns audited,no current/future tournament outcomes,candidate; requires ablation
diff_research_trajectory_season_allowed_acceleration,trajectory,"pre-cutoff daily rates, slopes and momentum",team 1 minus team 2,132,-1,training-fold preprocessing; unavailable/zero columns audited,no current/future tournament outcomes,candidate; requires ablation
diff_research_trajectory_season_allowed_mean_abs_change,trajectory,"pre-cutoff daily rates, slopes and momentum",team 1 minus team 2,132,-1,training-fold preprocessing; unavailable/zero columns audited,no current/future tournament outcomes,candidate; requires ablation
diff_research_trajectory_season_allowed_late_volatility,trajectory,"pre-cutoff daily rates, slopes and momentum",team 1 minus team 2,132,-1,training-fold preprocessing; unavailable/zero columns audited,no current/future tournament outcomes,candidate; requires ablation
diff_research_trajectory_season_efficiency_slope_day,trajectory,"pre-cutoff daily rates, slopes and momentum",team 1 minus team 2,132,-1,training-fold preprocessing; unavailable/zero columns audited,no current/future tournament outcomes,candidate; requires ablation
diff_research_trajectory_season_efficiency_recent_change,trajectory,"pre-cutoff daily rates, slopes and momentum",team 1 minus team 2,132,-1,training-fold preprocessing; unavailable/zero columns audited,no current/future tournament outcomes,candidate; requires ablation
diff_research_trajectory_season_efficiency_acceleration,trajectory,"pre-cutoff daily rates, slopes and momentum",team 1 minus team 2,132,-1,training-fold preprocessing; unavailable/zero columns audited,no current/future tournament outcomes,candidate; requires ablation
diff_research_trajectory_season_efficiency_mean_abs_change,trajectory,"pre-cutoff daily rates, slopes and momentum",team 1 minus team 2,132,-1,training-fold preprocessing; unavailable/zero columns audited,no current/future tournament outcomes,candidate; requires ablation
diff_research_trajectory_season_efficiency_late_volatility,trajectory,"pre-cutoff daily rates, slopes and momentum",team 1 minus team 2,132,-1,training-fold preprocessing; unavailable/zero columns audited,no current/future tournament outcomes,candidate; requires ablation
diff_research_trajectory_season_allowed_efficiency_slope_day,trajectory,"pre-cutoff daily rates, slopes and momentum",team 1 minus team 2,132,-1,training-fold preprocessing; unavailable/zero columns audited,no current/future tournament outcomes,candidate; requires ablation
diff_research_trajectory_season_allowed_efficiency_recent_change,trajectory,"pre-cutoff daily rates, slopes and momentum",team 1 minus team 2,132,-1,training-fold preprocessing; unavailable/zero columns audited,no current/future tournament outcomes,candidate; requires ablation
diff_research_trajectory_season_allowed_efficiency_acceleration,trajectory,"pre-cutoff daily rates, slopes and momentum",team 1 minus team 2,132,-1,training-fold preprocessing; unavailable/zero columns audited,no current/future tournament outcomes,candidate; requires ablation
diff_research_trajectory_season_allowed_efficiency_mean_abs_change,trajectory,"pre-cutoff daily rates, slopes and momentum",team 1 minus team 2,132,-1,training-fold preprocessing; unavailable/zero columns audited,no current/future tournament outcomes,candidate; requires ablation
diff_research_trajectory_season_allowed_efficiency_late_volatility,trajectory,"pre-cutoff daily rates, slopes and momentum",team 1 minus team 2,132,-1,training-fold preprocessing; unavailable/zero columns audited,no current/future tournament outcomes,candidate; requires ablation
diff_research_trajectory_season_tempo_slope_day,trajectory,"pre-cutoff daily rates, slopes and momentum",team 1 minus team 2,132,-1,training-fold preprocessing; unavailable/zero columns audited,no current/future tournament outcomes,candidate; requires ablation
diff_research_trajectory_season_tempo_recent_change,trajectory,"pre-cutoff daily rates, slopes and momentum",team 1 minus team 2,132,-1,training-fold preprocessing; unavailable/zero columns audited,no current/future tournament outcomes,candidate; requires ablation
diff_research_trajectory_season_tempo_acceleration,trajectory,"pre-cutoff daily rates, slopes and momentum",team 1 minus team 2,132,-1,training-fold preprocessing; unavailable/zero columns audited,no current/future tournament outcomes,candidate; requires ablation
diff_research_trajectory_season_tempo_mean_abs_change,trajectory,"pre-cutoff daily rates, slopes and momentum",team 1 minus team 2,132,-1,training-fold preprocessing; unavailable/zero columns audited,no current/future tournament outcomes,candidate; requires ablation
diff_research_trajectory_season_tempo_late_volatility,trajectory,"pre-cutoff daily rates, slopes and momentum",team 1 minus team 2,132,-1,training-fold preprocessing; unavailable/zero columns audited,no current/future tournament outcomes,candidate; requires ablation
diff_research_trajectory_season_efg_slope_day,trajectory,"pre-cutoff daily rates, slopes and momentum",team 1 minus team 2,132,-1,training-fold preprocessing; unavailable/zero columns audited,no current/future tournament outcomes,candidate; requires ablation
diff_research_trajectory_season_efg_recent_change,trajectory,"pre-cutoff daily rates, slopes and momentum",team 1 minus team 2,132,-1,training-fold preprocessing; unavailable/zero columns audited,no current/future tournament outcomes,candidate; requires ablation
diff_research_trajectory_season_efg_acceleration,trajectory,"pre-cutoff daily rates, slopes and momentum",team 1 minus team 2,132,-1,training-fold preprocessing; unavailable/zero columns audited,no current/future tournament outcomes,candidate; requires ablation
diff_research_trajectory_season_efg_mean_abs_change,trajectory,"pre-cutoff daily rates, slopes and momentum",team 1 minus team 2,132,-1,training-fold preprocessing; unavailable/zero columns audited,no current/future tournament outcomes,candidate; requires ablation
diff_research_trajectory_season_efg_late_volatility,trajectory,"pre-cutoff daily rates, slopes and momentum",team 1 minus team 2,132,-1,training-fold preprocessing; unavailable/zero columns audited,no current/future tournament outcomes,candidate; requires ablation
diff_research_trajectory_season_opp_efg_slope_day,trajectory,"pre-cutoff daily rates, slopes and momentum",team 1 minus team 2,132,-1,training-fold preprocessing; unavailable/zero columns audited,no current/future tournament outcomes,candidate; requires ablation
diff_research_trajectory_season_opp_efg_recent_change,trajectory,"pre-cutoff daily rates, slopes and momentum",team 1 minus team 2,132,-1,training-fold preprocessing; unavailable/zero columns audited,no current/future tournament outcomes,candidate; requires ablation
diff_research_trajectory_season_opp_efg_acceleration,trajectory,"pre-cutoff daily rates, slopes and momentum",team 1 minus team 2,132,-1,training-fold preprocessing; unavailable/zero columns audited,no current/future tournament outcomes,candidate; requires ablation
diff_research_trajectory_season_opp_efg_mean_abs_change,trajectory,"pre-cutoff daily rates, slopes and momentum",team 1 minus team 2,132,-1,training-fold preprocessing; unavailable/zero columns audited,no current/future tournament outcomes,candidate; requires ablation
diff_research_trajectory_season_opp_efg_late_volatility,trajectory,"pre-cutoff daily rates, slopes and momentum",team 1 minus team 2,132,-1,training-fold preprocessing; unavailable/zero columns audited,no current/future tournament outcomes,candidate; requires ablation
diff_research_trajectory_season_tov_slope_day,trajectory,"pre-cutoff daily rates, slopes and momentum",team 1 minus team 2,132,-1,training-fold preprocessing; unavailable/zero columns audited,no current/future tournament outcomes,candidate; requires ablation
diff_research_trajectory_season_tov_recent_change,trajectory,"pre-cutoff daily rates, slopes and momentum",team 1 minus team 2,132,-1,training-fold preprocessing; unavailable/zero columns audited,no current/future tournament outcomes,candidate; requires ablation
diff_research_trajectory_season_tov_acceleration,trajectory,"pre-cutoff daily rates, slopes and momentum",team 1 minus team 2,132,-1,training-fold preprocessing; unavailable/zero columns audited,no current/future tournament outcomes,candidate; requires ablation
diff_research_trajectory_season_tov_mean_abs_change,trajectory,"pre-cutoff daily rates, slopes and momentum",team 1 minus team 2,132,-1,training-fold preprocessing; unavailable/zero columns audited,no current/future tournament outcomes,candidate; requires ablation
diff_research_trajectory_season_tov_late_volatility,trajectory,"pre-cutoff daily rates, slopes and momentum",team 1 minus team 2,132,-1,training-fold preprocessing; unavailable/zero columns audited,no current/future tournament outcomes,candidate; requires ablation
diff_research_trajectory_season_opp_tov_slope_day,trajectory,"pre-cutoff daily rates, slopes and momentum",team 1 minus team 2,132,-1,training-fold preprocessing; unavailable/zero columns audited,no current/future tournament outcomes,candidate; requires ablation
diff_research_trajectory_season_opp_tov_recent_change,trajectory,"pre-cutoff daily rates, slopes and momentum",team 1 minus team 2,132,-1,training-fold preprocessing; unavailable/zero columns audited,no current/future tournament outcomes,candidate; requires ablation
diff_research_trajectory_season_opp_tov_acceleration,trajectory,"pre-cutoff daily rates, slopes and momentum",team 1 minus team 2,132,-1,training-fold preprocessing; unavailable/zero columns audited,no current/future tournament outcomes,candidate; requires ablation
diff_research_trajectory_season_opp_tov_mean_abs_change,trajectory,"pre-cutoff daily rates, slopes and momentum",team 1 minus team 2,132,-1,training-fold preprocessing; unavailable/zero columns audited,no current/future tournament outcomes,candidate; requires ablation
diff_research_trajectory_season_opp_tov_late_volatility,trajectory,"pre-cutoff daily rates, slopes and momentum",team 1 minus team 2,132,-1,training-fold preprocessing; unavailable/zero columns audited,no current/future tournament outcomes,candidate; requires ablation
diff_research_trajectory_season_orb_slope_day,trajectory,"pre-cutoff daily rates, slopes and momentum",team 1 minus team 2,132,-1,training-fold preprocessing; unavailable/zero columns audited,no current/future tournament outcomes,candidate; requires ablation
diff_research_trajectory_season_orb_recent_change,trajectory,"pre-cutoff daily rates, slopes and momentum",team 1 minus team 2,132,-1,training-fold preprocessing; unavailable/zero columns audited,no current/future tournament outcomes,candidate; requires ablation
diff_research_trajectory_season_orb_acceleration,trajectory,"pre-cutoff daily rates, slopes and momentum",team 1 minus team 2,132,-1,training-fold preprocessing; unavailable/zero columns audited,no current/future tournament outcomes,candidate; requires ablation
diff_research_trajectory_season_orb_mean_abs_change,trajectory,"pre-cutoff daily rates, slopes and momentum",team 1 minus team 2,132,-1,training-fold preprocessing; unavailable/zero columns audited,no current/future tournament outcomes,candidate; requires ablation
diff_research_trajectory_season_orb_late_volatility,trajectory,"pre-cutoff daily rates, slopes and momentum",team 1 minus team 2,132,-1,training-fold preprocessing; unavailable/zero columns audited,no current/future tournament outcomes,candidate; requires ablation
diff_research_trajectory_season_opp_orb_slope_day,trajectory,"pre-cutoff daily rates, slopes and momentum",team 1 minus team 2,132,-1,training-fold preprocessing; unavailable/zero columns audited,no current/future tournament outcomes,candidate; requires ablation
diff_research_trajectory_season_opp_orb_recent_change,trajectory,"pre-cutoff daily rates, slopes and momentum",team 1 minus team 2,132,-1,training-fold preprocessing; unavailable/zero columns audited,no current/future tournament outcomes,candidate; requires ablation
diff_research_trajectory_season_opp_orb_acceleration,trajectory,"pre-cutoff daily rates, slopes and momentum",team 1 minus team 2,132,-1,training-fold preprocessing; unavailable/zero columns audited,no current/future tournament outcomes,candidate; requires ablation
diff_research_trajectory_season_opp_orb_mean_abs_change,trajectory,"pre-cutoff daily rates, slopes and momentum",team 1 minus team 2,132,-1,training-fold preprocessing; unavailable/zero columns audited,no current/future tournament outcomes,candidate; requires ablation
diff_research_trajectory_season_opp_orb_late_volatility,trajectory,"pre-cutoff daily rates, slopes and momentum",team 1 minus team 2,132,-1,training-fold preprocessing; unavailable/zero columns audited,no current/future tournament outcomes,candidate; requires ablation
diff_research_trajectory_season_ftr_slope_day,trajectory,"pre-cutoff daily rates, slopes and momentum",team 1 minus team 2,132,-1,training-fold preprocessing; unavailable/zero columns audited,no current/future tournament outcomes,candidate; requires ablation
diff_research_trajectory_season_ftr_recent_change,trajectory,"pre-cutoff daily rates, slopes and momentum",team 1 minus team 2,132,-1,training-fold preprocessing; unavailable/zero columns audited,no current/future tournament outcomes,candidate; requires ablation
diff_research_trajectory_season_ftr_acceleration,trajectory,"pre-cutoff daily rates, slopes and momentum",team 1 minus team 2,132,-1,training-fold preprocessing; unavailable/zero columns audited,no current/future tournament outcomes,candidate; requires ablation
diff_research_trajectory_season_ftr_mean_abs_change,trajectory,"pre-cutoff daily rates, slopes and momentum",team 1 minus team 2,132,-1,training-fold preprocessing; unavailable/zero columns audited,no current/future tournament outcomes,candidate; requires ablation
diff_research_trajectory_season_ftr_late_volatility,trajectory,"pre-cutoff daily rates, slopes and momentum",team 1 minus team 2,132,-1,training-fold preprocessing; unavailable/zero columns audited,no current/future tournament outcomes,candidate; requires ablation
diff_research_trajectory_season_opp_ftr_slope_day,trajectory,"pre-cutoff daily rates, slopes and momentum",team 1 minus team 2,132,-1,training-fold preprocessing; unavailable/zero columns audited,no current/future tournament outcomes,candidate; requires ablation
diff_research_trajectory_season_opp_ftr_recent_change,trajectory,"pre-cutoff daily rates, slopes and momentum",team 1 minus team 2,132,-1,training-fold preprocessing; unavailable/zero columns audited,no current/future tournament outcomes,candidate; requires ablation
diff_research_trajectory_season_opp_ftr_acceleration,trajectory,"pre-cutoff daily rates, slopes and momentum",team 1 minus team 2,132,-1,training-fold preprocessing; unavailable/zero columns audited,no current/future tournament outcomes,candidate; requires ablation
diff_research_trajectory_season_opp_ftr_mean_abs_change,trajectory,"pre-cutoff daily rates, slopes and momentum",team 1 minus team 2,132,-1,training-fold preprocessing; unavailable/zero columns audited,no current/future tournament outcomes,candidate; requires ablation
diff_research_trajectory_season_opp_ftr_late_volatility,trajectory,"pre-cutoff daily rates, slopes and momentum",team 1 minus team 2,132,-1,training-fold preprocessing; unavailable/zero columns audited,no current/future tournament outcomes,candidate; requires ablation
diff_research_trajectory_season_three_share_slope_day,trajectory,"pre-cutoff daily rates, slopes and momentum",team 1 minus team 2,132,-1,training-fold preprocessing; unavailable/zero columns audited,no current/future tournament outcomes,candidate; requires ablation
diff_research_trajectory_season_three_share_recent_change,trajectory,"pre-cutoff daily rates, slopes and momentum",team 1 minus team 2,132,-1,training-fold preprocessing; unavailable/zero columns audited,no current/future tournament outcomes,candidate; requires ablation
diff_research_trajectory_season_three_share_acceleration,trajectory,"pre-cutoff daily rates, slopes and momentum",team 1 minus team 2,132,-1,training-fold preprocessing; unavailable/zero columns audited,no current/future tournament outcomes,candidate; requires ablation
diff_research_trajectory_season_three_share_mean_abs_change,trajectory,"pre-cutoff daily rates, slopes and momentum",team 1 minus team 2,132,-1,training-fold preprocessing; unavailable/zero columns audited,no current/future tournament outcomes,candidate; requires ablation
diff_research_trajectory_season_three_share_late_volatility,trajectory,"pre-cutoff daily rates, slopes and momentum",team 1 minus team 2,132,-1,training-fold preprocessing; unavailable/zero columns audited,no current/future tournament outcomes,candidate; requires ablation
diff_research_trajectory_season_opp_three_share_slope_day,trajectory,"pre-cutoff daily rates, slopes and momentum",team 1 minus team 2,132,-1,training-fold preprocessing; unavailable/zero columns audited,no current/future tournament outcomes,candidate; requires ablation
diff_research_trajectory_season_opp_three_share_recent_change,trajectory,"pre-cutoff daily rates, slopes and momentum",team 1 minus team 2,132,-1,training-fold preprocessing; unavailable/zero columns audited,no current/future tournament outcomes,candidate; requires ablation
diff_research_trajectory_season_opp_three_share_acceleration,trajectory,"pre-cutoff daily rates, slopes and momentum",team 1 minus team 2,132,-1,training-fold preprocessing; unavailable/zero columns audited,no current/future tournament outcomes,candidate; requires ablation
diff_research_trajectory_season_opp_three_share_mean_abs_change,trajectory,"pre-cutoff daily rates, slopes and momentum",team 1 minus team 2,132,-1,training-fold preprocessing; unavailable/zero columns audited,no current/future tournament outcomes,candidate; requires ablation
diff_research_trajectory_season_opp_three_share_late_volatility,trajectory,"pre-cutoff daily rates, slopes and momentum",team 1 minus team 2,132,-1,training-fold preprocessing; unavailable/zero columns audited,no current/future tournament outcomes,candidate; requires ablation
diff_research_trajectory_season_three_accuracy_slope_day,trajectory,"pre-cutoff daily rates, slopes and momentum",team 1 minus team 2,132,-1,training-fold preprocessing; unavailable/zero columns audited,no current/future tournament outcomes,candidate; requires ablation
diff_research_trajectory_season_three_accuracy_recent_change,trajectory,"pre-cutoff daily rates, slopes and momentum",team 1 minus team 2,132,-1,training-fold preprocessing; unavailable/zero columns audited,no current/future tournament outcomes,candidate; requires ablation
diff_research_trajectory_season_three_accuracy_acceleration,trajectory,"pre-cutoff daily rates, slopes and momentum",team 1 minus team 2,132,-1,training-fold preprocessing; unavailable/zero columns audited,no current/future tournament outcomes,candidate; requires ablation
diff_research_trajectory_season_three_accuracy_mean_abs_change,trajectory,"pre-cutoff daily rates, slopes and momentum",team 1 minus team 2,132,-1,training-fold preprocessing; unavailable/zero columns audited,no current/future tournament outcomes,candidate; requires ablation
diff_research_trajectory_season_three_accuracy_late_volatility,trajectory,"pre-cutoff daily rates, slopes and momentum",team 1 minus team 2,132,-1,training-fold preprocessing; unavailable/zero columns audited,no current/future tournament outcomes,candidate; requires ablation
diff_research_trajectory_season_opp_three_accuracy_slope_day,trajectory,"pre-cutoff daily rates, slopes and momentum",team 1 minus team 2,132,-1,training-fold preprocessing; unavailable/zero columns audited,no current/future tournament outcomes,candidate; requires ablation
diff_research_trajectory_season_opp_three_accuracy_recent_change,trajectory,"pre-cutoff daily rates, slopes and momentum",team 1 minus team 2,132,-1,training-fold preprocessing; unavailable/zero columns audited,no current/future tournament outcomes,candidate; requires ablation
diff_research_trajectory_season_opp_three_accuracy_acceleration,trajectory,"pre-cutoff daily rates, slopes and momentum",team 1 minus team 2,132,-1,training-fold preprocessing; unavailable/zero columns audited,no current/future tournament outcomes,candidate; requires ablation
diff_research_trajectory_season_opp_three_accuracy_mean_abs_change,trajectory,"pre-cutoff daily rates, slopes and momentum",team 1 minus team 2,132,-1,training-fold preprocessing; unavailable/zero columns audited,no current/future tournament outcomes,candidate; requires ablation
diff_research_trajectory_season_opp_three_accuracy_late_volatility,trajectory,"pre-cutoff daily rates, slopes and momentum",team 1 minus team 2,132,-1,training-fold preprocessing; unavailable/zero columns audited,no current/future tournament outcomes,candidate; requires ablation
diff_research_trajectory_season_two_accuracy_slope_day,trajectory,"pre-cutoff daily rates, slopes and momentum",team 1 minus team 2,132,-1,training-fold preprocessing; unavailable/zero columns audited,no current/future tournament outcomes,candidate; requires ablation
diff_research_trajectory_season_two_accuracy_recent_change,trajectory,"pre-cutoff daily rates, slopes and momentum",team 1 minus team 2,132,-1,training-fold preprocessing; unavailable/zero columns audited,no current/future tournament outcomes,candidate; requires ablation
diff_research_trajectory_season_two_accuracy_acceleration,trajectory,"pre-cutoff daily rates, slopes and momentum",team 1 minus team 2,132,-1,training-fold preprocessing; unavailable/zero columns audited,no current/future tournament outcomes,candidate; requires ablation
diff_research_trajectory_season_two_accuracy_mean_abs_change,trajectory,"pre-cutoff daily rates, slopes and momentum",team 1 minus team 2,132,-1,training-fold preprocessing; unavailable/zero columns audited,no current/future tournament outcomes,candidate; requires ablation
diff_research_trajectory_season_two_accuracy_late_volatility,trajectory,"pre-cutoff daily rates, slopes and momentum",team 1 minus team 2,132,-1,training-fold preprocessing; unavailable/zero columns audited,no current/future tournament outcomes,candidate; requires ablation
diff_research_trajectory_season_opp_two_accuracy_slope_day,trajectory,"pre-cutoff daily rates, slopes and momentum",team 1 minus team 2,132,-1,training-fold preprocessing; unavailable/zero columns audited,no current/future tournament outcomes,candidate; requires ablation
diff_research_trajectory_season_opp_two_accuracy_recent_change,trajectory,"pre-cutoff daily rates, slopes and momentum",team 1 minus team 2,132,-1,training-fold preprocessing; unavailable/zero columns audited,no current/future tournament outcomes,candidate; requires ablation
diff_research_trajectory_season_opp_two_accuracy_acceleration,trajectory,"pre-cutoff daily rates, slopes and momentum",team 1 minus team 2,132,-1,training-fold preprocessing; unavailable/zero columns audited,no current/future tournament outcomes,candidate; requires ablation
diff_research_trajectory_season_opp_two_accuracy_mean_abs_change,trajectory,"pre-cutoff daily rates, slopes and momentum",team 1 minus team 2,132,-1,training-fold preprocessing; unavailable/zero columns audited,no current/future tournament outcomes,candidate; requires ablation
diff_research_trajectory_season_opp_two_accuracy_late_volatility,trajectory,"pre-cutoff daily rates, slopes and momentum",team 1 minus team 2,132,-1,training-fold preprocessing; unavailable/zero columns audited,no current/future tournament outcomes,candidate; requires ablation
diff_research_trajectory_season_free_accuracy_slope_day,trajectory,"pre-cutoff daily rates, slopes and momentum",team 1 minus team 2,132,-1,training-fold preprocessing; unavailable/zero columns audited,no current/future tournament outcomes,candidate; requires ablation
diff_research_trajectory_season_free_accuracy_recent_change,trajectory,"pre-cutoff daily rates, slopes and momentum",team 1 minus team 2,132,-1,training-fold preprocessing; unavailable/zero columns audited,no current/future tournament outcomes,candidate; requires ablation
diff_research_trajectory_season_free_accuracy_acceleration,trajectory,"pre-cutoff daily rates, slopes and momentum",team 1 minus team 2,132,-1,training-fold preprocessing; unavailable/zero columns audited,no current/future tournament outcomes,candidate; requires ablation
diff_research_trajectory_season_free_accuracy_mean_abs_change,trajectory,"pre-cutoff daily rates, slopes and momentum",team 1 minus team 2,132,-1,training-fold preprocessing; unavailable/zero columns audited,no current/future tournament outcomes,candidate; requires ablation
diff_research_trajectory_season_free_accuracy_late_volatility,trajectory,"pre-cutoff daily rates, slopes and momentum",team 1 minus team 2,132,-1,training-fold preprocessing; unavailable/zero columns audited,no current/future tournament outcomes,candidate; requires ablation
diff_research_trajectory_season_opp_free_accuracy_slope_day,trajectory,"pre-cutoff daily rates, slopes and momentum",team 1 minus team 2,132,-1,training-fold preprocessing; unavailable/zero columns audited,no current/future tournament outcomes,candidate; requires ablation
diff_research_trajectory_season_opp_free_accuracy_recent_change,trajectory,"pre-cutoff daily rates, slopes and momentum",team 1 minus team 2,132,-1,training-fold preprocessing; unavailable/zero columns audited,no current/future tournament outcomes,candidate; requires ablation
diff_research_trajectory_season_opp_free_accuracy_acceleration,trajectory,"pre-cutoff daily rates, slopes and momentum",team 1 minus team 2,132,-1,training-fold preprocessing; unavailable/zero columns audited,no current/future tournament outcomes,candidate; requires ablation
diff_research_trajectory_season_opp_free_accuracy_mean_abs_change,trajectory,"pre-cutoff daily rates, slopes and momentum",team 1 minus team 2,132,-1,training-fold preprocessing; unavailable/zero columns audited,no current/future tournament outcomes,candidate; requires ablation
diff_research_trajectory_season_opp_free_accuracy_late_volatility,trajectory,"pre-cutoff daily rates, slopes and momentum",team 1 minus team 2,132,-1,training-fold preprocessing; unavailable/zero columns audited,no current/future tournament outcomes,candidate; requires ablation
diff_research_trajectory_season_rebound_share_slope_day,trajectory,"pre-cutoff daily rates, slopes and momentum",team 1 minus team 2,132,-1,training-fold preprocessing; unavailable/zero columns audited,no current/future tournament outcomes,candidate; requires ablation
diff_research_trajectory_season_rebound_share_recent_change,trajectory,"pre-cutoff daily rates, slopes and momentum",team 1 minus team 2,132,-1,training-fold preprocessing; unavailable/zero columns audited,no current/future tournament outcomes,candidate; requires ablation
diff_research_trajectory_season_rebound_share_acceleration,trajectory,"pre-cutoff daily rates, slopes and momentum",team 1 minus team 2,132,-1,training-fold preprocessing; unavailable/zero columns audited,no current/future tournament outcomes,candidate; requires ablation
diff_research_trajectory_season_rebound_share_mean_abs_change,trajectory,"pre-cutoff daily rates, slopes and momentum",team 1 minus team 2,132,-1,training-fold preprocessing; unavailable/zero columns audited,no current/future tournament outcomes,candidate; requires ablation
diff_research_trajectory_season_rebound_share_late_volatility,trajectory,"pre-cutoff daily rates, slopes and momentum",team 1 minus team 2,132,-1,training-fold preprocessing; unavailable/zero columns audited,no current/future tournament outcomes,candidate; requires ablation
diff_research_trajectory_season_opp_rebound_share_slope_day,trajectory,"pre-cutoff daily rates, slopes and momentum",team 1 minus team 2,132,-1,training-fold preprocessing; unavailable/zero columns audited,no current/future tournament outcomes,candidate; requires ablation
diff_research_trajectory_season_opp_rebound_share_recent_change,trajectory,"pre-cutoff daily rates, slopes and momentum",team 1 minus team 2,132,-1,training-fold preprocessing; unavailable/zero columns audited,no current/future tournament outcomes,candidate; requires ablation
diff_research_trajectory_season_opp_rebound_share_acceleration,trajectory,"pre-cutoff daily rates, slopes and momentum",team 1 minus team 2,132,-1,training-fold preprocessing; unavailable/zero columns audited,no current/future tournament outcomes,candidate; requires ablation
diff_research_trajectory_season_opp_rebound_share_mean_abs_change,trajectory,"pre-cutoff daily rates, slopes and momentum",team 1 minus team 2,132,-1,training-fold preprocessing; unavailable/zero columns audited,no current/future tournament outcomes,candidate; requires ablation
diff_research_trajectory_season_opp_rebound_share_late_volatility,trajectory,"pre-cutoff daily rates, slopes and momentum",team 1 minus team 2,132,-1,training-fold preprocessing; unavailable/zero columns audited,no current/future tournament outcomes,candidate; requires ablation
diff_research_trajectory_season_shot_volume_slope_day,trajectory,"pre-cutoff daily rates, slopes and momentum",team 1 minus team 2,132,-1,training-fold preprocessing; unavailable/zero columns audited,no current/future tournament outcomes,candidate; requires ablation
diff_research_trajectory_season_shot_volume_recent_change,trajectory,"pre-cutoff daily rates, slopes and momentum",team 1 minus team 2,132,-1,training-fold preprocessing; unavailable/zero columns audited,no current/future tournament outcomes,candidate; requires ablation
diff_research_trajectory_season_shot_volume_acceleration,trajectory,"pre-cutoff daily rates, slopes and momentum",team 1 minus team 2,132,-1,training-fold preprocessing; unavailable/zero columns audited,no current/future tournament outcomes,candidate; requires ablation
diff_research_trajectory_season_shot_volume_mean_abs_change,trajectory,"pre-cutoff daily rates, slopes and momentum",team 1 minus team 2,132,-1,training-fold preprocessing; unavailable/zero columns audited,no current/future tournament outcomes,candidate; requires ablation
diff_research_trajectory_season_shot_volume_late_volatility,trajectory,"pre-cutoff daily rates, slopes and momentum",team 1 minus team 2,132,-1,training-fold preprocessing; unavailable/zero columns audited,no current/future tournament outcomes,candidate; requires ablation
diff_research_trajectory_season_opp_shot_volume_slope_day,trajectory,"pre-cutoff daily rates, slopes and momentum",team 1 minus team 2,132,-1,training-fold preprocessing; unavailable/zero columns audited,no current/future tournament outcomes,candidate; requires ablation
diff_research_trajectory_season_opp_shot_volume_recent_change,trajectory,"pre-cutoff daily rates, slopes and momentum",team 1 minus team 2,132,-1,training-fold preprocessing; unavailable/zero columns audited,no current/future tournament outcomes,candidate; requires ablation
diff_research_trajectory_season_opp_shot_volume_acceleration,trajectory,"pre-cutoff daily rates, slopes and momentum",team 1 minus team 2,132,-1,training-fold preprocessing; unavailable/zero columns audited,no current/future tournament outcomes,candidate; requires ablation
diff_research_trajectory_season_opp_shot_volume_mean_abs_change,trajectory,"pre-cutoff daily rates, slopes and momentum",team 1 minus team 2,132,-1,training-fold preprocessing; unavailable/zero columns audited,no current/future tournament outcomes,candidate; requires ablation
diff_research_trajectory_season_opp_shot_volume_late_volatility,trajectory,"pre-cutoff daily rates, slopes and momentum",team 1 minus team 2,132,-1,training-fold preprocessing; unavailable/zero columns audited,no current/future tournament outcomes,candidate; requires ablation
diff_research_trajectory_season_free_points_share_slope_day,trajectory,"pre-cutoff daily rates, slopes and momentum",team 1 minus team 2,132,-1,training-fold preprocessing; unavailable/zero columns audited,no current/future tournament outcomes,candidate; requires ablation
diff_research_trajectory_season_free_points_share_recent_change,trajectory,"pre-cutoff daily rates, slopes and momentum",team 1 minus team 2,132,-1,training-fold preprocessing; unavailable/zero columns audited,no current/future tournament outcomes,candidate; requires ablation
diff_research_trajectory_season_free_points_share_acceleration,trajectory,"pre-cutoff daily rates, slopes and momentum",team 1 minus team 2,132,-1,training-fold preprocessing; unavailable/zero columns audited,no current/future tournament outcomes,candidate; requires ablation
diff_research_trajectory_season_free_points_share_mean_abs_change,trajectory,"pre-cutoff daily rates, slopes and momentum",team 1 minus team 2,132,-1,training-fold preprocessing; unavailable/zero columns audited,no current/future tournament outcomes,candidate; requires ablation
diff_research_trajectory_season_free_points_share_late_volatility,trajectory,"pre-cutoff daily rates, slopes and momentum",team 1 minus team 2,132,-1,training-fold preprocessing; unavailable/zero columns audited,no current/future tournament outcomes,candidate; requires ablation
diff_research_trajectory_season_opp_free_points_share_slope_day,trajectory,"pre-cutoff daily rates, slopes and momentum",team 1 minus team 2,132,-1,training-fold preprocessing; unavailable/zero columns audited,no current/future tournament outcomes,candidate; requires ablation
diff_research_trajectory_season_opp_free_points_share_recent_change,trajectory,"pre-cutoff daily rates, slopes and momentum",team 1 minus team 2,132,-1,training-fold preprocessing; unavailable/zero columns audited,no current/future tournament outcomes,candidate; requires ablation
diff_research_trajectory_season_opp_free_points_share_acceleration,trajectory,"pre-cutoff daily rates, slopes and momentum",team 1 minus team 2,132,-1,training-fold preprocessing; unavailable/zero columns audited,no current/future tournament outcomes,candidate; requires ablation
diff_research_trajectory_season_opp_free_points_share_mean_abs_change,trajectory,"pre-cutoff daily rates, slopes and momentum",team 1 minus team 2,132,-1,training-fold preprocessing; unavailable/zero columns audited,no current/future tournament outcomes,candidate; requires ablation
diff_research_trajectory_season_opp_free_points_share_late_volatility,trajectory,"pre-cutoff daily rates, slopes and momentum",team 1 minus team 2,132,-1,training-fold preprocessing; unavailable/zero columns audited,no current/future tournament outcomes,candidate; requires ablation
diff_research_trajectory_season_three_points_share_slope_day,trajectory,"pre-cutoff daily rates, slopes and momentum",team 1 minus team 2,132,-1,training-fold preprocessing; unavailable/zero columns audited,no current/future tournament outcomes,candidate; requires ablation
diff_research_trajectory_season_three_points_share_recent_change,trajectory,"pre-cutoff daily rates, slopes and momentum",team 1 minus team 2,132,-1,training-fold preprocessing; unavailable/zero columns audited,no current/future tournament outcomes,candidate; requires ablation
diff_research_trajectory_season_three_points_share_acceleration,trajectory,"pre-cutoff daily rates, slopes and momentum",team 1 minus team 2,132,-1,training-fold preprocessing; unavailable/zero columns audited,no current/future tournament outcomes,candidate; requires ablation
diff_research_trajectory_season_three_points_share_mean_abs_change,trajectory,"pre-cutoff daily rates, slopes and momentum",team 1 minus team 2,132,-1,training-fold preprocessing; unavailable/zero columns audited,no current/future tournament outcomes,candidate; requires ablation
diff_research_trajectory_season_three_points_share_late_volatility,trajectory,"pre-cutoff daily rates, slopes and momentum",team 1 minus team 2,132,-1,training-fold preprocessing; unavailable/zero columns audited,no current/future tournament outcomes,candidate; requires ablation
diff_research_trajectory_season_opp_three_points_share_slope_day,trajectory,"pre-cutoff daily rates, slopes and momentum",team 1 minus team 2,132,-1,training-fold preprocessing; unavailable/zero columns audited,no current/future tournament outcomes,candidate; requires ablation
diff_research_trajectory_season_opp_three_points_share_recent_change,trajectory,"pre-cutoff daily rates, slopes and momentum",team 1 minus team 2,132,-1,training-fold preprocessing; unavailable/zero columns audited,no current/future tournament outcomes,candidate; requires ablation
diff_research_trajectory_season_opp_three_points_share_acceleration,trajectory,"pre-cutoff daily rates, slopes and momentum",team 1 minus team 2,132,-1,training-fold preprocessing; unavailable/zero columns audited,no current/future tournament outcomes,candidate; requires ablation
diff_research_trajectory_season_opp_three_points_share_mean_abs_change,trajectory,"pre-cutoff daily rates, slopes and momentum",team 1 minus team 2,132,-1,training-fold preprocessing; unavailable/zero columns audited,no current/future tournament outcomes,candidate; requires ablation
diff_research_trajectory_season_opp_three_points_share_late_volatility,trajectory,"pre-cutoff daily rates, slopes and momentum",team 1 minus team 2,132,-1,training-fold preprocessing; unavailable/zero columns audited,no current/future tournament outcomes,candidate; requires ablation
diff_research_trajectory_season_possession_gap_slope_day,trajectory,"pre-cutoff daily rates, slopes and momentum",team 1 minus team 2,132,-1,training-fold preprocessing; unavailable/zero columns audited,no current/future tournament outcomes,candidate; requires ablation
diff_research_trajectory_season_possession_gap_recent_change,trajectory,"pre-cutoff daily rates, slopes and momentum",team 1 minus team 2,132,-1,training-fold preprocessing; unavailable/zero columns audited,no current/future tournament outcomes,candidate; requires ablation
diff_research_trajectory_season_possession_gap_acceleration,trajectory,"pre-cutoff daily rates, slopes and momentum",team 1 minus team 2,132,-1,training-fold preprocessing; unavailable/zero columns audited,no current/future tournament outcomes,candidate; requires ablation
diff_research_trajectory_season_possession_gap_mean_abs_change,trajectory,"pre-cutoff daily rates, slopes and momentum",team 1 minus team 2,132,-1,training-fold preprocessing; unavailable/zero columns audited,no current/future tournament outcomes,candidate; requires ablation
diff_research_trajectory_season_possession_gap_late_volatility,trajectory,"pre-cutoff daily rates, slopes and momentum",team 1 minus team 2,132,-1,training-fold preprocessing; unavailable/zero columns audited,no current/future tournament outcomes,candidate; requires ablation
diff_research_trajectory_season_win_slope_day,trajectory,"pre-cutoff daily rates, slopes and momentum",team 1 minus team 2,132,-1,training-fold preprocessing; unavailable/zero columns audited,no current/future tournament outcomes,candidate; requires ablation
diff_research_trajectory_season_win_recent_change,trajectory,"pre-cutoff daily rates, slopes and momentum",team 1 minus team 2,132,-1,training-fold preprocessing; unavailable/zero columns audited,no current/future tournament outcomes,candidate; requires ablation
diff_research_trajectory_season_win_acceleration,trajectory,"pre-cutoff daily rates, slopes and momentum",team 1 minus team 2,132,-1,training-fold preprocessing; unavailable/zero columns audited,no current/future tournament outcomes,candidate; requires ablation
diff_research_trajectory_season_win_mean_abs_change,trajectory,"pre-cutoff daily rates, slopes and momentum",team 1 minus team 2,132,-1,training-fold preprocessing; unavailable/zero columns audited,no current/future tournament outcomes,candidate; requires ablation
diff_research_trajectory_season_win_late_volatility,trajectory,"pre-cutoff daily rates, slopes and momentum",team 1 minus team 2,132,-1,training-fold preprocessing; unavailable/zero columns audited,no current/future tournament outcomes,candidate; requires ablation
diff_research_peer_season_margin_percentile,peer_profile,same-season pre-cutoff peer ranks and normalization,team 1 minus team 2,132,-1,training-fold preprocessing; unavailable/zero columns audited,no current/future tournament outcomes,candidate; requires ablation
diff_research_peer_season_margin_zscore,peer_profile,same-season pre-cutoff peer ranks and normalization,team 1 minus team 2,132,-1,training-fold preprocessing; unavailable/zero columns audited,no current/future tournament outcomes,candidate; requires ablation
diff_research_peer_season_margin_recent_percentile,peer_profile,same-season pre-cutoff peer ranks and normalization,team 1 minus team 2,132,-1,training-fold preprocessing; unavailable/zero columns audited,no current/future tournament outcomes,candidate; requires ablation
diff_research_peer_season_margin_consistency_percentile,peer_profile,same-season pre-cutoff peer ranks and normalization,team 1 minus team 2,132,-1,training-fold preprocessing; unavailable/zero columns audited,no current/future tournament outcomes,candidate; requires ablation
diff_research_peer_season_points_percentile,peer_profile,same-season pre-cutoff peer ranks and normalization,team 1 minus team 2,132,-1,training-fold preprocessing; unavailable/zero columns audited,no current/future tournament outcomes,candidate; requires ablation
diff_research_peer_season_points_zscore,peer_profile,same-season pre-cutoff peer ranks and normalization,team 1 minus team 2,132,-1,training-fold preprocessing; unavailable/zero columns audited,no current/future tournament outcomes,candidate; requires ablation
diff_research_peer_season_points_recent_percentile,peer_profile,same-season pre-cutoff peer ranks and normalization,team 1 minus team 2,132,-1,training-fold preprocessing; unavailable/zero columns audited,no current/future tournament outcomes,candidate; requires ablation
diff_research_peer_season_points_consistency_percentile,peer_profile,same-season pre-cutoff peer ranks and normalization,team 1 minus team 2,132,-1,training-fold preprocessing; unavailable/zero columns audited,no current/future tournament outcomes,candidate; requires ablation
diff_research_peer_season_allowed_percentile,peer_profile,same-season pre-cutoff peer ranks and normalization,team 1 minus team 2,132,-1,training-fold preprocessing; unavailable/zero columns audited,no current/future tournament outcomes,candidate; requires ablation
diff_research_peer_season_allowed_zscore,peer_profile,same-season pre-cutoff peer ranks and normalization,team 1 minus team 2,132,-1,training-fold preprocessing; unavailable/zero columns audited,no current/future tournament outcomes,candidate; requires ablation
diff_research_peer_season_allowed_recent_percentile,peer_profile,same-season pre-cutoff peer ranks and normalization,team 1 minus team 2,132,-1,training-fold preprocessing; unavailable/zero columns audited,no current/future tournament outcomes,candidate; requires ablation
diff_research_peer_season_allowed_consistency_percentile,peer_profile,same-season pre-cutoff peer ranks and normalization,team 1 minus team 2,132,-1,training-fold preprocessing; unavailable/zero columns audited,no current/future tournament outcomes,candidate; requires ablation
diff_research_peer_season_efficiency_percentile,peer_profile,same-season pre-cutoff peer ranks and normalization,team 1 minus team 2,132,-1,training-fold preprocessing; unavailable/zero columns audited,no current/future tournament outcomes,candidate; requires ablation
diff_research_peer_season_efficiency_zscore,peer_profile,same-season pre-cutoff peer ranks and normalization,team 1 minus team 2,132,-1,training-fold preprocessing; unavailable/zero columns audited,no current/future tournament outcomes,candidate; requires ablation
diff_research_peer_season_efficiency_recent_percentile,peer_profile,same-season pre-cutoff peer ranks and normalization,team 1 minus team 2,132,-1,training-fold preprocessing; unavailable/zero columns audited,no current/future tournament outcomes,candidate; requires ablation
diff_research_peer_season_efficiency_consistency_percentile,peer_profile,same-season pre-cutoff peer ranks and normalization,team 1 minus team 2,132,-1,training-fold preprocessing; unavailable/zero columns audited,no current/future tournament outcomes,candidate; requires ablation
diff_research_peer_season_allowed_efficiency_percentile,peer_profile,same-season pre-cutoff peer ranks and normalization,team 1 minus team 2,132,-1,training-fold preprocessing; unavailable/zero columns audited,no current/future tournament outcomes,candidate; requires ablation
diff_research_peer_season_allowed_efficiency_zscore,peer_profile,same-season pre-cutoff peer ranks and normalization,team 1 minus team 2,132,-1,training-fold preprocessing; unavailable/zero columns audited,no current/future tournament outcomes,candidate; requires ablation
diff_research_peer_season_allowed_efficiency_recent_percentile,peer_profile,same-season pre-cutoff peer ranks and normalization,team 1 minus team 2,132,-1,training-fold preprocessing; unavailable/zero columns audited,no current/future tournament outcomes,candidate; requires ablation
diff_research_peer_season_allowed_efficiency_consistency_percentile,peer_profile,same-season pre-cutoff peer ranks and normalization,team 1 minus team 2,132,-1,training-fold preprocessing; unavailable/zero columns audited,no current/future tournament outcomes,candidate; requires ablation
diff_research_peer_season_tempo_percentile,peer_profile,same-season pre-cutoff peer ranks and normalization,team 1 minus team 2,132,-1,training-fold preprocessing; unavailable/zero columns audited,no current/future tournament outcomes,candidate; requires ablation
diff_research_peer_season_tempo_zscore,peer_profile,same-season pre-cutoff peer ranks and normalization,team 1 minus team 2,132,-1,training-fold preprocessing; unavailable/zero columns audited,no current/future tournament outcomes,candidate; requires ablation
diff_research_peer_season_tempo_recent_percentile,peer_profile,same-season pre-cutoff peer ranks and normalization,team 1 minus team 2,132,-1,training-fold preprocessing; unavailable/zero columns audited,no current/future tournament outcomes,candidate; requires ablation
diff_research_peer_season_tempo_consistency_percentile,peer_profile,same-season pre-cutoff peer ranks and normalization,team 1 minus team 2,132,-1,training-fold preprocessing; unavailable/zero columns audited,no current/future tournament outcomes,candidate; requires ablation
diff_research_peer_season_efg_percentile,peer_profile,same-season pre-cutoff peer ranks and normalization,team 1 minus team 2,132,-1,training-fold preprocessing; unavailable/zero columns audited,no current/future tournament outcomes,candidate; requires ablation
diff_research_peer_season_efg_zscore,peer_profile,same-season pre-cutoff peer ranks and normalization,team 1 minus team 2,132,-1,training-fold preprocessing; unavailable/zero columns audited,no current/future tournament outcomes,candidate; requires ablation
diff_research_peer_season_efg_recent_percentile,peer_profile,same-season pre-cutoff peer ranks and normalization,team 1 minus team 2,132,-1,training-fold preprocessing; unavailable/zero columns audited,no current/future tournament outcomes,candidate; requires ablation
diff_research_peer_season_efg_consistency_percentile,peer_profile,same-season pre-cutoff peer ranks and normalization,team 1 minus team 2,132,-1,training-fold preprocessing; unavailable/zero columns audited,no current/future tournament outcomes,candidate; requires ablation
diff_research_peer_season_opp_efg_percentile,peer_profile,same-season pre-cutoff peer ranks and normalization,team 1 minus team 2,132,-1,training-fold preprocessing; unavailable/zero columns audited,no current/future tournament outcomes,candidate; requires ablation
diff_research_peer_season_opp_efg_zscore,peer_profile,same-season pre-cutoff peer ranks and normalization,team 1 minus team 2,132,-1,training-fold preprocessing; unavailable/zero columns audited,no current/future tournament outcomes,candidate; requires ablation
diff_research_peer_season_opp_efg_recent_percentile,peer_profile,same-season pre-cutoff peer ranks and normalization,team 1 minus team 2,132,-1,training-fold preprocessing; unavailable/zero columns audited,no current/future tournament outcomes,candidate; requires ablation
diff_research_peer_season_opp_efg_consistency_percentile,peer_profile,same-season pre-cutoff peer ranks and normalization,team 1 minus team 2,132,-1,training-fold preprocessing; unavailable/zero columns audited,no current/future tournament outcomes,candidate; requires ablation
diff_research_peer_season_tov_percentile,peer_profile,same-season pre-cutoff peer ranks and normalization,team 1 minus team 2,132,-1,training-fold preprocessing; unavailable/zero columns audited,no current/future tournament outcomes,candidate; requires ablation
diff_research_peer_season_tov_zscore,peer_profile,same-season pre-cutoff peer ranks and normalization,team 1 minus team 2,132,-1,training-fold preprocessing; unavailable/zero columns audited,no current/future tournament outcomes,candidate; requires ablation
diff_research_peer_season_tov_recent_percentile,peer_profile,same-season pre-cutoff peer ranks and normalization,team 1 minus team 2,132,-1,training-fold preprocessing; unavailable/zero columns audited,no current/future tournament outcomes,candidate; requires ablation
diff_research_peer_season_tov_consistency_percentile,peer_profile,same-season pre-cutoff peer ranks and normalization,team 1 minus team 2,132,-1,training-fold preprocessing; unavailable/zero columns audited,no current/future tournament outcomes,candidate; requires ablation
diff_research_peer_season_opp_tov_percentile,peer_profile,same-season pre-cutoff peer ranks and normalization,team 1 minus team 2,132,-1,training-fold preprocessing; unavailable/zero columns audited,no current/future tournament outcomes,candidate; requires ablation
diff_research_peer_season_opp_tov_zscore,peer_profile,same-season pre-cutoff peer ranks and normalization,team 1 minus team 2,132,-1,training-fold preprocessing; unavailable/zero columns audited,no current/future tournament outcomes,candidate; requires ablation
diff_research_peer_season_opp_tov_recent_percentile,peer_profile,same-season pre-cutoff peer ranks and normalization,team 1 minus team 2,132,-1,training-fold preprocessing; unavailable/zero columns audited,no current/future tournament outcomes,candidate; requires ablation
diff_research_peer_season_opp_tov_consistency_percentile,peer_profile,same-season pre-cutoff peer ranks and normalization,team 1 minus team 2,132,-1,training-fold preprocessing; unavailable/zero columns audited,no current/future tournament outcomes,candidate; requires ablation
diff_research_peer_season_orb_percentile,peer_profile,same-season pre-cutoff peer ranks and normalization,team 1 minus team 2,132,-1,training-fold preprocessing; unavailable/zero columns audited,no current/future tournament outcomes,candidate; requires ablation
diff_research_peer_season_orb_zscore,peer_profile,same-season pre-cutoff peer ranks and normalization,team 1 minus team 2,132,-1,training-fold preprocessing; unavailable/zero columns audited,no current/future tournament outcomes,candidate; requires ablation
diff_research_peer_season_orb_recent_percentile,peer_profile,same-season pre-cutoff peer ranks and normalization,team 1 minus team 2,132,-1,training-fold preprocessing; unavailable/zero columns audited,no current/future tournament outcomes,candidate; requires ablation
diff_research_peer_season_orb_consistency_percentile,peer_profile,same-season pre-cutoff peer ranks and normalization,team 1 minus team 2,132,-1,training-fold preprocessing; unavailable/zero columns audited,no current/future tournament outcomes,candidate; requires ablation
diff_research_peer_season_opp_orb_percentile,peer_profile,same-season pre-cutoff peer ranks and normalization,team 1 minus team 2,132,-1,training-fold preprocessing; unavailable/zero columns audited,no current/future tournament outcomes,candidate; requires ablation
diff_research_peer_season_opp_orb_zscore,peer_profile,same-season pre-cutoff peer ranks and normalization,team 1 minus team 2,132,-1,training-fold preprocessing; unavailable/zero columns audited,no current/future tournament outcomes,candidate; requires ablation
diff_research_peer_season_opp_orb_recent_percentile,peer_profile,same-season pre-cutoff peer ranks and normalization,team 1 minus team 2,132,-1,training-fold preprocessing; unavailable/zero columns audited,no current/future tournament outcomes,candidate; requires ablation
diff_research_peer_season_opp_orb_consistency_percentile,peer_profile,same-season pre-cutoff peer ranks and normalization,team 1 minus team 2,132,-1,training-fold preprocessing; unavailable/zero columns audited,no current/future tournament outcomes,candidate; requires ablation
diff_research_peer_season_ftr_percentile,peer_profile,same-season pre-cutoff peer ranks and normalization,team 1 minus team 2,132,-1,training-fold preprocessing; unavailable/zero columns audited,no current/future tournament outcomes,candidate; requires ablation
diff_research_peer_season_ftr_zscore,peer_profile,same-season pre-cutoff peer ranks and normalization,team 1 minus team 2,132,-1,training-fold preprocessing; unavailable/zero columns audited,no current/future tournament outcomes,candidate; requires ablation
diff_research_peer_season_ftr_recent_percentile,peer_profile,same-season pre-cutoff peer ranks and normalization,team 1 minus team 2,132,-1,training-fold preprocessing; unavailable/zero columns audited,no current/future tournament outcomes,candidate; requires ablation
diff_research_peer_season_ftr_consistency_percentile,peer_profile,same-season pre-cutoff peer ranks and normalization,team 1 minus team 2,132,-1,training-fold preprocessing; unavailable/zero columns audited,no current/future tournament outcomes,candidate; requires ablation
diff_research_peer_season_opp_ftr_percentile,peer_profile,same-season pre-cutoff peer ranks and normalization,team 1 minus team 2,132,-1,training-fold preprocessing; unavailable/zero columns audited,no current/future tournament outcomes,candidate; requires ablation
diff_research_peer_season_opp_ftr_zscore,peer_profile,same-season pre-cutoff peer ranks and normalization,team 1 minus team 2,132,-1,training-fold preprocessing; unavailable/zero columns audited,no current/future tournament outcomes,candidate; requires ablation
diff_research_peer_season_opp_ftr_recent_percentile,peer_profile,same-season pre-cutoff peer ranks and normalization,team 1 minus team 2,132,-1,training-fold preprocessing; unavailable/zero columns audited,no current/future tournament outcomes,candidate; requires ablation
diff_research_peer_season_opp_ftr_consistency_percentile,peer_profile,same-season pre-cutoff peer ranks and normalization,team 1 minus team 2,132,-1,training-fold preprocessing; unavailable/zero columns audited,no current/future tournament outcomes,candidate; requires ablation
diff_research_peer_season_three_share_percentile,peer_profile,same-season pre-cutoff peer ranks and normalization,team 1 minus team 2,132,-1,training-fold preprocessing; unavailable/zero columns audited,no current/future tournament outcomes,candidate; requires ablation
diff_research_peer_season_three_share_zscore,peer_profile,same-season pre-cutoff peer ranks and normalization,team 1 minus team 2,132,-1,training-fold preprocessing; unavailable/zero columns audited,no current/future tournament outcomes,candidate; requires ablation
diff_research_peer_season_three_share_recent_percentile,peer_profile,same-season pre-cutoff peer ranks and normalization,team 1 minus team 2,132,-1,training-fold preprocessing; unavailable/zero columns audited,no current/future tournament outcomes,candidate; requires ablation
diff_research_peer_season_three_share_consistency_percentile,peer_profile,same-season pre-cutoff peer ranks and normalization,team 1 minus team 2,132,-1,training-fold preprocessing; unavailable/zero columns audited,no current/future tournament outcomes,candidate; requires ablation
diff_research_peer_season_opp_three_share_percentile,peer_profile,same-season pre-cutoff peer ranks and normalization,team 1 minus team 2,132,-1,training-fold preprocessing; unavailable/zero columns audited,no current/future tournament outcomes,candidate; requires ablation
diff_research_peer_season_opp_three_share_zscore,peer_profile,same-season pre-cutoff peer ranks and normalization,team 1 minus team 2,132,-1,training-fold preprocessing; unavailable/zero columns audited,no current/future tournament outcomes,candidate; requires ablation
diff_research_peer_season_opp_three_share_recent_percentile,peer_profile,same-season pre-cutoff peer ranks and normalization,team 1 minus team 2,132,-1,training-fold preprocessing; unavailable/zero columns audited,no current/future tournament outcomes,candidate; requires ablation
diff_research_peer_season_opp_three_share_consistency_percentile,peer_profile,same-season pre-cutoff peer ranks and normalization,team 1 minus team 2,132,-1,training-fold preprocessing; unavailable/zero columns audited,no current/future tournament outcomes,candidate; requires ablation
diff_research_peer_season_three_accuracy_percentile,peer_profile,same-season pre-cutoff peer ranks and normalization,team 1 minus team 2,132,-1,training-fold preprocessing; unavailable/zero columns audited,no current/future tournament outcomes,candidate; requires ablation
diff_research_peer_season_three_accuracy_zscore,peer_profile,same-season pre-cutoff peer ranks and normalization,team 1 minus team 2,132,-1,training-fold preprocessing; unavailable/zero columns audited,no current/future tournament outcomes,candidate; requires ablation
diff_research_peer_season_three_accuracy_recent_percentile,peer_profile,same-season pre-cutoff peer ranks and normalization,team 1 minus team 2,132,-1,training-fold preprocessing; unavailable/zero columns audited,no current/future tournament outcomes,candidate; requires ablation
diff_research_peer_season_three_accuracy_consistency_percentile,peer_profile,same-season pre-cutoff peer ranks and normalization,team 1 minus team 2,132,-1,training-fold preprocessing; unavailable/zero columns audited,no current/future tournament outcomes,candidate; requires ablation
diff_research_peer_season_opp_three_accuracy_percentile,peer_profile,same-season pre-cutoff peer ranks and normalization,team 1 minus team 2,132,-1,training-fold preprocessing; unavailable/zero columns audited,no current/future tournament outcomes,candidate; requires ablation
diff_research_peer_season_opp_three_accuracy_zscore,peer_profile,same-season pre-cutoff peer ranks and normalization,team 1 minus team 2,132,-1,training-fold preprocessing; unavailable/zero columns audited,no current/future tournament outcomes,candidate; requires ablation
diff_research_peer_season_opp_three_accuracy_recent_percentile,peer_profile,same-season pre-cutoff peer ranks and normalization,team 1 minus team 2,132,-1,training-fold preprocessing; unavailable/zero columns audited,no current/future tournament outcomes,candidate; requires ablation
diff_research_peer_season_opp_three_accuracy_consistency_percentile,peer_profile,same-season pre-cutoff peer ranks and normalization,team 1 minus team 2,132,-1,training-fold preprocessing; unavailable/zero columns audited,no current/future tournament outcomes,candidate; requires ablation
diff_research_peer_season_two_accuracy_percentile,peer_profile,same-season pre-cutoff peer ranks and normalization,team 1 minus team 2,132,-1,training-fold preprocessing; unavailable/zero columns audited,no current/future tournament outcomes,candidate; requires ablation
diff_research_peer_season_two_accuracy_zscore,peer_profile,same-season pre-cutoff peer ranks and normalization,team 1 minus team 2,132,-1,training-fold preprocessing; unavailable/zero columns audited,no current/future tournament outcomes,candidate; requires ablation
diff_research_peer_season_two_accuracy_recent_percentile,peer_profile,same-season pre-cutoff peer ranks and normalization,team 1 minus team 2,132,-1,training-fold preprocessing; unavailable/zero columns audited,no current/future tournament outcomes,candidate; requires ablation
diff_research_peer_season_two_accuracy_consistency_percentile,peer_profile,same-season pre-cutoff peer ranks and normalization,team 1 minus team 2,132,-1,training-fold preprocessing; unavailable/zero columns audited,no current/future tournament outcomes,candidate; requires ablation
diff_research_peer_season_opp_two_accuracy_percentile,peer_profile,same-season pre-cutoff peer ranks and normalization,team 1 minus team 2,132,-1,training-fold preprocessing; unavailable/zero columns audited,no current/future tournament outcomes,candidate; requires ablation
diff_research_peer_season_opp_two_accuracy_zscore,peer_profile,same-season pre-cutoff peer ranks and normalization,team 1 minus team 2,132,-1,training-fold preprocessing; unavailable/zero columns audited,no current/future tournament outcomes,candidate; requires ablation
diff_research_peer_season_opp_two_accuracy_recent_percentile,peer_profile,same-season pre-cutoff peer ranks and normalization,team 1 minus team 2,132,-1,training-fold preprocessing; unavailable/zero columns audited,no current/future tournament outcomes,candidate; requires ablation
diff_research_peer_season_opp_two_accuracy_consistency_percentile,peer_profile,same-season pre-cutoff peer ranks and normalization,team 1 minus team 2,132,-1,training-fold preprocessing; unavailable/zero columns audited,no current/future tournament outcomes,candidate; requires ablation
diff_research_peer_season_free_accuracy_percentile,peer_profile,same-season pre-cutoff peer ranks and normalization,team 1 minus team 2,132,-1,training-fold preprocessing; unavailable/zero columns audited,no current/future tournament outcomes,candidate; requires ablation
diff_research_peer_season_free_accuracy_zscore,peer_profile,same-season pre-cutoff peer ranks and normalization,team 1 minus team 2,132,-1,training-fold preprocessing; unavailable/zero columns audited,no current/future tournament outcomes,candidate; requires ablation
diff_research_peer_season_free_accuracy_recent_percentile,peer_profile,same-season pre-cutoff peer ranks and normalization,team 1 minus team 2,132,-1,training-fold preprocessing; unavailable/zero columns audited,no current/future tournament outcomes,candidate; requires ablation
diff_research_peer_season_free_accuracy_consistency_percentile,peer_profile,same-season pre-cutoff peer ranks and normalization,team 1 minus team 2,132,-1,training-fold preprocessing; unavailable/zero columns audited,no current/future tournament outcomes,candidate; requires ablation
diff_research_peer_season_opp_free_accuracy_percentile,peer_profile,same-season pre-cutoff peer ranks and normalization,team 1 minus team 2,132,-1,training-fold preprocessing; unavailable/zero columns audited,no current/future tournament outcomes,candidate; requires ablation
diff_research_peer_season_opp_free_accuracy_zscore,peer_profile,same-season pre-cutoff peer ranks and normalization,team 1 minus team 2,132,-1,training-fold preprocessing; unavailable/zero columns audited,no current/future tournament outcomes,candidate; requires ablation
diff_research_peer_season_opp_free_accuracy_recent_percentile,peer_profile,same-season pre-cutoff peer ranks and normalization,team 1 minus team 2,132,-1,training-fold preprocessing; unavailable/zero columns audited,no current/future tournament outcomes,candidate; requires ablation
diff_research_peer_season_opp_free_accuracy_consistency_percentile,peer_profile,same-season pre-cutoff peer ranks and normalization,team 1 minus team 2,132,-1,training-fold preprocessing; unavailable/zero columns audited,no current/future tournament outcomes,candidate; requires ablation
diff_research_peer_season_rebound_share_percentile,peer_profile,same-season pre-cutoff peer ranks and normalization,team 1 minus team 2,132,-1,training-fold preprocessing; unavailable/zero columns audited,no current/future tournament outcomes,candidate; requires ablation
diff_research_peer_season_rebound_share_zscore,peer_profile,same-season pre-cutoff peer ranks and normalization,team 1 minus team 2,132,-1,training-fold preprocessing; unavailable/zero columns audited,no current/future tournament outcomes,candidate; requires ablation
diff_research_peer_season_rebound_share_recent_percentile,peer_profile,same-season pre-cutoff peer ranks and normalization,team 1 minus team 2,132,-1,training-fold preprocessing; unavailable/zero columns audited,no current/future tournament outcomes,candidate; requires ablation
diff_research_peer_season_rebound_share_consistency_percentile,peer_profile,same-season pre-cutoff peer ranks and normalization,team 1 minus team 2,132,-1,training-fold preprocessing; unavailable/zero columns audited,no current/future tournament outcomes,candidate; requires ablation
diff_research_peer_season_opp_rebound_share_percentile,peer_profile,same-season pre-cutoff peer ranks and normalization,team 1 minus team 2,132,-1,training-fold preprocessing; unavailable/zero columns audited,no current/future tournament outcomes,candidate; requires ablation
diff_research_peer_season_opp_rebound_share_zscore,peer_profile,same-season pre-cutoff peer ranks and normalization,team 1 minus team 2,132,-1,training-fold preprocessing; unavailable/zero columns audited,no current/future tournament outcomes,candidate; requires ablation
diff_research_peer_season_opp_rebound_share_recent_percentile,peer_profile,same-season pre-cutoff peer ranks and normalization,team 1 minus team 2,132,-1,training-fold preprocessing; unavailable/zero columns audited,no current/future tournament outcomes,candidate; requires ablation
diff_research_peer_season_opp_rebound_share_consistency_percentile,peer_profile,same-season pre-cutoff peer ranks and normalization,team 1 minus team 2,132,-1,training-fold preprocessing; unavailable/zero columns audited,no current/future tournament outcomes,candidate; requires ablation
diff_research_peer_season_shot_volume_percentile,peer_profile,same-season pre-cutoff peer ranks and normalization,team 1 minus team 2,132,-1,training-fold preprocessing; unavailable/zero columns audited,no current/future tournament outcomes,candidate; requires ablation
diff_research_peer_season_shot_volume_zscore,peer_profile,same-season pre-cutoff peer ranks and normalization,team 1 minus team 2,132,-1,training-fold preprocessing; unavailable/zero columns audited,no current/future tournament outcomes,candidate; requires ablation
diff_research_peer_season_shot_volume_recent_percentile,peer_profile,same-season pre-cutoff peer ranks and normalization,team 1 minus team 2,132,-1,training-fold preprocessing; unavailable/zero columns audited,no current/future tournament outcomes,candidate; requires ablation
diff_research_peer_season_shot_volume_consistency_percentile,peer_profile,same-season pre-cutoff peer ranks and normalization,team 1 minus team 2,132,-1,training-fold preprocessing; unavailable/zero columns audited,no current/future tournament outcomes,candidate; requires ablation
diff_research_peer_season_opp_shot_volume_percentile,peer_profile,same-season pre-cutoff peer ranks and normalization,team 1 minus team 2,132,-1,training-fold preprocessing; unavailable/zero columns audited,no current/future tournament outcomes,candidate; requires ablation
diff_research_peer_season_opp_shot_volume_zscore,peer_profile,same-season pre-cutoff peer ranks and normalization,team 1 minus team 2,132,-1,training-fold preprocessing; unavailable/zero columns audited,no current/future tournament outcomes,candidate; requires ablation
diff_research_peer_season_opp_shot_volume_recent_percentile,peer_profile,same-season pre-cutoff peer ranks and normalization,team 1 minus team 2,132,-1,training-fold preprocessing; unavailable/zero columns audited,no current/future tournament outcomes,candidate; requires ablation
diff_research_peer_season_opp_shot_volume_consistency_percentile,peer_profile,same-season pre-cutoff peer ranks and normalization,team 1 minus team 2,132,-1,training-fold preprocessing; unavailable/zero columns audited,no current/future tournament outcomes,candidate; requires ablation
diff_research_peer_season_free_points_share_percentile,peer_profile,same-season pre-cutoff peer ranks and normalization,team 1 minus team 2,132,-1,training-fold preprocessing; unavailable/zero columns audited,no current/future tournament outcomes,candidate; requires ablation
diff_research_peer_season_free_points_share_zscore,peer_profile,same-season pre-cutoff peer ranks and normalization,team 1 minus team 2,132,-1,training-fold preprocessing; unavailable/zero columns audited,no current/future tournament outcomes,candidate; requires ablation
diff_research_peer_season_free_points_share_recent_percentile,peer_profile,same-season pre-cutoff peer ranks and normalization,team 1 minus team 2,132,-1,training-fold preprocessing; unavailable/zero columns audited,no current/future tournament outcomes,candidate; requires ablation
diff_research_peer_season_free_points_share_consistency_percentile,peer_profile,same-season pre-cutoff peer ranks and normalization,team 1 minus team 2,132,-1,training-fold preprocessing; unavailable/zero columns audited,no current/future tournament outcomes,candidate; requires ablation
diff_research_peer_season_opp_free_points_share_percentile,peer_profile,same-season pre-cutoff peer ranks and normalization,team 1 minus team 2,132,-1,training-fold preprocessing; unavailable/zero columns audited,no current/future tournament outcomes,candidate; requires ablation
diff_research_peer_season_opp_free_points_share_zscore,peer_profile,same-season pre-cutoff peer ranks and normalization,team 1 minus team 2,132,-1,training-fold preprocessing; unavailable/zero columns audited,no current/future tournament outcomes,candidate; requires ablation
diff_research_peer_season_opp_free_points_share_recent_percentile,peer_profile,same-season pre-cutoff peer ranks and normalization,team 1 minus team 2,132,-1,training-fold preprocessing; unavailable/zero columns audited,no current/future tournament outcomes,candidate; requires ablation
diff_research_peer_season_opp_free_points_share_consistency_percentile,peer_profile,same-season pre-cutoff peer ranks and normalization,team 1 minus team 2,132,-1,training-fold preprocessing; unavailable/zero columns audited,no current/future tournament outcomes,candidate; requires ablation
diff_research_peer_season_three_points_share_percentile,peer_profile,same-season pre-cutoff peer ranks and normalization,team 1 minus team 2,132,-1,training-fold preprocessing; unavailable/zero columns audited,no current/future tournament outcomes,candidate; requires ablation
diff_research_peer_season_three_points_share_zscore,peer_profile,same-season pre-cutoff peer ranks and normalization,team 1 minus team 2,132,-1,training-fold preprocessing; unavailable/zero columns audited,no current/future tournament outcomes,candidate; requires ablation
diff_research_peer_season_three_points_share_recent_percentile,peer_profile,same-season pre-cutoff peer ranks and normalization,team 1 minus team 2,132,-1,training-fold preprocessing; unavailable/zero columns audited,no current/future tournament outcomes,candidate; requires ablation
diff_research_peer_season_three_points_share_consistency_percentile,peer_profile,same-season pre-cutoff peer ranks and normalization,team 1 minus team 2,132,-1,training-fold preprocessing; unavailable/zero columns audited,no current/future tournament outcomes,candidate; requires ablation
diff_research_peer_season_opp_three_points_share_percentile,peer_profile,same-season pre-cutoff peer ranks and normalization,team 1 minus team 2,132,-1,training-fold preprocessing; unavailable/zero columns audited,no current/future tournament outcomes,candidate; requires ablation
diff_research_peer_season_opp_three_points_share_zscore,peer_profile,same-season pre-cutoff peer ranks and normalization,team 1 minus team 2,132,-1,training-fold preprocessing; unavailable/zero columns audited,no current/future tournament outcomes,candidate; requires ablation
diff_research_peer_season_opp_three_points_share_recent_percentile,peer_profile,same-season pre-cutoff peer ranks and normalization,team 1 minus team 2,132,-1,training-fold preprocessing; unavailable/zero columns audited,no current/future tournament outcomes,candidate; requires ablation
diff_research_peer_season_opp_three_points_share_consistency_percentile,peer_profile,same-season pre-cutoff peer ranks and normalization,team 1 minus team 2,132,-1,training-fold preprocessing; unavailable/zero columns audited,no current/future tournament outcomes,candidate; requires ablation
diff_research_peer_season_possession_gap_percentile,peer_profile,same-season pre-cutoff peer ranks and normalization,team 1 minus team 2,132,-1,training-fold preprocessing; unavailable/zero columns audited,no current/future tournament outcomes,candidate; requires ablation
diff_research_peer_season_possession_gap_zscore,peer_profile,same-season pre-cutoff peer ranks and normalization,team 1 minus team 2,132,-1,training-fold preprocessing; unavailable/zero columns audited,no current/future tournament outcomes,candidate; requires ablation
diff_research_peer_season_possession_gap_recent_percentile,peer_profile,same-season pre-cutoff peer ranks and normalization,team 1 minus team 2,132,-1,training-fold preprocessing; unavailable/zero columns audited,no current/future tournament outcomes,candidate; requires ablation
diff_research_peer_season_possession_gap_consistency_percentile,peer_profile,same-season pre-cutoff peer ranks and normalization,team 1 minus team 2,132,-1,training-fold preprocessing; unavailable/zero columns audited,no current/future tournament outcomes,candidate; requires ablation
diff_research_peer_season_win_percentile,peer_profile,same-season pre-cutoff peer ranks and normalization,team 1 minus team 2,132,-1,training-fold preprocessing; unavailable/zero columns audited,no current/future tournament outcomes,candidate; requires ablation
diff_research_peer_season_win_zscore,peer_profile,same-season pre-cutoff peer ranks and normalization,team 1 minus team 2,132,-1,training-fold preprocessing; unavailable/zero columns audited,no current/future tournament outcomes,candidate; requires ablation
diff_research_peer_season_win_recent_percentile,peer_profile,same-season pre-cutoff peer ranks and normalization,team 1 minus team 2,132,-1,training-fold preprocessing; unavailable/zero columns audited,no current/future tournament outcomes,candidate; requires ablation
diff_research_peer_season_win_consistency_percentile,peer_profile,same-season pre-cutoff peer ranks and normalization,team 1 minus team 2,132,-1,training-fold preprocessing; unavailable/zero columns audited,no current/future tournament outcomes,candidate; requires ablation
diff_coach_known,coach_history,official coach intervals; strictly prior-season outcomes,team 1 minus team 2,132,-1,training-fold preprocessing; unavailable/zero columns audited,strictly prior seasons; fixed prior and smoothing,candidate; requires ablation
diff_coach_tenure,coach_history,official coach intervals; strictly prior-season outcomes,team 1 minus team 2,132,-1,training-fold preprocessing; unavailable/zero columns audited,strictly prior seasons; fixed prior and smoothing,candidate; requires ablation
diff_coach_prior_teams,coach_history,official coach intervals; strictly prior-season outcomes,team 1 minus team 2,132,-1,training-fold preprocessing; unavailable/zero columns audited,strictly prior seasons; fixed prior and smoothing,candidate; requires ablation
diff_coach_prior_seasons,coach_history,official coach intervals; strictly prior-season outcomes,team 1 minus team 2,132,-1,training-fold preprocessing; unavailable/zero columns audited,strictly prior seasons; fixed prior and smoothing,candidate; requires ablation
diff_coach_regular_1_support,coach_history,official coach intervals; strictly prior-season outcomes,team 1 minus team 2,132,-1,training-fold preprocessing; unavailable/zero columns audited,strictly prior seasons; fixed prior and smoothing,candidate; requires ablation
diff_coach_regular_1_win_posterior,coach_history,official coach intervals; strictly prior-season outcomes,team 1 minus team 2,132,-1,training-fold preprocessing; unavailable/zero columns audited,strictly prior seasons; fixed prior and smoothing,candidate; requires ablation
diff_coach_regular_1_margin,coach_history,official coach intervals; strictly prior-season outcomes,team 1 minus team 2,132,-1,training-fold preprocessing; unavailable/zero columns audited,strictly prior seasons; fixed prior and smoothing,candidate; requires ablation
diff_coach_regular_3_support,coach_history,official coach intervals; strictly prior-season outcomes,team 1 minus team 2,132,-1,training-fold preprocessing; unavailable/zero columns audited,strictly prior seasons; fixed prior and smoothing,candidate; requires ablation
diff_coach_regular_3_win_posterior,coach_history,official coach intervals; strictly prior-season outcomes,team 1 minus team 2,132,-1,training-fold preprocessing; unavailable/zero columns audited,strictly prior seasons; fixed prior and smoothing,candidate; requires ablation
diff_coach_regular_3_margin,coach_history,official coach intervals; strictly prior-season outcomes,team 1 minus team 2,132,-1,training-fold preprocessing; unavailable/zero columns audited,strictly prior seasons; fixed prior and smoothing,candidate; requires ablation
diff_coach_regular_5_support,coach_history,official coach intervals; strictly prior-season outcomes,team 1 minus team 2,132,-1,training-fold preprocessing; unavailable/zero columns audited,strictly prior seasons; fixed prior and smoothing,candidate; requires ablation
diff_coach_regular_5_win_posterior,coach_history,official coach intervals; strictly prior-season outcomes,team 1 minus team 2,132,-1,training-fold preprocessing; unavailable/zero columns audited,strictly prior seasons; fixed prior and smoothing,candidate; requires ablation
diff_coach_regular_5_margin,coach_history,official coach intervals; strictly prior-season outcomes,team 1 minus team 2,132,-1,training-fold preprocessing; unavailable/zero columns audited,strictly prior seasons; fixed prior and smoothing,candidate; requires ablation
diff_coach_tournament_1_support,coach_history,official coach intervals; strictly prior-season outcomes,team 1 minus team 2,132,-1,training-fold preprocessing; unavailable/zero columns audited,strictly prior seasons; fixed prior and smoothing,candidate; requires ablation
diff_coach_tournament_1_win_posterior,coach_history,official coach intervals; strictly prior-season outcomes,team 1 minus team 2,132,-1,training-fold preprocessing; unavailable/zero columns audited,strictly prior seasons; fixed prior and smoothing,candidate; requires ablation
diff_coach_tournament_1_margin,coach_history,official coach intervals; strictly prior-season outcomes,team 1 minus team 2,132,-1,training-fold preprocessing; unavailable/zero columns audited,strictly prior seasons; fixed prior and smoothing,candidate; requires ablation
diff_coach_tournament_3_support,coach_history,official coach intervals; strictly prior-season outcomes,team 1 minus team 2,132,-1,training-fold preprocessing; unavailable/zero columns audited,strictly prior seasons; fixed prior and smoothing,candidate; requires ablation
diff_coach_tournament_3_win_posterior,coach_history,official coach intervals; strictly prior-season outcomes,team 1 minus team 2,132,-1,training-fold preprocessing; unavailable/zero columns audited,strictly prior seasons; fixed prior and smoothing,candidate; requires ablation
diff_coach_tournament_3_margin,coach_history,official coach intervals; strictly prior-season outcomes,team 1 minus team 2,132,-1,training-fold preprocessing; unavailable/zero columns audited,strictly prior seasons; fixed prior and smoothing,candidate; requires ablation
diff_coach_tournament_5_support,coach_history,official coach intervals; strictly prior-season outcomes,team 1 minus team 2,132,-1,training-fold preprocessing; unavailable/zero columns audited,strictly prior seasons; fixed prior and smoothing,candidate; requires ablation
diff_coach_tournament_5_win_posterior,coach_history,official coach intervals; strictly prior-season outcomes,team 1 minus team 2,132,-1,training-fold preprocessing; unavailable/zero columns audited,strictly prior seasons; fixed prior and smoothing,candidate; requires ablation
diff_coach_tournament_5_margin,coach_history,official coach intervals; strictly prior-season outcomes,team 1 minus team 2,132,-1,training-fold preprocessing; unavailable/zero columns audited,strictly prior seasons; fixed prior and smoothing,candidate; requires ablation
diff_coach_current_stint_days,coach_history,official coach intervals; strictly prior-season outcomes,team 1 minus team 2,132,-1,training-fold preprocessing; unavailable/zero columns audited,strictly prior seasons; fixed prior and smoothing,candidate; requires ablation
diff_coach_changed_since_prior_season,coach_history,official coach intervals; strictly prior-season outcomes,team 1 minus team 2,132,-1,training-fold preprocessing; unavailable/zero columns audited,strictly prior seasons; fixed prior and smoothing,candidate; requires ablation
diff_coach_prior_tournament_appearances_5,coach_history,official coach intervals; strictly prior-season outcomes,team 1 minus team 2,132,-1,training-fold preprocessing; unavailable/zero columns audited,strictly prior seasons; fixed prior and smoothing,candidate; requires ablation
diff_coach_best_tournament_wins_5,coach_history,official coach intervals; strictly prior-season outcomes,team 1 minus team 2,132,-1,training-fold preprocessing; unavailable/zero columns audited,strictly prior seasons; fixed prior and smoothing,candidate; requires ablation
diff_conference_known,conference,official annual membership and pre-cutoff interconference games,team 1 minus team 2,132,-1,training-fold preprocessing; unavailable/zero columns audited,no current/future tournament outcomes,candidate; requires ablation
diff_conference_teams,conference,official annual membership and pre-cutoff interconference games,team 1 minus team 2,132,-1,training-fold preprocessing; unavailable/zero columns audited,no current/future tournament outcomes,candidate; requires ablation
diff_conference_mean_strength,conference,official annual membership and pre-cutoff interconference games,team 1 minus team 2,132,-1,training-fold preprocessing; unavailable/zero columns audited,no current/future tournament outcomes,candidate; requires ablation
diff_conference_median_strength,conference,official annual membership and pre-cutoff interconference games,team 1 minus team 2,132,-1,training-fold preprocessing; unavailable/zero columns audited,no current/future tournament outcomes,candidate; requires ablation
diff_conference_upper_strength,conference,official annual membership and pre-cutoff interconference games,team 1 minus team 2,132,-1,training-fold preprocessing; unavailable/zero columns audited,no current/future tournament outcomes,candidate; requires ablation
diff_conference_strength_sd,conference,official annual membership and pre-cutoff interconference games,team 1 minus team 2,132,-1,training-fold preprocessing; unavailable/zero columns audited,no current/future tournament outcomes,candidate; requires ablation
diff_conference_team_percentile,conference,official annual membership and pre-cutoff interconference games,team 1 minus team 2,132,-1,training-fold preprocessing; unavailable/zero columns audited,no current/future tournament outcomes,candidate; requires ablation
diff_conference_nonconference_support,conference,official annual membership and pre-cutoff interconference games,team 1 minus team 2,132,-1,training-fold preprocessing; unavailable/zero columns audited,no current/future tournament outcomes,candidate; requires ablation
diff_conference_nonconference_win_posterior,conference,official annual membership and pre-cutoff interconference games,team 1 minus team 2,132,-1,training-fold preprocessing; unavailable/zero columns audited,no current/future tournament outcomes,candidate; requires ablation
diff_conference_nonconference_margin,conference,official annual membership and pre-cutoff interconference games,team 1 minus team 2,132,-1,training-fold preprocessing; unavailable/zero columns audited,no current/future tournament outcomes,candidate; requires ablation
diff_conference_nonconference_opponent_strength,conference,official annual membership and pre-cutoff interconference games,team 1 minus team 2,132,-1,training-fold preprocessing; unavailable/zero columns audited,no current/future tournament outcomes,candidate; requires ablation
diff_conference_nonconference_adjusted_margin,conference,official annual membership and pre-cutoff interconference games,team 1 minus team 2,132,-1,training-fold preprocessing; unavailable/zero columns audited,no current/future tournament outcomes,candidate; requires ablation
pace_strength,interactions,current regular-season compact/detailed results and tournament seeds,antisymmetric interaction; see advanced_features.py,132,-1,training-fold preprocessing; unavailable/zero columns audited,no current/future tournament outcomes,candidate; requires ablation
uncertainty_strength,interactions,current regular-season compact/detailed results and tournament seeds,antisymmetric interaction; see advanced_features.py,132,-1,training-fold preprocessing; unavailable/zero columns audited,no current/future tournament outcomes,candidate; requires ablation
three_variance_strength,interactions,current regular-season compact/detailed results and tournament seeds,antisymmetric interaction; see advanced_features.py,132,-1,training-fold preprocessing; unavailable/zero columns audited,no current/future tournament outcomes,candidate; requires ablation
shooting_style,interactions,current regular-season compact/detailed results and tournament seeds,antisymmetric interaction; see advanced_features.py,132,-1,training-fold preprocessing; unavailable/zero columns audited,no current/future tournament outcomes,candidate; requires ablation
offense_defense,interactions,current regular-season compact/detailed results and tournament seeds,antisymmetric interaction; see advanced_features.py,132,-1,training-fold preprocessing; unavailable/zero columns audited,no current/future tournament outcomes,candidate; requires ablation
recent_offense_defense,interactions,current regular-season compact/detailed results and tournament seeds,antisymmetric interaction; see advanced_features.py,132,-1,training-fold preprocessing; unavailable/zero columns audited,no current/future tournament outcomes,candidate; requires ablation
